split,model,date,feature_date,c_q_realised,pd_q_realised,pd_q_true,pd_a_true,k_irb_true,pd_q_hat,pd_q_hat_std,pd_a_hat,c_q_hat,k_irb_hat,alpha_oracle,alpha_bayes,alpha_hat,utility_oracle,utility_bayes_realised,utility,regret,regret_vs_bayes,regret_irreducible,alpha_oracle_panel,utility_oracle_panel,shortfall_realised_at_hat,shortfall_predicted_at_hat
main,dfl_mlp,2205-01-01,2204-10-01,0.0008024878294395,0.0017833062876433333,0.0014497154844785,0.0057862640709047,0.0594250052790947,0.0031270967796444894,0.0002398606567911731,0.012449836933532632,0.0014071935508400202,0.07962720119449958,0.6972163889528912,0.6956334966137285,0.605545641807886,1.1115372766778813,1.1112840532832766,1.0968722377465152,0.014665038931366059,0.014411815536761408,0.0002532233946046514,0.6972163889528912,1.111537276677881,0.0,0.0
main,dfl_mlp,2205-04-01,2205-01-01,0.0006968617081011,0.001548581573558,0.0016565249886489,0.0066096536793534,0.0628915989438518,0.002338015055283904,0.00011283658360293199,0.009319313426163878,0.0010521067748777567,0.07198411651629477,0.6812524516970497,0.6785568053711748,0.6371417325049173,1.1097030244137276,1.109268940758011,1.1025998143006674,0.007103210113060143,0.006669126457343522,0.00043408365571662166,0.6812524516970497,1.1097030244137271,0.0,0.0
main,dfl_mlp,2205-07-01,2205-04-01,0.0009482242415641,0.0021071649812535553,0.0017457557131661,0.0069647581472165,0.0642674152345095,0.002261871052905917,0.00018056702708129567,0.009016834108967586,0.0010178419738076628,0.07110826465828311,0.6737834300181285,0.6719883783090246,0.6409374274368862,1.1068066384239716,1.106522090852296,1.101599963749183,0.005206674674788747,0.0049221271031130165,0.00028454757167573064,0.6737834224862129,1.1068066372300287,0.0,0.0
main,dfl_mlp,2205-10-01,2205-07-01,0.0009112524565611,0.0020250054590246667,0.0021898492364838,0.0087306662900275,0.0702519328854187,0.004125236906111241,0.00021133227784586218,0.016399122663846133,0.0018563566077500584,0.08677512998768673,0.6478228508229611,0.6446860954032554,0.578170011453284,1.102930937295969,1.1024325461462767,1.091863973491684,0.011066963804285068,0.010568572654592767,0.000498391149692301,0.6478228508229611,1.1029309372959688,0.0,0.0
main,dfl_mlp,2206-01-01,2205-10-01,0.0004936293289645,0.0010969540643655557,0.0015509632264095,0.0061894349015609,0.0611737340599231,0.004485014406964183,0.00043399678934066306,0.017819725968459155,0.0020182564831338822,0.08891222214232969,0.6902865907079035,0.6869226278446524,0.5703386726301629,1.1125606901732845,1.112012149919566,1.093001538039338,0.019559152133946434,0.019010611880228012,0.0005485402537184214,0.6902865907079035,1.112560690173284,0.0,0.0
main,dfl_mlp,2206-04-01,2206-01-01,0.0007512839166638,0.0016695198148084444,0.0014696911287128,0.0058658172561869,0.0597783507512836,0.002638173243030906,0.00016578076168090815,0.010511006621621855,0.0011871779593639077,0.0751723831010199,0.6957507299904833,0.6938571659306645,0.6236398610321338,1.1116590593039117,1.1113551665840946,1.1000861906795596,0.01157286862435214,0.011268975904535017,0.0003038927198171226,0.6957507299904833,1.111659059303911,0.0,0.0
main,dfl_mlp,2206-07-01,2206-04-01,0.00045176561148,0.0010039235810666667,0.0012777982786268,0.005101404846591,0.0561977596479988,0.0033357649110257624,0.0002565373514556685,0.01327644402763073,0.0015010942099615932,0.08130628634603587,0.7150542649393153,0.7122528492145644,0.5989410534345079,1.1168987472373881,1.1164407652285082,1.0979162872645443,0.018982459972843868,0.018524477963963948,0.00045798200887992024,0.7150542649393153,1.1168987472373877,0.0,0.0
main,dfl_mlp,2206-10-01,2206-07-01,0.0003028332747415,0.0006729628327588889,0.0011649386063622,0.0046516182555363,0.053876157827682,0.002678772155195475,0.00011474932148700395,0.010672110537283008,0.0012054474698379638,0.07557437593743602,0.7279133249736172,0.7246699997739845,0.62197129529207,1.1200850748362703,1.119550018070644,1.1026076415675827,0.01747743326868756,0.016942376503061185,0.0005350567656263738,0.7279133249736172,1.1200850748362698,0.0,0.0
main,dfl_mlp,2207-01-01,2206-10-01,0.0007954316007399,0.001767625779422,0.0012117518182834,0.0048382043332297,0.0548604683335161,0.002201820444315672,0.0001720400868248045,0.00877823637196451,0.0009908191999420525,0.07039621513044443,0.7201710495754665,0.7193565238302594,0.644051853533415,1.115260268220975,1.1151299068909533,1.103077719425458,0.012182548795516945,0.012052187465495301,0.0001303613300216444,0.720171049575467,1.115260268220975,0.0,0.0
main,dfl_mlp,2207-04-01,2207-01-01,0.0007431410858784,0.0016514246352853333,0.001331518593322,0.0053154461623787,0.0572438443357052,0.002940574521198869,0.0002843565038666584,0.011710517847275836,0.001323258534539491,0.07802136701006072,0.7082805654554465,0.7067861964690684,0.6119696955229621,1.1137276111113237,1.1134876623915242,1.0982631106073015,0.01546450050402215,0.015224551784222662,0.00023994871979948762,0.7082805654554465,1.1137276111113232,0.0,0.0
main,dfl_mlp,2207-07-01,2207-04-01,0.0007024276249683,0.0015609502777073334,0.0014481957986719,0.0057802117128981,0.0593979503157586,0.003213956579566002,0.00039444603872555977,0.012793981904668295,0.001446280460804701,0.08034032813752151,0.6978348628616068,0.6957698495170735,0.6027268261167686,1.1123344721073503,1.11200205508966,1.0970243870578782,0.015310085049472066,0.01497766803178191,0.0003324170176901564,0.6978348628616068,1.1123344721073505,0.0,0.0
main,dfl_mlp,2207-10-01,2207-07-01,0.0006220513455861,0.0013823363235246665,0.0012755843911195,0.00509258317069,0.0561538671756083,0.0037564600352197886,0.0006746966186664359,0.014941386019291847,0.001690407015848905,0.08437321971101094,0.714408594366542,0.7124839320385421,0.5871586021416353,1.1155766555793392,1.1152652846961446,1.094990217174448,0.02058643840489105,0.0202750675216965,0.00031137088319455053,0.7144085943665418,1.1155766555793392,0.0,0.0
main,dfl_mlp,2208-01-01,2207-10-01,0.0003907099998061,0.0008682444440135555,0.0011645245081456,0.0046499676436905,0.0538673098018926,0.0018740970874205232,5.651271551958128e-05,0.007475341227101806,0.0008433436893392354,0.06613527155831032,0.7274948328859449,0.7247180936847633,0.6632510873073247,1.1193767368646808,1.1189210936766094,1.1088347943456982,0.01054194251898255,0.010086299330911208,0.00045564318807134185,0.7274948328859449,1.1193767368646803,0.0,0.0
main,dfl_mlp,2208-04-01,2208-01-01,0.0004287518516627,0.0009527818925837777,0.0012196872241799,0.0048698303307644,0.0550242554578233,0.0029099675826728343,0.00023040623970041525,0.011589161356382327,0.0013094854122027754,0.0777474941449259,0.7212248892315497,0.7184794204685083,0.6130761357848997,1.118073516323668,1.1176240488196352,1.1003682155275833,0.017705300796084567,0.017255833292051825,0.00044946750403274116,0.7212248892315497,1.1180735163236677,0.0,0.0
main,dfl_mlp,2208-07-01,2208-04-01,0.0005880329061218,0.001306739791381778,0.0014560244098183,0.0058113899394151,0.0595370594745435,0.0031723829451948404,0.00030504238785894564,0.01262927530580904,0.0014275723253376782,0.08000161881526162,0.697714522195388,0.6950692841792353,0.6040630975299981,1.1131132487475257,1.112684403630792,1.0979305105978248,0.015182738149700947,0.014753893032967147,0.0004288451167338003,0.697714522195388,1.1131132487475253,0.0,0.0
main,dfl_mlp,2208-10-01,2208-07-01,0.0010453251462645,0.002322944769476667,0.001718531127541,0.0068564247077144,0.0638546770780435,0.003712135273963213,0.0005738000345235561,0.014766065828341057,0.001670460873283446,0.08406785120708105,0.6752194330282054,0.6739468358363221,0.5883160737770143,1.1063786262228301,1.1061781326730509,1.0926872845358313,0.013691341686998815,0.013490848137219569,0.00020049354977924594,0.6752194330282054,1.10637862622283,0.0,0.0
main,dfl_mlp,2209-01-01,2208-10-01,0.0011823955115599,0.0026275455812442223,0.0026572411813457,0.0105866741417343,0.0753619888610656,0.006673288531601429,0.0012327668086086871,0.026427144184636764,0.0030029798392206433,0.09922092856592953,0.6260000960951488,0.6228519407765263,0.5345898862259928,1.0977662191053954,1.0972745526590506,1.0834901340659775,0.014276085039417907,0.013784418593073111,0.0004916664463447962,0.6260000960951488,1.097766219105395,0.0,0.0
main,dfl_mlp,2209-04-01,2209-01-01,0.0010344878523909,0.002298861894202,0.002461353239573,0.0098091230090389,0.0733427625028005,0.006465847790241242,0.0003520443042345182,0.025613627562892205,0.0029096315056085587,0.09837505395457771,0.6346093640724656,0.6313287107242271,0.5374010360363404,1.1000494163827095,1.0995322045805718,1.0847240256176864,0.01532539076502304,0.014808178962885332,0.000517211802137707,0.6346093640724656,1.1000494163827093,0.0,0.0
main,dfl_mlp,2209-07-01,2209-04-01,0.0006797526245929,0.0015105613879842221,0.0019540884678189,0.0077934729327026,0.0672387884362013,0.004056096496060491,0.000526080763701523,0.016125941123144916,0.001825243423227221,0.08634244576190096,0.6617321572785331,0.6581834052731528,0.5797743502987083,1.1066728607159175,1.1061007931139102,1.093461059487311,0.013211801228606435,0.012639733626599092,0.0005720676020073423,0.6617321572785331,1.106672860715917,0.0,0.0
main,dfl_mlp,2209-10-01,2209-07-01,0.0006289629530819,0.0013976954512931112,0.0014605048692134,0.0058292334869284,0.059616380983446,0.0032571250572800635,0.0002673088430834775,0.012964985152321917,0.0014657062757760285,0.08068709035911305,0.6971296231638364,0.6946703837500444,0.6013635462560227,1.1127330896268646,1.1123354051101872,1.097246721851722,0.015486367775142673,0.015088683258465352,0.0003976845166773213,0.6971296231638364,1.112733089626864,0.0,0.0
main,dfl_mlp,2210-01-01,2209-10-01,0.0006463421328499,0.0014363158507775555,0.0020310829628956,0.0080996135618415,0.068260420214028,0.0027674943208694457,0.00010428622184744768,0.011024107861151489,0.0012453724443912506,0.07643097919418594,0.6574329649687035,0.6535522147620882,0.6184400909400078,1.106199471866905,1.1055725887558494,1.0999006964037408,0.006298775463164263,0.005671892352108632,0.0006268831110556317,0.6574329649687035,1.1061994718669048,0.0,0.0
main,dfl_mlp,2210-04-01,2210-01-01,0.0007475135617334,0.0016611412482964445,0.0014090441214593,0.0056242752399732,0.0586922954116679,0.00467784870415926,0.00046276580722892245,0.018580510174574516,0.002105031916871667,0.08998725310989575,0.7010665491475326,0.6993436661322028,0.5664561237905641,1.1125386127251313,1.1122620471627482,1.090930292450211,0.021608320274920434,0.021331754712537343,0.00027656556238309093,0.7010665491475326,1.112538612725131,0.0,0.0
main,dfl_mlp,2210-07-01,2210-04-01,0.0005459167640541,0.0012131483645646665,0.0013647741265265,0.005447931020297,0.0578737508067706,0.0034503219183534386,0.0002450846054243833,0.01373002350413377,0.0015526448632590473,0.08218079436341984,0.7061166046385651,0.7035317122879059,0.5955451660327147,1.1147727806607874,1.1143526301065516,1.0968004069946096,0.017972373666177877,0.017552223111942045,0.0004201505542358319,0.7061166046385651,1.1147727806607874,0.0,0.0
main,dfl_mlp,2210-10-01,2210-07-01,0.0007803701755043,0.001734155945565111,0.0012679039983543,0.0050619786605703,0.0560011045506529,0.0030280563980340956,0.0002512611395914177,0.012057321813282451,0.001362625379115343,0.07878769678460916,0.7143802349755572,0.7132892875373305,0.6088906254146715,1.114441069182447,1.1142663034412623,1.0975420242274871,0.016899044954959752,0.016724279213775173,0.00017476574118457933,0.7143802349755571,1.1144410691824465,0.0,0.0
main,dfl_mlp,2211-01-01,2210-10-01,0.000641896270103,0.0014264361557844443,0.0013351855393082,0.0053300553525587,0.0573139504114639,0.0038731006905436518,0.00032004940968125836,0.015402629483516339,0.0017428953107446433,0.08515886149108283,0.7084368166840489,0.7064226107077124,0.5841961368591988,1.1144699557005888,1.114144498209598,1.0943950177797603,0.020074937920828484,0.019749480429837707,0.00032545749099077703,0.7084368166840489,1.1144699557005882,0.0,0.0
main,dfl_mlp,2211-04-01,2211-01-01,0.0007431144263626,0.0016513653919168888,0.001663514852878,0.0066374741275165,0.0630018073375688,0.002616106253117323,0.00013088968418331154,0.010423432512712938,0.0011772478139027954,0.07495115334454365,0.6805270752845332,0.6780263958746083,0.6245612771786282,1.1092714537760586,1.1088699225446432,1.1002850896138205,0.00898636416223808,0.008584832930822683,0.00040153123141539737,0.680527075284531,1.109271453776058,0.0,0.0
main,dfl_mlp,2211-07-01,2211-04-01,0.0015581030038577,0.0034624511196837777,0.0032518751068126,0.0129441897154717,0.0806451831033858,0.004069937439635396,0.0005102192866722539,0.016180632803723616,0.001831471847835928,0.08642967603647342,0.6045829072845157,0.6015280468998564,0.5794503932690711,1.0921499039845883,1.0916842853113826,1.0883192320858133,0.003830671898775062,0.0033650532255693477,0.0004656186732057144,0.6045829072845157,1.0921499039845883,0.0,0.0
main,dfl_mlp,2211-10-01,2211-07-01,0.0026557344849771,0.0059016321888379995,0.0052499613971614,0.0208350510606789,0.0929406078216865,0.00690494105219841,0.0006184920229452987,0.02733500953091972,0.0031072234734892848,0.10014438722962546,0.5592955555787201,0.5559790287213248,0.5315456850729414,1.0791082483947767,1.078639150030189,1.0751832330303643,0.003925015364412365,0.0034559169998247263,0.000469098364587639,0.5592955555787201,1.0791082483947765,0.0,0.0
main,dfl_mlp,2212-01-01,2211-10-01,0.0014378412117737,0.0031952026928304443,0.0035021423345872,0.0139351509974449,0.0825662020846223,0.008799400739371776,0.0008460502077958023,0.03473574557309156,0.0039597303327173,0.10709860404552353,0.5980716610338381,0.5940578650694225,0.509459165100707,1.0918767182354008,1.0912601125259114,1.0782639259039426,0.013612792331458179,0.012996186621968775,0.000616605709489404,0.5980716610338381,1.0918767182354003,0.0,0.0
main,dfl_mlp,2212-04-01,2212-01-01,0.0037865039134857,0.008414453141079333,0.0076952541369566,0.0304275341812808,0.1031558223433096,0.0068897207267582415,0.0009341121938796701,0.02727537931563173,0.0031003743270412087,0.10008435279459645,0.5259218193931673,0.5217990779431134,0.5317428021339234,1.0684408153848546,1.0679043025875945,0.9585169919409189,0.1099238234439357,0.10938731064667562,0.0005365127972600803,0.5259218193931673,1.0684408153848544,0.011068133680510073,0.0
main,dfl_mlp,2212-07-01,2212-04-01,0.0035906400196107,0.007979200043579333,0.0080987443177766,0.032003559787484,0.1046264221304256,0.01055302694439888,0.0006910491537493738,0.04154859811852796,0.004748862124979496,0.11296799007483026,0.522419468461004,0.5171404838394064,0.49197198641304857,1.0690082681966504,1.068310948114674,1.0649863506879715,0.004021917508678863,0.003324597426702436,0.0006973200819764269,0.522419468461004,1.0690082681966502,0.0,0.0
main,dfl_mlp,2212-10-01,2212-07-01,0.0035833810075226,0.007963068905605776,0.0098325412636126,0.0387538848972672,0.1106010461167116,0.01131565310060978,0.0013547836887694592,0.044500127582784876,0.005092043895274401,0.11542025688867683,0.5066255740549118,0.4988982243459968,0.48497139365053726,1.0669587718412892,1.0659374774720454,1.0640968213212991,0.002861950519990053,0.0018406561507462449,0.0010212943692438081,0.5066255740549118,1.066958771841289,0.0,0.0
main,dfl_mlp,2213-01-01,2212-10-01,0.0039086469687344,0.00868588215274311,0.0099816797240203,0.0393328834444037,0.111095475619211,0.013914240710437297,0.001807144220967677,0.05450606431835181,0.006261408319696784,0.12344952905273716,0.5045303706275432,0.4974374791723256,0.46323203415195463,1.0650407912275495,1.0641264215499329,1.0597168768764413,0.005323914351108128,0.004409544673491528,0.0009143696776165999,0.5045303706275432,1.0650407912275492,0.0,0.0
main,dfl_mlp,2213-04-01,2213-01-01,0.0041743927081831,0.009276428240406889,0.0113369577564465,0.0445824832427136,0.115488064197259,0.01341259405016899,0.0018965972374064852,0.052580609340737716,0.0060356673225760455,0.12193539650662792,0.49294482600296496,0.4847803134989812,0.46719924385384654,1.0622372778964644,1.0612064586104195,1.0589867417993246,0.0032505360971397668,0.002219716811094896,0.0010308192860448706,0.4929448260029649,1.062237277896464,0.0,0.0
main,dfl_mlp,2213-07-01,2213-04-01,0.0047983793060634,0.010663065124585333,0.01212362983824,0.0476197311872698,0.1179675350378795,0.01762174963951111,0.0033845423886114372,0.06864563381943334,0.007929787337779999,0.13411529525363367,0.4855172269767455,0.4778832137158896,0.43684121897551226,1.0582699359854681,1.0573537306701752,1.05242802613621,0.005841909849258142,0.004925704533965236,0.0009162053152929062,0.4855172269767455,1.058269935985468,0.0,0.0
main,dfl_mlp,2213-10-01,2213-07-01,0.0039303067572897,0.008734015016199333,0.0115570377665713,0.04543291696365,0.1161864342863809,0.01610437035560608,0.0010023722462873062,0.06287801641408142,0.007246966660022736,0.12986421713639024,0.49184341014348043,0.4828199885240951,0.44705047546043053,1.0632987381199515,1.06213745143754,1.0575340248318352,0.00576471328811623,0.004603426605704675,0.0011612866824115553,0.4918434101434804,1.0632987381199517,0.0,0.0
main,dfl_mlp,2214-01-01,2213-10-01,0.0061872697960726,0.013749488435716889,0.0117385525534425,0.0461338995208038,0.1167596237426874,0.015052580088377,0.0013330109040514684,0.0588644304754935,0.00677366103976965,0.12682373631550298,0.4850909819940491,0.4812214636970324,0.4545980640163179,1.0514813971626105,1.0510707356255564,1.048245266046329,0.0032361311162814044,0.0028254695792273576,0.00041066153705404673,0.4850909819940491,1.0514813971626105,0.0,0.0
main,dfl_mlp,2214-04-01,2214-01-01,0.0047419737008155,0.010537719335145556,0.0109894415415203,0.0432384533126755,0.1143774012444716,0.016852463781833648,0.0014477545177194622,0.06572488602708715,0.007583608701825142,0.13198042712414595,0.49426802904372036,0.4879269639349425,0.4419200037384872,1.0595989689305527,1.0588343616320874,1.0532868302721439,0.00631213865840885,0.005547531359943569,0.0007646072984652807,0.4942680290437203,1.0595989689305525,0.0,0.0
main,dfl_mlp,2214-07-01,2214-04-01,0.0033300239103022,0.007400053134004889,0.009384137290108,0.0370114747542517,0.1090986456012922,0.018524779938161373,0.0023580207493774574,0.07206542556577289,0.008336150972172619,0.13656658944061073,0.5111725096665811,0.5033824652916867,0.4311239199832548,1.0688548148291965,1.0678054977145213,1.0580722889387122,0.01078252589048434,0.009733208775809077,0.0010493171146752633,0.5111725096665811,1.0688548148291963,0.0,0.0
main,dfl_mlp,2214-10-01,2214-07-01,0.0040170218103048,0.008926715134010665,0.0090202842526616,0.0355958729830682,0.1078600901628731,0.01371813639998436,0.0015135453185422738,0.053753712902109396,0.006173161379992962,0.12285960049491017,0.5126177962813856,0.5071310733799336,0.46477071107816886,1.0655278210951458,1.0648264545033237,1.0594115386292136,0.00611628246593221,0.005414915874110138,0.0007013665918220724,0.5126177962813856,1.065527821095145,0.0,0.0
main,dfl_mlp,2215-01-01,2214-10-01,0.0036309740744418,0.008068831276537333,0.0084597062618137,0.0334118418759287,0.1059116167965538,0.013144437409937381,0.0010888210443552703,0.05155014656479806,0.005914996834471822,0.12111917822190398,0.5188266835454056,0.5131237441495607,0.46936253547868684,1.0683244204648084,1.0675733988972504,1.0618104739820455,0.006513946482762822,0.0057629249152049145,0.0007510215675579079,0.5188266835453262,1.0683244204647977,0.0,0.0
main,dfl_mlp,2215-04-01,2215-01-01,0.0025935045035372,0.005763343341193778,0.0070215476765622,0.0277917601939782,0.1006014998386742,0.012997927330434322,0.000742606952692863,0.05098678788692046,0.005849067298695445,0.12067120318583914,0.536495063323667,0.5300483988573403,0.4705573168216739,1.076217147009822,1.075301301912741,1.0668497040225473,0.009367442987274766,0.008451597890193785,0.0009158450970809806,0.536495063323667,1.076217147009822,0.0,0.0
main,dfl_mlp,2215-07-01,2215-04-01,0.0035976063031045,0.007994680673565555,0.0080046370081376,0.0316361502085404,0.1042868464580636,0.011412658356130123,0.00128275941758947,0.04487506977414346,0.0051356962602585555,0.11572870897149097,0.5233288041940839,0.5182102867707122,0.4841032401032281,1.0690919290589582,1.0684161622372803,1.0639132156578555,0.005178713401102764,0.004502946579424849,0.0006757668216779145,0.5233288041940839,1.0690919290589582,0.0,0.0
main,dfl_mlp,2215-10-01,2215-07-01,0.0031529693157026,0.007006598479339111,0.0091325255047333,0.0360327236512073,0.1082441728867757,0.011529738456010819,0.0007399435660589342,0.04532745775625846,0.005188382305204868,0.11610001113866161,0.5138821523285972,0.505963576592975,0.4830618192121852,1.0701296550094115,1.0690490045490115,1.0659235946920123,0.0042060603173992295,0.0031254098569992728,0.0010806504603999567,0.5138821523285972,1.0701296550094117,0.0,0.0
main,dfl_mlp,2216-01-01,2215-10-01,0.0026449959232214,0.005877768718269778,0.008665480914103,0.0342139774442236,0.106633059859982,0.012383199483156204,0.0011077272529732465,0.04862030818072971,0.005572439767420292,0.11877574558340938,0.5195397374719778,0.5108912669395597,0.47567233013487414,1.0735408710196432,1.0723166796632002,1.0673314377226992,0.006209433296944011,0.004985241940500984,0.0012241913564430273,0.5195397374719778,1.0735408710196428,0.0,0.0
main,dfl_mlp,2216-04-01,2216-01-01,0.0038919979217381,0.00864888427052911,0.0070311288569164,0.0278292827309405,0.1006388418720538,0.010117645747959614,0.0010080950388911874,0.03986051482227182,0.004552940586581827,0.11154411340861835,0.532677520850931,0.5299263683799893,0.49611841401481077,1.068758025461872,1.0684029066437464,1.0640389751916717,0.0047190502702003645,0.004363931452074699,0.0003551188181256659,0.532677520850931,1.0687580254618716,0.0,0.0
main,dfl_mlp,2216-07-01,2216-04-01,0.0040321920873566,0.008960426860792443,0.0084200413832939,0.0332571657513586,0.1057716572865638,0.009558436274528504,0.0007895907118407004,0.03768904770327264,0.004301296323537827,0.10968559693969868,0.5181243744311547,0.5135587042276201,0.5016223962787072,1.066153124875955,1.0655701888744424,1.0640461840036641,0.0021069408722909078,0.001524004870778306,0.0005829360015126017,0.5181243744311547,1.0661531248759546,0.0,0.0
main,dfl_mlp,2216-10-01,2216-07-01,0.005407167272233,0.012015927271628889,0.0100948439145322,0.0397720449269237,0.1114690133900175,0.012591023743152619,0.0016520919962805683,0.049420850981549025,0.005665960684418679,0.11941944520006763,0.4998096181246565,0.4963387959182521,0.4739243351795244,1.056942473750233,1.056547048781979,1.053993406763185,0.002949066987047999,0.0025536420187939335,0.0003954249682540656,0.4998096181246565,1.0569424737502329,0.0,0.0
main,dfl_mlp,2217-01-01,2216-10-01,0.0043101438593279,0.00957809746517311,0.0105458741541226,0.0415208829346154,0.1129447463768616,0.015153496339917184,0.0025614716457296044,0.05925008061808634,0.006819073352962733,0.12711870854563936,0.4988653436389474,0.4920391848055304,0.4538564170575235,1.062307563756174,1.061454986337946,1.0566860135756935,0.005621550180480606,0.004768972762252632,0.0008525774182279733,0.4988653436389472,1.0623075637561736,0.0,0.0
main,dfl_mlp,2217-04-01,2217-01-01,0.0049331978559829,0.010962661902184223,0.0126503950501893,0.0496494575179297,0.1196027909357486,0.015128886327147484,0.0013075627023407814,0.059156044703822186,0.006807998847216368,0.12704683790177726,0.48138022560669397,0.4734285186226096,0.45403693122877736,1.0571244389331695,1.056180825598296,1.053879664289686,0.0032447746434836056,0.0023011613086101335,0.0009436133348734721,0.4813802256066939,1.057124438933169,0.0,0.0
main,dfl_mlp,2217-07-01,2217-04-01,0.0084237167136759,0.018719370474835333,0.0133153642235001,0.0522070751116849,0.1216399996454025,0.016846896335482597,0.00286251677620643,0.06570372309653538,0.007581103350967169,0.13196482294648385,0.4689030069417206,0.4679801399764894,0.4419574782737065,1.0392766441995305,1.0391993422481665,1.0370196103853,0.0022570338142304802,0.002179731862866463,7.730195136401719e-05,0.4689030069417206,1.0392766441995305,0.0,0.0
main,dfl_mlp,2217-10-01,2217-07-01,0.0069572690619937,0.015460597915541555,0.013595682104932,0.0532836910649493,0.1224899418802012,0.02549049034714699,0.005637785705095206,0.09812919992892533,0.011470720656216146,0.15339243710281494,0.47026245682852,0.4657394172237951,0.394641824848717,1.0462866683280891,1.0458414777095768,1.0388435329886974,0.007443135339391782,0.006997944720879445,0.00044519061851233666,0.47026245682852,1.0462866683280891,0.0,0.0
main,dfl_mlp,2218-01-01,2217-10-01,0.0061071811337095,0.013571513630465555,0.0132836809691059,0.0520853316095115,0.1215436062055758,0.028889723494648932,0.007024312740184852,0.11064694796907781,0.01300037557259202,0.16026940760399783,0.47426903100435613,0.4682354543295355,0.3807541412930469,1.0507127284242068,1.0500675689992094,1.0407133506543653,0.0099993777698415,0.009354218344844067,0.0006451594249974324,0.4742690310043559,1.0507127284242066,0.0,0.0
main,dfl_mlp,2218-04-01,2218-01-01,0.0059824113349678,0.013294247411039555,0.0127321525649841,0.0499641936477274,0.1198548735531024,0.025824689120054246,0.0060237876767650755,0.09936571574185904,0.011621110104024411,0.1541063066739066,0.47838354615177037,0.4727483132706668,0.3931803002818021,1.051749564263893,1.051139967950498,1.0425326275964237,0.009216936667469255,0.008607340354074289,0.0006095963133949667,0.4783835461517703,1.0517495642638923,0.0,0.0
main,dfl_mlp,2218-07-01,2218-04-01,0.0063471422603936,0.014104760578652445,0.0130128191253195,0.0510440610807571,0.1207168025938663,0.02173932231962681,0.0031595294434855516,0.08416257297274088,0.009782695043832064,0.14479499143860913,0.4755927098102585,0.4704354536860975,0.4127395715700927,1.0497130293764054,1.0491739487304796,1.0431430802512827,0.006569949125122765,0.0060308684791969824,0.0005390806459257824,0.4755927098102585,1.0497130293764052,0.0,0.0
main,dfl_mlp,2218-10-01,2218-07-01,0.0046899752080344,0.010422167128965334,0.0125477686893767,0.0492542733826202,0.1192857160382653,0.021898652240633965,0.0030748385806768134,0.08475907925335646,0.009854393508285285,0.14518221806542245,0.48268210391847716,0.4742865508626406,0.41190223240503104,1.0584529224509087,1.0574362188944242,1.049881462462909,0.008571459987999797,0.007554756431515264,0.0010167035564845328,0.4826821039184771,1.0584529224509085,0.0,0.0
main,dfl_mlp,2219-01-01,2218-10-01,0.006111145146037,0.01358032254674889,0.0131564943011989,0.0515964963959921,0.1211559799182809,0.01746950764209032,0.0024802679487068613,0.0680681608834558,0.007861278438940645,0.13369617422001792,0.4751335851888493,0.4692646196164243,0.4378308281228412,1.0507863392832668,1.050159014071801,1.0467991017239546,0.0039872375593121845,0.0033599123478462722,0.0006273252114659122,0.4751335851888493,1.0507863392832664,0.0,0.0
main,dfl_mlp,2219-04-01,2219-01-01,0.0042902758947518,0.009533946432781777,0.0105361460101391,0.0414831879667556,0.1129131261133488,0.02131411209702492,0.0022643742805576947,0.08256922502966146,0.009591350443661214,0.14375197944221824,0.49899351765999916,0.4921306345621208,0.4150065928425174,1.0624227123623389,1.061564184621128,1.0519161797831897,0.01050653257914913,0.009648004837938151,0.0008585277412109793,0.4989935176599991,1.0624227123623384,0.0,0.0
main,dfl_mlp,2219-07-01,2219-04-01,0.0035002291175517,0.007778286927892666,0.0093956833166074,0.0370563700443917,0.1091376487324186,0.015441729128360749,0.0017016551700403167,0.060350905801477395,0.006948778107762337,0.12795742462073315,0.5106264466645237,0.503265181000149,0.4517588395007421,1.0679121474715687,1.0669331160041584,1.060082890594806,0.007829256876762614,0.006850225409352317,0.0009790314674102962,0.5106264466645237,1.0679121474715687,0.0,0.0
main,dfl_mlp,2219-10-01,2219-07-01,0.0050903373546564,0.011311860788125334,0.0103435882516243,0.0407368292866558,0.1122853796261714,0.013307186029851436,0.0007047924143717715,0.05217565137134095,0.005988233713433147,0.12161512461704155,0.4985648321222241,0.4939522350576154,0.4680460024047176,1.0583802599098362,1.0578401403543811,1.0548066079066092,0.0035736520032270125,0.003033532447771936,0.0005401195554550764,0.4985648321222241,1.058380259909836,0.0,0.0
main,dfl_mlp,2220-01-01,2219-10-01,0.0043035994637084,0.009563554363796445,0.0096843052806435,0.0381781307142545,0.1101070870835799,0.014324061945080757,0.0006900460586658334,0.056076889150898146,0.006445827875286341,0.124674181615796,0.5060455042991266,0.5003649697846996,0.4600659266838338,1.0632374731131156,1.0625276107675905,1.0574916809294135,0.005745792183702081,0.005035929838177022,0.0007098623455250586,0.5060455042991266,1.0632374731131156,0.0,0.0
main,dfl_mlp,2220-04-01,2220-01-01,0.0043623409018843,0.009694090893076221,0.0103924286111143,0.0409261769813744,0.1124449405932997,0.013311856426298618,0.0016381996897793113,0.05219359691215264,0.005990335391834379,0.12162933077304058,0.4999817891433946,0.4934881036675071,0.46800838632262304,1.062186030486315,1.06137836802392,1.0582092876414002,0.003976742844914893,0.003169080382519729,0.0008076624623951645,0.4999817891433946,1.0621860304863149,0.0,0.0
main,dfl_mlp,2220-07-01,2220-04-01,0.003335480890617,0.007412179756926666,0.0086492880490941,0.034150873716589,0.1065765615802164,0.015799138322472574,0.0005880003405398753,0.061714589019789434,0.007109612245112658,0.1289896212324327,0.5178340877781505,0.5110655180609966,0.44919979398748827,1.0697238697037883,1.0688125143407898,1.0604825921007544,0.009241277603033948,0.008329922240035481,0.0009113553629984672,0.5178340877781505,1.069723869703788,0.0,0.0
main,dfl_mlp,2220-10-01,2220-07-01,0.0051554074629427,0.011456461028761555,0.0099430023127426,0.0391827516989554,0.1109674887347844,0.011032783426344395,0.0007698767477830606,0.04340615677180448,0.004964752541854978,0.11451646734649353,0.5016985096582591,0.4978148915503654,0.4875310062825214,1.0584207472141933,1.0579685157098335,1.0567709991734149,0.0016497480407784426,0.0011975165364186413,0.0004522315043598013,0.5016985096582591,1.058420747214193,0.0,0.0
main,dfl_mlp,2221-01-01,2220-10-01,0.0033139208184329,0.007364268485406444,0.007936750484019,0.0313710457260171,0.1040406397911217,0.015464524365961551,0.0023083700683210464,0.06043792464486053,0.006959035964682698,0.12802351621779284,0.5247840755087965,0.5189881634761324,0.45159424655926417,1.0707727959553712,1.069991154669352,1.0609023576703838,0.00987043828498746,0.00908879699896814,0.0007816412860193189,0.5247840755087965,1.0707727959553712,0.0,0.0
main,dfl_mlp,2221-04-01,2221-01-01,0.0015885459694439,0.0035301021543197777,0.0041811887070369,0.0166201528763263,0.087119791209568,0.012432355992496013,0.0016277322732794646,0.04880970557957587,0.005594560196623206,0.11892826952201659,0.5817053531891028,0.576896634198034,0.47525711913849217,1.0884858423936443,1.0877543663148592,1.0722935182046969,0.01619232418894745,0.01546084811016235,0.0007314760787850982,0.5817053531891028,1.0884858423936443,0.0,0.0
main,dfl_mlp,2221-07-01,2221-04-01,0.0016085974809919,0.003574661068870889,0.0044907412348634,0.0178423262464708,0.088944809306271,0.008511417824774981,0.0006459128916218316,0.033613467063162816,0.0038301380211487415,0.10609364022860268,0.5755282776392533,0.5702204330485932,0.5125589681013022,1.0874308172668934,1.0866244812300427,1.0778648959915431,0.009565921275350275,0.008759585238499623,0.0008063360368506522,0.5755282776392533,1.0874308172668934,0.0,0.0
main,dfl_mlp,2221-10-01,2221-07-01,0.0025584960356037,0.005685546745786,0.0061930201951051,0.0245429084105865,0.0972320131407778,0.009031402319669724,0.0003552317100510972,0.03563915188814881,0.004064131043851376,0.10789821914952495,0.5464764223088915,0.5412342016383952,0.5070149690458086,1.0778264613476118,1.0770798902830006,1.0722065569167416,0.005619904430870237,0.004873333366258947,0.00074657106461129,0.5464764223088915,1.0778264613476116,0.0,0.0
main,dfl_mlp,2222-01-01,2221-10-01,0.0031631128005086,0.0070291395566857776,0.0054074899248196,0.0214551456410347,0.0937011655021726,0.010459815710783004,0.0006882022560517531,0.041187381944243984,0.004706917069852352,0.11266471249038477,0.5553572340972378,0.5533248895076991,0.49285007804096675,1.0757334395680558,1.0754562910288752,1.067209409205052,0.008524030363003865,0.008246881823823271,0.0002771485391805939,0.5553572340972376,1.0757334395680556,0.0,0.0
main,dfl_mlp,2222-04-01,2222-01-01,0.0019630872144779,0.004362416032173111,0.0047932721910933,0.0190356759972156,0.0906099574522004,0.00780371455475688,0.00034606295709131094,0.030851367666567153,0.003511671549640596,0.10355499394875543,0.5689154414844363,0.564224191420276,0.5205279966473115,1.084409487876414,1.0837134511958433,1.077230284886787,0.007179202989626932,0.006483166309056321,0.0006960366805706109,0.5689154414844363,1.0844094878764134,0.0,0.0
main,dfl_mlp,2222-07-01,2222-04-01,0.0028147491611298,0.0062549981358440004,0.0056226936869955,0.0223017966814504,0.0947091025599066,0.009655331261456013,0.000761345449140487,0.03806556431355079,0.004344899067655206,0.11001023460398202,0.5533303902980419,0.5498347605964738,0.5006534306256565,1.0773846430508807,1.076895770468718,1.070017638106407,0.007367004944473621,0.006878132362311051,0.0004888725821625695,0.5533303902980419,1.0773846430508804,0.0,0.0
main,dfl_mlp,2222-10-01,2222-07-01,0.0016881226944439,0.003751383765430889,0.0036879875088056,0.0146705429840261,0.0838998508957716,0.01007683202624321,0.0008690910914924465,0.03970215544059885,0.004534574411809445,0.11140965066323995,0.5924592615323659,0.5889543094161831,0.496513119338872,1.0895317166881748,1.0890020526247584,1.0750324534004796,0.014499263287695241,0.013969599224278761,0.0005296640634164795,0.5924592615323659,1.0895317166881744,0.0,0.0
main,dfl_mlp,2223-01-01,2222-10-01,0.0019356774978096,0.004301505550688,0.0040615539815936,0.0161475063309413,0.0863768777544712,0.008649214543402195,0.0007743061870299456,0.034150587257254617,0.003892146544530988,0.10657630500869321,0.5830476936962595,0.5796464433760594,0.5110663097404411,1.0866660895325952,1.0861605167158936,1.0759665444798625,0.01069954505273274,0.010193972236031135,0.0005055728167016049,0.5830476936962595,1.0866660895325948,0.0,0.0
main,dfl_mlp,2223-04-01,2223-01-01,0.0014788644027844,0.003286365339520889,0.0030856821733374,0.0122857175163252,0.0792796686436282,0.007085421402007341,0.00034198756988862807,0.028041886752214196,0.0031884396309033035,0.10084983734107346,0.6099103089051213,0.6069268542437875,0.5292376291751395,1.0934451854487501,1.0929880863146055,1.0810852147974122,0.012359970651337981,0.01190287151719338,0.0004570991341446007,0.6099103089051213,1.09344518544875,0.0,0.0
main,dfl_mlp,2223-07-01,2223-04-01,0.0016902507926569,0.003756112872570889,0.0033679948165337,0.0134040716208597,0.0815555442102236,0.006978083401918411,0.00039306409191161904,0.02762152850216404,0.003140137530863285,0.10043169079567993,0.6007961851108956,0.5979701209601801,0.5306038712767418,1.090778796817541,1.090351785611929,1.0801729142343692,0.010605882583171855,0.010178871377559684,0.0004270112056121711,0.6007961851108956,1.0907787968175406,0.0,0.0
main,dfl_mlp,2223-10-01,2223-07-01,0.0013667242067141,0.003037164903809111,0.0046367072795426,0.0184182330688724,0.0897616407115544,0.008731886558234692,0.0006095440987485143,0.034472728442516476,0.003929348951205612,0.10686428316856056,0.5736301133130608,0.5672678369499465,0.5101791451440659,1.088529917420943,1.0875480097630923,1.0787373545099121,0.009792562911030922,0.008810655253180144,0.000981907657850778,0.5736301133130608,1.0885299174209428,0.0,0.0
main,dfl_mlp,2224-01-01,2223-10-01,0.0028178365460098,0.006261858991132889,0.0061273429184266,0.0242850244646584,0.0969511916365109,0.007880720775574446,0.00035615535716148613,0.031152202438127552,0.0035463243490085005,0.10383662323995863,0.5465405846113462,0.5421819839328678,0.5196341523421464,1.076418197882752,1.07580877121158,1.0726560965432355,0.003762101339516599,0.0031526746683445683,0.0006094266711720309,0.5465405846113462,1.0764181978827516,0.0,0.0
main,dfl_mlp,2224-04-01,2224-01-01,0.0021873477432613,0.004860772762802889,0.0049801190098381,0.0197721599715079,0.0915878353104259,0.008702001348137856,0.00048272713203714404,0.034356286523726465,0.003915900606662036,0.10676031657807479,0.5650509743494009,0.5607440461981278,0.5104991369987375,1.0825689339549918,1.0819395775212983,1.0745974636632776,0.007971470291714189,0.007342113858020749,0.0006293564336934399,0.5650509743494009,1.082568933954991,0.0,0.0
main,dfl_mlp,2224-07-01,2224-04-01,0.0012152189238389,0.002700486497419778,0.0025131829266708,0.0100148986301951,0.0738928768563029,0.010271506011486053,0.000432391001441414,0.04045732463355334,0.004622177705168724,0.11204945651017036,0.6316796286658304,0.6290003529239442,0.4946398768172134,1.0984458872302771,1.098028327971477,1.0770885419173557,0.02135734531292144,0.02093978605412139,0.00041755925880004874,0.6316796286658304,1.0984458872302767,0.0,0.0
main,dfl_mlp,2224-10-01,2224-07-01,0.0019554558183624,0.004345457374138667,0.0046166751504994,0.0183392116045747,0.0896510699102683,0.007396836951375008,0.00023288020212042481,0.02926068444904073,0.0033285766281187534,0.10204128176166484,0.5720610182173703,0.5676662591667062,0.5253739945367444,1.0849198505952033,1.0842674686462508,1.0779893747378413,0.006930475857362062,0.006278093908409499,0.0006523819489525629,0.5720610182173703,1.0849198505952031,0.0,0.0
main,dfl_mlp,2225-01-01,2224-10-01,0.0019006095653751,0.004223576811944667,0.0047498862798672,0.0188646047491324,0.0903776305666358,0.008797571249306201,0.0002778976042956127,0.03472861907920288,0.003958907062187791,0.10709226440976209,0.5698712222470277,0.565055462930794,0.5094786222086755,1.0849073383771537,1.084189819594236,1.075909209103818,0.008998129273335653,0.008280610490418061,0.0007175187829175922,0.5698712222470277,1.0849073383771533,0.0,0.0
main,dfl_mlp,2225-04-01,2225-01-01,0.0019270402122806,0.004282311582845778,0.0039103686041324,0.0155499674605078,0.0854046119519452,0.008026858884841203,0.0005318961375852383,0.03172291730369281,0.0036120864981785414,0.10436721023735375,0.5864013903662065,0.5832739878755888,0.5179567864838521,1.0872152429837934,1.0867501056689637,1.077035504571507,0.010179738412286365,0.009714601097456699,0.0004651373148296667,0.5864013903662065,1.0872152429837931,0.0,0.0
main,dfl_mlp,2225-07-01,2225-04-01,0.0018736606783726,0.004163690396383556,0.0051767434096998,0.0205467358060529,0.0925800401505669,0.006321261450648308,0.00038577601495226046,0.025046304476575965,0.0028445676527917383,0.09777386550901272,0.5628928589503607,0.5572435448906751,0.5394121806012001,1.0840192981441403,1.083176062358247,1.0805144924187247,0.0035048057254156717,0.002661569939522268,0.0008432357858934036,0.5628928589503607,1.08401929814414,0.0,0.0
main,dfl_mlp,2225-10-01,2225-07-01,0.0019693196850012,0.004376265966669333,0.004897285663695,0.019445711452724,0.091158741441786,0.008292260393500329,0.00022483872940207982,0.03275874810703072,0.003731517177075148,0.10531870686706184,0.5671247010390745,0.5622674245505276,0.5149704966273627,1.0841084513984978,1.0833880842504653,1.0763736280713658,0.0077348233271319344,0.00701445617909946,0.0007203671480324747,0.5671247010390745,1.084108451398497,0.0,0.0
main,dfl_mlp,2226-01-01,2225-10-01,0.0015423705366202,0.0034274900813782224,0.0033355606369451,0.0132756350807375,0.0813046983083701,0.006776940729469061,0.00042050953062490004,0.026833444230901615,0.0030496233282610776,0.09963675028356858,0.6022388703072548,0.5989472471946402,0.5332159149200191,1.0918873753159253,1.0913851516580717,1.081356108538267,0.010531266777658255,0.010029043119804681,0.0005022236578535733,0.6022388703072548,1.091887375315925,0.0,0.0
main,dfl_mlp,2226-04-01,2226-01-01,0.0014758480354735,0.0032796623010522222,0.0024416843970095,0.0097310248438849,0.0731308564078439,0.00627936739474535,0.0004125733386433733,0.024881875688202326,0.002825715327635408,0.09759777148899958,0.6336866324848455,0.6322294605715882,0.5400033362259621,1.0971071025408683,1.096883803302496,1.0827509318567794,0.014356170684088898,0.01413287144571651,0.00022329923837238752,0.6336866324848455,1.097107102540868,0.0,0.0
main,dfl_mlp,2226-07-01,2226-04-01,0.0009954767940519,0.002212170653448667,0.0027706497227008,0.0110366249081282,0.07646090799584,0.005435876082628965,0.00039224469564719917,0.02156685345802034,0.0024461442371830344,0.09383610527421181,0.6224464651771006,0.6183173072216129,0.5528558381278532,1.0983746960335186,1.0977221023062331,1.0873762292323554,0.01099846680116312,0.010345873073877687,0.0006525937272854332,0.6224464651771006,1.0983746960335186,0.0,0.0
main,dfl_mlp,2226-10-01,2226-07-01,0.0016912387796613,0.0037583083992473332,0.0033405056065738,0.0132952175420376,0.0813431114667043,0.006182684190571308,0.0004593431912525608,0.024502327145138558,0.0027822078857570884,0.0971879710944517,0.601560379067365,0.598797460522202,0.541382686313195,1.0908883212694525,1.0904708785037511,1.081796217363316,0.009092103906136462,0.008674661140435136,0.00041744276570132577,0.601560379067365,1.0908883212694522,0.0,0.0
main,dfl_mlp,2227-01-01,2226-10-01,0.0018246735012702,0.004054830002822666,0.0035139785393191,0.0139819992968164,0.082653374786344,0.006944089382886887,0.0004461615111991921,0.027488372328639543,0.003124840222299099,0.10029840630271743,0.5963809838202385,0.5937222461028868,0.5310404809944798,1.0893099995034177,1.0889118448494988,1.0795250458693486,0.00978495363406906,0.009386798980150157,0.0003981546539189029,0.5963809838202385,1.089309999503417,0.0,0.0
main,dfl_mlp,2227-04-01,2227-01-01,0.0015247780086283,0.0033883955747295554,0.0033345562526668,0.0132716576058801,0.0812968886518752,0.007356800884008407,0.00021638764378284893,0.029104058165694502,0.0033105603978037836,0.10188981363542421,0.6023310091867609,0.5989777096448154,0.5258627707966139,1.0920073987761472,1.0914951748270791,1.080326705609161,0.011680693166986167,0.011168469217918142,0.0005122239490680247,0.6023310091867606,1.092007398776147,0.0,0.0
main,dfl_mlp,2227-07-01,2227-04-01,0.0017542653369632,0.0038983674154737776,0.0044157722306004,0.0175464386891887,0.0885148583836215,0.00682942196726799,0.000286481630779177,0.027039113791646918,0.0030732398852705957,0.09984565013899332,0.576471462320409,0.571783309036736,0.5325276432391721,1.086734366628857,1.0860289995251988,1.080122696209089,0.0066116704197678455,0.005906303316109751,0.0007053671036580944,0.576471462320409,1.0867343666288567,0.0,0.0
main,dfl_mlp,2227-10-01,2227-07-01,0.0024206880921977,0.005379306871550444,0.0047399581351644,0.0188254547915529,0.0903241753578294,0.007135307602584362,0.0003806636287617616,0.028237205239405982,0.003210888421162963,0.10104281592132476,0.5683598694986955,0.5652469704292512,0.5286088937862309,1.0817262383939956,1.0812786249274244,1.0760103216099055,0.005715916784090114,0.00526830331751893,0.00044761346657118395,0.5683598694986955,1.081726238393995,0.0,0.0
main,dfl_mlp,2228-01-01,2227-10-01,0.0016742081926698,0.003720462650377333,0.0035951575984469,0.0143032651497043,0.0832429068790774,0.00891417134553194,0.0004665836287807803,0.03518273773078884,0.004011377105489373,0.10749522916799352,0.594823428755412,0.5914600087450208,0.5082443371815142,1.0899717534547666,1.0894630095463889,1.076875980314621,0.013095773140145539,0.012587029231767799,0.0005087439083777401,0.5948234287554119,1.0899717534547666,0.0,0.0
main,dfl_mlp,2228-04-01,2228-01-01,0.0014512953666645,0.0032251008148099997,0.0045709481873699,0.0181588129226041,0.0893968753793565,0.007449206709861755,0.0004006248827493447,0.029465533122794985,0.00335214301943779,0.10223869334314076,0.5745535733756736,0.568583679772098,0.5247380169764628,1.0881865309377068,1.087270229601569,1.080540488324539,0.007646042613167703,0.006729741277029966,0.000916301336137737,0.5745535733756733,1.0881865309377063,0.0,0.0
main,dfl_mlp,2228-07-01,2228-04-01,0.0025005827328675,0.005556850517483333,0.0042466917475785,0.0168788666662759,0.0875172709768228,0.008045506291091442,0.00026551272114141517,0.03179572309349832,0.0036204778309911487,0.10443456134033587,0.5773076937861726,0.5754331134492855,0.5177444866580423,1.0825516360497445,1.082283581985365,1.0740344445248067,0.008517191524937795,0.00824913746055822,0.0002680540643795748,0.5773076937861726,1.082551636049744,0.0,0.0
main,dfl_mlp,2228-10-01,2228-07-01,0.0024711318790317,0.005491404175626,0.0043296496002135,0.0172064475076019,0.0880117051845162,0.006916935183107853,0.0003526796787422088,0.027381998224595305,0.0031126208323985338,0.10019163540280383,0.5757621284362755,0.5736200181358118,0.5313906279209535,1.082500196074114,1.0821932559141547,1.0761422622819787,0.00635793379213534,0.006050993632175983,0.00030694015995935686,0.5757621284362755,1.082500196074114,0.0,0.0
main,dfl_mlp,2229-01-01,2228-10-01,0.0018600423621599,0.004133427471466444,0.0040174313213095,0.0159731458596373,0.0860971052667007,0.009366797842085361,0.00041838819996375894,0.03694404951498098,0.004215059028938413,0.10904003875137708,0.5842583839202657,0.5806869080287207,0.5035587854688521,1.0872879550532168,1.0867543780679738,1.0752314692306686,0.012056485822548257,0.011522908837305224,0.0005335769852430339,0.5842583839202655,1.0872879550532164,0.0,0.0
main,dfl_mlp,2229-04-01,2229-01-01,0.0016775758728715,0.003727946384158889,0.0045620485476989,0.0181236998225893,0.0893471081516788,0.007454946078360081,0.0005939018659059851,0.029487981169460498,0.0033547257352620364,0.10226027951977022,0.5739714763486244,0.5687635403468155,0.524668548191292,1.08679840102218,1.0860108348517168,1.0793426031191347,0.0074557979030454025,0.0066682317325821305,0.0007875661704632719,0.5739714763486244,1.0867984010221798,0.0,0.0
main,dfl_mlp,2229-07-01,2229-04-01,0.0014720035138763,0.003271118919725111,0.0035346807065309,0.0140639355125881,0.0828050909871248,0.008539485186338425,0.00035312451575318204,0.03372288947706059,0.003842768333852291,0.10619222989477171,0.5970965708711476,0.5931388142850608,0.5122534922511783,1.0915229414018945,1.0909162966114494,1.0785181972923066,0.013004744109587962,0.012398099319142819,0.0006066447904451433,0.5970965708711476,1.091522941401894,0.0,0.0
main,dfl_mlp,2229-10-01,2229-07-01,0.0015026799857282,0.003339288857173778,0.0048062865127658,0.0190869872855509,0.09067924890128,0.006817916594445706,0.000520717518873049,0.026994027992665925,0.0030680624675005676,0.09979994554531937,0.5701841682190165,0.563976597009462,0.5326781150173863,1.0872228968831767,1.0862733048501372,1.0814854759002004,0.00573742098297636,0.00478782894993679,0.0009495920330395702,0.5701841682190165,1.0872228968831763,0.0,0.0
main,dfl_mlp,2230-01-01,2229-10-01,0.0018668167095722,0.004148481576827111,0.0058277300391131,0.0231079360742196,0.0956391648027411,0.007432784512639045,0.0003473504420467903,0.029401299819680538,0.0033447530306875703,0.10217687533169531,0.5533851130279206,0.5466417365246962,0.5249370411953423,1.0826380128291193,1.0816310124572102,1.078389810521049,0.004248202308070326,0.0032412019361611755,0.0010070003719091503,0.5533851130279206,1.0826380128291135,0.0,0.0
main,dfl_mlp,2230-04-01,2230-01-01,0.0036341124563846,0.008075805458632445,0.0076324781092447,0.030182159222402,0.1029233955316546,0.009380287118256092,0.00029264309244425726,0.036996503490136834,0.004221129203215241,0.10908563557810241,0.5269883678982613,0.52254144981748,0.503421596747404,1.0693826958854193,1.0687972196517466,1.0662799212980363,0.0031027745873830614,0.0025172983537102844,0.000585476233672777,0.5269883678982612,1.0693826958854191,0.0,0.0
main,dfl_mlp,2230-07-01,2230-04-01,0.0040387497928598,0.008974999539688444,0.0066687260879926,0.0264092572122824,0.0992025240867073,0.010679916478693485,0.000656840980798289,0.04204016184040782,0.004805962415412069,0.1133795418971607,0.5363619198144531,0.5346508196759159,0.4907847713092807,1.068446486603343,1.0682281288333697,1.062630272645318,0.005816213958024896,0.005597856188051642,0.00021835776997325418,0.5363619198144531,1.068446486603343,0.0,0.0
main,dfl_mlp,2230-10-01,2230-07-01,0.0048707923978212,0.010823983106269334,0.0093540633518321,0.0368945286102938,0.1089969710115743,0.009036116860806942,0.00040724960277926676,0.035657503575397764,0.004066252587363124,0.10791438186940927,0.5074396628830147,0.5036884225202137,0.5069657666069922,1.060533530841111,1.0600860375905756,1.0604769987705254,5.6532070585646466e-05,-0.0003909611799497448,0.00044749325053539124,0.5074396628830147,1.060533530841111,0.0,0.0
main,dfl_mlp,2231-01-01,2230-10-01,0.0036196743179661,0.008043720706591333,0.0088857144762442,0.0350719224595272,0.1073970843303483,0.012470444105565548,0.0005841576372510344,0.048956437594774416,0.005611699847504497,0.11904633472796217,0.514888619706867,0.5085444950487521,0.47493615135536527,1.067863996977094,1.0670278206854802,1.0625981315303545,0.0052658654467394594,0.004429689155125649,0.0008361762916138105,0.514888619706867,1.067863996977094,0.0,0.0
main,dfl_mlp,2231-04-01,2231-01-01,0.0048408519346186,0.010757448743596888,0.0097656904415081,0.0384942657772362,0.1103786008357917,0.0110119741410017,0.0007998331323920042,0.043325641817645755,0.004955388363450766,0.11444971879900222,0.5039828371621351,0.4995578308998263,0.48772098640105693,1.0602720537203298,1.0597428606695174,1.058327274909641,0.0019447788106887742,0.0014155857598763255,0.0005291930508124487,0.5039828371621351,1.0602720537203294,0.0,0.0
main,dfl_mlp,2231-07-01,2231-04-01,0.0062192917479138,0.013820648328697335,0.0117782953541331,0.0462873286511197,0.1168847930859827,0.013299403712153435,0.0006449142111981992,0.05214574801188809,0.005984731670469046,0.1215914495698059,0.48472137143116883,0.480873627050102,0.4681087020830717,1.051286954146643,1.050879835539396,1.0495292160700371,0.0017577380766058415,0.0013506194693588824,0.00040711860724695903,0.4847213714311688,1.0512869541466427,0.0,0.0
main,dfl_mlp,2231-10-01,2231-07-01,0.0049703511880945,0.01104522486243222,0.0119525543067854,0.046959845827979,0.1174322400158687,0.015671177580952645,0.001758528026130071,0.06122652964593667,0.007052029911428691,0.128621070110911,0.486375187600047,0.4793575276945168,0.4501107040034142,1.0575364766013322,1.0567063120796936,1.0532465155483994,0.004289961052932778,0.0034597965312941348,0.0008301645216386433,0.486375187600047,1.0575364766013318,0.0,0.0
main,dfl_mlp,2232-01-01,2231-10-01,0.0052027089783526,0.011561575507450222,0.009941802823989,0.0391780954354038,0.1109635168885766,0.015380246192216873,0.002918652495683826,0.06011616988475632,0.006921110786497593,0.1277789882197302,0.5015894637656444,0.4978266170834228,0.452203718535928,1.0581707898468224,1.0577344015663863,1.0524433812493228,0.00572740859749965,0.005291020317063522,0.00043638828043612854,0.5015894637656444,1.0581707898468222,0.0,0.0
main,dfl_mlp,2232-04-01,2232-01-01,0.0044125083999611,0.009805574222135778,0.0086027519941566,0.0339695051155335,0.106413938037925,0.011764481104910374,0.001226564531881047,0.04623400012889067,0.005294016497209669,0.11684129867119913,0.5153936542366894,0.5115676332270597,0.480994447013596,1.0638443456257034,1.0633703975945197,1.0595831467204628,0.004261198905240571,0.0037872508740568467,0.0004739480311837241,0.5153936542366894,1.0638443456257032,0.0,0.0
main,dfl_mlp,2232-07-01,2232-04-01,0.0021369883183396,0.004748862929643556,0.0061799862869726,0.0244917344160444,0.0971764659515752,0.011319822072982788,0.0022509604469905203,0.04451624365618123,0.0050939199328422545,0.11543352851484397,0.5479048120060066,0.5414214851515236,0.48493398430137896,1.0803393465888202,1.079388695614787,1.0711059267664524,0.009233419822367805,0.008282768848334454,0.0009506509740333513,0.5479048120060066,1.08033934658882,0.0,0.0
main,dfl_mlp,2232-10-01,2232-07-01,0.0023603445882682,0.005245210196151556,0.0066272041466405,0.0262464599116479,0.0990346262653276,0.010074642859399319,0.0015951113588896226,0.039693660804881015,0.004533589286729694,0.11140243336423616,0.5417265608266033,0.535207172052351,0.4965343206395861,1.0782234486571871,1.0772820713832336,1.0716978449013397,0.006525603755847431,0.005584226481893939,0.000941377273953492,0.5417265608266033,1.078223448657187,0.0,0.0
main,dfl_mlp,2233-01-01,2232-10-01,0.0024428811940583,0.00542862487568511,0.0050144521129601,0.0199074437878018,0.0917637035191603,0.009451249800622463,0.0002869228400279038,0.03727241146057214,0.004253062410280109,0.10932511055858246,0.5636769267292787,0.5601213463520888,0.5027021270177792,1.0809277660522034,1.0804172871532092,1.0721735416159386,0.008754224436264835,0.008243745537270586,0.0005104788989942488,0.5636769267292787,1.0809277660522032,0.0,0.0
main,dfl_mlp,2233-04-01,2233-01-01,0.002724141828613,0.006053648508028889,0.005471034145765,0.0217051974400508,0.0940023769312509,0.010170302540063857,0.0006438560355667236,0.04006479700206644,0.004576636143028736,0.11171733545970827,0.5557824356133438,0.552278647660851,0.49561073565972036,1.0782311473784145,1.0777379591555951,1.06976146423363,0.008469683144784579,0.007976494921965172,0.0004931882228194073,0.5557824356133438,1.078231147378414,0.0,0.0
main,dfl_mlp,2233-07-01,2233-04-01,0.0026026685458925,0.005783707879761111,0.0057086402020389,0.0226397724541536,0.0951023756538062,0.009299589693546296,0.0004424182176708114,0.03668267408634507,0.004184815362095833,0.10881249605156602,0.5527761729041067,0.5484813947878082,0.504244348203251,1.0784794654665264,1.077869721582137,1.0715892414530195,0.006890224013506918,0.006280480129117416,0.000609743884389502,0.5527761729041061,1.078479465466526,0.0,0.0
main,dfl_mlp,2233-10-01,2233-07-01,0.0035985482213994,0.007996773825332,0.0066542209192359,0.0263523883399297,0.0991439536944596,0.008533108979463577,0.00044803875534965267,0.033698032240293996,0.00383989904075861,0.10616984541826952,0.5378006447351964,0.5348448031175896,0.5123228232143912,1.0709974927797201,1.0706072787739198,1.067634050457413,0.0033634423223070087,0.002973228316506704,0.0003902140058003045,0.5378006447351811,1.070997492779718,0.0,0.0
main,dfl_mlp,2234-01-01,2233-10-01,0.0051606744094666,0.011468165354370221,0.0113273821460697,0.0445454682500978,0.115457591933787,0.009805906563997269,0.0004067429976127029,0.038650453768099946,0.004412657953798771,0.11051248133765788,0.4906331500421575,0.4848661688235097,0.49916065865480347,1.057106389788497,1.056435152067713,0.8842929269028212,0.17281346288567567,0.17214222516489186,0.0006712377207838127,0.4906331500421575,1.0571063897884967,0.017380600737786245,0.0
main,dfl_mlp,2234-04-01,2234-01-01,0.0053658521602656,0.011924115911701333,0.0106496689728015,0.0419230016807231,0.1132815718897174,0.01568604577332735,0.0020990719067535963,0.06128324869343582,0.007058720597997307,0.12866395067427924,0.4954237006631628,0.4910669342899716,0.45000456060911526,1.0566474783669093,1.0561493192587663,1.0514541867455933,0.005193291621315987,0.004695132513172995,0.0004981591081429926,0.4954237006631628,1.056647478366909,0.0,0.0
main,dfl_mlp,2234-07-01,2234-04-01,0.0045027615954911,0.010006136878869112,0.0086050455954279,0.0339784447452801,0.1064219621359022,0.013984833285212517,0.0024001565090454326,0.05477678188547619,0.006293174978345633,0.12366126769050341,0.5151327350561902,0.5115428397498302,0.4626819271210115,1.063347100529527,1.0629056425452312,1.056897099632647,0.0064500008968799705,0.006008542912584236,0.00044145798429573446,0.5151327350561902,1.0633471005295267,0.0,0.0
main,dfl_mlp,2234-10-01,2234-07-01,0.0037329599696481,0.008295466599218,0.0067379438961675,0.0266805978034244,0.0994808183439256,0.012157842330634595,0.0011825774593087644,0.04775165704791973,0.005471029048785568,0.11807433376300436,0.5364410340020809,0.5337305340964901,0.47759002303150483,1.0700969646522855,1.069742782544599,1.0624068794904935,0.007690085161792037,0.007335903054105586,0.00035418210768645153,0.5364410340020809,1.070096964652285,0.0,0.0
main,dfl_mlp,2235-01-01,2234-10-01,0.003807731833345,0.008461626296322222,0.0073683232024039,0.0291491369106027,0.1019334553077503,0.012549689225852489,0.0006592899202671564,0.04926166993897896,0.00564736015163362,0.11929165638122737,0.5292652209141258,0.5257218710717935,0.4742704508137424,1.0687635568140021,1.0683031953004036,1.061618488804925,0.007145068009077216,0.006684706495478698,0.0004603615135985173,0.5292652209141258,1.068763556814002,0.0,0.0
main,dfl_mlp,2235-04-01,2235-01-01,0.00179708592491,0.003993524277577778,0.0055657483819434,0.0220778168909658,0.0944456973988817,0.010852775350213052,0.00018082295241998966,0.042709504209423654,0.004883748907595874,0.11393784574021043,0.5572806971145017,0.5507438444914083,0.4891822157682386,1.0836083441451512,1.0826276257628928,1.07339158750233,0.010216756642821068,0.00923603826056274,0.0009807183822583276,0.5572806971145013,1.0836083441451507,0.0,0.0
main,dfl_mlp,2235-07-01,2235-04-01,0.004168831082167,0.009264069071482223,0.00697493719806,0.0276092052477145,0.1004193727061163,0.009840929508209228,0.00042419042944633685,0.03878645742830433,0.004428418278694153,0.11062892158457939,0.5325148082951805,0.5306442019652371,0.4988156688769813,1.0672628449482389,1.0670265655029154,1.06300624972447,0.004256595223768755,0.004020315778445305,0.0002362794453234507,0.5325148082951805,1.0672628449482384,0.0,0.0
main,dfl_mlp,2235-10-01,2235-07-01,0.0036784576289806,0.008174350286623555,0.0083674301742641,0.0330519758140518,0.1055855514386624,0.01055274773389101,0.0006150828055269274,0.04154751626240749,0.004748736480250954,0.11296708284258626,0.5195776603398118,0.5141380095416529,0.4919746096863878,1.0681766028518396,1.0674628367675234,1.0645546568646567,0.0036219459871829063,0.0029081799028667366,0.0007137660843161697,0.5195776603398118,1.0681766028518394,0.0,0.0
main,dfl_mlp,2236-01-01,2235-10-01,0.0045364498448368,0.010080999655192888,0.0100811247822602,0.0397188124809408,0.1114238016481352,0.010684694536030293,0.00037211353023764473,0.042058668101223384,0.004808112541213632,0.11339501015009505,0.5021082151070005,0.4964715554457489,0.49074024736718275,1.0615762927928418,1.0608850382082078,1.0601821763674464,0.001394116425395442,0.000702861840761404,0.0006912545846340379,0.5021082151070005,1.0615762927928412,0.0,0.0
main,dfl_mlp,2236-04-01,2236-01-01,0.0045641906571081,0.010142645904684666,0.0092111291844749,0.0363385662034934,0.1085120581219707,0.015136032178997994,0.0013066318079617244,0.059183350036490556,0.006811214480549097,0.12706771070795073,0.5094859889983456,0.505151964619149,0.4539844936988782,1.0623397342425847,1.0618094312826716,1.0555486770952878,0.006791057147296886,0.00626075418738381,0.000530302959913076,0.5094859889983456,1.0623397342425849,0.0,0.0
main,dfl_mlp,2236-07-01,2236-04-01,0.0032992741338405,0.007331720297423333,0.0089631019577513,0.03537325847865,0.1076636889718824,0.0146521907299757,0.0007711914963505149,0.05733317919190417,0.006593485828489065,0.1256467171566358,0.5150312806061431,0.5077298258757282,0.45757815747209823,1.069532961319606,1.0685472119322108,1.0617763726637317,0.0077565886558743635,0.006770839268479101,0.0009857493873952627,0.5150312806061431,1.0695329613196058,0.0,0.0
main,dfl_mlp,2236-10-01,2236-07-01,0.0051022336594193,0.011338297020931778,0.0114142706015233,0.0448813004507333,0.115733829228898,0.011504153907299041,0.000415038242028303,0.045228614865745254,0.005176869258284569,0.11601896439742018,0.4901094339921516,0.4840888499568692,0.4832888008013834,1.0573318564015446,1.0566275825487583,1.0565339946679404,0.0007978617336041882,9.358788081792468e-05,0.0007042738527862635,0.4901094339921516,1.057331856401544,0.0,0.0
main,dfl_mlp,2237-01-01,2236-10-01,0.0047004521904743,0.010445449312165112,0.0108195988349223,0.0425810656519917,0.1138308968506828,0.01595443356782198,0.0011578927081875394,0.06230665019403647,0.007179495105519892,0.1294353961997949,0.49570876958118226,0.4894884922967146,0.44810214732517484,1.0599785195714868,1.0592258941475674,1.0542183335511208,0.005760186020365987,0.005007560596446581,0.0007526254239194063,0.4957087695811822,1.0599785195714866,0.0,0.0
main,dfl_mlp,2237-04-01,2237-01-01,0.0045775129026402,0.010172250894756001,0.0110897928588626,0.0436267107230041,0.1146991465472247,0.013486558571457863,0.0012293708701094817,0.0528646897631021,0.006068951357156039,0.12215969063807125,0.4938840776621713,0.4870117286371358,0.46660783214098767,1.0603649176681733,1.0595249456953026,1.0570310820787026,0.003333835589470757,0.0024938636166000894,0.0008399719728706678,0.4938840776621713,1.060364917668173,0.0,0.0
main,dfl_mlp,2237-07-01,2237-04-01,0.0034559197131993,0.007679821584887333,0.009110400476792,0.0359466232681614,0.1081686092812725,0.014773770608007908,0.0021149983556123433,0.05779834735154055,0.006648196773603559,0.12600525296476758,0.5132823902333835,0.5061929093952473,0.4566668460962829,1.0684928142507524,1.067546788235794,1.0609379905862886,0.007554823664463806,0.0066087976495055045,0.0009460260149583011,0.5132823902333835,1.0684928142507522,0.0,0.0
main,dfl_mlp,2237-10-01,2237-07-01,0.003104955676038,0.006899901502306666,0.0081566321457978,0.0322295109331806,0.1048343378921349,0.013394608907401562,0.0005905512589500024,0.05251152295735162,0.006027574008330703,0.12188080257537216,0.5231786584983981,0.5164872123890646,0.46734339351537624,1.0716495491748654,1.0707331526642776,1.0640028848870389,0.007646664287826566,0.00673026777723873,0.0009163965105878358,0.5231786584983981,1.071649549174865,0.0,0.0
main,dfl_mlp,2238-01-01,2237-10-01,0.0037580333020298,0.008351185115621778,0.0082386012367719,0.0325493898035191,0.1051275286837905,0.011426960304379463,0.0006522954911994446,0.04493033995743656,0.005142132136970758,0.11577412276662166,0.520601327414332,0.5155682715199725,0.4839756523573306,1.067896651750568,1.0672402422769354,1.063119943406727,0.0047767083438408076,0.004120298870208261,0.0006564094736325465,0.520601327414332,1.067896651750568,0.0,0.0
main,dfl_mlp,2238-04-01,2238-01-01,0.0024730916665178,0.005495759258928444,0.006915220209022,0.0273752796768791,0.1001848829299863,0.011489509977400303,0.0002600439232180014,0.04517203631365785,0.005170279489830136,0.11597255257838895,0.5380452413300455,0.531412784767833,0.4834188674800564,1.0770852485180187,1.0761350225460922,1.0692589780106254,0.007826270507393263,0.006876044535466752,0.0009502259719265105,0.5380452413300455,1.0770852485180185,0.0,0.0
main,dfl_mlp,2238-07-01,2238-04-01,0.0017940448774387,0.0039867663943082225,0.0039871407589902,0.0158534325735993,0.0859031690689935,0.008312493748962878,0.000577202226530706,0.032837682399307844,0.0037406221870332954,0.10539064353715069,0.5851470402411508,0.5814097464983378,0.5147458561489826,1.0878069022595829,1.0872460856377375,1.0772425321689603,0.01056437009062261,0.010003553468777238,0.0005608166218453725,0.5851470402411508,1.0878069022595822,0.0,0.0
main,dfl_mlp,2238-10-01,2238-07-01,0.0014699578999912,0.0032665731110915557,0.0033966773781348,0.0135176416316968,0.081775223846883,0.007217084802687168,0.0004892607637952863,0.02855732226482277,0.0032476881612092255,0.10135736390313115,0.6007984039241466,0.5971164016421722,0.5275865128123667,1.0921026482577525,1.0915381957578023,1.0808792345281042,0.011223413729648302,0.010658961229698116,0.0005644524999501854,0.6007984039241466,1.0921026482577525,0.0,0.0
main,dfl_mlp,2239-01-01,2238-10-01,0.0031605397070421,0.007023421571204667,0.0058779313889897,0.0233052362297071,0.0958627298561259,0.0061859477311372755,0.0005696319681194443,0.02451514060892168,0.002783676479011774,0.09720188323667003,0.5487773260908494,0.5458781240940797,0.5413357765612659,1.0748502654889176,1.0744548299837553,1.073835278295649,0.001014987193268535,0.0006195516881062346,0.0003954355051623004,0.5487773260908494,1.0748502654889174,0.0,0.0
main,dfl_mlp,2239-04-01,2239-01-01,0.001808922727313,0.004019828282917778,0.0043456023950406,0.0172694319164377,0.088105671417846,0.011599479243159294,0.0008246647568029617,0.04559685410038106,0.0052197656594216825,0.11632068046461234,0.5776520449831434,0.5732763703220943,0.48244475957802496,1.0865962644306797,1.0859403036610402,1.0723236667063707,0.014272597724309,0.013616636954669525,0.0006559607696394743,0.5776520449831434,1.0865962644306792,0.0,0.0
main,dfl_mlp,2239-07-01,2239-04-01,0.0016510262862895,0.0036689473028655556,0.0033085383950997,0.0131686197693908,0.0810937002147678,0.007541272509843111,0.0007839948346889122,0.029825577571212625,0.0033935726294294,0.10258382178685813,0.6026102914163416,0.5997710566223435,0.5236290260770824,1.0912892746427758,1.0908591597101622,1.0793244235177755,0.011964851125000342,0.011534736192386763,0.0004301149326135789,0.6026102914163416,1.0912892746427754,0.0,0.0
main,dfl_mlp,2239-10-01,2239-07-01,0.0006819681365356,0.001515484747856889,0.00175681394881,0.007008759103099,0.0644333544222046,0.007225417997688055,0.0003181345455091277,0.028589938133682935,0.003251438098959625,0.1013892940761662,0.6742391643739121,0.671203858802061,0.5274828986372333,1.1086740833497433,1.1081848518305182,1.0850198616766749,0.02365422167306841,0.023164990153843323,0.0004892315192250862,0.6742391643739121,1.1086740833497428,0.0,0.0
main,dfl_mlp,2240-01-01,2239-10-01,0.0005571494075212,0.0012381097944915555,0.0014298252670594,0.0057070463548332,0.0590689320086603,0.0058440911583602425,0.0006437245688735808,0.02317224144054908,0.002629841021262109,0.09571219968993137,0.7001522235459577,0.6974319919283578,0.5463921093823854,1.113724679590488,1.1132828364330718,1.0887496539760741,0.024975025614413893,0.02453318245699765,0.000441843157416244,0.7001522235459577,1.113724679590488,0.0,0.0
main,dfl_mlp,2240-04-01,2240-01-01,0.0005559918957554,0.001235537546123111,0.0024174008543361,0.0096345969293395,0.0728667909983727,0.0037996289785951374,0.00044907269179085763,0.015112112047414028,0.001709833040367812,0.08466696521019078,0.6384767054509335,0.6333549478507039,0.5860483689821787,1.1037142077771636,1.102882229057502,1.0951977445522585,0.008516463224905069,0.007684484505243505,0.0008319787196615636,0.6384767054509335,1.1037142077771631,0.0,0.0
main,dfl_mlp,2240-07-01,2240-04-01,0.001281294377046,0.0028473208378799997,0.0026577341730329,0.0105886304287937,0.0753668720586639,0.005738122016191482,0.000912054710954009,0.022755686449643653,0.002582154907286167,0.09523612653210797,0.6255936451350714,0.6228316657072996,0.5480221911345142,1.0970840361844192,1.0966554127276569,1.0850459505906276,0.012038085593791603,0.011609462137029292,0.0004286234567623115,0.6255936451350714,1.097084036184419,0.0,0.0
main,dfl_mlp,2240-10-01,2240-07-01,0.0018758959991896,0.004168657775976889,0.0033061725230243,0.0131592498682384,0.0810751387200308,0.0067032137885689735,0.0007574079216517834,0.026544459468757275,0.0030164462048560383,0.09934143004027272,0.6018620221094914,0.5998436149359492,0.5341911812714768,1.089822514121001,1.0895212849352616,1.0797232474561127,0.010099266664888251,0.009798037479148869,0.0003012291857393823,0.6018620221094904,1.0898225141210007,0.0,0.0
main,dfl_mlp,2241-01-01,2240-10-01,0.0009981553997542,0.0022181231105648886,0.0023611887225407,0.0094113562424918,0.0722449143480662,0.00762768629938364,0.0003249364321659858,0.030163427386665553,0.003432458834722638,0.10290561101747595,0.6392101525850432,0.6360188922551497,0.5225983199120035,1.1010069949804826,1.1005027169823631,1.0825801743959902,0.01842682058449241,0.017922542586372936,0.0005042779981194734,0.6392101525850429,1.1010069949804824,0.0,0.0
main,dfl_mlp,2241-04-01,2241-01-01,0.0021607777085731,0.004801728241273556,0.0041019542810519,0.0163071367459547,0.086630275945369,0.0055796409957110885,0.00033579961095988643,0.022132463482091635,0.00251083844806999,0.09451017183834767,0.5814255852491063,0.5787063970552789,0.5505211295121815,1.0851161838838466,1.0847181158796295,1.0805920119105623,0.004524171973284252,0.0041261039690672074,0.0003980680042170448,0.5814255852491063,1.085116183883846,0.0,0.0
main,dfl_mlp,2241-07-01,2241-04-01,0.0021400682052526,0.004755707122783555,0.0056832034042409,0.0225397540107692,0.094986507978774,0.007794065494090318,0.0005270949499621731,0.030813667423182367,0.003507329472340643,0.10351960242759124,0.5545494267668057,0.5488796389828948,0.5206404956825543,1.0812965677321764,1.080465380710148,1.0763255415628972,0.004971026169279247,0.004139839147250912,0.0008311870220283346,0.5545494267668057,1.0812965677321762,0.0,0.0
main,dfl_mlp,2241-10-01,2241-07-01,0.0033079824368071,0.007351072081793556,0.0055954616244002,0.022194691130097,0.0945834258356051,0.009264635667204858,0.0004923301929097541,0.03654671532061804,0.004169086050242186,0.10869391142131188,0.5522073044603837,0.5502682419432581,0.5046022606520449,1.074503906503029,1.0742422878476567,1.0680810256314424,0.006422880871586711,0.00616126221621438,0.000261618655372331,0.5522073044603837,1.0745039065030286,0.0,0.0
main,dfl_mlp,2242-01-01,2241-10-01,0.0029421645134581,0.006538143363240222,0.0055996807174706,0.0222112856856859,0.0946029313554153,0.008882198855280877,0.0006396035662244589,0.03505823144739362,0.0039969894848763945,0.10738495040915914,0.5532653525274696,0.5502009345624767,0.5085816256918481,1.0766706023572927,1.076245940357084,1.0704784050031566,0.00619219735413612,0.005767535353927489,0.000424662000208631,0.5532653525274694,1.0766706023572927,0.0,0.0
main,dfl_mlp,2242-04-01,2242-01-01,0.0025719669969613,0.005715482215469555,0.0074934206881343,0.0296384545407657,0.1024047400409234,0.007898626755923033,0.0007114817140256779,0.031222144431343968,0.003554382040165365,0.10390190387993493,0.5314153929006636,0.5242040070372821,0.5194273104520979,1.075609957485134,1.0745839191245157,1.0739042891579207,0.0017056683272134165,0.0006796299665949856,0.001026038360618431,0.5314153929006622,1.0756099574851337,0.0,0.0
main,dfl_mlp,2242-07-01,2242-04-01,0.003170120386267,0.007044711969482222,0.0082611900503979,0.032637527191986,0.1052080801730213,0.010289023257791996,0.00029074744727347265,0.04052525477500146,0.0046300604660063985,0.11210683767383976,0.5219800556317885,0.5153162697131245,0.4944724743565078,1.0711452531903094,1.0702369871918782,1.0673960029778389,0.003749250212470523,0.0028409842140393327,0.0009082659984311903,0.5219800556317885,1.071145253190309,0.0,0.0
main,dfl_mlp,2242-10-01,2242-07-01,0.0031359181528497,0.006968707006332666,0.0070940382891992,0.0280756263893304,0.1008832311855222,0.010306069441139699,0.0003305899580786127,0.040591354718402695,0.004637731248512865,0.11216264626761008,0.534133389541196,0.5291287505541472,0.494309755048668,1.0729844235198671,1.0723005855525225,1.0675428895082981,0.005441534011568994,0.00475769604422438,0.0006838379673446138,0.534133389541196,1.0729844235198671,0.0,0.0
main,dfl_mlp,2243-01-01,2242-10-01,0.0020615439216808,0.004581208714846223,0.0039334270786093,0.0156411204131154,0.0855554285570085,0.009092854708433152,0.0005522761464168057,0.035878339146411586,0.004091784618794918,0.10810863439572312,0.585421915666554,0.5827091247895593,0.5063750551786741,1.0862821519133699,1.0858823284214671,1.0746318650990734,0.011650286814296473,0.011250463322393767,0.0003998234919027066,0.585421915666554,1.0862821519133696,0.0,0.0
main,dfl_mlp,2243-04-01,2243-01-01,0.0009238044126152,0.0020528986947004444,0.0025062341081075,0.0099873121052738,0.0738198091023856,0.008220516983419657,0.00037670830199341943,0.03247882403839231,0.0036992326425388457,0.10506296472809339,0.6331373336428665,0.6293087848401228,0.5157704068874476,1.1005181214258946,1.099910293529812,1.0818847185793015,0.018633402846593095,0.018025574950510492,0.0006078278960826022,0.6331373336428665,1.100518121425894,0.0,0.0
main,dfl_mlp,2243-07-01,2243-04-01,0.00062536478666,0.0013896995259111112,0.002054263978524,0.0081917705693069,0.0685606002555695,0.004567957669496536,0.0004413117625203728,0.01814701408331887,0.0020555809512734415,0.08938016305309515,0.6562284119777277,0.6522023012198784,0.5686440697148905,1.1061425518036914,1.1054913430753237,1.0919761039386744,0.014166447865016973,0.013515239136649315,0.0006512087283676582,0.6562284119777277,1.1061425518036907,0.0,0.0
main,dfl_mlp,2243-10-01,2243-07-01,0.0007049928882885,0.0015666508628633335,0.0012409543249504,0.0049545851357284,0.0554589569193058,0.004684231337159872,0.00015929810632980406,0.01860568385391803,0.0021079041017219424,0.09002207877348928,0.7175456625042523,0.716161148253119,0.5663309721408877,1.1154890254098369,1.115266187742654,1.0911510102419006,0.02433801516793621,0.024115177500753315,0.00022283766718289577,0.7175456625042523,1.1154890254098366,0.0,0.0
main,dfl_mlp,2244-01-01,2243-10-01,0.0005312953862375,0.001180656413861111,0.0013356594469715,0.0053319433989458,0.0573229988970734,0.0018194591626524924,8.950804145805427e-05,0.007257998142564337,0.0008187566231936216,0.06535531925985603,0.7089468531363498,0.706375713624535,0.6668747236313766,1.1153364694053174,1.1149181783129325,1.1084918789314337,0.006844590473883638,0.006426299381498746,0.0004182910923848926,0.7089468531363498,1.1153364694053172,0.0,0.0
main,dfl_mlp,2244-04-01,2244-01-01,0.0003331961414473,0.0007404358698828889,0.0013198611402069,0.0052690015541851,0.057019886538179,0.0020277176750823855,0.00010655788029739988,0.008086234198576903,0.0009124729537870735,0.06821656260554805,0.7114749525227606,0.7079500190507078,0.653749854810955,1.117157184934654,1.1165767410536664,1.107651706317293,0.009505478617360952,0.008925034736373405,0.0005804438809875467,0.7114749525227606,1.1171571849346538,0.0,0.0
main,dfl_mlp,2244-07-01,2244-04-01,0.0005653913819222,0.0012564252931604443,0.0013270554034132,0.0052976645024708,0.0571582953259619,0.002351071545854211,9.60104776064231e-05,0.009371172910924597,0.001057982195634395,0.07213137818133619,0.7096039077585679,0.7072303429664452,0.6365072998542802,1.1152014171631892,1.1148160782088912,1.1033344689568372,0.011866948206352035,0.011481609252053993,0.0003853389542980423,0.7096039077585673,1.1152014171631883,0.0,0.0
main,dfl_mlp,2244-10-01,2244-07-01,0.00066975222454,0.0014883382767555556,0.0016489077757382,0.0065793356472838,0.0627710137772798,0.0032296002842485904,0.00027785249826201247,0.01285595386325844,0.0014533201279118657,0.08046656484330868,0.6819385965731286,0.6791380108850794,0.6022299770288635,1.1099983853037403,1.1095466438930934,1.0971411874728516,0.012857197830888678,0.012405456420241823,0.00045174141064685536,0.6819385965731286,1.1099983853037398,0.0,0.0
main,dfl_mlp,2245-01-01,2244-10-01,0.0006036387082688,0.0013414193517084444,0.0016564015363279,0.0066091623199374,0.0628896486628519,0.003951267618685961,0.00047713134918987764,0.01571164189313856,0.0017780704284086823,0.08567147881889703,0.6816944365291016,0.6785661980671722,0.582275014244532,1.1104096938458845,1.109903033042523,1.0943073650185238,0.016102328827360735,0.015595668023999254,0.0005066608033614806,0.6816944365291016,1.110409693845884,0.0,0.0
main,dfl_mlp,2245-04-01,2245-01-01,0.0007575117119692,0.0016833593599315554,0.0013830828309495,0.0055208643943321,0.0582149933425089,0.003986813733354211,0.0003301417810313423,0.01585214005488278,0.0017940661800093952,0.08590106685066483,0.7033708646634227,0.701780162711757,0.5814175856667103,1.1128381885850505,1.112583000410757,1.0932738480851334,0.019564340499917066,0.01930915232562369,0.0002551881742933748,0.7033708646634227,1.1128381885850505,0.0,0.0
main,dfl_mlp,2245-07-01,2245-04-01,0.0010068247528415,0.0022373883396477777,0.0015425903935882,0.0061560987408565,0.0610330143729303,0.0035667882300913336,0.00023305197766261963,0.014191002395256391,0.0016050547035411002,0.08303851930532045,0.6885163119258746,0.6876162143335591,0.5922428411154542,1.1087385877477258,1.1085964337575756,1.093533949786114,0.015204637961611756,0.015062483971461482,0.0001421539901502733,0.6885163119258746,1.1087385877477254,0.0,0.0
main,dfl_mlp,2245-10-01,2245-07-01,0.0008291111522396,0.001842469227199111,0.001786787890009,0.0071280187021341,0.0648782771913087,0.00451134480535984,0.0001531988456967121,0.017923632679252566,0.002030105162411928,0.08906170431544631,0.6715583384739023,0.6691084573368924,0.5697965620664414,1.1072538357855335,1.1068625679922397,1.0910015755859914,0.016252260199542068,0.015860992406248275,0.00039126779329379247,0.6715583384739023,1.1072538357855335,0.0,0.0
main,dfl_mlp,2246-01-01,2245-10-01,0.0004813322854264,0.0010696273009475556,0.0016088564188417,0.0064199118123864,0.062128501711349,0.003552419738844037,0.00023815535723471383,0.014134140001800577,0.0015985888824798166,0.08293433666076949,0.6858247871434301,0.6822500959977661,0.5926424754369537,1.111917468118118,1.1113341261482346,1.09671135630198,0.01520611181613818,0.014622769846254657,0.0005833419698835218,0.6858247871434301,1.1119174681181176,0.0,0.0
main,dfl_mlp,2246-04-01,2246-01-01,0.0005322514137064,0.0011827809193475556,0.0015623475028624,0.0062347596814952,0.0613639814211545,0.002507248893380165,5.3826174637155874e-05,0.009991340797167902,0.0011282620020210744,0.0738304928078624,0.6891977577129,0.6859869425639876,0.6292636729694436,1.1121169584871076,1.1115946311511111,1.102367032263546,0.009749926223561634,0.009227598887565192,0.000522327335996442,0.6891977577129,1.112116958487107,0.0,0.0
main,dfl_mlp,2246-07-01,2246-04-01,0.0007088857091121,0.0015753015758046666,0.0019204816932949,0.0076598255928368,0.066780560354188,0.0037836392875760794,0.000394271595405869,0.015048878053011805,0.0017026376794092358,0.08455857768772114,0.6636164722372468,0.660279400372912,0.5864576657403724,1.1067832850008537,1.106246312953194,1.0943675732619567,0.012415711738896995,0.011878739691237428,0.0005369720476595674,0.6636164722372468,1.1067832850008532,0.0,0.0
main,dfl_mlp,2246-10-01,2246-07-01,0.0006902699796782,0.0015339332881737777,0.0014571584222414,0.0058159061964524,0.059557156008941,0.003960905503481627,0.00020213910803921527,0.01574973770032362,0.0017824074765667322,0.08573394268162687,0.6971195110777328,0.6949681794598923,0.5820415512984152,1.11230407115361,1.111957497438134,1.0937653225202675,0.018538748633342594,0.01819217491786662,0.00034657371547597293,0.6971195110777328,1.11230407115361,0.0,0.0
main,dfl_mlp,2247-01-01,2246-10-01,0.0005837847467524,0.0012972994372275556,0.0014800016025013,0.0059068769439569,0.0599590899917074,0.0027429420966655015,0.0001482033799695537,0.010926708490619164,0.0012343239434994757,0.07619686295539424,0.6956866461068356,0.6929517654011892,0.6194019364127423,1.1128140440207834,1.1123705498786356,1.100443551291474,0.012370492729309346,0.011926998587161508,0.0004434941421478378,0.6956866461068356,1.1128140440207828,0.0,0.0
main,dfl_mlp,2247-04-01,2247-01-01,0.0008005239467693,0.0017789421039317778,0.0017671737759679,0.0070499797500429,0.0645879306013329,0.004235414229333401,0.00015255861995981752,0.01683432810524288,0.0019059364032000304,0.0874492906860732,0.6729997983094622,0.6704745402826779,0.5756830384427214,1.1076764415688134,1.1072724135155354,1.092106269878154,0.015570171690659329,0.015166143637381335,0.00040402805327799385,0.672999798309462,1.107676441568813,0.0,0.0
main,dfl_mlp,2247-07-01,2247-04-01,0.0011327344137353,0.002517187586078444,0.0030772636569439,0.0122523537896453,0.0792084132228605,0.0028685446828603744,0.00020437096370079348,0.011424901787984276,0.0012908451072871684,0.07737191357153148,0.6114669016313059,0.6072106556984573,0.61459870430422,1.0958001434506806,1.0951333060963762,1.04507306750539,0.05072707594529047,0.05006023859098607,0.0006668373543043948,0.6114669016313055,1.09580014345068,0.005121774378769373,0.0
main,dfl_mlp,2247-10-01,2247-07-01,0.0031328386790493,0.006961863731220667,0.0062510791783877,0.0247708363097033,0.0974783674672623,0.00867960173636675,0.0003369659847946275,0.03426900388029064,0.0039058207813650373,0.10668229154876097,0.5440364669943266,0.5404047122575423,0.5107395031487105,1.0743543415889154,1.0738579838102578,1.0698035918251563,0.004550749763759132,0.004054391985101491,0.0004963577786576412,0.5440364669943266,1.0743543415889154,0.0,0.0
main,dfl_mlp,2248-01-01,2247-10-01,0.0012115167451997,0.0026922594337771113,0.0050064111093406,0.0198757608217764,0.0917226164924166,0.009347671270370483,0.0007873393388203541,0.03686967085643422,0.004206452071666717,0.10897534496492525,0.5677491172966078,0.5602667344161114,0.5037535400007387,1.0885034760790582,1.0873370860766716,1.078527536228479,0.009975939850579207,0.0088095498481926,0.001166390002386608,0.5677491172966078,1.0885034760790575,0.0,0.0
main,dfl_mlp,2248-04-01,2248-01-01,0.0016461736808677,0.0036581637352615555,0.0041745398712859,0.0165938894778332,0.087079085904073,0.010922588035464286,0.0012495355936209783,0.042979732719310215,0.004915164615958929,0.11416258306859464,0.5816480836253991,0.5770468108504386,0.4885397196018603,1.0881419403811543,1.0874446714963668,1.074032460608442,0.014109479772712374,0.01341221088792488,0.0006972688847874942,0.5816480836253989,1.088141940381154,0.0,0.0
main,dfl_mlp,2248-07-01,2248-04-01,0.0023988805713197,0.005330845714043777,0.005788806886324,0.0229549406496319,0.0954647328269466,0.007362326886504888,0.0005038127553551228,0.02912567773091912,0.0033130470989271997,0.10191074880369436,0.5522920770398945,0.5472385824063125,0.5257951728513932,1.0795362416096541,1.0788084818121495,1.0757203907925652,0.003815850817088906,0.0030880910195842937,0.0007277597975046124,0.5522920770398945,1.0795362416096537,0.0,0.0
main,dfl_mlp,2248-10-01,2248-07-01,0.0048198622052471,0.01071080490054911,0.0092035624309279,0.0363091275518506,0.1084863085076121,0.009749030880630016,0.0004463561179284005,0.038429559202651786,0.0043870638962835076,0.11032308553567628,0.508889861505222,0.5052298837463655,0.4997226789040025,1.0609657066318527,1.0605272362530842,1.05986746552433,0.0010982411075226572,0.0006597707287541166,0.00043847037876854067,0.508889861505222,1.0609657066318523,0.0,0.0
main,dfl_mlp,2249-01-01,2248-10-01,0.0051208319412023,0.011379626536005112,0.0091611896510362,0.0361442626845636,0.1083419641206464,0.011981402151286602,0.000533816299738972,0.047071143925029535,0.005391630968078971,0.11752265307991877,0.5084845828647747,0.5056670439060912,0.479107947509596,1.0593867689858536,1.0590577038757467,1.055955822372702,0.0034309466131516864,0.003101881503044801,0.00032906511010688533,0.5084845828647747,1.0593867689858534,0.0,0.0
main,dfl_mlp,2249-04-01,2249-01-01,0.0056338174140034,0.012519594253340888,0.0100396445125184,0.0395578488811906,0.1112869805193969,0.01257149875164032,0.000802279337040592,0.049345661872361,0.005657174438238144,0.11935909683718965,0.499698179540514,0.4968736831413599,0.4740877333536278,1.055797211106395,1.05548182268133,1.0529375019240788,0.0028597091823161502,0.002544320757251306,0.0003153884250648442,0.499698179540514,1.055797211106395,0.0,0.0
main,dfl_mlp,2249-07-01,2249-04-01,0.0041580726516753,0.009240161448167333,0.0104301342741777,0.041072337737397,0.1125679654342513,0.0165547015145421,0.0009587017022373478,0.06459252989985886,0.007449615681543946,0.1311428057527367,0.5001849659571318,0.4931307678145026,0.44393902184828177,1.0632330200035431,1.0623412333993452,1.056122448612923,0.007110571390620102,0.006218784786422127,0.000891786604197975,0.5001849659571318,1.0632330200035431,0.0,0.0
main,dfl_mlp,2249-10-01,2249-07-01,0.0043881406463597,0.00975142365857711,0.0107609216429675,0.0423538729036689,0.1136415056692152,0.014195257611572743,0.0007968518492469136,0.05558339949070534,0.006387865925207735,0.12429047468522933,0.4969446609297831,0.4900316841825482,0.46105388662382035,1.0616800723800293,1.0608220434290123,1.0572253599522408,0.004454712427788499,0.003596683476771556,0.0008580289510169425,0.4969446609297831,1.061680072380029,0.0,0.0
main,dfl_mlp,2250-01-01,2249-10-01,0.0037126748237624,0.008250388497249777,0.0091613387882723,0.0361448429878247,0.1083424726112787,0.012684864923357964,0.0007465244781967085,0.04978216328727125,0.005708189215511084,0.1197091273664973,0.512150385487207,0.5056655027831332,0.4731413779514377,1.067026786340065,1.0661780886532854,1.061921550675836,0.005105235664229157,0.004256537977449515,0.0008486976867796425,0.512150385487207,1.067026786340065,0.0,0.0
main,dfl_mlp,2250-04-01,2250-01-01,0.0036608262636263,0.008135169474725111,0.0089725075357581,0.0354098776718301,0.1076960282321403,0.011622639931738376,0.0013296887265972829,0.045686307137440485,0.00523018796928227,0.116393881806411,0.5139885704930205,0.5076311540202608,0.4822403733400162,1.0675338512621815,1.0666985392666806,1.063362400480082,0.004171450782099573,0.0033361387865986636,0.0008353119955009092,0.5139885704930205,1.0675338512621813,0.0,0.0
main,dfl_mlp,2250-07-01,2250-04-01,0.002657422943663,0.005905384319251111,0.007191109822613,0.028455651721854,0.101257691676505,0.012109347060322762,0.0003722028402455489,0.047564651700452654,0.005449206177145243,0.11792292477211377,0.5344303655697404,0.5279101497210376,0.47800577227850444,1.075582226263164,1.0746600997125215,1.0676023346782262,0.007979891584937837,0.007057765034295338,0.0009221265506424992,0.5344303655697404,1.075582226263164,0.0,0.0
main,dfl_mlp,2250-10-01,2250-07-01,0.0050573908786824,0.011238646397072,0.0101624280311314,0.0400342498946066,0.1116914494895179,0.011499850824475289,0.0001896779953815592,0.04521198965809636,0.00517493287101388,0.11600532812126232,0.5001279289753643,0.4956865450054489,0.48332700914540344,1.058728067806118,1.0582065334469537,1.0567552014616997,0.0019728663444182892,0.0014513319852540452,0.0005215343591642441,0.5001279289753643,1.0587280678061175,0.0,0.0
main,dfl_mlp,2251-01-01,2250-10-01,0.0047517178730745,0.010559373051276666,0.0103122269419008,0.0406152308043303,0.1121827985741574,0.012487476505339146,0.0007644898837099257,0.04902204833012369,0.005619364427402616,0.11909909908253268,0.499663929915118,0.4942510188568271,0.474792832350498,1.0602009199626568,1.059548757167074,1.0572043799600084,0.0029965400026483735,0.0023443772070657065,0.000652162795582667,0.499663929915118,1.0602009199626563,0.0,0.0
main,dfl_mlp,2251-04-01,2251-01-01,0.0058702724857809,0.013045049968402,0.0125055314606317,0.0490915943586229,0.1191550092817885,0.012772147171199321,0.0012425250283034633,0.05011812958014383,0.005747466227039695,0.11997802292641348,0.4802490755485008,0.4746410520026238,0.47241663746316914,1.0524899153470073,1.0518769736545095,1.0516338512065606,0.0008560641404466995,0.0002431224479488847,0.0006129416924978148,0.4802490755485007,1.0524899153470073,0.0,0.0
main,dfl_mlp,2251-07-01,2251-04-01,0.0042476120142392,0.009439137809420444,0.0119820975184153,0.0470738266061226,0.1175248317089695,0.017704403214156627,0.001346536676057046,0.06895903673919612,0.007966981446370482,0.13434213744962198,0.48787045682901137,0.4791019356602362,0.4363071039477829,1.061239392609081,1.0601387338113626,1.0547669604969623,0.006472432112118787,0.005371773314400308,0.001100658797718479,0.4878704568290113,1.0612393926090808,0.0,0.0
main,dfl_mlp,2251-10-01,2251-07-01,0.0043528681109257,0.009673040246501556,0.0112680943193992,0.0443162642961544,0.1152687585046121,0.014927534200251103,0.0019361501900931792,0.058386404769479205,0.006717390390112997,0.12645728873422618,0.49304406648811183,0.4853987999944599,0.4555223045817111,1.0613698452270304,1.060418228823294,1.0566994620354364,0.004670383191593963,0.0037187667878575414,0.0009516164037364216,0.4930440664881118,1.06136984522703,0.0,0.0
main,dfl_mlp,2252-01-01,2251-10-01,0.0033589401929711,0.007464311539935778,0.0103804803503994,0.0408798577253406,0.1124059273399079,0.016349637322127818,0.0012578438397230312,0.06381209571824431,0.007357336794957518,0.13056233326761166,0.5026012946078424,0.4936015146264333,0.445347139475448,1.067554940248855,1.0663452747893392,1.0598593753657874,0.007695564883067663,0.006485899423551711,0.0012096654595159517,0.5026012946078424,1.067554940248853,0.0,0.0
main,dfl_mlp,2252-04-01,2252-01-01,0.0067451452599604,0.014989211688800888,0.0122305330706177,0.0480319123344735,0.1183009710454571,0.011733488366007804,0.0004534237987256893,0.04611434763455713,0.005280069764703512,0.11674366569155287,0.48020102396161085,0.4769688960617608,0.48126584172858855,1.0482835154195227,1.0479585296541805,1.0262163362556083,0.02206717916391443,0.021742193398572196,0.0003249857653422339,0.4802010239616108,1.0482835154195225,0.002217424504363019,0.0
main,dfl_mlp,2252-07-01,2252-04-01,0.0055891283883461,0.012420285307435776,0.011278802841433,0.0443576659906858,0.1153028862969978,0.019152413494884966,0.00521218300818018,0.07443673133609652,0.008618586072698236,0.1382347827580997,0.4899750701054556,0.4853024601751178,0.42729965213830595,1.0549304760386338,1.0544066357384303,1.0479040153982693,0.007026460640364496,0.006502620340161025,0.0005238403002034708,0.4899750701054556,1.0549304760386338,0.0,0.0
main,dfl_mlp,2252-10-01,2252-07-01,0.0048581024109951,0.010795783135544667,0.0107897871526492,0.0424656425830936,0.113734712382395,0.0163248123601079,0.002186712980612776,0.06371758364412661,0.007346165562048555,0.13049186258227818,0.4955577734443025,0.4897642273109401,0.4455185918529982,1.0591790017990714,1.0584871424530535,1.0532033739790618,0.005975627820009599,0.005283768473991701,0.0006918593460178979,0.4955577734443025,1.0591790017990714,0.0,0.0
main,dfl_mlp,2253-01-01,2252-10-01,0.0054490609762926,0.012109024391761333,0.0109054310905694,0.0429133275177531,0.1141073914333331,0.01367226019501686,0.0018611914213017852,0.05357764470455184,0.006152517087757587,0.12272122777952417,0.4932025406072479,0.4886973692140631,0.46513290997608564,1.0559831196477045,1.0554717403899505,1.0527969529905814,0.003186166657123124,0.002674787399369105,0.0005113792577540188,0.4932025406072477,1.055983119647704,0.0,0.0
main,dfl_mlp,2253-04-01,2253-01-01,0.0051314540698175,0.01140323126626111,0.0115588513212931,0.0454399225469458,0.1161921735425245,0.01461335625499487,0.001182426580434066,0.05718456106958225,0.006576010314747692,0.12553198844473848,0.48894105675597005,0.4828039364626166,0.4578704303511884,1.05705231177909,1.056336199078869,1.0534268214662528,0.0036254903128372096,0.0029093776126163373,0.0007161127002208723,0.48894105675597,1.0570523117790898,0.0,0.0
main,dfl_mlp,2253-07-01,2253-04-01,0.0038970123919125,0.008660027537583333,0.0112748072110618,0.0443422180901401,0.1152901534007044,0.014872293174266814,0.0008299522413720929,0.05817517126751448,0.006692531928420066,0.126295072003038,0.49410247219785625,0.4853383999517764,0.45593246645205654,1.0637539807589433,1.0626231536030677,1.0588289096475565,0.004925071111386847,0.0037942439555112006,0.0011308271558756466,0.4941024721978562,1.0637539807589431,0.0,0.0
main,dfl_mlp,2253-10-01,2253-07-01,0.0043940180786032,0.009764484619118222,0.0120521810164653,0.0473441751247613,0.1177442282702857,0.012628048658370972,0.0016433593155461281,0.04956341858515667,0.005682621896266937,0.11953381093586501,0.4870013317815123,0.47849727215261,0.4736149537531193,1.060417297177776,1.0593622850776294,1.0587565855396437,0.0016607116381324172,0.0006056995379857266,0.0010550121001466906,0.4870013317815123,1.0604172971777757,0.0,0.0
main,dfl_mlp,2254-01-01,2253-10-01,0.005367886483309,0.011928636629575556,0.0096236845595373,0.0379426030354494,0.1099043319547087,0.015340558253228664,0.0009703573589878796,0.05996462180795947,0.006903251213952899,0.12766366984429114,0.5038488464217109,0.5009691728860401,0.45249162674262194,1.0576005720754682,1.05727136452796,1.0517293564227383,0.005871215652729855,0.005542008105221541,0.0003292075475083145,0.5038488464217109,1.057600572075468,0.0,0.0
main,dfl_mlp,2254-04-01,2254-01-01,0.0028306447797654,0.006290321732812,0.0069612419481481,0.0275555614437811,0.1003657109987858,0.01206628754734993,0.0011223779831667248,0.04739858439914635,0.005429829396307468,0.1177883459685711,0.5364911740058151,0.5308199384078481,0.47837584472135636,1.0749443578220792,1.074152122776023,1.0668260210369243,0.008118336785154945,0.007326101739098645,0.0007922350460562999,0.5364911740058151,1.074944357822079,0.0,0.0
main,dfl_mlp,2254-07-01,2254-04-01,0.0038520345411293,0.00856007675806511,0.009903762976909,0.0390304207838406,0.1108374733434932,0.009344217553734779,0.0010706662582670127,0.03685623972004537,0.004204897899180651,0.10896365787672793,0.5053324963392044,0.4981987983150092,0.5037887367487419,1.0654302770784492,1.0645066083223358,1.0652303916199082,0.0001998854585409937,-0.000723783297572389,0.0009236687561133827,0.5053324963392044,1.0654302770784487,0.0,0.0
main,dfl_mlp,2254-10-01,2254-07-01,0.0026165323349875,0.005814516299972222,0.0083546328351917,0.0330020597396825,0.1055402011288717,0.012377482093870639,0.0006676478400491778,0.04859827754987145,0.005569866942241788,0.11875799460932375,0.5225841711094064,0.5142793353903247,0.4757206944671924,1.0741205569317762,1.0729426432429277,1.0674736908755271,0.00664686605624909,0.005468952367400526,0.0011779136888485642,0.5225841711094061,1.074120556931776,0.0,0.0
main,dfl_mlp,2255-01-01,2254-10-01,0.0041282497942642,0.009173888431698222,0.0088607722361873,0.0349747858260144,0.1073109553043958,0.009874197654426098,0.0011207703032768618,0.03891563336395443,0.004443388944491744,0.11073939807106185,0.5137711052540723,0.5088081527982947,0.49848872911944053,1.065103791087044,1.0644748981490182,1.0631672465577624,0.001936544529281603,0.0013076515912557873,0.0006288929380258157,0.5137711052540723,1.0651037910870438,0.0,0.0
main,dfl_mlp,2255-04-01,2255-01-01,0.0038971838066928,0.008660408459317334,0.0073387320808292,0.0290333644594553,0.1018212955736712,0.01049987431615591,0.0008261688604993233,0.041342631279935094,0.004724943442270159,0.1127951503850206,0.5293288408681439,0.5260841058875323,0.4924720808355603,1.06829832739538,1.067879665204872,1.0635427673935676,0.004755560001812542,0.00433689781130453,0.00041866219050801234,0.5293288408681421,1.06829832739538,0.0,0.0
main,dfl_mlp,2255-07-01,2255-04-01,0.0021660415289807,0.004813425619957111,0.005281848139085,0.0209605936697625,0.0930962042078049,0.01226886734366417,0.0008821044389235867,0.04817968317169519,0.005520990304648876,0.11842034013963233,0.5603426039137176,0.5554345956545675,0.4766423247964587,1.0820003039521615,1.0812820680617627,1.0697516398660147,0.012248664086146777,0.01153042819574801,0.0007182358903987662,0.5603426039137176,1.082000303952161,0.0,0.0
main,dfl_mlp,2255-10-01,2255-07-01,0.0018687899070295,0.004152866460065555,0.0033117292528595,0.013181256873519,0.0811187115904352,0.007892854046076536,0.0009782522416312586,0.031199596242507566,0.0035517843207344413,0.10388086641594883,0.6017299556035532,0.5996733141459798,0.519493952955911,1.0898455638635047,1.089538482406615,1.0775667335361243,0.012278830327380419,0.011971748870490684,0.0003070814568897351,0.601729955603553,1.0898455638635045,0.0,0.0
main,dfl_mlp,2256-01-01,2255-10-01,0.0027616051861486,0.0061369004136635555,0.0046649160350551,0.0185295010781673,0.0899165445210784,0.007284813374280929,0.00016538795835226622,0.028822386022114732,0.0032781660184264183,0.10161623630184241,0.5685754570596017,0.5667103433219819,0.5267473624060397,1.079818867476687,1.0795570354464723,1.0739468744061085,0.005871993070578618,0.005610161040363826,0.0002618320302147925,0.5685754570596017,1.0798188674766869,0.0,0.0
main,dfl_mlp,2256-04-01,2256-01-01,0.0021401381181067,0.004755862484681556,0.004932089199704,0.0195828830860625,0.0913398676471577,0.009172006510198116,0.00041150141223525997,0.036186351149117724,0.004127402929589153,0.1083788364612587,0.5659950002539129,0.5616236821868442,0.5055553115939255,1.0829740852956453,1.0823332561045946,1.0741137104162448,0.008860374879400501,0.008219545688349816,0.0006408291910506847,0.5659950002539129,1.082974085295645,0.0,0.0
main,dfl_mlp,2256-07-01,2256-04-01,0.0014037645561069,0.0031194767913486666,0.0027095748025428,0.0107943279551835,0.075875119103026,0.008681119419634342,0.0006296178283163201,0.03427491789319925,0.003906503738835454,0.10668758084532788,0.6231349287285757,0.6207277823927617,0.5107232029085513,1.0959393207601869,1.0955687108428456,1.0786321467863924,0.017307173973794443,0.016936564056453163,0.00037060991734128024,0.623134928728574,1.0959393207601864,0.0,0.0
main,dfl_mlp,2256-10-01,2256-07-01,0.0006279243901847,0.0013953875337437776,0.0015956233557296,0.006367233582993,0.0619130233426151,0.006207517720758915,0.00034779420200681266,0.024599826524681734,0.002793382974341512,0.09729369288363032,0.6861489504829984,0.683299571691506,0.5410263504358475,1.1109645270680646,1.110503723375494,1.0874951904615096,0.023469336606555036,0.023008532913984414,0.0004608036925706216,0.6861489504829984,1.110964527068064,0.0,0.0
main,dfl_mlp,2257-01-01,2256-10-01,0.0007706267578671,0.0017125039063713332,0.0016058801025023,0.0064080638632388,0.0620801774067814,0.002742284443229437,7.815514517850442e-05,0.010924099461835923,0.0012340279994532467,0.07619056152785347,0.6846932386303475,0.6824852008917605,0.6194278590467293,1.109752034783706,1.109398100173261,1.0992904034923532,0.010461631291352802,0.010107696680907718,0.00035393461044508356,0.6846932386303475,1.109752034783706,0.0,0.0
main,dfl_mlp,2257-04-01,2257-01-01,0.0008319322442535,0.0018487383205633332,0.0014134402190194,0.0056417852877285,0.0587723683022427,0.004809437599033117,0.00033911121954236846,0.019099410703430575,0.002164246919564903,0.09069599867556691,0.7002590185775541,0.6989364429103768,0.5639167691238691,1.1118178345521894,1.111606644773533,1.090046611779716,0.021771222772473342,0.021560032993817035,0.00021118977865630661,0.7002590185775541,1.111817834552189,0.0,0.0
main,dfl_mlp,2257-07-01,2257-04-01,0.0004804686680258,0.0010677081511684444,0.0015389261688634,0.0061415094858424,0.060971216490134,0.0034526004921644924,0.00019284782410751208,0.013739043751818003,0.0015536702214740217,0.08219787106658057,0.6913158170568491,0.6879212104811654,0.5954791465213987,1.112819501367486,1.1122655174837697,1.0971794058919322,0.015640095475553784,0.015086111591837481,0.0005539838837163025,0.6913158285802392,1.1128195032480486,0.0,0.0
main,dfl_mlp,2257-10-01,2257-07-01,0.000338480616159,0.00075217914702,0.0012784623203477,0.0051040508417041,0.0562109126129357,0.0037805169355124234,0.00012938136085847293,0.015036529817235689,0.0017012326209805905,0.08453735580441321,0.7155665967500803,0.7121836302705988,0.5865378539076538,1.1177931340283058,1.1172362463455363,1.0965530425145733,0.021240091513732517,0.020683203830963004,0.0005568876827695135,0.7155665967500803,1.1177931340283054,0.0,0.0
main,dfl_mlp,2258-01-01,2257-10-01,0.0006337701298942,0.0014083780664315554,0.0011858590650788,0.0047350053585172,0.0543199121397403,0.0019639735342934727,0.00010123506781975186,0.007832781271727818,0.0008837880904320627,0.06737212147070612,0.7238315793905665,0.7222655051729368,0.6575757243705447,1.1170162769966963,1.1167631018387376,1.1063052031717555,0.010711073824940742,0.010457898666982102,0.00025317515795864054,0.7238315793905665,1.1170162769966965,0.0,0.0
main,dfl_mlp,2258-04-01,2258-01-01,0.0007327220058338,0.001628271124075111,0.0012350769467988,0.0049311628305012,0.0553394365002021,0.0028308997862040997,9.433508092806526e-05,0.011275605866246208,0.001273904903791845,0.0770255520696026,0.7180185935998937,0.7167971658254217,0.6160082290190738,1.1153660434834973,1.1151697932874742,1.0989757546234347,0.016390288860062663,0.016194038664039567,0.00019625019602309557,0.7180185935998937,1.1153660434834969,0.0,0.0
main,dfl_mlp,2258-07-01,2258-04-01,0.0005296076444132,0.0011769058764737777,0.0012241457180869,0.0048875990113571,0.0551158981255579,0.002333777630701661,6.173393265048661e-05,0.009302482228812359,0.0010501999338157475,0.07193614290879456,0.7202249633306453,0.7179895276100459,0.6373486442371736,1.1171834273767771,1.1168197132141784,1.1036991250904011,0.013484302286375982,0.013120588123777255,0.00036371416259872724,0.7202249633306453,1.117183427376777,0.0,0.0
main,dfl_mlp,2258-10-01,2258-07-01,0.0006463579576834,0.0014363510170742222,0.0011462229634807,0.0045770149134599,0.0534737246294944,0.0019550672732293606,8.7758677364288e-05,0.007797365241371534,0.0008797802729532123,0.06725201999785202,0.7282255965445313,0.7268635618925146,0.6581230563377496,1.1176349561263283,1.117414937924149,1.1063108427187536,0.011324113407574776,0.011104095205395348,0.00022001820217942836,0.7282255965445313,1.117634956126328,0.0,0.0
main,dfl_mlp,2259-01-01,2258-10-01,0.0005192745023699,0.001153943338599778,0.0014647474208301,0.005846129339051,0.059691294938215,0.0028932780493050813,0.00021776917261857054,0.011522982659114,0.0013019751221872867,0.07759685917183369,0.6972986690947268,0.69429403819224,0.6136860668576787,1.1135252822139405,1.1130361065044894,1.0999125439623014,0.013612738251639112,0.013123562542187939,0.0004891757094511728,0.6972986690947268,1.1135252822139403,0.0,0.0
main,dfl_mlp,2259-04-01,2259-01-01,0.0005096921939888,0.0011326493199751112,0.0012738475250754,0.005085662240792,0.056119387847519,0.003027839306741953,0.00013891243715101636,0.012056461312346944,0.0013625276880338789,0.07878582450981858,0.7151588076408696,0.7126655584812955,0.6088981180867646,1.1165015710664972,1.116095413104031,1.0991913776613436,0.017310193405153607,0.01690403544268748,0.0004061579624661249,0.7151588076408633,1.1165015710664954,0.0,0.0
main,dfl_mlp,2259-07-01,2259-04-01,0.0004319437337058,0.0009598749637906666,0.0011380533320568,0.0045444482300994,0.0532964128364181,0.0041326517704874275,0.0004999987328568363,0.016428416249435474,0.0018596932967193424,0.08682108340066963,0.7303089082032457,0.727833987988624,0.5779999987564512,1.119537373012466,1.119132276679191,1.0946073650156356,0.024930007996830428,0.024524911663555304,0.0004050963332751234,0.7303089082032457,1.119537373012466,0.0,0.0
main,dfl_mlp,2259-10-01,2259-07-01,0.000705295191417,0.0015673226475933332,0.0012310590255371,0.0049151505246164,0.0552574608074727,0.0015669194981455803,9.15791749680305e-05,0.006252961954905212,0.0007051137741655112,0.061440036882271745,0.7185830576190142,0.7172340041224363,0.6856135370819363,1.1156538219282703,1.115436695750286,1.1103474749210225,0.005306347007247858,0.005089220829263441,0.0002171261779844169,0.7185830576190142,1.11565382192827,0.0,0.0
main,dfl_mlp,2260-01-01,2259-10-01,0.0007062698937235,0.0015694886527188889,0.0014284833313465,0.0057017015931051,0.0590447542802757,0.002465841034427285,0.00014332428553292192,0.00982694184161892,0.0011096284654922783,0.07339086752539951,0.6995402665008976,0.6975544231833758,0.63112452827706,1.1125821224753818,1.1122625262115262,1.1015714782154207,0.011010644259961122,0.01069104799610554,0.0003195962638555816,0.6995402665008976,1.1125821224753816,0.0,0.0
main,dfl_mlp,2260-04-01,2260-01-01,0.0006663109853835,0.00148069107863,0.0012429273555234,0.0049624478898773,0.0554989756654155,0.0028855951968580484,0.00022321773023529994,0.011492516869734404,0.0012985178385861219,0.07752720472694395,0.7175387834998803,0.7159484283202476,0.6139684323867316,1.115765475889133,1.1155088929302233,1.0990557575291913,0.01670971835994184,0.016453135401031993,0.0002565829589098456,0.7175387834998803,1.1157654758891329,0.0,0.0
main,dfl_mlp,2260-07-01,2260-04-01,0.0003262493898059,0.0007249986440131111,0.0011823712713358,0.0047211036842779,0.0542463707124225,0.0022679483518004417,0.00010857863464926694,0.00904097850397001,0.0010205767583101987,0.07117926011451509,0.7258336189107876,0.72266296104122,0.6406283169982487,1.1195720202243098,1.1190496939541743,1.1055355112805751,0.014036508943734649,0.013514182673599162,0.0005223262701354869,0.7258336189107876,1.1195720202243091,0.0,0.0
main,dfl_mlp,2260-10-01,2260-07-01,0.0006280027082625,0.0013955615739166666,0.0011146728715933,0.0044512420510699,0.0527833309413019,0.001608513272367418,6.254238447257155e-05,0.006418545840013001,0.0007238309725653381,0.062122934417243106,0.732003676585042,0.7306557958508323,0.6822771738660987,1.1183796147527518,1.1181616355169188,1.1103378460797686,0.00804176867298323,0.00782378943715023,0.00021797923583299905,0.732003676585042,1.1183796147527512,0.0,0.0
main,dfl_mlp,2261-01-01,2260-10-01,0.00043203549841,0.0009600788853555555,0.0011307167638219,0.0045152017138309,0.0531363179752476,0.0025383348576724528,0.00016782001684719907,0.010114745945503989,0.0011422506859526038,0.07415560900916204,0.7311632859365381,0.7287122748748156,0.6278934051629623,1.1196765470907515,1.1192753664702382,1.1027733696648983,0.016903177425853233,0.016501996805339925,0.0004011806205133084,0.7311632859365381,1.119676547090751,0.0,0.0
main,dfl_mlp,2261-04-01,2261-01-01,0.0005676886817459,0.0012615304038797778,0.0011616602997218,0.0046385507395863,0.0538060412366103,0.0018770965514704585,8.055818077420303e-05,0.007487271700420517,0.0008446934481617063,0.06617745932802481,0.7268829542596916,0.7250512968919898,0.6630560813434889,1.1179899040547556,1.1176925837285463,1.1076293273382913,0.010360576716464287,0.01006325639025496,0.00029732032620932713,0.7268829542596916,1.1179899040547556,0.0,0.0
main,dfl_mlp,2261-07-01,2261-04-01,0.0006319939844446,0.0014044310765435556,0.0011520712993511,0.0046003277024009,0.0536000386093331,0.0018065413925796748,7.960441204312605e-05,0.007206607592103564,0.0008129436266608536,0.06516767619505247,0.7276323917603281,0.726173718254877,0.6677517666949425,1.1176436488709394,1.1174078104508305,1.1079621458082158,0.009681503062723529,0.009445664642614648,0.00023583842010888034,0.7276323917603281,1.117643648870939,0.0,0.0
main,dfl_mlp,2261-10-01,2261-07-01,0.0004818403745956,0.0010707563879902222,0.0011288440490301,0.0045077362150682,0.0530953206677889,0.0022212466225028037,0.00016543629941131023,0.008855426684279188,0.0009995609801262617,0.07062867961702546,0.7311161964457836,0.7289375032946537,0.6430322280674707,1.1193047079832081,1.1189491853570586,1.1049310254188442,0.014373682564363888,0.014018159938214314,0.00035552262614957364,0.7311161964457836,1.1193047079832077,0.0,0.0
main,dfl_mlp,2262-01-01,2261-10-01,0.000322445721676,0.0007165460481688889,0.0010772248176022,0.0043019417893203,0.0519436156798045,0.001999029912985861,0.00015444348443133214,0.00797217486587476,0.0008995634608436376,0.06783977623430076,0.7381922688562976,0.7353185034831939,0.6554521068448669,1.1216360317791878,1.1211625055300027,1.108002476673781,0.013633555105406758,0.013160028856221695,0.00047352624918506336,0.7381922688562976,1.1216360317791878,0.0,0.0
main,dfl_mlp,2262-04-01,2262-01-01,0.0003305092970844,0.0007344651046319999,0.0010726493089409,0.0042836987118605,0.0518394616896926,0.0021538364235311747,0.00015966133553086653,0.008587551571254681,0.0009692263905890286,0.06981307997109246,0.738716268620445,0.7359007392454195,0.6466218707919584,1.1216628071813692,1.1211991038327112,1.1064953288931005,0.015167478288268699,0.014703774939610614,0.0004637033486580844,0.738716268620445,1.1216628071813688,0.0,0.0
main,dfl_mlp,2262-07-01,2262-04-01,0.0004382494774903,0.0009738877277562221,0.0010377835546887,0.0041446767201064,0.0510343014999894,0.0017005448695272206,0.00021140439064054739,0.006784848023528411,0.0007652451912872493,0.06357865691127179,0.7425417929022787,0.7404311066484486,0.6752622885941063,1.1214928356800415,1.1211474904608767,1.1104847310323571,0.011008104647684425,0.010662759428519575,0.00034534521916484984,0.7425418024463328,1.1214928372416155,0.0,0.0
main,dfl_mlp,2262-10-01,2262-07-01,0.0009312832601664,0.0020695183559253333,0.0010420143920083,0.0041615473285474,0.0511331054258908,0.0017212660750374198,0.00011815664650956378,0.006867308148737039,0.000774569733766839,0.06389641356485051,0.7392928781768098,0.7398723423776483,0.6737483292909805,1.117316292715641,1.1095702365048905,1.106915213914547,0.010401078801093977,0.0026550225903434477,0.007746056210750529,0.7392928781768098,1.1173162927156406,0.0,0.0
main,dfl_mlp,2263-01-01,2262-10-01,0.0005004731427351,0.0011121625394113332,0.0011249022186765,0.004492022136923,0.0530088502436316,0.001979610254056752,9.051424532706545e-05,0.007894958891558002,0.0008908246143255384,0.06758171110667464,0.7314790062657229,0.7294129792457739,0.6566224871827755,1.1192276152896485,1.1188908644525404,1.1070263586491973,0.012201256640451241,0.011864505803343084,0.00033675083710815734,0.7314790062657229,1.1192276152896392,0.0,0.0
main,dfl_mlp,2263-04-01,2263-01-01,0.0006351599066222,0.0014114664591604444,0.0012045470386725,0.0048094895420457,0.0547110037654417,0.002027536439709365,0.00011465536955354863,0.00808551365788246,0.0009123913978692144,0.0682141986593893,0.7217810802355321,0.7201586788263902,0.6537605099382344,1.1166747574443288,1.116412498850868,1.1056793410251669,0.010995416419161907,0.010733157825701056,0.00026225859346085123,0.7217810802355321,1.1166747574443283,0.0,0.0
main,dfl_mlp,2263-07-01,2263-04-01,0.0005594702739467,0.0012432672754371112,0.0011341763845888,0.004528993236091,0.0532119143970642,0.0021753418492153286,0.00019423949877966408,0.008673015877349144,0.000978903832146898,0.07007602012934909,0.7300794864113028,0.7282973005449198,0.6454608437225686,1.118568776014445,1.1182793395890411,1.1048262601947982,0.013742515819646695,0.013453079394242895,0.00028943642540379955,0.7300794864112031,1.1185687760144285,0.0,0.0
main,dfl_mlp,2263-10-01,2263-07-01,0.0003821048254107,0.000849121834246,0.0013462499331544,0.0053741351557516,0.0575245022473036,0.0015364217339083551,6.63932875207606e-05,0.00613153788705223,0.0006913897802587599,0.060928903251414375,0.708684026321292,0.7053327212898746,0.6881301827874502,1.1163510005604886,1.115800786813449,1.1129764920747534,0.0033745084857352836,0.0028242947386956097,0.000550213747039674,0.708684026321292,1.116351000560488,0.0,0.0
main,dfl_mlp,2264-01-01,2263-10-01,0.0006129621000948,0.0013621380002106665,0.0012648603147262,0.0050498501211073,0.055940353741324,0.0023629870265722275,0.0001431856252049437,0.009418498605899939,0.0010633441619575025,0.07226504303958312,0.7155465157396329,0.7136100350174663,0.6359323718337807,1.1158257856942255,1.115512326825804,1.1029386140465,0.01288717164772546,0.01257371277930397,0.00031345886842149007,0.7155465157396329,1.1158257856942253,0.0,0.0
main,dfl_mlp,2264-04-01,2264-01-01,0.0006120652001132,0.0013601448891404444,0.0013150396197392,0.005249791597303,0.0569267709671362,0.0022706697229295967,0.00011632336746598312,0.009051790048947073,0.0010218013753183187,0.07121098897495017,0.7105359208703614,0.7084349436729838,0.6404902538523543,1.1150210916002694,1.114680986781397,1.1036821446932485,0.011338946907020864,0.010998842088148386,0.00034010481887247757,0.7105359208703614,1.115021091600269,0.0,0.0
main,dfl_mlp,2264-07-01,2264-04-01,0.0006341524344652,0.0014092276321448888,0.0012789676678351,0.0051060644872202,0.0562209184507312,0.0031735663767904045,8.554021824232776e-05,0.012633964115032814,0.0014281048695556822,0.08001132619503659,0.7140048397304545,0.7121309718246615,0.6040247355331203,1.1154249340013664,1.115122007372136,1.097645718004409,0.01777921599695742,0.017476289367726938,0.0003029266292304822,0.7140048397304545,1.115424934001366,0.0,0.0
main,dfl_mlp,2264-10-01,2264-07-01,0.0003832333835438,0.0008516297412084444,0.0013046672443652,0.0052084649178442,0.0567254796428191,0.00186701868660748,9.76605493882112e-05,0.007447186213529466,0.000840158408973366,0.06603545700612193,0.7127140987676795,0.709485334823141,0.6637128700193484,1.117004610237269,1.1164745515958974,1.1089601928744597,0.008044417362809364,0.007514358721437686,0.0005300586413716779,0.7127140987676795,1.1170046102372684,0.0,0.0
main,dfl_mlp,2265-01-01,2264-10-01,0.0009981722821564,0.0022181606270142225,0.0012819578311248,0.0051179792536732,0.0562800563091193,0.003068911610171199,0.00013865568096796887,0.012219252655875756,0.0013810102245770395,0.07913751381419974,0.7118540738486289,0.7118199423290442,0.6074932523128109,1.1124859543520116,1.1124805609480886,1.0959950371279954,0.01649091722401619,0.016485523820093162,5.393403923026341e-06,0.7118540738486289,1.1124859543520107,0.0,0.0
main,dfl_mlp,2265-04-01,2265-01-01,0.000433462879131,0.0009632508425133333,0.0013778720866894,0.005500107617964,0.0581182686688342,0.002588867396116257,8.633809199906784e-05,0.010315325537961662,0.0011649903282523156,0.07467536374954174,0.7054587485268955,0.7022758181791348,0.625713089732686,1.1154591679500723,1.1149382324731745,1.1024075651012364,0.013051602848835886,0.012530667371938087,0.0005209354768977992,0.7054587485268955,1.115459167950072,0.0,0.0
main,dfl_mlp,2265-07-01,2265-04-01,0.0003915152026273,0.0008700337836162222,0.0013373935608591,0.0053388520793814,0.0573560858472134,0.0034016366116702557,0.00036872411420480345,0.013537276966102851,0.0015307364752516152,0.08181300464333556,0.7094835059749226,0.7062042607448661,0.59696976735224,1.116415493217762,1.115877418762719,1.0979536935209036,0.01846179969685835,0.017923725241815402,0.0005380744550429473,0.7094835059749226,1.1164154932177612,0.0,0.0
main,dfl_mlp,2265-10-01,2265-07-01,0.0004780472167703,0.0010623271483784444,0.0012948806371784,0.0051694709353027,0.0565343241983939,0.002230623597279191,5.361869616342124e-05,0.00889268467005444,0.001003780618775636,0.07074015875359452,0.71320381807144,0.7104854961314429,0.6425442461463158,1.1164087904338118,1.115965107210269,1.104875768467361,0.011533021966450896,0.011089338742908073,0.0004436832235428234,0.7132038180714393,1.1164087904338114,0.0,0.0
main,dfl_mlp,2266-01-01,2265-10-01,0.000522952125431,0.0011621158342911113,0.00115345278758,0.0046058345670114,0.0536298016852614,0.0024319633841514586,0.00017852210488913353,0.009692424361077312,0.0010943835228681563,0.07302547386812434,0.7280523694352049,0.7260113542095582,0.6326782110345084,1.1185054327249022,1.118173215699496,1.1029813353020537,0.015524097422848548,0.015191880397442237,0.0003322170254063117,0.7280523694352049,1.118505432724902,0.0,0.0
main,dfl_mlp,2266-04-01,2266-01-01,0.0005732321320332,0.001273849182296,0.0013056049688143,0.0052122011485038,0.0567437325953045,0.002302021998912096,6.855201047522147e-05,0.009176340932334104,0.0010359098995104431,0.07157377411708107,0.7116578315787849,0.7093899648767557,0.6389152552529702,1.1154790643444956,1.1151110628792025,1.103675295342927,0.011803769001568654,0.01143576753627551,0.00036800146529314404,0.7116578315787849,1.1154790643444956,0.0,0.0
main,dfl_mlp,2266-07-01,2266-04-01,0.0003904005716399,0.0008675568258664445,0.0013270261172001,0.0052975478233681,0.0571577331769059,0.00356742599979043,0.00012439651879902545,0.014193526271404577,0.0016053416999056937,0.08304313321136493,0.7104889833317494,0.7072332631891344,0.5922251524121964,1.1165883961473682,1.1160541455134565,1.0971817752248365,0.019406620922531648,0.01887237028861999,0.0005342506339116593,0.7104889833317459,1.1165883961473675,0.0,0.0
main,dfl_mlp,2266-10-01,2266-07-01,0.0005553773447706,0.001234171877268,0.0013763860320735,0.0054941879235644,0.0580906264179746,0.0029284290969371794,0.00020515437776509588,0.011662362585633468,0.0013177930936217309,0.07791305422139302,0.7049898915782472,0.7024175849869919,0.6124068937777075,1.1145229476443972,1.114105086145112,1.0994831890088002,0.015039758635597034,0.014621897136311901,0.0004178614992851326,0.7049898915782469,1.114522947644397,0.0,0.0
main,dfl_mlp,2267-01-01,2266-10-01,0.0004916384445079,0.001092529876684222,0.0013070183944374,0.0052178327234336,0.0567712244172729,0.001653130305930972,0.00011217435717807309,0.0065961422483662435,0.0007439086376689374,0.0628379217697879,0.7119319456943396,0.709246366931293,0.6788154140872413,1.1161044357328826,1.1156664618383467,1.1107036720237582,0.0054007637091244565,0.004962789814588531,0.0004379738945359257,0.7119319456943396,1.116104435732882,0.0,0.0
main,dfl_mlp,2267-04-01,2267-01-01,0.0005859284493194,0.001302063220709778,0.0011240196275451,0.0044885036682817,0.0529894563506237,0.00301970886066556,0.000262627945669041,0.012024233652465077,0.001358868987299502,0.07871560100173403,0.7311256960814019,0.7295197061454491,0.6091792506680358,1.11854524348805,1.1182848471307374,1.0987727595752153,0.019772483912834815,0.01951208755552214,0.0002603963573126755,0.7311256960814015,1.1185452434880494,0.0,0.0
main,dfl_mlp,2267-07-01,2267-04-01,0.0004528028375653,0.0010062285279228889,0.0012499653927928,0.0049904948996823,0.0556413033382195,0.0017679482698440552,6.538768744299049e-05,0.007053061326984467,0.0007955767214298248,0.06459945253644622,0.7179054641254445,0.7151928293040526,0.6704202372550498,1.1173574216604782,1.116913981897928,1.1095949180009455,0.007762503659532793,0.007319063896982447,0.0004434397625503461,0.7179054641254445,1.1173574216604778,0.0,0.0
main,dfl_mlp,2267-10-01,2267-07-01,0.0006681377684433,0.0014847505965406664,0.001368327837074,0.0054620876661686,0.0579402899940771,0.0029672328382730484,0.00020652045127646907,0.011816208950932827,0.001335254777222872,0.07825744182398074,0.7051767033082685,0.7031895452539174,0.6110185200771784,1.113758134266723,1.1134375686670714,1.098568665868147,0.015189468398576045,0.014868902798924388,0.00032056559965165654,0.7051767033082685,1.1137581342667229,0.0,0.0
main,dfl_mlp,2268-01-01,2267-10-01,0.0011801433739145,0.0026225408309211115,0.0013593779880065,0.0054264345455504,0.057772431701261,0.0029872284270823003,0.00017948015364600253,0.011895479053180336,0.0013442527921870351,0.07843303322911933,0.7034694933355257,0.704053324759872,0.6103125690053683,1.109880926267259,1.101672809413211,1.0953299482496177,0.01455097801764138,0.006342861163593394,0.008208116854047987,0.7034694933355257,1.1098809262672586,0.0,0.0
main,dfl_mlp,2268-04-01,2268-01-01,0.0004496953609496,0.0009993230243324446,0.0013884916230887,0.0055424097422557,0.0583150650190004,0.0035853898152709007,0.00030064285079460236,0.014264613336100296,0.0016134254168719054,0.08317273007123945,0.7044001489551985,0.7012680311870466,0.5917286208735314,1.1151715702320997,1.114659459435353,1.096749432149274,0.01842213808282578,0.017910027286079044,0.0005121107967467342,0.7044001489551985,1.1151715702320997,0.0,0.0
main,dfl_mlp,2268-07-01,2268-04-01,0.0007216311512406,0.0016036247805346667,0.0014331884740148,0.005720441491872,0.0591294407961849,0.002365419641137123,0.00019317710208512293,0.009428160212849312,0.0010644388385117054,0.07229224673463477,0.6990510353404771,0.6971257693233908,0.6358154699457343,1.1123960039031133,1.112086452531566,1.1022287564553481,0.010167247447765204,0.009857696076217781,0.00030955137154742296,0.6990510353404771,1.1123960039031129,0.0,0.0
main,dfl_mlp,2268-10-01,2268-07-01,0.0004933266065494,0.0010962813478875555,0.0014594480520611,0.0058250247064389,0.0595976903852063,0.002681654691696167,0.0003283177938482561,0.010683548221789074,0.001206744611263275,0.07560267371874774,0.6978804482529879,0.6947643396865302,0.6218541158976498,1.1138010853733638,1.1132929517268455,1.1014037196631594,0.012397365710204333,0.011889232063686084,0.0005081336465182495,0.6978804482529879,1.1138010853733633,0.0,0.0
main,dfl_mlp,2269-01-01,2268-10-01,0.0006965828243843,0.0015479618319651112,0.0012728689645546,0.0050817629323739,0.0560999448166684,0.0024436972569674255,0.00019074064382598515,0.009739017426187213,0.0010996637656353414,0.07315262313236223,0.7143034202702817,0.7127680147348779,0.6321368333483579,1.1150272596658148,1.114780006907111,1.1017956313948127,0.013231628271002105,0.012984375512298252,0.0002472527587038531,0.7143034202702817,1.1150272596658146,0.0,0.0
main,dfl_mlp,2269-04-01,2269-01-01,0.0003433634781658,0.0007630299514795555,0.0011097697239302,0.0044316948282834,0.0526746557563152,0.0025081711821258066,4.034166680667286e-05,0.009995002267698117,0.001128677031956613,0.07384019881359191,0.7341172568811549,0.7312561129678237,0.6292226923553739,1.1208110086089915,1.120340160554808,1.103548891393823,0.01726211721516857,0.016791269160985056,0.0004708480541835147,0.7341172568811549,1.1208110086089915,0.0,0.0
main,dfl_mlp,2269-07-01,2269-04-01,0.0002739551089143,0.0006087891309206667,0.0010801324813057,0.004313534847501,0.0520096252985666,0.0018506582593545318,5.829230865626821e-05,0.0073821087632746085,0.0008327962167095393,0.06580336659257473,0.738096805776345,0.7349499548449632,0.6647888227605727,1.1219782094622683,1.1214581594646922,1.1098632992803323,0.012114910181936,0.011594860184359845,0.0005200499975761552,0.7380968057763444,1.121978209462268,0.0,0.0
main,dfl_mlp,2269-10-01,2269-07-01,0.0005663265195348,0.001258503376744,0.0011920530536936,0.0047596930454425,0.0544500855050879,0.0017589812399819494,9.41043370184553e-05,0.0070173826295967245,0.0007915415579918773,0.06446576234397468,0.7235030676615113,0.7215629801328798,0.6710508378965312,1.117451125625319,1.117136178150685,1.1089362019120488,0.008514923713270228,0.00819997623863622,0.00031494747463400863,0.7235030676615113,1.1174511256253183,0.0,0.0
main,dfl_mlp,2270-01-01,2269-10-01,0.0005126268933547,0.0011391708741215554,0.0014703271412839,0.0058683501036246,0.0597895319490197,0.0027978661935776474,0.00010974298615896754,0.011144583989013745,0.0012590397871099415,0.0767175669019091,0.6968536275984398,0.6938010966939065,0.6172659773032645,1.1134991503341505,1.1130019732365335,1.1005364127837631,0.012962737550387349,0.012465560452770363,0.0004971770976169854,0.6968536275984398,1.1134991503341505,0.0,0.0
main,dfl_mlp,2270-04-01,2270-01-01,0.0011086434023836,0.002463652005296889,0.0017778487401034,0.0070924529508815,0.0647463241093117,0.005116623360663652,0.0006034909883257784,0.02030994955899501,0.0023024805122986436,0.09228044802298987,0.6708934375411706,0.6697286784740563,0.558297279022401,1.105272281674592,1.1050895151758673,1.0876044169261943,0.017667864748397655,0.017485098249673037,0.00018276649872461803,0.6708934375411706,1.1052722816745912,0.0,0.0
main,dfl_mlp,2270-07-01,2270-04-01,0.0011850944445226,0.002633543210050222,0.0027117086841063,0.0108027942591528,0.0758958198139841,0.00258815148845315,0.00030245490436456236,0.010312484087401375,0.0011646681698039175,0.07466807442393168,0.6239045900260477,0.6206423401521975,0.625743580978317,1.097422112488856,1.09691271525207,1.0682339441295707,0.02918816835928517,0.02867877112249917,0.0005093972367860022,0.6239045900260477,1.0974221124888557,0.0029475325059655777,0.0
main,dfl_mlp,2270-10-01,2270-07-01,0.0014679574019085,0.0032621275597966666,0.003998889974007,0.0158998687011012,0.0859785766822783,0.01010622913017869,0.0013841159407038865,0.03981621971949589,0.004547803108580411,0.11150651853629374,0.5860066273293614,0.5811285298696758,0.4962287162797992,1.089846785729777,1.0890988737492815,1.0760819981639813,0.013764787565795578,0.01301687558530018,0.0007479119804953971,0.5860066273293614,1.089846785729777,0.0,0.0
main,dfl_mlp,2271-01-01,2270-10-01,0.0008209982310766,0.0018244405135035555,0.0027980502570269,0.011145314080064,0.0767192936574786,0.008420238178223372,0.0005583238271436109,0.03325793321354653,0.0037891071802005176,0.1057723524252331,0.6221215524621573,0.6172589140177166,0.5135565429852811,1.0994088138727818,1.0986318127897277,1.08206120908804,0.017347604784741844,0.016570603701687725,0.0007770010830541185,0.6221215524621567,1.099408813872781,0.0,0.0
main,dfl_mlp,2271-04-01,2271-01-01,0.0006591155454241,0.0014647012120535556,0.0021259260807564,0.0084766253654107,0.0694678969093045,0.005652177054435015,0.0005196603239931668,0.02241774684718001,0.002543479674495757,0.09484458383652809,0.6522007981193635,0.6481515368277273,0.5493679983372337,1.1052709772362683,1.104617390649921,1.0886728538420294,0.01659812339423894,0.01594453680789165,0.0006535865863472878,0.652200798119363,1.1052709772362677,0.0,0.0
main,dfl_mlp,2271-07-01,2271-04-01,0.0006545198184709,0.001454488485490889,0.0015339640366912,0.0061217523051827,0.060887319938257,0.007259364612400532,0.0010190555278368877,0.028722795651890842,0.0032667140755802395,0.10151913680347578,0.6908852188625932,0.6883356610055138,0.5270618758379016,1.111546736088574,1.111135097730042,1.085096670707804,0.026450065380769994,0.02603842702223802,0.00041163835853197384,0.6908852188625932,1.1115467360885734,0.0,0.0
main,dfl_mlp,2271-10-01,2271-07-01,0.0005005507013,0.0011123348917777777,0.0014904598359848,0.0059485237599187,0.0601412938120538,0.004049559030681849,0.0002663487739845951,0.016100107917458084,0.001822301563806832,0.08630113622405063,0.6952079873838639,0.6920412098066199,0.5799278578849042,1.1133150734241455,1.1127989061185397,1.094525047164987,0.018790026259158488,0.018273858953552713,0.0005161673056057747,0.6952079873838636,1.113315073424145,0.0,0.0
main,dfl_mlp,2272-01-01,2271-10-01,0.0004489385934251,0.0009976413187224443,0.0011855418615692,0.0047337410524298,0.0543132310023734,0.003850366501137614,0.0006208503629451292,0.015312742183297368,0.0017326649255119263,0.08500771828455267,0.7248363700252228,0.7223015966940501,0.5847643469905013,1.1185184399600125,1.118103977616115,1.0956151774601737,0.022903262499838872,0.022488800155941346,0.0004144623438975259,0.7248363700252225,1.1185184399600123,0.0,0.0
main,dfl_mlp,2272-04-01,2272-01-01,0.0006115327805395,0.0013589617345322223,0.0012947162788042,0.0051688160522326,0.0565311036036629,0.0018047040095552803,4.183664593157909e-05,0.007199297799610815,0.0008121168042998761,0.065140883628188,0.7125418197550576,0.7105023695800728,0.6678771632579621,1.1153495989159947,1.1150194431929594,1.108119075640278,0.007230523275716827,0.00690036755268153,0.00033015572303529694,0.7125418197550576,1.115349598915994,0.0,0.0
main,dfl_mlp,2272-07-01,2272-04-01,0.000737414020626,0.0016386978236133333,0.0012895434678408,0.0051482049121083,0.0564295679415944,0.0025319423526525497,7.93688147741765e-05,0.010089369903465872,0.0011393740586936475,0.07408909154761638,0.7124182356336706,0.7110347172476801,0.6281733513579237,1.1144327916313976,1.1142105628011072,1.1009008846613817,0.013531906970015939,0.0133096781397255,0.0002222288302904385,0.7124182356336706,1.1144327916313974,0.0,0.0
main,dfl_mlp,2272-10-01,2272-07-01,0.0005997599785153,0.0013327999522562222,0.0012754333285919,0.0050919812298109,0.0561508699106564,0.002368318010121584,8.060237511686992e-05,0.009439671562765595,0.0010657431045547128,0.07232462155538388,0.7145376887315745,0.7124997175077113,0.635676392690977,1.1157568206184842,1.1154266643886492,1.102981101375854,0.012775719242630323,0.012445563012795313,0.00033015622983501025,0.7145376887338786,1.1157568206188573,0.0,0.0
main,dfl_mlp,2273-01-01,2272-10-01,0.0007356400817725,0.0016347557372722221,0.0013415868513136,0.0053555579289863,0.0574359443921487,0.0021980760619044306,0.00010834383680276582,0.008763357474385947,0.0009891342278569937,0.07035117095943612,0.7073557249151222,0.7057907507492633,0.6442497463085222,1.1136321695525524,1.1133807664699211,1.1034945980192685,0.010137571533283873,0.0098861684506526,0.0002514030826312741,0.7073557249151218,1.113632169552552,0.0,0.0
main,dfl_mlp,2273-04-01,2273-01-01,0.0005699706554343,0.0012666014565206666,0.0016994307781147,0.0067804143465663,0.0635614712392767,0.0023920053150504827,0.0001491712111147124,0.009533745836146856,0.0010764023917727173,0.07258769729529554,0.6787417343051063,0.6753443446142258,0.6345481700411533,1.110159982651533,1.1096085853077535,1.102987354203084,0.007172628448449014,0.0066212311046696115,0.0005513973437794029,0.6787417343051031,1.1101599826515325,0.0,0.0
main,dfl_mlp,2273-07-01,2273-04-01,0.0008925059132624,0.0019833464739164443,0.0019312389466067,0.007702606480946,0.0669280719476411,0.0038554881233721972,0.00033182416285824955,0.015332992784574784,0.0017349696555174889,0.08504185048876937,0.6621614176883717,0.6596033772555137,0.5846359593185128,1.1053332883634355,1.1049263682328418,1.0930009306575341,0.012332357705901353,0.011925437575307729,0.0004069201305936243,0.6621614176883717,1.105333288363435,0.0,0.0
main,dfl_mlp,2273-10-01,2273-07-01,0.0009426351207876,0.0020947447128613333,0.0024791647033059,0.0098798421800306,0.0735331533055298,0.004006783198565245,0.00017143151345555693,0.015931063971502346,0.0018030524393543603,0.08602910571557638,0.6342127707698423,0.6305212492189594,0.5809402057927568,1.1005694331715368,1.0999840551296185,1.092121808162605,0.008447625008931814,0.007862246967013542,0.0005853780419182719,0.6342127707698423,1.1005694331715368,0.0,0.0
main,dfl_mlp,2274-01-01,2273-10-01,0.0010741073130989,0.002386905140219778,0.0022948545693215,0.0091478684466839,0.0714912820431462,0.003634307300671935,0.0001568071335479682,0.014458171901376105,0.0016354382853023708,0.08352214739909411,0.6419911312836005,0.6392728045769235,0.5903929920086171,1.1009588363650813,1.10053135522431,1.0928445683542598,0.00811426801082149,0.0076867868700500885,0.00042748114077140187,0.6419911312836005,1.1009588363650813,0.0,0.0
main,dfl_mlp,2274-04-01,2274-01-01,0.0013757748422519,0.003057277427226444,0.0029713545754978,0.0118325494717016,0.0782937400622554,0.005386294983327389,0.0007961843282346837,0.02137173112222046,0.0024238327424973252,0.0936000003600297,0.6139884385568107,0.6108724792393883,0.5536769012647214,1.0947029592055444,1.0942223466246013,1.0854003718975131,0.00930258730803124,0.008821974727088122,0.0004806125809431183,0.6139884385568105,1.0947029592055442,0.0,0.0
main,dfl_mlp,2274-07-01,2274-04-01,0.0013844101962574,0.003076467102794222,0.0038498689640023,0.0153107749332865,0.0850043999702515,0.006744390446692705,0.00037422442024251444,0.02670586602576197,0.003034975701011717,0.09950663749732756,0.5896615347453322,0.5847768321883544,0.5336452731540893,1.0908998034267936,1.0901467977174766,1.082264566316496,0.008635237110297567,0.007882231400980544,0.0007530057093170228,0.5896615347453322,1.0908998034267932,0.0,0.0
main,dfl_mlp,2274-10-01,2274-07-01,0.0019084036023496,0.004240896894110223,0.0032798937741521,0.0130551698983567,0.0808680041105454,0.007786769885569811,0.0007762343043260498,0.030785161719650622,0.003504046448506415,0.10349282767390554,0.6024952657484836,0.6006541922540101,0.5207256305406336,1.0897211632902153,1.0894469980560335,1.0775443592392313,0.01217680405098398,0.011902638816802202,0.00027416523418177796,0.6024952657484836,1.0897211632902148,0.0,0.0
main,dfl_mlp,2275-01-01,2274-10-01,0.0014772736822783,0.0032828304050628886,0.0044428418682129,0.0176532848062817,0.0886709492571105,0.006361794099211693,0.0004430457866262782,0.02520537012278179,0.002862807344645262,0.097943411282718,0.5768735175365883,0.5712152163351506,0.5388438941090832,1.0883927502915458,1.0875257442842168,1.082565575174089,0.005827175117456784,0.0049601691101277545,0.0008670060073290298,0.5768735175365883,1.0883927502915454,0.0,0.0
main,dfl_mlp,2275-04-01,2275-01-01,0.0013974584658552,0.003105463257456,0.0025660962382532,0.0102249433996629,0.0744424716583047,0.008404280990362167,0.0003314742098918888,0.03319570178143594,0.0037819264456629754,0.10571596278193196,0.6287728969785632,0.626688493623425,0.513731956812879,1.0968470066125686,1.0965259555200535,1.0791277780222785,0.01771922859029007,0.017398177497774947,0.0003210510925151233,0.6287728969785632,1.0968470066125682,0.0,0.0
main,dfl_mlp,2275-07-01,2275-04-01,0.0010542327511592,0.0023427394470204445,0.0019567263137936,0.0078039625407939,0.067274432382921,0.00799243114888668,0.00043679607017619757,0.03158848897362787,0.003596594016999006,0.10424265716064393,0.6599411216701122,0.6580208558738849,0.5183497625148392,1.1039127929975652,1.103610432414732,1.0816181471405055,0.022294645857059647,0.021992285274226475,0.00030236058283317213,0.6599411216701122,1.103912792997565,0.0,0.0
main,dfl_mlp,2275-10-01,2275-07-01,0.0016328839926321,0.0036286310947379998,0.0034848395682138,0.0138666627655348,0.0824381987888038,0.003038968425244093,0.0002484306852746119,0.012100573904641254,0.0013675357913598418,0.07888162156824013,0.5978319552108883,0.594551207301094,0.6085149357958232,1.0906738661759512,1.0901762713345629,0.9135989463099843,0.1770749198659669,0.17657732502457857,0.000497594841388338,0.5978319552108883,1.0906738661759507,0.017869521992432857,0.0
main,dfl_mlp,2276-01-01,2275-10-01,0.0015500938084104,0.0034446529075786666,0.005025609313327,0.0199514038437951,0.0918206105399572,0.007813947834074497,0.0006405272739678498,0.030891349332978324,0.0035162765253335237,0.10359250307329647,0.5663453623025292,0.5599200638023527,0.5204088076597546,1.086367136471554,1.085387284477747,1.0793618549808826,0.007005281490671367,0.006025429496864465,0.0009798519938069017,0.5663453623025292,1.0863671364715537,0.0,0.0
main,dfl_mlp,2276-04-01,2276-01-01,0.0011334918788481,0.0025188708418846665,0.0034322553878931,0.0136585008835593,0.0820449655694641,0.008720644377171993,0.0005759300881303004,0.034428926702426366,0.0039242899697273965,0.10682519091402631,0.6010393445946871,0.5960706822724195,0.5102994255325293,1.0941618777322448,1.0933834618460136,1.0799461009432452,0.014215776788999657,0.01343736090276848,0.0007784158862311763,0.6010393445946866,1.0941618777322442,0.0,0.0
main,dfl_mlp,2276-07-01,2276-04-01,0.0013905821259064,0.0030901825020142218,0.0046899474429766,0.0186282282789562,0.0900532280066749,0.007240928802639246,0.0006989890939357085,0.028650644759990906,0.0032584179611876607,0.10144866715456816,0.5725940099235508,0.5662190690810348,0.5272903138699474,1.088233403711149,1.0872510624374991,1.08125236787384,0.006981035837309024,0.0059986945636592015,0.0009823412736498227,0.5725940099235508,1.0882334037111487,0.0,0.0
main,dfl_mlp,2276-10-01,2276-07-01,0.0034169541416741,0.007593231425942443,0.0069287190687122,0.0274281615947293,0.1002380033261579,0.007117148954421282,0.0004764178055341962,0.028166112439262037,0.003202717029489577,0.10097266908479308,0.5351744501584806,0.5312385251781527,0.5288373048126229,1.071622642086753,1.0710958954416865,1.070774539019008,0.0008481030677449652,0.0003213564226784982,0.0005267466450664671,0.5351744501584806,1.0716226420867527,0.0,0.0
main,dfl_mlp,2277-01-01,2276-10-01,0.0040429724650422,0.008984383255649332,0.007243668744142,0.0286613681246875,0.1014591472444672,0.008963965810835361,0.0009292845159244178,0.03537662180325574,0.004033784614875913,0.10766665973223125,0.52993574861239,0.5272563333367937,0.5077207571524662,1.0676040493680674,1.0672622356235832,1.0647700767906363,0.002833972577431121,0.0024921588329469557,0.00034181374448416513,0.52993574861239,1.067604049368067,0.0,0.0
main,dfl_mlp,2277-04-01,2277-01-01,0.0021500956947879,0.004777990432862,0.0062148037421077,0.0246284309203044,0.097324649752349,0.01192074716091156,0.0005868984997208358,0.046837119126361126,0.005364336222410202,0.11733248187433765,0.5474210341693916,0.5409220747397221,0.4796331683649215,1.0801966576524182,1.0792445663151369,1.0702658001815177,0.0099308574709005,0.008978766133619143,0.0009520913372813578,0.5474210341693916,1.0801966576524178,0.0,0.0
main,dfl_mlp,2277-07-01,2277-04-01,0.0029396222290089,0.006532493842242,0.0068555227971709,0.0271413886116477,0.0999491450237704,0.009519918262958527,0.0005289854993939416,0.03753934289258465,0.004283963218331337,0.10955622221749574,0.5373779456457997,0.5321871490325216,0.502009444103064,1.0744826133244991,1.0737631493045745,1.069580405398737,0.004902207925762125,0.004182743905837505,0.0007194640199246205,0.5373779456457997,1.074482613324499,0.0,0.0
main,dfl_mlp,2277-10-01,2277-07-01,0.0042595922270888,0.009465760504641776,0.0091419527858404,0.0360694085199131,0.1082763482889908,0.009839757904410362,0.00044927076944981646,0.03878190800399317,0.004427891056984663,0.11062502864197343,0.5108923715382856,0.5058659808016054,0.49882719656624835,1.0640679866715976,1.0634376567769577,1.0625549645315888,0.0015130221400088129,0.0008826922453688546,0.0006303298946399583,0.5108923715382856,1.0640679866715972,0.0,0.0
main,dfl_mlp,2278-01-01,2277-10-01,0.00429128602443,0.009536191165399999,0.0091752486796812,0.0361989661817274,0.1083898850586973,0.011789461784064769,0.0006882040488983514,0.04633043389832625,0.005305257802829146,0.11691994041867691,0.5105135900052884,0.5055218387303569,0.48077603925387374,1.0638586847801756,1.0632342808908224,1.0601388996133412,0.003719785166834466,0.003095381277481213,0.0006244038893532533,0.5105135900052884,1.0638586847801754,0.0,0.0
main,dfl_mlp,2278-04-01,2278-01-01,0.004146497491951,0.009214438871002222,0.010278799452964,0.0404856083135056,0.1120733513472329,0.012500108405947685,0.0005695370281848561,0.04907070565118177,0.005625048782676458,0.11913821825039249,0.5014545919416725,0.4945701547789484,0.47468662563259717,1.0634515693680664,1.062580446939016,1.060064484079794,0.0033870852882724733,0.002515962859222176,0.0008711224290502972,0.5014545919416725,1.0634515693680662,0.0,0.0
main,dfl_mlp,2278-07-01,2278-04-01,0.0046061463925642,0.01023588087236489,0.009919092593201,0.0390899339998069,0.1108882868002726,0.012197327241301537,0.000814472778415241,0.04790389669956385,0.005488797258585692,0.11819748745619661,0.503285360452614,0.4980486983393966,0.47725232943636353,1.0613698800812474,1.0607313291692453,1.0581954503895474,0.003174429691700009,0.0025358787796978532,0.000638550912002156,0.503285360452614,1.061369880081247,0.0,0.0
main,dfl_mlp,2278-10-01,2278-07-01,0.003232371753227,0.007183048340504444,0.0055397483041114,0.0219755394401659,0.0943246585925493,0.013205103017389775,0.0006718680595153146,0.05178334373473026,0.005942296357825398,0.1213042517338189,0.5532288215728726,0.5511622948780507,0.46887048315363933,1.0750600298650104,1.0747796512054364,1.0636146041131342,0.011445425751876126,0.01116504709230215,0.00028037865957397656,0.5532288215728726,1.07506002986501,0.0,0.0
main,dfl_mlp,2279-01-01,2278-10-01,0.003531921966413,0.007848715480917777,0.0076521395588131,0.0302590156590394,0.1029963036374174,0.010025510005652905,0.0005111522236347509,0.039502995505104166,0.0045114795025438074,0.11124031625260072,0.5270696965045212,0.5223084013184157,0.4970109629798215,1.06993201862361,1.0693002862629075,1.065943802403645,0.003988216219965146,0.003356483859262571,0.0006317323607025749,0.5270696965045211,1.0699320186236094,0.0,0.0
main,dfl_mlp,2279-04-01,2279-01-01,0.0039861592348777,0.008858131633061556,0.0070667839765154,0.0279689084423079,0.1007775226327776,0.010052277147769928,0.0008335129863522034,0.039606871786288966,0.004523524716496468,0.11132866827353323,0.5320176625335035,0.5294735276284367,0.4967510996790137,1.068171896119369,1.0678458947237832,1.0636528949118627,0.004519001207506257,0.004192999811920561,0.0003260013955856955,0.5320176625335032,1.0681718961193682,0.0,0.0
main,dfl_mlp,2279-07-01,2279-04-01,0.0044041840153226,0.009787075589605778,0.0075756210412234,0.0299598797269177,0.1027119742411321,0.011388305388391019,0.0007933741909289298,0.04478095169216678,0.005124737424775958,0.1156513426304373,0.5254414532904848,0.5232181671217584,0.4843207343268674,1.065132755657103,1.064857161194815,1.0600355070027967,0.0050972486543063855,0.004821654192018299,0.0002755944622880868,0.5254414532904848,1.065132755657103,0.0,0.0
main,dfl_mlp,2279-10-01,2279-07-01,0.0025787611192688,0.0057305802650417775,0.0072108103046345,0.0285327635304563,0.1013333072103922,0.012580860592424869,0.0013666156786240006,0.04938171409477221,0.005661387266591191,0.1193880359324273,0.5344390623488433,0.5276645951950307,0.4740093657399063,1.076003855728569,1.075040442571728,1.067410004218911,0.008593851509657968,0.0076304383528169595,0.0009634131568410087,0.5344390623488433,1.0760038557285685,0.0,0.0
