split,model,date,feature_date,c_q_realised,pd_q_realised,pd_q_true,pd_a_true,k_irb_true,pd_q_hat,pd_q_hat_std,pd_a_hat,c_q_hat,k_irb_hat,alpha_oracle,alpha_bayes,alpha_hat,utility_oracle,utility_bayes_realised,utility,regret,regret_vs_bayes,regret_irreducible,alpha_oracle_panel,utility_oracle_panel,shortfall_realised_at_hat,shortfall_predicted_at_hat
main,dfl_mlp,2205-01-01,2204-10-01,0.001108485905089,0.002463302011308889,0.0030294976156542,0.0120630344607333,0.0788001227338899,0.006321146525442601,0.0007926007679359016,0.02504585343835175,0.0028445159364491705,0.09777338363656059,0.6130884200361235,0.608840902145873,0.5394137962842827,1.0962028558442354,1.0955363559758025,1.0846421918738427,0.011560663970392682,0.010894164101959758,0.0006664998684329237,0.6130884200361232,1.096202855844235,0.0,0.0
main,dfl_mlp,2205-04-01,2205-01-01,0.000825074562289,0.001833499027308889,0.002128649770699,0.0084874507441113,0.0695017803290689,0.0064421165734529495,0.0006098089441959263,0.025520528789479524,0.0028989524580538273,0.09827705873168258,0.651351830293593,0.6480011080487926,0.5377281108221504,1.1040529692265673,1.1035176938463356,1.0859016647614506,0.018151304465116702,0.01761602908488502,0.0005352753802316812,0.651351830293593,1.1040529692265673,0.0,0.0
main,dfl_mlp,2205-07-01,2205-04-01,0.0007897125308338,0.0017549167351862223,0.0018023114999266,0.0071897794466847,0.065105957680518,0.0061491414904594425,0.0007170533120659333,0.024370622929579366,0.002767113670706749,0.09704465379202687,0.6707102818342564,0.6680406870216903,0.5418662793499882,1.1073826442069192,1.106955234403165,1.0867543490224083,0.020628295184510925,0.020200885380756706,0.00042740980375421955,0.6707102818342564,1.1073826442069188,0.0,0.0
main,dfl_mlp,2205-10-01,2205-07-01,0.0009297346517341,0.0020660770038535554,0.001925890756271,0.0076813372530374,0.0668548327569975,0.005527985095977783,0.0007557110847535292,0.02192926344512003,0.0024875932931900024,0.0942697351615804,0.6623193412951117,0.6599388660138555,0.5513523179067764,1.105111836916421,1.104734049172735,1.08750107585562,0.01761076106080095,0.01723297331711504,0.00037778774368590895,0.6623193412951117,1.1051118369164206,0.0,0.0
main,dfl_mlp,2206-01-01,2205-10-01,0.0007933008565608,0.0017628907923573332,0.0026720990332568,0.0106456317189437,0.0755087430056115,0.005708465352654457,0.000744198047804985,0.022639084966013967,0.0025688094086945058,0.09510158068075872,0.6269511988284621,0.6222432191863146,0.5484841256369373,1.1003541921726572,1.0996006000356042,1.0877942038402275,0.012559988332429661,0.011806396195376712,0.0007535921370529497,0.6269511988284621,1.1003541921726572,0.0,0.0
main,dfl_mlp,2206-04-01,2206-01-01,0.001474800327299,0.0032773340606644446,0.003945531709204,0.0156889689555158,0.085634227797613,0.006366322562098503,0.0005839438497885092,0.02522314033773687,0.0028648451529443265,0.09796230385755615,0.5871679316818885,0.5824143049939694,0.5387806235870812,1.089984657944318,1.0892561551626991,1.0825692063625438,0.007415451581774146,0.006686948800155301,0.000728502781618845,0.5871679316818885,1.0899846579443175,0.0,0.0
main,dfl_mlp,2206-07-01,2206-04-01,0.0020244564710023,0.004498792157782889,0.0044068963990517,0.0175114031444941,0.0884634667304149,0.006256283540278673,0.0010750766696453699,0.024791265637543636,0.002815327593125403,0.09750036553728618,0.5757452637955617,0.5719705253847011,0.5403307350796183,1.0850694920682558,1.084511753951253,1.0798368029622423,0.005232689106013488,0.004674950989010718,0.0005577381170027707,0.5757452637955617,1.085069492068255,0.0,0.0
main,dfl_mlp,2206-10-01,2206-07-01,0.0021047902320725,0.004677311626827778,0.004113353386026,0.0163521735877862,0.0867013027068293,0.01057920902967453,0.0031618155743182745,0.04165004169659292,0.004760644063353538,0.11305303056853089,0.5813747518362679,0.5784433022095479,0.4917262563814874,1.0854342393201075,1.0850034566482196,1.0722602048592365,0.013174034460871065,0.012743251788983168,0.0004307826718878971,0.5813747518362679,1.0854342393201073,0.0,0.0
main,dfl_mlp,2207-01-01,2206-10-01,0.0015881415630261,0.0035292034733913334,0.0038153851899762,0.0151744197278607,0.0847732976688375,0.007003236934542656,0.0006166244198081393,0.02772004727155608,0.0031514566205441954,0.10053004447302775,0.5897567234400035,0.5856472391946552,0.5302820337253156,1.089712957892229,1.0890878289663364,1.0806657522870011,0.009047205605227981,0.008422076679335255,0.0006251289258927262,0.5897567234400035,1.0897129578922289,0.0,0.0
main,dfl_mlp,2207-04-01,2207-01-01,0.0017728289344466,0.003939619854325778,0.0041712923422757,0.0165810613041302,0.0870591795545866,0.007401221059262752,0.0006815617132655773,0.029277834495920252,0.0033305494766682387,0.10205783899733413,0.5812871665517264,0.577120274022934,0.5253206090152731,1.0873510168998362,1.0867248508314165,1.078940826559332,0.008410190340504053,0.0077840242720843555,0.0006261660684196979,0.5812871665517264,1.0873510168998357,0.0,0.0
main,dfl_mlp,2207-07-01,2207-04-01,0.0015941363588965,0.003542525241992222,0.0035776844837611,0.0142341219885763,0.0831172265521846,0.008421301376074553,0.0017132454574685547,0.03326207947176818,0.003789585619233549,0.10577610783074527,0.5955523021604364,0.5919411987044529,0.5135448644368443,1.0905588709779686,1.090009771510512,1.0780889318221563,0.012469939155812293,0.011920839688355667,0.0005490994674566263,0.5955523021604362,1.090558870977968,0.0,0.0
main,dfl_mlp,2207-10-01,2207-07-01,0.0032765913691527,0.007281314153672666,0.0063585319967021,0.0251925691026566,0.0979297957593443,0.008225885313004255,0.000664259290238432,0.03249977196268672,0.0037016483908519147,0.10508213766474298,0.542280562130349,0.5388895011607858,0.5157103677316105,1.073334816342543,1.0728762293107077,1.069741620379991,0.0035931959625519205,0.003134608930716709,0.00045858703183521143,0.542280562130349,1.073334816342543,0.0,0.0
main,dfl_mlp,2208-01-01,2207-10-01,0.0017763042034112,0.003947342674247111,0.0050877533227153,0.0201962280083179,0.0921354193432513,0.00884868334978819,0.0010482413514183568,0.034927703465443605,0.003981907507404685,0.10726917484411759,0.5646153623214532,0.5588083791617289,0.5089361279784238,1.0848260944559827,1.0839536709711064,1.0764610156664163,0.008365078789566383,0.007492655304690121,0.0008724234848762613,0.5646153623214532,1.0848260944559829,0.0,0.0
main,dfl_mlp,2208-04-01,2208-01-01,0.0015520359209546,0.003448968713232444,0.0054568029059741,0.0216492004918043,0.0939351873362121,0.00941500999033451,0.00030208687412482213,0.03713151590197239,0.00423675449565053,0.10920289598347332,0.5596371022981602,0.552511787198065,0.503069085429376,1.085333264331434,1.0842467988444524,1.0767077934390534,0.008625470892380527,0.00753900540539898,0.001086465486981547,0.5596371022981602,1.0853332643314335,0.0,0.0
main,dfl_mlp,2208-07-01,2208-04-01,0.0034121073983409,0.0075824608852019994,0.0083654432347557,0.0330442258749523,0.1055785123629606,0.008430408500134944,0.001413249731866953,0.033297594881271264,0.003793683825060725,0.10580826699339392,0.5203167508967405,0.5141599411480916,0.5134448727442418,1.0696594477984978,1.06883518072166,1.0687394481317243,0.0009199996667734744,9.573258993578193e-05,0.0008242670768376925,0.5203167508967405,1.0696594477984975,0.0,0.0
main,dfl_mlp,2208-10-01,2208-07-01,0.0018557734208431,0.004123940935206889,0.0063281375259748,0.0250732902022698,0.0978026844923525,0.011676763743162155,0.0020540939581891395,0.0458953238711346,0.00525454368442297,0.11656478604839474,0.5468710605851903,0.5393155221512994,0.48176378314862955,1.0817256503896893,1.0805965336068528,1.0719958713300493,0.009729779059640009,0.008600662276803561,0.001129116782836448,0.5468710605851903,1.0817256503896888,0.0,0.0
main,dfl_mlp,2209-01-01,2208-10-01,0.0025474746026976,0.0056610546726613325,0.0054985505894657,0.0218134620662575,0.0941318559234863,0.009727120399475098,0.0003234526742056699,0.038344452816747254,0.004377204179763794,0.1102500227519539,0.5559282334030703,0.5518297578878941,0.49993977921758775,1.0792338126565473,1.078649676392844,1.0712540440042042,0.007979768652343067,0.007395632388639717,0.0005841362637033498,0.5559282334030703,1.0792338126565466,0.0,0.0
main,dfl_mlp,2209-04-01,2209-01-01,0.0013706724539854,0.003045938786634222,0.0034668635992847,0.0137955060683037,0.0823044916125359,0.00878606690093875,0.001008763525321115,0.034683804775903826,0.003953730105422437,0.10705238637183251,0.5992503379126464,0.5950672001766245,0.5096010406999385,1.0924602974571416,1.0918148674341492,1.0786280137474926,0.013832283709648951,0.013186853686656619,0.0006454300229923327,0.5992503379126464,1.0924602974571411,0.0,0.0
main,dfl_mlp,2209-07-01,2209-04-01,0.0022888051544627,0.005086233676583778,0.0050302896669413,0.0199698442847412,0.0918444471403798,0.007215389795601368,0.0008501462364651182,0.028550687958716403,0.0032469254080206155,0.10135086642882458,0.5639100246145317,0.5598357760633873,0.5276076014343183,1.081830082425332,1.081238860279584,1.0765621670639998,0.005267915361332198,0.004676693215584171,0.0005912221457480271,0.5639100246145317,1.081830082425332,0.0,0.0
main,dfl_mlp,2209-10-01,2209-07-01,0.0032964038656676,0.007325341923705778,0.0060842721365262,0.0241158778904437,0.0967657619766427,0.008330742735415697,0.0011243339609030177,0.03290887113463803,0.003748834230937064,0.1054554549448941,0.5456663611240278,0.5428091181857285,0.5145436024263967,1.0736845816470966,1.0732987511001315,1.0694818900067056,0.004202691640390999,0.0038168610934259384,0.00038583054696506025,0.5456663611240278,1.073684581647096,0.0,0.0
main,dfl_mlp,2210-01-01,2209-10-01,0.0018033391239206,0.004007420275379111,0.0044157426364426,0.0175463218738105,0.0885146872056579,0.011021343804895879,0.0011533629921560914,0.043361895400400696,0.004959604712203146,0.11447977775820745,0.5763089936024567,0.5717839324863866,0.487635416658828,1.0864271053689065,1.085748497298894,1.0731290297479812,0.013298075620925331,0.01261946755091281,0.0006786080700125208,0.5763089936024567,1.0864271053689063,0.0,0.0
main,dfl_mlp,2210-04-01,2210-01-01,0.0018877053391632,0.004194900753696,0.0064090269147621,0.025390705235047,0.0981399801927678,0.008632331155240536,0.0007076358072814465,0.034084789247672775,0.003884549019858241,0.10651734857059722,0.5457690440799354,0.5381861204493319,0.5112482496239712,1.0813866880208323,1.08025590010513,1.076238845432297,0.005147842588535179,0.004017054672832865,0.0011307879157023137,0.5457690440799354,1.0813866880208318,0.0,0.0
main,dfl_mlp,2210-07-01,2210-04-01,0.0017593957983637,0.0039097684408082225,0.0048296915940283,0.0191792609346704,0.0908034067287465,0.010138197056949138,0.0014059722038354332,0.03994024756488723,0.004562188675627112,0.11161175429891751,0.5689485903608527,0.5635333323170643,0.49592006493727675,1.085573305586965,1.0847588180581014,1.0745893741237136,0.010983931463251384,0.01016944393438779,0.0008144875288635944,0.5689485903608527,1.0855733055869647,0.0,0.0
main,dfl_mlp,2210-10-01,2210-07-01,0.0015524384908304,0.0034498633129564442,0.0050405968130991,0.0200104531876537,0.0918968669773859,0.008550160098820925,0.0006999932675841527,0.03376450387056118,0.003847572044469416,0.10622968896301993,0.5660933637162756,0.5596504931548183,0.5121375057616738,1.0863154338319663,1.0853330531801515,1.0780884812025382,0.008226952629428075,0.007244571977613301,0.0009823806518147737,0.5660933637162756,1.0863154338319658,0.0,0.0
main,dfl_mlp,2211-01-01,2210-10-01,0.0014392163327345,0.0031982585171877777,0.0030919113982232,0.0123104042385885,0.0793322597025108,0.007676267437636853,0.0007515038860102825,0.03035332508648325,0.003454320346936584,0.10308563401550687,0.6098621606402133,0.6067175182452688,0.5220230836545583,1.0936796071644543,1.0931965654490576,1.0801868365733651,0.01349277059108922,0.013009728875692517,0.0004830417153967037,0.6098621606402129,1.093679607164454,0.0,0.0
main,dfl_mlp,2211-04-01,2211-01-01,0.0020585220799084,0.004574493510907556,0.0039613039700175,0.0157513127009812,0.0857365217302348,0.0061796908266842365,0.00030991070160360534,0.02449057435052726,0.0027808608720079064,0.09717520573436829,0.584812265412065,0.5820319157585786,0.5414257351878564,1.086209970979707,1.085800106349437,1.0798141552064116,0.00639581577329551,0.005985951143025359,0.0004098646302701514,0.584812265412065,1.0862099709797068,0.0,0.0
main,dfl_mlp,2211-07-01,2211-04-01,0.0020277759238647,0.004506168719699333,0.0027834388575351,0.0110873564379997,0.0765818439782166,0.00718604726716876,0.0007373914311916496,0.02843583507919767,0.003233721270225942,0.10123823983966636,0.6180102252339125,0.6178215613478778,0.5279733483164106,1.091293855284982,1.0912659854329858,1.0779934060755745,0.013300449209407539,0.01327257935741133,2.7869851996209505e-05,0.6180102252339124,1.0912938552849816,0.0,0.0
main,dfl_mlp,2211-10-01,2211-07-01,0.0011947764509305,0.0026550587798455554,0.0022000746972988,0.0087712993900627,0.0703752237189658,0.006878209114074707,0.0005599350575710731,0.027230277280090198,0.003095194101333618,0.1000388890058647,0.6461200377051932,0.6441440610941808,0.5318921517806594,1.1008284762792275,1.1005201207118012,1.0830029593253279,0.017825516953899667,0.0175171613864733,0.00030835556742636605,0.6461200377051932,1.100828476279227,0.0,0.0
main,dfl_mlp,2212-01-01,2211-10-01,0.0011801025865219,0.002622450192270889,0.0025447927315252,0.0101403809838904,0.0742226298947,0.0057935287244617936,0.00048385352715922314,0.022973501759341763,0.002607087926007807,0.09548594508642981,0.6305061602638896,0.6276115531236751,0.5471659508054609,1.0984844154188793,1.0980322807530545,1.085466760197295,0.013017655221584379,0.012565520555759546,0.00045213466582483264,0.6305061602638896,1.0984844154188789,0.0,0.0
main,dfl_mlp,2212-04-01,2212-01-01,0.0010604515258071,0.0023565589462379998,0.0021880932755144,0.0087236884702347,0.0702307027706004,0.006203461904078722,0.0006306042989090749,0.02458390340760508,0.002791557856835425,0.09727644850504567,0.6472862464498764,0.6447795119129378,0.5410844498407561,1.101879932526762,1.101485383829201,1.0851642492690057,0.01671568325775641,0.01632113456019524,0.00039454869756117006,0.6472862464498764,1.1018799325267616,0.0,0.0
main,dfl_mlp,2212-07-01,2212-04-01,0.001780850422317,0.0039574453829266665,0.0029766599759666,0.0118535822965206,0.078340383224592,0.006405338831245899,0.0005582526899891074,0.025376234650730578,0.002882402474060655,0.0981246698278692,0.6122902473297005,0.6106848988272422,0.5382373117373789,1.091960788096013,1.0917196784031855,1.0808386669327368,0.011122121163276155,0.010881011470448732,0.00024110969282742367,0.6122902473297005,1.0919607880960127,0.0,0.0
main,dfl_mlp,2212-10-01,2212-07-01,0.0017811117700162,0.003958026155591555,0.0031102793346829,0.0123831945732583,0.0794866750813382,0.0065062430687248705,0.0005744859401095455,0.02577208495802985,0.0029278093809261916,0.09854126636049894,0.6080217980244044,0.6061035428846844,0.5368469396184663,1.0913181142592232,1.0910300136638222,1.0806284418273862,0.01068967243183705,0.010401571836436085,0.0002881005954009641,0.6080217980244044,1.0913181142592228,0.0,0.0
main,dfl_mlp,2213-01-01,2212-10-01,0.0010001608290034,0.0022225796200075554,0.0020159113947739,0.0080392949399102,0.0680621333692535,0.006944427359849214,0.00037905786654561627,0.027489696267621877,0.0031249923119321464,0.10029973352461986,0.6567614044802221,0.6544466004648029,0.5310361302905251,1.1037672456450536,1.103401510333493,1.083902854525787,0.019864391119266633,0.019498655807706156,0.0003657353115604778,0.6567614044802221,1.1037672456450534,0.0,0.0
main,dfl_mlp,2213-04-01,2213-01-01,0.0006081986231529,0.0013515524958953333,0.0022246927838421,0.0088691196052923,0.0706697046517162,0.00530826672911644,0.00034665832734829584,0.021064598247376165,0.002388720028102398,0.0932244744724767,0.6473417604388453,0.6428525739834414,0.5549863309205043,1.1048162920796432,1.1040894119253473,1.0898622843712995,0.014954007708343653,0.014227127554047758,0.0007268801542958947,0.6473417604388453,1.1048162920796425,0.0,0.0
main,dfl_mlp,2213-07-01,2213-04-01,0.0009477670745016,0.002106149054448,0.0019354652077601,0.0077194136647936,0.0669858089896871,0.004327814001590014,0.0002585270186947462,0.01719920005072939,0.0019475163007155064,0.08800087032346446,0.6616663225979409,0.6593391112486936,0.5736596640415954,1.1048888866478053,1.104519971684054,1.0909378661435052,0.013951020504300082,0.013582105540548728,0.00036891496375135446,0.6616663225979409,1.1048888866478053,0.0,0.0
main,dfl_mlp,2213-10-01,2213-07-01,0.0007104353316769,0.0015787451815042221,0.0016395426296161,0.0065420595400508,0.0626220586319915,0.004789561871439219,0.0002917670724817322,0.019021047030333027,0.0021553028421476485,0.09059016931948485,0.6824424853735098,0.6798572035647685,0.5642949274319689,1.1098020250082823,1.109386064419806,1.0907925972692336,0.01900942773904868,0.018593467150572307,0.00041596058847637174,0.6824424853735098,1.1098020250082818,0.0,0.0
main,dfl_mlp,2214-01-01,2213-10-01,0.0006372760709415,0.0014161690465366666,0.0019479872144355,0.0077692104859685,0.0671561663528081,0.004288382548838854,0.0004951781956168178,0.017043503965121998,0.0019297721469774844,0.08776697793965423,0.6622804041587466,0.6585604605363903,0.5745164137531538,1.1070425533604311,1.1064413091424328,1.0928575018820497,0.01418505147838145,0.013583807260383107,0.0006012442179983424,0.6622804041587466,1.107042553360431,0.0,0.0
main,dfl_mlp,2214-04-01,2214-01-01,0.0007461354952337,0.001658078878297111,0.0017148145469576,0.0068416348158595,0.063797861667875,0.004235163563862443,0.0006014875228465078,0.01683333812916732,0.0019058236037380993,0.08744777756903688,0.6768464496194019,0.6742172319739725,0.5756886034698688,1.10866001192722,1.1082379208888873,1.092420268370434,0.016239743556786035,0.01581765251845324,0.0004220910383327947,0.6768464496194019,1.10866001192722,0.0,0.0
main,dfl_mlp,2214-07-01,2214-04-01,0.0006072533701547,0.0013494519336771109,0.0014813039483158,0.0059120632215968,0.0599818410703005,0.005027018487453461,0.0004993550874381521,0.019956955971380586,0.0022621583193540573,0.09182778952930362,0.6954630261449484,0.6928379468987029,0.5598946755523326,1.1126145657279063,1.1121894932967291,1.0906623262061836,0.02195223952172265,0.021527167090545474,0.00042507243117717586,0.6954630261449484,1.1126145657279063,0.0,0.0
main,dfl_mlp,2214-10-01,2214-07-01,0.0004840352604949,0.001075633912210889,0.0013991566998454,0.0055848919149023,0.0585114114051006,0.0041866923682391645,0.0005770517096152421,0.016641892351751175,0.001884011565707624,0.08715343488182893,0.7032573915604262,0.7002651949636737,0.5767725498846266,1.1147432280349625,1.1142550222932992,1.0941060058663201,0.02063722216864239,0.020149016426979083,0.00048820574166330566,0.7032573915604262,1.114743228034962,0.0,0.0
main,dfl_mlp,2215-01-01,2214-10-01,0.0009397445667588,0.002088321259464,0.0019818189545896,0.0079037412999386,0.0676111861110032,0.0035222898237407207,0.0004897427841155102,0.01401489478494189,0.0015850304206833244,0.08271439892418102,0.658974532605756,0.6564886242038613,0.5934874711704905,1.1045150441112803,1.1041207726889033,1.0941286288919234,0.010386415219356904,0.00999214379697988,0.00039427142237702384,0.658974532605756,1.10451504411128,0.0,0.0
main,dfl_mlp,2215-04-01,2215-01-01,0.0004920180754821,0.0010933735010713334,0.0015683403633377,0.0062586187288631,0.061463632563297,0.004249693593010306,0.00040307944656857474,0.01689072166816563,0.0019123621168546379,0.08753533460266959,0.6889156411464853,0.6854977639106327,0.5753667296004947,1.1123482382333454,1.1117908514315202,1.0938307022629385,0.01851753597040684,0.017960149168581685,0.0005573868018251549,0.6889156411464853,1.1123482382333452,0.0,0.0
main,dfl_mlp,2215-07-01,2215-04-01,0.0004845762285822,0.001076836063516,0.0016339395932666,0.0065197572632693,0.0625325695520748,0.004113452043384314,0.00044154655329125804,0.016352563367414086,0.0018510534195229412,0.08670191653658986,0.6839143105000065,0.6802899485114213,0.5784410262266639,1.1115835179914462,1.110992187973998,1.0943751046966181,0.01720841329482803,0.016617083277379763,0.0005913300174482661,0.6839143105000065,1.1115835179914455,0.0,0.0
main,dfl_mlp,2215-10-01,2215-07-01,0.0009760097036318,0.002168910452515111,0.0016543067288353,0.0066008246329017,0.0628565349281913,0.004621774144470692,0.00030113413630063375,0.01835932624324743,0.0020797983650118115,0.08967925976515416,0.680121530534424,0.6787257194756052,0.5675646425566169,1.107622364995278,1.1074014919887745,1.0898113739637758,0.0178109910315023,0.017590118024998658,0.00022087300650364128,0.680121530534424,1.1076223649952774,0.0,0.0
main,dfl_mlp,2216-01-01,2215-10-01,0.0007006477554777,0.0015569950121726668,0.0016565208566659,0.0066096372334217,0.0628915336695619,0.004433109518140554,0.00032899714856794867,0.017614871412374056,0.0019948992831632494,0.08861494104320056,0.6812351850233971,0.6785571197333188,0.5714189649005885,1.10967445205054,1.1092433008861515,1.0919947519513489,0.017679700099191065,0.017248548934802654,0.0004311511643884103,0.6812351850233971,1.1096744520505395,0.0,0.0
main,dfl_mlp,2216-04-01,2216-01-01,0.0006103513429109,0.0013563363175797777,0.0016952920958817,0.0067639437727067,0.0634975378493128,0.004682147782295943,8.767661968251927e-05,0.01859746617914193,0.002106966502033174,0.09001071538182458,0.6788502617438087,0.6756497632299401,0.5663718046894761,1.1099034722840524,1.1093853228193815,1.0916936052720412,0.018209867012011216,0.017691717547340335,0.0005181494646708806,0.6788502617438087,1.1099034722840522,0.0,0.0
main,dfl_mlp,2216-07-01,2216-04-01,0.0005996225511624,0.0013324945581386666,0.0015042067264949,0.0060032646875046,0.060379088391332,0.004731646459549666,0.00025798760009378667,0.018792678205100666,0.0021292409067973496,0.09027933926321097,0.693583671114898,0.690856132167311,0.5654076702547728,1.1123631726441179,1.1119213010395446,1.0915981767059522,0.02076499593816572,0.0203231243335924,0.0004418716045733184,0.693583671114898,1.112363172644118,0.0,0.0
main,dfl_mlp,2216-10-01,2216-07-01,0.0007161867754913,0.0015915261677584445,0.0014834326811891,0.0059205403424009,0.0600189907670351,0.004477285873144865,0.00019296996257388697,0.01778922556627527,0.002014778642915189,0.08886817824381783,0.6947571809113077,0.6926521716425906,0.5704985414446796,1.1117434473416368,1.1114048815824975,1.0917579198545087,0.01998552748712812,0.019646961727988854,0.00033856575913926434,0.6947571809113077,1.1117434473416368,0.0,0.0
main,dfl_mlp,2217-01-01,2216-10-01,0.000831627784128,0.0018480617425066666,0.0015644088369023,0.0062429664063462,0.0613982965103291,0.004737759567797184,0.0005045197773376761,0.01881678495495187,0.002131991805508733,0.09031232300323859,0.68761637875452,0.6858184250212248,0.5652894460209181,1.109801142776822,1.1095140388324196,1.090267522837661,0.019533619939160918,0.019246515994758573,0.0002871039444023449,0.68761637875452,1.1098011427768215,0.0,0.0
main,dfl_mlp,2217-04-01,2217-01-01,0.0004452020657425,0.0009893379238722223,0.0015477310402024,0.0061765661570162,0.0611194921951805,0.0035498371347784997,0.0003105545749292886,0.01412391924909051,0.001597426710650325,0.0829155629731965,0.6907761540557216,0.6871898279003442,0.5927145321087447,1.1129750441738486,1.1123885077778728,1.096937264053365,0.016037780120483625,0.01545124372450779,0.0005865363959758341,0.6907761540557216,1.1129750441738482,0.0,0.0
main,dfl_mlp,2217-07-01,2217-04-01,0.0007365489414806,0.0016367754255124445,0.0017112137650991,0.0068273055799872,0.0637427075984905,0.003827976668253541,0.00035025699665587655,0.01522421039763111,0.0017225895007140935,0.08485793840771018,0.6771431532833011,0.6744799006015824,0.5853282352859619,1.108772559023778,1.108344748732685,1.0940239146068558,0.014748644416922252,0.014320834125829185,0.000427810291093067,0.6771431532833007,1.1087725590237774,0.0,0.0
main,dfl_mlp,2217-10-01,2217-07-01,0.00118625844599,0.002636129879977778,0.001835167908606,0.0073204892977819,0.0655818138837789,0.004256588825955987,0.0003414346263395634,0.016917952177786022,0.0019154649716801942,0.0875767770154973,0.6668085874548478,0.6658188169634197,0.5752144707929809,1.1041137695051446,1.103959229298635,1.0898125008508823,0.014301268654262289,0.014146728447752777,0.0001545402065095125,0.6668085874548304,1.1041137695051415,0.0,0.0
main,dfl_mlp,2218-01-01,2217-10-01,0.0005236078663953,0.001163573036434,0.0013905292017673,0.005550526129315,0.0583526770368312,0.005572482757270336,0.00048233406564285433,0.02210430683985065,0.002507617240771651,0.0944769683780382,0.7038472260051659,0.7010757230206989,0.550635808555549,1.1145609345260996,1.1141098338323523,1.089623643428546,0.024937291097553604,0.024486190403806285,0.0004511006937473194,0.7038472260051659,1.114560934526099,0.0,0.0
main,dfl_mlp,2218-04-01,2218-01-01,0.0004423197001534,0.0009829326670075555,0.0013690180031738,0.0054648370107349,0.0579531954922929,0.004075642535462975,0.0003176793056099774,0.01620317549321415,0.001834039140958339,0.08646554132012707,0.7062370536769101,0.703123210535186,0.5793172721578274,1.115523999399525,1.1150146468933624,1.0947628673013696,0.020761132098155333,0.020251779591992758,0.0005093525061625748,0.7062370536769101,1.1155239993995243,0.0,0.0
main,dfl_mlp,2218-07-01,2218-04-01,0.0006784284666652,0.0015076188148115555,0.0012744094580429,0.0050879013919066,0.0561305473027488,0.003582289582118392,0.00035869347142882733,0.014252345255095444,0.0016120303119532763,0.08315041363589985,0.714239912096894,0.7126067616270325,0.5918140779369978,1.1151466983483282,1.1148834088270825,1.095409729918959,0.01973696842936934,0.01947367890812357,0.00026328952124576865,0.7142399120968937,1.115146698348328,0.0,0.0
main,dfl_mlp,2218-10-01,2218-07-01,0.0006975017589227,0.001550003908717111,0.001371137704221,0.0054732810127836,0.0579927973884023,0.003720721695572138,0.0004836199739827411,0.014800030006283826,0.0016743247630074622,0.08412730804919354,0.7047698007551717,0.7029197472889197,0.5880904424705076,1.1134855447702454,1.113187639943383,1.0946972531547572,0.01878829161548823,0.018490386788625912,0.00029790482686231634,0.7047698007551717,1.1134855447702452,0.0,0.0
main,dfl_mlp,2219-01-01,2218-10-01,0.0004659455267132,0.001035434503807111,0.0013578721037433,0.0054204355263418,0.0577440958432058,0.003064481634646654,0.0005190168094680528,0.012201695279033142,0.0013790167355909944,0.07909982444150196,0.7071633509364558,0.704199330957179,0.6076435611258726,1.115508446957081,1.1150243023190665,1.0992528302777198,0.016255616679361262,0.015771472041346657,0.0004841446380146053,0.7071633509364554,1.1155084469570806,0.0,0.0
main,dfl_mlp,2219-04-01,2219-01-01,0.000380115680525,0.0008447015122777777,0.0011856278595983,0.0047340838225008,0.0543150424887709,0.003561821160838008,0.0003277551268684494,0.014171345811685998,0.0016028195223771037,0.08300255510330723,0.7251886210234324,0.7222918107638507,0.5923807506084908,1.1190751326700434,1.118599479776465,1.0972682339807518,0.021806898689291643,0.021331245795713105,0.00047565289357853757,0.7251886210234321,1.119075132670043,0.0,0.0
main,dfl_mlp,2219-07-01,2219-04-01,0.0006186651492342,0.0013748114427426666,0.0011361686061573,0.0045369350149787,0.0532553636396189,0.002810534881427884,0.0007162480825776456,0.011194833628252798,0.001264740696642548,0.07683613561333098,0.7295327944096992,0.7280589915468919,0.6167812751722057,1.1180481443095822,1.117809663333311,1.0998034434324377,0.01824470087714447,0.018006219900873255,0.0002384809762712159,0.7295327944096992,1.118048144309582,0.0,0.0
main,dfl_mlp,2219-10-01,2219-07-01,0.0006071731947136,0.0013492737660302221,0.0011845804755379,0.0047299091637242,0.0542929728801561,0.0029104036511853337,0.0008005392093386755,0.011590890446223412,0.0013096816430334002,0.07775141763195868,0.7241121807558174,0.7224110564812632,0.6130602629790548,1.1172542313057718,1.11697877119825,1.0992717865962316,0.017982444709540246,0.01770698460201836,0.00027546010752188543,0.7241121807558156,1.117254231305771,0.0,0.0
main,dfl_mlp,2220-01-01,2219-10-01,0.0004940050824292,0.0010977890720648888,0.0013486102297578,0.0053835382295497,0.0575692283115225,0.0032110501080751417,0.0006895424043375079,0.012782467703739031,0.0014449725486338138,0.0803168017574907,0.707898279103722,0.705101602872248,0.6028194927585777,1.1154298574122241,1.1149738315280588,1.0982957158513398,0.01713414156088433,0.016678115676719063,0.00045602588416526757,0.707898279103717,1.115429857412223,0.0,0.0
main,dfl_mlp,2220-04-01,2220-01-01,0.0005894520311109,0.0013098934024686666,0.0011637116736225,0.0046467276472096,0.0538499346549368,0.0031097854021936654,0.0006672601778357822,0.012381237219783126,0.0013994034309871494,0.07948253549305992,0.72653620924811,0.724812560303167,0.6061199896724428,1.1177755007115133,1.117496087772477,1.098255371674877,0.019520129036636247,0.01924071609760003,0.00027941293903621656,0.72653620924811,1.1177755007115129,0.0,0.0
main,dfl_mlp,2220-07-01,2220-04-01,0.0005678299388868,0.0012618443086373332,0.00113739977539,0.0045418429161097,0.0532821845356649,0.0027787763392552733,0.0009327456259274643,0.011068861536111085,0.001250449352664873,0.07653782274694942,0.729660629989597,0.7279119667946203,0.6180019428312313,1.1184397543289013,1.1181559083452963,1.100315126341349,0.01812462798755221,0.01784078200394723,0.00028384598360498003,0.729660629989597,1.1184397543289009,0.0,0.0
main,dfl_mlp,2220-10-01,2220-07-01,0.0005949741586652,0.0013221647970337778,0.00112080652672,0.0044756944935414,0.0529187504690372,0.0034061475191265343,0.0008096573580143071,0.013555136966697634,0.0015327663836069406,0.08184731866482649,0.7314554465436862,0.7299090370485424,0.5968366350662426,1.1185325441302552,1.118281948071954,1.0967175309430377,0.021815013187217458,0.021564417128916213,0.00025059605830124454,0.7314554465436862,1.118532544130255,0.0,0.0
main,dfl_mlp,2221-01-01,2220-10-01,0.0006263407963853,0.0013918684364117777,0.0012284814556999,0.0049048782363334,0.0552047565078118,0.003630431741476059,0.0006610840452535565,0.01444283798127799,0.0016336942836642264,0.08349464813872992,0.719263543868185,0.7175151113336078,0.5904979415667708,1.1163312343610818,1.116048448841534,1.0955051246733694,0.02082610968771248,0.020543324168164734,0.0002827855195477458,0.719263543868185,1.1163312343610818,0.0,0.0
main,dfl_mlp,2221-04-01,2221-01-01,0.0004698305807563,0.0010440679572362222,0.0013028632930648,0.005201277299011,0.0566903345528149,0.003797922097146511,0.0006614850690758698,0.015105362035129799,0.00170906494371593,0.08465541806809436,0.7124528473997832,0.70966901771467,0.5860919533137694,1.1163447570126104,1.115890152908688,1.0957098089286932,0.020634948083917193,0.020180343979994797,0.0004546041039223958,0.7124528473997832,1.1163447570126102,0.0,0.0
main,dfl_mlp,2221-07-01,2221-04-01,0.0002893020789144,0.0006428935086986666,0.0013318858973388,0.0053169095165835,0.0572508739306938,0.0029282855568453668,0.0009577934807690131,0.011661793454549985,0.001317728500580415,0.07791177127033941,0.7105291573091348,0.7067497325485029,0.6124120760695543,1.1173133228045464,1.1166893133991636,1.101113507912093,0.016199814892453368,0.015575805487070493,0.0006240094053828749,0.7105291573091348,1.117313322804546,0.0,0.0
main,dfl_mlp,2221-10-01,2221-07-01,0.0005499561468379,0.0012221247707508889,0.0013603737920976,0.0054304015339631,0.0577911548517414,0.003364744316786528,0.0004432526110227788,0.01339120048893494,0.0015141349425539376,0.08153052203444325,0.7065085059231542,0.7039568735244118,0.5980674792006144,1.1148079420388328,1.1143933006550653,1.097186227641601,0.017621714397231925,0.017207073013464358,0.00041464138376756665,0.7065085059231542,1.1148079420388326,0.0,0.0
main,dfl_mlp,2222-01-01,2221-10-01,0.0005295304302385,0.001176734289418889,0.0012014580535852,0.004797178140756,0.0546466997316127,0.003426247974857688,0.0009212989453443644,0.01363471759581203,0.0015418115886859597,0.08199963030680196,0.722667460701245,0.7205043025551261,0.596246240255935,1.117581389283964,1.1172294332960535,1.0970120630816889,0.02056932620227525,0.02021737021436465,0.00035195598791060156,0.722667460701245,1.117581389283964,0.0,0.0
main,dfl_mlp,2222-04-01,2222-01-01,0.0004000976592345,0.0008891059094100001,0.0010844849329372,0.0043308881868308,0.0521081763533827,0.002951864595524967,0.0009841690528947162,0.011755280162975668,0.0013283390679862351,0.07812162477751868,0.7368747319623581,0.7344003506728239,0.6115654553406407,1.1208467364156043,1.120440940300582,1.100296137425723,0.02055059898988132,0.02014480287485898,0.0004057961150223388,0.7368747319623576,1.1208467364156036,0.0,0.0
main,dfl_mlp,2222-07-01,2222-04-01,0.0005266600088028,0.0011703555751173334,0.0010849428600204,0.0043327139409886,0.0521185271079389,0.00318744913674891,0.001153786643469905,0.012688966987568384,0.0014343521115370095,0.08012491369159684,0.7361320763600967,0.7343426719750156,0.6035761418236886,1.119793275570338,1.119502079710936,1.0982219976647194,0.021571277905618524,0.021280082046216675,0.00029119585940184933,0.7361320763600967,1.1197932755703377,0.0,0.0
main,dfl_mlp,2222-10-01,2222-07-01,0.00048123689436,0.0010694153208,0.0010665004964304,0.0042591822968247,0.0516989495295791,0.003226383402943611,0.0011505181190246286,0.012843210545034456,0.001451872531324625,0.0804406599383729,0.7386605193750548,0.7366875952802844,0.6023318823979702,1.1205402603117052,1.120218303502425,1.098293112998267,0.022247147313438242,0.021925190504157976,0.00032195680928026604,0.7386605193750548,1.1205402603117045,0.0,0.0
main,dfl_mlp,2223-01-01,2222-10-01,0.0007868678908899,0.0017485953130886665,0.0011412538297268,0.0045572065011389,0.053365995914202,0.0032343949424102902,0.0011052563507936328,0.012874947140382176,0.0014554777240846307,0.08050512390901655,0.7280518019913862,0.7274528748639927,0.6020783412138466,1.1165838966781783,1.1164879898834903,1.096411600178912,0.02017229649926633,0.020076389704578368,9.590679468796104e-05,0.7280518019913862,1.1165838966781707,0.0,0.0
main,dfl_mlp,2223-04-01,2223-01-01,0.0010221195885231,0.0022713768633846666,0.0014679375575997,0.0058588338344038,0.0597475007507871,0.0032194157131016253,0.0011185513797147364,0.012815608392085731,0.0014487370708957314,0.08038445533158309,0.6945909752081209,0.6940119213193308,0.6025530754649546,1.1095917334172485,1.1095003709871565,1.0950701036625368,0.014521629754711718,0.014430267324619717,9.136243009200129e-05,0.6945909752081202,1.1095917334172476,0.0,0.0
main,dfl_mlp,2223-07-01,2223-04-01,0.0010348918843041,0.002299759742898,0.0025967376047664,0.0103465621361553,0.0747553591042848,0.004639783501625061,0.0007290141157023659,0.018430367530856584,0.0020879025757312773,0.08977857850719585,0.628969370134698,0.6253786353794525,0.5672068446490444,1.0991577012163467,1.098591618000034,1.0894207722985492,0.009736928917797538,0.009170845701484742,0.000566083216312796,0.628969370134698,1.0991577012163465,0.0,0.0
main,dfl_mlp,2223-10-01,2223-07-01,0.0013667843117332,0.0030372984705182224,0.0028939079903024,0.0115254806128214,0.0776025616223034,0.0049259868450462815,0.0003643252316663093,0.01955883283610138,0.002216694080270827,0.09130819799416015,0.6166393494176716,0.6136629629363224,0.5617361659436952,1.0951672808143544,1.0947079286689714,1.0866939540890908,0.008473326725263686,0.008013974579880623,0.0004593521453830629,0.6166393494176713,1.0951672808143542,0.0,0.0
main,dfl_mlp,2224-01-01,2223-10-01,0.0010655992180408,0.002367998262312889,0.0033701579646264,0.0134126370538042,0.0815721816476139,0.004987505543977022,0.0003385717622397029,0.01980126654884662,0.00224437749478966,0.09162576878366338,0.602998891683272,0.597905397739305,0.5606096539623566,1.094878262328218,1.094076831577269,1.0882085697767918,0.006669692551426243,0.005868261800477281,0.0008014307509489615,0.602998891683272,1.0948782623282178,0.0,0.0
main,dfl_mlp,2224-04-01,2224-01-01,0.0042808228221769,0.009512939604837555,0.005723365237222,0.0226976683370728,0.0951692513784946,0.006577961705625057,0.0003099545116693104,0.026053365971606013,0.0029600827675312757,0.09883455621370739,0.54749497967297,0.5482517262134091,0.5358712514200713,1.0685418665449458,1.0548147576325777,1.0670866714102967,0.00145519513464909,-0.012271913777718968,0.013727108912368058,0.54749497967297,1.068541866544945,0.0,0.0
main,dfl_mlp,2224-07-01,2224-04-01,0.0018927391665701,0.004206087036822444,0.0032156836336494,0.0128008237089447,0.0803542969317687,0.009469402302056552,0.0010926616844201236,0.037342980157150873,0.004261231035925448,0.10938626370362071,0.604423029775804,0.6026718158752018,0.5025186813362408,1.0901029175859986,1.089841859562085,1.0749117705635058,0.015191147022492801,0.01493008899857906,0.00026105802391374056,0.604423029775804,1.0901029175859986,0.0,0.0
main,dfl_mlp,2224-10-01,2224-07-01,0.0008538490379458,0.001897442306546222,0.0022579396864333,0.0090012150165151,0.0710622352693054,0.007089976221323013,0.0010481404929870931,0.028059721370502833,0.0031904892995953562,0.10086749223567454,0.6446784645141723,0.6411379728630946,0.5291800615022426,1.102801401171283,1.102236829027803,1.084383851468239,0.0184175497030441,0.017852977559564165,0.0005645721434799356,0.6446784645141723,1.1028014011712828,0.0,0.0
main,dfl_mlp,2225-01-01,2224-10-01,0.00120826828736,0.0026850406385777775,0.0025904305838729,0.0103215298373867,0.0746912727081056,0.005025571212172508,0.0004286129457514327,0.01995125372541806,0.002261507045477629,0.09182041640861249,0.6285373253413838,0.625646547491937,0.5599207471830303,1.0979998534810318,1.097549131154337,1.0873013407041874,0.010698512776844415,0.010247790450149674,0.0004507223266947413,0.6285373253413838,1.0979998534810311,0.0,0.0
main,dfl_mlp,2225-04-01,2225-01-01,0.0008611358876112,0.0019136353058026665,0.0021384698781157,0.0085264802883804,0.0696235880680591,0.005082271061837673,0.000409507200401379,0.020174631794970366,0.002287021977826953,0.0921077925543416,0.6506827467880643,0.6474608245486219,0.558905814182246,1.1037114388133085,1.1031979010057564,1.0890832382387485,0.014628200574559935,0.014114662767007902,0.0005135378075520336,0.6506827467880643,1.103711438813308,0.0,0.0
main,dfl_mlp,2225-07-01,2225-04-01,0.0013687452023727,0.0030416560052726666,0.0030045580245573,0.0119641762962133,0.0785842006356278,0.004991228599101305,0.0005733387290674315,0.019815936971401715,0.0022460528695955875,0.09164486833570527,0.6129218085340368,0.609705851799246,0.5605420038682871,1.0945815259851126,1.0940852635071852,1.0864986648646413,0.008082861120471296,0.007586598642543851,0.0004962624779274449,0.6129218085340365,1.0945815259851122,0.0,0.0
main,dfl_mlp,2225-10-01,2225-07-01,0.0027560025617185,0.006124450137152222,0.0040703839729025,0.0161823972158942,0.0864324850764541,0.0058437553234398365,0.00041085567231321975,0.023170921514626408,0.0026296898955479263,0.09571070223586947,0.580085134300853,0.5794399693886094,0.5463972255569418,1.0814671414010635,1.081376534457315,1.076736012360058,0.004731129041005477,0.0046405220972569605,9.060694374851685e-05,0.580085134300853,1.0814671414010633,0.0,0.0
main,dfl_mlp,2226-01-01,2225-10-01,0.0012244487724437,0.002720997272097111,0.0024992586668384,0.0099596193094514,0.0737462496545045,0.008546054270118475,0.0006353561777459665,0.03374849813061387,0.003845724421553314,0.10621528375115542,0.6322283437700738,0.6296195477049285,0.5121821042021273,1.0984730495590385,1.0980667151914894,1.0797751860183782,0.018697863540660276,0.018291529173111165,0.00040633436754911045,0.6322283437700734,1.0984730495590385,0.0,0.0
main,dfl_mlp,2226-04-01,2226-01-01,0.0012304646560001,0.0027343659022224446,0.0025664090771965,0.0102261851462528,0.0744456858107459,0.005278937239199877,0.0005974347415199389,0.02094913354631034,0.0023755217576399445,0.09308203542380357,0.6294210853322547,0.626675008222699,0.5554841391747349,1.097997938343393,1.0975703868972473,1.086486299379124,0.0115116389642691,0.011084087518123287,0.000427551446145813,0.6294210853322547,1.0979979383433929,0.0,0.0
main,dfl_mlp,2226-07-01,2226-04-01,0.0006452566008776,0.001433903557505778,0.0017340019585185,0.006917988103211,0.0640899617232489,0.0066450265236198906,0.0002670199347319871,0.026316339560894852,0.0029902619356289508,0.09910678186253684,0.6759715465401912,0.6728291511600131,0.5349679709669668,1.1092014687946472,1.1086938228843932,1.0864227029772051,0.022778765817442093,0.02227111990718811,0.0005076459102539843,0.6759715465401912,1.109201468794647,0.0,0.0
main,dfl_mlp,2226-10-01,2226-07-01,0.0006386578656526,0.0014192397014502222,0.0016314709213924,0.0065099308642085,0.0624930523743124,0.004436032753437758,0.00017029174957650515,0.01762640948284444,0.001996214739046991,0.08863177688721155,0.6833788780388979,0.6804811929906218,0.5713577076966407,1.1104431985537309,1.1099748937591032,1.0923390739518186,0.01810412460191224,0.01763581980728457,0.00046830479462767194,0.6833788780388979,1.1104431985537309,0.0,0.0
main,dfl_mlp,2227-01-01,2226-10-01,0.0006243705949619,0.0013874902110264445,0.0019650322594472,0.007836991262918,0.0673863633198277,0.0035815981682389975,0.0006883451610567038,0.01424960921252083,0.001611719175707549,0.08314543380794913,0.6613286990898617,0.6575108739990332,0.5918331504472067,1.1069740795139356,1.1063565222759104,1.0957327371125016,0.01124134240143393,0.010623785163408783,0.000617557238025146,0.6613286990898614,1.1069740795139351,0.0,0.0
main,dfl_mlp,2227-04-01,2227-01-01,0.0007251998950464,0.0016115553223253333,0.0022883524140443,0.0091220382204799,0.0714162201348756,0.004182710545137525,0.0005954073258924957,0.01662616417665963,0.001882219745311886,0.087129098732707,0.6437433036673983,0.6395984496891616,0.576862301778281,1.1034804492535586,1.1028141722619147,1.092729461891693,0.010750987361865638,0.010084710370221739,0.0006662769916438993,0.6437433036673983,1.1034804492535586,0.0,0.0
main,dfl_mlp,2227-07-01,2227-04-01,0.0012100175219693,0.002688927826598444,0.0020991702626931,0.0083702789367121,0.0691327376111293,0.005028799269348383,0.00048377970954755964,0.019963972194960933,0.002262959671206772,0.09183685895214112,0.6512843830807746,0.6496427992898864,0.5598626077352556,1.101535121204443,1.101279198579081,1.087282482446972,0.01425263875747107,0.013996716132109066,0.00025592262536200394,0.6512843768268047,1.10153512022945,0.0,0.0
main,dfl_mlp,2227-10-01,2227-07-01,0.000536212580086,0.001191583511302222,0.0016865047911763,0.006728972553843,0.0633613150638387,0.004584813863039017,0.0004416761247594801,0.01821351740199373,0.002063166238367558,0.08947422063124297,0.6798210723133566,0.6763013467809502,0.5683043078591579,1.1105646540368241,1.1099922133584683,1.092427804528427,0.018136849508397113,0.01756440883004129,0.0005724406783558234,0.6798210723133566,1.1105646540368237,0.0,0.0
main,dfl_mlp,2228-01-01,2227-10-01,0.0009988634751367,0.002219696611414889,0.0022570159277563,0.0089975449497342,0.0710514079206174,0.004199609998613596,0.00037833206686372213,0.016692915608009673,0.0018898244993761184,0.08723222040861427,0.6441212530812903,0.6411851595122069,0.5764821273584382,1.1017784785850349,1.101314542431686,1.091090727985343,0.010687750599691848,0.010223814446342905,0.0004639361533489428,0.6441212530812903,1.1017784785850346,0.0,0.0
main,dfl_mlp,2228-04-01,2228-01-01,0.0010770837822917,0.0023935195162037774,0.0023096884730288,0.0092067951842206,0.0716617213808519,0.004412594484165311,0.0006177196673284163,0.01753389528738536,0.00198566751787439,0.08849647107462306,0.6412771866681238,0.6385344346387897,0.5718502824414053,1.100827474783106,1.100396234179474,1.0899115407989903,0.010915933984115611,0.010484693380483634,0.00043124060363197714,0.6412771866681238,1.1008274747831055,0.0,0.0
main,dfl_mlp,2228-07-01,2228-04-01,0.0004879660783728,0.0010843690630506666,0.0014735801337053,0.0058813046987975,0.0598466538978057,0.004942292906343937,0.0005865723182913622,0.01962309636061088,0.0022240318078547714,0.09139273885269175,0.6966960247379476,0.6935147524070887,0.5614359664395914,1.1136452918858821,1.1131263616641331,1.0915816252938417,0.0220636665920404,0.021544736370291417,0.0005189302217489811,0.6966960247379476,1.113645291885882,0.0,0.0
main,dfl_mlp,2228-10-01,2228-07-01,0.0007158128301881,0.0015906951781957778,0.0010859316286595,0.0043366561505634,0.0521408651250706,0.0036389315500855446,0.0008256660910175722,0.014476467832386541,0.0016375191975384952,0.0835549180848345,0.7349877963537815,0.7342182239871241,0.5902679595563094,1.118216812840818,1.1180930333809576,1.0949398034184665,0.023277009422351558,0.02315322996249103,0.00012377945986052907,0.7349877963537815,1.118216812840818,0.0,0.0
main,dfl_mlp,2229-01-01,2228-10-01,0.0004327749730098,0.000961722162244,0.0011526141635035,0.0046024916608709,0.0536117375855135,0.0028609972912818195,0.0012571720226158393,0.01139497093767139,0.0012874487810768187,0.0773028604284328,0.7286265681899605,0.7261098910465604,0.6148793014285618,1.119255950022087,1.1188440398108233,1.100638678909198,0.018617271112889133,0.018205360901625278,0.0004119102112638551,0.7286265681899605,1.1192559500220864,0.0,0.0
main,dfl_mlp,2229-04-01,2229-01-01,0.000360506840445,0.0008011263121,0.0011466466076007,0.0045787036684543,0.0534828918461976,0.0033094195649027826,0.0008266678282216841,0.013172109574985713,0.0014892388042062523,0.08110060980709487,0.7296958460222475,0.7268134601613834,0.5997440525826534,1.1199582986923844,1.1194844490659557,1.0985948824991632,0.02136341619322124,0.020889566566792528,0.00047384962642871287,0.7296958460222398,1.1199582986923828,0.0,0.0
main,dfl_mlp,2229-07-01,2229-04-01,0.0004466152298881,0.0009924782886402222,0.0011831550040653,0.0047242275047051,0.0542629112295128,0.0030344994505867363,0.0009525227004107866,0.012082860365015158,0.0013655247527640314,0.07884319875955605,0.7251130675716982,0.7225735316148426,0.6086685784102882,1.1185805299583613,1.118165229871961,1.0995379146022046,0.0190426153561567,0.018627315269756473,0.00041530008640022764,0.7251130675716982,1.118580529958361,0.0,0.0
main,dfl_mlp,2229-10-01,2229-07-01,0.0009655811794099,0.002145735954244222,0.0012329659869231,0.0049227502120768,0.0552963948900507,0.00380400731228292,0.0005586760241787789,0.01512942639306536,0.001711803290527314,0.08469655971802882,0.7170413146321786,0.7170264677750426,0.5859366866351569,1.1135393248755243,1.1135369739619831,1.0927796689852993,0.020759655890224993,0.02075730497668382,2.350913541171451e-06,0.7170413146321786,1.113539324875524,0.0,0.0
main,dfl_mlp,2230-01-01,2229-10-01,0.0003812161447474,0.0008471469883275555,0.0012913931022723,0.0051555748440457,0.0564659128387674,0.0033243643585592507,0.0009712444833226508,0.013231295877272342,0.0014959639613516629,0.08121749775946514,0.714045326867727,0.7108440790097695,0.5992874968614894,1.117237558846944,1.1167119528804748,1.0983957187812416,0.018841840065702442,0.01831623409923311,0.0005256059664693336,0.714045326867727,1.1172375588469436,0.0,0.0
main,dfl_mlp,2230-04-01,2230-01-01,0.0007236575021444,0.001608127782543111,0.00146458158433,0.0058454689035216,0.0596883702012186,0.003886060556396842,0.0010382178253341553,0.015453867938500676,0.001748727250378579,0.08524460305614238,0.696320490495795,0.6943087224302693,0.5838741596233563,1.1119428669348521,1.1116194482103754,1.0938656096575268,0.018077257277325343,0.017753838552848622,0.0003234187244767206,0.696320490495795,1.111942866934852,0.0,0.0
main,dfl_mlp,2230-07-01,2230-04-01,0.0004732084234275,0.0010515742742833332,0.0012169435446712,0.0048588956758842,0.0549677242432259,0.0037822565995156766,0.0009612510791944363,0.015043409831266397,0.0017020154697820545,0.08454918218149389,0.7212876975625321,0.7187819262061562,0.5864931651379446,1.1177631390484932,1.1173540269817517,1.0957555166829154,0.02200762236557785,0.021598510298836304,0.000409112066741546,0.7212876975625316,1.1177631390484926,0.0,0.0
main,dfl_mlp,2230-10-01,2230-07-01,0.0004812049936381,0.001069344430306889,0.0013303634955686,0.0053108441952258,0.0572217270002998,0.003477940754964948,0.0008610465919916664,0.01383935471986042,0.0015650733397342266,0.0823869723097559,0.7097084361742309,0.7069009770639838,0.5947488167940173,1.1158158648421295,1.1153577213450403,1.0970558402153785,0.01876002462675097,0.0183018811296618,0.00045814349708916957,0.7097084361742309,1.115815864842129,0.0,0.0
main,dfl_mlp,2231-01-01,2230-10-01,0.0012150048289816,0.0027000107310702222,0.0018260985842247,0.00728441086704,0.0654512739526386,0.003617095481604338,0.0006053170690899184,0.014390070772239194,0.001627692966721952,0.08339977971610892,0.6672615038912486,0.6664270223595993,0.5908602205504199,1.1039926731595158,1.1038626192531047,1.0920855368402516,0.011907136319264211,0.011777082412853135,0.00013005390641107617,0.6672615038912486,1.103992673159515,0.0,0.0
main,dfl_mlp,2231-04-01,2231-01-01,0.0006039050181617,0.0013420111514704444,0.0015316480207816,0.0061125307763179,0.0608480795456983,0.0036275316495448353,0.0005603597703803963,0.014431363448360712,0.0016323892422951758,0.08347404984490919,0.6913143863128307,0.688529667187393,0.5905765736496542,1.1119659346303385,1.111514918875805,1.0956503428087843,0.016315591821554287,0.01586457606702063,0.00045101575453365683,0.6913143863128305,1.111965934630338,0.0,0.0
main,dfl_mlp,2231-07-01,2231-04-01,0.0005867754272836,0.0013039453939635555,0.0020028886782717,0.0079875174575058,0.0678907637748155,0.0031456831376999615,0.0004980945350756734,0.012523485028660741,0.0014155574119649828,0.07978156886378285,0.6592933809469635,0.6552212984448089,0.6049337169728706,1.1068927164459859,1.106232500565125,1.0980792620488922,0.00881345439709369,0.008153238516232841,0.0006602158808608483,0.6592933809469635,1.1068927164459856,0.0,0.0
main,dfl_mlp,2231-10-01,2231-07-01,0.0005899022357523,0.0013108938572273332,0.0015883559832939,0.0063383027073257,0.0617939989773451,0.0042252169456332925,0.00035082023772938653,0.016794054436433115,0.0019013476255349817,0.08738766113747841,0.6868891333092351,0.6838805355322802,0.5759097509066107,1.1113454000414207,1.1108577034004432,1.093355533655797,0.01798986638562372,0.017502169744646245,0.0004876966409774752,0.686889133309235,1.1113454000414205,0.0,0.0
main,dfl_mlp,2232-01-01,2231-10-01,0.001419329962267,0.0031540665828155554,0.0019086826990486,0.0076129001789048,0.0666178461501174,0.004873669706285,0.0005555823447838306,0.019352625372923482,0.00219315136782825,0.09103513443533301,0.6612130733476916,0.6610265059641998,0.5627073330231476,1.101699001057962,1.1016703057443085,1.0865481581704177,0.015150842887544202,0.015122147573890743,2.8695313653459564e-05,0.6612130733476916,1.1016990010579617,0.0,0.0
main,dfl_mlp,2232-04-01,2232-01-01,0.0013034955496021,0.002896656776893555,0.0020067224263094,0.008002760403406,0.0679413259101759,0.003969819797202945,0.0007102281997945231,0.01578497237412879,0.0017864189087413251,0.08579157473838804,0.6559750361763959,0.6549925594096636,0.5818262696759308,1.1016532006745745,1.1015009511186935,1.0901627337739146,0.011490466900659912,0.011338217344778911,0.00015224955588100109,0.6559750361763959,1.1016532006745745,0.0,0.0
main,dfl_mlp,2232-07-01,2232-04-01,0.0009136325717841,0.0020302946039646667,0.0024005991343609,0.0095678745844323,0.0726824817167869,0.007474497053772211,0.0005973641590122447,0.029564446800583566,0.003363523674197495,0.10233374065404506,0.6377708929062156,0.6341425104398046,0.5244322403392291,1.1013186273972948,1.1007422092269796,1.0833132326123143,0.018005394784980533,0.01742897661466536,0.0005764181703151738,0.6377708929062144,1.1013186273972944,0.0,0.0
main,dfl_mlp,2232-10-01,2232-07-01,0.0007031736543765,0.0015626081208366667,0.0013540873625119,0.0054053580623352,0.0576727612425845,0.003966583404690027,0.00044280792114290233,0.01577218030523453,0.0017849625321105123,0.08577066679299973,0.7063347228111586,0.7045671361270385,0.5819043569895903,1.1136974737497534,1.113412948390702,1.0936681338422314,0.02002933990752198,0.019744814548470657,0.00028452535905132414,0.7063347228111586,1.1136974737497534,0.0,0.0
main,dfl_mlp,2233-01-01,2232-10-01,0.0009843025700006,0.0021873390444457777,0.0012611717479411,0.0050351516880159,0.055866569057046,0.002834193641319871,0.00022420983295471723,0.011288669643560012,0.0012753871385939419,0.07705605274237588,0.7140262588854277,0.7139999457897636,0.6158838959200771,1.1129282326760634,1.1129240710764683,1.0974063334988118,0.015521899177251663,0.01551773757765651,4.161599595153831e-06,0.7140262588854275,1.112928232676063,0.0,0.0
main,dfl_mlp,2233-04-01,2233-01-01,0.0004677922529059,0.001039538339790889,0.0013211974379365,0.0052743255976109,0.0570456431825945,0.0034597745165228845,0.0006628465125162309,0.013767443339132046,0.001556898532435298,0.08225155774288845,0.7106641855686331,0.7078159914604742,0.595271663945494,1.1160671511712634,1.115601978192478,1.0972210048151618,0.0188461463561016,0.018380973377316145,0.00046517297878545527,0.7106641855686331,1.116067151171263,0.0,0.0
main,dfl_mlp,2233-07-01,2233-04-01,0.0005906444750884,0.0013125432779742222,0.0017305597562345,0.006904290724528,0.0640377808608907,0.002968939347192645,0.00034131003734398635,0.011822974386050733,0.0013360227062366903,0.07827247678638298,0.6764598780693956,0.6730767386172571,0.6109580218252262,1.1096497866196517,1.1091014015179506,1.0990323578656178,0.01061742875403393,0.010069043652332743,0.0005483851017011876,0.6764598780693956,1.1096497866196513,0.0,0.0
main,dfl_mlp,2233-10-01,2233-07-01,0.0006288777379277,0.0013975060842837776,0.0021538473371958,0.008587594944445,0.0698132140729234,0.0029219986870884897,0.0002039018900090813,0.011636866010482527,0.0013148994091898205,0.07785551382121145,0.6508632934612865,0.6466212779080279,0.6126393565834034,1.105251898944575,1.1045659174230815,1.0990706593786752,0.0061812395658997765,0.005495258044406315,0.0006859815214934617,0.6508632934612865,1.105251898944575,0.0,0.0
main,dfl_mlp,2234-01-01,2233-10-01,0.0009417094408258,0.0020926876462795557,0.002815079262807,0.0112128581952031,0.0768785293539575,0.003268570126965642,0.00018888648601988166,0.013010318769413498,0.001470856557134539,0.0807781987611084,0.6210399350652529,0.6166081195908525,0.6010061515707987,1.0984863173911545,1.0977835072161777,1.095309301794608,0.003177015596546484,0.0024742054215696196,0.0007028101749768645,0.6210399350652529,1.0984863173911543,0.0,0.0
main,dfl_mlp,2234-04-01,2234-01-01,0.000765736403136,0.0017016364514133332,0.001930719168275,0.0077005393885499,0.0669209625836122,0.004154597036540508,0.0004771630522924668,0.01651511063363731,0.0018695686664432286,0.0869565881894057,0.6627489338923479,0.6596359311024816,0.5774990950955542,1.106266911045705,1.1057677639726,1.0925977271771254,0.013669183868579626,0.013170036795474571,0.0004991470731050551,0.6627489338923479,1.1062669110457048,0.0,0.0
main,dfl_mlp,2234-07-01,2234-04-01,0.0015286238771975,0.0033969419493277775,0.0022659990243946,0.0090332341031101,0.0711565089220667,0.0038088029250502586,0.00014093158492024956,0.015148390628324515,0.0017139613162726163,0.08472893330644782,0.6414979918983243,0.6407273481960643,0.5858145521688738,1.0979655711630183,1.0978478832646794,1.0894619436438198,0.008503627519198531,0.00838593962085965,0.00011768789833888071,0.641497991898324,1.097965571163018,0.0,0.0
main,dfl_mlp,2234-10-01,2234-07-01,0.0015057640891772,0.003346142420393778,0.0026299121698219,0.010478222761823,0.0750897906906181,0.004302242211997509,0.00046491643055737025,0.017098231302853484,0.0019360089953988793,0.08784943843447965,0.6257996259906787,0.6239835931258632,0.5742141525070648,1.0957112711280612,1.095433522777498,1.0878216671177623,0.007889604010298923,0.007611855659735767,0.00027774835056315617,0.6257996259906476,1.0957112711280563,0.0,0.0
main,dfl_mlp,2235-01-01,2234-10-01,0.0007299807778878,0.0016221795064173335,0.0019415306721352,0.0077435347009469,0.0670684599948621,0.006855799630284309,0.0004857726902384095,0.027142473325389993,0.003085109833627939,0.09995024131951054,0.6622584894254825,0.65896113653527,0.5321835399917794,1.106425066550745,1.1058951813074664,1.085521997173596,0.02090306937714881,0.020373184133870348,0.0005298852432784606,0.6622584894254825,1.1064250665507445,0.0,0.0
main,dfl_mlp,2235-04-01,2235-01-01,0.0008673923637926,0.0019275385862057778,0.0026165480668741,0.010425185932848,0.0749556018439961,0.0040817632339894775,0.0002205797489403521,0.016227359933403962,0.001836793455295265,0.08650396107717619,0.6288398736178125,0.624542727622745,0.5791747195547912,1.1001905897235487,1.0995059423125992,1.0922776355947694,0.007912954128779237,0.007228306717829813,0.0006846474109494238,0.6288398736178125,1.1001905897235482,0.0,0.0
main,dfl_mlp,2235-07-01,2235-04-01,0.0010858418961548,0.002412981991455111,0.0014509280502015,0.0057910932610627,0.0594465748719336,0.004574642423540354,0.0004627726821237183,0.018173388077020625,0.0020585890905931593,0.08941750533654048,0.6957372742158178,0.6955248258477416,0.5685091448122166,1.1093292552576566,1.1092958707852076,1.08933642585061,0.01999282940704661,0.01995944493459767,3.3384472448938496e-05,0.6957372742158178,1.109329255257656,0.0,0.0
main,dfl_mlp,2235-10-01,2235-07-01,0.0010744438881725,0.0023876530848277776,0.002628319466572,0.0104719020656448,0.075073835918622,0.0032540293876081707,0.0005323155136373038,0.012952723018637924,0.0014643132244236768,0.08066238823683866,0.6275561870091931,0.6240500300729591,0.6014605030718725,1.0986867003213758,1.0981353376449992,1.0945830089010473,0.004103691420328515,0.003552328743951838,0.0005513626763766766,0.6275561870091931,1.0986867003213754,0.0,0.0
main,dfl_mlp,2236-01-01,2235-10-01,0.0012134623949152,0.0026965830998115555,0.0018642067574298,0.0074360013310987,0.0659957049664563,0.0055449303239583966,0.0007903045397437491,0.021995924780023213,0.0024952186457812787,0.09434882177653824,0.6648530878672809,0.6638969369995377,0.5510787217653821,1.1036275765590011,1.103478545744439,1.0858940922015818,0.017733484357419282,0.017584453542857093,0.00014903081456218992,0.6648530878672809,1.1036275765590011,0.0,0.0
main,dfl_mlp,2236-04-01,2236-01-01,0.0008641913381465,0.0019204251958811112,0.0016364553360637,0.0065297709503,0.062572784341259,0.004323219181969762,0.0006077575063876802,0.01718105824172378,0.0019454486318863928,0.08797372817856132,0.6819562253874979,0.6800954238791626,0.5737589926988351,1.10867523923535,1.1083787054674046,1.0914331352566644,0.01724210397868564,0.01694557021074017,0.0002965337679454727,0.6819562253874979,1.1086752392353498,0.0,0.0
main,dfl_mlp,2236-07-01,2236-04-01,0.0009074953488733,0.0020166563308295555,0.0028004418721183,0.0111548004284722,0.0767417191956442,0.004558625724166631,0.00024168258307403473,0.01811019498630928,0.002051381575874984,0.0893279417347772,0.6217002618851697,0.6171671943959828,0.568832830854086,1.0988037430361675,1.0980833250746094,1.0904017841006213,0.008401958935546183,0.007681540973988099,0.0007204179615580841,0.6217002618851697,1.0988037430361672,0.0,0.0
main,dfl_mlp,2236-10-01,2236-07-01,0.0011142885801022,0.0024761968446715553,0.002853480352608,0.0113651601795422,0.0772338931931999,0.005061438586562872,0.00047158115000444495,0.02009256338555354,0.0022776473639532922,0.09200255667702664,0.6190103680863939,0.615159755565663,0.5592771791715638,1.097096179997279,1.0964921840293784,1.0877266043621963,0.009369575635082672,0.008765579667182166,0.0006039959679005058,0.6190103680863939,1.0970961799972787,0.0,0.0
main,dfl_mlp,2237-01-01,2236-10-01,0.0012564053608657,0.002792011913034889,0.0025484853757955,0.0101550390021202,0.0742608732417663,0.005096155311912298,0.0006540320174898976,0.020229325184288438,0.002293269890360534,0.09217770567414843,0.6300511117512078,0.6274508158895993,0.5586592888807411,1.0979325908299669,1.0975284113818198,1.0868357352774927,0.011096855552474194,0.010692676104327115,0.0004041794481470795,0.6300511117512078,1.0979325908299664,0.0,0.0
main,dfl_mlp,2237-04-01,2237-01-01,0.0008684133050245,0.0019298073444988888,0.0017823466248045,0.0071103485805266,0.0648127961923984,0.0051732022315263745,0.00020796041446989418,0.020532789863323964,0.0023279410041868688,0.09256248295650495,0.671676430339089,0.669416111456852,0.5573052207416389,1.1070087128091886,1.106648608146882,1.0887875643980787,0.01822114841110989,0.017861043748803374,0.00036010466230651517,0.671676430339089,1.1070087128091886,0.0,0.0
main,dfl_mlp,2237-07-01,2237-04-01,0.0011610076123431,0.002580016916318,0.0022915769496349,0.0091348479567274,0.0714534717084537,0.0037393668666481973,0.00024105050784116585,0.014873779231933892,0.0016827150899916888,0.08425591546097075,0.6417888726162625,0.6394368054931389,0.5876028330411296,1.1003693129332863,1.100001473334948,1.0918951623289586,0.008474150604327768,0.008106311005989353,0.0003678395983384153,0.6417888726162625,1.1003693129332857,0.0,0.0
main,dfl_mlp,2237-10-01,2237-07-01,0.0012321330406135,0.0027380734235855557,0.0023710111451547,0.0094503677023082,0.0723546675707289,0.004391566943377256,0.0002202245016313635,0.01745089102084052,0.001976205124519765,0.08837446019716787,0.6378087792649744,0.6355473679944452,0.5722949761619325,1.0992932222112584,1.0989411687132573,1.0890941205041422,0.010199101707116132,0.009847048209115083,0.0003520534980010481,0.6378087792649744,1.099293222211258,0.0,0.0
main,dfl_mlp,2238-01-01,2237-10-01,0.0016429606763318,0.0036510237251817777,0.0027939928105073,0.0111292200501935,0.0766812015695913,0.00484064407646656,0.0003577751007133556,0.019222438447059842,0.002178289834409952,0.09086130692098983,0.6191024199882031,0.6174147597828538,0.5633267877794335,1.0938375972513934,1.0935817979304183,1.0853836627444857,0.008453934506907679,0.008198135185932598,0.00025579932097508085,0.6191024199882031,1.0938375972513934,0.0,0.0
main,dfl_mlp,2238-04-01,2238-01-01,0.0007436713757023,0.0016526030571162222,0.0022078778914461,0.0088023062445088,0.0704689223877148,0.004861636087298393,0.0003400907891309635,0.01930519038678935,0.002187736239284277,0.09097192833736177,0.6476155679501912,0.643732652341062,0.5629324651906731,1.1039832838121946,1.1033598301217886,1.0903862865438747,0.013596997268319866,0.012973543577913915,0.0006234536904059507,0.6476155679501912,1.1039832838121946,0.0,0.0
main,dfl_mlp,2238-07-01,2238-04-01,0.0011852146649948,0.002633810366655111,0.003624983766986,0.0144212823879086,0.0834559386436181,0.004619850032031536,0.00031308049179477675,0.018351735992792828,0.0020789325144141913,0.08966862591175208,0.5958014312347106,0.5906457278624848,0.5676029700980054,1.0930331145101886,1.0922280624961058,1.0886299853359174,0.004403129174271214,0.003598077160188451,0.0008050520140827633,0.5958014312347106,1.0930331145101886,0.0,0.0
main,dfl_mlp,2238-10-01,2238-07-01,0.000872434905561,0.00193874423458,0.0029582960991071,0.0117807787832798,0.078178554882845,0.005710588581860065,0.00042238051320678553,0.022647433240216674,0.0025697648618370292,0.09511123280291443,0.616329053009395,0.6113361028064735,0.5484509682814125,1.098166211114011,1.0973709557203075,1.087354884984103,0.010811326129907872,0.010016070736204474,0.0007952553937033979,0.6163290530093949,1.0981662111140107,0.0,0.0
main,dfl_mlp,2239-01-01,2238-10-01,0.001904616570369,0.004232481267486666,0.0041708408505677,0.0165792778415935,0.0870564107782668,0.005843190290033817,0.0006942510588794272,0.023168700771016515,0.0026294356305152176,0.09570818264948619,0.5808515461158462,0.5771304931077389,0.5464058347731362,1.0865200649508953,1.0859657998377172,1.0813892441713346,0.005130820779560619,0.004576555666382598,0.0005542651131780207,0.5808515461158462,1.0865200649508946,0.0,0.0
main,dfl_mlp,2239-04-01,2239-01-01,0.0014356311821108,0.0031902915158017776,0.0033960149272985,0.0135150187357059,0.0817701726334606,0.007680161669850349,0.00048801595388817245,0.030368545954293058,0.003456072751432657,0.1031000375497376,0.600940574524163,0.5971360107405386,0.521977102338383,1.0923307262462347,1.0917461790346064,1.0801984871482002,0.012132239098034514,0.011547691886406142,0.0005845472116283723,0.600940574524163,1.0923307262462345,0.0,0.0
main,dfl_mlp,2239-07-01,2239-04-01,0.0018178279014416,0.004039617558759111,0.003975653530378,0.0158080302995988,0.0858292169668403,0.007852515578269959,0.0008345075660490864,0.03104202331272643,0.0035336320102214817,0.10373363805001684,0.5853188699817827,0.5816857168444202,0.5199607270577458,1.0876934804260079,1.0871491551703636,1.077901410972707,0.009792069453300911,0.009247744197656615,0.0005443252556442957,0.5853188699817827,1.0876934804260074,0.0,0.0
main,dfl_mlp,2239-10-01,2239-07-01,0.0026576114452141,0.005905803211586888,0.0053628396650217,0.0212794144794424,0.0934876321039543,0.008305666502565145,0.0004193117607897528,0.03281104851072725,0.0037375499261543157,0.10536637945584168,0.5575837804722382,0.554068270392837,0.51482160887043,1.0788556647528484,1.0783584876577366,1.0728080722904563,0.006047592462392171,0.0055504153672802925,0.0004971770951118781,0.5575837804722382,1.0788556647528482,0.0,0.0
main,dfl_mlp,2240-01-01,2239-10-01,0.0020365047877036,0.0045255661948968885,0.0055887041517483,0.0221681121685953,0.094552158648542,0.009898712672293187,0.0007006762750588401,0.03901081369494119,0.004454420702531934,0.11082072722191215,0.556208590893459,0.5503761594991449,0.49824828288373535,1.082115828686937,1.081254757957277,1.0735588613888893,0.008556967298047669,0.007695896568387761,0.0008610707296599074,0.556208590893459,1.082115828686937,0.0,0.0
main,dfl_mlp,2240-04-01,2240-01-01,0.0021751429164387,0.004833650925419332,0.0047845541778557,0.0190013025465622,0.0905634382973099,0.009023316018283368,0.00026038282028473817,0.035607674774017495,0.004060492208227516,0.10787048933586393,0.5683801658609419,0.56439050129019,0.5070994017568883,1.0831247869484715,1.082541304206885,1.0741625627785392,0.008962224169932309,0.008378741428345826,0.0005834827415864829,0.5683801658609419,1.083124786948471,0.0,0.0
main,dfl_mlp,2240-07-01,2240-04-01,0.0015261751516167,0.0033915003369259997,0.0039503629663036,0.0157080660037579,0.0856656074691852,0.009585675969719886,0.001036012555536658,0.03779490745960712,0.004313554186373949,0.10977697791013807,0.5868827584512386,0.5822969673808869,0.5013493216258007,1.0896394445912025,1.088939018895204,1.0765752172636827,0.013064227327519884,0.012363801631521287,0.0007004256959985966,0.5868827584512386,1.089639444591202,0.0,0.0
main,dfl_mlp,2240-10-01,2240-07-01,0.0015121859301681,0.003360413178151333,0.003071373924398,0.0122290114751342,0.079158437527312,0.008016423601657153,0.0003956648646477015,0.03168217263196027,0.003607390620745719,0.1043294857205843,0.6102375009692046,0.6074098282272634,0.518075760357408,1.0932919745325607,1.0928596851812689,1.0792024589843083,0.01408951554825233,0.013657226196960526,0.00043228935129180357,0.6102375009692046,1.09329197453256,0.0,0.0
main,dfl_mlp,2241-01-01,2240-10-01,0.0010533940615445,0.002340875692321111,0.0026022571495859,0.0103684685861108,0.0748113104677424,0.0065941477194428446,0.0002190035265117757,0.02611683920975172,0.00296736647374928,0.09890043486852851,0.6286749627606595,0.6251448835201081,0.5356524516127537,1.098994969019653,1.0984391013523278,1.0843470807551363,0.014647888264516684,0.014092020597191501,0.0005558676673251828,0.6286749627606595,1.0989949690196528,0.0,0.0
main,dfl_mlp,2241-04-01,2241-01-01,0.0012910136125831,0.0028689191390735558,0.003128164700527,0.0124540686615435,0.0796360973414233,0.006776166707277298,0.0005080040611867093,0.026830410659000714,0.003049275018274784,0.09963366120139508,0.6092838601281881,0.6055103546255668,0.5332261025701186,1.0944937509280088,1.0939085184732784,1.0826979636617533,0.01179578726625552,0.011210554811525109,0.0005852324547304111,0.6092838601281881,1.0944937509280084,0.0,0.0
main,dfl_mlp,2241-07-01,2241-04-01,0.001431720215821,0.0031816004796022222,0.0041063641906098,0.0163245600866873,0.0866577780338169,0.005681168846786022,0.00043316592056196894,0.02253175372296934,0.00255652598105371,0.09497722142233544,0.5838069514336193,0.5786045027270325,0.5489115757818801,1.0897210856958046,1.088921558822948,1.0843582667339051,0.005362818961899496,0.004563292089042825,0.0007995268728566707,0.5838069514336193,1.0897210856958046,0.0,0.0
main,dfl_mlp,2241-10-01,2241-07-01,0.0017914991827828,0.003981109295072889,0.0032212854226299,0.0128230152091889,0.0803995500808936,0.0066154983825981615,0.000633016079252932,0.02620056080628541,0.002976974272169173,0.09898716077310117,0.604627634439149,0.6024936579156889,0.5353646123170388,1.0907455434559208,1.0904252655719575,1.0803502022146945,0.010395341241226319,0.010075063357263048,0.0003202778839632714,0.604627634439149,1.0907455434559206,0.0,0.0
main,dfl_mlp,2242-01-01,2241-10-01,0.0008560039190272,0.0019022309311715554,0.0026819017165893,0.0106845283930702,0.0756050972665555,0.008600131049752236,0.0003322783313196182,0.033959289544467364,0.003870058972388506,0.1064047675964729,0.6263266257333147,0.6218440842408387,0.5115959725602065,1.0998614926610089,1.09914679642112,1.081568841815414,0.01829265084559495,0.017577954605705992,0.0007146962398889567,0.6263266257333147,1.0998614926610082,0.0,0.0
main,dfl_mlp,2242-04-01,2242-01-01,0.0012255488630827,0.002723441917961556,0.0022749448857752,0.0090687743656813,0.0712607560300518,0.006249839067459106,0.0005117688804663191,0.02476596830096478,0.002812427580356598,0.0974731236586742,0.6423172415011476,0.6402738014045374,0.5404223512946164,1.1000373849215912,1.0997191303422322,1.0841678150353595,0.01586956988623167,0.015551315306872704,0.0003182545793589675,0.6423172415011472,1.100037384921591,0.0,0.0
main,dfl_mlp,2242-07-01,2242-04-01,0.001335691478884,0.0029682032864088888,0.0020787764080584,0.0082892136775921,0.0688744182208966,0.005525769665837288,0.0005834353210028147,0.021920547846902894,0.0024865963496267796,0.09425937976517365,0.6518475170948731,0.6507962419286031,0.5513881562718654,1.1008037111307856,1.1006411386956676,1.0852683656347746,0.015535345496010988,0.015372773060893019,0.00016257243511796915,0.651847517094873,1.1008037111307851,0.0,0.0
main,dfl_mlp,2242-10-01,2242-07-01,0.0007119528954106,0.0015821175453568888,0.001650327388003,0.0065849860408667,0.0627935256570977,0.005294439848512411,0.0005053127486916615,0.0210101656842,0.0023824979318305853,0.09315741293926326,0.6816377936543858,0.6790294422067952,0.5552206254545131,1.1096622093258015,1.1092425765162597,1.089324155757518,0.020338053568283554,0.01991842075874173,0.0004196328095418256,0.6816377936543855,1.109662209325801,0.0,0.0
main,dfl_mlp,2243-01-01,2242-10-01,0.000835398660945,0.0018564414687666667,0.0016238102324705,0.0064794374912923,0.0623700770127244,0.004804008733481168,0.00017691874453827137,0.019078006879099996,0.002161803930066526,0.09066713460395252,0.6830345552700753,0.6810769772493516,0.5640198739164974,1.1090437437568548,1.1087312242299447,1.0900435243438094,0.019000219413045416,0.01868769988613539,0.0003125195269100267,0.6830345552700753,1.109043743756854,0.0,0.0
main,dfl_mlp,2243-04-01,2243-01-01,0.0003805871197286,0.0008457491549524445,0.0013837465575968,0.0055235082976472,0.0582272914090131,0.003199323266744614,0.000385721008679812,0.012736009934879555,0.0014396954700350763,0.08022164636952352,0.7051794207140868,0.7017171887795363,0.6031945221357513,1.115786320633752,1.1152178424775452,1.0990409990606491,0.016745321573102823,0.01617684341689607,0.0005684781562067531,0.7051794207140868,1.1157863206337515,0.0,0.0
main,dfl_mlp,2243-07-01,2243-04-01,0.0011910659376594,0.002646813194798667,0.001931958185457,0.0077054667971599,0.0669379064266894,0.0035114097874611614,8.300926641054119e-05,0.013971832188355182,0.0015801344043575227,0.08263448289304563,0.6608119933301365,0.6595583548265432,0.5937949575449806,1.1031457083149396,1.1029500287075331,1.0926850633886993,0.010460644926240326,0.010264965318833807,0.00019567960740651813,0.6608119933301365,1.103145708314939,0.0,0.0
main,dfl_mlp,2243-10-01,2243-07-01,0.0008794646785425,0.0019543659523166665,0.0018785523955596,0.0074930623325057,0.0661979127140083,0.004799347510561347,0.0007406446479826835,0.0190596292801537,0.0021597063797526065,0.0906423266509885,0.6654361402386246,0.6629615725344321,0.5641085101972798,1.1059409957484336,1.105547031323034,1.0898090946173056,0.016131901131128057,0.015737936705728428,0.00039396442539962884,0.6654361402386246,1.1059409957484334,0.0,0.0
main,dfl_mlp,2244-01-01,2243-10-01,0.0004968343496833,0.0011040763326295557,0.0014002450807265,0.0055892271831106,0.0585313763955923,0.005794688779860735,0.0007070737530748359,0.022978061789529658,0.002607609950937331,0.09549115429598881,0.7030953882594567,0.7001633721534345,0.5471481168304104,1.1146268058276765,1.1141487943850172,1.0892024638394502,0.025424341988226296,0.024946330545567053,0.000478011442659243,0.7030953882594565,1.114626805827676,0.0,0.0
main,dfl_mlp,2244-04-01,2244-01-01,0.0005722490620644,0.0012716645823653333,0.0013716944642486,0.0054754989028582,0.0580031905525521,0.0032034736592322587,0.0008280146933256775,0.012752452570009676,0.0014415631466545165,0.0802553667316215,0.7053407745669281,0.7028663673131246,0.6030615807517896,1.114460944160427,1.1140594035140892,1.0978633313267778,0.016597612833649134,0.01619607218731134,0.0004015406463377946,0.7053407745669281,1.1144609441604263,0.0,0.0
main,dfl_mlp,2244-07-01,2244-04-01,0.000754140227893,0.0016758671730955554,0.0013631334982824,0.0054413953236052,0.0578429821183336,0.0030164900701493023,0.0007752891782839859,0.012011474714476278,0.0013574205315671861,0.07868774408857689,0.7052329167834506,0.7036900384050654,0.6092908296485895,1.1131606848938125,1.1129131167927622,1.09776595212972,0.015394732764092423,0.015147164663042112,0.0002475681010503106,0.7052329167833993,1.1131606848938038,0.0,0.0
main,dfl_mlp,2244-10-01,2244-07-01,0.0007386761312929,0.0016415025139842221,0.0014942124774022,0.0059634672233973,0.0602063984267396,0.004049178259447217,0.0005311741299343107,0.016098603260293887,0.0018221302167512475,0.08629872802304732,0.6937455139927513,0.691716381713206,0.5799368079310747,1.1114247138270026,1.11109880831986,1.0931455289556518,0.01827918487135083,0.01795327936420832,0.0003259055071425099,0.6937455139927513,1.1114247138270024,0.0,0.0
main,dfl_mlp,2245-01-01,2244-10-01,0.0003553093192805,0.0007895762650677777,0.0011821831972141,0.0047203540529066,0.0542424001323394,0.0045015213545411825,0.0006907887052119012,0.017884867710329266,0.0020256846095435322,0.08900603774911485,0.725701453453572,0.7226844317313817,0.5699983566929119,1.1193393592859255,1.1188432193959406,1.0937344666433335,0.025604892642592025,0.025108752752607044,0.0004961398899849812,0.725701453453572,1.1193393592859249,0.0,0.0
main,dfl_mlp,2245-04-01,2245-01-01,0.000495006305933,0.0011000140131844445,0.0011954430230324,0.0047732044195135,0.0545210980642241,0.0023687708424404265,0.0009927714512266877,0.009441470051860024,0.001065946879098192,0.07232967603437439,0.7235046801330108,0.7211802683366422,0.6356546838702167,1.117967392471967,1.1175883972751448,1.1036434561210804,0.01432393635088669,0.013944941154064416,0.0003789951968222738,0.7235046801330108,1.1179673924719669,0.0,0.0
main,dfl_mlp,2245-07-01,2245-04-01,0.0003880336982877,0.000862297107306,0.0011769813319878,0.0046996201375159,0.0541323773084889,0.003345235949382186,0.00092337780918157,0.013313949791794122,0.0015053561772219836,0.08137980028404412,0.7261087666128734,0.7232798488024642,0.5986544424304272,1.1191687260902836,1.1187044450525356,1.0982509653553854,0.02091776073489826,0.02045347969715028,0.00046428103774798224,0.7261087666128734,1.1191687260902832,0.0,0.0
main,dfl_mlp,2245-10-01,2245-07-01,0.0006286553772272,0.0013970119493937777,0.0015464101565202,0.0061713071063734,0.0610972962973857,0.00253336385358125,0.0007989650765078951,0.010095012814479443,0.0011400137341115624,0.07410389812488034,0.6900075396942571,0.687299214627459,0.6281110185839702,1.1115834971670742,1.111145524587017,1.1015739974288223,0.010009499738251826,0.009571527158194648,0.00043797258005717765,0.6900075396942568,1.111583497167074,0.0,0.0
main,dfl_mlp,2246-01-01,2245-10-01,0.000597407655076,0.0013275725668355554,0.0013521014024525,0.0053974464247822,0.0576352622334197,0.004046675330027938,0.0005281777289005752,0.016088712631234237,0.001821003898512572,0.08628289226045278,0.7070502129204779,0.7047606319961194,0.5799956718753556,1.114560463673422,1.1141894922098403,1.0939743343321668,0.020586129341255255,0.020215157877673473,0.0003709714635817818,0.7070502129204779,1.1145604636734214,0.0,0.0
main,dfl_mlp,2246-04-01,2246-01-01,0.0007679218362121,0.001706492969360222,0.0015770087701404,0.0062931290222201,0.0616071708610541,0.003956257971003652,0.00041514868369752053,0.01573136746926851,0.0017803160869516435,0.08570384165934015,0.6869306929501335,0.6847942545497283,0.5821540391589046,1.1101292656248152,1.1097867501505403,1.093331390591604,0.016797875033211174,0.01645535955893629,0.0003425154742748848,0.6869306929501335,1.1101292656248147,0.0,0.0
main,dfl_mlp,2246-07-01,2246-04-01,0.0006923579542869,0.0015385732317486668,0.001333011023646,0.0053213920556989,0.0572723968258979,0.0033590217120945455,0.00034273026848983753,0.013368540159626519,0.0015115597704425455,0.08148640660054068,0.7083921194827345,0.7066380777163415,0.5982391885974909,1.1141052668863192,1.113822732117256,1.0963622270764624,0.01774303980985681,0.01746050504079366,0.00028253476906314745,0.7083921194827345,1.114105266886319,0.0,0.0
main,dfl_mlp,2246-10-01,2246-07-01,0.0004564965371152,0.0010144367491448888,0.0013738834324601,0.0054842187652877,0.0580440176533866,0.0036546954419463874,0.0005040898200073215,0.014538836056867677,0.0016446129488758743,0.08366629888833993,0.705713736799727,0.7026567508045457,0.5898432965810876,1.115338349011917,1.1148387303999343,1.096401059602324,0.01893728940959316,0.018437670797610384,0.0004996186119827772,0.705713736799727,1.1153383490119169,0.0,0.0
main,dfl_mlp,2247-01-01,2246-10-01,0.0005833916223631,0.0012964258274735555,0.001272490349723,0.0050802542479559,0.0560924187888059,0.003243985679000616,0.0004223486667048128,0.012912938498340965,0.0014597935555502773,0.08058206966938843,0.7149198825424431,0.7128076843720166,0.601775924452441,1.1159357575657698,1.1155932306603116,1.0975876449793565,0.018348112586413334,0.018005585680955116,0.00034252690545821807,0.7149198825424431,1.1159357575657691,0.0,0.0
main,dfl_mlp,2247-04-01,2247-01-01,0.000445550447934,0.00099011210652,0.0012470039987121,0.0049786936350531,0.0555814966657311,0.0030587729532271625,0.0005611483245490775,0.01217906964614035,0.001376447828952223,0.07905116998122944,0.7182512397585628,0.7155101536655026,0.607837688009115,1.1174660366634028,1.1170177471211342,1.0994085080438951,0.018057528619507712,0.017609239077239103,0.0004482895422686095,0.7182512397585596,1.117466036663402,0.0,0.0
main,dfl_mlp,2247-07-01,2247-04-01,0.000806522981532,0.0017922732922933335,0.0013207544534586,0.0052725606724896,0.0570371072486152,0.0026879210490733385,0.0009024790110690129,0.010708412306751125,0.0012095644720830025,0.07566408012714647,0.7090004594907598,0.7078604026801036,0.621599959170865,1.1133938255494873,1.1132114908254769,1.0994154466167987,0.013978378932688607,0.013796044208678193,0.0001823347240104134,0.7090004594907598,1.1133938255494866,0.0,0.0
main,dfl_mlp,2247-10-01,2247-07-01,0.0004303066343274,0.000956236965172,0.00145096803101,0.0057912524891856,0.0594472857987046,0.0035791905131191014,0.0006768810425692474,0.014240081666369031,0.0016106357309035957,0.08312808492353897,0.6989214604047844,0.6955212445741513,0.5918996011177542,1.114411299935144,1.113854695029898,1.0968921497356157,0.017519150199528433,0.016962545294282316,0.0005566049052461164,0.6989214604047844,1.1144112999351437,0.0,0.0
main,dfl_mlp,2248-01-01,2247-10-01,0.0009802355872581,0.002178301305018,0.0018369439444265,0.0073275543820532,0.0656073057663373,0.0029505633283406496,0.0003543873094602128,0.011750121042183537,0.0013277534977532925,0.07811009017998063,0.6676122651049197,0.6657001645907091,0.6116119413831735,1.1056146875301682,1.105312197733485,1.0967555682470151,0.008859119283153083,0.008556629486469847,0.0003024897966832363,0.6676122651049197,1.1056146875301678,0.0,0.0
main,dfl_mlp,2248-04-01,2248-01-01,0.0007448793070348,0.001655287348966222,0.0019562841390583,0.007802204202961,0.0672684607355831,0.0029851377476006746,0.00041030216309241585,0.011887191029578581,0.0013433119864203035,0.0784147327625704,0.6613173007400647,0.6580480838986336,0.610386083982466,1.106175290797277,1.10565041408767,1.0979982224764488,0.008177068320828207,0.007652191611221104,0.0005248767096071028,0.6613173007400647,1.1061752907972764,0.0,0.0
main,dfl_mlp,2248-07-01,2248-04-01,0.0007054985045086,0.0015677744544635554,0.0016929788758573,0.0067547378398816,0.0634617410133863,0.004345484217628837,0.0006179370145180696,0.01726896534259026,0.001955467897932977,0.08810497661753511,0.6785768648386676,0.6758208770508396,0.5732789085345809,1.109213563659518,1.10877000116379,1.0922663825074348,0.016947181152083157,0.01650361865635519,0.00044356249572796713,0.6785768648386676,1.1092135636595175,0.0,0.0
main,dfl_mlp,2248-10-01,2248-07-01,0.0009629737653913,0.0021399417008695558,0.0017410311809548,0.0069459586867755,0.0641962202104989,0.0039749145973473786,0.00015844136358434028,0.015805109677158646,0.0017887115688063203,0.08582445220539608,0.674039790416798,0.6723254708323378,0.5817035094234624,1.1067478570485987,1.1064763611976731,1.0921245373950332,0.014623319653565447,0.014351823802639885,0.0002714958509255627,0.6740397904167911,1.1067478570486906,0.0,0.0
main,dfl_mlp,2249-01-01,2248-10-01,0.0007967281226317,0.0017705069391815555,0.0021805421814772,0.0086936815899255,0.07013921271553,0.004215312842279673,0.000504108334593322,0.016754937484491417,0.0018968907790258528,0.08732765638521174,0.6487779472837182,0.645182347901967,0.5761306087309959,1.1038256987842225,1.1032502852395398,1.0921997476839582,0.01162595110026432,0.011050537555581608,0.0005754135446827124,0.6487779472837182,1.1038256987842223,0.0,0.0
main,dfl_mlp,2249-04-01,2249-01-01,0.0015733948724059,0.0034964330497908886,0.0022673575385051,0.0090386312914731,0.0711723666442261,0.005071696732193232,0.0006928912187389647,0.020132975439605127,0.0022822635294869544,0.09205442654218148,0.641248584228486,0.6406583198345214,0.5590940929445902,1.0976403898067593,1.097550512578281,1.0851310498243767,0.012509339982382572,0.012419462753904265,8.987722847830781e-05,0.641248584228486,1.0976403898067588,0.0,0.0
main,dfl_mlp,2249-07-01,2249-04-01,0.0018373504285138,0.004083000952252888,0.0035259432589583,0.0140293545680768,0.0827411748375187,0.004898553621023894,0.0002297188601045861,0.0194507091222198,0.0022043491294607524,0.09116536179861057,0.5960238308191338,0.5933844989285652,0.562243878754275,1.0891809571680147,1.0887860431862,1.084126581315134,0.00505437585288071,0.0046594618710660285,0.00039491398181468185,0.5960238308191338,1.0891809571680142,0.0,0.0
main,dfl_mlp,2249-10-01,2249-07-01,0.0019773193577882,0.004394043017307111,0.0046432585551543,0.0184440750875621,0.0897976989156931,0.006824862491339445,0.00033364794910267505,0.027021246881824834,0.00307118812110275,0.09982754396365147,0.5715101482983606,0.5671379951817389,0.5325872456484009,1.0847131241200971,1.0840650538264314,1.0789437065636145,0.005769417556482637,0.005121347262816878,0.000648070293665759,0.5715101482983606,1.084713124120097,0.0,0.0
main,dfl_mlp,2250-01-01,2249-10-01,0.0017194594993861,0.0038210211097468886,0.0032541678781852,0.0129532715905809,0.0806634938715251,0.008726099878549576,0.00046312623664728826,0.034450182590808676,0.003926744945347309,0.10684416390867177,0.6039269008207642,0.6014561622645676,0.5102410430338702,1.0910754408723777,1.090702840143746,1.0769471071454775,0.014128333726900255,0.013755732998268488,0.00037260072863176674,0.6039269008207642,1.0910754408723775,0.0,0.0
main,dfl_mlp,2250-04-01,2250-01-01,0.0022935755697012,0.005096834599336,0.0038088779600171,0.0151486873516836,0.084729439498978,0.0072815755382180216,0.0006384417480087382,0.028809715603333785,0.00327670899219811,0.10160389367767475,0.5874646247751487,0.5858126433747294,0.5267873251863291,1.0852201118477454,1.0849804684142903,1.0764180052365473,0.008802106611198068,0.008562463177743007,0.00023964343345506123,0.5874646247751487,1.085220111847745,0.0,0.0
main,dfl_mlp,2250-07-01,2250-04-01,0.0014979915043975,0.0033288700097722224,0.0036727230913738,0.0146101569780126,0.0837930476387484,0.00831619556993246,0.00034706914427973343,0.0328521234068988,0.0037422880064696073,0.10540379594150044,0.5935033717428662,0.5893605954619683,0.5147048019677867,1.0908179363657806,1.0901840083873238,1.0787601725243847,0.012057763841395897,0.011423835862939047,0.0006339279784568497,0.5935033717428662,1.0908179363657806,0.0,0.0
main,dfl_mlp,2250-10-01,2250-07-01,0.0030587021379211,0.006797115862046888,0.0061438148202976,0.0243497067221736,0.097021839203495,0.007853534352034331,0.0007877353915425602,0.03104600315427397,0.003534090458415449,0.1037373612313911,0.5456116498352989,0.5419433160355689,0.5199489144122695,1.0749741219740714,1.0744700453000748,1.0714477290600357,0.00352639291403567,0.0030223162400391246,0.0005040766739965452,0.5456116498352989,1.074974121974071,0.0,0.0
main,dfl_mlp,2251-01-01,2250-10-01,0.0011947378654732,0.0026549730343848887,0.0038077251286523,0.0151441285097962,0.0847216612292057,0.011224031634628772,0.0013541462510228996,0.04414589331503771,0.005050814235582948,0.1151282345453414,0.5913087087226753,0.5858419833134075,0.4857958362190518,1.092275274020459,1.0914221771901675,1.0758097136805995,0.016465560339859575,0.01561246350956802,0.0008530968302915554,0.5913087087226753,1.0922752740204584,0.0,0.0
main,dfl_mlp,2251-04-01,2251-01-01,0.0039413795906521,0.008758621312560222,0.0072129294597725,0.0285410580736097,0.1013414335657454,0.006295821163803339,0.0006505466782236248,0.024946457098356967,0.002833119523711503,0.09766703648690597,0.5305523456715429,0.527638218540293,0.5397706983491313,1.068221712202795,1.0678469956567411,0.895657096757849,0.17256461544494606,0.17218989889889214,0.00037471654605392146,0.5305523456715429,1.0682217122027946,0.0173749968423752,0.0
main,dfl_mlp,2251-07-01,2251-04-01,0.0024247475118581,0.005388327804129111,0.0068417541962603,0.0270874380301323,0.0998945824969643,0.012254044599831104,0.0016019874929508293,0.048122546544706046,0.005514320069923997,0.11837419589212834,0.5390273842528301,0.5323666153850423,0.47676852035433986,1.0774865474665711,1.076529045124175,1.0685366785849146,0.008949868881656498,0.007992366539260276,0.0009575023423962215,0.5390273842528301,1.077486547466571,0.0,0.0
main,dfl_mlp,2251-10-01,2251-07-01,0.0018182796699284,0.0040406214887297775,0.0034567299023208,0.0137553907944077,0.0822287880263717,0.010740299709141254,0.0006492957996109747,0.04227401705071421,0.004833134869113564,0.11357487201306467,0.5979178066166314,0.5953596499091199,0.4902230499847327,1.089578373591002,1.0891951177074777,1.0734438463422598,0.016134527248742314,0.015751271365217923,0.00038325588352439155,0.5979178066166313,1.089578373591002,0.0,0.0
main,dfl_mlp,2252-01-01,2251-10-01,0.0018333188453711,0.004074041878602444,0.0045856609215203,0.0182168592417286,0.0894789381175215,0.00783677464351058,0.0006874921413441826,0.030980529764569664,0.003526548589579761,0.10367607957898037,0.5730256526433374,0.5682872738252768,0.5201433923690115,1.0857629223653595,1.0850537443157615,1.0778482030827403,0.00791471928261922,0.007205541233021195,0.0007091780495980249,0.5730256526433374,1.085762922365359,0.0,0.0
main,dfl_mlp,2252-04-01,2252-01-01,0.0019245020459002,0.004276671213111555,0.004704460061502,0.0186854645647589,0.0901321452872971,0.008409324195235967,0.0007446760209245682,0.033215370099313524,0.0037841958878561855,0.10573378977771826,0.5705917651002275,0.5659356871757585,0.5136764909248335,1.0848783663437462,1.08418575156735,1.0764119358982152,0.008466430445531081,0.007773815669134931,0.0006926147763961499,0.5705917651002275,1.0848783663437458,0.0,0.0
main,dfl_mlp,2252-07-01,2252-04-01,0.0022589148048976,0.005019810677550222,0.0059525266263774,0.0235983534639587,0.0961920762221128,0.008805056102573872,0.0008086961221966696,0.03475777491096588,0.003962275246158243,0.10711819780326137,0.5505062110333698,0.5447559602201282,0.5093990374780726,1.0800495771506926,1.0792134282810066,1.0740721480227182,0.005977429127974387,0.0051412802582884165,0.0008361488696859709,0.5505062110333698,1.0800495771506922,0.0,0.0
main,dfl_mlp,2252-10-01,2252-07-01,0.0016541692238386,0.003675931608530222,0.0036143161005884,0.0143790734057603,0.0833799613342889,0.00871750395745039,0.00032687746966525417,0.0344166907455945,0.0039228767808526755,0.10681426696196886,0.5944096897282486,0.5909359426865181,0.5103330447778571,1.0900282857233465,1.089502157874814,1.0772941793568862,0.01273410636646033,0.012207978517927875,0.0005261278485324539,0.5944096897282465,1.090028285723346,0.0,0.0
main,dfl_mlp,2253-01-01,2252-10-01,0.0018044799707276,0.004009955490505777,0.0041234361004416,0.0163920081996321,0.0867639565806877,0.006234896555542946,0.0004233523654850886,0.02470731060049436,0.0028057034499943258,0.09740987723270747,0.5821791358939854,0.5782113599610171,0.5406351400158833,1.0873007889292277,1.0867058002944825,1.0810710507063668,0.006229738222860881,0.005634749588115717,0.0005949886347451638,0.5821791358939854,1.0873007889292272,0.0,0.0
main,dfl_mlp,2253-04-01,2253-01-01,0.0009844732042031,0.0021877182315624445,0.0020470225479186,0.0081629826768109,0.0684671869509709,0.008697830513119698,0.000733953328011291,0.034340034837395006,0.003914023730903864,0.10674579473147297,0.6550862220267742,0.6526218577687732,0.5105438592927066,1.1036053369802181,1.103215584790648,1.0807452008707337,0.022860136109484452,0.022470383919914294,0.00038975218957015834,0.6550862220267742,1.103605336980218,0.0,0.0
main,dfl_mlp,2253-07-01,2253-04-01,0.0007786687091058,0.0017303749091239998,0.0017178386521562,0.0068536690592665,0.0638440998346322,0.005723961815237999,9.859615676765592e-05,0.02270001390787646,0.0025757828168570997,0.09517195776942032,0.6764857631032152,0.6739971628771831,0.5482424324850086,1.1083820252424998,1.1079833183557806,1.08783573638568,0.02054628885681975,0.02014758197010047,0.00039870688671928,0.6764857631032152,1.1083820252424992,0.0,0.0
main,dfl_mlp,2253-10-01,2253-07-01,0.0007147730004164,0.0015883844453697777,0.0018518574589422,0.0073868789705813,0.0658204447429607,0.0037542783189564942,0.000379408523861773,0.014932757103281125,0.0016894252435304224,0.08435827901654395,0.6678455413836352,0.6647095435452608,0.5872151547744402,1.1074244713381558,1.1069200389671507,1.0944548906214249,0.012969580716730933,0.012465148345725874,0.0005044323710050591,0.6678455413836352,1.1074244713381554,0.0,0.0
main,dfl_mlp,2254-01-01,2253-10-01,0.0008118242352135,0.0018040538560299998,0.0018876843578793,0.0075293842113475,0.0663258644698108,0.004790692403912544,0.0003954774285678601,0.01902550448628293,0.002155811581760645,0.09059620033115083,0.665169181778332,0.6623709056241746,0.5642733676079195,1.106348417915912,1.1059010246060006,1.090217017807034,0.016131400108877925,0.015684006798966532,0.0004473933099113925,0.665169181778332,1.1063484179159115,0.0,0.0
main,dfl_mlp,2254-04-01,2254-01-01,0.000918270246912,0.002040600548693333,0.0022339547508466,0.0089059202501937,0.070779647897281,0.005245076119899749,0.0007574878292371426,0.020815815967185958,0.0023602842539548873,0.092916693476572,0.6455864529720055,0.6423715400194216,0.5560627744196448,1.1025302957835605,1.102019711996634,1.0883123870908513,0.014217908692709225,0.013707324905782636,0.0005105837869265883,0.6455864529720055,1.1025302957835603,0.0,0.0
main,dfl_mlp,2254-07-01,2254-04-01,0.0006355359323129,0.0014123020718064443,0.00158769574143,0.0063356743016745,0.0617831612843894,0.005249539948999881,0.000612308745953661,0.020833391678868995,0.002362292977049947,0.09293854555312303,0.6867250008696373,0.6839334780760024,0.5559862515714487,1.1110054160093965,1.1105541813104778,1.0898721978565473,0.021133218152849187,0.020681983453930464,0.00045123469891872325,0.6867250008696371,1.111005416009396,0.0,0.0
main,dfl_mlp,2254-10-01,2254-07-01,0.0007361382573419,0.001635862794093111,0.0020054087496435,0.007997537257204,0.0679240108564644,0.003784056194126606,0.0006673967692026113,0.015050526820621246,0.0017028252873569727,0.0845614098948158,0.658500595147446,0.65507087641654,0.5864469659140799,1.1057806251790665,1.1052296799039714,1.094206029798451,0.011574595380615449,0.01102365010552031,0.0005509452750951382,0.658500595147446,1.105780625179066,0.0,0.0
main,dfl_mlp,2255-01-01,2254-10-01,0.0008377285298651,0.0018616189552557777,0.0018077154864665,0.0072112785527734,0.0651847832803512,0.003418732900172472,0.0001947281416072681,0.013604964885202242,0.0015384298050776124,0.08194279716539422,0.6701401706293779,0.6676717237216333,0.5964664341137278,1.1069695932662866,1.1065755730697755,1.0952095914414666,0.011760001824820066,0.01136598162830893,0.0003940201965111356,0.6701401706293779,1.106969593266286,0.0,0.0
main,dfl_mlp,2255-04-01,2255-01-01,0.001182408379051,0.002627574175668889,0.0018514894990372,0.0073854152919303,0.0658152056375985,0.0033211768604815006,0.0002049017051807792,0.013218672559017874,0.0014945295872166753,0.08119261473069063,0.6657895219271377,0.6647338626923446,0.5993846427169163,1.103980288589649,1.10381542004145,1.0936094457382122,0.010370842851436857,0.010205974303237886,0.0001648685481989709,0.6657895219271377,1.1039802885896488,0.0,0.0
main,dfl_mlp,2255-07-01,2255-04-01,0.000734285042175,0.0016317445381666667,0.0020802882716042,0.0082952234825476,0.0688936540542493,0.004246480483561754,0.0002955814608222979,0.016878032330365444,0.0019109162176027894,0.08751599919882272,0.654330618362049,0.6507102274060327,0.5754377879943231,1.1051228920278204,1.104541250336468,1.0924481947787812,0.012674697249039246,0.012093055557686805,0.0005816416913524414,0.654330618362049,1.1051228920278204,0.0,0.0
main,dfl_mlp,2255-10-01,2255-07-01,0.001111069156985,0.002469042571077778,0.0020768659215792,0.0082816192685564,0.0688500908420581,0.0033449753187596797,0.0003192627775375842,0.013312917696389981,0.001505238893441856,0.08137778026794416,0.6529070314490982,0.6509050525382554,0.5986623159753623,1.1024341326332312,1.1021200435464171,1.0939237167365665,0.00851041589666468,0.008196326809850607,0.0003140890868140733,0.6529070314490979,1.102434132633231,0.0,0.0
main,dfl_mlp,2256-01-01,2255-10-01,0.0006840516028663,0.0015201146730362222,0.001698514713485,0.0067767687327608,0.0635473324805608,0.0039263242855668064,0.00030291278197159464,0.015613042883453443,0.001766845928505063,0.08550907146993157,0.6782816246849849,0.6754118661060683,0.5828826619427183,1.1093115166214722,1.1088490278097716,1.0939370690145278,0.015374447606944397,0.014911958795243763,0.00046248881170063427,0.6782816246849849,1.109311516621472,0.0,0.0
main,dfl_mlp,2256-04-01,2256-01-01,0.0013266295929669,0.0029480657621486664,0.0027815361416347,0.0110798089291852,0.0765638888936114,0.00432948675006628,0.0007186833447966133,0.01720580453128373,0.0019482690375298261,0.08801074413010825,0.6207689995970153,0.61789512394337,0.5736235360641497,1.09605388613191,1.0956092012547538,1.088758894477127,0.0072949916547830895,0.00685030677762688,0.0004446848771562095,0.6207689995970153,1.0960538861319051,0.0,0.0
main,dfl_mlp,2256-07-01,2256-04-01,0.0008096789715553,0.001799286603456222,0.0019727010224538,0.0078674854861809,0.0674893009119458,0.005625700484961272,0.0008578853873360609,0.022313622082599127,0.002531565218232572,0.09472294704878843,0.6600704428372145,0.6570424817648581,0.5497870366866235,1.1055473828235471,1.1050632021274605,1.0879127121389642,0.01763467068458291,0.01715048998849622,0.000484180696086689,0.6600704428372145,1.1055473828235467,0.0,0.0
main,dfl_mlp,2256-10-01,2256-07-01,0.0008687965256959,0.001930658945990889,0.0018518656895373,0.007386911710397,0.0658205619209153,0.0050252886489033696,0.00045368090099454176,0.019950140426874485,0.0022613798920065164,0.09181897666128214,0.6671587620860799,0.6647089996403996,0.5599258382143917,1.1062864198845819,1.1058961432447232,1.0892029245911374,0.01708349529344444,0.01669321865358575,0.00039027663985868877,0.6671587620860799,1.1062864198845817,0.0,0.0
main,dfl_mlp,2257-01-01,2256-10-01,0.0006670015152567,0.0014822255894593333,0.0022676315374397,0.0090397198486108,0.0711755638252946,0.0030053054913878443,0.00027258892146526524,0.011967139291404694,0.00135238747112453,0.0785906998701149,0.6449841593147929,0.6406444042150682,0.6096797892869915,1.1040552846490899,1.1033551520246097,1.0983596311674564,0.005695653481633478,0.004995520857153268,0.0007001326244802097,0.6449841593147929,1.1040552846490896,0.0,0.0
main,dfl_mlp,2257-04-01,2257-01-01,0.0011572189476417,0.0025715976614259996,0.0029278230595418,0.0116599596684066,0.0779076370465701,0.003455825988203287,0.0004052140854886531,0.01375181249865165,0.0015551216946914793,0.0822220237946434,0.6162763849847058,0.6124287752860074,0.5953857898385726,1.0964027655805462,1.0958008924196294,1.093134895521302,0.0032678700592441157,0.0026659968983273608,0.0006018731609167549,0.6162763849847058,1.0964027655805462,0.0,0.0
main,dfl_mlp,2257-07-01,2257-04-01,0.0022231848686732,0.004940410819273777,0.0048862750097833,0.0194023120208796,0.0911011825475739,0.005300308112055063,0.00038956476959199285,0.02103326767435676,0.0023851386504247785,0.09318589380688219,0.5664940216864763,0.5624722137769073,0.555121104032779,1.082576786271256,1.0819905347673406,1.0809189770898384,0.0016578091814176688,0.0010715576775022218,0.000586251503915447,0.5664940216864763,1.0825767862712556,0.0,0.0
main,dfl_mlp,2257-10-01,2257-07-01,0.0010735596919855,0.002385688204412222,0.0042516545027754,0.0168984657095266,0.087547127297071,0.009481128118932248,0.0007766986303316933,0.03738856275507596,0.004266507653519512,0.10942574371653149,0.5820020892172267,0.5753233986588941,0.5024003108993638,1.0915282111521445,1.0904778908681312,1.0790096850008677,0.012518526151276799,0.011468205867263492,0.0010503202840133063,0.5820020892172267,1.0915282111521445,0.0,0.0
main,dfl_mlp,2258-01-01,2257-10-01,0.0009833408940032,0.0021852019866737773,0.0030401455393609,0.0121052395566142,0.0788917319595701,0.007264811918139458,0.0005191702154003564,0.02874411360807594,0.003269165363162756,0.10153993811916534,0.6132144963671531,0.6084745201207234,0.5269944743820931,1.0969900464789477,1.0962403405943446,1.0833529195204552,0.013637126958492507,0.012887421073889405,0.0007497058846031024,0.6132144963671529,1.0969900464789475,0.0,0.0
main,dfl_mlp,2258-04-01,2258-01-01,0.0019948953216532,0.004433100714784889,0.003326139326429,0.0132383251574245,0.0812313428467779,0.00627199662849307,0.0015850746086748394,0.024852944226002815,0.0028223984828218817,0.09756669874096993,0.6008667877328076,0.5992334520964291,0.5401077456710393,1.088958956901262,1.0887171398505469,1.0799635171224564,0.00899543977880568,0.008753622728090438,0.00024181705071524284,0.6008667877328076,1.0889589569012614,0.0,0.0
main,dfl_mlp,2258-07-01,2258-04-01,0.0006952973399884,0.001545105199974222,0.0023872498891838,0.0095148601714425,0.0725350975808305,0.007475762162357569,0.0004619059902688176,0.029569394598897625,0.003364092973060906,0.10233849040019703,0.6392619466422949,0.6347734815871973,0.5244169672451446,1.1029512357253435,1.102228381774221,1.084455793273481,0.01849544245186241,0.01777258850074004,0.0007228539511223708,0.6392619466422946,1.1029512357253433,0.0,0.0
main,dfl_mlp,2258-10-01,2258-07-01,0.0008471478252503,0.0018825507227784443,0.0016999238291019,0.0067823765112674,0.0635690781928317,0.005031479243189097,0.0008793982515876228,0.01997453113497416,0.0022641656594350936,0.09185050221308524,0.6774322979654208,0.6753080224682643,0.5598143719126003,1.1080697730784335,1.1077308905485872,1.0893063592042207,0.018763413874212764,0.0184245313443665,0.00033888252984626277,0.6774322979654203,1.1080697730784328,0.0,0.0
main,dfl_mlp,2259-01-01,2258-10-01,0.0008335732340579,0.0018523849645731112,0.0016748342153277,0.0066825252276561,0.0631793815271272,0.0035368330311030148,0.0002189602501453371,0.014072453812228325,0.0015915748639963568,0.08282080969108624,0.6792880250706687,0.6771733393338434,0.593078416531952,1.1084580250527227,1.1081203853032229,1.0946934310401832,0.013764594012539488,0.013426954263039637,0.00033763974949985176,0.6792880250706687,1.1084580250527227,0.0,0.0
main,dfl_mlp,2259-04-01,2259-01-01,0.0008019250463121,0.0017820556584713333,0.0015446669777578,0.0061643666711829,0.0610679783227883,0.0031825851183384657,0.00041048472697464186,0.012669696226231597,0.0014321633032523095,0.08008517724146959,0.6893228459336606,0.6874437606942717,0.6037330139418597,1.1102783855653615,1.1099777681003202,1.0965856600905777,0.01369272547478384,0.013392108009742554,0.0003006174650412863,0.6893228459336606,1.1102783855653613,0.0,0.0
main,dfl_mlp,2259-07-01,2259-04-01,0.0006436113600684,0.0014302474668186666,0.0016302715751698,0.0065051569128106,0.0624738342412176,0.003503680694848299,0.00031312021868792157,0.013941239999861077,0.0015766563126817345,0.08257754981991447,0.6834454925374307,0.6805742413876938,0.5940141615058758,1.110420109916442,1.1099562194218615,1.0959712365091203,0.014448873407321594,0.013984982912741195,0.000463890494580399,0.6834454925374307,1.1104201099164417,0.0,0.0
main,dfl_mlp,2259-10-01,2259-07-01,0.0007214728835195,0.0016032730744877776,0.0016818693206467,0.0067105241980252,0.063289191369309,0.0033726314082741736,0.0002221933427919818,0.013422431097925402,0.0015176841337233781,0.08159119162091917,0.679298606601902,0.6766467880161529,0.5978314600296784,1.109221210664361,1.108794837293971,1.096122493411723,0.013098717252638004,0.012672343882248027,0.00042637337038997636,0.679298606601902,1.1092212106643606,0.0,0.0
main,dfl_mlp,2260-01-01,2259-10-01,0.0006832899637423,0.0015184221416495553,0.0015761151920319,0.0062895715885229,0.0615924070894039,0.0037038845475763083,0.00022563848050164212,0.014733428688473937,0.0016667480464093388,0.08401058073051469,0.6874000369620595,0.6848665555279808,0.5885335298202465,1.1107862707463034,1.11037795688975,1.0948522424672813,0.015934028279022128,0.01552571442246875,0.00040831385655337726,0.6874000369620595,1.110786270746303,0.0,0.0
main,dfl_mlp,2260-04-01,2260-01-01,0.001271096373382,0.0028246586075155555,0.0029818696566656,0.0118742353214392,0.0783860985477676,0.0032404780387878416,0.0003299501018710521,0.01289904396649133,0.0014582151174545289,0.08055395649438626,0.6140348846838332,0.6105011389781002,0.6018863887513524,1.0953528854763674,1.094804133511314,1.0934663572509289,0.0018865282254385551,0.001337776260385004,0.0005487519650535511,0.6140348846838329,1.095352885476367,0.0,0.0
main,dfl_mlp,2260-07-01,2260-04-01,0.0012020936716871,0.002671319270415778,0.0026352378042599,0.0104993575005106,0.0751430663231882,0.005005716672167182,0.0007749492064714183,0.019873024581356757,0.002252572502475232,0.09171906521286846,0.6267817826181227,0.6237618351503775,0.5602793068362864,1.0977648353357046,1.097293786758521,1.0873918414572448,0.010372993878459802,0.009901945301276305,0.00047104857718349713,0.6267817826181227,1.097764835335704,0.0,0.0
main,dfl_mlp,2260-10-01,2260-07-01,0.0011130271408553,0.002473393646345111,0.0032062752497512,0.0127635515320753,0.0802781020950222,0.005410438776016236,0.0006397038915487038,0.0214667506764733,0.0024346974492073063,0.09371521267859352,0.6075661540885609,0.6029719698116884,0.5532760330642108,1.0953087376932218,1.0945880492526094,1.0867922611429353,0.008516476550286534,0.007795788109674184,0.0007206884406123493,0.6075661540885609,1.0953087376932211,0.0,0.0
main,dfl_mlp,2261-01-01,2260-10-01,0.0013140718909439,0.002920159757653111,0.0030025592359673,0.011956252967433,0.078566812648305,0.0057086309418082236,0.0006486138906107116,0.0226397360439754,0.0025688839238137006,0.09510233355160473,0.6131926404955941,0.6097755919713898,0.5484815396127758,1.0949585714771706,1.0944294097992604,1.0849374569158785,0.010021114561292066,0.009491952883381893,0.0005291616779101727,0.613192640495594,1.09495857147717,0.0,0.0
main,dfl_mlp,2261-04-01,2261-01-01,0.0011380563163586,0.0025290140363524445,0.0019461180211739,0.0077617773009552,0.0671308039701385,0.004913609568029642,0.00043254193359291596,0.01951005086337476,0.002211124305613339,0.09124384785466408,0.6602016958295472,0.6586762819838389,0.5619648190897424,1.1034004177992691,1.1031615083418116,1.0880146134877127,0.01538580431155645,0.015146894854098925,0.00023890945745752568,0.6602016958295447,1.1034004177992685,0.0,0.0
main,dfl_mlp,2261-07-01,2261-04-01,0.0008221275344995,0.0018269500766655553,0.0014145050113139,0.0056460264153948,0.0587917306851173,0.005234656017273664,0.0008286317092979685,0.02077478732882654,0.0023555952077731488,0.09286561722145499,0.7002121529020711,0.6988380339004958,0.5562416924636344,1.1118790047786282,1.111659449797032,1.088875588221781,0.023003416556847123,0.02278386157525092,0.0002195549815962039,0.7002121529020711,1.111879004778628,0.0,0.0
main,dfl_mlp,2261-10-01,2261-07-01,0.0004764074639124,0.0010586832531386666,0.0014794855366122,0.0059048218305897,0.059950069816379,0.003249053657054901,0.0002234936687236475,0.012933013611370336,0.0014620741456747054,0.08062263111704826,0.6962504457511609,0.6929968999885981,0.6016166022696068,1.1136530857951132,1.1131219902418563,1.0982054427839454,0.015447643011167855,0.014916547457910934,0.0005310955532569217,0.6962504457511609,1.1136530857951126,0.0,0.0
main,dfl_mlp,2262-01-01,2261-10-01,0.0004667809759243,0.0010372910576095554,0.0013952600052863,0.0055693703793537,0.0584398218160975,0.003016803180798888,0.0001511731854674069,0.012012715856702383,0.0013575614313594997,0.07869045528922541,0.7036970695928645,0.7006305293778954,0.6092799687196035,1.114936383642605,1.1144355189128323,1.0995150317607927,0.015421351881812262,0.014920487152039641,0.000500864729772621,0.7036970695928645,1.114936383642605,0.0,0.0
main,dfl_mlp,2262-04-01,2262-01-01,0.0005092439196335,0.0011316531547411112,0.001429475928807,0.005705654986439,0.0590626398558207,0.0025256956927478314,0.0001712430488442241,0.010064572344956724,0.0011365630617365243,0.07402392272903689,0.7004180123045026,0.6974638505187408,0.6284478228549939,1.114103389927478,1.1136221346367396,1.1023789019136807,0.011724488013797218,0.011243232723058938,0.00048125529073828055,0.7004180123045023,1.1141033899274777,0.0,0.0
main,dfl_mlp,2262-07-01,2262-04-01,0.0005437742612475,0.0012083872472166666,0.0016712261783331,0.0066681653948152,0.0631228997651254,0.003070087591186166,0.0003972745476735269,0.012223913396679387,0.0013815394160337747,0.07914750904900406,0.6808896603892793,0.6774444649183711,0.6074534003488252,1.1106869602247065,1.110126901471814,1.098748996018433,0.011937964206273577,0.011377905453381132,0.000560058752892445,0.6808896603892793,1.1106869602247065,0.0,0.0
main,dfl_mlp,2262-10-01,2262-07-01,0.0008888212922224,0.0019751584271608886,0.001955177904866,0.0077978051774089,0.0672535151207576,0.0036124438047409058,0.00030314967186337565,0.014371665113170895,0.0016255997121334077,0.08336660174167806,0.660753635051054,0.658116238411695,0.5909869971954729,1.1051336916911099,1.104714050798588,1.0940329972635003,0.011100694427609525,0.010681053535087637,0.00041964089252188863,0.660753635051054,1.1051336916911092,0.0,0.0
main,dfl_mlp,2263-01-01,2262-10-01,0.0009519156175234,0.002115368038940889,0.0014673087915048,0.0058563298272805,0.059736431219481,0.003935147263109684,0.00032486020560739217,0.015647920257813253,0.001770816268399358,0.08556664224512132,0.6949833131229501,0.6940674678770775,0.5826671549627089,1.1101415414513074,1.1099963979804774,1.0923415823874658,0.017799959063841575,0.01765481559301163,0.00014514347082994483,0.6949833131228963,1.1101415414520646,0.0,0.0
main,dfl_mlp,2263-04-01,2263-01-01,0.0007392543648277,0.001642787477394889,0.0018635389858979,0.0074333451528453,0.065986256329194,0.0036616047378629445,0.0008445942974538577,0.014566171045810816,0.001647722132038325,0.08371495542942782,0.6669978858171004,0.663940701494977,0.5896579260482917,1.1071248338330615,1.1066338272354863,1.0947034596202485,0.012421374212812974,0.011930367615237802,0.0004910065975751721,0.6669978858171004,1.1071248338330608,0.0,0.0
main,dfl_mlp,2263-07-01,2263-04-01,0.0010750376191435,0.0023889724869855552,0.0020497971514067,0.0081740130280728,0.0685030172262373,0.0034719415474683047,2.6665393986507606e-05,0.013815607184295753,0.0015623736963607372,0.08234233712963089,0.654544254189841,0.652460872253436,0.5949210802724116,1.1029268377374102,1.1025992267116604,1.0935511160686218,0.009375721668788417,0.009048110643038676,0.0003276110257497411,0.654544254189841,1.1029268377374095,0.0,0.0
main,dfl_mlp,2263-10-01,2263-07-01,0.0002997973198848,0.0006662162664106666,0.001167621958201,0.0046623141521897,0.0539334319199371,0.0035916016437113284,0.00033436572227883856,0.014289194115175041,0.0016162207396700978,0.08321738269012309,0.727626050246456,0.7243588166728174,0.5915576862595509,1.120059773043982,1.1195206728822988,1.0976082172026258,0.022451555841356274,0.021912455679673037,0.0005391001616832369,0.727626050246456,1.120059773043982,0.0,0.0
main,dfl_mlp,2264-01-01,2263-10-01,0.0005113469454079,0.0011363265453508888,0.0011039271632905,0.0044084021018122,0.0525446648984706,0.0020823517348617314,0.0003384289075284933,0.00830342590603883,0.0009370582806877792,0.06891988576859667,0.7339125645299082,0.7319753890509825,0.6505929609269367,1.1195444713603362,1.1192289315675152,1.1059728302029868,0.013571641157349434,0.013256101364528483,0.00031553979282095135,0.7339125645299082,1.119544471360336,0.0,0.0
main,dfl_mlp,2264-04-01,2264-01-01,0.000455622468259,0.001012494373908889,0.0010480716269049,0.0041857003866366,0.0512740268464468,0.0021268488839268685,0.0003844546668682943,0.008480293081281398,0.0009570819977670909,0.06947938165462396,0.741126938608408,0.7390767730940427,0.6481005439490544,1.1211325848355926,1.1207974980438984,1.1059279996883005,0.015204585147292171,0.014869498355597921,0.00033508679169425015,0.741126938608408,1.1211325848355918,0.0,0.0
main,dfl_mlp,2264-07-01,2264-04-01,0.0004433212118862,0.000985158248636,0.0011193143852617,0.0044697459607171,0.0528858607146753,0.0013488111668266355,0.000668914060398719,0.005384338730137217,0.000606965025071986,0.0575730328719584,0.7324441396961938,0.7300902740861798,0.7050819483135362,1.11980353523247,1.119418520995536,1.1153279894786197,0.004475545753850341,0.004090531516916407,0.0003850142369339338,0.7324441396961938,1.1198035352324698,0.0,0.0
main,dfl_mlp,2264-10-01,2264-07-01,0.0003907294293004,0.0008682876206675556,0.0010491713571132,0.0041900854835674,0.051299544826501,0.001875133696012199,0.0003301313050700432,0.0074794643862464705,0.0008438101632054896,0.06614985885279841,0.7413432804008683,0.7389328861538468,0.6631836486023386,1.1216490247386788,1.1212534966248642,1.1088235992797955,0.012825425458883322,0.012429897345068719,0.00039552811381460273,0.7413432804008683,1.1216490247386783,0.0,0.0
main,dfl_mlp,2265-01-01,2264-10-01,0.0003295129728173,0.0007322510507051111,0.0010496438163507,0.0041919693771311,0.0513105013798889,0.0014548201113939285,9.79553292700655e-05,0.005806593748273303,0.0006546690501272679,0.05951570240213848,0.7416196185270992,0.7388711188370508,0.6951767531412187,1.1221483624162927,1.121695671775656,1.1144989969421144,0.007649365474178271,0.007196674833541694,0.00045269064063657716,0.7416196185270992,1.1221483624162896,0.0,0.0
main,dfl_mlp,2265-04-01,2265-01-01,0.0005727963017971,0.0012728806706602221,0.0011362954321005,0.0045374405914712,0.0532581275954124,0.0014568851329386234,0.0001207808285542764,0.0058148178105440484,0.0006555983098223806,0.05955231412889385,0.7297622697547922,0.7280438370992189,0.694992534539243,1.118420010025739,1.1181411564583024,1.1127778542669862,0.005642155758752931,0.005363302191316199,0.00027885356743673206,0.7297622697547917,1.1184200100257384,0.0,0.0
main,dfl_mlp,2265-07-01,2265-04-01,0.0002996199025736,0.0006658220057191111,0.001151810912537,0.004599289750403,0.0535944255907697,0.002149991667829454,0.00017955998856574145,0.00857227161795815,0.0009674962505232544,0.06976579524222226,0.7294262744665168,0.7262043544779272,0.6468310426180715,1.120358107817472,1.1198264787729193,1.1067295806201278,0.013628527197344198,0.01309689815279147,0.0005316290445527283,0.7294262744665168,1.1203581078174716,0.0,0.0
main,dfl_mlp,2265-10-01,2265-07-01,0.0003843679742649,0.000854151053922,0.0011911987120962,0.0047562878811679,0.0544321631266724,0.0017167845973744989,0.00010037481598961945,0.006849474524544097,0.0007725530688185245,0.06382799204489345,0.7245508803988727,0.7216596285699552,0.6740738098119852,1.118939606365503,1.11846498910433,1.1106534762005889,0.008286130164914196,0.007811512903741047,0.0004746172611731492,0.7245508803988727,1.1189396063655024,0.0,0.0
main,dfl_mlp,2266-01-01,2265-10-01,0.0005791426733824,0.0012869837186275555,0.0012446279791936,0.0049692250337423,0.0555334273599171,0.0024012189358472826,0.00016172477320017795,0.009570335976172628,0.0010805485211312772,0.07268930425823353,0.7178103144588697,0.7157653917633026,0.6341133268656673,1.1164349869841184,1.1161032829912303,1.1028586180399482,0.013576368944170136,0.01324466495128207,0.00033170399288806607,0.7178103144588694,1.116434986984118,0.0,0.0
main,dfl_mlp,2266-04-01,2266-01-01,0.0008839030241412,0.001964228942536,0.0012692599121861,0.0050673817010169,0.0560281292376137,0.0033953913487493994,0.0004824640142123922,0.013512549745174351,0.0015279261069372297,0.08176541685637001,0.7137145753167153,0.713146693206043,0.5971544748496729,1.1135955039382472,1.113505119270804,1.0950436853127543,0.018551818625492933,0.018461433958049778,9.038466744315521e-05,0.7137145753167153,1.113595503938247,0.0,0.0
main,dfl_mlp,2266-07-01,2266-04-01,0.0005604715432944,0.0012454923184320001,0.0014017229715721,0.005595113935268,0.0585584651138215,0.0025313427671790124,0.00022519970069542807,0.010086989730729634,0.0011391042452305556,0.07408284357822671,0.7026471668001415,0.7000252585118629,0.628199657658441,1.1141065866027446,1.1136808010601609,1.1020166621703698,0.012089924432374888,0.01166413888979112,0.00042578554258376755,0.7026471668001415,1.1141065866027444,0.0,0.0
main,dfl_mlp,2266-10-01,2266-07-01,0.0005501257006054,0.0012225015569008889,0.001332314828287,0.0053186183929575,0.0572590808943075,0.0030260862316936255,9.627759209345833e-05,0.012049512497512183,0.0013617388042621314,0.07877070008569513,0.7091735412036219,0.7067071467404615,0.6089586498629767,1.1152398090101538,1.1148390230101628,1.0989550151380243,0.016284793872129555,0.015884007872138506,0.000400785999991049,0.7091735412036219,1.1152398090101536,0.0,0.0
main,dfl_mlp,2267-01-01,2266-10-01,0.0004570318323892,0.0010156262941982221,0.0011345481316215,0.0045304751696108,0.053220026585281,0.002874677116051316,0.00024137120235072007,0.011449220807450922,0.0012936047022230922,0.07742787878304114,0.7305826187836152,0.72825280304095,0.6143714414837302,1.1193988848259036,1.1190181237807155,1.1004065291125777,0.018992355713325804,0.018611594668137776,0.0003807610451880272,0.7305826187836152,1.1193988848259036,0.0,0.0
main,dfl_mlp,2267-04-01,2267-01-01,0.0004149101177241,0.0009220224838313333,0.0010939158455482,0.0043684887056442,0.0523206632409116,0.002484005643054843,0.00022984918394145225,0.009899062138020054,0.0011178025393746795,0.07358465462525043,0.7356426028722353,0.7332179747371433,0.630303127103904,1.1205357016929296,1.1201384241936838,1.1032757339067705,0.017259967786159125,0.01686269028691334,0.00039727749924578504,0.7356426028722353,1.1205357016929296,0.0,0.0
main,dfl_mlp,2267-07-01,2267-04-01,0.0004702687885996,0.0010450417524435554,0.0010450016095023,0.004173458831319,0.0512026814303694,0.001735531073063612,0.00012511656460843345,0.00692407278469942,0.0007809889828786254,0.06411311091596689,0.7414385137148054,0.7394793538541932,0.672719360800041,1.1210749163874298,1.1207549908481895,1.1098532634256975,0.011221652961732387,0.010901727422492069,0.00031992553924031775,0.7414385137148053,1.1210749163874292,0.0,0.0
main,dfl_mlp,2267-10-01,2267-07-01,0.0005327804164685,0.0011839564810411111,0.0011135984688182,0.0044469587883371,0.0527595497268576,0.0016191512579098344,0.00013476345030613332,0.006460892099386939,0.0007286180660594255,0.06229502952737213,0.7326418931364306,0.7307870857242884,0.6814410257434937,1.1191804655174453,1.1188787399228604,1.1108515079899635,0.008328957527481862,0.008027231932896894,0.0003017255945849673,0.7326418931364306,1.119180465517445,0.0,0.0
main,dfl_mlp,2268-01-01,2267-10-01,0.0004604920170664,0.001023315593480889,0.0012198276010002,0.0048703897858431,0.0550271450151425,0.001526824221946299,0.00011227424625209641,0.006093323966405162,0.0006870708998758346,0.06076618003251722,0.7210447962754827,0.7184639643445923,0.6889349075037519,1.1178151720479599,1.1173934768085854,1.1125685742087916,0.005246597839168254,0.0048249025997937345,0.0004216952393745199,0.7210447962754827,1.1178151720479592,0.0,0.0
main,dfl_mlp,2268-04-01,2268-01-01,0.0004536721643591,0.0010081603652424445,0.0013149536133035,0.0052494489269546,0.0569251073675005,0.001899053412489593,0.00017924726266614618,0.00757460260878573,0.0008545740356203169,0.06648433548140266,0.7113449070742253,0.7084436129346027,0.6616406433216759,1.116278770552488,1.1158045155009488,1.1081539486512046,0.008124821901283275,0.007650566849744189,0.0004742550515390853,0.7113449070742253,1.1162787705524877,0.0,0.0
main,dfl_mlp,2268-07-01,2268-04-01,0.0005425048822331,0.0012055664049624444,0.001478514754571,0.0059009559063964,0.0599330942956903,0.002864955784752965,0.0003421399794369642,0.011410669303653087,0.0012892301031388342,0.07733910187967938,0.6960123919645845,0.6930818584080323,0.614732008867664,1.113154180642695,1.112677749292814,1.099940026329011,0.013214154313684112,0.012737722963803044,0.00047643134988106794,0.6960123919645845,1.1131541806426948,0.0,0.0
main,dfl_mlp,2268-10-01,2268-07-01,0.0008274515287266,0.001838781174948,0.0014735702483878,0.0058812653320714,0.0598464804808683,0.0028736495412886144,0.0002367339366739011,0.01144514584764722,0.0012931422935798765,0.07741850989051728,0.6950529286021715,0.6935156213663373,0.614409476619074,1.111017665921987,1.1107721187785908,1.098136851465079,0.01288081445690814,0.012635267313511944,0.00024554714339619643,0.6950529286021715,1.1110176659219868,0.0,0.0
main,dfl_mlp,2269-01-01,2268-10-01,0.0011249124242497,0.0024998053872215555,0.0024264512861614,0.009670536259454,0.0729655258276499,0.0034003737848252056,0.00019649735267232425,0.013532277022206274,0.0015301682031713425,0.08180338969603193,0.6357665438507771,0.6329337292058529,0.5970070798535363,1.0996569625259303,1.099212916349479,1.0935813826004712,0.00607557992545904,0.005631533749007822,0.00044404617645121824,0.6357665438507771,1.0996569625259296,0.0,0.0
main,dfl_mlp,2269-04-01,2269-01-01,0.0011626585580597,0.002583685684577111,0.0016010469858813,0.0063888242444332,0.0620015327237924,0.004331368952989578,0.00020668305689280385,0.017213235956992534,0.0019491160288453103,0.08802184962993939,0.6832272175272232,0.682868134980592,0.57358290559235,1.106838572829,1.1067824218651248,1.089693117400078,0.017145455428922096,0.017089304465046862,5.615096387523444e-05,0.6832272175272232,1.1068385728289998,0.0,0.0
main,dfl_mlp,2269-07-01,2269-04-01,0.0005544846577094,0.0012321881282431112,0.0012665721661029,0.0050566715588924,0.0559745365324464,0.003922508843243122,0.0002663507103191123,0.015597960090559915,0.001765128979459405,0.08548413309934155,0.7156709325145791,0.7134295248774095,0.5829760512185747,1.1162644311419703,1.1159003029203902,1.0947074638425935,0.021556967299376728,0.021192839077796677,0.0003641282215800512,0.7156709325145791,1.11626443114197,0.0,0.0
main,dfl_mlp,2269-10-01,2269-07-01,0.0005135461395868,0.0011412136435262224,0.0011860220010822,0.0047356547864906,0.0543233434385288,0.0022920720046386124,0.0002666785646476408,0.009136814592971332,0.0010314324020873756,0.07145918613885101,0.7244440257539128,0.722246970638576,0.63941201308039,1.1179862419989308,1.1176284196312831,1.104137542488277,0.013848699510653928,0.01349087714300623,0.0003578223676476977,0.7244440182523928,1.1179862407771988,0.0,0.0
main,dfl_mlp,2270-01-01,2269-10-01,0.0004311925910758,0.0009582057579462222,0.0011215654970285,0.0044787201748572,0.052935466417117,0.002142974780872464,0.00015676952600078556,0.00854438442201444,0.0009643386513926088,0.0696792803083756,0.7322431363228682,0.7298169615510015,0.6472140582189427,1.1198594687497565,1.1194623328739457,1.1059412227133412,0.013918246036415338,0.013521110160604533,0.00039713587581080567,0.7322431363228635,1.1198594687497558,0.0,0.0
main,dfl_mlp,2270-04-01,2270-01-01,0.0005770143156455,0.0012822540347677779,0.0012479100793039,0.0049823044107738,0.0555998077646274,0.002354199928231537,0.000255047811278383,0.009383598328723819,0.0010593899677041917,0.07216653853063755,0.7174793984114202,0.7154129768163761,0.6363559806572738,1.1163965800924776,1.1160613448129348,1.1032359396435631,0.013160640448914407,0.012825405169371695,0.0003352352795427116,0.7174793984114199,1.116396580092477,0.0,0.0
main,dfl_mlp,2270-07-01,2270-04-01,0.000527968333833,0.001173262964073333,0.0013871718727909,0.0055371526896715,0.0582906782705515,0.002769984910264611,0.000147363561025089,0.01103398769811026,0.0012464932096190751,0.07645460528783066,0.7041328882608273,0.7013927694733845,0.6183431611298117,1.1145767265496982,1.1141308535529146,1.100616994984621,0.013959731565077238,0.01351385856829368,0.0004458729967835584,0.7041328882608273,1.114576726549698,0.0,0.0
main,dfl_mlp,2270-10-01,2270-07-01,0.0005483519610707,0.0012185599134904444,0.0012575118826468,0.0050205674654728,0.0557931820940054,0.002937369793653488,0.00022423557037855782,0.01169781162850747,0.0013218164071440697,0.07799283366819579,0.7166324973735035,0.7143881570537176,0.6120848206252325,1.116464591205731,1.116099848916163,1.0994738707477245,0.016990720458006425,0.016625978168438582,0.00036474228956784316,0.7166324973735035,1.1164645912057307,0.0,0.0
main,dfl_mlp,2271-01-01,2270-10-01,0.0005176436167519,0.0011503191483375555,0.0013675193203335,0.005458866852929,0.0579251643854242,0.00219086236320436,8.57277104123315e-05,0.008734692225898733,0.000985888063441962,0.07026417414060744,0.7060012376958004,0.7032672999334034,0.6446322460082823,1.1149536375917728,1.1145084881020024,1.1049613196564052,0.00999231793536759,0.00954716844559722,0.00044514948977036894,0.7060012376957441,1.1149536375917628,0.0,0.0
main,dfl_mlp,2271-04-01,2271-01-01,0.0007927438555929,0.0017616530124286666,0.0015404437966103,0.0061475519999574,0.0609968274730673,0.002867085486650467,0.0002887672735817628,0.011419115075729791,0.0012901884689927102,0.07735857806050171,0.6897047630841542,0.6877947796580678,0.6146528767145705,1.1104028080670567,1.1100970721277272,1.098389060374668,0.012013747692388721,0.011708011753059244,0.00030573593932947674,0.6897047630841542,1.1104028080670567,0.0,0.0
main,dfl_mlp,2271-07-01,2271-04-01,0.0005880519059383,0.0013067820131962221,0.0013779861416324,0.0055005619544177,0.0581203891636397,0.003490130975842476,0.0005335563749964008,0.013887607722961937,0.0015705589391291142,0.08247741601508991,0.7046797049534093,0.7022649449594445,0.5943999950070398,1.1142423079964339,1.113850828359616,1.0963638186616467,0.017878489334787195,0.017487009697969347,0.0003914796368178486,0.7046797049534093,1.114242307996434,0.0,0.0
main,dfl_mlp,2271-10-01,2271-07-01,0.0004972387375043,0.0011049749722317778,0.0016077058987385,0.0064153319005997,0.0621098311445269,0.0029577738139778377,0.0005370074972550215,0.011778708127229254,0.001330998216290027,0.07817393667124233,0.6858377920193551,0.6823409098455466,0.6113547022869346,1.1118104978808871,1.1112404095284598,1.0996676975808803,0.012142800300006806,0.011572711947579473,0.0005700883524273337,0.6858377920193546,1.1118104978808865,0.0,0.0
main,dfl_mlp,2272-01-01,2271-10-01,0.0009652889856661,0.0021450866348135555,0.0021913349537978,0.008736570189568,0.0702698823460882,0.0030033862683922054,0.00022634553297011122,0.011959531383869626,0.0013515238207764924,0.07857400872072214,0.6475208885025204,0.644607136609436,0.609746727921767,1.1025330614518214,1.1020716772598766,1.0965516322857687,0.00598142916605271,0.005520044974107963,0.000461384191944747,0.6475208885025204,1.1025330614518212,0.0,0.0
main,dfl_mlp,2272-04-01,2272-01-01,0.0007661409522751,0.0017025354495002222,0.00179896002753,0.0071764458441518,0.0650569592220109,0.0042523788288235664,0.00023018466315606723,0.01690132621248619,0.001913570472970605,0.08755148189750799,0.6710368902988832,0.6682702255944473,0.5753073981790334,1.1075931091487594,1.1071495060297267,1.0922439773151598,0.01534913183359965,0.014905528714566962,0.00044360311903268723,0.6710368902988832,1.1075931091487592,0.0,0.0
main,dfl_mlp,2272-07-01,2272-04-01,0.0008229921898704,0.0018288715330453333,0.0012967777774871,0.0051770300343108,0.0565714738980637,0.0035692636389285325,0.00020764029869807329,0.014200798420447525,0.0016061686375178396,0.08305642256575996,0.7112655391302735,0.7102909199828019,0.5921742076430934,1.113638950737604,1.1134832357602933,1.09461171940471,0.01902723133289408,0.018871516355583262,0.00015571497731081685,0.7112655391302731,1.1136389507376037,0.0,0.0
main,dfl_mlp,2272-10-01,2272-07-01,0.0007586486946994,0.0016858859882208888,0.0012333996067203,0.0049244782823861,0.0553052411446554,0.0035930455196648836,0.0002479840116816733,0.014294907599880946,0.0016168704838491978,0.08322774990456486,0.718061219258016,0.7169793263504524,0.5915180093667003,1.1151867227683032,1.115013172526253,1.0948874819166332,0.02029924085167001,0.020125690609619884,0.00017355024205012448,0.718061219258016,1.1151867227683028,0.0,0.0
main,dfl_mlp,2273-01-01,2272-10-01,0.0006557327002514,0.0014571837783364443,0.0012460417381785,0.0049748589687412,0.0555620382323999,0.0036141160875558854,0.0005399504912041848,0.014378281996999531,0.0016263522394001485,0.08337853451282219,0.7172686670742459,0.7156134572238758,0.5909413958209102,1.1157977708698101,1.1155305493671943,1.0954031585261932,0.020394612343616947,0.020127390841001125,0.000267221502615822,0.7172686670742459,1.11579777086981,0.0,0.0
main,dfl_mlp,2273-04-01,2273-01-01,0.0005001139640087,0.0011113643644637776,0.0011482693012635,0.0045851721250614,0.0535179803043248,0.002098516095429659,0.0002291985207509109,0.008367678709035986,0.0009443322429433465,0.06912449018773562,0.7287668515411816,0.7266217280088286,0.6496795701157767,1.1187881662692944,1.1184385135781896,1.1058970295279897,0.01289113674130471,0.012541484050199836,0.0003496526911048736,0.7287668515411816,1.1187881662692942,0.0,0.0
main,dfl_mlp,2273-07-01,2273-04-01,0.0004317643871905,0.0009594764159788888,0.0012055944444106,0.0048136640368673,0.0547327774440765,0.0022276805248111486,0.00021441933500011942,0.008880990931491528,0.0010024562361650169,0.07070522063657021,0.7227285064328266,0.7200417166903469,0.6426971139778849,1.1182979047738641,1.1178581246983936,1.105198177892627,0.013099726881237173,0.012659946805766653,0.00043978007547051945,0.7227285064328266,1.1182979047738637,0.0,0.0
main,dfl_mlp,2273-10-01,2273-07-01,0.0003748955532303,0.0008331012294006666,0.0012305767787029,0.0049132286512132,0.0552476070409238,0.0019252600613981485,0.0001652083093917779,0.007678829018907818,0.0008663670276291669,0.06684618297651901,0.7203443078120482,0.7172865442149606,0.6599785086521412,1.1183173049344892,1.1178150640699316,1.1084021593723472,0.009915145562142014,0.009412904697584379,0.0005022408645576348,0.7203443078120478,1.1183173049344886,0.0,0.0
main,dfl_mlp,2274-01-01,2273-10-01,0.0005385081778726,0.001196684839716889,0.0012889268682406,0.0051457480407164,0.0564174422447789,0.002302672481164336,0.0001876883022777995,0.00917892493105621,0.0010362026165239514,0.07158124778817833,0.7134909254015092,0.711098340743285,0.6388828782677185,1.1160242684857875,1.1156351985272528,1.1038918870024772,0.012132381483310306,0.01174331152477559,0.0003890699585347157,0.7134909254015092,1.1160242684857875,0.0,0.0
main,dfl_mlp,2274-04-01,2274-01-01,0.0006134786900347,0.001363285977854889,0.0013711858959793,0.0054734729879594,0.0579936971370359,0.0027993249241262674,0.0003463107159818946,0.01115037005941788,0.0012596962158568203,0.07673124839816887,0.7051829179378455,0.7029151257319618,0.6172100169323851,1.1141445832862444,1.1137775066175728,1.099904830918001,0.014239752368243375,0.013872675699571735,0.0003670766686716398,0.7051829179378455,1.1141445832862438,0.0,0.0
main,dfl_mlp,2274-07-01,2274-04-01,0.000731801181701,0.0016262248482244444,0.0016876287195112,0.0067334455518428,0.0633787748771829,0.00257859299890697,0.00011364327716224042,0.010274545682015135,0.0011603668495081365,0.07457054819847202,0.678837880950143,0.6762177670320071,0.6261517667797859,1.109077020364997,1.1086560152513645,1.1006113107904678,0.008465709574529079,0.008044704460896668,0.0004210051136324111,0.678837880950143,1.1090770203649964,0.0,0.0
main,dfl_mlp,2274-10-01,2274-07-01,0.0008176467558326,0.001816992790739111,0.0014421675694137,0.0057562031874932,0.059290385770598,0.0030766220297664404,0.00016103593362533952,0.012249810899116143,0.0013844799133948982,0.07920297384677578,0.6977975821551642,0.6963124519733751,0.6072323302041271,1.1115244745092976,1.1112871157575082,1.0970500160260126,0.014474458483284991,0.014237099731495562,0.00023735875178942933,0.6977975821551642,1.1115244745092976,0.0,0.0
main,dfl_mlp,2275-01-01,2274-10-01,0.0007421357520312,0.0016491905600693334,0.0012767093341745,0.0050970657377746,0.0561761781600462,0.00268686655908823,0.0002513005551376652,0.010704228261463333,0.0012090899515897035,0.07565375732951098,0.713682572584295,0.7123664466953583,0.6216426728029267,1.1146021786669975,1.1143908369584192,1.099822536506139,0.014779642160858586,0.014568300452280303,0.00021134170857828316,0.713682572584295,1.114602178666997,0.0,0.0
main,dfl_mlp,2275-04-01,2275-01-01,0.0007167380572668,0.0015927512383706666,0.0011399758101888,0.0045521118957785,0.0533382286889468,0.0030925958417356014,0.00027770618753532853,0.012313116693417725,0.0013916681287810208,0.07933803128593865,0.7285710727131608,0.727604910712864,0.606694552651001,1.1171779940634388,1.11702260369814,1.0975762740951538,0.01960171996828497,0.019446329602986312,0.00015539036529865768,0.7285710727131608,1.1171779940634388,0.0,0.0
main,dfl_mlp,2275-07-01,2275-04-01,0.0006546080133016,0.0014546844740035557,0.0012416954203567,0.0049575384917697,0.0554739945932713,0.0025715922471135854,0.0002879903577897761,0.010246758449258597,0.0011572165112011135,0.0744988790423127,0.7177277132768479,0.7160812026576328,0.6264520119141321,1.115879952705714,1.115614117112139,1.101143132932095,0.014736819773618848,0.014470984180043889,0.000265835593574959,0.7177277132768479,1.1158799527057135,0.0,0.0
main,dfl_mlp,2275-10-01,2275-07-01,0.0006240493742483,0.0013867763872184443,0.0013449595431946,0.0053689944041454,0.0575000221182296,0.002389108994975686,0.000240900268409264,0.009522243443208733,0.0010750990477390587,0.07255567391997918,0.7075935230030885,0.7054592772267728,0.634685324307112,1.1144599789119967,1.1141147443689874,1.1026663846888105,0.011793594223186155,0.011448359680176878,0.00034523454300927625,0.7075935230030885,1.1144599789119964,0.0,0.0
main,dfl_mlp,2276-01-01,2275-10-01,0.0006083416828838,0.0013518704064084445,0.0012819426423943,0.0051179187321062,0.0562797562042934,0.0026154120452702044,0.00021287537187070422,0.010420677414941348,0.001176935420371592,0.07494416197001517,0.7138365099422646,0.7118215196920573,0.6245904330412391,1.1155819686326787,1.1152557082962418,1.101131548799434,0.014450419833244688,0.014124159496807787,0.000326260336436901,0.7138365099422646,1.1155819686326789,0.0,0.0
main,dfl_mlp,2276-04-01,2276-01-01,0.0007490246885548,0.0016644993078995555,0.001244264581474,0.0049677768628603,0.0555260688019642,0.0034170746337622406,0.0003222502914552381,0.0135983996009027,0.0015376835851930084,0.08193023838635843,0.7169738789212363,0.7158044848739674,0.5965151085454503,1.1150813002951587,1.1148936011453376,1.0957464928016707,0.019334807493488038,0.019147108343666952,0.0001876991498210856,0.7169738789212363,1.1150813002951585,0.0,0.0
main,dfl_mlp,2276-07-01,2276-04-01,0.0005798435761253,0.0012885412802784446,0.0011123629855863,0.0044420333378798,0.0527321807527378,0.002354148542508483,0.00015284969692220277,0.00938339423406831,0.0010593668441288174,0.0721659613848487,0.7325361986690225,0.7309382308579749,0.6363584633149673,1.118818517285621,1.118559324407066,1.103218338166253,0.015600179119368063,0.015340986240812926,0.00025919287855513673,0.7325361986690225,1.1188185172856209,0.0,0.0
main,dfl_mlp,2276-10-01,2276-07-01,0.0005215574029842,0.001159016451076,0.0011088504138482,0.004428029811984,0.0526542377819353,0.003024581493809819,0.00031533813094311884,0.012043548008889182,0.0013610616722144187,0.07875771068212079,0.7332679403776325,0.7313690043081055,0.6090106441276613,1.1193646007566929,1.1190554835386606,1.0991374481140375,0.0202271526426554,0.019918035424623115,0.0003091172180322843,0.7332679403776325,1.1193646007566926,0.0,0.0
main,dfl_mlp,2277-01-01,2276-10-01,0.0003315641754422,0.0007368092787604445,0.001051867855141,0.0042008375186879,0.0513620269343784,0.0019329217961058021,0.00021451729734409922,0.007709298937471631,0.000869814808247611,0.06695107677828634,0.7413250541893612,0.7385807831851877,0.6594980603771747,1.1220846408005434,1.1216327022913688,1.1086090148374184,0.013475625963125015,0.013023687453950439,0.00045193850917457645,0.7413250541893612,1.122084640800543,0.0,0.0
main,dfl_mlp,2277-04-01,2277-01-01,0.0003067765342681,0.0006817256317068889,0.0010757876624319,0.0042962117139391,0.0519109382785392,0.0016201909631490708,0.00020129477425162107,0.0064650307452895905,0.0007290859334170819,0.062311794235107985,0.7384558085116387,0.7355010788135001,0.681359670745721,1.1217951666935018,1.1213078365215794,1.1123781731014668,0.009416993592034961,0.008929663420112588,0.00048733017192237327,0.7384558085116387,1.1217951666935018,0.0,0.0
main,dfl_mlp,2277-07-01,2277-04-01,0.0004759674428221,0.0010577054284935555,0.0010649135600655,0.0042528548242557,0.0516625830845844,0.0016277284827083348,0.0001446618945474822,0.00649503417439945,0.0007324778172187507,0.0624330415571853,0.7388877634449962,0.7368914980236133,0.6807718135356438,1.1206162790657648,1.1202904080484504,1.1111294124816489,0.009486866584115905,0.0091609955668015,0.00032587101731440526,0.7388877634449962,1.1206162790657646,0.0,0.0
main,dfl_mlp,2277-10-01,2277-07-01,0.0003620354231687,0.000804523162597111,0.0010410426548519,0.0041576725123803,0.0511104394440039,0.002102432586252689,0.000247927511996807,0.008383246161675406,0.0009460946638137101,0.06917382944621574,0.7425422313961315,0.7400004594635581,0.6494596444520631,1.1220588289649087,1.1216410133950083,1.1067579462958446,0.015300882669064153,0.01488306709916376,0.0004178155699003927,0.7425422208087122,1.1220588272245524,0.0,0.0
main,dfl_mlp,2278-01-01,2277-10-01,0.0004749318333182,0.0010554040740404444,0.0011317304369595,0.0045192426616499,0.0531584867866231,0.002037512673996389,0.0002313057151886178,0.008125175765963277,0.0009168807032983751,0.06834401674567656,0.7308156113404213,0.7285905353275907,0.6531757900401485,1.1193061467240761,1.1189429015482204,1.1066313929723166,0.012674753751759527,0.012311508575903796,0.0003632451758557309,0.7308156113404213,1.1193061467240757,0.0,0.0
main,dfl_mlp,2278-04-01,2278-01-01,0.0008192716221651,0.0018206036048113335,0.0012444844055739,0.0049686528808209,0.0555305203023,0.0015837919432669877,0.0001526746297463663,0.006320133276373818,0.0007127063744701445,0.0617189984120958,0.7165900955306529,0.7157808332234027,0.6842470733477268,1.1145163167492211,1.1143869907380353,1.109347666224985,0.005168650524236096,0.005039324513050225,0.00012932601118587073,0.7165900955306529,1.1145163167492211,0.0,0.0
main,dfl_mlp,2278-07-01,2278-04-01,0.0003872167892758,0.0008604817539462223,0.0014212029066392,0.0056727041985495,0.0589132387193022,0.0019559297943487763,0.000130380919940922,0.007800795125497029,0.0008801684074569493,0.0672636743045028,0.7017521380209427,0.6982210747895663,0.6580699101422447,1.1151770570899995,1.1145975113367996,1.1080075877266542,0.007169469363345282,0.006589923610145432,0.0005795457531998505,0.7017521380209427,1.115177057089999,0.0,0.0
main,dfl_mlp,2278-10-01,2278-07-01,0.0007173421156568,0.0015940935903484446,0.0012413211984157,0.0049560471722827,0.0554664021231858,0.002657608548179269,0.00019471056197068617,0.010588131925175825,0.001195923846680671,0.07536562780553173,0.717443771864812,0.7161215654791175,0.6228368348783349,1.1153840273415454,1.1151713814120088,1.100168717331154,0.015215310010391336,0.01500266408085471,0.00021264592953662564,0.717443771864812,1.1153840273415447,0.0,0.0
main,dfl_mlp,2279-01-01,2278-10-01,0.0006275783095592,0.0013946184656871113,0.0013195945615198,0.0052679394556038,0.0570147457098261,0.0030406638979911804,0.00021292394732465593,0.012107294136337488,0.0013682987540960313,0.0788961828832739,0.7100138358117922,0.7079767717529294,0.6084567246433812,1.114826431587957,1.1144969889982528,1.0984021873131717,0.016424244274785282,0.01609480168508104,0.000329442589704243,0.7100138358117922,1.1148264315879564,0.0,0.0
main,dfl_mlp,2279-04-01,2279-01-01,0.0006041569681595,0.0013425710403544443,0.0014741119668096,0.0058834226389897,0.0598559822795292,0.0030140421353280545,0.00023465251107323263,0.012001771282484142,0.0013563189608976245,0.0786665372347297,0.6960873040770365,0.6934680130677567,0.6093757950229104,1.1127372071328872,1.1123129908724765,1.0986935472359407,0.014043659896946448,0.013619443636535777,0.0004242162604106703,0.6960873040770365,1.1127372071328865,0.0,0.0
main,dfl_mlp,2279-07-01,2279-04-01,0.0006349355558896,0.0014109679019768887,0.0011227793164098,0.0044835591253422,0.0529621816327096,0.003165474580600858,0.00028687278458366174,0.012601903721200847,0.001424463561270386,0.0799448736651194,0.7310095538816711,0.7296698452059855,0.6042874195279088,1.1181681654775761,1.1179516007067876,1.0976834507943383,0.02048471468323787,0.020268149912449296,0.00021656477078857428,0.7310095538816711,1.1181681654775757,0.0,0.0
main,dfl_mlp,2279-10-01,2279-07-01,0.0004135531102422,0.0009190069116493334,0.0010307428024635,0.0041166010047476,0.0508691904240869,0.0018791593611240387,0.00010254393889060481,0.007495476535649637,0.0008456217125058174,0.06620643559623911,0.7435898158903752,0.7413666206421431,0.6629222012802494,1.1218479502585241,1.1214836475499166,1.1086293944332013,0.01321855582532283,0.012854253116715286,0.00036430270860754455,0.7435898158903732,1.1218479502585237,0.0,0.0
