split,model,date,feature_date,c_q_realised,pd_q_realised,pd_q_true,pd_a_true,k_irb_true,pd_q_hat,pd_q_hat_std,pd_a_hat,c_q_hat,k_irb_hat,alpha_oracle,alpha_bayes,alpha_hat,utility_oracle,utility_bayes_realised,utility,regret,regret_vs_bayes,regret_irreducible,alpha_oracle_panel,utility_oracle_panel,shortfall_realised_at_hat,shortfall_predicted_at_hat
main,dfl_mlp,2205-01-01,2204-10-01,0.0006298089727482,0.0013995754949959998,0.0010467643638545,0.0041804877482412,0.0512436664890349,0.0016340912552550435,7.520222205444885e-05,0.00652036094226327,0.0007353410648647696,0.0625349955038755,0.7403378006769865,0.7392480392710714,0.6802782088511159,1.1197140366164233,1.1195378201153452,1.1100022858879923,0.009711750728431001,0.009535534227352871,0.00017621650107813025,0.7403378006769862,1.1197140366164229,0.0,0.0
main,dfl_mlp,2205-04-01,2205-01-01,0.0007337965223609,0.0016306589385797776,0.0010567330293317,0.0042202367280587,0.0514744490604586,0.0015528989722952246,5.0753318388046925e-05,0.006197141891290614,0.000698804537532851,0.06120617102326487,0.7385074516949827,0.7379480646973474,0.6867629303019025,1.118650109886843,1.1185602376335753,1.1103367297913005,0.00831338009554261,0.008223507842274769,8.987225326784198e-05,0.7385074516949827,1.1186501098868429,0.0,0.0
main,dfl_mlp,2205-07-01,2205-04-01,0.0007896486485372,0.001754774774527111,0.001059125171569,0.0042297749605217,0.0515295791290717,0.0016444566659629344,0.00019720154738954662,0.006561619018188414,0.0007400054996833205,0.06270031420415974,0.7379026688173538,0.7376381577889977,0.6794792000211309,1.1181408099094792,1.118098460764476,1.1087870072834918,0.009353802625987395,0.009311453480984166,4.234914500322873e-05,0.7379026688173538,1.1181408099094792,0.0,0.0
main,dfl_mlp,2205-10-01,2205-07-01,0.000315736944092,0.0007016376535377778,0.001074682112202,0.0042918037624011,0.0518857776669694,0.002026281110011041,0.00013660385986481719,0.008080522810508195,0.0009118264995049686,0.06819781906432108,0.7385441649576064,0.7356417155270351,0.6538343508456368,1.121743562935671,1.1212651155364706,1.1077797743432831,0.013963788592387782,0.01348534119318745,0.0004784473992003324,0.7385441649576064,1.121743562935671,0.0,0.0
main,dfl_mlp,2206-01-01,2205-10-01,0.0004777763432441,0.001061725207209111,0.0011155006403048,0.0044545420618556,0.0528016407557636,0.002222429635003209,0.00024906808141634873,0.008860127262761752,0.001000093335751444,0.07064277007886122,0.732711213599632,0.730554750818629,0.6429705136298667,1.1195947630418623,1.119242780363672,1.104947085281659,0.01464767776020337,0.014295695082013005,0.00035198267819036566,0.732711213599632,1.119594763041862,0.0,0.0
main,dfl_mlp,2206-04-01,2206-01-01,0.0004254457182683,0.0009454349294851112,0.0011403483503461,0.004553596965143,0.053346325333964,0.0021774991415441035,0.00012965052994638263,0.008681588827096576,0.0009798746136948466,0.07010225311062449,0.7300774311869628,0.7275605734852846,0.6453452083065638,1.1195469252683816,1.1191348010378257,1.1056724014387127,0.013874523829668917,0.013462399599112995,0.0004121242305559214,0.7300774311869628,1.119546925268381,0.0,0.0
main,dfl_mlp,2206-07-01,2206-04-01,0.0006427560316853,0.0014283467370784443,0.0010592111067915,0.0042301176103299,0.0515315578292361,0.0023945536930114033,0.00020790200599938417,0.009543866335240958,0.0010775491618551314,0.07261584072517185,0.7386925705729632,0.7376270421212385,0.6344276754699181,1.119352360803289,1.1191802007717913,1.1025060273281824,0.016846333475106556,0.016674173443608886,0.00017216003149767012,0.7386925705729632,1.1193523608032885,0.0,0.0
main,dfl_mlp,2206-10-01,2206-07-01,0.0003062962127831,0.0006806582506291111,0.0010833724733939,0.004326452802901,0.0520830166748406,0.0015947024337947368,8.823081723218514e-05,0.006363567495394795,0.0007176160952076316,0.0618979676528263,0.7375212521330217,0.7345405895705038,0.6833730120808352,1.1216445706945937,1.1211529490406351,1.112713520374395,0.008931050320198697,0.008439428666240145,0.0004916216539585516,0.7375212521330217,1.1216445706945934,0.0,0.0
main,dfl_mlp,2207-01-01,2206-10-01,0.0007210627414224,0.0016023616476053334,0.0011090583422306,0.0044288587615839,0.0526588570579672,0.0026630589738488196,0.00019649034849595064,0.010609760090922848,0.0011983765382319689,0.07541955489429047,0.7321720486583433,0.7313434643250135,0.6226130455436649,1.1177254843286173,1.117592256773526,1.100109560956685,0.017615923371932185,0.01748269581684081,0.0001332275550913753,0.7321720486583433,1.1177254843286166,0.0,0.0
main,dfl_mlp,2207-04-01,2207-01-01,0.0005209603291109,0.0011576896202464444,0.001183426173207,0.0047253083353635,0.0542686321415851,0.002375920210033655,0.00015003164890487546,0.009469864475450174,0.001069164094515145,0.07240934582814974,0.7246923285910504,0.7225426050295684,0.6353126749578397,1.117972951663227,1.1176229973118388,1.1034228023905734,0.014550149272653634,0.014200194921265341,0.000349954351388293,0.7246923285910504,1.1179729516632269,0.0,0.0
main,dfl_mlp,2207-07-01,2207-04-01,0.0006244968038165,0.0013877706751477777,0.0012711486544021,0.0050749079173723,0.0560657338932238,0.0025826468598097565,0.00017432786948391927,0.010290635911622159,0.0011621910869143905,0.07461195618242183,0.7148461837364359,0.7129483597674138,0.6259784035194198,1.115629967298083,1.1153229847213153,1.101255156668702,0.01437481062938084,0.014067828052613196,0.00030698257676764484,0.7148461837364359,1.1156299672980825,0.0,0.0
main,dfl_mlp,2207-10-01,2207-07-01,0.0003606974425474,0.0008015498723275555,0.0011039733355314,0.0044085861797885,0.0525456942986113,0.0030877706594765186,0.00013425479609476115,0.012293994340398129,0.0013894967967644333,0.07929731362849178,0.7347193427796452,0.7319696877524213,0.6068566042673309,1.1207827357076732,1.120330711598461,1.0997629932653894,0.021019742442283773,0.020567718333071694,0.00045202410921207914,0.7347193427796445,1.1207827357076725,0.0,0.0
main,dfl_mlp,2208-01-01,2207-10-01,0.0007275334753495,0.0016167410563322222,0.0012325685377215,0.0049211662875734,0.0552882843115276,0.0023167704697698356,8.87819965254403e-05,0.009234927038183294,0.001042546711396426,0.07174270024454195,0.7183091716888613,0.717069683848965,0.638184130255645,1.1154500011631865,1.1152507848950417,1.1025719307009705,0.012878070462216007,0.01267885419407122,0.0001992162681447862,0.7183091716888613,1.1154500011631865,0.0,0.0
main,dfl_mlp,2208-04-01,2208-01-01,0.0005700617261625,0.0012668038359166666,0.0011688890445606,0.0046673647550045,0.0539604402273164,0.0024996249005198477,0.00011788506548193903,0.009961073287052091,0.0011248312052339316,0.07375011706259124,0.7260555779356871,0.724212164719027,0.6296032020178159,1.117838372132716,1.1175391873055198,1.102184211057596,0.015654161075120188,0.015354976247923924,0.0002991848271962638,0.7260555779356871,1.1178383721327154,0.0,0.0
main,dfl_mlp,2208-07-01,2208-04-01,0.0006202498279801,0.0013783329510668888,0.0013073527137198,0.0052191647632077,0.0567777234504675,0.003013160498812795,0.00041014649203315257,0.01199827652324914,0.0013559222244657577,0.07865889496482123,0.7112477977586739,0.7092124323804371,0.609406417571893,1.1150781167813468,1.1147487997480598,1.0986004358953887,0.016477680885958135,0.016148363852671155,0.0003293170332869799,0.7112477977586732,1.1150781167813462,0.0,0.0
main,dfl_mlp,2208-10-01,2208-07-01,0.0005416743668131,0.0012037208151402222,0.001218807525917,0.0048663243928644,0.0550061413148339,0.0026804354041814805,0.0003082429436832996,0.010678710194230723,0.0012061959318816662,0.0755907079135545,0.7207320654873711,0.7185763266108457,0.6219036610289012,1.1171789661497307,1.1168284791033831,1.1011111223347896,0.016067843814941085,0.015717356768593538,0.00035048704634754735,0.7207320654873709,1.11717896614973,0.0,0.0
main,dfl_mlp,2209-01-01,2208-10-01,0.0005947311563656,0.0013216247919235556,0.0013666547776971,0.0054554228458637,0.0579089822208186,0.0028053043875843286,0.00012264825106929022,0.01117408740014525,0.0012623869744129478,0.07678725119793213,0.7056978049759135,0.7033505001515283,0.6169810369248039,1.1143602265199735,1.1139798394626017,1.0999834357479077,0.014376790772065773,0.013996403714694017,0.00038038705737175604,0.705697804975913,1.1143602265199728,0.0,0.0
main,dfl_mlp,2209-04-01,2209-01-01,0.0004400876185246,0.0009779724856102223,0.001229952711991,0.004910741586243,0.0552348507718626,0.0024963119067251682,0.00021782161957388806,0.009947920373055141,0.0011233403580263258,0.07371511062039325,0.7200723176979276,0.7173545743182695,0.6297511753074356,1.1178032002586402,1.1173585798229748,1.103026740501608,0.014776459757032123,0.014331839321366724,0.00044462043566539933,0.7200723176979276,1.1178032002586402,0.0,0.0
main,dfl_mlp,2209-07-01,2209-04-01,0.0004575586841481,0.0010167970758846667,0.0013526341668464,0.0053995688481238,0.0576453265054456,0.00232176692225039,0.0001480358387735863,0.009254774112977815,0.0010447951150126757,0.07179968054854956,0.707699620078769,0.7047086924736404,0.6379378368302713,1.1156553951038797,1.115166604515211,1.1042546166156022,0.011400778488277474,0.0109119878996089,0.0004887905886685751,0.7076996200787685,1.1156553951038788,0.0,0.0
main,dfl_mlp,2209-10-01,2209-07-01,0.0006828959099576,0.0015175464665724446,0.001438732923634,0.005742523888133,0.0592289248140062,0.0037630466278642414,0.0003299536543005821,0.014967436338182538,0.0016933709825389088,0.08441826970592996,0.6987542910874208,0.6966228315726366,0.5869881303486879,1.1126189564281974,1.1122754268795625,1.0946054879644918,0.018013468463705662,0.017669938915070738,0.00034352954863492435,0.6987542910874208,1.112618956428197,0.0,0.0
main,dfl_mlp,2210-01-01,2209-10-01,0.0009114538253252,0.002025452945167111,0.0020115716692821,0.008022040695931,0.0680051461571834,0.0026004974264651538,0.0002814872301095566,0.010361484483296768,0.0011702238419093191,0.074793485726198,0.6573904476827073,0.6547040388282142,0.6252193332577589,1.1044497848279684,1.1040229535166812,1.0993382624576529,0.0051115223703155355,0.004684691059028356,0.0004268313112871791,0.6573904476827073,1.104449784827968,0.0,0.0
main,dfl_mlp,2210-04-01,2210-01-01,0.0007513900849633,0.0016697557443628888,0.0017977491223393,0.0071716283080666,0.0650392346659613,0.0038732664193958043,0.00012900722417609812,0.015403284725941324,0.001742969888728112,0.08515995985456869,0.6711831644644098,0.6683532856279979,0.5841920105815397,1.1077155678802924,1.107261411664768,1.0937546969330412,0.01396087094725118,0.013506714731726932,0.00045415621552424845,0.6711831644644098,1.1077155678802917,0.0,0.0
main,dfl_mlp,2210-07-01,2210-04-01,0.0009145923795906,0.0020324275102013333,0.0023017630183337,0.0091753121473117,0.0715707979800918,0.0022938035894185306,0.00016467421307099215,0.009143693396260089,0.0010322116152383387,0.07147916400631535,0.6423210131567146,0.6389281469119399,0.6393253584558609,1.1020353111714876,1.1014963405384894,1.101559439211357,0.0004758719601305472,-6.309867286757864e-05,0.0005389706329981259,0.6423210131567146,1.1020353111714871,0.0,0.0
main,dfl_mlp,2210-10-01,2210-07-01,0.0007613080283086,0.0016917956184635554,0.0017015913486908,0.006789012614912,0.0635947901482712,0.0037131316494196653,6.707039468458323e-05,0.014770007104644933,0.0016709092422388494,0.08407475813572388,0.6777083370025955,0.6751852763195765,0.5882898559432943,1.1086955526383186,1.1082908867071095,1.094353997895452,0.014341554742866691,0.013936888811657555,0.0004046659312091361,0.6777083370025955,1.108695552638318,0.0,0.0
main,dfl_mlp,2211-01-01,2210-10-01,0.0006697239934736,0.0014882755410524444,0.0017651270987843,0.0070418363416211,0.0645574599794111,0.003989893663674593,0.00024279835770986467,0.015864312957073357,0.001795452148653567,0.08592085838736344,0.6737310321732686,0.6706181972021698,0.5813437577965204,1.1086746750311673,1.1081725661587012,1.093772352679291,0.014902322351876274,0.014400213479410118,0.000502108872466156,0.6737310321732676,1.108674675031167,0.0,0.0
main,dfl_mlp,2211-04-01,2211-01-01,0.0006777540901541,0.0015061202003424446,0.0016813977121486,0.00670864726491,0.0632818433240887,0.003296241210773587,0.0001874375032580065,0.013119916745684579,0.0014833085448481141,0.08099706652382645,0.6795343350766955,0.676682001766192,0.6001489325196017,1.109556196542901,1.109096336352413,1.0967574867261254,0.012798709816775666,0.012338849626287507,0.0004598601904881594,0.6795343350766955,1.1095561965429006,0.0,0.0
main,dfl_mlp,2211-07-01,2211-04-01,0.0005385350050235,0.0011967444556077777,0.0015328152922541,0.0061171784327126,0.0608678632846017,0.003460318222641945,0.00022306111824152983,0.013769595666647927,0.0015571432001888752,0.08225562168923284,0.6915323251642657,0.6884318488542779,0.5952559624858664,1.1124532869855341,1.1119491041157072,1.0967973399701496,0.01565594701538453,0.015151764145557634,0.0005041828698268969,0.6915323251642657,1.1124532869855337,0.0,0.0
main,dfl_mlp,2211-10-01,2211-07-01,0.0007670628061368,0.0017045840136373333,0.0015025121758275,0.0059965170091249,0.0603498797680944,0.002390210563316941,4.445650465445308e-05,0.009526618203516413,0.0010755947534926236,0.07256785818374165,0.6929193280928919,0.6910014979829393,0.6346331335530149,1.1110953206772722,1.110787836180258,1.101750331714001,0.009344988963271295,0.009037504466256951,0.0003074844970143431,0.6929193280928919,1.1110953206772716,0.0,0.0
main,dfl_mlp,2212-01-01,2211-10-01,0.0006986765859449,0.001552614635433111,0.0016971251298661,0.006771238661398,0.0635258718759457,0.0031084035988897087,0.0001203047236738499,0.012375761400332363,0.001398781619500369,0.07947095102319876,0.678313082855886,0.6755143736741839,0.6061660194125493,1.1092173832304737,1.1087667540137085,1.0976007512117185,0.01161663201875518,0.011166002801989983,0.00045062921676519707,0.678313082855886,1.1092173832304733,0.0,0.0
main,dfl_mlp,2212-04-01,2212-01-01,0.0008517737175483,0.0018928304834406665,0.001694648816607,0.0067613837175156,0.0634875876941103,0.003578498959541321,0.00019540535124833495,0.014237345045449379,0.0016103245317935944,0.08312309947532737,0.6777852237272634,0.675697319180511,0.5919186997023876,1.1080947211890455,1.1077617374473676,1.0944005336366827,0.013694187552362846,0.013361203810684952,0.0003329837416778947,0.6777852237272634,1.1080947211890453,0.0,0.0
main,dfl_mlp,2212-07-01,2212-04-01,0.0012827668613433,0.002850593025207333,0.0019018583702414,0.007585758592903,0.0665232933469551,0.0038986986503005026,0.00017992345999346093,0.015503832301728138,0.0017544143926352261,0.0853279253683228,0.6622250610124958,0.6614613345097395,0.5835615161002146,1.1027590066199204,1.102640497397946,1.09055260096075,0.012206405659170416,0.012087896437195988,0.0001185092219744277,0.6622250610124958,1.1027590066199202,0.0,0.0
main,dfl_mlp,2212-10-01,2212-07-01,0.0011950744388272,0.0026557209751715554,0.0023127555116042,0.009218978471687,0.0716968223121143,0.003866474190726876,0.00020292409400107805,0.01537643001273159,0.0017399133858270943,0.08511490378027589,0.640648246226969,0.6383825523428619,0.5843613090253896,1.0999726819326776,1.0996191220886185,1.091189147281707,0.008783534650970592,0.008429974806911433,0.0003535598440591592,0.6406482462269687,1.0999726819326774,0.0,0.0
main,dfl_mlp,2213-01-01,2212-10-01,0.0015383478852453,0.0034185508561006667,0.0036341811980512,0.0144576729703839,0.083521253123539,0.004892343748360872,0.00020860190498241455,0.01942623264997101,0.0022015546867623923,0.09113292263654746,0.5943197259761142,0.5903964037114132,0.5623592729818541,1.090703009027838,1.0901042452324583,1.0858253158775544,0.004877693150283635,0.0042789293549039265,0.0005987637953797087,0.5943197259761142,1.0907030090278378,0.0,0.0
main,dfl_mlp,2213-04-01,2213-01-01,0.0019554092856784,0.004345353968174223,0.0039920717752143,0.015872921505326,0.085934845183476,0.0072036140598356726,0.0003959554817717113,0.028504596454782094,0.0032416263269260527,0.10130570079943774,0.5844868217835676,0.5812915900125594,0.5277542272349354,1.0867646764729169,1.0862903573941365,1.078342955010557,0.008421721462359866,0.007947402383579494,0.00047431907878037194,0.5844868217835676,1.0867646764729164,0.0,0.0
main,dfl_mlp,2213-07-01,2213-04-01,0.0020339069634641,0.004519793252142444,0.003738923800422,0.0148720267730548,0.0842528672784257,0.007684311550110579,0.00035419104872384046,0.030384765842413564,0.0034579401975497605,0.1031153822729238,0.5900165342902198,0.5876143859233202,0.5219281233946327,1.0871223903842386,1.0867676869215066,1.0770683922842974,0.01005399809994123,0.0096992946372092,0.00035470346273203113,0.5900165342902198,1.0871223903842386,0.0,0.0
main,dfl_mlp,2213-10-01,2213-07-01,0.0012527347153754,0.0027838549230564443,0.0033330831518687,0.0132658239390648,0.0812854298891969,0.007291651144623756,0.0003909936968539171,0.028849143428328117,0.0032812430150806903,0.10164229108888144,0.6033613318589366,0.5990224056497941,0.5266630172305276,1.093806186888953,1.0931316025207132,1.0818816964448383,0.0119244904441147,0.011249906075874838,0.0006745843682398611,0.6033613318589366,1.0938061868889526,0.0,0.0
main,dfl_mlp,2214-01-01,2213-10-01,0.0014846167481007,0.0032991483291126664,0.0043945734965745,0.0174627594329024,0.0883919418301749,0.006234499905258417,0.0004071871008861331,0.024705753490657845,0.0028055249573662876,0.09740819678604605,0.5777789923729747,0.5722312317568865,0.5406407953722868,1.088489067030883,1.0876394062306312,1.0828012098273825,0.005687857203500624,0.0048381964032486735,0.0008496608002519501,0.5777789923729747,1.0884890670308829,0.0,0.0
main,dfl_mlp,2214-04-01,2214-01-01,0.0013489991698616,0.002997775933025778,0.0035797371371504,0.0142422447669867,0.0831320248374829,0.00758143775165081,0.00044075517181281656,0.0299826215820993,0.0034116469882428647,0.10273364386604714,0.596370400480932,0.5918845105850099,0.523148743560957,1.0921451955290085,1.0914520806439505,1.080831716710462,0.011313478818546496,0.01062036393348853,0.000693114885057966,0.596370400480932,1.0921451955290082,0.0,0.0
main,dfl_mlp,2214-07-01,2214-04-01,0.0009552315184772,0.0021227367077271114,0.0025807846113703,0.0102832444625974,0.0745929427620562,0.00752365943044424,0.0002721895090237789,0.029756705330795552,0.003385646743699908,0.10251798114953074,0.6299284942386942,0.6260579965199317,0.5238403080691119,1.0998107115112639,1.099197440108643,1.0830012840264467,0.016809427484817174,0.016196156082196378,0.0006132714026207964,0.6299284942386942,1.0998107115112636,0.0,0.0
main,dfl_mlp,2214-10-01,2214-07-01,0.0019426336203662,0.004316963600813778,0.0033073928444831,0.0131640828899709,0.0810847145557497,0.004469813825562596,0.0005718323154454857,0.01775973670312392,0.0020114162215031685,0.08882552311546313,0.6015857176547692,0.5998061785376408,0.5706534300441386,1.0893797941595185,1.0891154015130176,1.0847840708596048,0.0045957232999136455,0.004331330653412735,0.00026439264650091054,0.6015857176547692,1.0893797941595182,0.0,0.0
main,dfl_mlp,2215-01-01,2214-10-01,0.0020271927619021,0.004504872804226889,0.0051507227606776,0.0204442572626937,0.0924507703321667,0.006366362608969211,0.0003255293533541433,0.025223297485230556,0.0028648631740361453,0.09796247088731679,0.5628159864682517,0.557697870874547,0.5387800639181863,1.083143720786154,1.082387631435273,1.0795929402799342,0.0035507805062198194,0.002794691155338702,0.0007560893508811173,0.5628159864682515,1.0831437207861538,0.0,0.0
main,dfl_mlp,2215-04-01,2215-01-01,0.0020052820341915,0.004456182298203333,0.0062945136533722,0.024941325208116,0.0976615372641839,0.007700763270258903,0.0006937335234952995,0.030449065709775458,0.0034653434716165063,0.10317617041967073,0.5468460555966955,0.5397891608128816,0.5217341650639193,1.0809043316326794,1.0798602839522702,1.0771890982524726,0.0037152333802068505,0.002671185699797629,0.0010440476804092214,0.5468460555966955,1.0809043316326794,0.0,0.0
main,dfl_mlp,2215-07-01,2215-04-01,0.0018148958042012,0.004033101787113778,0.0053963990499954,0.0214114972124969,0.0936482719342758,0.006951922457665205,0.00024095363905578553,0.027519056063924685,0.0031283651059493423,0.10032915572086748,0.5597124537070621,0.5535088955984048,0.5309397042754571,1.083873494186926,1.082943884738436,1.0795618679025432,0.004311626284382752,0.003382016835892898,0.0009296094484898543,0.5597124537070621,1.0838734941869237,0.0,0.0
main,dfl_mlp,2215-10-01,2215-07-01,0.0012205673169835,0.002712371815518889,0.0028564947280333,0.0113771147037522,0.0772615729770977,0.007548598665744066,0.00024303813034288167,0.02985422388232739,0.00339686939958483,0.10261118268266745,0.6184974987851294,0.6150471719163809,0.5235412642207464,1.09635840146937,1.095820860117509,1.0815647588270847,0.01479364264228522,0.014256101290424317,0.000537541351860904,0.6184974987851294,1.0963584014693697,0.0,0.0
main,dfl_mlp,2216-01-01,2215-10-01,0.0006962687137895,0.0015472638084211112,0.0021432398897936,0.008545438054418,0.0696825541056605,0.005922327283769846,0.0003422529985946163,0.023479695020051983,0.0026650472776964308,0.09605914724571743,0.651131423833555,0.6471995529201239,0.5452084850993473,1.1048564548142321,1.104223276887812,1.0877989093900178,0.017057545424214338,0.01642436749779419,0.0006331779264201476,0.651131423833555,1.1048564548142317,0.0,0.0
main,dfl_mlp,2216-04-01,2216-01-01,0.0007153667080848,0.001589703795744,0.0015509882971088,0.0061895347184729,0.0611741543964515,0.004522941913455725,0.0004004843870507956,0.01796939531737396,0.0020353238610550765,0.08912726520926105,0.689229633561025,0.686920557672444,0.5695590287164316,1.1108600590975017,1.1104886527083908,1.091611481150032,0.019248577947469814,0.018877171558358885,0.0003714063891109287,0.689229633561025,1.110860059097501,0.0,0.0
main,dfl_mlp,2216-07-01,2216-04-01,0.000942663751676,0.0020948083370577776,0.0019972901426236,0.0079652574172011,0.0678167564880296,0.0038578438106924295,0.00018601310753518118,0.015342306932584093,0.0017360297148115934,0.0850575334711371,0.6580704145287295,0.6555563566691461,0.5845769817642401,1.1043524383825603,1.1039537757742883,1.0926983376286592,0.011654100753901053,0.011255438145629126,0.0003986626082719269,0.6580704145287289,1.1043524383825598,0.0,0.0
main,dfl_mlp,2216-10-01,2216-07-01,0.0006092569647559,0.0013539043661242223,0.0015878245547006,0.0063361871043569,0.0617852760384086,0.003978980705142021,0.0003497163254325203,0.01582118083066053,0.0017905413173139096,0.08585065961297345,0.6868389711726548,0.6839231466647702,0.5816056809768544,1.1112043328884789,1.1107322392350485,1.094166281285344,0.017038051603134763,0.01656595794970439,0.00047209365343037213,0.6868389711726545,1.1112043328884786,0.0,0.0
main,dfl_mlp,2217-01-01,2216-10-01,0.000602541698528,0.0013389815522844445,0.001557203671926,0.0062142804863174,0.0612781748032886,0.0031146631576120854,0.0002129076272656102,0.0124005666397905,0.0014015984209254384,0.07952338452317802,0.6892714750310763,0.686408673408152,0.6059577248045709,1.1116444597520996,1.1111807586529725,1.0981497497997688,0.013494709952330819,0.01303100885320374,0.00046370109912707846,0.6892714750310763,1.1116444597520996,0.0,0.0
main,dfl_mlp,2217-04-01,2217-01-01,0.0006486255425928,0.0014413900946506667,0.0012759276765435,0.0050939510637063,0.0561606772825158,0.002739606611430645,0.0001453340666583536,0.010913475970938946,0.0012328229751437903,0.07616488689945333,0.714238242893465,0.7124480679083203,0.6195334967834409,1.1153592931277292,1.115070155262435,1.1000631749545624,0.015296118173166784,0.015006980307872508,0.00028913786529427554,0.714238242893465,1.1153592931277283,0.0,0.0
main,dfl_mlp,2217-07-01,2217-04-01,0.0005660297426159,0.0012578438724797777,0.0012458441913712,0.0049740717314179,0.0555580419939949,0.002698506647720933,0.00016105927088547366,0.010750413510524304,0.00121432799147442,0.07576747093501433,0.7177510491836133,0.7156346741222647,0.6211724168342072,1.1165194918465302,1.1161759201485355,1.1008409453959391,0.01567854645059108,0.015334974752596375,0.00034357169799470455,0.7177510491836133,1.1165194918465295,0.0,0.0
main,dfl_mlp,2217-10-01,2217-07-01,0.0003909331801335,0.0008687404002966667,0.00121193717164,0.0048389430544878,0.0548643039827705,0.002662852127104998,0.00012351872459253688,0.010608939296245845,0.001198283457197249,0.07541751044823067,0.7222550863121734,0.7193359658544932,0.6226215271814258,1.118515319722849,1.1180363192963956,1.1021663824300734,0.016348937292775645,0.01586993686632221,0.0004790004264534353,0.7222550863121734,1.1185153197228486,0.0,0.0
main,dfl_mlp,2218-01-01,2217-10-01,0.0006541046760013,0.0014535659466695557,0.0013308853870124,0.0053129234387866,0.057231721967073,0.002682332694530487,0.00013982182181988112,0.01068623847080541,0.0012070497125387192,0.07560932500547782,0.7087884105512792,0.706849101625413,0.6218265785118096,1.1144402348362437,1.1141271160470645,1.1003994684633194,0.014040766372924285,0.013727647583745117,0.0003131187891791676,0.7087884105512792,1.1144402348362437,0.0,0.0
main,dfl_mlp,2218-04-01,2218-01-01,0.0006247353428838,0.001388300761964,0.0015047665052645,0.0060054937116238,0.0603887307992763,0.0027386042755097153,0.00012438323771814944,0.01090949948314024,0.0012323719239793719,0.07615526984405264,0.6934165132386844,0.6908081467181457,0.6195730731035116,1.1121619561925045,1.111740046004579,1.100217584318721,0.0119443718737835,0.011522461685858021,0.0004219101879254783,0.6934165132386844,1.1121619561925038,0.0,0.0
main,dfl_mlp,2218-07-01,2218-04-01,0.0006217146583288,0.0013815881296195555,0.0015634028969375,0.0062389614953235,0.0613815556609446,0.0028861550614237784,0.00014510401928086517,0.011494736995505184,0.0012987697776407003,0.07753228724651821,0.6886897143849843,0.6859006302014296,0.6139478214854841,1.111418187111943,1.1109669611143076,1.0993262304088958,0.012091956703047302,0.011640730705411828,0.0004512259976354738,0.6886897143849843,1.1114181871119424,0.0,0.0
main,dfl_mlp,2218-10-01,2218-07-01,0.0004963259470048,0.0011029465488995556,0.0014848548137814,0.0059262035825515,0.060043783105449,0.0035593654494732617,0.0001989156282649211,0.014161627518546549,0.0016017144522629677,0.08298475462392356,0.6957000419748632,0.6925282409242418,0.5924490264887456,1.1134246672301324,1.1129075471252297,1.0965909582088682,0.016833709021264243,0.016316588916361452,0.0005171201049027907,0.6957000419748632,1.1134246672301324,0.0,0.0
main,dfl_mlp,2219-01-01,2218-10-01,0.000598133052882,0.00132918456196,0.0013581664724706,0.0054216082106612,0.0577496370073286,0.003664036653935909,0.00021751322094819118,0.014575792209080896,0.0016488164942711592,0.0837320581248353,0.70647527137212,0.7041707732892694,0.5895927893424873,1.1144621834820017,1.1140888117688192,1.0955250392590714,0.018937144222930247,0.018563772509747833,0.00037337171318241325,0.70647527137212,1.1144621834820017,0.0,0.0
main,dfl_mlp,2219-04-01,2219-01-01,0.000608870284026,0.0013530450756133333,0.0015190825804566,0.006062498666996,0.0606342593283778,0.002803023159503937,8.18399684906938e-05,0.01116503903601418,0.0012613604217767717,0.07676590047993788,0.692313985821967,0.6895885651115784,0.6170683182667476,1.1120934554862645,1.1116521790837397,1.0999103318467485,0.012183123639516014,0.011741847236991232,0.00044127640252478173,0.6923139858219632,1.1120934554862638,0.0,0.0
main,dfl_mlp,2219-07-01,2219-04-01,0.0006467524582317,0.0014372276849593333,0.0020148332521361,0.0080350083911509,0.0680479869168331,0.003036805195733905,0.00013628712831987628,0.012091999607032888,0.0013665623380802571,0.07886303036952722,0.6583506467677033,0.6545104942835975,0.6085892693236004,1.1063450096652196,1.1057247003284805,1.0983069311864802,0.008038078478739497,0.007417769142000319,0.0006203093367391777,0.6583506467677033,1.1063450096652194,0.0,0.0
main,dfl_mlp,2219-10-01,2219-07-01,0.0008770953453911,0.0019491007675357776,0.0017985154109658,0.0071746769576264,0.065050452477862,0.0054213346913456915,0.0005683312457514764,0.021509630033514804,0.0024396006111055612,0.09376705775578542,0.6705669041329402,0.6683007165878113,0.5530957768435125,1.1067737287904507,1.1064128859083449,1.0880689131954608,0.01870481559498982,0.018343972712884016,0.0003608428821058052,0.6705669041329371,1.1067737287904498,0.0,0.0
main,dfl_mlp,2220-01-01,2219-10-01,0.0008771618372608,0.0019492485272462222,0.0017235151695302,0.0068762581208977,0.0639306896682555,0.003487187856808305,0.00022999674805430939,0.01387595802796504,0.0015692345355637373,0.08245561098413892,0.6756398243878163,0.6735853849168901,0.5944840636074076,1.1075810358002873,1.10725391072818,1.0946587353514832,0.012922300448804158,0.012595175376696854,0.0003271250721073038,0.6756398243878161,1.1075810358002869,0.0,0.0
main,dfl_mlp,2220-04-01,2220-01-01,0.0008988690613207,0.001997486802934889,0.0014513306731883,0.0057926967520828,0.0594537334139557,0.0031382577028125523,0.00012777465034453938,0.012494062376348425,0.0014122159662656485,0.0797200150511995,0.6966087480631307,0.6954887708686203,0.6051776050325948,1.110768669159813,1.1105905801196303,1.0962300833877963,0.014538585772016832,0.014360496731834038,0.00017808904018279392,0.6966087480631027,1.1107686691598084,0.0,0.0
main,dfl_mlp,2220-07-01,2220-04-01,0.0004190414722352,0.0009312032716337778,0.0011868486783562,0.0047389497399557,0.0543407467263384,0.0036840807180851696,0.0001606865786696791,0.014655087991721105,0.0016578363231383264,0.08387256050462799,0.7248488934948812,0.7221529813745807,0.5890580848465207,1.1187371966323585,1.118295580385987,1.0964933605831542,0.022243836049204324,0.021802219802832923,0.0004416162463714013,0.7248488934948812,1.1187371966323585,0.0,0.0
main,dfl_mlp,2220-10-01,2220-07-01,0.000590574761471,0.0013123883588244446,0.0012076138695021,0.0048217125327388,0.0547747143308381,0.002516609011217952,0.0001711009441712984,0.010028499833238835,0.0011324740550480784,0.07392882542224431,0.7216814479302172,0.7198165545308439,0.6288487040927166,1.1169804147625821,1.1166781262612322,1.1019327605533673,0.015047654209214834,0.014745365707864888,0.00030228850134994545,0.7216814479302172,1.1169804147625817,0.0,0.0
main,dfl_mlp,2221-01-01,2220-10-01,0.0005869235316211,0.0013042745147135556,0.0011752114466451,0.0046925655454482,0.0540948538543001,0.0020348164718598126,7.838638403973486e-05,0.008114456702302597,0.0009156674123369157,0.06830899334440402,0.7252589910376581,0.7234831250820694,0.6533334509096573,1.1175867948107288,1.1172988723053732,1.1059254519894814,0.011661342821247311,0.011373420315891725,0.0002879225053555867,0.7252589910376581,1.1175867948107283,0.0,0.0
main,dfl_mlp,2221-04-01,2221-01-01,0.0009066513864808,0.0020147808588462223,0.0013188853706886,0.005265113904589,0.0570010650901793,0.0027078261133283376,0.00044227504056684074,0.010787389884604925,0.001218521750997752,0.07585814231555264,0.708678457554341,0.7080479851474533,0.6207978689026552,1.112632737808022,1.1125325346304826,1.098665569489997,0.013967168318025136,0.013866965140485688,0.00010020317753944852,0.708678457554341,1.1126327378080214,0.0,0.0
main,dfl_mlp,2221-07-01,2221-04-01,0.000557572942023,0.0012390509822733332,0.0011471327102017,0.0045806413964558,0.0534934072762975,0.002842621831223369,0.00024664109369540183,0.011322096145557126,0.001279179824050516,0.07713392567987551,0.7285922287046076,0.7267559898796669,0.6155666400175075,1.118341061297435,1.118042811545683,1.0999829624980835,0.018358098799351463,0.018059849047599608,0.00029824975175185564,0.7285922287046076,1.1183410612974345,0.0,0.0
main,dfl_mlp,2221-10-01,2221-07-01,0.0006207404565636,0.001379423236808,0.0011109975316415,0.0044365897172368,0.0527019047562678,0.0023941538762301206,0.00013970511313424848,0.009542278528265946,0.0010773692443035543,0.07261142731720133,0.732479210533999,0.7311055000779515,0.6344465682528446,1.1185097125740096,1.1182874563939502,1.102648756942053,0.01586095563195644,0.01563869945189711,0.00022225618005933256,0.732479210533999,1.1185097125740096,0.0,0.0
main,dfl_mlp,2222-01-01,2221-10-01,0.0005010635777687,0.0011134746172637778,0.0010661392338202,0.0042577418641145,0.0516906744735463,0.002262785332277417,7.409067452384968e-05,0.009020466461764243,0.0010182533995248377,0.07111895766392695,0.7385974990312572,0.7367339823907736,0.640890854790015,1.120383536783295,1.1200798033908448,1.1044583929581193,0.015925143825175736,0.015621410432725469,0.0003037333924502672,0.7385974990312572,1.120383536783295,0.0,0.0
main,dfl_mlp,2222-04-01,2222-01-01,0.000511101674125,0.0011357814980555556,0.0010780227846161,0.0043051233495928,0.0519617448688023,0.0018848463660106063,0.00012346535109277845,0.007518096361246673,0.0008481808647047729,0.06628616370281379,0.7370671517170444,0.7352172525638034,0.6625540797630791,1.1200601189366122,1.1197587907444095,1.1079227604065447,0.012137358530067477,0.011836030337864845,0.0003013281922026323,0.7370671517170444,1.1200601189366122,0.0,0.0
main,dfl_mlp,2222-07-01,2222-04-01,0.0004569914199121,0.0010155364886935555,0.001065858200332,0.0042566213213067,0.0516842356381367,0.00201723026111722,0.00013891877186988604,0.00804453855455034,0.000907753617502749,0.06807942833230499,0.7388731542705237,0.736770080411751,0.6543685049850028,1.1207541029983978,1.1204103974572128,1.1069435009150919,0.013810602083305978,0.013466896542120965,0.0003437055411850132,0.7388731542705237,1.1207541029983976,0.0,0.0
main,dfl_mlp,2222-10-01,2222-07-01,0.0002867297372643,0.0006371771939206667,0.0010415866400699,0.0041598416628112,0.0511231300183566,0.0018147185212001205,0.00013738940532607584,0.0072391387590361456,0.0008166233345400542,0.0652866034385985,0.7428876324213962,0.7399287275739388,0.6671956625463908,1.122675041047244,1.1221864305359053,1.1101758229375356,0.012499218109708332,0.012010607598369694,0.0004886105113386385,0.7428876324213962,1.1226750410472368,0.0,0.0
main,dfl_mlp,2223-01-01,2222-10-01,0.0005954936943979,0.001323319320884222,0.0010271431440087,0.0041022467713309,0.050784442162465,0.0020754019962623714,0.000191950979919599,0.00827579996328165,0.0009339308983180671,0.0688314348458505,0.7430528021493581,0.7418476610577593,0.6509885136697906,1.1204080381782457,1.1202127510140658,1.1054894747463666,0.01491856343187914,0.014723276267699204,0.00019528716417993586,0.7430528021493519,1.1204080381782442,0.0,0.0
main,dfl_mlp,2223-04-01,2223-01-01,0.0004539737111682,0.0010088304692626665,0.0010280573681695,0.0041058924060711,0.0508059875928305,0.0018279831623658539,9.651263649879634e-05,0.007291907936633368,0.0008225924230646342,0.06547845022500758,0.7437158114456408,0.7417253163136885,0.6663003236179705,1.1215679820531033,1.121242615195556,1.1089136260611647,0.012654355991938537,0.012328989134391177,0.00032536685754736006,0.7437158114456408,1.1215679820531028,0.0,0.0
main,dfl_mlp,2223-07-01,2223-04-01,0.0005151172781011,0.001144705062446889,0.0010241349763832,0.0040902510863994,0.0507134454856107,0.0015458289766684175,0.00012339310994998934,0.006168993153185642,0.0006956230395007879,0.06108752489382811,0.743889516138829,0.7422511088065433,0.6873473885245156,1.1211415352837095,1.1208747225711393,1.111933716113252,0.009207819170457432,0.008941006457887202,0.0002668127125702302,0.743889516138829,1.121141535283709,0.0,0.0
main,dfl_mlp,2223-10-01,2223-07-01,0.0004769407188794,0.0010598682641764444,0.0010200872959076,0.004074109959922,0.0506176635610988,0.002319180918857455,0.00022213179177105866,0.009244501941481187,0.0010436314134858549,0.07177020498033748,0.7446315367814476,0.7427960515340511,0.6380652224993797,1.121546647174755,1.121247039829726,1.104151764520788,0.01739488265396716,0.017095275308938174,0.0002996073450289849,0.7446315367814476,1.1215466471747548,0.0,0.0
main,dfl_mlp,2224-01-01,2223-10-01,0.000423053521632,0.00094011893696,0.001026614304358,0.0041001379226891,0.0507719723647763,0.0017284543951973318,0.0001948089830770718,0.0068959128996936014,0.0007778044778387993,0.06400581782129812,0.7440751539951405,0.7419184943734948,0.6732284797670784,1.1218567897286185,1.1215035947366605,1.110254267808585,0.011602521920033526,0.011249326928075565,0.00035319499195796134,0.7440751539951405,1.1218567897286178,0.0,0.0
main,dfl_mlp,2224-04-01,2224-01-01,0.0003421337111742,0.0007602971359426666,0.0010136232581474,0.0040483326045938,0.0504641006348719,0.0019151455024257302,0.00020046235756642205,0.007638603399824806,0.0008618154760915786,0.0667070909654945,0.7462339337689755,0.7436713074287534,0.6606165498168672,1.1228141830215428,1.1223924294049863,1.1087233884507142,0.014090794570828624,0.013669040954272127,0.00042175361655649724,0.7462339337689755,1.1228141830215423,0.0,0.0
main,dfl_mlp,2224-07-01,2224-04-01,0.0004256040940893,0.0009457868757539999,0.0010197567762972,0.004072791922607,0.0506098295600127,0.0015496007865294815,0.00019508481564777766,0.006184010448759603,0.0006973203539382667,0.06115088219856125,0.7449597836639087,0.7428406554988616,0.6870351742981465,1.1219826643169442,1.1216356698814456,1.1124978594524422,0.009484804864501983,0.009137810429003412,0.000346994435498571,0.7449597836639087,1.1219826643169442,0.0,0.0
main,dfl_mlp,2224-10-01,2224-07-01,0.0004212448241374,0.0009360996091942222,0.0010401214160271,0.0041539990486098,0.0510889363477005,0.0016188834561035037,0.00016855569299232962,0.006459826086651965,0.0007284975552465767,0.062290709780166015,0.7423343872942599,0.7401220352458511,0.6814619905119295,1.1215851318811665,1.1212227761555291,1.111614991042509,0.009970140838657437,0.009607785113020073,0.0003623557256373644,0.7423343872942596,1.1215851318811665,0.0,0.0
main,dfl_mlp,2225-01-01,2224-10-01,0.0003733564392635,0.0008296809761411112,0.0010430210434215,0.0041655613539014,0.0511565686832509,0.0017768303398042918,3.87908184632867e-05,0.007088401031620339,0.0007995736529119313,0.06473125175607056,0.742225603270023,0.7397397726816014,0.6697995914563071,1.1219227542656929,1.1215144157354084,1.110025591459797,0.011897162805895922,0.011488824275611487,0.00040833853028443556,0.742225603270023,1.1219227542656922,0.0,0.0
main,dfl_mlp,2225-04-01,2225-01-01,0.000435259268703,0.00096724281934,0.0010579038033582,0.0042249049852939,0.0515014431178537,0.002216014568693936,0.00017639684907487277,0.008834637456161754,0.0009972065559122711,0.0705662716966636,0.7399914112016258,0.7377962901274483,0.643305685455678,1.121097675877012,1.120738450004484,1.1052753075345148,0.015822368342497173,0.01546314246996916,0.00035922587252801286,0.7399914112016251,1.1210976758770113,0.0,0.0
main,dfl_mlp,2225-07-01,2225-04-01,0.0005095818878994,0.001132404195332,0.0010616043100006,0.0042396600021945,0.0515866127224329,0.0016809970838949084,0.00016017881247815403,0.00670705282073647,0.0007564486877527088,0.06327559971976654,0.7391190765526453,0.7373178092286761,0.6767119213610422,1.1204055879167227,1.120112153938331,1.1102392014041431,0.010166386512579617,0.009872952534187851,0.0002934339783917661,0.7391190765526453,1.120405587916722,0.0,0.0
main,dfl_mlp,2225-10-01,2225-07-01,0.0004505553536208,0.0010012341191573332,0.0010517276683436,0.0042002785390158,0.0513587816276361,0.001747948699630797,7.843096058584026e-05,0.006973484203452007,0.0007865769148338586,0.0643004008434256,0.7406895019681047,0.7385990707286764,0.6718322995701339,1.121098620125817,1.1207568462274555,1.1098408499347154,0.011257770191101635,0.010915996292740093,0.0003417738983615415,0.7406895019681037,1.1210986201258162,0.0,0.0
main,dfl_mlp,2226-01-01,2225-10-01,0.0004415355411518,0.0009811900914484446,0.001071828867022,0.0042804274893888,0.0518207491984562,0.002041549887508154,0.00029972719047724803,0.008141226013116842,0.0009186974493786693,0.06839637482109406,0.7382128388917567,0.7360054320048023,0.6529402197218033,1.1207602848807623,1.1203991870096972,1.1068109937807165,0.013949291100045835,0.01358819322898075,0.00036109787106508584,0.7382128388917567,1.1207602848807618,0.0,0.0
main,dfl_mlp,2226-04-01,2226-01-01,0.0006940521710279,0.0015423381578397776,0.0010699877057625,0.0042730864795998,0.0517787158290627,0.001994986576028168,0.00017498023009792065,0.007956098219599639,0.0008977439592126757,0.06778624678281608,0.7370675808354181,0.7362407175230579,0.6556945729172323,1.1187117200336192,1.1185785458599136,1.105605825831451,0.013105894202168233,0.012972720028462614,0.00013317417370561913,0.7370675808354181,1.1187117200336192,0.0,0.0
main,dfl_mlp,2226-07-01,2226-04-01,0.0003712750235841,0.0008250556079646667,0.0010748084662606,0.004292307550805,0.0518886543073696,0.0018915107706561685,0.00022806397557459816,0.007544603261738225,0.0008511798467952759,0.0663793019333806,0.7382256787571152,0.7356256441448947,0.6621244980339427,1.121281066468286,1.1208539139325524,1.1087786127834707,0.012502453684815285,0.01207530114908173,0.00042715253573355483,0.7382256787571152,1.1212810664682855,0.0,0.0
main,dfl_mlp,2226-10-01,2226-07-01,0.0004446337334249,0.0009880749631664444,0.0010963065806425,0.0043780202629644,0.0523743010576034,0.0020046276273205875,5.0384958168783774e-05,0.007994431524228851,0.0009020824322942644,0.06791370994096438,0.7351917531175164,0.7329200778507963,0.655117475132132,1.1202433039840243,1.1198717631737645,1.1071468625341991,0.013096441449825136,0.012724900639565329,0.00037154081025980723,0.735191753117516,1.1202433039840238,0.0,0.0
main,dfl_mlp,2227-01-01,2226-10-01,0.0003701943522752,0.0008226541161671111,0.0010577140996958,0.0042241485761409,0.0514970707646195,0.0021004931535571814,0.00023205387829906157,0.008375537235937425,0.0009452219191007317,0.06914940820325459,0.7403718354098441,0.7378208689244432,0.6495684837555975,1.1216416536283302,1.12122253479264,1.1067228394299176,0.014918814198412678,0.014499695362722331,0.00041911883569034636,0.7403718354098441,1.12164165362833,0.0,0.0
main,dfl_mlp,2227-04-01,2227-01-01,0.0004093925013116,0.0009097611140257778,0.0010267092386671,0.0041005164915403,0.0507742112335758,0.00200466716196388,0.00019098202075527992,0.007994588713671202,0.000902100222883746,0.067914231391362,0.7441383867130599,0.7419057757979675,0.6551151163279545,1.1219688022132097,1.121602863721144,1.1073773473818909,0.01459145483131885,0.014225516339253064,0.0003659384920657871,0.7441383867130599,1.1219688022132095,0.0,0.0
main,dfl_mlp,2227-07-01,2227-04-01,0.000631604778449,0.0014035661743311112,0.0010759380559778,0.0042968113485767,0.0519143594499489,0.00254173488356173,0.00045261267517657087,0.010128242677860944,0.0011437806976027786,0.0741909171363987,0.7366701478082164,0.7354819643638275,0.6277448917602655,1.1191077409768164,1.1189156307815702,1.1014962750828972,0.017611465893919265,0.017419355698673034,0.00019211019524623119,0.7366701478082164,1.119107740976816,0.0,0.0
main,dfl_mlp,2227-10-01,2227-07-01,0.000554571471969,0.00123238104882,0.0010992790114847,0.0043898708719463,0.0524408620645285,0.0020507462555542587,0.00020904596534518477,0.008177786141449594,0.0009228358149994165,0.06851526268986097,0.7342390047157711,0.7325507129482864,0.652405869093025,1.1192802727360267,1.119006002503595,1.1059861291761868,0.013294143559839933,0.013019873327408282,0.0002742702324316504,0.7342390047157711,1.1192802727360265,0.0,0.0
main,dfl_mlp,2228-01-01,2227-10-01,0.0004756766329368,0.001057059184304,0.0011196241744391,0.0044709809604898,0.0528926919273099,0.0017967436229810118,5.1814052476053934e-05,0.007167627957242795,0.0008085346303414553,0.06502450818160312,0.7322339738151316,0.7300526214248708,0.6684223180107307,1.119532241689079,1.1191761506711173,1.1091154206496912,0.010416821039387791,0.010060730021426156,0.000356091017961635,0.7322339738151314,1.1195322416890787,0.0,0.0
main,dfl_mlp,2228-04-01,2228-01-01,0.0006386639755741,0.0014192532790535557,0.0010937447310181,0.0043678064911109,0.0523168206505498,0.0025394712574779987,0.0002285534795492179,0.0101192570100479,0.0011427620658650995,0.07416741561329152,0.7344544330377264,0.7332393235731839,0.6278437380406539,1.118697648869519,1.118501270945889,1.1014679362130664,0.017229712656452678,0.017033334732822647,0.00019637792363003115,0.7344544330377258,1.1186976488695184,0.0,0.0
main,dfl_mlp,2228-07-01,2228-04-01,0.0003450416016306,0.0007667591147346667,0.0011231935242322,0.0044852103811006,0.0529712928016632,0.0027838284615427254,0.00031204733720372244,0.011088901876044832,0.0012527228076942266,0.07658551889546673,0.7325130609943403,0.7296196846626516,0.6178065112955402,1.120534719449241,1.1200586155775532,1.1016598044160986,0.018874915033142425,0.018398811161454587,0.0004761038716878385,0.7325130609943403,1.1205347194492408,0.0,0.0
main,dfl_mlp,2228-10-01,2228-07-01,0.0006349606585151,0.0014110236855891113,0.0010948495688603,0.0043722113500995,0.0523416228840518,0.0022804529406130316,0.0001323321682308528,0.009090656379389772,0.0010262038232758642,0.07132473563533194,0.734340640336147,0.7331015408214725,0.6399957198008428,1.1187064534108502,1.1185061524868225,1.1034555598896256,0.015250893521224551,0.015050592597196877,0.0002003009240276743,0.7343406403361468,1.1187064534108495,0.0,0.0
main,dfl_mlp,2229-01-01,2228-10-01,0.0003093782909713,0.0006875073132695555,0.0011391522685313,0.0045488289780613,0.0533203226858047,0.0025938848033547402,0.0003507233427454312,0.010335239547012431,0.0011672481615096332,0.07472639162374883,0.7308354685355971,0.7277029888106613,0.6254997115431818,1.1205193124316128,1.1200027470500609,1.1031487912216518,0.017370521209961076,0.016853955828409095,0.0005165653815519811,0.7308354685355971,1.120519312431612,0.0,0.0
main,dfl_mlp,2229-04-01,2229-01-01,0.0004648471321713,0.0010329936270473334,0.0011847940531872,0.0047307604416445,0.0542974744885152,0.0022847027983516456,0.00011681846781465043,0.00910753966827682,0.0010281162592582407,0.07137399348939523,0.7248355831166802,0.7223867251447507,0.6397817651803139,1.1184030005425272,1.1180029758492962,1.104509329362697,0.013893671179830092,0.01349364648659912,0.00040002469323097145,0.7248355831166802,1.1184030005425267,0.0,0.0
main,dfl_mlp,2229-07-01,2229-04-01,0.0004457345763523,0.000990521280782889,0.0012234101672322,0.0048846675965358,0.0551007979412825,0.002182377316057682,0.00021806757572003917,0.008700974193700084,0.0009820697922259568,0.07016147660772276,0.720738732263126,0.7180702005686428,0.6450842806105033,1.1178715252853453,1.1174351065291153,1.1054987954572701,0.012372729828075135,0.011936311071845118,0.000436418756230017,0.720738732263126,1.117871525285345,0.0,0.0
main,dfl_mlp,2229-10-01,2229-07-01,0.0007454004060997,0.0016564453468882222,0.0012978869391699,0.0051814494360179,0.0565931724280439,0.0016273646149784326,0.00010988902188682432,0.006493585798460155,0.0007323140767402946,0.062427200169017344,0.7115484117440248,0.7101773151207541,0.6808001145296263,1.1142362484222603,1.1140161243493487,1.1092997324225462,0.0049365159997141195,0.00471639192680251,0.0002201240729116094,0.7115484117440246,1.11423624842226,0.0,0.0
main,dfl_mlp,2230-01-01,2229-10-01,0.0005741739919315,0.0012759422042922222,0.0012586819008782,0.0050252298966561,0.0558166622438552,0.0023710983339697124,0.00043386990481558924,0.009450713982691927,0.0010669942502863706,0.07235563971034209,0.7163793938529311,0.7142639072412571,0.6355431924252305,1.1162384740042324,1.1158952188273976,1.103122132609042,0.013116341395190467,0.012773086218355711,0.0003432551768347558,0.7163793938529311,1.1162384740042317,0.0,0.0
main,dfl_mlp,2230-04-01,2230-01-01,0.000572391411292,0.0012719809139822222,0.0012304703900188,0.00491280466551,0.0552454327716949,0.002745103696361184,0.00014722259501258943,0.010935283906787885,0.0012352966633625327,0.07621756348452116,0.7193322164668712,0.7172981384841293,0.6193167922423686,1.1167304165407217,1.1164003343272926,1.1005003049692335,0.016230111571488237,0.01590002935805912,0.00033008221342911703,0.719332216466871,1.116730416540721,0.0,0.0
main,dfl_mlp,2230-07-01,2230-04-01,0.0003897155415078,0.0008660345366839999,0.0013285270874197,0.0053035278205489,0.0571865308605788,0.002097614575177431,0.00010413549190232092,0.00836409527782056,0.000943926558829844,0.0691131200860525,0.7103471065365391,0.7070836991897942,0.6497302699715364,1.1165699808253147,1.1160344463966745,1.1066225855152585,0.009947395310056173,0.00941186088141599,0.0005355344286401831,0.7103471065365391,1.1165699808253144,0.0,0.0
main,dfl_mlp,2230-10-01,2230-07-01,0.0002904493092359,0.0006454429094131111,0.001179429108807,0.0047093766777503,0.0541841980439203,0.0028062529396265744,0.0005748111244069896,0.01117784976071401,0.0012628138228319586,0.07679612357336481,0.7263501422581362,0.7229992929423661,0.6169447729878592,1.119917144928544,1.1193639347621855,1.1018548100304502,0.018062334898093946,0.01750912473173538,0.0005532101663585642,0.726350142258136,1.1199171449285437,0.0,0.0
main,dfl_mlp,2231-01-01,2230-10-01,0.0003089898718189,0.0006866441595975556,0.0011953445893662,0.0047728120951658,0.0545190383888715,0.002221442386507988,0.00026384127368620137,0.00885620453357161,0.0009996490739285946,0.07063101181740551,0.7244905289954051,0.7211913679284242,0.643022012480488,1.119475806514345,1.1189317415286435,1.1060408252045912,0.013434981309753846,0.01289091632405226,0.0005440649857015867,0.7244905289954051,1.1194758065143444,0.0,0.0
main,dfl_mlp,2231-04-01,2231-01-01,0.0010925642270664,0.002427920504592,0.0014154136667345,0.0056496456303722,0.0588082439015696,0.002449725894257426,0.000297082993619378,0.009762955404032159,0.0011023766524158418,0.07321770527259618,0.698808065720595,0.6987541264093041,0.631860027259076,1.1097648280991421,1.109756355616464,1.09924900795656,0.010515820142582122,0.01050734765990402,8.4724826781013e-06,0.698808065720595,1.1097648280991417,0.0,0.0
main,dfl_mlp,2231-07-01,2231-04-01,0.0005128836923003,0.001139741538445111,0.0012424677250284,0.0049606162135634,0.0554896576983889,0.0036116324365139006,0.00028900698793168244,0.014368454681701892,0.0016252345964312552,0.0833608100007948,0.7183776823808031,0.7159979479730235,0.5910091325193179,1.117003008657919,1.116615418547109,1.0962583448025482,0.02074466385537077,0.02035707374456086,0.00038759011080991,0.7183776823808031,1.1170030086579186,0.0,0.0
main,dfl_mlp,2231-10-01,2231-07-01,0.0007985788942482,0.001774619764996,0.0013855314096202,0.0055306180902771,0.0582603375701524,0.002811371674761176,0.00038873487013941875,0.01119815265461066,0.0012651172536425294,0.0768439473691935,0.7029436273312882,0.701548024302038,0.6167493628704455,1.112480969945326,1.1122576536276505,1.0986886627199413,0.013792307225384715,0.013568990907709244,0.00022331631767547044,0.7029436273312882,1.1124809699453255,0.0,0.0
main,dfl_mlp,2232-01-01,2231-10-01,0.0008373791458913,0.001860842546425111,0.0019543813482906,0.0077946375997163,0.0672427482880789,0.0030025334097445013,0.0005580575111574521,0.011956150590283765,0.0013511400343850257,0.07856658789825613,0.661025345436019,0.6581653435624325,0.6097764928084333,1.105516969641514,1.1050604383860123,1.0973363096044917,0.008180660037022225,0.007724128781520623,0.0004565312555016021,0.661025345436019,1.1055169696415137,0.0,0.0
main,dfl_mlp,2232-04-01,2232-01-01,0.0009303203150928,0.002067378477984,0.0019900980882562,0.0079366609219916,0.0677213870666995,0.003707615006715059,0.00037273399268399066,0.014748185249237933,0.0016684267530217766,0.08403649164972542,0.6585372098384195,0.6559885709239116,0.5884351305299902,1.1045077458072823,1.1041032849752246,1.093382770368575,0.011124975438707274,0.010720514606649578,0.0004044608320576959,0.6585372098384195,1.1045077458072818,0.0,0.0
main,dfl_mlp,2232-07-01,2232-04-01,0.0014740979907041,0.0032757733126757777,0.0023912047987652,0.0095305666903302,0.0725788503094663,0.004380780179053545,0.00025558101119918785,0.017408309228374663,0.0019713510805740957,0.08831164014483839,0.6359181145024952,0.6345860576720137,0.5725241275157313,1.0974601870880145,1.0972560373634666,1.0877444867626374,0.009715700325377163,0.0095115506008292,0.00020414972454796398,0.6359181145024952,1.0974601870880143,0.0,0.0
main,dfl_mlp,2232-10-01,2232-07-01,0.0013562650384028,0.0030139223075617777,0.0024445734336483,0.009742496497736,0.073162092179874,0.005813109409064055,0.0001813903014304369,0.02305046880030681,0.0026158992340788246,0.09557375640988855,0.634041596691539,0.6320965438963452,0.5468654318896587,1.0979197037393202,1.0976193149407671,1.0844564478976326,0.013463255841687616,0.013162867043134518,0.0003003887985530973,0.634041596691539,1.09791970373932,0.0,0.0
main,dfl_mlp,2233-01-01,2232-10-01,0.0009423875745022,0.002094194610004889,0.0025898141112366,0.0103190830581301,0.0746849999079991,0.005786617845296859,0.00024176484468992464,0.02294633564176718,0.002603978030383587,0.0954548939702722,0.6296143264743711,0.6256727879679956,0.5472722739270424,1.0998417996677141,1.0992167657677707,1.0867843161115591,0.013057483556154992,0.012432449656211597,0.0006250338999433946,0.6296143264743711,1.0998417996677137,0.0,0.0
main,dfl_mlp,2233-04-01,2233-01-01,0.0008030391447563,0.0017845314327917777,0.0018478286409482,0.0073708529654433,0.0657630274312058,0.003787511959671974,0.000562581527620789,0.015064193483009802,0.0017043803818523884,0.08458487349610418,0.6677079895802712,0.6649761491142785,0.5863583277708384,1.1068129857204907,1.106375974270518,1.0937995121649626,0.013013473555528066,0.012576462105555297,0.0004370114499727684,0.6677079895802712,1.1068129857204907,0.0,0.0
main,dfl_mlp,2233-07-01,2233-04-01,0.0010633558884665,0.002363013085481111,0.0021762424354586,0.0086765947595846,0.0700869745502453,0.004224585415795445,0.000580113544309846,0.01679156019981387,0.0019010634371079505,0.0873838393023638,0.6478768008059187,0.6454125511941222,0.5759238134024198,1.1019540664240162,1.1015662762325873,1.090631080868711,0.011322985555305198,0.010935195363876327,0.0003877901914288717,0.6478768008059187,1.1019540664240155,0.0,0.0
main,dfl_mlp,2233-10-01,2233-07-01,0.0009712924165386,0.002158427592308,0.0023618722706369,0.009414071109949,0.072252567253669,0.004079073667526245,0.00016744831563168135,0.016216732825592106,0.0018355831503868104,0.08648708602099854,0.639288661128233,0.6359859992850837,0.5792373261102008,1.1011911327842134,1.1006683640985906,1.0916857825642443,0.009505350219969122,0.008982581534346279,0.0005227686856228431,0.6392886611282329,1.1011911327842132,0.0,0.0
main,dfl_mlp,2234-01-01,2233-10-01,0.0019113700381968,0.004247488973770666,0.0035808197271759,0.0142465287817302,0.0831398259460591,0.003737980546429753,0.00025338185055332553,0.01486829591480654,0.001682091245893389,0.0842463766515234,0.5943494148379015,0.5918546298085587,0.5876389777807052,1.0884904850553578,1.088119045743996,1.087491392913092,0.0009990921422657895,0.0006276528309039353,0.00037143931136185415,0.5943494148379015,1.0884904850553574,0.0,0.0
main,dfl_mlp,2234-04-01,2234-01-01,0.0016603417855045,0.003689648412232222,0.0044178175518515,0.0175545120471183,0.0885266860741009,0.006570210494101047,0.0006200117187666786,0.026022968599942797,0.0029565947223454715,0.09880296759570328,0.5767444115950073,0.5717402302545186,0.5359762121529784,1.0873171326866873,1.0865595167353037,1.0811449666309603,0.006172166055727013,0.005414550104343441,0.0007576159513835723,0.5767444115950073,1.087317132686687,0.0,0.0
main,dfl_mlp,2234-07-01,2234-04-01,0.0020982021495853,0.004662671443522889,0.0045634655132694,0.0181292904550907,0.0893550383779308,0.007026084885001183,0.00039613637234663936,0.027809529285287238,0.003161738198250532,0.10061918735404857,0.5725630892431495,0.5687348764153882,0.5299905905716586,1.0841770679466174,1.0836142518353962,1.0779181452520643,0.006258922694553082,0.005696106583331861,0.0005628161112212204,0.5725630892431495,1.0841770679466172,0.0,0.0
main,dfl_mlp,2234-10-01,2234-07-01,0.0013373918681627,0.0029719819292504442,0.0039323982556169,0.0156370534856845,0.085548719306851,0.00772850513458252,0.00044523173768273665,0.03055748470899533,0.003477827310562134,0.10327851612363577,0.5879374774589966,0.582734234597973,0.5214078631985466,1.090910468199694,1.0901059111459457,1.0806232546549777,0.01028721354471629,0.009482656490968022,0.0008045570537482671,0.5879374774589966,1.0909104681996935,0.0,0.0
main,dfl_mlp,2235-01-01,2234-10-01,0.0018962912397078,0.004213980532684,0.0028869802338753,0.0114980091847456,0.0775397763515031,0.007650119252502918,0.0004805366994496302,0.03025111850969875,0.0034425536636263133,0.1029888167290286,0.614869754498883,0.6139174548838628,0.5223323253965471,1.0916383974656372,1.091496469504489,1.077846888537963,0.013791508927674112,0.01364958096652602,0.0001419279611480917,0.614869754498883,1.091638397465637,0.0,0.0
main,dfl_mlp,2235-04-01,2235-01-01,0.001548720621023,0.0034416013800511107,0.0039044860109275,0.0155267118409714,0.0853659859944503,0.006416168063879013,0.000253308206225734,0.02541872382805266,0.002887275628745556,0.09816960699120046,0.5878386461710859,0.5834187860682951,0.5380870830100495,1.0896529142251483,1.0889788290127116,1.0820651643320505,0.00758774989309785,0.006913664680661125,0.0006740852124367258,0.5878386461710859,1.0896529142251483,0.0,0.0
main,dfl_mlp,2235-07-01,2235-04-01,0.0031747688156329,0.007055041812517555,0.0068282288112744,0.0270344382757565,0.0998409127646751,0.007350314222276211,0.00042580482709753017,0.029078679720387468,0.003307641400024295,0.10186522722056207,0.5370116941386089,0.5325432370546532,0.5259421757999341,1.0731690848134718,1.0725602472054083,1.0716608373488314,0.0015082474646403998,0.0008994098565768827,0.0006088376080635172,0.5370116941386089,1.0731690848134716,0.0,0.0
main,dfl_mlp,2235-10-01,2235-07-01,0.0025000093938592,0.005555576430798222,0.0044358884729418,0.0176258400071129,0.0886309461933236,0.009053093381226063,0.0008886245025841542,0.035723583720900565,0.004073892021551728,0.10797255435653175,0.5736215819132172,0.5713607263595526,0.5067887454773765,1.0820278323283863,1.0817045301965935,1.0724707429962437,0.00955708933214261,0.009233787200349841,0.0003233021317927687,0.5736215819132172,1.0820278323283865,0.0,0.0
main,dfl_mlp,2236-01-01,2235-10-01,0.0027941671640245,0.006209260364498889,0.0053937401640319,0.0214010328801119,0.0936355770672354,0.008719788119196891,0.0004012361978121705,0.034425590492513036,0.003923904653638601,0.10682221258583044,0.5567006734150126,0.5535530708779809,0.510308590692701,1.0779705657152565,1.077529717765579,1.0714729681600421,0.006497597555214396,0.006056749605536815,0.0004408479496775808,0.5567006734150126,1.0779705657152563,0.0,0.0
main,dfl_mlp,2236-04-01,2236-01-01,0.0023071283464235,0.005126951880941111,0.0054438824682086,0.0215983591930591,0.0938740527049178,0.008458955399692058,0.0004956277569481708,0.03340891400597035,0.003806529929861426,0.10590897010332284,0.5574720766783554,0.552724033788261,0.5131319666143972,1.0807937125775215,1.0801055848154033,1.0743675573348976,0.00642615524262391,0.00573802748050567,0.0006881277621182402,0.5574720766783554,1.0807937125775215,0.0,0.0
main,dfl_mlp,2236-07-01,2236-04-01,0.002545326382947,0.005656280850993334,0.0066165632387667,0.0262047362476008,0.0989914810625611,0.008760665729641914,0.00013423848494356684,0.03458485094254771,0.003942299578338861,0.10696425961758488,0.5413106397508675,0.5353502825620841,0.5098717481676023,1.0771620649508677,1.0763124354871958,1.0726805535668542,0.004481511384013537,0.003631881920341584,0.0008496294636719526,0.5413106397508675,1.0771620649508673,0.0,0.0
main,dfl_mlp,2236-10-01,2236-07-01,0.0039968534345395,0.008881896521198888,0.0085824584470825,0.0338904054920213,0.1063429008792932,0.008358241897076369,0.0004326293213926683,0.033016137096253284,0.003761208853684366,0.10555299391483966,0.5166897108238853,0.5117872220178347,0.5142394619592932,1.066152540965436,1.065524868138242,1.0658388320120837,0.00031370895335225413,-0.0003139638738416384,0.0006276728271938925,0.5166897108238853,1.0661525409654358,0.0,0.0
main,dfl_mlp,2237-01-01,2236-10-01,0.0040025102371846,0.008894467193743556,0.0089654769850085,0.0353825053858968,0.1076718563301825,0.015251894854009152,0.0017614170514783929,0.05962599512522848,0.006863352684304118,0.1274056632731192,0.5131511163784084,0.5077049040523227,0.453136903560115,1.0656704615862997,1.0649734831214075,1.0579901488446444,0.007680312741655371,0.00698333427676312,0.0006969784648922506,0.5131511163784084,1.0656704615862995,0.0,0.0
main,dfl_mlp,2237-04-01,2237-01-01,0.0036508313857841,0.008112958635075778,0.0077705679877518,0.0307218547451958,0.1034333193585175,0.015531008131802082,0.0022602534954605864,0.06069168613773879,0.0069889536593109374,0.12821607554781933,0.5255298396897713,0.5209149244633692,0.45111528080157,1.0691028047388265,1.0684959817543034,1.0593179089170919,0.009784895821734585,0.009178072837211504,0.000606822984523081,0.5255298396897713,1.069102804738826,0.0,0.0
main,dfl_mlp,2237-07-01,2237-04-01,0.0030563894426934,0.006791976539318666,0.0064542398014159,0.0255680896643829,0.0983271527518646,0.014127113297581673,0.0014298762277466987,0.05532223907247813,0.006357200983911753,0.12408703051392353,0.5417601090533632,0.5375608775368586,0.46157919967086053,1.0744573995431337,1.0738802735171056,1.0634376476162957,0.011019751926838017,0.01044262590080991,0.0005771260260281075,0.5417601090533632,1.0744573995431337,0.0,0.0
main,dfl_mlp,2237-10-01,2237-07-01,0.0011748860017421,0.0026108577816491107,0.0041251870255488,0.0163989256006394,0.0867748205635254,0.009923630766570568,0.0005775493956578711,0.03910755173773961,0.004465633844956756,0.11090332456880912,0.584283790366297,0.5781711562615921,0.4980042923887725,1.0912950083180761,1.0903399022709193,1.0778137384019633,0.01348126991611287,0.012526163868955997,0.0009551060471568729,0.584283790366297,1.0912950083180757,0.0,0.0
main,dfl_mlp,2238-01-01,2237-10-01,0.0016523505457276,0.0036718901016168887,0.0044768665948823,0.0177875708782152,0.0888657866419535,0.0076933099888265135,0.0009675191246928714,0.030419935717023172,0.003461989494971931,0.10314863971517854,0.5756451310240853,0.570507224429136,0.5218219939687754,1.0871967065481154,1.086418434467824,1.0790437664216845,0.008152940126430863,0.00737466804613951,0.0007782720802913534,0.5756451310240853,1.087196706548115,0.0,0.0
main,dfl_mlp,2238-04-01,2238-01-01,0.0012329252996414,0.002739833999203111,0.0040262632576616,0.016008049068663,0.086153363374521,0.0057660147547721865,0.00023063707225337953,0.02286534316588429,0.002594706639647484,0.09536213960309468,0.5862135780147337,0.5804774693824717,0.5475900513180998,1.0912563055931985,1.0903633612775203,1.0852437523404206,0.006012553252777941,0.005119608937099729,0.0008929443156782124,0.5862135780147337,1.0912563055931983,0.0,0.0
main,dfl_mlp,2238-07-01,2238-04-01,0.0024982467559262,0.005551659457613778,0.0053922251171943,0.0213950702123992,0.0936283409773362,0.0067016058601439,0.0005295363799136727,0.026538156214154673,0.003015722637064755,0.09933496472115595,0.5576417849151017,0.5535782593590183,0.534212561368244,1.0797525520644067,1.0791713966663654,1.0764017623257325,0.003350789738674198,0.0027696343406329316,0.0005811553980412665,0.5576417849151017,1.0797525520644065,0.0,0.0
main,dfl_mlp,2238-10-01,2238-07-01,0.002457319639059,0.00546071030902,0.006169193548033,0.0244493582215417,0.0971304019706483,0.00798005387187004,0.0006302268992985042,0.03154015659292497,0.0035910242423415183,0.10419781249774669,0.5470826896650536,0.541576868655948,0.5184913680575325,1.0784663214886974,1.0776766391801156,1.074365559619562,0.004100761869135328,0.0033110795605535426,0.000789682308581785,0.5470826896650534,1.0784663214886971,0.0,0.0
main,dfl_mlp,2239-01-01,2238-10-01,0.002390310534058,0.005311801186795556,0.0054390060590329,0.0215791702433582,0.0938509461230776,0.007742337323725224,0.0005149585459191207,0.030611539398321952,0.003484051795676351,0.10332947216189982,0.5572854406262905,0.5528042889299044,0.5212455229010902,1.080303101433155,1.079657381389208,1.0751098612051726,0.005193240227982399,0.004547520184035481,0.000645720043946918,0.5572854406262903,1.080303101433155,0.0,0.0
main,dfl_mlp,2239-04-01,2239-01-01,0.0009715234699526,0.002158941044339111,0.0029020758228311,0.0115578687215471,0.077676380337105,0.008731253445148468,0.0006766043894310428,0.03447026174948753,0.003929064050316811,0.10686208222189716,0.617864041550215,0.6133639604577633,0.510185915182112,1.0977984648043781,1.097086170524826,1.0807546578442082,0.017043806960169938,0.016331512680617832,0.0007122942795521059,0.617864041550215,1.097798464804378,0.0,0.0
main,dfl_mlp,2239-07-01,2239-04-01,0.0011926373425963,0.0026503052057695554,0.0029791493750207,0.0118634511990666,0.0783622385311931,0.0072332266718149185,0.0005642350596389844,0.028620500298588647,0.0032549520023167134,0.10141919417210164,0.6144209165726952,0.6105970370098539,0.5273858999160583,1.0958948995875526,1.095298093941489,1.0823110300039114,0.013583869583641217,0.012987063937577537,0.0005968056460636806,0.6144209165726949,1.0958948995875484,0.0,0.0
main,dfl_mlp,2239-10-01,2239-07-01,0.0008801935159965,0.0019559855911033333,0.0029885506641364,0.0119007207345276,0.0784446001824864,0.006111030653119087,0.000451538632866147,0.024220965902309266,0.0027499637939035894,0.09688108338427596,0.6152907336162057,0.6102661111907267,0.5424189705426341,1.0979530941057054,1.0971531839390172,1.0863520504429114,0.01160104366279402,0.010801133496105786,0.0007999101666882336,0.6152907336162056,1.0979530941057052,0.0,0.0
main,dfl_mlp,2240-01-01,2239-10-01,0.0006871577318763,0.0015270171819473334,0.0017094519482523,0.006820294410309,0.0637156822635263,0.004771867860108614,0.00023565613803486248,0.018951281220205285,0.002147340537048876,0.09049559680463139,0.677493735890918,0.6746086746605191,0.5646331630026455,1.1091634970405222,1.1086986316751288,1.0909784509481342,0.018185046092388024,0.01772018072699466,0.0004648653653933632,0.677493735890918,1.1091634970405218,0.0,0.0
main,dfl_mlp,2240-04-01,2240-01-01,0.0008961161635011,0.0019913692522246667,0.0019396806203732,0.0077361774929972,0.0670432767382415,0.003600619686767459,0.00015649417066994082,0.014324878526610574,0.0016202788590453567,0.08328206051995125,0.661640866682495,0.6590762677157441,0.5913102241412271,1.1052265948519886,1.104818724011444,1.094041291160762,0.011185303691226611,0.010777432850682,0.00040787084054461076,0.661640866682495,1.1052265948519882,0.0,0.0
main,dfl_mlp,2240-07-01,2240-04-01,0.0008359684144868,0.0018577075877484444,0.0015591006908391,0.0062218331470793,0.0613098493359349,0.0027087626978754996,0.00022645189913082233,0.010791105866595374,0.001218943214043975,0.07586723638938941,0.6880142893655834,0.6862529479594193,0.6207603235939982,1.1098348184671658,1.109553637368757,1.0990983741288798,0.010736444338286022,0.01045526323987711,0.00028118109840891137,0.6880142893655834,1.1098348184671658,0.0,0.0
main,dfl_mlp,2240-10-01,2240-07-01,0.0009840780949108,0.0021868402109128885,0.0020218758812153,0.0080630086772447,0.0681402607259779,0.00407608556561172,0.00035373089414054114,0.016204926033239975,0.001834238504525274,0.08646832425106356,0.6564938962919661,0.6540939482404159,0.5793069448233115,1.1038305619492146,1.1034509880396186,1.0916227339840132,0.012207827965201368,0.011828254055605392,0.00037957390959597603,0.6564938962919661,1.1038305619492146,0.0,0.0
main,dfl_mlp,2241-01-01,2240-10-01,0.0007119990593426,0.0015822201318724445,0.0020248657357084,0.0080748956469934,0.0681793392761556,0.004575483128428459,0.00020779720486031745,0.01817670495208301,0.0020589674077928066,0.08942219781694066,0.6574996233863296,0.6539176736793718,0.5684921927114481,1.1057785455952116,1.105202281492662,1.0914590293109816,0.014319516284230005,0.013743252181680488,0.0005762641025495174,0.6574996233863295,1.1057785455952114,0.0,0.0
main,dfl_mlp,2241-04-01,2241-01-01,0.0008553355113146,0.0019007455806991109,0.0017932004941978,0.0071535316230098,0.0649725538297514,0.003742746775969863,0.00025895992257828884,0.014887147702961179,0.0016842360491864383,0.08427915573629877,0.6710153237012316,0.6686659525698756,0.5875147825036662,1.1069911420318277,1.1066165426873389,1.0936772608916394,0.013313881140188277,0.012939281795699475,0.00037459934448880183,0.6710153237012316,1.1069911420318277,0.0,0.0
main,dfl_mlp,2241-07-01,2241-04-01,0.0008041885025242,0.001787085561164889,0.0019377055644252,0.0077283231285114,0.0670163662847204,0.00292396554723382,0.0005390188581074327,0.011644664663357007,0.001315784496255219,0.0778731279355024,0.662161514619348,0.6591993268789307,0.612568180854665,1.1059181076873417,1.1054442817201826,1.0979852515030288,0.007932856184312831,0.007459030217153773,0.00047382596715905834,0.662161514619348,1.105918107687341,0.0,0.0
main,dfl_mlp,2241-10-01,2241-07-01,0.0007255536028277,0.001612341339617111,0.0020644027301575,0.0082320755426184,0.0686908457083915,0.004109599953517317,0.0002738469519250605,0.016337344283210098,0.0018493199790827928,0.08667793807881845,0.6552375741418289,0.6516180914252564,0.5785298273350576,1.1053258126295604,1.1047440008204297,1.0929954669866273,0.012330345642933116,0.011748533833802366,0.00058181180913075,0.6552375741418285,1.1053258126295598,0.0,0.0
main,dfl_mlp,2242-01-01,2241-10-01,0.0006835029337373,0.0015188954083051112,0.0021764981685764,0.0086776110277417,0.0700900843728567,0.003639884106814861,0.00035491412129550864,0.014480236609613617,0.0016379478480666875,0.08356166304807616,0.6494620391287739,0.6453988434189678,0.5902422296868172,1.1046705304826787,1.1040156856653107,1.0951263716313193,0.009544158851359397,0.008889314033991402,0.0006548448173679944,0.6494620391287739,1.1046705304826785,0.0,0.0
main,dfl_mlp,2242-04-01,2242-01-01,0.0015466249926538,0.0034369444281195554,0.0028491110642025,0.0113478320976627,0.0771937165939199,0.0034079380333423615,0.000614533151996754,0.013562226068385863,0.0015335721150040627,0.08186092540835335,0.6175113512723617,0.6153232279690589,0.5967838557751382,1.0941913221225041,1.0938575594694278,1.0910296795046819,0.003161642617822258,0.002827879964745872,0.000333762653076386,0.6175113512723611,1.0941913221225037,0.0,0.0
main,dfl_mlp,2242-07-01,2242-04-01,0.0008140791389948,0.0018090647533217778,0.0017938524287585,0.00715612535526,0.0649821206612276,0.006562533229589463,0.0005268910952736286,0.025992860519605143,0.0029531399533152584,0.09877165439301444,0.6711580521775113,0.6686210733348077,0.5360802872866857,1.107290795073361,1.1068852356433057,1.085697370477099,0.021593424596262123,0.021187865166206743,0.00040555943005538,0.6711580521775113,1.1072907950733608,0.0,0.0
main,dfl_mlp,2242-10-01,2242-07-01,0.0011168214395847,0.0024818254212993335,0.0019512592398698,0.0077822221862521,0.0672005066231323,0.004976543132215738,0.0003621261854095626,0.019758069022129843,0.0022394444094970822,0.09156945226910132,0.6599905179604805,0.6583580617560338,0.5608091940823474,1.1035074914135519,1.1032514703920877,1.0879527072911606,0.015554784122391307,0.015298763100927149,0.00025602102146415895,0.6599905179604805,1.1035074914135514,0.0,0.0
main,dfl_mlp,2243-01-01,2242-10-01,0.0006991886269044,0.001553752504232,0.0017087713369291,0.0068175859000615,0.0637052351462481,0.00402002977207303,0.00022541249174883415,0.015983414855921363,0.0018090133974328637,0.0861136704520746,0.6774864563965028,0.6746584671498709,0.5806252276774031,1.1090808164226704,1.1086254872084182,1.0934853726929454,0.01559544372972499,0.015140114515472813,0.0004553292142521759,0.6774864563965028,1.1090808164226698,0.0,0.0
main,dfl_mlp,2243-04-01,2243-01-01,0.000717973797789,0.00159549732842,0.0016593035640938,0.0066207127930523,0.0629354593124734,0.0033949319273233413,0.0004103297224237575,0.013510730713712116,0.0015277193672955036,0.08176191243834312,0.6809510431447446,0.6783456277722176,0.597168080111826,1.109510725182767,1.1090917215998806,1.0960367271148241,0.013473998067942805,0.013054994485056426,0.0004190035828863792,0.6809510431447381,1.1095107251827658,0.0,0.0
main,dfl_mlp,2243-07-01,2243-04-01,0.0009898742312821,0.002199720513960222,0.0024107750026375,0.0096082850042095,0.0727942653834905,0.004653679765760898,0.0002551385638303133,0.0184851813159006,0.0020941558945924044,0.08985495363308117,0.6370070188452864,0.6336646554957293,0.5669319177807773,1.1007116108350004,1.1001831789857874,1.0896326492241453,0.011078961610855087,0.010550529761642169,0.0005284318492129181,0.6370070188452864,1.100711610835,0.0,0.0
main,dfl_mlp,2243-10-01,2243-07-01,0.0011526275417886,0.0025613945373079996,0.0019941760823882,0.0079528756055184,0.0677755039917877,0.004803743306547403,0.0003199838263319758,0.01907696039891571,0.0021616844879463314,0.09066572257661029,0.6573406108328155,0.655743256482735,0.5640249183863866,1.1028565336960925,1.1026065897114574,1.0882550797370407,0.014601453959051769,0.014351509974416699,0.0002499439846350704,0.6573406108328155,1.1028565336960918,0.0,0.0
main,dfl_mlp,2244-01-01,2243-10-01,0.0010851399200273,0.002411422044505111,0.0022752871770888,0.0090701342071508,0.0712647365366281,0.004258176777511835,0.00014921101688189953,0.016924223202692712,0.0019161795498803258,0.08758631128999364,0.6428806098080172,0.6402564944157176,0.575179450047342,1.1010277883126052,1.1006154122503682,1.0903886457836962,0.010639142528908963,0.010226766466671977,0.0004123760622369854,0.6428806098080172,1.1010277883126052,0.0,0.0
main,dfl_mlp,2244-04-01,2244-01-01,0.0018989643080985,0.004219920684663333,0.0030412960630119,0.0121097997976872,0.0789016099151001,0.0058307982049882415,0.0003282615051624567,0.023119995364584867,0.002623859192244709,0.09565287371050481,0.6097539583818389,0.608435034287646,0.5465948669000995,1.09085965497126,1.0906631216212348,1.0814482962068852,0.009411358764374711,0.009214825414349592,0.00019653335002511874,0.6097539583818389,1.0908596549712597,0.0,0.0
main,dfl_mlp,2244-07-01,2244-04-01,0.0013561372115648,0.0030136382479217776,0.0035743271938133,0.0142208363824716,0.0830930031042091,0.0059897246770560745,0.0002628274251674876,0.02374449617949581,0.0026953761046752335,0.09635506908089636,0.5964838078632771,0.5920340094333216,0.5442018195535518,1.0921201408416379,1.0914329200777535,1.0840457823040182,0.00807435853761973,0.007387137773735342,0.0006872207638843886,0.5964838078632769,1.092120140841638,0.0,0.0
main,dfl_mlp,2244-10-01,2244-07-01,0.0017687110246943,0.0039304689437651115,0.0036573973408774,0.0145495255462344,0.0836853378399413,0.00608048252761364,0.00023029481652100684,0.02410099437380686,0.002736217137426138,0.09674939784287706,0.5929297307476626,0.5897707516869274,0.5428645135444123,1.0891249812491832,1.0886501459778946,1.0815995337752482,0.007525447473935021,0.007050612202646356,0.000474835271288665,0.5929297307476626,1.089124981249183,0.0,0.0
main,dfl_mlp,2245-01-01,2244-10-01,0.0019605011778964,0.004356669284214223,0.0039311702353459,0.0156321991168215,0.0855407086122795,0.005121101718395948,0.0004952356639782984,0.0203275893064937,0.002304495773278177,0.09230287681799251,0.5858189293710077,0.5827642194034287,0.5582182949347886,1.0869325931236706,1.086479289474013,1.0828367973016149,0.00409579582205577,0.003642492172398093,0.000453303649657677,0.5858189293710077,1.0869325931236704,0.0,0.0
main,dfl_mlp,2245-04-01,2245-01-01,0.0019201340731183,0.004266964606929556,0.0046622177981788,0.0185188584284528,0.0899017676877388,0.0072801894508302215,0.0002393318274605721,0.028804291477456334,0.0032760852528736,0.10159860891100497,0.5713570621061194,0.5667634943323757,0.5268044374585616,1.0850171648051607,1.084333648079167,1.0783877939906974,0.006629370814463353,0.005945854088469593,0.0006835167259937602,0.5713570621061194,1.0850171648051603,0.0,0.0
main,dfl_mlp,2245-07-01,2245-04-01,0.0013482015183906,0.0029960033742013332,0.0035826984408342,0.0142539631760457,0.083153357909473,0.00876703653484583,0.0004904290678262392,0.03460967002447246,0.003945166440680624,0.10698637253914665,0.5962973749275725,0.591802803055929,0.509803799148882,1.0921386687249353,1.091444176536717,1.078773855696074,0.013364813028861278,0.012670320840643123,0.0006944921882181543,0.5962973749275725,1.0921386687249348,0.0,0.0
main,dfl_mlp,2245-10-01,2245-07-01,0.0017386916827801,0.0038637592950668885,0.0035621953818006,0.0141728267567079,0.0830052665295465,0.007249815296381712,0.0006598491179269464,0.028685423688003198,0.0032624168833717705,0.10148264867984784,0.5954367137802125,0.5923703490357479,0.5271801391833928,1.0896805592963599,1.0892187246480654,1.0794002261495597,0.010280333146800213,0.00981849849850569,0.0004618346482945235,0.5954367137802125,1.0896805592963597,0.0,0.0
main,dfl_mlp,2246-01-01,2245-10-01,0.0029950724630389,0.006655716584530888,0.0068565336354481,0.0271453493695994,0.0999531479352275,0.006676772143691778,0.0003566209492843821,0.02644080145284844,0.0030045474646613,0.09923497529391337,0.5372063124958036,0.5321739836874485,0.5345433862150182,1.0741609421640266,1.0734662328186113,1.0737933271206013,0.0003676150434253067,-0.0003270943019899608,0.0006947093454152675,0.5372063124958036,1.0741609421640264,0.0,0.0
main,dfl_mlp,2246-04-01,2246-01-01,0.0031188415077134,0.006930758906029778,0.0074534930605658,0.029482298105205,0.1022548155189186,0.011063841730356216,0.0015278026197277454,0.04352631761178938,0.004978728778660298,0.11461602328152647,0.5302967599977826,0.5246861298481293,0.4872478911137674,1.0725507402147574,1.0717831410115672,1.0666611562335986,0.005889583981158797,0.005121984777968658,0.0007675992031901391,0.5302967599977826,1.0725507402147574,0.0,0.0
main,dfl_mlp,2246-07-01,2246-04-01,0.003468308354665,0.007707351899255555,0.0074654543879396,0.0295290806792327,0.1022997773076974,0.010171532072126866,0.00039421437725129893,0.04006956658582139,0.00457718943245709,0.11172137673595685,0.5291898867543195,0.5245414732569329,0.49559890252719635,1.0705499639203833,1.0699302517665117,1.0660717174825902,0.004478246437793043,0.0038585342839214665,0.0006197121538715766,0.5291898867543195,1.070549963920383,0.0,0.0
main,dfl_mlp,2246-10-01,2246-07-01,0.0034359381393775,0.0076354180875055555,0.0065783222686579,0.0260547799485363,0.0988360249821964,0.010583692602813244,0.0016360843189595082,0.04166741267954799,0.00476266167126596,0.11306758699521775,0.5391650434709383,0.5358663714331412,0.4916842160283122,1.0720543499403083,1.0716135133685978,1.0657089827889403,0.00634536715136802,0.005904530579657452,0.0004408365717105678,0.5391650434709383,1.072054349940308,0.0,0.0
main,dfl_mlp,2247-01-01,2246-10-01,0.0025604291998684,0.005689842666374222,0.0050862167666288,0.0201901751048898,0.092127678971478,0.010541624017059803,0.0007941331192228314,0.04150441448495079,0.004743730807676911,0.11293093286577412,0.5621511149363003,0.5588356756759163,0.4920791336726863,1.0800479060150836,1.0795758016942656,1.0700699566319964,0.009977949383087159,0.009505845062269147,0.000472104320818012,0.5621511149363,1.0800479060150834,0.0,0.0
main,dfl_mlp,2247-04-01,2247-01-01,0.0020602499637213,0.0045783332527139994,0.0054105844719173,0.0214673240516937,0.0937159065409133,0.00860051615163684,0.0009397698794053001,0.03396079054882739,0.003870232268236578,0.10640611510870769,0.5587336406866542,0.5532736187873087,0.5115918081021402,1.0823559420058124,1.0815511484259224,1.0754073537203341,0.0069485882854782854,0.006143794705588235,0.0008047935798900507,0.5587336406866542,1.082355942005812,0.0,0.0
main,dfl_mlp,2247-07-01,2247-04-01,0.0024846195296752,0.005521376732611555,0.0058532424777254,0.0232082081909317,0.0957529773629548,0.007701001968234778,0.00034339351443868127,0.03044999861288944,0.00346545088570565,0.10317705187643601,0.5511536794757588,0.54625280596262,0.5217313527510035,1.0788997461931493,1.0781981675033738,1.0746878281792784,0.004211918013870886,0.0035103393240953906,0.000701578689775495,0.5511536794757588,1.0788997461931489,0.0,0.0
main,dfl_mlp,2247-10-01,2247-07-01,0.0030423775302916,0.0067608389562035555,0.0055609990950937,0.0220591350475817,0.0944236244978838,0.0078313616104424,0.0006034505247954169,0.030959382529000323,0.00352411272469908,0.10365627224520761,0.5535075666318006,0.5508201171676194,0.5202062754995656,1.0761494813584729,1.0757797522071264,1.0715680154469613,0.00458146591151154,0.0042117367601650635,0.0003697291513464762,0.5535075666318006,1.0761494813584729,0.0,0.0
main,dfl_mlp,2248-01-01,2247-10-01,0.0048524008874172,0.010783113083149333,0.0100873443817903,0.0397429458045273,0.1114443009644017,0.009264958091080189,0.0002762493205606314,0.03654796950090211,0.0041692311409860855,0.10869500604128556,0.5012614107061941,0.4964113543615743,0.5045989547875245,1.0598887038572533,1.0593092385684637,0.9937047364456759,0.0661839674115774,0.06560450212278779,0.0005794652887896046,0.5012614107061941,1.059888703857253,0.006658272379862051,0.0
main,dfl_mlp,2248-04-01,2248-01-01,0.0033785605506189,0.007507912334708666,0.0085570335064353,0.0337912980101579,0.1062537973303244,0.01759413331747055,0.002731131208994899,0.06854090158744353,0.007917359992861748,0.1340393921257101,0.5185851599895516,0.5120628784238294,0.4370201714749913,1.0696015932414737,1.0687262091704122,1.0586543976960974,0.010947195545376376,0.010071811474314796,0.0008753840710615801,0.5185851599895516,1.0696015932414735,0.0,0.0
main,dfl_mlp,2248-07-01,2248-04-01,0.0029321546165152,0.006515899147811556,0.0066339197997795,0.0262727917167139,0.0990618310620976,0.011221269145607948,0.0004197725208862203,0.044135211228799154,0.005049571115523577,0.11511941923046112,0.5399743319088809,0.5351169679232302,0.485820761506306,1.0748828054596287,1.074209193732385,1.067372872046563,0.007509933413065717,0.006836321685822044,0.0006736117272436726,0.5399743319088809,1.0748828054596282,0.0,0.0
main,dfl_mlp,2248-10-01,2248-07-01,0.003001543304989,0.006670096233308888,0.0058443411478623,0.0231732239689058,0.0957133143220801,0.008815146423876286,0.0004153022437016394,0.03479707880581984,0.003966815890744328,0.10715314404908172,0.5497077094297625,0.5463882988349407,0.509291826894833,1.0758511802348028,1.075393152801346,1.0702744121853138,0.005576768049488923,0.005118740616032236,0.00045802743345668695,0.5497077094297625,1.0758511802348023,0.0,0.0
main,dfl_mlp,2249-01-01,2248-10-01,0.0031097638301757,0.006910586289279333,0.0056319115627172,0.0223380492192309,0.0947515253059807,0.008936908468604088,0.00022353820078979228,0.03527127260153384,0.00402160881087184,0.10757355562166608,0.5522991613473688,0.5496885441684929,0.5080050019025337,1.0756110595524138,1.0752536598951352,1.0695470845149773,0.006063975037436498,0.005706575380157952,0.0003573996572785454,0.5522991613473688,1.075611059552413,0.0,0.0
main,dfl_mlp,2249-04-01,2249-01-01,0.0018125873458666,0.004027971879703556,0.0042499982424982,0.0168919247954913,0.0875371670985736,0.007819557096809149,0.0006446420478558194,0.030913264331401402,0.003518800693564117,0.1036130523179487,0.5795429781066195,0.5753599976656657,0.5203435294070746,1.0868584976368931,1.086231577096965,1.0779860319713201,0.008872465665572982,0.008245545125644904,0.0006269205399280775,0.5795429781066195,1.0868584976368925,0.0,0.0
main,dfl_mlp,2249-07-01,2249-04-01,0.0014293031023591,0.0031762291163535553,0.0045406752808786,0.0180393687800897,0.0892271904209877,0.009101327136158943,0.0004358297048593944,0.035911312352296276,0.004095597211271524,0.10813760045383447,0.575187022970754,0.5691972587146805,0.506287070758501,1.0884102538953988,1.087489585386714,1.077819851078234,0.010590402817164835,0.00966973430847995,0.0009206685086848854,0.575187022970754,1.0884102538953986,0.0,0.0
main,dfl_mlp,2249-10-01,2249-07-01,0.0022742588834676,0.005053908629928001,0.0049648359474229,0.0197119351309811,0.0915091796278281,0.007791659608483314,0.000458422976939978,0.030804267116862794,0.0035062468238174914,0.10351077433767246,0.5650246188027387,0.5610228612974772,0.5206685638691761,1.08207401337196,1.081492728436634,1.0756309676628037,0.006443045709156214,0.005861760773830271,0.000581284935325943,0.5650246188027387,1.0820740133719595,0.0,0.0
main,dfl_mlp,2250-01-01,2249-10-01,0.003101460255085,0.006892133900188889,0.0059643886809533,0.023644958571321,0.0962441412561188,0.007804469484835863,0.0003025786910298445,0.030854317238659612,0.003512011268176138,0.10355776196024867,0.5478083147837339,0.5445788625433631,0.5205191993227694,1.0750417397265988,1.0745993519279082,1.0713035293991429,0.0037382103274559153,0.0032958225287653686,0.0004423877986905467,0.5478083147837339,1.0750417397265983,0.0,0.0
main,dfl_mlp,2250-04-01,2250-01-01,0.0026269492410005,0.005837664980001111,0.0049938370093038,0.0198262151202192,0.0916582416452979,0.01053349208086729,0.000466992125815552,0.041472904231581786,0.004740071436390281,0.11290449826457545,0.563427283408127,0.5604946425113839,0.4921555904035923,1.079854834867486,1.0794391901846112,1.0697534616411548,0.01010137322633109,0.009685728543456396,0.000415644682874694,0.563427283408127,1.0798548348674857,0.0,0.0
main,dfl_mlp,2250-07-01,2250-04-01,0.0026488509184098,0.005886335374244,0.0071180971569735,0.0281698248371609,0.1009763347418984,0.009870626404881478,0.0006669675252054746,0.03890176728484307,0.004441781882196665,0.11072754471574399,0.535259733866265,0.5288253637755203,0.49852378990794527,1.0757454029131381,1.074834865609135,1.0705468447170667,0.005198558196071401,0.004288020892068367,0.000910537304003034,0.5352597338662648,1.0757454029131377,0.0,0.0
main,dfl_mlp,2250-10-01,2250-07-01,0.0050167890103434,0.011148420022985333,0.0080369834825417,0.0317624476717298,0.104403788154662,0.010749531537294387,0.0009021646953591617,0.04230976676507392,0.004837289191782474,0.11360470662127164,0.519155331101068,0.517841468022793,0.49013735266407027,1.0611731680276892,1.0610183527690604,1.0577539184035247,0.003419249624164511,0.0032644343655356955,0.0001548152586288154,0.519155331101068,1.0611731680276888,0.0,0.0
main,dfl_mlp,2251-01-01,2250-10-01,0.0057604449999858,0.012800988888857332,0.011897014926959,0.046745541454202,0.1172580012951655,0.011119620501995086,0.0014781834377177601,0.04374209054361866,0.005003829225897789,0.11479461738742176,0.48492267071553197,0.479839149824614,0.4867407333159354,1.0535333049411788,1.0529721068564886,1.0162422336644048,0.037291071276774,0.03672987319208376,0.0005611980846902398,0.4849226707155319,1.0535333049411788,0.003749177729748032,0.0
main,dfl_mlp,2251-04-01,2251-01-01,0.0048604008933559,0.010800890874124221,0.0107036108230693,0.0421319315932162,0.1134562285267506,0.024438293650746346,0.005892152969650674,0.09422781788739953,0.010997232142835855,0.1510897423694176,0.4962369608972023,0.4905641071745631,0.3993951244345401,1.0592487037501201,1.0585713877577303,1.0476861767089665,0.01156252704115368,0.010885211048763832,0.0006773159923898486,0.4962369608972023,1.05924870375012,0.0,0.0
main,dfl_mlp,2251-07-01,2251-04-01,0.0044924097620587,0.00998313280457489,0.0090329947540415,0.0356453505816829,0.1079036788181676,0.021712732687592506,0.004149663851406159,0.08406299717008425,0.009770729709416628,0.144730178360101,0.5112576635076218,0.5069983440970536,0.4128799488211516,1.0629234982845908,1.0623992787046126,1.050815572275529,0.012107926009061742,0.011583706429083573,0.000524219579978169,0.5112576635076218,1.0629234982845903,0.0,0.0
main,dfl_mlp,2251-10-01,2251-07-01,0.0025600175814494,0.005688927958776444,0.0082110387668294,0.0324418379668788,0.1050290987632892,0.015362486988306046,0.0013240117843325448,0.06004835877240766,0.006913119144737721,0.1277273997301099,0.524138906048882,0.5158764845526257,0.45233247869969345,1.0746372880701442,1.0734607207017304,1.0644120654402305,0.010225222629913766,0.009048655261499894,0.0011765673684138722,0.524138906048882,1.0746372880701438,0.0,0.0
main,dfl_mlp,2252-01-01,2251-10-01,0.0037047162562862,0.00823270279174711,0.0085705913031004,0.0338441478173972,0.106301326076049,0.01085335686802864,0.001019860836553261,0.042711755364654325,0.004884010590612888,0.11393971948073836,0.5175821490947979,0.5119158120739489,0.4891768528178801,1.0677788510307755,1.0670368281200202,1.0640590968850707,0.003719754145704801,0.0029777312349494878,0.0007420229107553133,0.5175821490947979,1.0677788510307755,0.0,0.0
main,dfl_mlp,2252-04-01,2252-01-01,0.0040068326985796,0.008904072663510221,0.0091611238031919,0.0361440064659817,0.1083417396082161,0.010398329235613346,0.0007748620436813491,0.04094905103386004,0.004679248156026006,0.11246420207480068,0.511381893491635,0.5056677243602304,0.4934321271730121,1.0654219411835564,1.0646909179666897,1.063125597548201,0.002296343635355358,0.0015653204184886693,0.0007310232168666886,0.511381893491635,1.0654219411835562,0.0,0.0
main,dfl_mlp,2252-07-01,2252-04-01,0.0037236728110966,0.008274828469103556,0.0098696041062393,0.0388977979815734,0.110724151332986,0.014799457602202892,0.0018937977798504924,0.057896604507777116,0.006659755920991301,0.12608087744597493,0.5059504211352639,0.4985338289344487,0.45647502400591045,1.0661597324812817,1.0651899146188364,1.0596901676746382,0.006469564806643513,0.005499746944198192,0.0009698178624453213,0.5059504211352638,1.0661597324812817,0.0,0.0
main,dfl_mlp,2252-10-01,2252-07-01,0.0055279213740667,0.012284269720148223,0.0122325593398376,0.0480397236214735,0.1183072832424718,0.016855175234377386,0.0028680021182825397,0.06573519264765526,0.0075848288554698235,0.13198802586233604,0.4830096377191555,0.4769516176815685,0.44190175629756406,1.0544452261345387,1.053762361352727,1.0498115134192416,0.004633712715297111,0.003950847933485324,0.0006828647818117872,0.4830096377191555,1.0544452261345385,0.0,0.0
main,dfl_mlp,2253-01-01,2252-10-01,0.0056279447432589,0.012506543873908666,0.0095192280378605,0.0375366600917571,0.1095539021768501,0.028350389376282693,0.004440555872188412,0.10866958992002052,0.012757675219327212,0.15923418661458685,0.5040783787790966,0.5020163897345535,0.3828216922876891,1.0563159150144854,1.0560855484590408,1.042769050997172,0.01354686401731331,0.013316497461868693,0.0002303665554446166,0.5040783787790966,1.0563159150144852,0.0,0.0
main,dfl_mlp,2253-04-01,2253-01-01,0.0026381252212303,0.005862500491622889,0.0061736903144016,0.0244670143196017,0.0971496019268692,0.018623717501759528,0.0016393691981085785,0.07243953059885155,0.008380672875791789,0.1368315065532884,0.5464847280618224,0.5415120902995243,0.4305130846866872,1.0773924828732153,1.0766882641401163,1.0609687239595473,0.016423758913667985,0.01571954018056898,0.0007042187330990046,0.5464847280618224,1.077392482873215,0.0,0.0
main,dfl_mlp,2253-07-01,2253-04-01,0.0028520804506016,0.006337956556892445,0.0058260282885706,0.0231012473707886,0.0956315586298936,0.012357630394399166,0.001022186034865959,0.04852178066896329,0.005560933677479625,0.1186963426420348,0.5504072915683382,0.546667742505034,0.4758887394762132,1.0767703662219745,1.0762487769271143,1.0663765785267882,0.010393787695186285,0.009872198400326049,0.0005215892948602363,0.5504072915683382,1.0767703662219743,0.0,0.0
main,dfl_mlp,2253-10-01,2253-07-01,0.0045555877103066,0.010123528245125777,0.0092384557694553,0.0364448753775814,0.1086049833118786,0.00981757752597332,0.0005624152897529005,0.03869577690509085,0.004417909886687994,0.11055129924570886,0.5092672025967938,0.5048709448633959,0.4990456033947412,1.0623567759421395,1.0618184800199444,1.0611052011932403,0.0012515747488992535,0.0007132788267041335,0.00053829592219512,0.5092672025967938,1.0623567759421393,0.0,0.0
main,dfl_mlp,2254-01-01,2253-10-01,0.003685812740311,0.00819069497846889,0.0101140336516465,0.0398465004891043,0.1115322202742092,0.016305729374289514,0.001892398183306132,0.06364492720538528,0.007337578218430282,0.13043766252188913,0.5039864466905629,0.4961533043143034,0.4456505321653093,1.066093726382453,1.0650664734229125,1.0584434453119593,0.007650281070493703,0.006623028110953166,0.0010272529595405366,0.5039864466905629,1.066093726382453,0.0,0.0
main,dfl_mlp,2254-04-01,2254-01-01,0.0042180252854501,0.009373389523222444,0.008120772800605,0.0320895473089656,0.104705627152536,0.01442566029727459,0.0011140520989028585,0.056466007734428114,0.006491547133773565,0.12497606898236281,0.520498118782372,0.5168914621308222,0.45929120152401737,1.0654889416949058,1.065035153066967,1.0577879028419044,0.007701038853001441,0.007247250225062674,0.00045378862793876706,0.520498118782372,1.0654889416949056,0.0,0.0
main,dfl_mlp,2254-07-01,2254-04-01,0.003628074593769,0.008062387986153333,0.0081496394002068,0.0322022185416287,0.1048092603176101,0.012728904373943806,0.0016033687366616423,0.04995169080756523,0.005728006968274713,0.1198448671109844,0.5218189854984673,0.5165659348929998,0.47277528092707505,1.0687336075254095,1.0680416796181056,1.0622736073428134,0.006460000182596071,0.005768072275292191,0.0006919279073038798,0.5218189854984673,1.0687336075254092,0.0,0.0
main,dfl_mlp,2254-10-01,2254-07-01,0.0033952911745026,0.007545091498894666,0.0075938240131717,0.0300310473752202,0.102779756925776,0.014027275890111924,0.0006272155883825318,0.05493951830876975,0.006312274150550366,0.123788413865083,0.5280526688528928,0.5230010583890589,0.4623521396638361,1.0707839227049982,1.0701067690313226,1.0619769580703944,0.008806964634603842,0.008129810960928241,0.0006771536736756012,0.5280526688528926,1.070783922704998,0.0,0.0
main,dfl_mlp,2255-01-01,2254-10-01,0.0029565250753248,0.006570055722944,0.0069825214646592,0.0276389115937631,0.1004490607281852,0.013144812732934951,0.0010796314387353791,0.05155158942980265,0.005915165729820728,0.12112032398056656,0.5358896345744323,0.5305470142382037,0.46935948663349264,1.074185747186245,1.0734461428796784,1.0649756628386917,0.009210084347553327,0.008470480040986716,0.0007396043065666102,0.5358896345744323,1.0741857471862448,0.0,0.0
main,dfl_mlp,2255-04-01,2255-01-01,0.0017627742416353,0.003917276092522889,0.0058732249009927,0.0232867401718417,0.0958418366436417,0.010106872208416462,0.0002902639988119011,0.03981871482638444,0.004548092493787408,0.11150863655480896,0.553083229126287,0.5459494174884403,0.49622250125450085,1.0831683737953732,1.0820956464342135,1.0746180977774433,0.008550276017929903,0.007477548656770194,0.0010727273611597088,0.553083229126287,1.083168373795373,0.0,0.0
main,dfl_mlp,2255-07-01,2255-04-01,0.0031154003431677,0.006923111873706,0.0059242578319151,0.0234872808014195,0.0960676613121919,0.009177678637206555,0.000678378815706504,0.03620842087876219,0.0041299553867429496,0.108398164833612,0.548296527594528,0.5451794870164363,0.5054967586802783,1.0750321847336242,1.0746056302093707,1.0691752077036598,0.00585697702996435,0.005430422505710908,0.00042655452425344187,0.548296527594528,1.0750321847336235,0.0,0.0
main,dfl_mlp,2255-10-01,2255-07-01,0.003468396043101,0.007707546762446667,0.0076889503676071,0.0304028965104098,0.1031325295753376,0.00862898975610733,0.00038707732408168103,0.034071766734767306,0.0038830453902482984,0.10650567455918415,0.526867816415364,0.521873399814694,0.5112842882033903,1.070239930660858,1.0695740948196988,1.068162396397126,0.002077534263732028,0.0014116984225727158,0.0006658358411593124,0.5268678164153637,1.0702399306608577,0.0,0.0
main,dfl_mlp,2256-01-01,2255-10-01,0.0024326808982585,0.005405957551685556,0.0066685266361125,0.0264084752594029,0.099201719317833,0.01188919749110937,0.00032075667312642656,0.04671537417760607,0.005350138870999217,0.11723345824306522,0.5410248216446004,0.5346534844012065,0.47990705784359017,1.0777307625453076,1.076815372192501,1.0689497783921678,0.008780984153139881,0.007865593800333137,0.0009153903528067442,0.5410248216446004,1.0777307625453072,0.0,0.0
main,dfl_mlp,2256-04-01,2256-01-01,0.0033550291057913,0.007455620235091777,0.0075775059869298,0.029967249427982,0.1027189974505211,0.010405528731644154,0.001052213875562546,0.0409769596696512,0.004682487929239869,0.112487698890131,0.5283345053878149,0.5231956628269306,0.4933638578113634,1.0710344204734532,1.0703435045868426,1.066332627085283,0.004701793388170117,0.004010877501559484,0.0006909158866106324,0.5283345053878149,1.0710344204734528,0.0,0.0
main,dfl_mlp,2256-07-01,2256-04-01,0.004431705198978,0.009848233775506667,0.008786783645811,0.0346865968459483,0.1070548714940392,0.010383742861449718,0.000658267599851391,0.040892505513815514,0.004672684287652373,0.11241658141774907,0.5136460954521188,0.5095934105895172,0.49357053859871813,1.0635292633194569,1.0630280153082938,1.0610462592648815,0.002483004054575355,0.0019817560434123305,0.0005012480111630246,0.5136460954521188,1.0635292633194569,0.0,0.0
main,dfl_mlp,2256-10-01,2256-07-01,0.005122825984506,0.011384057743346667,0.010615766884434,0.0417916731528588,0.113171665435502,0.014365154504776,0.0012120956796441726,0.05623428689084553,0.006464319527149201,0.12479636542394812,0.4962914783239787,0.4913838124689704,0.45975209863684136,1.0579528195479586,1.05737974286597,1.0536860525977096,0.004266766950248968,0.0036936902682602746,0.0005730766819886934,0.4962914783239787,1.0579528195479582,0.0,0.0
main,dfl_mlp,2257-01-01,2256-10-01,0.0032738789618325,0.007275286581849999,0.0089114958564833,0.0351723193859904,0.107486007122732,0.022485536709427833,0.0030700155964599836,0.0869537697323095,0.010118491519242524,0.14659161349095284,0.5155705131345494,0.5082725273016486,0.40887369639365917,1.0697366916436803,1.068749557246574,1.0553047510674358,0.014431940576244529,0.013444806179138125,0.000987134397106404,0.5155705131345494,1.0697366916436803,0.0,0.0
main,dfl_mlp,2257-04-01,2257-01-01,0.0047785434121774,0.010618985360394222,0.008647299745081,0.0341431250663961,0.1065696210758998,0.017124774307012557,0.004050770884628734,0.06675955175852744,0.007706148438155651,0.13274096254397774,0.5140115257469001,0.511086930685993,0.4400997835588175,1.0617916724240681,1.0614400934984516,1.0529064044236245,0.008885268000443647,0.0085336890748271,0.0003515789256165469,0.5140115257469001,1.061791672424068,0.0,0.0
main,dfl_mlp,2257-07-01,2257-04-01,0.0023510478093255,0.00522455068739,0.007185722602499,0.0284345642158599,0.1012369920955752,0.01539570912718773,0.00188441812349601,0.06017521001729209,0.0069280691072344785,0.12782388895708274,0.535366182831093,0.5279774027241012,0.4520917018775362,1.0773548038023038,1.0762872024971704,1.065322513862292,0.01203228994001182,0.010964688634878428,0.0010676013051333921,0.535366182831093,1.0773548038023035,0.0,0.0
main,dfl_mlp,2257-10-01,2257-07-01,0.0022895896513546,0.005087977003010222,0.0071405755432718,0.0282578289882906,0.1010631452323845,0.009861606173217297,0.001220527977962583,0.03886674379231214,0.004437722777947783,0.11069759918915298,0.536041452293915,0.5285427283908675,0.4986123842834028,1.0777818143666853,1.0766937187574408,1.0723507030086865,0.005431111357998786,0.004343015748754286,0.0010880956092444993,0.5360414522939146,1.0777818143666849,0.0,0.0
main,dfl_mlp,2258-01-01,2257-10-01,0.0030993282313395,0.006887396069643332,0.007087916861061,0.0280516578748547,0.100859510848759,0.010337648913264275,0.0007395304964575136,0.04071380133566871,0.004651942010968924,0.11226595986747953,0.5343055117162039,0.5292060887871198,0.49400877238060353,1.073203444402099,1.072504789204489,1.0676825204122558,0.005520923989843274,0.004822268792233242,0.0006986551976100319,0.5343055117162039,1.0732034444020986,0.0,0.0
main,dfl_mlp,2258-04-01,2258-01-01,0.0020884711111043,0.004641046913565111,0.0050721554880556,0.02013478268312,0.0920567439267147,0.010820863395929336,0.0004399095459747627,0.0425859614721219,0.0048693885281682016,0.11383497510080699,0.5638719927170164,0.5590859177568127,0.48947680554618134,1.0829541911049556,1.082250086304541,1.0720095216523702,0.010944669452585432,0.010240564652170825,0.0007041048004146067,0.5638719927170164,1.0829541911049556,0.0,0.0
main,dfl_mlp,2258-07-01,2258-04-01,0.0021268933622347,0.004726429693854889,0.0052474318639826,0.0208250914142262,0.0929282278156624,0.007919330708682537,0.0006017665116896413,0.031303010776825624,0.0035636988189071414,0.10397729011454551,0.5609936964738179,0.5560223800921006,0.5191886121340561,1.0823152033147447,1.0815857567607543,1.0761810987095637,0.0061341046051810455,0.005404658051190614,0.0007294465539904316,0.5609936964738179,1.0823152033147447,0.0,0.0
main,dfl_mlp,2258-10-01,2258-07-01,0.0042053984209843,0.009345329824409556,0.0089479663947401,0.0353143282679532,0.1076116195837001,0.0074916166253387925,0.0004449536720742859,0.029631399280994675,0.0033712274814024566,0.10239797580774393,0.5127757491539918,0.507888760651663,0.5242257457977626,1.0645820625997582,1.0639665658686774,0.8427299733817135,0.22185208921804467,0.22123659248696392,0.0006154967310807447,0.5127757491539915,1.064582062599758,0.02232941706761382,0.0
main,dfl_mlp,2259-01-01,2258-10-01,0.0039760568064783,0.008835681792174,0.0094708346361639,0.037348548257705,0.1093910872207573,0.012549802847206592,0.0008996691239062756,0.04926210752720639,0.005647411281242966,0.11929200781143215,0.508732016317289,0.5025042160413843,0.4742694981660228,1.0652395047797867,1.0644408552101985,1.0608200510290111,0.0044194537507755705,0.003620804181187376,0.0007986495695881946,0.508732016317289,1.0652395047797865,0.0,0.0
main,dfl_mlp,2259-04-01,2259-01-01,0.0044512880328421,0.009891751184093555,0.0069483317012314,0.0275049904361877,0.1003150626810614,0.014600574225187301,0.0017261884277482208,0.057135640863063775,0.006570258401334286,0.12549420459923707,0.5320101097235399,0.5309858887835125,0.4579667557934766,1.0656963960859207,1.065569917992129,1.0565529955782738,0.009143400507646948,0.00901692241385521,0.00012647809379173758,0.5320101097235399,1.0656963960859205,0.0,0.0
main,dfl_mlp,2259-07-01,2259-04-01,0.0031603227359781,0.007022939413284667,0.005194827579222,0.0206179529424862,0.0926695296625162,0.010317865945398807,0.0014345924010423017,0.04063709599446286,0.004643039675429463,0.1122012506284337,0.5585660620102734,0.556929328263976,0.4941972513572778,1.0761866081645577,1.0759633629638912,1.0674069101327999,0.008779698031757821,0.008556452831091299,0.00022324520066652198,0.5585660620102734,1.0761866081645577,0.0,0.0
main,dfl_mlp,2259-10-01,2259-07-01,0.002678443655533,0.005952097012295555,0.0050555609889878,0.0200694079754283,0.0919727924718967,0.008797746989876032,0.0010170181109890556,0.03472930365096105,0.003958986145444214,0.10709287341820346,0.5622676660909699,0.5593822765076322,0.5094767532311848,1.0794009452737559,1.078993483357987,1.0719460467695028,0.007454898504253071,0.007047436588484279,0.000407461915768792,0.5622676660909696,1.0794009452737554,0.0,0.0
main,dfl_mlp,2260-01-01,2259-10-01,0.0019319746651469,0.004293277033659778,0.0037635526225951,0.0149694375524742,0.0844217270658914,0.00893191657960415,0.00033504452127783345,0.03525183547326727,0.004019362460821867,0.10755636613596002,0.5897836365208603,0.5869750513250471,0.5080575102058705,1.0876891804987394,1.0872715993402746,1.0755381193330327,0.012151061165706745,0.011733480007241948,0.00041758115846479704,0.5897836365208601,1.087689180498739,0.0,0.0
main,dfl_mlp,2260-04-01,2260-01-01,0.0022148741872329,0.004921942638295334,0.0054778211531795,0.0217319020463101,0.0940343662107194,0.007827436365187169,0.00035516373244175544,0.0309440474558631,0.003522346364334226,0.10364190452330058,0.5572606443421959,0.5521676986355617,0.5202518964299467,1.081277166082346,1.0805343535434568,1.0758793936376145,0.005397772444731386,0.004654959905842304,0.0007428125388890816,0.5572606443421936,1.081277166082345,0.0,0.0
main,dfl_mlp,2260-07-01,2260-04-01,0.0014948247361995,0.00332183274711,0.0035156059455991,0.0139884405229695,0.0826653358958014,0.007418989576399327,0.00011672069705561952,0.02934734024451191,0.0033385453093796973,0.1021248861320148,0.5975137623438616,0.5936762179763255,0.5251045107045677,1.0914505285520564,1.090863185660779,1.080368165681456,0.01108236287060027,0.010495019979322784,0.000587342891277487,0.5975137623438616,1.0914505285520562,0.0,0.0
main,dfl_mlp,2260-10-01,2260-07-01,0.0015496480094051,0.003443662243122444,0.0041076111147667,0.0163294865821318,0.0866655488086812,0.007136180717498064,0.00027482779644264843,0.02824062346739209,0.0032112813228741288,0.10104618596903263,0.5833788435294934,0.5785757148908779,0.5285979239034,1.0889673270769096,1.0882348330529594,1.0806130440102455,0.008354283066664081,0.007621789042713933,0.0007324940239501476,0.5833788435294931,1.0889673270769091,0.0,0.0
main,dfl_mlp,2261-01-01,2260-10-01,0.0011119500497789,0.0024710001106197778,0.0025154261583346,0.0100238040448704,0.0739164199571888,0.007198415882885456,0.00032019372777085446,0.02848424970595209,0.0032392871472984555,0.10128574895946843,0.6319979095632192,0.6289010299643628,0.527819018454617,1.099148147736631,1.0986623077182638,1.0828045112619271,0.016343636474703827,0.01585779645633667,0.0004858400183671563,0.6319979095632192,1.0991481477366307,0.0,0.0
main,dfl_mlp,2261-04-01,2261-01-01,0.0011188119066507,0.002486248681446,0.0025372130495385,0.0101102927890898,0.0741439486085833,0.004333690460771322,0.00023125393429566742,0.017222401814266375,0.0019501607073470952,0.08803554035244163,0.631063088713675,0.6279424636229632,0.5735328222104812,1.0989581899288912,1.098468838838728,1.0899367606279202,0.00902142930097094,0.008532078210807814,0.0004893510901631259,0.6310630887136748,1.098958189928891,0.0,0.0
main,dfl_mlp,2261-07-01,2261-04-01,0.0007747455475996,0.0017216567724435555,0.0019581490153433,0.0078096199941688,0.0672936373518447,0.004543255642056465,0.00020590143865346938,0.018049550223674937,0.0020444650389254094,0.08924169783329733,0.6610766749441345,0.6579333029368029,0.5691447657116222,1.1059392192852655,1.1054354859227045,1.0912068969078055,0.014732322377460028,0.014228589014898985,0.000503733362561043,0.6610766749441345,1.1059392192852648,0.0,0.0
main,dfl_mlp,2261-10-01,2261-07-01,0.0012689967248989,0.0028199927219975554,0.0023880705795561,0.0095181194746742,0.0725441829005136,0.00480658644810319,0.0002674325285029467,0.01908816981047401,0.0021629639016464354,0.09068084368287155,0.6368892087939527,0.634734554114358,0.5639709005601237,1.0989152838765543,1.098580644387699,1.08759033903661,0.011324944839944395,0.010990305351089136,0.0003346394888552595,0.6368892087939527,1.098915283876554,0.0,0.0
main,dfl_mlp,2262-01-01,2261-10-01,0.0017733523038792,0.003940782897509333,0.0033138723575367,0.0131897443780065,0.081135495685659,0.004689256846904755,0.00016982045489836135,0.01862550457614931,0.0021101655811071396,0.09004946667174878,0.6020148900962886,0.5996077331095767,0.5662325775067787,1.090462656612958,1.090100941613072,1.0850857745626077,0.005376882050350362,0.005015167050464342,0.0003617149998860203,0.6020148900962886,1.0904626566129578,0.0,0.0
main,dfl_mlp,2262-04-01,2262-01-01,0.001870979487051,0.004157732193446667,0.003712763921012,0.0147685525145323,0.0840722092523341,0.005998913198709488,0.0004060547089035329,0.023780593272969663,0.00269951093941927,0.09639520633430251,0.5912150540576766,0.5882995288128521,0.5440654847695026,1.088262616695913,1.087827357334053,1.0812236478251145,0.007038968870798579,0.006603709508938405,0.0004352593618601741,0.5912150540576766,1.088262616695913,0.0,0.0
main,dfl_mlp,2262-07-01,2262-04-01,0.0030269067542999,0.006726459453999778,0.00521567506747,0.0207000474649992,0.0927723391950685,0.008018592186272145,0.0005957715136331831,0.031690639998989245,0.003608366483822465,0.10433732737935499,0.5586615600825839,0.556568650954641,0.5180510259721895,1.076944977598057,1.076656719272317,1.0713516508674557,0.005593326730601422,0.005305068404861446,0.00028825832573997623,0.5586615600825823,1.0769449775980566,0.0,0.0
main,dfl_mlp,2262-10-01,2262-07-01,0.0012332364042832,0.0027405253428515555,0.0024750603977438,0.0098635466577411,0.073489407201614,0.012350603565573692,0.0013093545203044636,0.04849470226027208,0.005557771604508162,0.11867451333669904,0.6332214016059851,0.6307066272676649,0.47594826459339806,1.0985720786254882,1.0981806096492757,1.074089741187171,0.02448233743831718,0.02409086846210462,0.00039146897621256116,0.6332214016059851,1.0985720786254878,0.0,0.0
main,dfl_mlp,2263-01-01,2262-10-01,0.0012299519256706,0.0027332265014902222,0.0026289673537808,0.0104744732313805,0.0750803272970779,0.005685007944703102,0.00039062462786061436,0.0225468497845438,0.002558253575116396,0.09499474229080127,0.6269188339553252,0.6240229982404437,0.54885132430573,1.0976115638338695,1.0971606808209085,1.0854564150509958,0.012155148782873715,0.01170426576991268,0.00045088301296103417,0.6269188339553252,1.097611563833869,0.0,0.0
main,dfl_mlp,2263-04-01,2263-01-01,0.0017224244422643,0.0038276098716984444,0.0031011539737076,0.012347032163655,0.079410082584337,0.005568314436823129,0.0004217364962754137,0.02208791063933746,0.002505741496570408,0.09445761668888869,0.6085223255444999,0.6064079627775454,0.5507026615172159,1.0917504134196623,1.09143161877591,1.0830326098887197,0.008717803530942536,0.008399008887190362,0.0003187946437521738,0.6085223255444999,1.091750413419662,0.0,0.0
main,dfl_mlp,2263-07-01,2263-04-01,0.0020109767296279,0.004468837176950889,0.0037832169666228,0.0150472078705992,0.0845557083606151,0.006008386798202992,0.0003658708814732921,0.02381780924621335,0.002703774059191346,0.09643653764671344,0.5890437181403924,0.5864685079051176,0.543925145698851,1.0871138125484476,1.0867329641074917,1.0804412163708084,0.006672596177639267,0.006291747736683284,0.00038084844095598314,0.5890437181403924,1.0871138125484474,0.0,0.0
main,dfl_mlp,2263-10-01,2263-07-01,0.0011131261004984,0.0024736135566631114,0.0021850947734881,0.0087117729682966,0.0701944104427447,0.007871006894856692,0.00027471395880000564,0.031114257766125197,0.0035419531026855116,0.10380117676467988,0.6472176120946268,0.64493925913471,0.5197465191428086,1.1015282106646496,1.1011708083088418,1.0815319810549813,0.019996229609668292,0.01963882725386057,0.0003574023558077233,0.6472176120946256,1.1015282106646491,0.0,0.0
main,dfl_mlp,2264-01-01,2263-10-01,0.0008641176525339,0.0019202614500753333,0.0025058403759811,0.009985748987609,0.0738156626637942,0.004402306117117405,0.00027984881821231146,0.01749328357001889,0.0019810377527028325,0.08843684746715014,0.6333933184778905,0.6293262974183632,0.5720675317517017,1.1009368140293478,1.1002886983382545,1.0911640088080046,0.009772805221343273,0.009124689530249919,0.0006481156910933539,0.6333933184778905,1.1009368140293476,0.0,0.0
main,dfl_mlp,2264-04-01,2264-01-01,0.0010304339487716,0.0022898532194924443,0.0030996072878327,0.0123409027857112,0.0793970767502289,0.00434725135564804,0.0003428999654147395,0.01727594212709993,0.0019562631100416184,0.08811536413794967,0.6111441677619149,0.6064596784067607,0.5732409367228393,1.0963747832034452,1.095636059560421,1.0903976081491886,0.005977175054256545,0.00523845141123247,0.0007387236430240751,0.6111441677619149,1.096374783203445,0.0,0.0
main,dfl_mlp,2264-07-01,2264-04-01,0.0017008283162235,0.0037796184804966665,0.0032176615037296,0.0128086590886568,0.0803702844931157,0.0044595316052436825,0.00020696445907702115,0.0177191562469865,0.0020067892223596573,0.08876670802146118,0.605066412840371,0.6026088659485292,0.5708670950523111,1.0913600164756354,1.0909889472512269,1.086196202768136,0.0051638137074994095,0.0047927444830908605,0.00037106922440854895,0.605066412840371,1.0913600164756352,0.0,0.0
main,dfl_mlp,2264-10-01,2264-07-01,0.0007793854727997,0.0017319677173326664,0.002251701210087,0.0089764295305311,0.0709890271130408,0.0051206577569246296,0.0006885232275951991,0.020325840602820167,0.0023042959906160836,0.09230065415572895,0.6452927768243341,0.6414571571321506,0.5582261219182515,1.1033798683468934,1.1027653785012794,1.0894312551826622,0.013948613164231238,0.013334123318617275,0.0006144898456139636,0.6452927768243341,1.1033798683468934,0.0,0.0
main,dfl_mlp,2265-01-01,2264-10-01,0.0008951116719793,0.0019891370488428887,0.0019877737236042,0.0079274188292661,0.0676904932958233,0.004435002198442816,0.00035934823463286414,0.017622341872461367,0.0019957509892992676,0.08862584287444723,0.6588239884695496,0.656128688924202,0.5713792973200325,1.1047852196442938,1.1043565352615006,1.0908772391681805,0.013907980476113302,0.013479296093320103,0.00042868438279319854,0.6588239884695496,1.1047852196442938,0.0,0.0
main,dfl_mlp,2265-04-01,2265-01-01,0.0016049067381192,0.0035664594180426666,0.0028903338585591,0.0115113077693038,0.077570189774452,0.003715216601267457,0.0003959651616001403,0.014778254330263696,0.0016718474705703559,0.0840892047501954,0.6158579767098172,0.6137941545728797,0.5882350242224986,1.0935801939217888,1.0932665942233215,1.0893828605296558,0.004197333392133018,0.0038837336936656808,0.00031359969846733726,0.6158579767098172,1.0935801939217888,0.0,0.0
main,dfl_mlp,2265-07-01,2265-04-01,0.0019431451575044,0.004318100350009777,0.0041398279053532,0.0164567660735622,0.0868654757505173,0.007213739585131407,0.0003689246312348496,0.02854422895519726,0.0032461828133091334,0.1013445397813306,0.5813662032383938,0.5778358300281781,0.5276281359747517,1.086372732918456,1.0858482304952155,1.078388946269934,0.007983786648521951,0.007459284225281415,0.000524502423240536,0.5813662032383938,1.0863727329184558,0.0,0.0
main,dfl_mlp,2265-10-01,2265-07-01,0.0024454817670031,0.005434403926673556,0.0047618336583995,0.0189117156601499,0.0904418132235595,0.005807809811085462,0.00040570233637682296,0.02302963778268574,0.002613514414988458,0.09555001405566568,0.5679001404023102,0.5648256462502866,0.5469466630339155,1.0815193291992646,1.0810780003756395,1.0785115584699716,0.0030077707292930356,0.0025664419056679044,0.00044132882362513115,0.5679001404023102,1.0815193291992642,0.0,0.0
main,dfl_mlp,2266-01-01,2265-10-01,0.0030103954430613,0.006689767651247333,0.0058432090587949,0.0231687745377003,0.0957082663460048,0.007900254614651204,0.0002391039905815671,0.031228502771928568,0.003555114576593042,0.10390783484451681,0.549696209755144,0.546405547291749,0.5194085247605573,1.0758009335897147,1.0753471642487085,1.07162438159951,0.004176551990204835,0.003722782649198564,0.00045376934100627153,0.549696209755144,1.0758009335897143,0.0,0.0
main,dfl_mlp,2266-04-01,2266-01-01,0.0042073232422893,0.009349607205087334,0.0073689366655656,0.02915153691738,0.1019357777232551,0.011469055712223054,0.0014056148157617283,0.04509300463617871,0.005161075070500374,0.11590769790104481,0.5281417671625912,0.5257143746081213,0.48360072262170717,1.0665071855612462,1.0662015118632209,1.0608982757977048,0.0056089097635414475,0.0053032360655160815,0.00030567369802536604,0.528141767162591,1.0665071855612458,0.0,0.0
main,dfl_mlp,2266-07-01,2266-04-01,0.0035118674676791,0.007804149928175777,0.0079879166401745,0.0315708603498757,0.1042263045100054,0.011210190318524837,0.0008509160592028387,0.04409237034493907,0.005044585643336177,0.11508405961701074,0.5237297344509912,0.5184013919883799,0.48592076623612085,1.06959390122502,1.0688858640168122,1.064569795419525,0.0050241058054949495,0.00431606859728717,0.000708037208207779,0.5237297344509912,1.06959390122502,0.0,0.0
main,dfl_mlp,2266-10-01,2266-07-01,0.0056694018965958,0.012598670881324001,0.0097983893533996,0.0386212605045211,0.1104874705956456,0.01218986939638853,0.0017483385141499423,0.04787514332324572,0.005485441228374839,0.11817423487190257,0.5016130045734242,0.4992348123184937,0.47731605719202197,1.0558325275734783,1.0555678205514558,1.0531281320090589,0.0027043955644194817,0.002439688542396956,0.0002647070220225256,0.5016130045734242,1.0558325275734783,0.0,0.0
main,dfl_mlp,2267-01-01,2266-10-01,0.0056030381596763,0.012451195910391778,0.0111962818906637,0.0440385855963567,0.1150396548098075,0.01624645832926035,0.0026012975902234,0.06341923204161715,0.007310906248167158,0.1302691578257732,0.49057436264382936,0.486046403582373,0.44606114288824616,1.0549294241836407,1.0544224303353835,1.0499452959537088,0.004984128229931883,0.004477134381674741,0.0005069938482571423,0.4905743626438293,1.0549294241836402,0.0,0.0
main,dfl_mlp,2267-04-01,2267-01-01,0.0054636392652746,0.012141420589499111,0.0131025367545657,0.0513890563180253,0.1209912077895858,0.01896436810493469,0.0049110284374121165,0.07372674145979796,0.008533965647220611,0.13773806429983662,0.47697441628968096,0.469703296549848,0.42843288387130013,1.054071540442949,1.0532472600797875,1.0485686972218378,0.0055028432211112754,0.004678562857949764,0.0008242803631615114,0.4769744162896809,1.0540715404429488,0.0,0.0
main,dfl_mlp,2267-07-01,2267-04-01,0.0043399159239816,0.009644257608848,0.0125982640617537,0.0494487317092312,0.1194418171140939,0.03181769400835037,0.010282875369223928,0.1213244017992946,0.014317962303757667,0.16553927626649229,0.48313441405913976,0.4738637877312133,0.37027288945014586,1.0601989541919477,1.0590438263571142,1.046136313336191,0.014062640855756703,0.0129075130209233,0.0011551278348334026,0.4831344140591376,1.060198954191947,0.0,0.0
main,dfl_mlp,2267-10-01,2267-07-01,0.0055047217154291,0.012232714923175778,0.0119190312636555,0.0468304980630104,0.1173270981318875,0.02438693158328533,0.007775235542010927,0.09403705186712863,0.010974119212478399,0.15097518235331106,0.485361919474717,0.4796480534837614,0.39963324166541,1.054822979492004,1.054177582427518,1.04513968676376,0.009683292728244197,0.009037895663758011,0.0006453970644861862,0.485361919474717,1.054822979492004,0.0,0.0
main,dfl_mlp,2268-01-01,2267-10-01,0.0032964625222268,0.007325472271615111,0.0074015719331539,0.0292792070580876,0.1020591638780056,0.02102038189768791,0.004031027212495495,0.0814673455885997,0.00945917185395956,0.14302332876638194,0.5303474665263238,0.5253163362963039,0.4166006071471142,1.0716156689048029,1.0709362883486362,1.0562558191187412,0.015359849786061641,0.014680469229894966,0.0006793805561666755,0.5303474665263238,1.0716156689048024,0.0,0.0
main,dfl_mlp,2268-04-01,2268-01-01,0.003132219232052,0.006960487182337777,0.0078496965726666,0.0310310107983567,0.1037233344789917,0.011290670186281205,0.0011119359906582044,0.0444035463985506,0.005080801583826542,0.11534069647163778,0.5261619447229359,0.5199934180490954,0.4851957659348379,1.0719146610891026,1.0710715603867091,1.0663154935833399,0.0055991675057627255,0.004756066803369263,0.0008431007023934622,0.5261619447229359,1.0719146610891022,0.0,0.0
main,dfl_mlp,2268-07-01,2268-04-01,0.0050286778035863,0.011174839563525113,0.010784571995455,0.0424454497803162,0.1137178781171738,0.012233058363199234,0.0010696261018582078,0.04804164735387295,0.005504876263439655,0.1183088377464327,0.49518050722440216,0.4898125177069415,0.47694736389997405,1.05828929295922,1.0576574096176496,1.0561430109119676,0.0021462820472524236,0.0015143987056820407,0.0006318833415703828,0.4951805072244021,1.0582892929592196,0.0,0.0
main,dfl_mlp,2268-10-01,2268-07-01,0.004448643535215,0.0098858745227,0.0120199406570276,0.047219814428292,0.1176433438225664,0.015296196192502975,0.0017826363431534666,0.05979520394405757,0.0068832882866263385,0.12753464442873316,0.4871110614151955,0.4787751448749593,0.45281412546695204,1.0601648235747885,1.059135224808297,1.055928686759322,0.004236136815466418,0.0032065380489749717,0.0010295987664914463,0.487111061415196,1.0601648235747885,0.0,0.0
main,dfl_mlp,2269-01-01,2268-10-01,0.0079724891055828,0.017716642456850666,0.0124919121059906,0.0490391342096514,0.1191128367526787,0.0205777857452631,0.0028931188551520643,0.07980514634194047,0.009260003585368395,0.14191284139250834,0.4755443471064213,0.4747555297089408,0.4190466386552434,1.0419787290486044,1.0419090961069049,1.0369913876799808,0.004987341368623666,0.004917708426924072,6.963294169959333e-05,0.4755443471064213,1.0419787290486044,0.0,0.0
main,dfl_mlp,2269-04-01,2269-01-01,0.0056812747251706,0.012625054944823555,0.0131306310046118,0.0514970690592165,0.1210770244970793,0.029854505136609078,0.00634427619120566,0.11417591354813583,0.013434527311474086,0.16207035288663646,0.47628504646037767,0.4694747384031154,0.3771689517077524,1.052956825841023,1.0521996063977663,1.0419363795623389,0.011020446278684037,0.010263226835427464,0.0007572194432565738,0.4762850464603776,1.052956825841023,0.0,0.0
main,dfl_mlp,2269-07-01,2269-04-01,0.0068323915154761,0.015183092256613556,0.0131956271454863,0.051746921539916,0.1212753597185279,0.03633728176355362,0.009300792979112864,0.13761691403077647,0.01635177679359913,0.1725949181651797,0.47324340630012524,0.4689472388664022,0.35538196541056966,1.0471710499188212,1.046742824769188,1.0354230829367317,0.011747966982089464,0.01131974183245621,0.00042822514963325453,0.4732434063001252,1.047171049918821,0.0,0.0
main,dfl_mlp,2269-10-01,2269-07-01,0.0057349082613732,0.012744240580829333,0.0128705914233268,0.0504969536743682,0.1202806853023111,0.040370382741093634,0.0094849386544041,0.1519634454051999,0.018166672233492137,0.17790717750854237,0.4779758409502747,0.4716032225526002,0.0,1.0528884652896209,1.0521833292177651,1.0,0.05288846528962088,0.05218332921776514,0.0007051360718557387,0.4779758409502747,1.0528884652896204,0.0,0.0
main,dfl_mlp,2270-01-01,2269-10-01,0.0050922933251654,0.011316207389256445,0.0135939141666836,0.0532769038259143,0.1224845976689502,0.03602598421275616,0.011800498380554234,0.1365020515477321,0.01621169289574027,0.1721480276187952,0.4744353062166754,0.4657534411960839,0.3564824905030895,1.0555454940137017,1.0545290467231854,1.0417359243352469,0.013809569678454814,0.012793122387938505,0.0010164472905163091,0.4744353062166754,1.0555454940137012,0.0,0.0
main,dfl_mlp,2270-04-01,2270-01-01,0.0061714139558328,0.013714253235184,0.013596030236265,0.0532850275612729,0.1224909942044904,0.04338714219629765,0.013531157049470895,0.1625770560223555,0.01952421398833394,0.18134508194119708,0.4720044454566685,0.4657366544977445,0.0,1.0501673986176563,1.0495012210625183,1.0,0.05016739861765629,0.04950122106251831,0.0006661775551379812,0.4720044454566632,1.0501673986176554,0.0,0.0
main,dfl_mlp,2270-07-01,2270-04-01,0.0066851802534444,0.014855956118765333,0.0137287541410218,0.053794459208681,0.1228916061426409,0.04778644740581513,0.0150619164864773,0.17787579764074368,0.021503901332616808,0.18563229817471547,0.4699760773624449,0.4646870040820595,0.0,1.047537233077144,1.0470022528485694,1.0,0.04753723307714397,0.047002252848569404,0.0005349802285745664,0.4699760773624449,1.0475372330771435,0.0,0.0
main,dfl_mlp,2270-10-01,2270-07-01,0.0057393464174513,0.012754103149891779,0.0127365054360978,0.0499809483960156,0.11986828196886,0.06804378405213356,0.023767800561008523,0.24563411947622393,0.0306197028234601,0.19691349155327675,0.4789097030146291,0.4727121811086398,0.0,1.052970543223661,1.0522850567949364,1.0,0.052970543223660904,0.052285056794936446,0.0006854864287244578,0.4789097030146291,1.0529705432236605,0.0,0.0
main,dfl_mlp,2271-01-01,2270-10-01,0.0049158410845023,0.010924091298894,0.0100075149843173,0.0394331567949671,0.1111808755146251,0.0300484050065279,0.003993529743937839,0.11488388854310727,0.013521782252937556,0.1624245336264034,0.5017644113165086,0.4971859235785403,0.3764650418908801,1.0596304800222653,1.0590863652635585,1.0447397038396071,0.014890776182658216,0.014346661423951357,0.0005441147587068595,0.5017644113165086,1.059630480022265,0.0,0.0
main,dfl_mlp,2271-04-01,2271-01-01,0.0045000472993754,0.010000105109723111,0.0099818141176994,0.0393334050814657,0.1110959200533057,0.015343955159187317,0.003212479458789841,0.059977593583247946,0.0069047798216342925,0.12767354414889043,0.5030283081310389,0.4974361694559259,0.4524669621996115,1.0618722439708699,1.0611844135588773,1.0556532223365052,0.006219021634364719,0.005531191222372112,0.0006878304119926071,0.5030283081310389,1.0618722439708694,0.0,0.0
main,dfl_mlp,2271-07-01,2271-04-01,0.0039578159648738,0.008795146588608443,0.0080954743619625,0.0319907951247844,0.1046146557543862,0.013904968462884425,0.00197536286480881,0.05447050157990729,0.006257235808297992,0.1234216930343967,0.5214512705842317,0.5171774911242089,0.4633044381723274,1.066965731821931,1.0664168851984193,1.0594984085929977,0.007467323228933287,0.006918476605421553,0.000548846623511734,0.5214512705842317,1.0669657318219308,0.0,0.0
main,dfl_mlp,2271-10-01,2271-07-01,0.0043210894069678,0.009602420904372888,0.0083144948011972,0.0328454886344238,0.1053977535257741,0.011717873439192773,0.0015014855606148643,0.046054059412725334,0.005273043047636748,0.11669444851504177,0.5183526749699263,0.5147236625551964,0.4814027557373512,1.064684766866088,1.064231905651443,1.0600738194808572,0.004610947385230713,0.004158086170585884,0.00045286121464482854,0.5183526749699263,1.0646847668660877,0.0,0.0
main,dfl_mlp,2272-01-01,2271-10-01,0.0041777535279686,0.00928389672881911,0.0071835962882591,0.0284262409670719,0.1012288194375353,0.013906699605286121,0.0014966603684703126,0.05447714127220482,0.006258014822378755,0.12342689049072554,0.5302042111720564,0.5280039582915895,0.4632909176520537,1.0669236823392267,1.066645960997646,1.0584777215085783,0.008445960830648414,0.008168239489067641,0.0002777213415807722,0.5302042111720564,1.0669236823392263,0.0,0.0
main,dfl_mlp,2272-04-01,2272-01-01,0.0047698711152493,0.010599713589442889,0.0113940912030828,0.0448033130375427,0.1156697276684229,0.011256656795740127,0.0011797855988278988,0.044272042622137575,0.005065495558083057,0.11523229721169569,0.4910636235188614,0.4842690335915939,0.4855017614109907,1.059075586815446,1.0582581888900051,1.058406487635477,0.000669099179968935,-0.0001482987454719531,0.0008173979254408881,0.4910636235188614,1.059075586815446,0.0,0.0
main,dfl_mlp,2272-07-01,2272-04-01,0.0058903835897659,0.013089741310590888,0.0122187123158712,0.0479863422549446,0.1182641414578099,0.01823752000927925,0.0012112493113482507,0.07097859031027542,0.008206884004175663,0.13579330980833457,0.48226581745095837,0.4770697355473735,0.43291467699459746,1.0526133507615794,1.0520464781575365,1.0472293306437146,0.005384020117864763,0.0048171475138218955,0.0005668726040428673,0.4822658174509583,1.0526133507615791,0.0,0.0
main,dfl_mlp,2272-10-01,2272-07-01,0.0072521234864917,0.016115829969981555,0.0130247577903127,0.0510899747935587,0.1207533486246003,0.026596935093402864,0.002468569474548373,0.10221811658871616,0.011968620792031289,0.15572392912654617,0.47347257651679436,0.4703378313136683,0.3898877588610631,1.0452065769311496,1.0449072753301416,1.0372260017573394,0.007980575173810234,0.0076812735728022385,0.0002993016010079952,0.4734725765167943,1.0452065769311494,0.0,0.0
main,dfl_mlp,2273-01-01,2272-10-01,0.006055499593866,0.013456665764146667,0.0108961032888412,0.0428772232208038,0.1140773744625616,0.030008899793028832,0.0075136334763741324,0.11473967995606327,0.013504004906862975,0.1623525816610488,0.49180438960462447,0.4887831466735834,0.37660802192823023,1.052841923450918,1.0525173071794576,1.0404646504456119,0.012377273005306222,0.012052656733845701,0.0003246162714605205,0.4918043896046243,1.052841923450918,0.0,0.0
main,dfl_mlp,2273-04-01,2273-01-01,0.0052761578893632,0.011724795309696001,0.0115921587667218,0.0455685790713247,0.1162975349706017,0.019520686566829683,0.0026667191458107334,0.0758260118314601,0.008784308955073358,0.1391998612603872,0.48834397388064094,0.4825094165198385,0.4251108774197754,1.0562759885068145,1.0556036233287007,1.0489891063089976,0.007286882197816924,0.00661451701970317,0.0006723651781137541,0.4883439738806409,1.0562759885068145,0.0,0.0
main,dfl_mlp,2273-07-01,2273-04-01,0.0058436447917378,0.012985877314972888,0.0110766201029931,0.0435757523104423,0.1146569603136863,0.015476305596530437,0.0017958350321459937,0.06048289610209423,0.006964337518438697,0.1280576604555746,0.4909165580942445,0.4871315599746992,0.451509255110519,1.0537865618809803,1.0533718640423766,1.0494689577880871,0.004317604092893168,0.003902906254289462,0.0004146978386037059,0.4909165580942445,1.05378656188098,0.0,0.0
main,dfl_mlp,2273-10-01,2273-07-01,0.0055498645211437,0.012333032269208222,0.0123920829612,0.0486545378397187,0.1188033218986121,0.017951168306171893,0.0020913592028459836,0.06989424137883538,0.008078025737777352,0.13501642803880284,0.4818042107887772,0.4755972135636815,0.43472558115492577,1.0542036264565717,1.0535053308595792,1.0489072168411746,0.005296409615397124,0.004598114018404598,0.0006982955969925264,0.4818042107887772,1.0542036264565713,0.0,0.0
main,dfl_mlp,2274-01-01,2273-10-01,0.0049305519600543,0.010956782133454,0.0126603089862845,0.0496876266632667,0.1196333828466874,0.021658094972372054,0.003307914269527587,0.08385835831001676,0.009746142737567425,0.14459682564994253,0.481315479985893,0.4733458787960488,0.4131689800905529,1.0571294908051407,1.056183543132921,1.0490408774090219,0.008088613396118882,0.0071426657238991,0.0009459476722197824,0.481315479985893,1.0571294908051403,0.0,0.0
main,dfl_mlp,2274-04-01,2274-01-01,0.0034676825581417,0.0077059612403148885,0.0124045062382798,0.0487024054400753,0.118841877323282,0.02418773602694273,0.0051765749292713515,0.09329692619201457,0.01088448121212423,0.15052898057309894,0.4865953588069293,0.475492224202464,0.40056223895079446,1.0648744378934891,1.0633941327420249,1.0534042292491348,0.01147020864435433,0.009989903492890084,0.0014803051514642451,0.4865953588069293,1.0648744378934891,0.0,0.0
main,dfl_mlp,2274-07-01,2274-04-01,0.004705325651128,0.010456279224728889,0.0108030784697234,0.0425171043900486,0.1137776052028124,0.018810796923935412,0.0034283255011270746,0.07314661051029292,0.008464858615770936,0.13733044424398674,0.4958277703732893,0.4896412308277422,0.42936629145932387,1.0599687541579221,1.059220512346424,1.051930454715834,0.008038299442088226,0.007290057630590097,0.0007482418114981293,0.4958277703732893,1.059968754157922,0.0,0.0
main,dfl_mlp,2274-10-01,2274-07-01,0.0038317780320819,0.008515062293515334,0.0107193465383823,0.0421928734091607,0.1135071290646957,0.01715314593166113,0.001892756474850915,0.06686730257199847,0.007718915669247508,0.13281989805431033,0.49865634653489105,0.490417735070059,0.43991156346392807,1.0646668618757555,1.0635984604539217,1.057048708012541,0.007618153863214516,0.006549752441380674,0.0010684014218338422,0.498656346534891,1.064666861875755,0.0,0.0
main,dfl_mlp,2275-01-01,2274-10-01,0.0069239243633685,0.015386498585263333,0.0119122534867533,0.0468043445921451,0.1173058302994233,0.016052421927452088,0.0010306337544014439,0.06268008538063996,0.00722358986735344,0.1297158194152069,0.48209091089247513,0.4797068576452507,0.44741395014268337,1.0476116629970667,1.0473762120951526,1.0441869401249322,0.003424722872134467,0.003189271970220453,0.00023545090191401385,0.4820909108924751,1.0476116629970662,0.0,0.0
main,dfl_mlp,2275-04-01,2275-01-01,0.0065251641184077,0.014500364707572667,0.0128993025258622,0.0506074157465024,0.1203688328354103,0.0249278724193573,0.0048231475566731085,0.09604467120315774,0.011217542588710785,0.15217162171266158,0.47597741841524704,0.4713667842710589,0.39715421017953184,1.0489058985756066,1.0484321634841902,1.0408069432927811,0.008098955282825449,0.007625220191409099,0.0004737350914163496,0.475977418415247,1.0489058985756063,0.0,0.0
main,dfl_mlp,2275-07-01,2275-04-01,0.0055587039915405,0.012352675536756666,0.0124471893432343,0.0488668521313468,0.1189742617805943,0.030396147072315215,0.0065311487698414385,0.11615251524216119,0.013678266182541848,0.16305329550281372,0.4813872371594168,0.4751320404311388,0.3752158869919832,1.054114164276035,1.0534109990958975,1.0421791285275357,0.0119350357484993,0.011231870568361835,0.0007031651801374661,0.4813872371594138,1.0541141642760343,0.0,0.0
main,dfl_mlp,2275-10-01,2275-07-01,0.005812401888807,0.012916448641793334,0.013526695831473,0.0530188208459307,0.12228125351461,0.02309265360236168,0.003569956520284351,0.08921996466709203,0.010391694121062755,0.14802157016332934,0.4732749684730219,0.4662878464080936,0.4058306099222507,1.052001551496691,1.051233834604658,1.0445910364304603,0.007410515066230694,0.006642798174197662,0.0007677168920330324,0.4732749684730219,1.052001551496691,0.0,0.0
main,dfl_mlp,2276-01-01,2275-10-01,0.0078790134278015,0.017508918728447776,0.0136792955180219,0.0536046471519553,0.122742456877561,0.034651228412985804,0.008924621425465018,0.1315656501474065,0.015593052785843612,0.17010734207653605,0.4676798770396712,0.4650773117006722,0.3609953131226356,1.0417216590315834,1.0414894845271587,1.0322043434099362,0.00951731562164726,0.009285141117222562,0.00023217450442469811,0.4676798770396712,1.0417216590315834,0.0,0.0
main,dfl_mlp,2276-04-01,2276-01-01,0.0052351761927359,0.011633724872746444,0.0133356785718903,0.0522851272080813,0.1217017691268516,0.051272709667682645,0.014645979022730984,0.18984974447417957,0.02307271935045719,0.18848465148955706,0.47588014137503387,0.4678166578378481,0.0,1.055034699883782,1.0541021722199784,1.0,0.05503469988378207,0.05410217221997837,0.000932527663803695,0.4758801413750338,1.0550346998837818,0.0,0.0
main,dfl_mlp,2276-07-01,2276-04-01,0.0052935023976103,0.011763338661356221,0.0125546542734096,0.0492807916117109,0.1193070124159356,0.028693092986941338,0.005267365744652253,0.10992642398207231,0.012911891844123603,0.15989437237233606,0.4812307590891291,0.4742288321515065,0.38150248379153195,1.0553728057565523,1.0545671292013536,1.0438975741505299,0.011475231606022485,0.010669555050823787,0.0008056765551986977,0.4812307590891291,1.055372805756552,0.0,0.0
main,dfl_mlp,2276-10-01,2276-07-01,0.0053140012887113,0.011808891752691777,0.012236264302801,0.0480540061644195,0.11831882412532,0.02883833684027195,0.0042529021688014305,0.11045869126309715,0.012977251578122377,0.16017166057662557,0.4834822438319334,0.476920029338847,0.38094911466385234,1.0555327642958456,1.0547790284237375,1.0437558104009559,0.011776953894889752,0.011023218022781611,0.0007537358721081411,0.4834822438319334,1.0555327642958454,0.0,0.0
main,dfl_mlp,2277-01-01,2276-10-01,0.004934844297727,0.010966320661615556,0.0115752709082943,0.0455033480395917,0.1162441242248314,0.021790028363466264,0.003955341601894977,0.08435244008423504,0.009805512763559818,0.14491843754048783,0.48928713010725555,0.4826586794805068,0.41247238042480305,1.058054679818409,1.0572682038308967,1.0489404901662747,0.009114189652134286,0.008327713664622038,0.0007864759875122473,0.4892871301072555,1.0580546798184087,0.0,0.0
main,dfl_mlp,2277-04-01,2277-01-01,0.0058647053323925,0.013032678516427778,0.011836418838836,0.0465116840290479,0.1170676407342286,0.01987767294049263,0.0010233948242078126,0.07717122076562466,0.008944952823221684,0.140125568146096,0.48512521310778367,0.4803663109109814,0.42302720032488,1.053049871560195,1.0525294715820313,1.0462592708796559,0.0067906006805391605,0.006270200702375384,0.0005203999781637769,0.4851252131077836,1.0530498715601948,0.0,0.0
main,dfl_mlp,2277-07-01,2277-04-01,0.0045614466556105,0.010136548123578889,0.0116056560586571,0.0456207112989889,0.1163402068134179,0.020528867840766907,0.0019488601043490981,0.07962129355278147,0.009237990528345109,0.14178918106766136,0.48995193220095457,0.4823902212999638,0.41932029253286307,1.059963028584281,1.0590375845619149,1.0513187376854845,0.00864429089879648,0.00771884687643043,0.0009254440223660509,0.4899519322009545,1.059963028584281,0.0,0.0
main,dfl_mlp,2277-10-01,2277-07-01,0.004886920786409,0.010859823969797778,0.01099165438987,0.0432470160568689,0.1143845052047711,0.017789740674197675,0.00200256906897541,0.06928253332461465,0.008005383303388954,0.13457582527376533,0.4938968428194783,0.4879067196211164,0.4357579616705422,1.0588383221185096,1.0581247139968966,1.0519121911533411,0.0069261309651684755,0.006212522843555446,0.0007136081216130297,0.493896842819463,1.0588383221185074,0.0,0.0
main,dfl_mlp,2278-01-01,2277-10-01,0.0039896018723245,0.008865781938498888,0.0082079877565484,0.0324299320327049,0.105018193430026,0.018927813321352006,0.002522523990550184,0.07358867670478797,0.008517515994608402,0.13764119780678505,0.5202702551121621,0.5159106513668027,0.42865441590580156,1.066648691019741,1.0660902084231711,1.0549123372693952,0.011736353750345874,0.011177871153775998,0.0005584825965698759,0.5202702551121621,1.0666486910197408,0.0,0.0
main,dfl_mlp,2278-04-01,2278-01-01,0.0038376087653876,0.00852801947863911,0.0091444139703649,0.0360789856827445,0.1082847462207566,0.013687665574252605,0.001118353497933154,0.05363677171935588,0.006159449508413672,0.12276770927945568,0.5119741600010994,0.5058405113853729,0.46501118711321615,1.066364093639463,1.065569026108936,1.0602765693583307,0.006087524281132239,0.00529245675060519,0.0007950675305270494,0.5119741600010994,1.066364093639463,0.0,0.0
main,dfl_mlp,2278-07-01,2278-04-01,0.0033492980378083,0.007442884528462888,0.0060445938290999,0.023960034702155,0.0965940264703706,0.012306908890604974,0.0004589524437152582,0.04832630860163567,0.0055381090007722384,0.11853869537652945,0.5460204449487017,0.543390873356117,0.47631891532973386,1.073443582702683,1.0730898868648815,1.0640682376905468,0.009375345012136105,0.009021649174334678,0.00035369583780142655,0.5460204449487015,1.0734435827026827,0.0,0.0
main,dfl_mlp,2278-10-01,2278-07-01,0.0038797493887566,0.008621665308347999,0.0078883137839553,0.0311818617145833,0.1038643147707393,0.008478157874196767,0.0006454564063243568,0.03348378897603188,0.0038151710433885454,0.10597662315542933,0.5237135756210648,0.5195463963342751,0.5129219287449027,1.0676651064553453,1.0671266964480717,1.0662707986338646,0.0013943078214806448,0.0008558978142070295,0.0005384100072736153,0.5237135756210648,1.0676651064553448,0.0,0.0
main,dfl_mlp,2279-01-01,2278-10-01,0.0022129005860143,0.004917556857809555,0.0044405700568572,0.017644318112432,0.0886578864381978,0.011947542801499367,0.00041682732937829817,0.04694050990588572,0.005376394260674715,0.11741652710729031,0.574478930833635,0.5712627291516928,0.4794009243981447,1.0837998127531046,1.083330662216405,1.0699306894335239,0.013869123319580678,0.013399972782881076,0.00046915053669960294,0.574478930833635,1.083799812753104,0.0,0.0
main,dfl_mlp,2279-04-01,2279-01-01,0.0011523582325834,0.002560796072407556,0.0026423214823117,0.0105274684969094,0.0752137540587169,0.008055608719587326,0.00020908930173716897,0.03183516468125924,0.003625023923814297,0.10447101702149712,0.6266994725229681,0.6234677995033517,0.5176296316123103,1.0980636884186834,1.0975580078014795,1.0809968304366926,0.017066857981990813,0.016561177364786905,0.0005056806172039074,0.6266994725229681,1.0980636884186834,0.0,0.0
main,dfl_mlp,2279-07-01,2279-04-01,0.0010386228315738,0.0023080507368306667,0.0020930876820189,0.0083461012920174,0.0690559530483652,0.0049443488009274,0.0005190356766755231,0.019631198585457033,0.00222495696041733,0.09140337901710033,0.6523388022112535,0.6499852828063429,0.5613982004295566,1.1028175775323572,1.1024466319623691,1.0884840877864597,0.014333489745897543,0.013962544175909475,0.00037094556998806816,0.6523388022112535,1.1028175775323548,0.0,0.0
main,dfl_mlp,2279-10-01,2279-07-01,0.0008395071334829,0.0018655714077397778,0.0019232309256536,0.0076707592404913,0.0668183354903802,0.003028138028457761,8.817511668575856e-05,0.012057645377732129,0.0013626621128059926,0.07878840075813141,0.6628757130034152,0.6601061631254911,0.6088878075143789,1.1057982308877845,1.1053561970770835,1.0971814950834249,0.008616735804359621,0.008174701993658662,0.00044203381070095915,0.6628757130034152,1.1057982308877845,0.0,0.0
