split,model,date,feature_date,c_q_realised,pd_q_realised,pd_q_true,pd_a_true,k_irb_true,pd_q_hat,pd_q_hat_std,pd_a_hat,c_q_hat,k_irb_hat,alpha_oracle,alpha_bayes,alpha_hat,utility_oracle,utility_bayes_realised,utility,regret,regret_vs_bayes,regret_irreducible,alpha_oracle_panel,utility_oracle_panel,shortfall_realised_at_hat,shortfall_predicted_at_hat
main,dfl_linear,2205-01-01,2204-10-01,0.001108485905089,0.002463302011308889,0.0030294976156542,0.0120630344607333,0.0788001227338899,0.0035108590964227915,,0.01396965254543292,0.0015798865933902562,0.08263043090662246,0.6130884200361235,0.608840902145873,0.5938105547069105,1.0962028558442354,1.0955363559758025,1.093177866888904,0.0030249889553313203,0.0023584890868983965,0.0006664998684329237,0.6130884200361232,1.096202855844235,0.0,0.0
main,dfl_linear,2205-04-01,2205-01-01,0.000825074562289,0.001833499027308889,0.002128649770699,0.0084874507441113,0.0695017803290689,0.007723337970674038,,0.030537291415001055,0.0034755020868033172,0.10325946837312669,0.651351830293593,0.6480011080487926,0.5214685672522057,1.1040529692265673,1.1035176938463356,1.0833042147996397,0.020748754426927585,0.020213479046695904,0.0005352753802316812,0.651351830293593,1.1040529692265673,0.0,0.0
main,dfl_linear,2205-07-01,2205-04-01,0.0007897125308338,0.0017549167351862223,0.0018023114999266,0.0071897794466847,0.065105957680518,0.005600213538855314,,0.02221338136609896,0.0025200960924848916,0.0946053937735297,0.6707102818342564,0.6680406870216903,0.5501924353183713,1.1073826442069192,1.106955234403165,1.0880873905280775,0.019295253678841773,0.018867843875087553,0.00042740980375421955,0.6707102818342564,1.1073826442069188,0.0,0.0
main,dfl_linear,2205-10-01,2205-07-01,0.0009297346517341,0.0020660770038535554,0.001925890756271,0.0076813372530374,0.0668548327569975,0.0053044757805764675,,0.0210496745687192,0.0023870141012594104,0.09320610376119924,0.6623193412951117,0.6599388660138555,0.5550504991476888,1.105111836916421,1.104734049172735,1.0880879870316127,0.017023849884808318,0.01664606214112241,0.00037778774368590895,0.6623193412951117,1.1051118369164206,0.0,0.0
main,dfl_linear,2206-01-01,2205-10-01,0.0007933008565608,0.0017628907923573332,0.0026720990332568,0.0106456317189437,0.0755087430056115,0.005932298023253679,,0.023518872977027372,0.002669534110464156,0.09610309592835864,0.6269511988284621,0.6222432191863146,0.5450588132472242,1.1003541921726572,1.0996006000356042,1.0872459243912833,0.013108267781373861,0.012354675644320912,0.0007535921370529497,0.6269511988284621,1.1003541921726572,0.0,0.0
main,dfl_linear,2206-04-01,2206-01-01,0.001474800327299,0.0032773340606644446,0.003945531709204,0.0156889689555158,0.085634227797613,0.004895620513707399,,0.019439148214432156,0.0022030292311683297,0.091150044735586,0.5871679316818885,0.5824143049939694,0.5622983612640294,1.089984657944318,1.0892561551626991,1.086173346620038,0.00381131132427992,0.003082808542661075,0.000728502781618845,0.5871679316818885,1.0899846579443175,0.0,0.0
main,dfl_linear,2206-07-01,2206-04-01,0.0020244564710023,0.004498792157782889,0.0044068963990517,0.0175114031444941,0.0884634667304149,0.0065629747696220875,,0.025994592134817363,0.0029533386463299395,0.09877345600052578,0.5757452637955617,0.5719705253847011,0.5360742985501419,1.0850694920682558,1.084511753951253,1.0792078913300454,0.005861600738210404,0.005303862621207633,0.0005577381170027707,0.5757452637955617,1.085069492068255,0.0,0.0
main,dfl_linear,2206-10-01,2206-07-01,0.0021047902320725,0.004677311626827778,0.004113353386026,0.0163521735877862,0.0867013027068293,0.010723501443862915,,0.0422089641837845,0.004825575649738312,0.11352056527473531,0.5813747518362679,0.5784433022095479,0.4903791100708302,1.0854342393201075,1.0850034566482196,1.0720622388830046,0.01337200043710296,0.012941217765215063,0.0004307826718878971,0.5813747518362679,1.0854342393201073,0.0,0.0
main,dfl_linear,2207-01-01,2206-10-01,0.0015881415630261,0.0035292034733913334,0.0038153851899762,0.0151744197278607,0.0847732976688375,0.007864006794989109,,0.0310869130608159,0.003538803057745099,0.10377561893502596,0.5897567234400035,0.5856472391946552,0.5198275621787181,1.089712957892229,1.0890878289663364,1.079075432874999,0.010637525017230143,0.010012396091337417,0.0006251289258927262,0.5897567234400035,1.0897129578922289,0.0,0.0
main,dfl_linear,2207-04-01,2207-01-01,0.0017728289344466,0.003939619854325778,0.0041712923422757,0.0165810613041302,0.0870591795545866,0.007026082836091518,,0.027809521261187187,0.0031617372762411835,0.10061917936837232,0.5812871665517264,0.577120274022934,0.529990616646083,1.0873510168998362,1.0867248508314165,1.0796425965947882,0.007708420305047925,0.007082254236628227,0.0006261660684196979,0.5812871665517264,1.0873510168998357,0.0,0.0
main,dfl_linear,2207-07-01,2207-04-01,0.0015941363588965,0.003542525241992222,0.0035776844837611,0.0142341219885763,0.0831172265521846,0.008026647381484509,,0.031722091499403415,0.0036119913216680287,0.10436644587697884,0.5955523021604364,0.5919411987044529,0.5179591965056489,1.0905588709779686,1.090009771510512,1.0787601691372042,0.01179870184076437,0.011249602373307743,0.0005490994674566263,0.5955523021604362,1.090558870977968,0.0,0.0
main,dfl_linear,2207-10-01,2207-07-01,0.0032765913691527,0.007281314153672666,0.0063585319967021,0.0251925691026566,0.0979297957593443,0.007960469461977482,,0.03146367717825527,0.003582211257889867,0.10412678335557324,0.542280562130349,0.5388895011607858,0.5187157841096167,1.073334816342543,1.0728762293107077,1.070148055117847,0.0031867612246958554,0.002728174192860644,0.00045858703183521143,0.542280562130349,1.073334816342543,0.0,0.0
main,dfl_linear,2208-01-01,2207-10-01,0.0017763042034112,0.003947342674247111,0.0050877533227153,0.0201962280083179,0.0921354193432513,0.010132228955626488,,0.039917093683485394,0.00455950303003192,0.11159211593695266,0.5646153623214532,0.5588083791617289,0.49597763819755053,1.0848260944559827,1.0839536709711064,1.0745141715819058,0.010311922874076895,0.009439499389200634,0.0008724234848762613,0.5646153623214532,1.0848260944559829,0.0,0.0
main,dfl_linear,2208-04-01,2208-01-01,0.0015520359209546,0.003448968713232444,0.0054568029059741,0.0216492004918043,0.0939351873362121,0.009782129898667336,,0.038558114256551534,0.004401958454400301,0.11043335089995153,0.5596371022981602,0.552511787198065,0.4993953405802604,1.085333264331434,1.0842467988444524,1.0761476221441046,0.009185642187329313,0.008099176700347765,0.001086465486981547,0.5596371022981602,1.0853332643314335,0.0,0.0
main,dfl_linear,2208-07-01,2208-04-01,0.0034121073983409,0.0075824608852019994,0.0083654432347557,0.0330442258749523,0.1055785123629606,0.007766751106828451,,0.03070694028896137,0.003495037998072803,0.10341929065108547,0.5203167508967405,0.5141599411480916,0.5209595665513073,1.0696594477984978,1.06883518072166,1.0573913106604842,0.012268137138013557,0.011443870061175865,0.0008242670768376925,0.5203167508967405,1.0696594477984975,0.001235419660747361,0.0
main,dfl_linear,2208-10-01,2208-07-01,0.0018557734208431,0.004123940935206889,0.0063281375259748,0.0250732902022698,0.0978026844923525,0.01461661048233509,,0.057197015553713815,0.006577474717050791,0.12554160625198288,0.5468710605851903,0.5393155221512994,0.4578459166673478,1.0817256503896893,1.0805965336068528,1.0684215311701863,0.013304119219502919,0.012175002436666471,0.001129116782836448,0.5468710605851903,1.0817256503896888,0.0,0.0
main,dfl_linear,2209-01-01,2208-10-01,0.0025474746026976,0.0056610546726613325,0.0054985505894657,0.0218134620662575,0.0941318559234863,0.010066276416182518,,0.03966119593162676,0.0045298243872821334,0.11137484596942478,0.5559282334030703,0.5518297578878941,0.4966153748502489,1.0792338126565473,1.078649676392844,1.0707802324274402,0.008453580229107027,0.007869443965403677,0.0005841362637033498,0.5559282334030703,1.0792338126565466,0.0,0.0
main,dfl_linear,2209-04-01,2209-01-01,0.0013706724539854,0.003045938786634222,0.0034668635992847,0.0137955060683037,0.0823044916125359,0.008138669654726982,,0.032159402923921165,0.003662401344627142,0.10476989924552038,0.5992503379126464,0.5950672001766245,0.5166895350032021,1.0924602974571416,1.0918148674341492,1.0797217207516239,0.012738576705517701,0.012093146682525369,0.0006454300229923327,0.5992503379126464,1.0924602974571411,0.0,0.0
main,dfl_linear,2209-07-01,2209-04-01,0.0022888051544627,0.005086233676583778,0.0050302896669413,0.0199698442847412,0.0918444471403798,0.006072852294892073,,0.024071026465369627,0.002732783532701433,0.09671642502840148,0.5639100246145317,0.5598357760633873,0.5429761558485684,1.081830082425332,1.081238860279584,1.078792327939994,0.00303775448533794,0.002446532339589913,0.0005912221457480271,0.5639100246145317,1.081830082425332,0.0,0.0
main,dfl_linear,2209-10-01,2209-07-01,0.0032964038656676,0.007325341923705778,0.0060842721365262,0.0241158778904437,0.0967657619766427,0.008688519708812237,,0.03430375448650447,0.003909833868965507,0.10671336601150794,0.5456663611240278,0.5428091181857285,0.5106437513437592,1.0736845816470966,1.0732987511001315,1.0689552698666658,0.004729311780430789,0.004343481233465729,0.00038583054696506025,0.5456663611240278,1.073684581647096,0.0,0.0
main,dfl_linear,2210-01-01,2209-10-01,0.0018033391239206,0.004007420275379111,0.0044157426364426,0.0175463218738105,0.0885146872056579,0.01593252271413803,,0.062223132321666985,0.007169635221362114,0.12937260134186876,0.5763089936024567,0.5717839324863866,0.44825649674278667,1.0864271053689065,1.085748497298894,1.0672235066715097,0.01920359869739685,0.01852499062738433,0.0006786080700125208,0.5763089936024567,1.0864271053689063,0.0,0.0
main,dfl_linear,2210-04-01,2210-01-01,0.0018877053391632,0.004194900753696,0.0064090269147621,0.025390705235047,0.0981399801927678,0.00790161918848753,,0.031233832709839704,0.0035557286348193886,0.1039128060673702,0.5457690440799354,0.5381861204493319,0.5193927795331459,1.0813866880208323,1.08025590010513,1.0774533817310932,0.003933306289739091,0.0028025183740367776,0.0011307879157023137,0.5457690440799354,1.0813866880208318,0.0,0.0
main,dfl_linear,2210-07-01,2210-04-01,0.0017593957983637,0.0039097684408082225,0.0048296915940283,0.0191792609346704,0.0908034067287465,0.011105007492005825,,0.04368556554253955,0.0049972533714026214,0.11474785400903158,0.5689485903608527,0.5635333323170643,0.4868734381676186,1.085573305586965,1.0847588180581014,1.07322870679769,0.012344598789274963,0.011530111260411369,0.0008144875288635944,0.5689485903608527,1.0855733055869647,0.0,0.0
main,dfl_linear,2210-10-01,2210-07-01,0.0015524384908304,0.0034498633129564442,0.0050405968130991,0.0200104531876537,0.0918968669773859,0.00854775682091713,,0.03375513520351403,0.0038464905694127085,0.10622125748518012,0.5660933637162756,0.5596504931548183,0.5121636090541726,1.0863154338319663,1.0853330531801515,1.078092461318118,0.008222972513848292,0.007240591862033519,0.0009823806518147737,0.5660933637162756,1.0863154338319658,0.0,0.0
main,dfl_linear,2211-01-01,2210-10-01,0.0014392163327345,0.0031982585171877777,0.0030919113982232,0.0123104042385885,0.0793322597025108,0.010175054892897606,,0.0400832321649629,0.004578774701803923,0.11173295482137013,0.6098621606402133,0.6067175182452688,0.4955650029818062,1.0936796071644543,1.0931965654490576,1.076122668038713,0.0175569391257413,0.017073897410344596,0.0004830417153967037,0.6098621606402129,1.093679607164454,0.0,0.0
main,dfl_linear,2211-04-01,2211-01-01,0.0020585220799084,0.004574493510907556,0.0039613039700175,0.0157513127009812,0.0857365217302348,0.0063627054914832115,,0.025208946551564027,0.0028632174711674453,0.09794721437456641,0.584812265412065,0.5820319157585786,0.5388311567527706,1.086209970979707,1.085800106349437,1.079431675999284,0.00677829498042315,0.006368430350152998,0.0004098646302701514,0.584812265412065,1.0862099709797068,0.0,0.0
main,dfl_linear,2211-07-01,2211-04-01,0.0020277759238647,0.004506168719699333,0.0027834388575351,0.0110873564379997,0.0765818439782166,0.00742054358124733,,0.029353418923756425,0.0033392446115612985,0.10213074552994311,0.6180102252339125,0.6178215613478778,0.525085631890083,1.091293855284982,1.0912659854329858,1.077566826134394,0.013727029150587988,0.013699159298591779,2.7869851996209505e-05,0.6180102252339124,1.0912938552849816,0.0,0.0
main,dfl_linear,2211-10-01,2211-07-01,0.0011947764509305,0.0026550587798455554,0.0022000746972988,0.0087712993900627,0.0703752237189658,0.006638017483055592,,0.026288858305206553,0.002987107867375016,0.09907842116928842,0.6461200377051932,0.6441440610941808,0.5350619701981079,1.1008284762792275,1.1005201207118012,1.0834976165754704,0.01733085970375714,0.017022504136330774,0.00030835556742636605,0.6461200377051932,1.100828476279227,0.0,0.0
main,dfl_linear,2212-01-01,2211-10-01,0.0011801025865219,0.002622450192270889,0.0025447927315252,0.0101403809838904,0.0742226298947,0.005041593220084906,,0.020014378843154823,0.0022687169490382074,0.09190192913725974,0.6305061602638896,0.6276115531236751,0.5596326052377465,1.0984844154188793,1.0980322807530545,1.087414038830511,0.011070376588368402,0.01061824192254357,0.00045213466582483264,0.6305061602638896,1.0984844154188789,0.0,0.0
main,dfl_linear,2212-04-01,2212-01-01,0.0010604515258071,0.0023565589462379998,0.0021880932755144,0.0087236884702347,0.0702307027706004,0.004749547690153122,,0.01886326959722251,0.002137296460568905,0.09037580932827748,0.6472862464498764,0.6447795119129378,0.5650619867110158,1.101879932526762,1.101485383829201,1.0889382053076178,0.012941727219144328,0.012547178521583158,0.00039454869756117006,0.6472862464498764,1.1018799325267616,0.0,0.0
main,dfl_linear,2212-07-01,2212-04-01,0.001780850422317,0.0039574453829266665,0.0029766599759666,0.0118535822965206,0.078340383224592,0.005811668932437897,,0.023044806782283933,0.0026152510195970534,0.0955673048018917,0.6122902473297005,0.6106848988272422,0.5468875038899015,1.091960788096013,1.0917196784031855,1.0821378522308813,0.00982293586513161,0.009581826172304186,0.00024110969282742367,0.6122902473297005,1.0919607880960127,0.0,0.0
main,dfl_linear,2212-10-01,2212-07-01,0.0017811117700162,0.003958026155591555,0.0031102793346829,0.0123831945732583,0.0794866750813382,0.006874681916087866,,0.027216457546323847,0.00309360686223954,0.10002494872410976,0.6080217980244044,0.6061035428846844,0.5319379580256995,1.0913181142592232,1.0910300136638222,1.079891167368738,0.01142694689048529,0.011138846295084326,0.0002881005954009641,0.6080217980244044,1.0913181142592228,0.0,0.0
main,dfl_linear,2213-01-01,2212-10-01,0.0010001608290034,0.0022225796200075554,0.0020159113947739,0.0080392949399102,0.0680621333692535,0.006427308078855276,,0.02546243092985856,0.002892288635484874,0.09821577603890347,0.6567614044802221,0.6544466004648029,0.5379327997097281,1.1037672456450536,1.103401510333493,1.0849925172021764,0.018774728442877198,0.01840899313131672,0.0003657353115604778,0.6567614044802221,1.1037672456450534,0.0,0.0
main,dfl_linear,2213-04-01,2213-01-01,0.0006081986231529,0.0013515524958953333,0.0022246927838421,0.0088691196052923,0.0706697046517162,0.004398571327328682,,0.01747854076086064,0.001979357097297907,0.08841516844026553,0.6473417604388453,0.6428525739834414,0.5721465521572623,1.1048162920796432,1.1040894119253473,1.0926408333097828,0.01217545876986037,0.011448578615564475,0.0007268801542958947,0.6473417604388453,1.1048162920796425,0.0,0.0
main,dfl_linear,2213-07-01,2213-04-01,0.0009477670745016,0.002106149054448,0.0019354652077601,0.0077194136647936,0.0669858089896871,0.004709767177700996,,0.018706394664025683,0.0021193952299654486,0.09016094479390571,0.6616663225979409,0.6593391112486936,0.5658323229864701,1.1048888866478053,1.104519971684054,1.0896970578075735,0.015191828840231736,0.014822913876480381,0.00036891496375135446,0.6616663225979409,1.1048888866478053,0.0,0.0
main,dfl_linear,2213-10-01,2213-07-01,0.0007104353316769,0.0015787451815042221,0.0016395426296161,0.0065420595400508,0.0626220586319915,0.005823108367621899,,0.023089770587930047,0.0026203987654298544,0.09561850343829907,0.6824424853735098,0.6798572035647685,0.546712383399578,1.1098020250082823,1.109386064419806,1.0879636424768055,0.02183838253147674,0.02142242194300037,0.00041596058847637174,0.6824424853735098,1.1098020250082818,0.0,0.0
main,dfl_linear,2214-01-01,2213-10-01,0.0006372760709415,0.0014161690465366666,0.0019479872144355,0.0077692104859685,0.0671561663528081,0.004587914794683456,,0.01822575124607506,0.0020645616576075556,0.08949148628985128,0.6622804041587466,0.6585604605363903,0.5682419704290571,1.1070425533604311,1.1064413091424328,1.0918433809294907,0.015199172430940378,0.014597928212942035,0.0006012442179983424,0.6622804041587466,1.107042553360431,0.0,0.0
main,dfl_linear,2214-04-01,2214-01-01,0.0007461354952337,0.001658078878297111,0.0017148145469576,0.0068416348158595,0.063797861667875,0.00361223379150033,,0.014370834131030352,0.0016255052061751485,0.08336510275019708,0.6768464496194019,0.6742172319739725,0.5909927261190023,1.10866001192722,1.1082379208888873,1.0948771714841692,0.013782840443050892,0.013360749404718097,0.0004220910383327947,0.6768464496194019,1.10866001192722,0.0,0.0
main,dfl_linear,2214-07-01,2214-04-01,0.0006072533701547,0.0013494519336771109,0.0014813039483158,0.0059120632215968,0.0599818410703005,0.004705640487372875,,0.018690119933773786,0.002117538219317794,0.09013855372486697,0.6954630261449484,0.6928379468987029,0.565912684362428,1.1126145657279063,1.1121894932967291,1.091636807124964,0.020977758602942265,0.02055268617176509,0.00042507243117717586,0.6954630261449484,1.1126145657279063,0.0,0.0
main,dfl_linear,2214-10-01,2214-07-01,0.0004840352604949,0.001075633912210889,0.0013991566998454,0.0055848919149023,0.0585114114051006,0.003509985050186515,,0.013966193050642395,0.0015794932725839317,0.0826239982732051,0.7032573915604262,0.7002651949636737,0.5938353160977827,1.1147432280349625,1.1142550222932992,1.096889960785243,0.017853267249719584,0.01736506150805628,0.00048820574166330566,0.7032573915604262,1.114743228034962,0.0,0.0
main,dfl_linear,2215-01-01,2214-10-01,0.0009397445667588,0.002088321259464,0.0019818189545896,0.0079037412999386,0.0676111861110032,0.0037902728654444218,,0.015075112051816775,0.00170562278944999,0.08460360288245547,0.658974532605756,0.6564886242038613,0.5862875887887086,1.1045150441112803,1.1041207726889033,1.09298670915528,0.011528334956000252,0.011134063533623229,0.00039427142237702384,0.658974532605756,1.10451504411128,0.0,0.0
main,dfl_linear,2215-04-01,2215-01-01,0.0004920180754821,0.0010933735010713334,0.0015683403633377,0.0062586187288631,0.061463632563297,0.0050239902921020985,,0.01994502489227068,0.0022607956314459445,0.09181236015124881,0.6889156411464853,0.6854977639106327,0.5599492372165897,1.1123482382333454,1.1117908514315202,1.0913164203917574,0.02103181784158803,0.020474431039762875,0.0005573868018251549,0.6889156411464853,1.1123482382333452,0.0,0.0
main,dfl_linear,2215-07-01,2215-04-01,0.0004845762285822,0.001076836063516,0.0016339395932666,0.0065197572632693,0.0625325695520748,0.0044625867158174515,,0.017731213869447315,0.0020081640221178533,0.08878419776881034,0.6839143105000065,0.6802899485114213,0.5708035460927059,1.1115835179914462,1.110992187973998,1.0931290174473052,0.018454500544140995,0.01786317052669273,0.0005913300174482661,0.6839143105000065,1.1115835179914455,0.0,0.0
main,dfl_linear,2215-10-01,2215-07-01,0.0009760097036318,0.002168910452515111,0.0016543067288353,0.0066008246329017,0.0628565349281913,0.005338774528354406,,0.02118469089420827,0.002402448537759483,0.0933718847392661,0.680121530534424,0.6787257194756052,0.5544718061665539,1.107622364995278,1.1074014919887745,1.087739564803893,0.019882800191385108,0.019661927184881467,0.00022087300650364128,0.680121530534424,1.1076223649952774,0.0,0.0
main,dfl_linear,2216-01-01,2215-10-01,0.0007006477554777,0.0015569950121726668,0.0016565208566659,0.0066096372334217,0.0628915336695619,0.005208950024098158,,0.02067356573916801,0.002344027510844171,0.09273921581930306,0.6812351850233971,0.6785571197333188,0.55668481892501,1.10967445205054,1.1092433008861515,1.0896226498905186,0.020051802160021337,0.019620650995632927,0.0004311511643884103,0.6812351850233971,1.1096744520505395,0.0,0.0
main,dfl_linear,2216-04-01,2216-01-01,0.0006103513429109,0.0013563363175797777,0.0016952920958817,0.0067639437727067,0.0634975378493128,0.005376593209803104,,0.02133354717723912,0.002419466944411397,0.09355357476526313,0.6788502617438087,0.6756497632299401,0.5538385496587026,1.1099034722840524,1.1093853228193815,1.089664515317262,0.020238956966790456,0.019720807502119575,0.0005181494646708806,0.6788502617438087,1.1099034722840522,0.0,0.0
main,dfl_linear,2216-07-01,2216-04-01,0.0005996225511624,0.0013324945581386666,0.0015042067264949,0.0060032646875046,0.060379088391332,0.005007285159081221,,0.019879204768421865,0.0022532783215865495,0.09172708563085528,0.693583671114898,0.690856132167311,0.5602509201691951,1.1123631726441179,1.1119213010395446,1.0907627637279953,0.021600408916122582,0.021158537311549264,0.0004418716045733184,0.693583671114898,1.112363172644118,0.0,0.0
main,dfl_linear,2216-10-01,2216-07-01,0.0007161867754913,0.0015915261677584445,0.0014834326811891,0.0059205403424009,0.0600189907670351,0.004896312952041626,,0.01944187748476045,0.002203340828418732,0.09115366153063656,0.6947571809113077,0.6926521716425906,0.5622854953980538,1.1117434473416368,1.1114048815824975,1.0904369488683265,0.02130649847331023,0.020967932714170967,0.00033856575913926434,0.6947571809113077,1.1117434473416368,0.0,0.0
main,dfl_linear,2217-01-01,2216-10-01,0.000831627784128,0.0018480617425066666,0.0015644088369023,0.0062429664063462,0.0613982965103291,0.004762571305036545,,0.018914624293252746,0.002143157087266445,0.09044577079056201,0.68761637875452,0.6858184250212248,0.564811478541186,1.109801142776822,1.1095140388324196,1.0901911992114266,0.01960994356539536,0.019322839620993015,0.0002871039444023449,0.68761637875452,1.1098011427768215,0.0,0.0
main,dfl_linear,2217-04-01,2217-01-01,0.0004452020657425,0.0009893379238722223,0.0015477310402024,0.0061765661570162,0.0611194921951805,0.004320306703448296,,0.01716955872030068,0.001944138016551733,0.08795650853591416,0.6907761540557216,0.6871898279003442,0.5738220211011822,1.1129750441738486,1.1123885077778728,1.0938474320533706,0.019127612120477977,0.018541075724502143,0.0005865363959758341,0.6907761540557216,1.1129750441738482,0.0,0.0
main,dfl_linear,2217-07-01,2217-04-01,0.0007365489414806,0.0016367754255124445,0.0017112137650991,0.0068273055799872,0.0637427075984905,0.0046211606822907925,,0.01835690625868791,0.0020795223070308568,0.08967586986502485,0.6771431532833011,0.6744799006015824,0.5675768602869005,1.108772559023778,1.108344748732685,1.0911724311716673,0.017600127852110736,0.01717231756101767,0.000427810291093067,0.6771431532833007,1.1087725590237774,0.0,0.0
main,dfl_linear,2217-10-01,2217-07-01,0.00118625844599,0.002636129879977778,0.001835167908606,0.0073204892977819,0.0655818138837789,0.005160874221473932,,0.02048423827186474,0.0023223933996632698,0.0925012740308228,0.6668085874548478,0.6658188169634197,0.5575203133245463,1.1041137695051446,1.103959229298635,1.0870497808336015,0.01706398867154313,0.016909448465033616,0.0001545402065095125,0.6668085874548304,1.1041137695051415,0.0,0.0
main,dfl_linear,2218-01-01,2217-10-01,0.0005236078663953,0.001163573036434,0.0013905292017673,0.005550526129315,0.0583526770368312,0.005744973663240671,,0.02278262367434658,0.002585238148458302,0.09526712804886504,0.7038472260051659,0.7010757230206989,0.5479158316949848,1.1145609345260996,1.1141098338323523,1.0891809293287773,0.02538000519732231,0.02492890450357499,0.0004511006937473194,0.7038472260051659,1.114560934526099,0.0,0.0
main,dfl_linear,2218-04-01,2218-01-01,0.0004423197001534,0.0009829326670075555,0.0013690180031738,0.0054648370107349,0.0579531954922929,0.00473790243268013,,0.01881734833046944,0.0021320560947060588,0.09031309334335604,0.7062370536769101,0.703123210535186,0.5652866849256213,1.115523999399525,1.1150146468933624,1.0924677886977343,0.023056210701790647,0.022546858195628072,0.0005093525061625748,0.7062370536769101,1.1155239993995243,0.0,0.0
main,dfl_linear,2218-07-01,2218-04-01,0.0006784284666652,0.0015076188148115555,0.0012744094580429,0.0050879013919066,0.0561305473027488,0.004549608565866947,,0.018074616894670492,0.0020473238546401262,0.08927738039198732,0.714239912096894,0.7126067616270325,0.5690156758926341,1.1151466983483282,1.1148834088270825,1.0917342692249195,0.023412429123408796,0.023149139602163027,0.00026328952124576865,0.7142399120968937,1.115146698348328,0.0,0.0
main,dfl_linear,2218-10-01,2218-07-01,0.0006975017589227,0.001550003908717111,0.001371137704221,0.0054732810127836,0.0579927973884023,0.003483634442090988,,0.01386189247302616,0.0015676354989409447,0.08242925808118454,0.7047698007551717,0.7029197472889197,0.5945856914701404,1.1134855447702454,1.113187639943383,1.0957431505106767,0.017742394259568695,0.017444489432706378,0.00029790482686231634,0.7047698007551717,1.1134855447702452,0.0,0.0
main,dfl_linear,2219-01-01,2218-10-01,0.0004659455267132,0.001035434503807111,0.0013578721037433,0.0054204355263418,0.0577440958432058,0.0033698617480695248,,0.013411464126284911,0.0015164377866312862,0.08156990403249512,0.7071633509364558,0.704199330957179,0.5979142575018574,1.115508446957081,1.1150243023190665,1.0976636405239018,0.017844806433179317,0.01736066179516471,0.0004841446380146053,0.7071633509364554,1.1155084469570806,0.0,0.0
main,dfl_linear,2219-04-01,2219-01-01,0.000380115680525,0.0008447015122777777,0.0011856278595983,0.0047340838225008,0.0543150424887709,0.004933028016239405,,0.01958658305664096,0.0022198626073077323,0.09134473654443906,0.7251886210234324,0.7222918107638507,0.5616063926022965,1.1190751326700434,1.118599479776465,1.0922151199960737,0.026860012673969758,0.02638435978039122,0.00047565289357853757,0.7251886210234321,1.119075132670043,0.0,0.0
main,dfl_linear,2219-07-01,2219-04-01,0.0006186651492342,0.0013748114427426666,0.0011361686061573,0.0045369350149787,0.0532553636396189,0.0027317695785313845,,0.01088238441228706,0.001229296310339123,0.07608959413984744,0.7295327944096992,0.7280589915468919,0.6198434565033297,1.1180481443095822,1.117809663333311,1.1002989452473646,0.017749199062217613,0.017510718085946397,0.0002384809762712159,0.7295327944096992,1.118048144309582,0.0,0.0
main,dfl_linear,2219-10-01,2219-07-01,0.0006071731947136,0.0013492737660302221,0.0011845804755379,0.0047299091637242,0.0542929728801561,0.0023453026078641415,,0.009348259336092624,0.0010553861735388638,0.07206641468628547,0.7241121807558174,0.7224110564812632,0.6367870430412235,1.1172542313057718,1.11697877119825,1.1031138229981698,0.014140408307601993,0.013864948200080107,0.00027546010752188543,0.7241121807558156,1.117254231305771,0.0,0.0
main,dfl_linear,2220-01-01,2219-10-01,0.0004940050824292,0.0010977890720648888,0.0013486102297578,0.0053835382295497,0.0575692283115225,0.0027873681392520666,,0.011102942594729881,0.00125431566266343,0.07661888177496055,0.707898279103722,0.705101602872248,0.6176698692057747,1.1154298574122241,1.1149738315280588,1.10071721748006,0.014712639932164207,0.014256614047998939,0.00045602588416526757,0.707898279103717,1.115429857412223,0.0,0.0
main,dfl_linear,2220-04-01,2220-01-01,0.0005894520311109,0.0013098934024686666,0.0011637116736225,0.0046467276472096,0.0538499346549368,0.002742040902376175,,0.010923133290411058,0.0012339184060692788,0.07618822759134009,0.72653620924811,0.724812560303167,0.6194374609535094,1.1177755007115133,1.117496087772477,1.1004142067451372,0.01736129396637609,0.017081881027339874,0.00027941293903621656,0.72653620924811,1.1177755007115129,0.0,0.0
main,dfl_linear,2220-07-01,2220-04-01,0.0005678299388868,0.0012618443086373332,0.00113739977539,0.0045418429161097,0.0532821845356649,0.002287797862663865,,0.009119835206408577,0.0010295090381987394,0.07140980828990841,0.729660629989597,0.7279119667946203,0.6396262778003234,1.1184397543289013,1.1181559083452963,1.1038252251681169,0.014614529160784429,0.014330683177179449,0.00028384598360498003,0.729660629989597,1.1184397543289009,0.0,0.0
main,dfl_linear,2220-10-01,2220-07-01,0.0005949741586652,0.0013221647970337778,0.00112080652672,0.0044756944935414,0.0529187504690372,0.0035356658045202494,,0.014067834262200929,0.0015910496120341122,0.0828122865565227,0.7314554465436862,0.7299090370485424,0.593111164146522,1.1185325441302552,1.118281948071954,1.0961138174177856,0.022418726712469583,0.02216813065416834,0.00025059605830124454,0.7314554465436862,1.118532544130255,0.0,0.0
main,dfl_linear,2221-01-01,2220-10-01,0.0006263407963853,0.0013918684364117777,0.0012284814556999,0.0049048782363334,0.0552047565078118,0.003699567634612322,,0.014716352088001705,0.001664805435575545,0.08398056170944365,0.719263543868185,0.7175151113336078,0.5886475597966927,1.1163312343610818,1.116048448841534,1.095205850231911,0.021125384129170754,0.02084259860962301,0.0002827855195477458,0.719263543868185,1.1163312343610818,0.0,0.0
main,dfl_linear,2221-04-01,2221-01-01,0.0004698305807563,0.0010440679572362222,0.0013028632930648,0.005201277299011,0.0566903345528149,0.00350450212135911,,0.013944491286552174,0.0015770259546115995,0.08258360689721043,0.7124528473997832,0.70966901771467,0.5939908351395744,1.1163447570126104,1.115890152908688,1.096999709713073,0.019345047299537343,0.018890443195614948,0.0004546041039223958,0.7124528473997832,1.1163447570126102,0.0,0.0
main,dfl_linear,2221-07-01,2221-04-01,0.0002893020789144,0.0006428935086986666,0.0013318858973388,0.0053169095165835,0.0572508739306938,0.0030791701283305883,,0.012259909469355845,0.0013856265577487648,0.07922456811633685,0.7105291573091348,0.7067497325485029,0.6071462948471773,1.1173133228045464,1.1166893133991636,1.1002440906812812,0.017069232123265277,0.016445222717882402,0.0006240094053828749,0.7105291573091348,1.117313322804546,0.0,0.0
main,dfl_linear,2221-10-01,2221-07-01,0.0005499561468379,0.0012221247707508889,0.0013603737920976,0.0054304015339631,0.0577911548517414,0.004718665033578873,,0.018741485099756927,0.002123399265110493,0.09020915833868516,0.7065085059231542,0.7039568735244118,0.5656593378052581,1.1148079420388328,1.1143933006550653,1.0919198904528609,0.022888051585971958,0.02247341020220439,0.00041464138376756665,0.7065085059231542,1.1148079420388326,0.0,0.0
main,dfl_linear,2222-01-01,2221-10-01,0.0005295304302385,0.001176734289418889,0.0012014580535852,0.004797178140756,0.0546466997316127,0.003364105010405183,,0.013388668987446284,0.0015138472546823323,0.08152559763380685,0.722667460701245,0.7205043025551261,0.5980866429713088,1.117581389283964,1.1172294332960535,1.097311505245455,0.020269884038509156,0.019917928050598555,0.00035195598791060156,0.722667460701245,1.117581389283964,0.0,0.0
main,dfl_linear,2222-04-01,2222-01-01,0.0004000976592345,0.0008891059094100001,0.0010844849329372,0.0043308881868308,0.0521081763533827,0.0023777324240654707,,0.009477061766517192,0.001069979590829462,0.07242950142339631,0.7368747319623581,0.7344003506728239,0.6352262000605928,1.1208467364156043,1.120440940300582,1.104176476452893,0.01667025996271132,0.01626446384768898,0.0004057961150223388,0.7368747319623576,1.1208467364156036,0.0,0.0
main,dfl_linear,2222-07-01,2222-04-01,0.0005266600088028,0.0011703555751173334,0.0010849428600204,0.0043327139409886,0.0521185271079389,0.0028376278933137655,,0.011302290111870894,0.0012769325519911944,0.07708781343126359,0.7361320763600967,0.7343426719750156,0.6157544708584899,1.119793275570338,1.119502079710936,1.1002038185537995,0.01958945701653847,0.01929826115713662,0.00029119585940184933,0.7361320763600967,1.1197932755703377,0.0,0.0
main,dfl_linear,2222-10-01,2222-07-01,0.00048123689436,0.0010694153208,0.0010665004964304,0.0042591822968247,0.0516989495295791,0.0026664866600185633,,0.010623361519363939,0.0011999189970083536,0.0754534094226066,0.7386605193750548,0.7366875952802844,0.622472621731134,1.1205402603117052,1.120218303502425,1.1015798325377704,0.018960427773934807,0.01863847096465454,0.00032195680928026604,0.7386605193750548,1.1205402603117045,0.0,0.0
main,dfl_linear,2223-01-01,2222-10-01,0.0007868678908899,0.0017485953130886665,0.0011412538297268,0.0045572065011389,0.053365995914202,0.0028854841366410255,,0.011492076463404222,0.0012984678614884615,0.07752619638387961,0.7280518019913862,0.7274528748639927,0.6139725214152131,1.1165838966781783,1.1164879898834903,1.0983162309678525,0.018267665710325787,0.018171758915637826,9.590679468796104e-05,0.7280518019913862,1.1165838966781707,0.0,0.0
main,dfl_linear,2223-04-01,2223-01-01,0.0010221195885231,0.0022713768633846666,0.0014679375575997,0.0058588338344038,0.0597475007507871,0.002987300744280219,,0.011895765737340969,0.0013442853349260985,0.07843366600263119,0.6945909752081209,0.6940119213193308,0.61031002768022,1.1095917334172485,1.1095003709871565,1.0962939863066368,0.013297747110611713,0.013206384680519712,9.136243009200129e-05,0.6945909752081202,1.1095917334172476,0.0,0.0
main,dfl_linear,2223-07-01,2223-04-01,0.0010348918843041,0.002299759742898,0.0025967376047664,0.0103465621361553,0.0747553591042848,0.004953992553055286,,0.019669203680992453,0.002229296648874879,0.09145323354254976,0.628969370134698,0.6253786353794525,0.5612212919787036,1.0991577012163467,1.098591618000034,1.088477143448748,0.010680557767598797,0.010114474551286001,0.000566083216312796,0.628969370134698,1.0991577012163465,0.0,0.0
main,dfl_linear,2223-10-01,2223-07-01,0.0013667843117332,0.0030372984705182224,0.0028939079903024,0.0115254806128214,0.0776025616223034,0.005341862328350544,,0.021196845271020726,0.002403838047757745,0.09338676241465456,0.6166393494176716,0.6136629629363224,0.5544199143371077,1.0951672808143544,1.0947079286689714,1.08556482119835,0.009602459616004477,0.009143107470621414,0.0004593521453830629,0.6166393494176713,1.0951672808143542,0.0,0.0
main,dfl_linear,2224-01-01,2223-10-01,0.0010655992180408,0.002367998262312889,0.0033701579646264,0.0134126370538042,0.0815721816476139,0.0051095508970320225,,0.02028209143492199,0.0022992979036644103,0.09224499007663946,0.602998891683272,0.597905397739305,0.558422177377669,1.094878262328218,1.094076831577269,1.0878643834439456,0.0070138788842724065,0.006212448133323445,0.0008014307509489615,0.602998891683272,1.0948782623282178,0.0,0.0
main,dfl_linear,2224-04-01,2224-01-01,0.0042808228221769,0.009512939604837555,0.005723365237222,0.0226976683370728,0.0951692513784946,0.007695778273046017,,0.03042958269518803,0.0034631002228707078,0.10315775858841335,0.54749497967297,0.5482517262134091,0.5217929004985373,1.0685418665449458,1.0548147576325777,1.065324177714714,0.0032176888302317685,-0.01050942008213629,0.013727108912368058,0.54749497967297,1.068541866544945,0.0,0.0
main,dfl_linear,2224-07-01,2224-04-01,0.0018927391665701,0.004206087036822444,0.0032156836336494,0.0128008237089447,0.0803542969317687,0.008205093443393707,,0.03241863747497531,0.003692292049527168,0.10500784639028686,0.604423029775804,0.6026718158752018,0.515943069863273,1.0901029175859986,1.089841859562085,1.0769129791765235,0.013189938409475133,0.012928880385561392,0.00026105802391374056,0.604423029775804,1.0901029175859986,0.0,0.0
main,dfl_linear,2224-10-01,2224-07-01,0.0008538490379458,0.001897442306546222,0.0022579396864333,0.0090012150165151,0.0710622352693054,0.005957582965493202,,0.02361821963856847,0.002680912334471941,0.09621427972402986,0.6446784645141723,0.6411379728630946,0.5446804249254521,1.102801401171283,1.102236829027803,1.0868555628193708,0.01594583835191221,0.015381266208432276,0.0005645721434799356,0.6446784645141723,1.1028014011712828,0.0,0.0
main,dfl_linear,2225-01-01,2224-10-01,0.00120826828736,0.0026850406385777775,0.0025904305838729,0.0103215298373867,0.0746912727081056,0.005095491651445627,,0.020226710918729407,0.0022929712431505322,0.09217436790629117,0.6285373253413838,0.625646547491937,0.5586710549647453,1.0979998534810318,1.097549131154337,1.0871064920462787,0.010893361434753057,0.010442639108058316,0.0004507223266947413,0.6285373253413838,1.0979998534810311,0.0,0.0
main,dfl_linear,2225-04-01,2225-01-01,0.0008611358876112,0.0019136353058026665,0.0021384698781157,0.0085264802883804,0.0696235880680591,0.004707896616309881,,0.018699017619438485,0.0021185534773394466,0.09015079767609568,0.6506827467880643,0.6474608245486219,0.5658687387138139,1.1037114388133085,1.1031979010057564,1.0901930493180831,0.013518389495225325,0.013004851687673291,0.0005135378075520336,0.6506827467880643,1.103711438813308,0.0,0.0
main,dfl_linear,2225-07-01,2225-04-01,0.0013687452023727,0.0030416560052726666,0.0030045580245573,0.0119641762962133,0.0785842006356278,0.00430649146437645,,0.017115009771661693,0.0019379211589694023,0.08787466555813724,0.6129218085340368,0.609705851799246,0.5741217261224518,1.0945815259851126,1.0940852635071852,1.0885941864064914,0.005987339578621187,0.005491077100693742,0.0004962624779274449,0.6129218085340365,1.0945815259851122,0.0,0.0
main,dfl_linear,2225-10-01,2225-07-01,0.0027560025617185,0.006124450137152222,0.0040703839729025,0.0161823972158942,0.0864324850764541,0.005166919436305761,,0.020508046459882245,0.0023251137463375926,0.0925313055263535,0.580085134300853,0.5794399693886094,0.5574147659170907,1.0814671414010635,1.081376534457315,1.078283315445999,0.003183825955064501,0.003093219011315984,9.060694374851685e-05,0.580085134300853,1.0814671414010633,0.0,0.0
main,dfl_linear,2226-01-01,2225-10-01,0.0012244487724437,0.002720997272097111,0.0024992586668384,0.0099596193094514,0.0737462496545045,0.008255857042968273,,0.03261671932275312,0.003715135669335723,0.10518907214303967,0.6322283437700738,0.6296195477049285,0.5153757155318279,1.0984730495590385,1.0980667151914894,1.0802726085870447,0.018200440971993803,0.017794106604444693,0.00040633436754911045,0.6322283437700734,1.0984730495590385,0.0,0.0
main,dfl_linear,2226-04-01,2226-01-01,0.0012304646560001,0.0027343659022224446,0.0025664090771965,0.0102261851462528,0.0744456858107459,0.0045180912129580975,,0.017950254459746295,0.002033141045831144,0.08909986372640262,0.6294210853322547,0.626675008222699,0.5696582903251515,1.097997938343393,1.0975703868972473,1.0886931488522,0.009304789491193066,0.008877238045047253,0.000427551446145813,0.6294210853322547,1.0979979383433929,0.0,0.0
main,dfl_linear,2226-07-01,2226-04-01,0.0006452566008776,0.001433903557505778,0.0017340019585185,0.006917988103211,0.0640899617232489,0.006275930907577276,,0.02486838699452243,0.002824168908409774,0.0975832877954327,0.6759715465401912,0.6728291511600131,0.5400520004141609,1.1092014687946472,1.1086938228843932,1.0872440148887352,0.021957453905911972,0.021449807995657988,0.0005076459102539843,0.6759715465401912,1.109201468794647,0.0,0.0
main,dfl_linear,2226-10-01,2226-07-01,0.0006386578656526,0.0014192397014502222,0.0016314709213924,0.0065099308642085,0.0624930523743124,0.00497850775718689,,0.019765810757496838,0.0022403284907341003,0.09157955365579673,0.6833788780388979,0.6804811929906218,0.5607733957601244,1.1104431985537309,1.1099748937591032,1.0906285070871917,0.019814691466539136,0.019346386671911464,0.00046830479462767194,0.6833788780388979,1.1104431985537309,0.0,0.0
main,dfl_linear,2227-01-01,2226-10-01,0.0006243705949619,0.0013874902110264445,0.0019650322594472,0.007836991262918,0.0673863633198277,0.0036085546016693115,,0.01435627619680968,0.0016238495707511901,0.08333882702757354,0.6613286990898617,0.6575108739990332,0.5910931592143607,1.1069740795139356,1.1063565222759104,1.0956130388730467,0.011361040640888831,0.010743483402863685,0.000617557238025146,0.6613286990898614,1.1069740795139351,0.0,0.0
main,dfl_linear,2227-04-01,2227-01-01,0.0007251998950464,0.0016115553223253333,0.0022883524140443,0.0091220382204799,0.0714162201348756,0.004490677732974291,,0.01784207564559226,0.002020804979838431,0.08894444819315189,0.6437433036673983,0.6395984496891616,0.5702217400115448,1.1034804492535586,1.1028141722619147,1.091662004861844,0.011818444391714644,0.011152167400070745,0.0006662769916438993,0.6437433036673983,1.1034804492535586,0.0,0.0
main,dfl_linear,2227-07-01,2227-04-01,0.0012100175219693,0.002688927826598444,0.0020991702626931,0.0083702789367121,0.0691327376111293,0.007778942119330168,,0.030754576048180993,0.0035005239536985756,0.10346408511563034,0.6512843830807746,0.6496427992898864,0.5208170465413013,1.101535121204443,1.101279198579081,1.0811952862983858,0.020339834906057286,0.020083912280695282,0.00025592262536200394,0.6512843768268047,1.10153512022945,0.0,0.0
main,dfl_linear,2227-10-01,2227-07-01,0.000536212580086,0.001191583511302222,0.0016865047911763,0.006728972553843,0.0633613150638387,0.0059833950363099575,,0.023719629613053406,0.002692527766339481,0.0963273914034932,0.6798210723133566,0.6763013467809502,0.544295860690018,1.1105646540368241,1.1099922133584683,1.0885231217180158,0.022041532318808343,0.02146909164045252,0.0005724406783558234,0.6798210723133566,1.1105646540368237,0.0,0.0
main,dfl_linear,2228-01-01,2227-10-01,0.0009988634751367,0.002219696611414889,0.0022570159277563,0.0089975449497342,0.0710514079206174,0.004050916060805321,,0.01610547034919463,0.0018229122273623944,0.08630971688311846,0.6441212530812903,0.6411851595122069,0.5798959670014212,1.1017784785850349,1.101314542431686,1.0916301534480708,0.010148325136964065,0.009684388983615122,0.0004639361533489428,0.6441212530812903,1.1017784785850346,0.0,0.0
main,dfl_linear,2228-04-01,2228-01-01,0.0010770837822917,0.0023935195162037774,0.0023096884730288,0.0092067951842206,0.0716617213808519,0.0047820210456848145,,0.018991314723892372,0.0021519094705581667,0.09054990609435483,0.6412771866681238,0.6385344346387897,0.5644388927100693,1.100827474783106,1.100396234179474,1.0887462542009647,0.012081220582141228,0.01164997997850925,0.00043124060363197714,0.6412771866681238,1.1008274747831055,0.0,0.0
main,dfl_linear,2228-07-01,2228-04-01,0.0004879660783728,0.0010843690630506666,0.0014735801337053,0.0058813046987975,0.0598466538978057,0.0045762574300169945,,0.018179759835450282,0.0020593158435076478,0.0894265188999215,0.6966960247379476,0.6935147524070887,0.5684765834435352,1.1136452918858821,1.1131263616641331,1.0927300931278168,0.020915198758065356,0.020396268536316375,0.0005189302217489811,0.6966960247379476,1.113645291885882,0.0,0.0
main,dfl_linear,2228-10-01,2228-07-01,0.0007158128301881,0.0015906951781957778,0.0010859316286595,0.0043366561505634,0.0521408651250706,0.0037221082020550966,,0.014805514345157866,0.0016749486909247936,0.0841368952374773,0.7349877963537815,0.7342182239871241,0.5880540723734067,1.118216812840818,1.1180930333809576,1.0945837176602398,0.023633095180578323,0.023509315720717794,0.00012377945986052907,0.7349877963537815,1.118216812840818,0.0,0.0
main,dfl_linear,2229-01-01,2228-10-01,0.0004327749730098,0.000961722162244,0.0011526141635035,0.0046024916608709,0.0536117375855135,0.002529021119698882,,0.010077773452892624,0.001138059503864497,0.0740586363673841,0.7286265681899605,0.7261098910465604,0.6283015946893488,1.119255950022087,1.1188440398108233,1.1028355358509736,0.016420414171113507,0.01600850395984965,0.0004119102112638551,0.7286265681899605,1.1192559500220864,0.0,0.0
main,dfl_linear,2229-04-01,2229-01-01,0.000360506840445,0.0008011263121,0.0011466466076007,0.0045787036684543,0.0534828918461976,0.003193314652889967,,0.012712205208961214,0.0014369915938004852,0.0801727453975145,0.7296958460222475,0.7268134601613834,0.6033873937217054,1.1199582986923844,1.1194844490659557,1.099193829316497,0.020764469375887495,0.020290619749458783,0.00047384962642871287,0.7296958460222398,1.1199582986923828,0.0,0.0
main,dfl_linear,2229-07-01,2229-04-01,0.0004466152298881,0.0009924782886402222,0.0011831550040653,0.0047242275047051,0.0542629112295128,0.0026639276184141636,,0.010613206979519063,0.0011987674282863737,0.07542813864192462,0.7251130675716982,0.7225735316148426,0.6225774362610186,1.1185805299583613,1.118165229871961,1.1018124836436625,0.01676804631469886,0.01635274622829863,0.00041530008640022764,0.7251130675716982,1.118580529958361,0.0,0.0
main,dfl_linear,2229-10-01,2229-07-01,0.0009655811794099,0.002145735954244222,0.0012329659869231,0.0049227502120768,0.0552963948900507,0.004001804161816835,,0.01591138611806331,0.001800811872817576,0.08599724423536946,0.7170413146321786,0.7170264677750426,0.5810589449964929,1.1135393248755243,1.1135369739619831,1.092007306945247,0.02153201793027737,0.021529667016736198,2.350913541171451e-06,0.7170413146321786,1.113539324875524,0.0,0.0
main,dfl_linear,2230-01-01,2229-10-01,0.0003812161447474,0.0008471469883275555,0.0012913931022723,0.0051555748440457,0.0564659128387674,0.002986283740028739,,0.011891734062536963,0.0013438276830129326,0.07842476573974495,0.714045326867727,0.7108440790097695,0.6103457785097416,1.117237558846944,1.1167119528804748,1.1002113541431733,0.01702620470377081,0.016500598737301475,0.0005256059664693336,0.714045326867727,1.1172375588469436,0.0,0.0
main,dfl_linear,2230-04-01,2230-01-01,0.0007236575021444,0.001608127782543111,0.00146458158433,0.0058454689035216,0.0596883702012186,0.0032115469221025705,,0.01278443587624567,0.0014451961149461567,0.08032082482858367,0.696320490495795,0.6943087224302693,0.6028036450959275,1.1119428669348521,1.1116194482103754,1.0969087785751792,0.015034088359672904,0.014710669635196183,0.0003234187244767206,0.696320490495795,1.111942866934852,0.0,0.0
main,dfl_linear,2230-07-01,2230-04-01,0.0004732084234275,0.0010515742742833332,0.0012169435446712,0.0048588956758842,0.0549677242432259,0.0034231904428452253,,0.013622612692186231,0.0015404356992803514,0.08197652371731934,0.7212876975625321,0.7187819262061562,0.5963357490987049,1.1177631390484932,1.1173540269817517,1.0973624948519378,0.020400644196555406,0.01999153212981386,0.000409112066741546,0.7212876975625316,1.1177631390484926,0.0,0.0
main,dfl_linear,2230-10-01,2230-07-01,0.0004812049936381,0.001069344430306889,0.0013303634955686,0.0053108441952258,0.0572217270002998,0.0029126435983926058,,0.011599772202776415,0.0013106896192766726,0.07777156149003535,0.7097084361742309,0.7069009770639838,0.6129787757467011,1.1158158648421295,1.1153577213450403,1.1000307498466109,0.0157851149955186,0.015326971498429431,0.00045814349708916957,0.7097084361742309,1.115815864842129,0.0,0.0
main,dfl_linear,2231-01-01,2230-10-01,0.0012150048289816,0.0027000107310702222,0.0018260985842247,0.00728441086704,0.0654512739526386,0.003564996412023902,,0.014183911523066639,0.001604248385410756,0.08302555178062523,0.6672615038912486,0.6664270223595993,0.5922925613178406,1.1039926731595158,1.1038626192531047,1.0923087670796867,0.011683906079829054,0.011553852173417978,0.00013005390641107617,0.6672615038912486,1.103992673159515,0.0,0.0
main,dfl_linear,2231-04-01,2231-01-01,0.0006039050181617,0.0013420111514704444,0.0015316480207816,0.0061125307763179,0.0608480795456983,0.0035731615498661995,,0.014216223616811519,0.0016079226974397899,0.08308458708097204,0.6913143863128307,0.688529667187393,0.5920662595261355,1.1119659346303385,1.111514918875805,1.0958916137482702,0.016074320882068394,0.015623305127534737,0.00045101575453365683,0.6913143863128305,1.111965934630338,0.0,0.0
main,dfl_linear,2231-07-01,2231-04-01,0.0005867754272836,0.0013039453939635555,0.0020028886782717,0.0079875174575058,0.0678907637748155,0.003742740023881197,,0.014887120996728953,0.0016842330107465387,0.08427910933115927,0.6592933809469635,0.6552212984448089,0.5875149585060309,1.1068927164459859,1.106232500565125,1.0952551196208844,0.01163759682510146,0.010977380944240611,0.0006602158808608483,0.6592933809469635,1.1068927164459856,0.0,0.0
main,dfl_linear,2231-10-01,2231-07-01,0.0005899022357523,0.0013108938572273332,0.0015883559832939,0.0063383027073257,0.0617939989773451,0.004729311913251877,,0.01878347191627605,0.0021281903609633446,0.09026673203080414,0.6868891333092351,0.6838805355322802,0.5654528684069868,1.1113454000414207,1.1108577034004432,1.0916604627795155,0.019684937261905233,0.019197240620927758,0.0004876966409774752,0.686889133309235,1.1113454000414205,0.0,0.0
main,dfl_linear,2232-01-01,2231-10-01,0.001419329962267,0.0031540665828155554,0.0019086826990486,0.0076129001789048,0.0666178461501174,0.0051751392893493176,,0.020540418443834918,0.002328812680207193,0.09257208827812449,0.6612130733476916,0.6610265059641998,0.5572714776427952,1.101699001057962,1.1016703057443085,1.0857120871906374,0.015986913867324537,0.015958218553671077,2.8695313653459564e-05,0.6612130733476916,1.1016990010579617,0.0,0.0
main,dfl_linear,2232-04-01,2232-01-01,0.0013034955496021,0.002896656776893555,0.0020067224263094,0.008002760403406,0.0679413259101759,0.00347059965133667,,0.013810295302975062,0.0015617698431015016,0.0823323418642971,0.6559750361763959,0.6549925594096636,0.5949596657643559,1.1016532006745745,1.1015009511186935,1.0921979510832458,0.009455249591328707,0.009303000035447706,0.00015224955588100109,0.6559750361763959,1.1016532006745745,0.0,0.0
main,dfl_linear,2232-07-01,2232-04-01,0.0009136325717841,0.0020302946039646667,0.0024005991343609,0.0095678745844323,0.0726824817167869,0.0064118788577616215,,0.02540189502345458,0.0028853454859927297,0.0981518150653552,0.6377708929062156,0.6341425104398046,0.5381465550471562,1.1013186273972948,1.1007422092269796,1.0854919390370774,0.01582668836021739,0.015250270189902215,0.0005764181703151738,0.6377708929062144,1.1013186273972944,0.0,0.0
main,dfl_linear,2232-10-01,2232-07-01,0.0007031736543765,0.0015626081208366667,0.0013540873625119,0.0054053580623352,0.0576727612425845,0.0030132229439914227,,0.011998524052848625,0.0013559503247961402,0.07865943633561466,0.7063347228111586,0.7045671361270385,0.6094042487385218,1.1136974737497534,1.113412948390702,1.0980947436622914,0.015602730087461936,0.015318204728410612,0.00028452535905132414,0.7063347228111586,1.1136974737497534,0.0,0.0
main,dfl_linear,2233-01-01,2232-10-01,0.0009843025700006,0.0021873390444457777,0.0012611717479411,0.0050351516880159,0.055866569057046,0.0034388438798487186,,0.013684584162387492,0.0015474797459319235,0.0820945881971011,0.7140262588854277,0.7139999457897636,0.5958786122903692,1.1129282326760634,1.1129240710764683,1.0942423583699241,0.018685874306139327,0.018681712706544173,4.161599595153831e-06,0.7140262588854275,1.112928232676063,0.0,0.0
main,dfl_linear,2233-04-01,2233-01-01,0.0004677922529059,0.001039538339790889,0.0013211974379365,0.0052743255976109,0.0570456431825945,0.003268325235694647,,0.01300934877794191,0.001470746356062591,0.08077625289393678,0.7106641855686331,0.7078159914604742,0.6010137811336198,1.1160671511712634,1.115601978192478,1.0981588193234082,0.01790833184785523,0.017443158869069775,0.00046517297878545527,0.7106641855686331,1.116067151171263,0.0,0.0
main,dfl_linear,2233-07-01,2233-04-01,0.0005906444750884,0.0013125432779742222,0.0017305597562345,0.006904290724528,0.0640377808608907,0.003665193682536483,,0.014580369628939271,0.0016493371571414174,0.08374019079374682,0.6764598780693956,0.6730767386172571,0.5895618194449226,1.1096497866196517,1.1091014015179506,1.095564171352965,0.014085615266686835,0.013537230164985647,0.0005483851017011876,0.6764598780693956,1.1096497866196513,0.0,0.0
main,dfl_linear,2233-10-01,2233-07-01,0.0006288777379277,0.0013975060842837776,0.0021538473371958,0.008587594944445,0.0698132140729234,0.003742082277312875,,0.014884519438744803,0.0016839370247907937,0.08427458840356611,0.6508632934612865,0.6466212779080279,0.5875320847467052,1.105251898944575,1.1045659174230815,1.0950105317532919,0.010241367191283102,0.00955538566978964,0.0006859815214934617,0.6508632934612865,1.105251898944575,0.0,0.0
main,dfl_linear,2234-01-01,2233-10-01,0.0009417094408258,0.0020926876462795557,0.002815079262807,0.0112128581952031,0.0768785293539575,0.005297194235026836,,0.021021009114880473,0.0023837374057620766,0.09317078455286879,0.6210399350652529,0.6166081195908525,0.5551738972923252,1.0984863173911545,1.0977835072161777,1.0880410897413082,0.010445227649846345,0.00974241747486948,0.0007028101749768645,0.6210399350652529,1.0984863173911543,0.0,0.0
main,dfl_linear,2234-04-01,2234-01-01,0.000765736403136,0.0017016364514133332,0.001930719168275,0.0077005393885499,0.0669209625836122,0.003659606445580721,,0.014558265335266718,0.0016468229005113244,0.08370089316294671,0.6627489338923479,0.6596359311024816,0.5897114912970455,1.106266911045705,1.1057677639726,1.094555894975566,0.011711016070139024,0.011211868997033969,0.0004991470731050551,0.6627489338923479,1.1062669110457048,0.0,0.0
main,dfl_linear,2234-07-01,2234-04-01,0.0015286238771975,0.0033969419493277775,0.0022659990243946,0.0090332341031101,0.0711565089220667,0.004063198808580637,,0.016154005781305103,0.0018284394638612867,0.08638724570242498,0.6414979918983243,0.6407273481960643,0.5796079386661295,1.0979655711630183,1.0978478832646794,1.088514108351327,0.009451462811691291,0.00933377491335241,0.00011768789833888071,0.641497991898324,1.097965571163018,0.0,0.0
main,dfl_linear,2234-10-01,2234-07-01,0.0015057640891772,0.003346142420393778,0.0026299121698219,0.010478222761823,0.0750897906906181,0.005285980179905891,,0.02097686121480613,0.0023786910809576512,0.09311630474480294,0.6257996259906787,0.6239835931258632,0.5553643150886988,1.0957112711280612,1.095433522777498,1.084938728514191,0.010772542613870284,0.010494794263307128,0.00027774835056315617,0.6257996259906476,1.0957112711280563,0.0,0.0
main,dfl_linear,2235-01-01,2234-10-01,0.0007299807778878,0.0016221795064173335,0.0019415306721352,0.0077435347009469,0.0670684599948621,0.0058193691074848175,,0.023075073235304,0.002618716098368168,0.09560177703955026,0.6622584894254825,0.65896113653527,0.5467695850993042,1.106425066550745,1.1058951813074664,1.0878659774261212,0.018559089124623673,0.018029203881345213,0.0005298852432784606,0.6622584894254825,1.1064250665507445,0.0,0.0
main,dfl_linear,2235-04-01,2235-01-01,0.0008673923637926,0.0019275385862057778,0.0026165480668741,0.010425185932848,0.0749556018439961,0.003671008627861738,,0.014603374390279256,0.0016519538825377823,0.08378102218555195,0.6288398736178125,0.624542727622745,0.5894063665204214,1.1001905897235487,1.0995059423125992,1.0939078037605252,0.006282785963023452,0.005598138552074028,0.0006846474109494238,0.6288398736178125,1.1001905897235482,0.0,0.0
main,dfl_linear,2235-07-01,2235-04-01,0.0010858418961548,0.002412981991455111,0.0014509280502015,0.0057910932610627,0.0594465748719336,0.005294217728078365,,0.021009291239626804,0.0023823979776352645,0.09315633434581473,0.6957372742158178,0.6955248258477416,0.5552243950712961,1.1093292552576566,1.1092958707852076,1.0872488392726216,0.022080415985034962,0.022047031512586024,3.3384472448938496e-05,0.6957372742158178,1.109329255257656,0.0,0.0
main,dfl_linear,2235-10-01,2235-07-01,0.0010744438881725,0.0023876530848277776,0.002628319466572,0.0104719020656448,0.075073835918622,0.0038965733256191015,,0.01549543002096554,0.0017534579965285957,0.08531393317759876,0.6275561870091931,0.6240500300729591,0.5836140001915859,1.0986867003213758,1.0981353376449992,1.091776547076609,0.006910153244766848,0.006358790568390171,0.0005513626763766766,0.6275561870091931,1.0986867003213754,0.0,0.0
main,dfl_linear,2236-01-01,2235-10-01,0.0012134623949152,0.0026965830998115555,0.0018642067574298,0.0074360013310987,0.0659957049664563,0.005811082199215889,,0.023042500528799303,0.00261498698964715,0.09556467656221046,0.6648530878672809,0.6638969369995377,0.5468964949101676,1.1036275765590011,1.103478545744439,1.085242227840064,0.018385348718937156,0.018236317904374966,0.00014903081456218992,0.6648530878672809,1.1036275765590011,0.0,0.0
main,dfl_linear,2236-04-01,2236-01-01,0.0008641913381465,0.0019204251958811112,0.0016364553360637,0.0065297709503,0.062572784341259,0.004478630609810352,,0.017794532575936217,0.0020153837744146586,0.0888758472231543,0.6819562253874979,0.6800954238791626,0.5704707004780414,1.10867523923535,1.1083787054674046,1.0909091193001161,0.017766119935233915,0.017469586167288442,0.0002965337679454727,0.6819562253874979,1.1086752392353498,0.0,0.0
main,dfl_linear,2236-07-01,2236-04-01,0.0009074953488733,0.0020166563308295555,0.0028004418721183,0.0111548004284722,0.0767417191956442,0.005585338454693556,,0.022154873772662675,0.0025134023046121004,0.09453657325697115,0.6217002618851697,0.6171671943959828,0.5504299677371511,1.0988037430361675,1.0980833250746094,1.087477108223822,0.011326634812345526,0.010606216850787442,0.0007204179615580841,0.6217002618851697,1.0988037430361672,0.0,0.0
main,dfl_linear,2236-10-01,2236-07-01,0.0011142885801022,0.0024761968446715553,0.002853480352608,0.0113651601795422,0.0772338931931999,0.006182305049151182,,0.02450083853438967,0.002782037272118032,0.09718635448793247,0.6190103680863939,0.615159755565663,0.5413881377303507,1.097096179997279,1.0964921840293784,1.0849205809459417,0.01217559905133725,0.011571603083436743,0.0006039959679005058,0.6190103680863939,1.0970961799972787,0.0,0.0
main,dfl_linear,2237-01-01,2236-10-01,0.0012564053608657,0.002792011913034889,0.0025484853757955,0.0101550390021202,0.0742608732417663,0.005805049557238817,,0.02301878797936807,0.0026122723007574677,0.09553764094809403,0.6300511117512078,0.6274508158895993,0.5469890023117416,1.0979325908299669,1.0975284113818198,1.0850217532399822,0.01291083758998468,0.012506658141837601,0.0004041794481470795,0.6300511117512078,1.0979325908299664,0.0,0.0
main,dfl_linear,2237-04-01,2237-01-01,0.0008684133050245,0.0019298073444988888,0.0017823466248045,0.0071103485805266,0.0648127961923984,0.005428622011095285,,0.021538307478861207,0.0024428799049928786,0.09380168089696025,0.671676430339089,0.669416111456852,0.5529754433749708,1.1070087128091886,1.106648608146882,1.0880977621632086,0.018910950645979918,0.018550845983673403,0.00036010466230651517,0.671676430339089,1.1070087128091886,0.0,0.0
main,dfl_linear,2237-07-01,2237-04-01,0.0011610076123431,0.002580016916318,0.0022915769496349,0.0091348479567274,0.0714534717084537,0.004086507484316826,,0.016246105369112973,0.0018389283679425717,0.08653369950403798,0.6417888726162625,0.6394368054931389,0.5790644117024262,1.1003693129332863,1.100001473334948,1.0905598392657727,0.009809473667513613,0.009441634069175198,0.0003678395983384153,0.6417888726162625,1.1003693129332857,0.0,0.0
main,dfl_linear,2237-10-01,2237-07-01,0.0012321330406135,0.0027380734235855557,0.0023710111451547,0.0094503677023082,0.0723546675707289,0.00593994278460741,,0.023548910685949775,0.0026729742530733347,0.09613675189691043,0.6378087792649744,0.6355473679944452,0.5449442338454071,1.0992932222112584,1.0989411687132573,1.084836193327901,0.014457028883357426,0.014104975385356378,0.0003520534980010481,0.6378087792649744,1.099293222211258,0.0,0.0
main,dfl_linear,2238-01-01,2237-10-01,0.0016429606763318,0.0036510237251817777,0.0027939928105073,0.0111292200501935,0.0766812015695913,0.004882567096501589,,0.019387696640055685,0.0021971551934257152,0.09108177117399759,0.6191024199882031,0.6174147597828538,0.5625413004009518,1.0938375972513934,1.0935817979304183,1.0852646061136466,0.008572991137746788,0.008317191816771707,0.00025579932097508085,0.6191024199882031,1.0938375972513934,0.0,0.0
main,dfl_linear,2238-04-01,2238-01-01,0.0007436713757023,0.0016526030571162222,0.0022078778914461,0.0088023062445088,0.0704689223877148,0.0064728762954473495,,0.02564119946670551,0.0029127943329513074,0.09840402739506122,0.6476155679501912,0.643732652341062,0.5373043874574359,1.1039832838121946,1.1033598301217886,1.0862713581629357,0.01771192564925883,0.01708847195885288,0.0006234536904059507,0.6476155679501912,1.1039832838121946,0.0,0.0
main,dfl_linear,2238-07-01,2238-04-01,0.0011852146649948,0.002633810366655111,0.003624983766986,0.0144212823879086,0.0834559386436181,0.005318785551935434,,0.02110600639166682,0.0023934534983709455,0.09327538617853945,0.5958014312347106,0.5906457278624848,0.5548085517701227,1.0930331145101886,1.0922280624961058,1.0866321643791559,0.006400950131032701,0.005595898116949938,0.0008050520140827633,0.5958014312347106,1.0930331145101886,0.0,0.0
main,dfl_linear,2238-10-01,2238-07-01,0.000872434905561,0.00193874423458,0.0029582960991071,0.0117807787832798,0.078178554882845,0.006072981748729944,,0.024071534903947756,0.002732841786928475,0.09671698471299633,0.616329053009395,0.6113361028064735,0.5429742598654238,1.098166211114011,1.0973709557203075,1.0864825786861139,0.01168363242789705,0.010888377034193653,0.0007952553937033979,0.6163290530093949,1.0981662111140107,0.0,0.0
main,dfl_linear,2239-01-01,2238-10-01,0.001904616570369,0.004232481267486666,0.0041708408505677,0.0165792778415935,0.0870564107782668,0.007033915258944035,,0.02784019484363398,0.003165261866524816,0.1006496956219555,0.5808515461158462,0.5771304931077389,0.5298909024598544,1.0865200649508953,1.0859657998377172,1.0789292816801273,0.007590783270768009,0.007036518157589988,0.0005542651131780207,0.5808515461158462,1.0865200649508946,0.0,0.0
main,dfl_linear,2239-04-01,2239-01-01,0.0014356311821108,0.0031902915158017776,0.0033960149272985,0.0135150187357059,0.0817701726334606,0.009164528921246529,,0.036157255952273815,0.004124038014560938,0.10835334876053898,0.600940574524163,0.5971360107405386,0.5056325412452687,1.0923307262462347,1.0917461790346064,1.0776872485001887,0.014643477746046019,0.014058930534417646,0.0005845472116283723,0.600940574524163,1.0923307262462345,0.0,0.0
main,dfl_linear,2239-07-01,2239-04-01,0.0018178279014416,0.004039617558759111,0.003975653530378,0.0158080302995988,0.0858292169668403,0.008367599919438362,,0.03305263789282453,0.003765419963747263,0.10558615275446147,0.5853188699817827,0.5816857168444202,0.5141361355340575,1.0876934804260079,1.0871491551703636,1.07702876064659,0.010664719779417853,0.010120394523773557,0.0005443252556442957,0.5853188699817827,1.0876934804260074,0.0,0.0
main,dfl_linear,2239-10-01,2239-07-01,0.0026576114452141,0.005905803211586888,0.0053628396650217,0.0212794144794424,0.0934876321039543,0.007969063706696033,,0.03149723926829229,0.003586078668013215,0.10415796403993648,0.5575837804722382,0.554068270392837,0.5186172497910915,1.0788556647528484,1.0783584876577366,1.0733448665776006,0.0055107981752478,0.0050136210801359216,0.0004971770951118781,0.5575837804722382,1.0788556647528482,0.0,0.0
main,dfl_linear,2240-01-01,2239-10-01,0.0020365047877036,0.0045255661948968885,0.0055887041517483,0.0221681121685953,0.094552158648542,0.012945540249347687,,0.050785288855553556,0.0058254931122064596,0.12051067296814312,0.556208590893459,0.5503761594991449,0.4709867625913117,1.082115828686937,1.081254757957277,1.0695341081457181,0.012581720541218866,0.011720649811558959,0.0008610707296599074,0.556208590893459,1.082115828686937,0.0,0.0
main,dfl_linear,2240-04-01,2240-01-01,0.0021751429164387,0.004833650925419332,0.0047845541778557,0.0190013025465622,0.0905634382973099,0.007879114709794521,,0.031145928849438675,0.0035456016194075346,0.10383076418363488,0.5683801658609419,0.56439050129019,0.5196527229196857,1.0831247869484715,1.082541304206885,1.0759984680578387,0.007126318890632755,0.006542836149046272,0.0005834827415864829,0.5683801658609419,1.083124786948471,0.0,0.0
main,dfl_linear,2240-07-01,2240-04-01,0.0015261751516167,0.0033915003369259997,0.0039503629663036,0.0157080660037579,0.0856656074691852,0.012586970813572407,,0.049405243855568326,0.005664136866107583,0.11940692045163814,0.5868827584512386,0.5822969673808869,0.4739582384498325,1.0896394445912025,1.088939018895204,1.0723915511953104,0.017247893395892167,0.01654746769989357,0.0007004256959985966,0.5868827584512386,1.089639444591202,0.0,0.0
main,dfl_linear,2240-10-01,2240-07-01,0.0015121859301681,0.003360413178151333,0.003071373924398,0.0122290114751342,0.079158437527312,0.007212361786514521,,0.028538836160162173,0.003245562803931534,0.10133925684331838,0.6102375009692046,0.6074098282272634,0.5276452845649328,1.0932919745325607,1.0928596851812689,1.0806654300525222,0.012626544480038415,0.012194255128746612,0.00043228935129180357,0.6102375009692046,1.09329197453256,0.0,0.0
main,dfl_linear,2241-01-01,2240-10-01,0.0010533940615445,0.002340875692321111,0.0026022571495859,0.0103684685861108,0.0748113104677424,0.005460607819259167,,0.021664172264183823,0.002457273518666625,0.09395316645296732,0.6286749627606595,0.6251448835201081,0.5524493862756061,1.098994969019653,1.0984391013523278,1.0869920278662355,0.01200294115341749,0.011447073486092307,0.0005558676673251828,0.6286749627606595,1.0989949690196528,0.0,0.0
main,dfl_linear,2241-04-01,2241-01-01,0.0012910136125831,0.0028689191390735558,0.003128164700527,0.0124540686615435,0.0796360973414233,0.00718125281855464,,0.028417067622542147,0.003231563768349588,0.10121981040725343,0.6092838601281881,0.6055103546255668,0.5280332338193898,1.0944937509280088,1.0939085184732784,1.0818926023540865,0.01260114857392236,0.01201591611919195,0.0005852324547304111,0.6092838601281881,1.0944937509280084,0.0,0.0
main,dfl_linear,2241-07-01,2241-04-01,0.001431720215821,0.0031816004796022222,0.0041063641906098,0.0163245600866873,0.0866577780338169,0.006428827531635761,,0.025468392287026687,0.0028929723892360927,0.098222068788257,0.5838069514336193,0.5786045027270325,0.537911776273837,1.0897210856958046,1.088921558822948,1.0826677867698102,0.007053298925994378,0.006253772053137707,0.0007995268728566707,0.5838069514336193,1.0897210856958046,0.0,0.0
main,dfl_linear,2241-10-01,2241-07-01,0.0017914991827828,0.003981109295072889,0.0032212854226299,0.0128230152091889,0.0803995500808936,0.007507549598813057,,0.02969370801366933,0.0033783973194658756,0.10245768361233837,0.604627634439149,0.6024936579156889,0.5240339190512431,1.0907455434559208,1.0904252655719575,1.0786496350233012,0.01209590843261954,0.011775630548656268,0.0003202778839632714,0.604627634439149,1.0907455434559206,0.0,0.0
main,dfl_linear,2242-01-01,2241-10-01,0.0008560039190272,0.0019022309311715554,0.0026819017165893,0.0106845283930702,0.0756050972665555,0.008844044059515,,0.03490963445063966,0.00397981982678175,0.1072531347213765,0.6263266257333147,0.6218440842408387,0.5089852754747028,1.0998614926610089,1.09914679642112,1.0811525923744152,0.018708900286593666,0.01799420404670471,0.0007146962398889567,0.6263266257333147,1.0998614926610082,0.0,0.0
main,dfl_linear,2242-04-01,2242-01-01,0.0012255488630827,0.002723441917961556,0.0022749448857752,0.0090687743656813,0.0712607560300518,0.0074124946258962154,,0.029321934145489226,0.003335622581653297,0.10210038912255873,0.6423172415011476,0.6402738014045374,0.5251834510243965,1.1000373849215912,1.0997191303422322,1.0817944399589705,0.01824294496262069,0.01792469038326172,0.0003182545793589675,0.6423172415011472,1.100037384921591,0.0,0.0
main,dfl_linear,2242-07-01,2242-04-01,0.001335691478884,0.0029682032864088888,0.0020787764080584,0.0082892136775921,0.0688744182208966,0.0068252477794885635,,0.027022756693944272,0.003071361500769854,0.09982907429652371,0.6518475170948731,0.6507962419286031,0.5325822076971178,1.1008037111307856,1.1006411386956676,1.0823601557268532,0.018443555403932388,0.01828098296881442,0.00016257243511796915,0.651847517094873,1.1008037111307851,0.0,0.0
main,dfl_linear,2242-10-01,2242-07-01,0.0007119528954106,0.0015821175453568888,0.001650327388003,0.0065849860408667,0.0627935256570977,0.007427483331412077,,0.029380564253367214,0.0033423674991354345,0.10215690329232303,0.6816377936543858,0.6790294422067952,0.5250013658690733,1.1096622093258015,1.1092425765162597,1.0844624670407543,0.025199742285047178,0.024780109475505352,0.0004196328095418256,0.6816377936543855,1.109662209325801,0.0,0.0
main,dfl_linear,2243-01-01,2242-10-01,0.000835398660945,0.0018564414687666667,0.0016238102324705,0.0064794374912923,0.0623700770127244,0.005033431109040976,,0.019982221318443738,0.002265043999068439,0.09186043450531214,0.6830345552700753,0.6810769772493516,0.5597792599064761,1.1090437437568548,1.1087312242299447,1.0893665272227815,0.019677216534073283,0.019364697007163256,0.0003125195269100267,0.6830345552700753,1.109043743756854,0.0,0.0
main,dfl_linear,2243-04-01,2243-01-01,0.0003805871197286,0.0008457491549524445,0.0013837465575968,0.0055235082976472,0.0582272914090131,0.0038324545603245497,,0.015241916937721034,0.0017246045521460474,0.08488796798788843,0.7051794207140868,0.7017171887795363,0.5852151160519101,1.115786320633752,1.1152178424775452,1.0960888861423226,0.019697434491429355,0.019128956335222602,0.0005684781562067531,0.7051794207140868,1.1157863206337515,0.0,0.0
main,dfl_linear,2243-07-01,2243-04-01,0.0011910659376594,0.002646813194798667,0.001931958185457,0.0077054667971599,0.0669379064266894,0.004628085996955633,,0.018384224968297946,0.002082638698630035,0.08971411222092456,0.6608119933301365,0.6595583548265432,0.567439049504185,1.1031457083149396,1.1029500287075331,1.0885711870810804,0.014574521233859272,0.014378841626452754,0.00019567960740651813,0.6608119933301365,1.103145708314939,0.0,0.0
main,dfl_linear,2243-10-01,2243-07-01,0.0008794646785425,0.0019543659523166665,0.0018785523955596,0.0074930623325057,0.0661979127140083,0.0054572271183133125,,0.021650869713279897,0.0024557522032409907,0.09393719238628949,0.6654361402386246,0.6629615725344321,0.5525048260892276,1.1059409957484336,1.105547031323034,1.0879617259902927,0.017979269758140903,0.017585305332741274,0.00039396442539962884,0.6654361402386246,1.1059409957484334,0.0,0.0
main,dfl_linear,2244-01-01,2243-10-01,0.0004968343496833,0.0011040763326295557,0.0014002450807265,0.0055892271831106,0.0585313763955923,0.006496405228972435,,0.025733496127837596,0.0029233823530375957,0.09850085555489957,0.7030953882594567,0.7001633721534345,0.5369815786337013,1.1146268058276765,1.1141487943850172,1.087544996276338,0.027081809551338543,0.0266037981086793,0.000478011442659243,0.7030953882594565,1.114626805827676,0.0,0.0
main,dfl_linear,2244-04-01,2244-01-01,0.0005722490620644,0.0012716645823653333,0.0013716944642486,0.0054754989028582,0.0580031905525521,0.0037616663612425327,,0.014961977354193468,0.0016927498625591397,0.08440883610955584,0.7053407745669281,0.7028663673131246,0.5870238215795249,1.114460944160427,1.1140594035140892,1.0952607637122767,0.019200180448150306,0.01879863980181251,0.0004015406463377946,0.7053407745669281,1.1144609441604263,0.0,0.0
main,dfl_linear,2244-07-01,2244-04-01,0.000754140227893,0.0016758671730955554,0.0013631334982824,0.0054413953236052,0.0578429821183336,0.00268205301836133,,0.01068512874375116,0.0012069238582625985,0.0756065815640497,0.7052329167834506,0.7036900384050654,0.6218379367173184,1.1131606848938125,1.1129131167927622,1.0997792433354243,0.013381441558388163,0.013133873457337852,0.0002475681010503106,0.7052329167833993,1.1131606848938038,0.0,0.0
main,dfl_linear,2244-10-01,2244-07-01,0.0007386761312929,0.0016415025139842221,0.0014942124774022,0.0059634672233973,0.0602063984267396,0.003962524235248566,,0.015756135976419894,0.0017831359058618546,0.08574441812016377,0.6937455139927513,0.691716381713206,0.5820024126561822,1.1114247138270026,1.11109880831986,1.0934772924203986,0.01794742140660399,0.017621515899461482,0.0003259055071425099,0.6937455139927513,1.1114247138270024,0.0,0.0
main,dfl_linear,2245-01-01,2244-10-01,0.0003553093192805,0.0007895762650677777,0.0011821831972141,0.0047203540529066,0.0542424001323394,0.005309655796736479,,0.02107006649276233,0.0023893451085314154,0.09323120284867607,0.725701453453572,0.7226844317313817,0.5549628313455264,1.1193393592859255,1.1188432193959406,1.0912619210077348,0.02807743827819076,0.027581298388205777,0.0004961398899849812,0.725701453453572,1.1193393592859249,0.0,0.0
main,dfl_linear,2245-04-01,2245-01-01,0.000495006305933,0.0011000140131844445,0.0011954430230324,0.0047732044195135,0.0545210980642241,0.002290111966431141,,0.009129028204308165,0.0010305503848940134,0.07143655403198872,0.7235046801330108,0.7211802683366422,0.6395102047064805,1.117967392471967,1.1175883972751448,1.1042720985503065,0.013695293921660578,0.013316298724838305,0.0003789951968222738,0.7235046801330108,1.1179673924719669,0.0,0.0
main,dfl_linear,2245-07-01,2245-04-01,0.0003880336982877,0.000862297107306,0.0011769813319878,0.0046996201375159,0.0541323773084889,0.0037324028089642525,,0.014846234039305739,0.0016795812640339137,0.08420796001345388,0.7261087666128734,0.7232798488024642,0.587784583885083,1.1191687260902836,1.1187044450525356,1.0964670078338796,0.02270171825640399,0.02223743721865601,0.00046428103774798224,0.7261087666128734,1.1191687260902832,0.0,0.0
main,dfl_linear,2245-10-01,2245-07-01,0.0006286553772272,0.0013970119493937777,0.0015464101565202,0.0061713071063734,0.0610972962973857,0.0025784673634916544,,0.010274047017795218,0.0011603103135712446,0.07456926381529638,0.6900075396942571,0.687299214627459,0.6261571455610448,1.1115834971670742,1.111145524587017,1.1012580298887937,0.010325467278280431,0.009887494698223254,0.00043797258005717765,0.6900075396942568,1.111583497167074,0.0,0.0
main,dfl_linear,2246-01-01,2245-10-01,0.000597407655076,0.0013275725668355554,0.0013521014024525,0.0053974464247822,0.0576352622334197,0.004331366159021854,,0.017213224925713977,0.0019491147715598345,0.08802183314844055,0.7070502129204779,0.7047606319961194,0.5735829661222638,1.114560463673422,1.1141894922098403,1.092935309760714,0.02162515391270814,0.021254182449126358,0.0003709714635817818,0.7070502129204779,1.1145604636734214,0.0,0.0
main,dfl_linear,2246-04-01,2246-01-01,0.0007679218362121,0.001706492969360222,0.0015770087701404,0.0062931290222201,0.0616071708610541,0.0036388745065778494,,0.014476242140212037,0.0016374935279600323,0.08355451410536975,0.6869306929501335,0.6847942545497283,0.5902695007410366,1.1101292656248152,1.1097867501505403,1.0946324677358035,0.015496797889011704,0.01515428241473682,0.0003425154742748848,0.6869306929501335,1.1101292656248147,0.0,0.0
main,dfl_linear,2246-07-01,2246-04-01,0.0006923579542869,0.0015385732317486668,0.001333011023646,0.0053213920556989,0.0572723968258979,0.003906281664967537,,0.015533810632732736,0.0017578267492353917,0.08537778302629337,0.7083921194827345,0.7066380777163415,0.5833745559587606,1.1141052668863192,1.113822732117256,1.0939678852596053,0.020137381626713857,0.01985484685765071,0.00028253476906314745,0.7083921194827345,1.114105266886319,0.0,0.0
main,dfl_linear,2246-10-01,2246-07-01,0.0004564965371152,0.0010144367491448888,0.0013738834324601,0.0054842187652877,0.0580440176533866,0.003246367909014225,,0.012922374950031124,0.0014608655590564012,0.08060114426023351,0.705713736799727,0.7026567508045457,0.6017009930753614,1.115338349011917,1.1148387303999343,1.098339022639484,0.016999326372433066,0.01649970776045029,0.0004996186119827772,0.705713736799727,1.1153383490119169,0.0,0.0
main,dfl_linear,2247-01-01,2246-10-01,0.0005833916223631,0.0012964258274735555,0.001272490349723,0.0050802542479559,0.0560924187888059,0.0033398421946913004,,0.013292590396720705,0.0015029289876110853,0.08133796154536511,0.7149198825424431,0.7128076843720166,0.5988175342300439,1.1159357575657698,1.1155932306603116,1.097107894422708,0.01882786314306184,0.018485336237603622,0.00034252690545821807,0.7149198825424431,1.1159357575657691,0.0,0.0
main,dfl_linear,2247-04-01,2247-01-01,0.000445550447934,0.00099011210652,0.0012470039987121,0.0049786936350531,0.0555814966657311,0.003845750354230404,,0.015294489934910671,0.0017305876594036818,0.08497691353742959,0.7182512397585628,0.7155101536655026,0.5848802552567328,1.1174660366634028,1.1170177471211342,1.0956539462859571,0.021812090377445692,0.021363800835177083,0.0004482895422686095,0.7182512397585596,1.117466036663402,0.0,0.0
main,dfl_linear,2247-07-01,2247-04-01,0.000806522981532,0.0017922732922933335,0.0013207544534586,0.0052725606724896,0.0570371072486152,0.00364340515807271,,0.01449416750529231,0.0016395323211327196,0.08358657892550359,0.7090004594907598,0.7078604026801036,0.5901471986534539,1.1133938255494873,1.1132114908254769,1.0943850565917728,0.019008768957714528,0.018826434233704115,0.0001823347240104134,0.7090004594907598,1.1133938255494866,0.0,0.0
main,dfl_linear,2247-10-01,2247-07-01,0.0004303066343274,0.000956236965172,0.00145096803101,0.0057912524891856,0.0594472857987046,0.0027001374401152134,,0.010756883998156774,0.0012150618480518461,0.07578336110600584,0.6989214604047844,0.6955212445741513,0.6211067511900794,1.114411299935144,1.113854695029898,1.101673270643307,0.012738029291837094,0.012181424386590978,0.0005566049052461164,0.6989214604047844,1.1144112999351437,0.0,0.0
main,dfl_linear,2248-01-01,2247-10-01,0.0009802355872581,0.002178301305018,0.0018369439444265,0.0073275543820532,0.0656073057663373,0.0027782947290688753,,0.01106695110884115,0.0012502326280809939,0.07653327116340794,0.6676122651049197,0.6657001645907091,0.6180205972194206,1.1056146875301682,1.105312197733485,1.0977694025023328,0.007845285027835436,0.0075427952311521995,0.0003024897966832363,0.6676122651049197,1.1056146875301678,0.0,0.0
main,dfl_linear,2248-04-01,2248-01-01,0.0007448793070348,0.001655287348966222,0.0019562841390583,0.007802204202961,0.0672684607355831,0.003086887765675783,,0.01229049537372029,0.0013890994945541025,0.0792898558873218,0.6613173007400647,0.6580480838986336,0.6068862927931826,1.106175290797277,1.10565041408767,1.0974363267770075,0.008738964020269524,0.008214087310662421,0.0005248767096071028,0.6613173007400647,1.1061752907972764,0.0,0.0
main,dfl_linear,2248-07-01,2248-04-01,0.0007054985045086,0.0015677744544635554,0.0016929788758573,0.0067547378398816,0.0634617410133863,0.002700355602428317,,0.010757749597375965,0.0012151600210927426,0.07578548607681397,0.6785768648386676,0.6758208770508396,0.6210979706276674,1.109213563659518,1.10877000116379,1.0999626221711367,0.009250941488381237,0.00880737899265327,0.00044356249572796713,0.6785768648386676,1.1092135636595175,0.0,0.0
main,dfl_linear,2248-10-01,2248-07-01,0.0009629737653913,0.0021399417008695558,0.0017410311809548,0.0069459586867755,0.0641962202104989,0.004985857289284468,,0.019794771670901046,0.0022436357801780106,0.0916173088024965,0.674039790416798,0.6723254708323378,0.5606396227882708,1.1067478570485987,1.1064763611976731,1.0887886441425896,0.017959212906009103,0.01768771705508354,0.0002714958509255627,0.6740397904167911,1.1067478570486906,0.0,0.0
main,dfl_linear,2249-01-01,2248-10-01,0.0007967281226317,0.0017705069391815555,0.0021805421814772,0.0086936815899255,0.07013921271553,0.00429911445826292,,0.017085881012258164,0.0019346015062183142,0.08783085314319926,0.6487779472837182,0.645182347901967,0.5742822570411021,1.1038256987842225,1.1032502852395398,1.0919039509377746,0.01192174784644795,0.011346334301765237,0.0005754135446827124,0.6487779472837182,1.1038256987842223,0.0,0.0
main,dfl_linear,2249-04-01,2249-01-01,0.0015733948724059,0.0034964330497908886,0.0022673575385051,0.0090386312914731,0.0711723666442261,0.00542557705193758,,0.021526324871521174,0.0024415096733719113,0.09378721884751356,0.641248584228486,0.6406583198345214,0.553025701827975,1.0976403898067593,1.097550512578281,1.0842070398714516,0.013433349935307648,0.01334347270682934,8.987722847830781e-05,0.641248584228486,1.0976403898067588,0.0,0.0
main,dfl_linear,2249-07-01,2249-04-01,0.0018373504285138,0.004083000952252888,0.0035259432589583,0.0140293545680768,0.0827411748375187,0.004441787488758564,,0.017649123245770615,0.001998804369941354,0.08866488746039107,0.5960238308191338,0.5933844989285652,0.5712372615493366,1.0891809571680147,1.0887860431862,1.0854722296673813,0.0037087275006333353,0.0033138135188186535,0.00039491398181468185,0.5960238308191338,1.0891809571680142,0.0,0.0
main,dfl_linear,2249-10-01,2249-07-01,0.0019773193577882,0.004394043017307111,0.0046432585551543,0.0184440750875621,0.0897976989156931,0.005426302552223206,,0.021529179890261485,0.0024418361485004426,0.09379066526633177,0.5715101482983606,0.5671379951817389,0.5530137243548874,1.0847131241200971,1.0840650538264314,1.0819714582687263,0.0027416658513708114,0.0020935955577050525,0.000648070293665759,0.5715101482983606,1.084713124120097,0.0,0.0
main,dfl_linear,2250-01-01,2249-10-01,0.0017194594993861,0.0038210211097468886,0.0032541678781852,0.0129532715905809,0.0806634938715251,0.00929271336644888,,0.03665592874969881,0.004181721014901996,0.10878918074606886,0.6039269008207642,0.6014561622645676,0.5043146848942619,1.0910754408723777,1.090702840143746,1.0760533803060226,0.015022060566355133,0.014649459837723366,0.00037260072863176674,0.6039269008207642,1.0910754408723775,0.0,0.0
main,dfl_linear,2250-04-01,2250-01-01,0.0022935755697012,0.005096834599336,0.0038088779600171,0.0151486873516836,0.084729439498978,0.006205208133906126,,0.024590759121535744,0.002792343660257757,0.09728387411843503,0.5874646247751487,0.5858126433747294,0.5410594304993284,1.0852201118477454,1.0849804684142903,1.0784883774083902,0.006731734439355153,0.006492091005900091,0.00023964343345506123,0.5874646247751487,1.085220111847745,0.0,0.0
main,dfl_linear,2250-07-01,2250-04-01,0.0014979915043975,0.0033288700097722224,0.0036727230913738,0.0146101569780126,0.0837930476387484,0.008808627724647522,,0.03477168725717028,0.003963882476091385,0.10713056946114834,0.5935033717428662,0.5893605954619683,0.5093610787035433,1.0908179363657806,1.0901840083873238,1.0779424755365088,0.012875460829271823,0.012241532850814973,0.0006339279784568497,0.5935033717428662,1.0908179363657806,0.0,0.0
main,dfl_linear,2250-10-01,2250-07-01,0.0030587021379211,0.006797115862046888,0.0061438148202976,0.0243497067221736,0.097021839203495,0.0037760252598673105,,0.015018765995401528,0.0016992113669402897,0.08450679428208217,0.5456116498352989,0.5419433160355689,0.586653361745225,1.0749741219740714,1.0744700453000748,0.32839921381266746,0.7465749081614039,0.7460708314874074,0.0005040766739965452,0.5456116498352989,1.074974121974071,0.07522145720426432,0.0
main,dfl_linear,2251-01-01,2250-10-01,0.0011947378654732,0.0026549730343848887,0.0038077251286523,0.0151441285097962,0.0847216612292057,0.008937866427004337,,0.03527500261087968,0.004022039892151952,0.10757685389087772,0.5913087087226753,0.5858419833134075,0.5079949278624263,1.092275274020459,1.0914221771901675,1.079273940123032,0.013001333897427081,0.012148237067135526,0.0008530968302915554,0.5913087087226753,1.0922752740204584,0.0,0.0
main,dfl_linear,2251-04-01,2251-01-01,0.0039413795906521,0.008758621312560222,0.0072129294597725,0.0285410580736097,0.1013414335657454,0.005546186119318008,,0.022000864855006408,0.0024957837536931037,0.09435467446368116,0.5305523456715429,0.527638218540293,0.5510584814934526,1.068221712202795,1.0678469956567411,0.6843532378109047,0.3838684743918903,0.3834937578458364,0.00037471654605392146,0.5305523456715429,1.0682217122027946,0.038650528055785505,0.0
main,dfl_linear,2251-07-01,2251-04-01,0.0024247475118581,0.005388327804129111,0.0068417541962603,0.0270874380301323,0.0998945824969643,0.012406555935740471,,0.0487103028685506,0.005582950171083212,0.11884823749073212,0.5390273842528301,0.5323666153850423,0.4754749076306353,1.0774865474665711,1.076529045124175,1.0683507184896632,0.0091358289769079,0.008178326634511679,0.0009575023423962215,0.5390273842528301,1.077486547466571,0.0,0.0
main,dfl_linear,2251-10-01,2251-07-01,0.0018182796699284,0.0040406214887297775,0.0034567299023208,0.0137553907944077,0.0822287880263717,0.01235703844577074,,0.04851949957309043,0.005560667300596833,0.11869450384788635,0.5979178066166314,0.5953596499091199,0.4758937532155308,1.089578373591002,1.0891951177074777,1.071297071175032,0.018281302415970035,0.017898046532445644,0.00038325588352439155,0.5979178066166313,1.089578373591002,0.0,0.0
main,dfl_linear,2252-01-01,2251-10-01,0.0018333188453711,0.004074041878602444,0.0045856609215203,0.0182168592417286,0.0894789381175215,0.007829085923731327,,0.030950491941826308,0.003523088665679097,0.10364794292455025,0.5730256526433374,0.5682872738252768,0.5202327224157284,1.0857629223653595,1.0850537443157615,1.0778615728260077,0.007901349539351843,0.007192171489753818,0.0007091780495980249,0.5730256526433374,1.085762922365359,0.0,0.0
main,dfl_linear,2252-04-01,2252-01-01,0.0019245020459002,0.004276671213111555,0.004704460061502,0.0186854645647589,0.0901321452872971,0.008629998192191124,,0.03407569695014945,0.0038834991864860058,0.10650919798866956,0.5705917651002275,0.5659356871757585,0.5112734105122743,1.0848783663437462,1.08418575156735,1.0760544657206097,0.008823900623136538,0.008131285846740388,0.0006926147763961499,0.5705917651002275,1.0848783663437458,0.0,0.0
main,dfl_linear,2252-07-01,2252-04-01,0.0022589148048976,0.005019810677550222,0.0059525266263774,0.0235983534639587,0.0961920762221128,0.008952501229941845,,0.035331984900977775,0.00402862555347383,0.10762722405255654,0.5505062110333698,0.5447559602201282,0.5078411213515793,1.0800495771506926,1.0792134282810066,1.0738456101114966,0.006203967039196012,0.005367818169510041,0.0008361488696859709,0.5505062110333698,1.0800495771506922,0.0,0.0
main,dfl_linear,2252-10-01,2252-07-01,0.0016541692238386,0.003675931608530222,0.0036143161005884,0.0143790734057603,0.0833799613342889,0.008045291528105736,,0.03179488460943414,0.0036203811876475813,0.10443378609820805,0.5944096897282486,0.5909359426865181,0.5177469292728697,1.0900282857233465,1.089502157874814,1.078417073756441,0.011611211966905621,0.011085084118373167,0.0005261278485324539,0.5944096897282465,1.090028285723346,0.0,0.0
main,dfl_linear,2253-01-01,2252-10-01,0.0018044799707276,0.004009955490505777,0.0041234361004416,0.0163920081996321,0.0867639565806877,0.005779240746051073,,0.022917336224926976,0.002600658335722983,0.0954217141245238,0.5821791358939854,0.5782113599610171,0.5473859183744992,1.0873007889292277,1.0867058002944825,1.0820833650272648,0.005217423901962892,0.004622435267217728,0.0005949886347451638,0.5821791358939854,1.0873007889292272,0.0,0.0
main,dfl_linear,2253-04-01,2253-01-01,0.0009844732042031,0.0021877182315624445,0.0020470225479186,0.0081629826768109,0.0684671869509709,0.007556543685495853,,0.029885289322051922,0.003400444658473134,0.10264083799013744,0.6550862220267742,0.6526218577687732,0.5234461689325516,1.1036053369802181,1.103215584790648,1.0827857691091,0.02081956787111805,0.02042981568154789,0.00038975218957015834,0.6550862220267742,1.103605336980218,0.0,0.0
main,dfl_linear,2253-07-01,2253-04-01,0.0007786687091058,0.0017303749091239998,0.0017178386521562,0.0068536690592665,0.0638440998346322,0.005286843050271273,,0.020980258247269457,0.0023790793726220726,0.09312050042885274,0.6764857631032152,0.6739971628771831,0.5553496463625225,1.1083820252424998,1.1079833183557806,1.088974406666549,0.019407618575950858,0.019008911689231578,0.00039870688671928,0.6764857631032152,1.1083820252424992,0.0,0.0
main,dfl_linear,2253-10-01,2253-07-01,0.0007147730004164,0.0015883844453697777,0.0018518574589422,0.0073868789705813,0.0658204447429607,0.004419316072016954,,0.01756042702260563,0.0019886922324076294,0.08853534819785519,0.6678455413836352,0.6647095435452608,0.5717086899359245,1.1074244713381558,1.1069200389671507,1.091960640552539,0.01546383078561675,0.014959398414611691,0.0005044323710050591,0.6678455413836352,1.1074244713381554,0.0,0.0
main,dfl_linear,2254-01-01,2253-10-01,0.0008118242352135,0.0018040538560299998,0.0018876843578793,0.0075293842113475,0.0663258644698108,0.005742773413658142,,0.022773973462058783,0.002584248036146164,0.0952571759945014,0.665169181778332,0.6623709056241746,0.5479499724288004,1.106348417915912,1.1059010246060006,1.0876072046950158,0.01874121322089617,0.018293819910984777,0.0004473933099113925,0.665169181778332,1.1063484179159115,0.0,0.0
main,dfl_linear,2254-04-01,2254-01-01,0.000918270246912,0.002040600548693333,0.0022339547508466,0.0089059202501937,0.070779647897281,0.0066977692767977715,,0.02652311626580406,0.003013996174558997,0.09931953390660295,0.6455864529720055,0.6423715400194216,0.5342635964666029,1.1025302957835605,1.102019711996634,1.0848503005599546,0.01767999522360597,0.017169411436679383,0.0005105837869265883,0.6455864529720055,1.1025302957835603,0.0,0.0
main,dfl_linear,2254-07-01,2254-04-01,0.0006355359323129,0.0014123020718064443,0.00158769574143,0.0063356743016745,0.0617831612843894,0.0067586759105324745,,0.02676185829226696,0.0030414041597396136,0.09956379276807287,0.6867250008696373,0.6839334780760024,0.533456603275379,1.1110054160093965,1.1105541813104778,1.0862304009531527,0.0247750150562438,0.024323780357325075,0.00045123469891872325,0.6867250008696371,1.111005416009396,0.0,0.0
main,dfl_linear,2254-10-01,2254-07-01,0.0007361382573419,0.001635862794093111,0.0020054087496435,0.007997537257204,0.0679240108564644,0.0047053680755198,,0.018689045596116505,0.00211741563398391,0.09013707496290875,0.658500595147446,0.65507087641654,0.5659179923702495,1.1057806251790665,1.1052296799039714,1.0909082838711832,0.014872341307883286,0.014321396032788147,0.0005509452750951382,0.658500595147446,1.105780625179066,0.0,0.0
main,dfl_linear,2255-01-01,2254-10-01,0.0008377285298651,0.0018616189552557777,0.0018077154864665,0.0072112785527734,0.0651847832803512,0.005116966553032398,,0.020311301363570178,0.0023026349488645794,0.09228216746590737,0.6701401706293779,0.6676717237216333,0.5582912232373374,1.1069695932662866,1.1065755730697755,1.0891159606470806,0.017853632619206028,0.017459612422694892,0.0003940201965111356,0.6701401706293779,1.106969593266286,0.0,0.0
main,dfl_linear,2255-04-01,2255-01-01,0.001182408379051,0.002627574175668889,0.0018514894990372,0.0073854152919303,0.0658152056375985,0.003664101706817746,,0.014576049570776739,0.0016488457680679859,0.08373251544945058,0.6657895219271377,0.6647338626923446,0.5895910479434301,1.103980288589649,1.10381542004145,1.0920799221014785,0.0119003664881705,0.011735497939971529,0.0001648685481989709,0.6657895219271377,1.1039802885896488,0.0,0.0
main,dfl_linear,2255-07-01,2255-04-01,0.000734285042175,0.0016317445381666667,0.0020802882716042,0.0082952234825476,0.0688936540542493,0.004060660023242235,,0.016143973886376894,0.001827297010459006,0.08637124096658576,0.654330618362049,0.6507102274060327,0.5796673809038939,1.1051228920278204,1.104541250336468,1.0931277091195093,0.011995182908311142,0.0114135412169587,0.0005816416913524414,0.654330618362049,1.1051228920278204,0.0,0.0
main,dfl_linear,2255-10-01,2255-07-01,0.001111069156985,0.002469042571077778,0.0020768659215792,0.0082816192685564,0.0688500908420581,0.004240880254656076,,0.016855915393189536,0.0019083961145952345,0.08748226286604785,0.6529070314490982,0.6509050525382554,0.5755617988879325,1.1024341326332312,1.1021200435464171,1.0902994925863407,0.012134640046890466,0.011820550960076392,0.0003140890868140733,0.6529070314490979,1.102434132633231,0.0,0.0
main,dfl_linear,2256-01-01,2255-10-01,0.0006840516028663,0.0015201146730362222,0.001698514713485,0.0067767687327608,0.0635473324805608,0.005734173581004143,,0.022740162938565733,0.002580378111451864,0.09521824704801629,0.6782816246849849,0.6754118661060683,0.548083545186324,1.1093115166214722,1.1088490278097716,1.088328861315409,0.020982655306063247,0.020520166494362613,0.00046248881170063427,0.6782816246849849,1.109311516621472,0.0,0.0
main,dfl_linear,2256-04-01,2256-01-01,0.0013266295929669,0.0029480657621486664,0.0027815361416347,0.0110798089291852,0.0765638888936114,0.004667731933295727,,0.018540607727043246,0.0021004793699830773,0.08993195673000448,0.6207689995970153,0.61789512394337,0.5666549198582302,1.09605388613191,1.0956092012547538,1.0876806146793405,0.008373271452569497,0.007928586575413288,0.0004446848771562095,0.6207689995970153,1.0960538861319051,0.0,0.0
main,dfl_linear,2256-07-01,2256-04-01,0.0008096789715553,0.001799286603456222,0.0019727010224538,0.0078674854861809,0.0674893009119458,0.007476723287254572,,0.029573153514298678,0.0033645254792645574,0.10234209855747946,0.6600704428372145,0.6570424817648581,0.5244053650575224,1.1055473828235471,1.1050632021274605,1.0838541013630851,0.02169328146046201,0.02120910076437532,0.000484180696086689,0.6600704428372145,1.1055473828235467,0.0,0.0
main,dfl_linear,2256-10-01,2256-07-01,0.0008687965256959,0.001930658945990889,0.0018518656895373,0.007386911710397,0.0658205619209153,0.004247257951647043,,0.01688110274907284,0.0019112660782411694,0.08752067911986343,0.6671587620860799,0.6647089996403996,0.5754205881865226,1.1062864198845819,1.1058961432447232,1.0916714247370325,0.014614995147549381,0.014224718507690692,0.00039027663985868877,0.6671587620860799,1.1062864198845817,0.0,0.0
main,dfl_linear,2257-01-01,2256-10-01,0.0006670015152567,0.0014822255894593333,0.0022676315374397,0.0090397198486108,0.0711755638252946,0.004217502195388079,,0.016763584588879832,0.0018978759879246354,0.08734093326737444,0.6449841593147929,0.6406444042150682,0.5760817303600252,1.1040552846490899,1.1033551520246097,1.092939256829866,0.01111602781922394,0.01041589519474373,0.0007001326244802097,0.6449841593147929,1.1040552846490896,0.0,0.0
main,dfl_linear,2257-04-01,2257-01-01,0.0011572189476417,0.0025715976614259996,0.0029278230595418,0.0116599596684066,0.0779076370465701,0.004620881751179695,,0.018355805930237667,0.002079396788030863,0.089674328385823,0.6162763849847058,0.6124287752860074,0.5675824160017537,1.0964027655805462,1.0958008924196294,1.0887856746268398,0.007617090953706329,0.007015217792789574,0.0006018731609167549,0.6162763849847058,1.0964027655805462,0.0,0.0
main,dfl_linear,2257-07-01,2257-04-01,0.0022231848686732,0.004940410819273777,0.0048862750097833,0.0194023120208796,0.0911011825475739,0.00503938551992178,,0.02000568090522359,0.002267723483964801,0.0918907118401861,0.5664940216864763,0.5624722137769073,0.5596722448814191,1.082576786271256,1.0819905347673406,1.0815823884777112,0.0009943977935449322,0.0004081462896294852,0.000586251503915447,0.5664940216864763,1.0825767862712556,0.0,0.0
main,dfl_linear,2257-10-01,2257-07-01,0.0010735596919855,0.002385688204412222,0.0042516545027754,0.0168984657095266,0.087547127297071,0.010301321744918823,,0.04057294493155783,0.0046355947852134705,0.11214710539705755,0.5820020892172267,0.5753233986588941,0.49435505749857983,1.0915282111521445,1.0904778908681312,1.077744453027165,0.013783758124979562,0.012733437840966255,0.0010503202840133063,0.5820020892172267,1.0915282111521445,0.0,0.0
main,dfl_linear,2258-01-01,2257-10-01,0.0009833408940032,0.0021852019866737773,0.0030401455393609,0.0121052395566142,0.0788917319595701,0.006406807340681553,,0.025381996521555816,0.0028830633033066987,0.09813076683304854,0.6132144963671531,0.6084745201207234,0.5382169252624268,1.0969900464789477,1.0962403405943446,1.0851279363195356,0.011862110159412076,0.011112404274808974,0.0007497058846031024,0.6132144963671529,1.0969900464789475,0.0,0.0
main,dfl_linear,2258-04-01,2258-01-01,0.0019948953216532,0.004433100714784889,0.003326139326429,0.0132383251574245,0.0812313428467779,0.008327122777700424,,0.032894750103309556,0.003747205249965191,0.10544260390215975,0.6008667877328076,0.5992334520964291,0.5145836955788081,1.088958956901262,1.0887171398505469,1.076184654788148,0.012774302113114144,0.012532485062398901,0.00024181705071524284,0.6008667877328076,1.0889589569012614,0.0,0.0
main,dfl_linear,2258-07-01,2258-04-01,0.0006952973399884,0.001545105199974222,0.0023872498891838,0.0095148601714425,0.0725350975808305,0.007535763084888458,,0.029804034518453815,0.0033910933881998065,0.10256323595964452,0.6392619466422949,0.6347734815871973,0.5236950716628227,1.1029512357253435,1.102228381774221,1.0843395341364324,0.018611701588911123,0.017888847637788752,0.0007228539511223708,0.6392619466422946,1.1029512357253433,0.0,0.0
main,dfl_linear,2258-10-01,2258-07-01,0.0008471478252503,0.0018825507227784443,0.0016999238291019,0.0067823765112674,0.0635690781928317,0.004515902139246464,,0.017941616286200057,0.002032155962660909,0.0890874880366475,0.6774322979654208,0.6753080224682643,0.5697031280915716,1.1080697730784335,1.1077308905485872,1.0908838978593733,0.01718587521906012,0.016846992689213858,0.00033888252984626277,0.6774322979654203,1.1080697730784328,0.0,0.0
main,dfl_linear,2259-01-01,2258-10-01,0.0008335732340579,0.0018523849645731112,0.0016748342153277,0.0066825252276561,0.0631793815271272,0.003996656741946936,,0.015891042480595696,0.001798495533876121,0.08596426149623883,0.6792880250706687,0.6771733393338434,0.5811818998759146,1.1084580250527227,1.1081203853032229,1.0927939824205988,0.015664042632123953,0.015326402882624102,0.00033763974949985176,0.6792880250706687,1.1084580250527227,0.0,0.0
main,dfl_linear,2259-04-01,2259-01-01,0.0008019250463121,0.0017820556584713333,0.0015446669777578,0.0061643666711829,0.0610679783227883,0.004480946343392134,,0.01780367157915097,0.00201642585452646,0.08888904832225406,0.6893228459336606,0.6874437606942717,0.5704227803421671,1.1102783855653615,1.1099777681003202,1.0912566639520505,0.01902172161331106,0.018721104148269774,0.0003006174650412863,0.6893228459336606,1.1102783855653613,0.0,0.0
main,dfl_linear,2259-07-01,2259-04-01,0.0006436113600684,0.0014302474668186666,0.0016302715751698,0.0065051569128106,0.0624738342412176,0.0037334952503442764,,0.014850555050939462,0.0016800728626549244,0.08421548900665751,0.6834454925374307,0.6805742413876938,0.5877560435651333,1.110420109916442,1.1099562194218615,1.0949601506530686,0.01545995926337329,0.014996068768792892,0.000463890494580399,0.6834454925374307,1.1104201099164417,0.0,0.0
main,dfl_linear,2259-10-01,2259-07-01,0.0007214728835195,0.0016032730744877776,0.0016818693206467,0.0067105241980252,0.063289191369309,0.0040662274695932865,,0.01616597329735414,0.0018298023613169789,0.08640632499816688,0.679298606601902,0.6766467880161529,0.5795370888676961,1.109221210664361,1.108794837293971,1.0931810279836542,0.016040182680706838,0.015613809310316862,0.00042637337038997636,0.679298606601902,1.1092212106643606,0.0,0.0
main,dfl_linear,2260-01-01,2259-10-01,0.0006832899637423,0.0015184221416495553,0.0015761151920319,0.0062895715885229,0.0615924070894039,0.004828250501304865,,0.01917357966910871,0.002172712725587189,0.09079577895743483,0.6874000369620595,0.6848665555279808,0.5635605515126603,1.1107862707463034,1.11037795688975,1.0908274199660302,0.019958850780273263,0.019550536923719886,0.00040831385655337726,0.6874000369620595,1.110786270746303,0.0,0.0
main,dfl_linear,2260-04-01,2260-01-01,0.001271096373382,0.0028246586075155555,0.0029818696566656,0.0118742353214392,0.0783860985477676,0.003509775036945939,,0.013965361812125265,0.0015793987666256725,0.08262245240335514,0.6140348846838332,0.6105011389781002,0.593841267585149,1.0953528854763674,1.094804133511314,1.0922170381383844,0.003135847337983,0.002587095372929449,0.0005487519650535511,0.6140348846838329,1.095352885476367,0.0,0.0
main,dfl_linear,2260-07-01,2260-04-01,0.0012020936716871,0.002671319270415778,0.0026352378042599,0.0104993575005106,0.0751430663231882,0.005357281304895878,,0.021257536643803254,0.002410776587203145,0.09346093913505821,0.6267817826181227,0.6237618351503775,0.5541612923651469,1.0977648353357046,1.097293786758521,1.0864375592908837,0.011327276044820866,0.01085622746763737,0.00047104857718349713,0.6267817826181227,1.097764835335704,0.0,0.0
main,dfl_linear,2260-10-01,2260-07-01,0.0011130271408553,0.002473393646345111,0.0032062752497512,0.0127635515320753,0.0802781020950222,0.0076482039876282215,,0.030243631910937263,0.0034416917944327,0.10298171808561511,0.6075661540885609,0.6029719698116884,0.5223550101457631,1.0953087376932218,1.0945880492526094,1.0819416886699484,0.013367049023273347,0.012646360582660998,0.0007206884406123493,0.6075661540885609,1.0953087376932211,0.0,0.0
main,dfl_linear,2261-01-01,2260-10-01,0.0013140718909439,0.002920159757653111,0.0030025592359673,0.011956252967433,0.078566812648305,0.005618235096335411,,0.022284261344034606,0.0025282057933509352,0.0946885617849803,0.6131926404955941,0.6097755919713898,0.5499055756760296,1.0949585714771706,1.0944294097992604,1.085157982116881,0.009800589360289491,0.009271427682379318,0.0005291616779101727,0.613192640495594,1.09495857147717,0.0,0.0
main,dfl_linear,2261-04-01,2261-01-01,0.0011380563163586,0.0025290140363524445,0.0019461180211739,0.0077617773009552,0.0671308039701385,0.0052773552015423775,,0.020942905070439055,0.0023748098406940698,0.09307433189703254,0.6602016958295472,0.6586762819838389,0.5555110796425025,1.1034004177992691,1.1031615083418116,1.087003832449997,0.01639658534927202,0.016157675891814494,0.00023890945745752568,0.6602016958295447,1.1034004177992685,0.0,0.0
main,dfl_linear,2261-07-01,2261-04-01,0.0008221275344995,0.0018269500766655553,0.0014145050113139,0.0056460264153948,0.0587917306851173,0.007612894754856825,,0.030105603518004176,0.0034258026396855714,0.1028506741945958,0.7002121529020711,0.6988380339004958,0.5227740606011356,1.1118790047786282,1.111659449797032,1.0835281726855677,0.028350832093060552,0.028131277111464348,0.0002195549815962039,0.7002121529020711,1.111879004778628,0.0,0.0
main,dfl_linear,2261-10-01,2261-07-01,0.0004764074639124,0.0010586832531386666,0.0014794855366122,0.0059048218305897,0.059950069816379,0.004013869911432266,,0.01595907114843209,0.0018062414601445198,0.08607438294168347,0.6962504457511609,0.6929968999885981,0.5807715312726329,1.1136530857951132,1.1131219902418563,1.0948027783305412,0.018850307464572058,0.018319211911315136,0.0005310955532569217,0.6962504457511609,1.1136530857951126,0.0,0.0
main,dfl_linear,2262-01-01,2261-10-01,0.0004667809759243,0.0010372910576095554,0.0013952600052863,0.0055693703793537,0.0584398218160975,0.004001921974122524,,0.015911851732272275,0.0018008648883551359,0.08599799861133196,0.7036970695928645,0.7006305293778954,0.5810561336148063,1.114936383642605,1.1144355189128323,1.0949051709561322,0.020031212686472788,0.019530347956700167,0.000500864729772621,0.7036970695928645,1.114936383642605,0.0,0.0
main,dfl_linear,2262-04-01,2262-01-01,0.0005092439196335,0.0011316531547411112,0.001429475928807,0.005705654986439,0.0590626398558207,0.0035890534054487944,,0.014279110556541075,0.0016150740324519576,0.08319907513376854,0.7004180123045026,0.6974638505187408,0.5916277603438591,1.114103389927478,1.1136221346367396,1.0963806353413534,0.01772275458612449,0.01724149929538621,0.00048125529073828055,0.7004180123045023,1.1141033899274777,0.0,0.0
main,dfl_linear,2262-07-01,2262-04-01,0.0005437742612475,0.0012083872472166666,0.0016712261783331,0.0066681653948152,0.0631228997651254,0.004211236722767353,,0.016738838225104136,0.0018950565252453088,0.08730291861167652,0.6808896603892793,0.6774444649183711,0.576221695076441,1.1106869602247065,1.110126901471814,1.0936718995072923,0.01701506071741421,0.016455001964521765,0.000560058752892445,0.6808896603892793,1.1106869602247065,0.0,0.0
main,dfl_linear,2262-10-01,2262-07-01,0.0008888212922224,0.0019751584271608886,0.001955177904866,0.0077978051774089,0.0672535151207576,0.006087958347052336,,0.02413035515128137,0.002739581256173551,0.09678167196755044,0.660753635051054,0.658116238411695,0.5427552691560704,1.1051336916911099,1.104714050798588,1.0863587608213017,0.018774930869808193,0.018355289977286304,0.00041964089252188863,0.660753635051054,1.1051336916911092,0.0,0.0
main,dfl_linear,2263-01-01,2262-10-01,0.0009519156175234,0.002115368038940889,0.0014673087915048,0.0058563298272805,0.059736431219481,0.00565961841493845,,0.022447010089436836,0.0025468282867223027,0.0948786830697681,0.6949833131229501,0.6940674678770775,0.5492506075537298,1.1101415414513074,1.1099963979804774,1.0870456997563804,0.023095841694926955,0.02295069822409701,0.00014514347082994483,0.6949833131228963,1.1101415414520646,0.0,0.0
main,dfl_linear,2263-04-01,2263-01-01,0.0007392543648277,0.001642787477394889,0.0018635389858979,0.0074333451528453,0.065986256329194,0.003314850851893425,,0.013193619567266723,0.0014916828833520413,0.08114315505852955,0.6669978858171004,0.663940701494977,0.5995778113650623,1.1071248338330615,1.1066338272354863,1.096296667168276,0.010828166664785588,0.010337160067210416,0.0004910065975751721,0.6669978858171004,1.1071248338330608,0.0,0.0
main,dfl_linear,2263-07-01,2263-04-01,0.0010750376191435,0.0023889724869855552,0.0020497971514067,0.0081740130280728,0.0685030172262373,0.0042662546038627625,,0.01695612311328476,0.001919814571738243,0.08763475508035894,0.654544254189841,0.652460872253436,0.5750015572869682,1.1029268377374102,1.1025992267116604,1.0904187785727149,0.012508059164695329,0.012180448138945588,0.0003276110257497411,0.654544254189841,1.1029268377374095,0.0,0.0
main,dfl_linear,2263-10-01,2263-07-01,0.0002997973198848,0.0006662162664106666,0.001167621958201,0.0046623141521897,0.0539334319199371,0.004260556772351265,,0.016933622052203723,0.0019172505475580693,0.0876005942499393,0.727626050246456,0.7243588166728174,0.5751269929616245,1.120059773043982,1.1195206728822988,1.0948971195067199,0.025162653537262214,0.024623553375578977,0.0005391001616832369,0.727626050246456,1.120059773043982,0.0,0.0
main,dfl_linear,2264-01-01,2263-10-01,0.0005113469454079,0.0011363265453508888,0.0011039271632905,0.0044084021018122,0.0525446648984706,0.002727565122768283,,0.010865703934831106,0.0012274043052457274,0.076049106627805,0.7339125645299082,0.7319753890509825,0.6200102369027678,1.1195444713603362,1.1192289315675152,1.1009913163920464,0.018553154968289798,0.018237615175468846,0.00031553979282095135,0.7339125645299082,1.119544471360336,0.0,0.0
main,dfl_linear,2264-04-01,2264-01-01,0.000455622468259,0.001012494373908889,0.0010480716269049,0.0041857003866366,0.0512740268464468,0.0031726842280477285,,0.012630469003611311,0.0014277079026214778,0.0800040905282608,0.741126938608408,0.7390767730940427,0.6040533289331478,1.1211325848355926,1.1207974980438984,1.098728756573883,0.022403828261709613,0.022068741470015363,0.00033508679169425015,0.741126938608408,1.1211325848355918,0.0,0.0
main,dfl_linear,2264-07-01,2264-04-01,0.0004433212118862,0.000985158248636,0.0011193143852617,0.0044697459607171,0.0528858607146753,0.0018322094110772014,,0.007308720287927617,0.0008244942349847406,0.06553929785452176,0.7324441396961938,0.7300902740861798,0.6660167977770326,1.11980353523247,1.119418520995536,1.1089382282872706,0.010865306945199382,0.010480292708265448,0.0003850142369339338,0.7324441396961938,1.1198035352324698,0.0,0.0
main,dfl_linear,2264-10-01,2264-07-01,0.0003907294293004,0.0008682876206675556,0.0010491713571132,0.0041900854835674,0.051299544826501,0.0029465898405760527,,0.011734367270577306,0.0013259654282592238,0.07807483506440903,0.7413432804008683,0.7389328861538468,0.6117540591020603,1.1216490247386788,1.1212534966248642,1.1003843787852947,0.021264645953384065,0.020869117839569462,0.00039552811381460273,0.7413432804008683,1.1216490247386783,0.0,0.0
main,dfl_linear,2265-01-01,2264-10-01,0.0003295129728173,0.0007322510507051111,0.0010496438163507,0.0041919693771311,0.0513105013798889,0.0018447547918185592,,0.007358625545930919,0.0008301396563183517,0.0657191399245081,0.7416196185270992,0.7388711188370508,0.6651800573925022,1.1221483624162927,1.121695671775656,1.1095583950602386,0.01258996735605411,0.012137276715417533,0.00045269064063657716,0.7416196185270992,1.1221483624162896,0.0,0.0
main,dfl_linear,2265-04-01,2265-01-01,0.0005727963017971,0.0012728806706602221,0.0011362954321005,0.0045374405914712,0.0532581275954124,0.0019434515852481127,,0.007751173664039657,0.0008745532133616507,0.06709458330814012,0.7297622697547922,0.7280438370992189,0.6588417512844782,1.118420010025739,1.1181411564583024,1.1069115930297395,0.011508416995999582,0.01122956342856285,0.00027885356743673206,0.7297622697547917,1.1184200100257384,0.0,0.0
main,dfl_linear,2265-07-01,2265-04-01,0.0002996199025736,0.0006658220057191111,0.001151810912537,0.004599289750403,0.0535944255907697,0.003189411712810397,,0.012696742440533648,0.0014352352707646787,0.08014092847790877,0.7294262744665168,0.7262043544779272,0.6035129355565179,1.120358107817472,1.1198264787729193,1.0995819283039614,0.02077617951351063,0.0202445504689579,0.0005316290445527283,0.7294262744665168,1.1203581078174716,0.0,0.0
main,dfl_linear,2265-10-01,2265-07-01,0.0003843679742649,0.000854151053922,0.0011911987120962,0.0047562878811679,0.0544321631266724,0.0025813032407313585,,0.010285302958203846,0.0011615864583291115,0.07459823936905853,0.7245508803988727,0.7216596285699552,0.6260358231268355,1.118939606365503,1.11846498910433,1.1027677370737832,0.016171869291719876,0.015697252030546727,0.0004746172611731492,0.7245508803988727,1.1189396063655024,0.0,0.0
main,dfl_linear,2266-01-01,2265-10-01,0.0005791426733824,0.0012869837186275555,0.0012446279791936,0.0049692250337423,0.0555334273599171,0.003032887354493141,,0.01207647049004501,0.0013647993095219136,0.07882932361601878,0.7178103144588697,0.7157653917633026,0.6087240768913644,1.1164349869841184,1.1161032829912303,1.0987402640253183,0.017694722958800035,0.01736301896591197,0.00033170399288806607,0.7178103144588694,1.116434986984118,0.0,0.0
main,dfl_linear,2266-04-01,2266-01-01,0.0008839030241412,0.001964228942536,0.0012692599121861,0.0050673817010169,0.0560281292376137,0.004892576020210981,,0.019427148167410424,0.002201659209094942,0.09113413669000073,0.7137145753167153,0.713146693206043,0.5623549539397005,1.1135955039382472,1.113505119270804,1.0895049598175888,0.024090544120658475,0.02400015945321532,9.038466744315521e-05,0.7137145753167153,1.113595503938247,0.0,0.0
main,dfl_linear,2266-07-01,2266-04-01,0.0005604715432944,0.0012454923184320001,0.0014017229715721,0.005595113935268,0.0585584651138215,0.0038055062759667635,,0.015135354069554463,0.0017124778241850436,0.08470668337276763,0.7026471668001415,0.7000252585118629,0.5858984894658901,1.1141065866027446,1.1136808010601609,1.0951471519242215,0.018959434678523124,0.018533649135939356,0.00042578554258376755,0.7026471668001415,1.1141065866027444,0.0,0.0
main,dfl_linear,2266-10-01,2266-07-01,0.0005501257006054,0.0012225015569008889,0.001332314828287,0.0053186183929575,0.0572590808943075,0.0037697108928114176,,0.014993793329236005,0.001696369901765138,0.08446376573603609,0.7091735412036219,0.7067071467404615,0.5868160447351167,1.1152398090101538,1.1148390230101628,1.0953568696381357,0.019882939372018127,0.019482153372027078,0.000400785999991049,0.7091735412036219,1.1152398090101536,0.0,0.0
main,dfl_linear,2267-01-01,2266-10-01,0.0004570318323892,0.0010156262941982221,0.0011345481316215,0.0045304751696108,0.053220026585281,0.0038890698924660683,,0.015465765439954482,0.0017500814516097309,0.08526446938892565,0.7305826187836152,0.72825280304095,0.5837995942194478,1.1193988848259036,1.1190181237807155,1.0954101818459254,0.023988702979978127,0.0236079419347901,0.0003807610451880272,0.7305826187836152,1.1193988848259036,0.0,0.0
main,dfl_linear,2267-04-01,2267-01-01,0.0004149101177241,0.0009220224838313333,0.0010939158455482,0.0043684887056442,0.0523206632409116,0.003243540646508336,,0.012911175635201055,0.0014595932909287513,0.0805785046131881,0.7356426028722353,0.7332179747371433,0.6017899310744832,1.1205357016929296,1.1201384241936838,1.0986038211090403,0.021931880583889285,0.0215346030846435,0.00039727749924578504,0.7356426028722353,1.1205357016929296,0.0,0.0
main,dfl_linear,2267-07-01,2267-04-01,0.0004702687885996,0.0010450417524435554,0.0010450016095023,0.004173458831319,0.0512026814303694,0.0018844087608158588,,0.007516355818501519,0.0008479839423671365,0.06628003693907204,0.7414385137148054,0.7394793538541932,0.6625823556138668,1.1210749163874298,1.1207549908481895,1.1081979177259096,0.012876998661520256,0.012557073122279938,0.00031992553924031775,0.7414385137148053,1.1210749163874292,0.0,0.0
main,dfl_linear,2267-10-01,2267-07-01,0.0005327804164685,0.0011839564810411111,0.0011135984688182,0.0044469587883371,0.0527595497268576,0.0020152549259364605,,0.008036684910588732,0.0009068647166714073,0.0680535206357445,0.7326418931364306,0.7307870857242884,0.6544854972023051,1.1191804655174453,1.1188787399228604,1.1064665929722668,0.012713872545178528,0.012412146950593561,0.0003017255945849673,0.7326418931364306,1.119180465517445,0.0,0.0
main,dfl_linear,2268-01-01,2267-10-01,0.0004604920170664,0.001023315593480889,0.0012198276010002,0.0048703897858431,0.0550271450151425,0.0020857101771980524,,0.008316775861125225,0.0009385695797391236,0.06896252501218562,0.7210447962754827,0.7184639643445923,0.6504024276581128,1.1178151720479599,1.1173934768085854,1.1062725565883913,0.011542615459568584,0.011120920220194064,0.0004216952393745199,0.7210447962754827,1.1178151720479592,0.0,0.0
main,dfl_linear,2268-04-01,2268-01-01,0.0004536721643591,0.0010081603652424445,0.0013149536133035,0.0052494489269546,0.0569251073675005,0.003033109474927187,,0.012077350911984919,0.0013648992637172342,0.07883123585207819,0.7113449070742253,0.7084436129346027,0.608716427772725,1.116278770552488,1.1158045155009488,1.0995027828731319,0.016775987679356064,0.01630173262781698,0.0004742550515390853,0.7113449070742253,1.1162787705524877,0.0,0.0
main,dfl_linear,2268-07-01,2268-04-01,0.0005425048822331,0.0012055664049624444,0.001478514754571,0.0059009559063964,0.0599330942956903,0.0034103388898074627,,0.013571731610479865,0.0015346525004133582,0.08187915832043052,0.6960123919645845,0.6930818584080323,0.5967131437986621,1.113154180642695,1.112677749292814,1.097010610220141,0.0161435704225541,0.01566713907267303,0.00047643134988106794,0.6960123919645845,1.1131541806426948,0.0,0.0
main,dfl_linear,2268-10-01,2268-07-01,0.0008274515287266,0.001838781174948,0.0014735702483878,0.0058812653320714,0.0598464804808683,0.004370145034044981,,0.017366324612777873,0.0019665652653202415,0.08824954880542725,0.6950529286021715,0.6935156213663373,0.5727507505815943,1.111017665921987,1.1107721187785908,1.0914828912562273,0.019534774665759702,0.019289227522363506,0.00024554714339619643,0.6950529286021715,1.1110176659219868,0.0,0.0
main,dfl_linear,2269-01-01,2268-10-01,0.0011249124242497,0.0024998053872215555,0.0024264512861614,0.009670536259454,0.0729655258276499,0.003489517606794834,,0.013885179843836304,0.0015702829230576753,0.08247287330217433,0.6357665438507771,0.6329337292058529,0.5944175077079329,1.0996569625259303,1.099212916349479,1.0931754648988108,0.00648149762711947,0.006037451450668252,0.00044404617645121824,0.6357665438507771,1.0996569625259296,0.0,0.0
main,dfl_linear,2269-04-01,2269-01-01,0.0011626585580597,0.002583685684577111,0.0016010469858813,0.0063888242444332,0.0620015327237924,0.004858353175222874,,0.019292249268724637,0.002186258928850293,0.09095465882132554,0.6832272175272232,0.682868134980592,0.5629939989697654,1.106838572829,1.1067824218651248,1.0880372939165361,0.01880127891246386,0.018745127948588625,5.615096387523444e-05,0.6832272175272232,1.1068385728289998,0.0,0.0
main,dfl_linear,2269-07-01,2269-04-01,0.0005544846577094,0.0012321881282431112,0.0012665721661029,0.0050566715588924,0.0559745365324464,0.004894055426120758,,0.01943297934503807,0.002202324941754341,0.09114186804683087,0.7156709325145791,0.7134295248774095,0.5623274491468908,1.1162644311419703,1.1159003029203902,1.0913529920250695,0.024911439116900747,0.024547310895320695,0.0003641282215800512,0.7156709325145791,1.11626443114197,0.0,0.0
main,dfl_linear,2269-10-01,2269-07-01,0.0005135461395868,0.0011412136435262224,0.0011860220010822,0.0047356547864906,0.0543233434385288,0.0025773271918296814,,0.010269521511245605,0.0011597972363233567,0.07455760474054203,0.7244440257539128,0.722246970638576,0.6262059736456256,1.1179862419989308,1.1176284196312831,1.101986746968946,0.015999495029984878,0.01564167266233718,0.0003578223676476977,0.7244440182523928,1.1179862407771988,0.0,0.0
main,dfl_linear,2270-01-01,2269-10-01,0.0004311925910758,0.0009582057579462222,0.0011215654970285,0.0044787201748572,0.052935466417117,0.00220835511572659,,0.00880420252433034,0.0009937598020769657,0.07047464197021096,0.7322431363228682,0.7298169615510015,0.6437075500716919,1.1198594687497565,1.1194623328739457,1.1053672491479396,0.014492219601816902,0.014095083726006097,0.00039713587581080567,0.7322431363228635,1.1198594687497558,0.0,0.0
main,dfl_linear,2270-04-01,2270-01-01,0.0005770143156455,0.0012822540347677779,0.0012479100793039,0.0049823044107738,0.0555998077646274,0.002830937970429659,,0.011275757309659795,0.0012739220866933465,0.07702590586635143,0.7174793984114202,0.7154129768163761,0.6160067865446675,1.1163965800924776,1.1160613448129348,1.0999346927957936,0.016461887296683964,0.016126652017141252,0.0003352352795427116,0.7174793984114199,1.116396580092477,0.0,0.0
main,dfl_linear,2270-07-01,2270-04-01,0.000527968333833,0.001173262964073333,0.0013871718727909,0.0055371526896715,0.0582906782705515,0.0038338294252753258,,0.015247353398993857,0.0017252232413738967,0.08489718063052269,0.7041328882608273,0.7013927694733845,0.5851804193741175,1.1145767265496982,1.1141308535529146,1.0952207431447651,0.019355983404933053,0.018910110408149494,0.0004458729967835584,0.7041328882608273,1.114576726549698,0.0,0.0
main,dfl_linear,2270-10-01,2270-07-01,0.0005483519610707,0.0012185599134904444,0.0012575118826468,0.0050205674654728,0.0557931820940054,0.004240020643919706,,0.01685252050666275,0.0019080092897638679,0.08747708042239617,0.7166324973735035,0.7143881570537176,0.5755808527735524,1.116464591205731,1.116099848916163,1.0935413743722255,0.0229232168335054,0.022558474543937557,0.00036474228956784316,0.7166324973735035,1.1164645912057307,0.0,0.0
main,dfl_linear,2271-01-01,2270-10-01,0.0005176436167519,0.0011503191483375555,0.0013675193203335,0.005458866852929,0.0579251643854242,0.0030246470123529434,,0.012043807712227239,0.0013610911555588245,0.07875827640412221,0.7060012376958004,0.7032672999334034,0.6090083793776575,1.1149536375917728,1.1145084881020024,1.0991609147341137,0.01579272285765909,0.015347573367888723,0.00044514948977036894,0.7060012376957441,1.1149536375917628,0.0,0.0
main,dfl_linear,2271-04-01,2271-01-01,0.0007927438555929,0.0017616530124286666,0.0015404437966103,0.0061475519999574,0.0609968274730673,0.003868650645017624,,0.015385035209183107,0.0017408927902579309,0.08512935034001987,0.6897047630841542,0.6877947796580678,0.5843070183489003,1.1104028080670567,1.1100970721277272,1.0935315210968564,0.01687128697020035,0.016565551030870873,0.00030573593932947674,0.6897047630841542,1.1104028080670567,0.0,0.0
main,dfl_linear,2271-07-01,2271-04-01,0.0005880519059383,0.0013067820131962221,0.0013779861416324,0.0055005619544177,0.0581203891636397,0.004844885319471359,,0.019239158138655843,0.002180198393762112,0.0908836942215771,0.7046797049534093,0.7022649449594445,0.5632469544105696,1.1142423079964339,1.113850828359616,1.0913133038904248,0.022929004106009065,0.022537524469191217,0.0003914796368178486,0.7046797049534093,1.114242307996434,0.0,0.0
main,dfl_linear,2271-10-01,2271-07-01,0.0004972387375043,0.0011049749722317778,0.0016077058987385,0.0064153319005997,0.0621098311445269,0.0021078595891594887,,0.008404817366099437,0.0009485368151217699,0.06924204757930455,0.6858377920193551,0.6823409098455466,0.649155780560104,1.1118104978808871,1.1112404095284598,1.1058303171264041,0.005980180754483033,0.0054100924020556995,0.0005700883524273337,0.6858377920193546,1.1118104978808865,0.0,0.0
main,dfl_linear,2272-01-01,2271-10-01,0.0009652889856661,0.0021450866348135555,0.0021913349537978,0.008736570189568,0.0702698823460882,0.004676035605370998,,0.01857335906134938,0.0021042160224169493,0.0899773517293109,0.6475208885025204,0.644607136609436,0.5664917135173919,1.1025330614518214,1.1020716772598766,1.0897023257556273,0.012830735696194084,0.012369351504249337,0.000461384191944747,0.6475208885025204,1.1025330614518212,0.0,0.0
main,dfl_linear,2272-04-01,2272-01-01,0.0007661409522751,0.0017025354495002222,0.00179896002753,0.0071764458441518,0.0650569592220109,0.004999617580324411,,0.01984899252607475,0.0022498279111459853,0.09168785508267138,0.6710368902988832,0.6682702255944473,0.560389786034869,1.1075931091487594,1.1071495060297267,1.089852108410678,0.01774100073808138,0.017297397619048693,0.00044360311903268723,0.6710368902988832,1.1075931091487592,0.0,0.0
main,dfl_linear,2272-07-01,2272-04-01,0.0008229921898704,0.0018288715330453333,0.0012967777774871,0.0051770300343108,0.0565714738980637,0.004586381837725639,,0.018219703414570354,0.0020638718269765377,0.08948295240133194,0.7112655391302735,0.7102909199828019,0.5682727810863868,1.113638950737604,1.1134832357602933,1.0907929866170127,0.022845964120591367,0.02269024914328055,0.00015571497731081685,0.7112655391302731,1.1136389507376037,0.0,0.0
main,dfl_linear,2272-10-01,2272-07-01,0.0007586486946994,0.0016858859882208888,0.0012333996067203,0.0049244782823861,0.0553052411446554,0.004058816935867071,,0.016136690962280764,0.001826467621140182,0.0863596154220797,0.718061219258016,0.7169793263504524,0.5797105648068244,1.1151867227683032,1.115013172526253,1.0929934082546051,0.022193314513698104,0.02201976427164798,0.00017355024205012448,0.718061219258016,1.1151867227683028,0.0,0.0
main,dfl_linear,2273-01-01,2272-10-01,0.0006557327002514,0.0014571837783364443,0.0012460417381785,0.0049748589687412,0.0555620382323999,0.0043879118748009205,,0.017436462440164835,0.001974560343660414,0.0883531913718597,0.7172686670742459,0.7156134572238758,0.5723725447807926,1.1157977708698101,1.1155305493671943,1.0924053535797844,0.023392417290025724,0.023125195787409902,0.000267221502615822,0.7172686670742459,1.11579777086981,0.0,0.0
main,dfl_linear,2273-04-01,2273-01-01,0.0005001139640087,0.0011113643644637776,0.0011482693012635,0.0045851721250614,0.0535179803043248,0.0025190699379891157,,0.010038269372756425,0.0011335814720951022,0.07395461560926149,0.7287668515411816,0.7266217280088286,0.6287399439436847,1.1187881662692944,1.1184385135781896,1.1024838943255761,0.016304271943718307,0.015954619252613433,0.0003496526911048736,0.7287668515411816,1.1187881662692942,0.0,0.0
main,dfl_linear,2273-07-01,2273-04-01,0.0004317643871905,0.0009594764159788888,0.0012055944444106,0.0048136640368673,0.0547327774440765,0.0032573288772255182,,0.012965792491370975,0.0014657979947514832,0.08068871587074396,0.7227285064328266,0.7200417166903469,0.6013571673343425,1.1182979047738641,1.1178581246983936,1.0984315580238022,0.019866346750061936,0.019426566674591417,0.00043978007547051945,0.7227285064328266,1.1182979047738637,0.0,0.0
main,dfl_linear,2273-10-01,2273-07-01,0.0003748955532303,0.0008331012294006666,0.0012305767787029,0.0049132286512132,0.0552476070409238,0.002109282184392214,,0.008410471827161814,0.0009491769829764962,0.06925990098917972,0.7203443078120482,0.7172865442149606,0.6490762973335105,1.1183173049344892,1.1178150640699316,1.1066114597762546,0.011705845158234585,0.01120360429367695,0.0005022408645576348,0.7203443078120478,1.1183173049344886,0.0,0.0
main,dfl_linear,2274-01-01,2273-10-01,0.0005385081778726,0.001196684839716889,0.0012889268682406,0.0051457480407164,0.0564174422447789,0.0034772553481161594,,0.013836641595945443,0.0015647649066522719,0.0823818769383976,0.7134909254015092,0.711098340743285,0.5947684778412337,1.1160242684857875,1.1156351985272528,1.0967182273847438,0.019306041101043725,0.01891697114250901,0.0003890699585347157,0.7134909254015092,1.1160242684857875,0.0,0.0
main,dfl_linear,2274-04-01,2274-01-01,0.0006134786900347,0.001363285977854889,0.0013711858959793,0.0054734729879594,0.0579936971370359,0.003117379965260625,,0.012411332599030378,0.0014028209843672812,0.07954610685912034,0.7051829179378455,0.7029151257319618,0.6058674951902123,1.1141445832862444,1.1137775066175728,1.0980688712191167,0.016075712067127768,0.015708635398456128,0.0003670766686716398,0.7051829179378455,1.1141445832862438,0.0,0.0
main,dfl_linear,2274-07-01,2274-04-01,0.000731801181701,0.0016262248482244444,0.0016876287195112,0.0067334455518428,0.0633787748771829,0.003022230928763747,,0.01203423077168253,0.0013600039179436864,0.07873740597754082,0.678837880950143,0.6762177670320071,0.6090919348706025,1.109077020364997,1.1086560152513645,1.0978701030812328,0.011206917283764106,0.010785912170131695,0.0004210051136324111,0.678837880950143,1.1090770203649964,0.0,0.0
main,dfl_linear,2274-10-01,2274-07-01,0.0008176467558326,0.001816992790739111,0.0014421675694137,0.0057562031874932,0.059290385770598,0.004229838028550148,,0.016812305328698818,0.0019034271128475666,0.08741560866628056,0.6977975821551642,0.6963124519733751,0.5758069264140444,1.1115244745092976,1.1112871157575082,1.0920274969838757,0.0194969775254219,0.01925961877363247,0.00023735875178942933,0.6977975821551642,1.1115244745092976,0.0,0.0
main,dfl_linear,2275-01-01,2274-10-01,0.0007421357520312,0.0016491905600693334,0.0012767093341745,0.0050970657377746,0.0561761781600462,0.0024154384154826403,,0.009626803941439444,0.001086947286967188,0.07284533176337074,0.713682572584295,0.7123664466953583,0.6334465591351035,1.1146021786669975,1.1143908369584192,1.1017179885493444,0.012884190117653072,0.012672848409074788,0.00021134170857828316,0.713682572584295,1.114602178666997,0.0,0.0
main,dfl_linear,2275-04-01,2275-01-01,0.0007167380572668,0.0015927512383706666,0.0011399758101888,0.0045521118957785,0.0533382286889468,0.0048387786373496056,,0.019215084505354585,0.0021774503868073228,0.09085145424603247,0.7285710727131608,0.727604910712864,0.5633619267912116,1.1171779940634388,1.11702260369814,1.0906069743714595,0.02657101969197928,0.026415629326680623,0.00015539036529865768,0.7285710727131608,1.1171779940634388,0.0,0.0
main,dfl_linear,2275-07-01,2275-04-01,0.0006546080133016,0.0014546844740035557,0.0012416954203567,0.0049575384917697,0.0554739945932713,0.0025792059022933245,,0.010276978377039114,0.001160642656031996,0.0745768130331893,0.7177277132768479,0.7160812026576328,0.6261255321839356,1.115879952705714,1.115614117112139,1.1010904214998978,0.014789531205816164,0.014523695612241205,0.000265835593574959,0.7177277132768479,1.1158799527057135,0.0,0.0
main,dfl_linear,2275-10-01,2275-07-01,0.0006240493742483,0.0013867763872184443,0.0013449595431946,0.0053689944041454,0.0575000221182296,0.0027986103668808937,,0.011147535763594396,0.0012593746650964022,0.07672454747925946,0.7075935230030885,0.7054592772267728,0.617237423946103,1.1144599789119967,1.1141147443689874,1.0998440209411833,0.014615957970813387,0.01427072342780411,0.00034523454300927625,0.7075935230030885,1.1144599789119964,0.0,0.0
main,dfl_linear,2276-01-01,2275-10-01,0.0006083416828838,0.0013518704064084445,0.0012819426423943,0.0051179187321062,0.0562797562042934,0.0027702408842742443,,0.011035003108774921,0.00124660839792341,0.07645703222103759,0.7138365099422646,0.7118215196920573,0.6183332053558436,1.1155819686326787,1.1152557082962418,1.1001183998724906,0.015463568760188062,0.015137308423751161,0.000326260336436901,0.7138365099422646,1.1155819686326789,0.0,0.0
main,dfl_linear,2276-04-01,2276-01-01,0.0007490246885548,0.0016644993078995555,0.001244264581474,0.0049677768628603,0.0555260688019642,0.0033064065501093864,,0.013160176722108563,0.001487882947549224,0.0810769754195193,0.7169738789212363,0.7158044848739674,0.5998364314745646,1.1150813002951587,1.1148936011453376,1.0962795975250363,0.018801702770122386,0.0186140036203013,0.0001876991498210856,0.7169738789212363,1.1150813002951585,0.0,0.0
main,dfl_linear,2276-07-01,2276-04-01,0.0005798435761253,0.0012885412802784446,0.0011123629855863,0.0044420333378798,0.0527321807527378,0.0030578267760574818,,0.012175319555694508,0.0013760220492258668,0.07904309642773066,0.7325361986690225,0.7309382308579749,0.6078699104102793,1.118818517285621,1.118559324407066,1.0985974503222142,0.020221066963406864,0.019961874084851727,0.00025919287855513673,0.7325361986690225,1.1188185172856209,0.0,0.0
main,dfl_linear,2276-10-01,2276-07-01,0.0005215574029842,0.001159016451076,0.0011088504138482,0.004428029811984,0.0526542377819353,0.0032285982742905617,,0.012851984525260485,0.0014528692234307527,0.08045849882767418,0.7332679403776325,0.7313690043081055,0.602261704947194,1.1193646007566929,1.1190554835386606,1.0980388259236376,0.02132577483305531,0.021016657615023027,0.0003091172180322843,0.7332679403776325,1.1193646007566926,0.0,0.0
main,dfl_linear,2277-01-01,2276-10-01,0.0003315641754422,0.0007368092787604445,0.001051867855141,0.0042008375186879,0.0513620269343784,0.002572872908785939,,0.01025184166762505,0.0011577928089536726,0.07451200483310996,0.7413250541893612,0.7385807831851877,0.626397006053431,1.1220846408005434,1.1216327022913688,1.1031577889488606,0.018926851851682747,0.01847491334250817,0.00045193850917457645,0.7413250541893612,1.122084640800543,0.0,0.0
main,dfl_linear,2277-04-01,2277-01-01,0.0003067765342681,0.0006817256317068889,0.0010757876624319,0.0042962117139391,0.0519109382785392,0.0020955547224730253,,0.008355907582292432,0.0009429996251128615,0.06908712276795596,0.7384558085116387,0.7355010788135001,0.6498462192118633,1.1217951666935018,1.1213078365215794,1.1071805891182225,0.014614577575279286,0.014127247403356913,0.00048733017192237327,0.7384558085116387,1.1217951666935018,0.0,0.0
main,dfl_linear,2277-07-01,2277-04-01,0.0004759674428221,0.0010577054284935555,0.0010649135600655,0.0042528548242557,0.0516625830845844,0.001929104677401483,,0.007694118742845313,0.0008680971048306674,0.06689886831103692,0.7388877634449962,0.7368914980236133,0.659737115356093,1.1206162790657648,1.1202904080484504,1.1076957015025148,0.012920577563249935,0.01259470654593553,0.00032587101731440526,0.7388877634449962,1.1206162790657646,0.0,0.0
main,dfl_linear,2277-10-01,2277-07-01,0.0003620354231687,0.000804523162597111,0.0010410426548519,0.0041576725123803,0.0511104394440039,0.0023173068184405565,,0.00923705755450599,0.0010427880682982505,0.07174882283891319,0.7425422313961315,0.7400004594635581,0.6381576581962871,1.1220588289649087,1.1216410133950083,1.1049001297986418,0.01715869916626689,0.016740883596366496,0.0004178155699003927,0.7425422208087122,1.1220588272245524,0.0,0.0
main,dfl_linear,2278-01-01,2277-10-01,0.0004749318333182,0.0010554040740404444,0.0011317304369595,0.0045192426616499,0.0531584867866231,0.002385085681453347,,0.009506265162720795,0.0010732885566540062,0.0725111236954914,0.7308156113404213,0.7285905353275907,0.634876213305583,1.1193061467240761,1.1189429015482204,1.1036439745961846,0.01566217212789156,0.01529892695203583,0.0003632451758557309,0.7308156113404213,1.1193061467240757,0.0,0.0
main,dfl_linear,2278-04-01,2278-01-01,0.0008192716221651,0.0018206036048113335,0.0012444844055739,0.0049686528808209,0.0555305203023,0.001907962723635137,,0.007610036733152747,0.0008585832256358117,0.06660788604082775,0.7165900955306529,0.7157808332234027,0.6610722869873511,1.1145163167492211,1.1143869907380353,1.1056441665645897,0.008872150184631389,0.008742824173445518,0.00012932601118587073,0.7165900955306529,1.1145163167492211,0.0,0.0
main,dfl_linear,2278-07-01,2278-04-01,0.0003872167892758,0.0008604817539462223,0.0014212029066392,0.0056727041985495,0.0589132387193022,0.002592125441879034,,0.01032825670367954,0.0011664564488455653,0.07470851037598193,0.7017521380209427,0.6982210747895663,0.6255744697115848,1.1151770570899995,1.1145975113367996,1.1026741815354,0.012502875554599502,0.011923329801399651,0.0005795457531998505,0.7017521380209427,1.115177057089999,0.0,0.0
main,dfl_linear,2278-10-01,2278-07-01,0.0007173421156568,0.0015940935903484446,0.0012413211984157,0.0049560471722827,0.0554664021231858,0.0029624090529978275,,0.011797084921427836,0.0013330840738490224,0.07821489255392662,0.717443771864812,0.7161215654791175,0.6111897815526927,1.1153840273415454,1.1151713814120088,1.098295561591184,0.01708846575036138,0.016875819820824756,0.00021264592953662564,0.717443771864812,1.1153840273415447,0.0,0.0
main,dfl_linear,2279-01-01,2278-10-01,0.0006275783095592,0.0013946184656871113,0.0013195945615198,0.0052679394556038,0.0570147457098261,0.004806864075362682,,0.019089264382626814,0.0021630888339132072,0.09068231976448929,0.7100138358117922,0.7079767717529294,0.563965627939021,1.114826431587957,1.1144969889982528,1.0912068995394408,0.02361953204851619,0.023290089458811947,0.000329442589704243,0.7100138358117922,1.1148264315879564,0.0,0.0
main,dfl_linear,2279-04-01,2279-01-01,0.0006041569681595,0.0013425710403544443,0.0014741119668096,0.0058834226389897,0.0598559822795292,0.004213638603687286,,0.01674832484622779,0.0018961373716592789,0.08731749850301146,0.6960873040770365,0.6934680130677567,0.5761680078366304,1.1127372071328872,1.1123129908724765,1.0933152661489032,0.019421940983983976,0.018997724723573306,0.0004242162604106703,0.6960873040770365,1.1127372071328865,0.0,0.0
main,dfl_linear,2279-07-01,2279-04-01,0.0006349355558896,0.0014109679019768887,0.0011227793164098,0.0044835591253422,0.0529621816327096,0.004299277439713478,,0.017086524565886996,0.0019346748478710652,0.08783182193059229,0.7310095538816711,0.7296698452059855,0.5742787071944678,1.1181681654775761,1.1179516007067876,1.0928325231067897,0.02533564237078645,0.025119077599997874,0.00021656477078857428,0.7310095538816711,1.1181681654775757,0.0,0.0
main,dfl_linear,2279-10-01,2279-07-01,0.0004135531102422,0.0009190069116493334,0.0010307428024635,0.0041166010047476,0.0508691904240869,0.0022213198244571686,,0.008855717545200426,0.000999593921005726,0.07062955171997584,0.7435898158903752,0.7413666206421431,0.6430284072330688,1.1218479502585241,1.1214836475499166,1.1053695084373023,0.016478441821221823,0.01611413911261428,0.00036430270860754455,0.7435898158903732,1.1218479502585237,0.0,0.0
