split,model,date,feature_date,c_q_realised,pd_q_realised,pd_q_true,pd_a_true,k_irb_true,pd_q_hat,pd_q_hat_std,pd_a_hat,c_q_hat,k_irb_hat,alpha_oracle,alpha_bayes,alpha_hat,utility_oracle,utility_bayes_realised,utility,regret,regret_vs_bayes,regret_irreducible,alpha_oracle_panel,utility_oracle_panel,shortfall_realised_at_hat,shortfall_predicted_at_hat
main,dfl_linear,2205-01-01,2204-10-01,0.0042187598531352,0.009375021895856001,0.0089043353319676,0.0351444359140151,0.1074613202279435,0.027317117899656296,,0.10487210402252367,0.012292703054845333,0.15719274107939119,0.513136078085339,0.508348007351777,0.3869192061317618,1.06455888226412,1.063956483586729,1.0486792344977798,0.01587964776634032,0.01527724908894923,0.0006023986773910917,0.513136078085339,1.06455888226412,0.0,0.0
main,dfl_linear,2205-04-01,2205-01-01,0.0034232461935151,0.007607213763366889,0.0079183989742881,0.0312993716793125,0.1039738997079362,0.018100101500749588,,0.0704583359892883,0.008145045675337316,0.13542123951976642,0.5246668171795944,0.519199343694833,0.4337804801187944,1.0701833884384346,1.069452017970943,1.0580257468860792,0.012157641552355436,0.011426271084863826,0.0007313704674916099,0.5246668171795944,1.0701833884384344,0.0,0.0
main,dfl_linear,2205-07-01,2205-04-01,0.0041245385538991,0.009165641230886888,0.0084685995265581,0.0334465192714684,0.1059429563684654,0.01182557363063097,,0.046469824767107815,0.005321508133783937,0.11703354233952674,0.5174175811008095,0.5130264318981055,0.4804608469557483,1.065585066007781,1.065028467583551,1.0609006294194858,0.004684436588295204,0.004127838164065256,0.0005565984242299482,0.5174175811008095,1.0655850660077806,0.0,0.0
main,dfl_linear,2205-10-01,2205-07-01,0.0023262392138682,0.005169420475262666,0.0062246534527993,0.0246670991757008,0.0973664553077119,0.0157877616584301,,0.061671204611588815,0.007104492746293545,0.12895689958110207,0.5467686912881656,0.5407812984138218,0.44928054368612347,1.0791379924305124,1.0782713915085538,1.0650277911517618,0.014110201278750623,0.013243600356791951,0.0008666009219586712,0.5467686912881656,1.0791379924305122,0.0,0.0
main,dfl_linear,2206-01-01,2205-10-01,0.0017595730731917,0.0039101623848704446,0.0033671361566896,0.0134006715638823,0.0815489368124702,0.011288686655461788,,0.04439587797401612,0.005079908994957805,0.11533437759260745,0.6005698960095712,0.5979958293189734,0.48521359432251193,1.090328276353728,1.089941125734081,1.0729781960930174,0.01735008026071072,0.016962929641063607,0.00038715061964711417,0.6005698960095709,1.0903282763537274,0.0,0.0
main,dfl_linear,2206-04-01,2206-01-01,0.0024978021465479,0.005550671436773111,0.0047879071505227,0.0190145227802714,0.0905813394423869,0.0056719351559877396,,0.02249544438236961,0.002552370820194483,0.09493503965513539,0.5672820871553147,0.5643264955366244,0.5490566706412938,1.0811338064921456,1.0807110919311005,1.0785271713626947,0.0026066351294509182,0.0021839205684057728,0.0004227145610451455,0.5672820871553147,1.0811338064921456,0.0,0.0
main,dfl_linear,2206-07-01,2206-04-01,0.0017939302876212,0.0039865117502693335,0.0043616280148319,0.0173327008027219,0.0881997126701148,0.007861027494072914,,0.03107527475046279,0.0035374623723328116,0.10376473771940056,0.577388389884657,0.5729327373447376,0.5198620726106224,1.0866433042972732,1.0859746859709911,1.0780108650241673,0.008632439273105863,0.007963820946823796,0.0006686183262820666,0.577388389884657,1.086643304297273,0.0,0.0
main,dfl_linear,2206-10-01,2206-07-01,0.0018884110772265,0.004196469060503333,0.0047033264127217,0.018680993659858,0.0901259893114755,0.007899410091340542,,0.031225204107008908,0.0035547345411032437,0.10390475797449408,0.57072934248678,0.5659577850706677,0.5194182700766717,1.0851048134132768,1.0843932983861715,1.0774535172236148,0.0076512961896619824,0.0069397811625566685,0.0007115150271053139,0.57072934248678,1.0851048134132766,0.0,0.0
main,dfl_linear,2207-01-01,2206-10-01,0.001869051208312,0.004153447129582222,0.0028808944492213,0.0114738760515802,0.0774844893273908,0.007367903832346201,,0.029147496237430626,0.0033155567245557907,0.10193186761410726,0.6151819132021142,0.6141416967397252,0.5257269956814592,1.0918524964359342,1.091697182248612,1.0784960285092784,0.01335646792665579,0.013201153739333504,0.0001553141873222863,0.6151819132021138,1.091852496435934,0.0,0.0
main,dfl_linear,2207-04-01,2207-01-01,0.002011181421516,0.004469292047813333,0.0036319006627046,0.0144486498915651,0.0835050746448462,0.004335075616836548,,0.017227870704785597,0.0019507840275764467,0.08804370551946417,0.5927111032810054,0.5904581483812867,0.573502955819806,1.0876549697587587,1.087321784345984,1.0848143116784343,0.0028406580803244097,0.0025074726675495818,0.00033318541277482794,0.5927111032810054,1.0876549697587583,0.0,0.0
main,dfl_linear,2207-07-01,2207-04-01,0.0016647198335558,0.0036993774079017777,0.0042005788270487,0.0166967422965031,0.0872381192516666,0.006988484412431717,,0.027662267018157993,0.0031448179855942727,0.10047238767335687,0.5810479309926717,0.5764603884463314,0.5304706654236186,1.0879432322570681,1.0872488948399244,1.0802882214126655,0.0076550108444026765,0.006960673427258923,0.0006943374171437533,0.5810479309926717,1.0879432322570677,0.0,0.0
main,dfl_linear,2207-10-01,2207-07-01,0.0017223991728705,0.0038275537174899997,0.0030273122180746,0.0120543720493695,0.0787812781066042,0.008702798746526241,,0.0343593935684815,0.003916259435936808,0.10676309258976702,0.6108598251577774,0.6089163137683289,0.5104905883124566,1.092103006050591,1.0918099711612597,1.0769697331658172,0.01513327288477373,0.014840237995442429,0.0002930348893313006,0.6108598251577774,1.0921030060505903,0.0,0.0
main,dfl_linear,2208-01-01,2207-10-01,0.0014125085115902,0.0031389078035337775,0.0027493242916379,0.0109520275312476,0.0762579323692651,0.005676089320331812,,0.022511779792249276,0.0025542401941493153,0.09495402408741634,0.6216182376943268,0.6191508022523361,0.5489913616580422,1.0956514534156174,1.0952717769969986,1.0844759990472363,0.011175454368381077,0.010795777949762275,0.00037967641861880175,0.6216182376943268,1.095651453415617,0.0,0.0
main,dfl_linear,2208-04-01,2208-01-01,0.0019532420796421,0.0043405379547602225,0.0026284253964816,0.0104723224529781,0.0750748973771967,0.006214347667992115,,0.024626640424597168,0.0027964564505964518,0.09732271279533099,0.6241100921485541,0.6240456097406609,0.5409285974188242,1.0926601145378185,1.0926505409908172,1.0803103593807601,0.012349755157058384,0.01234018161005701,9.573547001373583e-06,0.6241100921485541,1.0926601145378183,0.0,0.0
main,dfl_linear,2208-07-01,2208-04-01,0.0006507436365878,0.0014460969701951111,0.0019101026200834,0.0076185473908837,0.0666374787022394,0.008131355047225952,,0.03213085275390615,0.0036591097712516786,0.10474363899624661,0.664503818194659,0.6609362847398546,0.5167720233072062,1.107312425144918,1.1067362950214503,1.083454838858273,0.023857586286645027,0.02328145616317734,0.0005761301234676885,0.6645038181946539,1.1073124251449165,0.0,0.0
main,dfl_linear,2208-10-01,2208-07-01,0.0022159331046589,0.004924295788130888,0.0036434769332056,0.014494451479142,0.0835870865576416,0.004260694142431021,,0.01693416453901475,0.0019173123640939594,0.08760141839245007,0.5917054033310968,0.5901452632209975,0.5751239664659367,1.086294711845155,1.086067179967837,1.0838764640005314,0.0024182478446235223,0.0021907159673055787,0.00022753187731794355,0.5917054033310966,1.086294711845155,0.0,0.0
main,dfl_linear,2209-01-01,2208-10-01,0.0009640220418716,0.002142271204159111,0.002378741525678,0.00948106944281,0.0724407179123238,0.004706145264208317,,0.01869211066993859,0.0021177653688937426,0.09014129363586419,0.6385502588604764,0.6351780846977138,0.5659028496482874,1.101120678244717,1.1005866614875917,1.0896162505347233,0.011504427709993603,0.010970410952868326,0.0005340167571252774,0.6385502588604764,1.1011206782447165,0.0,0.0
main,dfl_linear,2209-04-01,2209-01-01,0.0004523640493925,0.0010052534430944444,0.0015609190171255,0.006229072466016,0.0613401775825524,0.006451069377362728,,0.025555651879319297,0.0029029812198132277,0.0983140589303727,0.6896906429346935,0.6861038928273769,0.5376045823053922,1.112748115492368,1.1121617666423655,1.0878856399690695,0.024862475523298455,0.02427612667329604,0.0005863488500024161,0.6896906429346935,1.1127481154923675,0.0,0.0
main,dfl_linear,2209-07-01,2209-04-01,0.0007892416844833,0.0017538704099628888,0.0017976936226507,0.0071714075044362,0.0650384220230146,0.002709583844989538,,0.010794363831751475,0.0012193127302452921,0.07587520685973603,0.6710163387755935,0.6683570968490159,0.620727419532882,1.107434804258989,1.1070090394610996,1.099383166939553,0.008051637319435923,0.007625872521546562,0.00042576479788936084,0.6710163387755935,1.107434804258989,0.0,0.0
main,dfl_linear,2209-10-01,2209-07-01,0.0005684202618224,0.001263156137383111,0.0018252499303912,0.0072810348101683,0.0654390273980146,0.004052668809890747,,0.01611239646906326,0.0018237009644508362,0.08632079527177476,0.6702078301555914,0.6664841379845333,0.5798547964165452,1.1087853183632146,1.1081809042992647,1.0941195936459989,0.014665724717215722,0.01406131065326588,0.000604414063949843,0.6702078301555914,1.1087853183632144,0.0,0.0
main,dfl_linear,2210-01-01,2209-10-01,0.001004263789206,0.0022316973093466667,0.0021974380992677,0.0087608224119316,0.0703434887184261,0.004681802820414305,,0.01859610562225078,0.002106811269186437,0.0900088335315292,0.6470491892254928,0.6442835090685975,0.5663785672776867,1.10220618308414,1.1017693235421224,1.0894636644416578,0.012742518642482326,0.012305659100464661,0.00043685954201766464,0.6470491892254928,1.10220618308414,0.0,0.0
main,dfl_linear,2210-04-01,2210-01-01,0.0010796263166881,0.002399169592640222,0.0018742869089291,0.007476096251989,0.0661379433281445,0.004070238210260868,,0.016181821255979667,0.0018316071946173906,0.08643156815196182,0.6648159454862833,0.6632387351156016,0.5794433690053873,1.104511550936687,1.1042636075726435,1.0910906628908188,0.013420888045868162,0.013172944681824728,0.00024794336404343476,0.6648159454862833,1.1045115509366867,0.0,0.0
main,dfl_linear,2210-07-01,2210-04-01,0.0010599612192242,0.0023554693760537778,0.0018471050815835,0.0073679747393912,0.0657527029111844,0.004552654922008514,,0.018086636702853265,0.0020486947149038317,0.0892944732291155,0.6666103813874866,0.6650241040553422,0.5689538543636443,1.104924732547068,1.104675051879817,1.0895535573215562,0.01537117522551168,0.015121494558260729,0.00024968066725095106,0.6666103813874866,1.1049247325470672,0.0,0.0
main,dfl_linear,2210-10-01,2210-07-01,0.0010244724129566,0.0022766053621257774,0.0021740898053596,0.0086680403049964,0.0700607831571682,0.005046366713941097,,0.020033185344592308,0.0022708650212734938,0.09192616743302927,0.6481500637557452,0.6455280261345964,0.5595469637908508,1.1022490921132269,1.1018354518449591,1.0882714856352893,0.013977606477937554,0.01356396620966982,0.00041364026826773426,0.6481500637557452,1.1022490921132264,0.0,0.0
main,dfl_linear,2211-01-01,2210-10-01,0.0012962457668476,0.0028805461485502224,0.0041741443841042,0.0165923272573103,0.0870766625481495,0.0052964757196605206,,0.02101818048222226,0.0023834140738472342,0.09316729701007136,0.5828425879729018,0.5770557533694151,0.5551860842920373,1.0903624824054639,1.0894653057906598,1.0860746860452997,0.004287796360164187,0.003390619745360146,0.0008971766148040405,0.5828425879729018,1.0903624824054634,0.0,0.0
main,dfl_linear,2211-04-01,2211-01-01,0.0017057792717437,0.0037906206038748886,0.0055187512297212,0.0218929366303951,0.0942265502237582,0.007550835143774748,,0.029862968702991877,0.0033978758146986365,0.10261953225425394,0.5582465224638946,0.5515017949005695,0.5235144867181312,1.0842629621364672,1.0832448982425873,1.0790204321696328,0.005242529966834386,0.004224466072954458,0.001018063893879928,0.5582465224638946,1.0842629621364672,0.0,0.0
main,dfl_linear,2211-07-01,2211-04-01,0.0012498242964491,0.0027773873254424443,0.003017958837989,0.0120172967669007,0.0787004594305984,0.008421295322477818,,0.03326205586399367,0.003789582895115018,0.10577608644896684,0.6129318117945841,0.6092398965240611,0.5135449305541346,1.0953119736770158,1.0947378743656226,1.0798571390178464,0.015454834659169414,0.01488073534777623,0.0005740993113931836,0.6129318117945839,1.0953119736770154,0.0,0.0
main,dfl_linear,2211-10-01,2211-07-01,0.0009620163511792,0.0021378141137315555,0.0027569360876457,0.0109822239318029,0.076330571930882,0.005562460515648127,,0.02206488373494897,0.0025031072320416572,0.09443041836596766,0.6230817260001638,0.6188523060620438,0.5507966411925385,1.0986835818826963,1.0980137270444563,1.0872350819703285,0.011448499912367849,0.010778645074127846,0.0006698548382400027,0.6230817260001638,1.098683581882696,0.0,0.0
main,dfl_linear,2212-01-01,2211-10-01,0.0009462097696511,0.002102688377002444,0.0025812420162749,0.0102850599519314,0.0745976141597989,0.005801844410598278,,0.023006189310703085,0.002610829984769225,0.0955232674606576,0.629945760912347,0.6260384401597838,0.5470381926445754,1.0998702795000188,1.0992508210642804,1.086726287541763,0.013143991958255885,0.012524533522517478,0.000619458435738407,0.629945760912347,1.0998702795000186,0.0,0.0
main,dfl_linear,2212-04-01,2212-01-01,0.0022590792474754,0.00502017610550089,0.0035682819932567,0.0141969137271551,0.0830493244567832,0.005334937479346991,,0.021169587122404465,0.002400721865706146,0.09335338625677217,0.5934422105681392,0.5922014142610648,0.5545363375732208,1.0862919615507434,1.0861115383430309,1.0806346893904744,0.005657272160269011,0.005476848952556512,0.00018042320771249898,0.5934422105681392,1.086291961550743,0.0,0.0
main,dfl_linear,2212-07-01,2212-04-01,0.0020887600050431,0.004641688900095777,0.0056417599920617,0.0223767805168858,0.0947967845697029,0.007856234908103943,,0.031056552822107175,0.0035353057086467744,0.1037472293873427,0.5552916518880614,0.5495326129834653,0.5199176092721056,1.0816902875812133,1.0808430615465552,1.0764863272760616,0.005203960305151689,0.004356734270493545,0.0008472260346581439,0.5552916518880614,1.081690287581213,0.0,0.0
main,dfl_linear,2212-10-01,2212-07-01,0.0023155849106671,0.005145744245926889,0.0043464392216226,0.0172727357697729,0.088110590819454,0.011133803054690361,,0.043796948084374177,0.0050102113746106625,0.11483998636468924,0.5759500231244659,0.5732583872360477,0.48661204578806644,1.0834229920564564,1.083033124341684,1.0704829085866383,0.01294008346981812,0.012550215755045668,0.00038986771477245163,0.5759500231244659,1.083422992056456,0.0,0.0
main,dfl_linear,2213-01-01,2212-10-01,0.0013055307916976,0.0029011795371057776,0.0024999654808678,0.0099624254173888,0.0737537130455118,0.00883582141250372,,0.03487760842642551,0.003976119635626674,0.10722469677272078,0.6318746162347609,0.6295880058597858,0.5090724292382134,1.097905617847574,1.0975513197071092,1.078878070796272,0.01902754705130194,0.018673248910837215,0.0003542981404647261,0.6318746162347609,1.0979056178475737,0.0,0.0
main,dfl_linear,2213-04-01,2213-01-01,0.0007273110672795,0.0016162468161766666,0.001753727579901,0.0069964785223785,0.0643871388435592,0.004343507811427116,,0.01726116230865049,0.0019545785151422026,0.08809335387469848,0.6742431206693636,0.6714221915758899,0.5733213986715767,1.1083689994354542,1.1079156002772472,1.0921481649932048,0.01622083444224942,0.015767435284042453,0.0004533991582069685,0.6742431206693636,1.1083689994354538,0.0,0.0
main,dfl_linear,2213-07-01,2213-04-01,0.0004067198156924,0.0009038218126497777,0.0021654386192681,0.0086336603246459,0.06995526057252,0.003923630341887474,,0.015602393495384614,0.0017656336538493633,0.085491466055097,0.6512028457932676,0.6459936185134503,0.5829485883310899,1.1067535070790748,1.1058995438556571,1.0955643954155814,0.011189111663493456,0.01033514844007577,0.0008539632234176864,0.6512028457932676,1.1067535070790748,0.0,0.0
main,dfl_linear,2213-10-01,2213-07-01,0.0016370923362174,0.003637982969372,0.0035693990710726,0.0142013343688778,0.0830574016880372,0.005206778645515442,,0.020665015218303218,0.002343050390481949,0.09272851259356345,0.5956121393170265,0.592170451764878,0.5567223642336672,1.0903121187189209,1.0897902588133124,1.0844152980323785,0.005896820686542403,0.005374960780933913,0.0005218599056084905,0.5956121393170265,1.0903121187189206,0.0,0.0
main,dfl_linear,2214-01-01,2213-10-01,0.001173864956063,0.002608588791251111,0.0032349993397289,0.0128773413449552,0.0805099801704844,0.008373299613595009,,0.03307486894018685,0.003767984826117754,0.10560634044090235,0.6064875499512477,0.6020592480128264,0.5140732440224383,1.0947705635800469,1.0940785911389952,1.080329779335694,0.0144407842443528,0.01374881180330112,0.0006919724410516803,0.6064875499512477,1.0947705635800462,0.0,0.0
main,dfl_linear,2214-04-01,2214-01-01,0.0026860006788261,0.005968890397391333,0.0046749452903408,0.0185690586887504,0.0899713956675443,0.007029902655631304,,0.02782448065012788,0.003163456195034087,0.10063406463794392,0.5686425521164761,0.5665131264385326,0.529941974807391,1.0802582059456254,1.0799576588198951,1.0747960067269307,0.00546219921869473,0.005161652092964486,0.0003005471257302439,0.5686425521164761,1.0802582059456252,0.0,0.0
main,dfl_linear,2214-07-01,2214-04-01,0.0009183739454507,0.0020408309898904443,0.0025115300082885,0.0100083366642157,0.0738755152268986,0.007962100207805634,,0.03147004560461231,0.003582945093512535,0.10413270116038141,0.6329358646901855,0.6290736161464444,0.5186970803662672,1.1005205071952233,1.099907119324209,1.0823775306596355,0.01814297653558783,0.017529588664573437,0.0006133878710143925,0.632935865946822,1.1005205073947977,0.0,0.0
main,dfl_linear,2214-10-01,2214-07-01,0.0008697510334771,0.0019327800743935554,0.0020341406589018,0.0081117699160502,0.0683002074661042,0.0079727778211236,,0.03151174329127793,0.00358775001950562,0.10417143389631055,0.6562973414823992,0.6533730160271708,0.5185746935368052,1.1045498004588172,1.1040839481332074,1.0826102397577961,0.0219395607010211,0.021473708375411293,0.0004658523256098057,0.6562973414823989,1.1045498004588166,0.0,0.0
main,dfl_linear,2215-01-01,2214-10-01,0.0007360961045155,0.0016357691211455554,0.0017268158948143,0.0068893928082797,0.06398091750669,0.004754376132041216,,0.018882309336220038,0.002139469259418547,0.09040176902405206,0.6760547448254124,0.6733467368079009,0.5649690155571794,1.1086007844896173,1.1081657726842018,1.0907560796983702,0.017844704791247112,0.017409692985831615,0.0004350118054154972,0.6760547448254124,1.1086007844896169,0.0,0.0
main,dfl_linear,2215-04-01,2215-01-01,0.0010802483265514,0.002400551836780889,0.0018803013992498,0.0075000189758606,0.0662224647236623,0.0052613611333072186,,0.020879934819422075,0.0023676125099882485,0.09299633298195165,0.6644398410088967,0.6628481582406894,0.555783960599685,1.1044482930260553,1.1041980844474637,1.0873678584471278,0.017080434578927495,0.0168302260003359,0.00025020857859159307,0.6644398410088965,1.1044482930260549,0.0,0.0
main,dfl_linear,2215-07-01,2215-04-01,0.0025201033724948,0.005600229716655111,0.0052892965015441,0.0209899171859416,0.0931324268843816,0.0039497301913797855,,0.01570556477962659,0.0017773785861209036,0.08566149980978596,0.5591198463199968,0.555307958257094,0.5823123239521402,1.0798417360783614,1.0792974024034223,0.6683503440493723,0.4114913920289891,0.41094705835405,0.0005443336749391126,0.5591198463199968,1.0798417360783612,0.041480325386021644,0.0
main,dfl_linear,2215-10-01,2215-07-01,0.0043773970160798,0.009727548924621778,0.0077614904742756,0.0306863840934071,0.1033999495030584,0.008637303486466408,,0.034104167786558226,0.0038867865689098838,0.1065347170258309,0.5236223120673448,0.5210211189750996,0.5111946387449746,1.0650475209633499,1.0647243850726549,1.0635036804463733,0.0015438405169765357,0.0012207046262815435,0.00032313589069499216,0.5236223120673448,1.0650475209633496,0.0,0.0
main,dfl_linear,2216-01-01,2215-10-01,0.0030182901872812,0.0067073115272915556,0.0059593919475101,0.0236253269902495,0.0962222196888371,0.017698267474770546,,0.0689357741764739,0.007964220363646746,0.1343253149769842,0.5481238782753046,0.5446534179423519,0.4363466774741654,1.0755408423181225,1.075062553545869,1.0601360328669296,0.015404809451192936,0.014926520678939514,0.00047828877225342126,0.5481238782753046,1.0755408423181223,0.0,0.0
main,dfl_linear,2216-04-01,2216-01-01,0.0038255507944006,0.00850122398755689,0.0077427304202276,0.0306130755436249,0.1033309195657699,0.009960159659385681,,0.03924935249512018,0.0044820718467235565,0.11102428417241131,0.5253301786149756,0.5212409168484453,0.4976473521435168,1.0681586971860846,1.067628137995302,1.064567002926871,0.0035916942592135737,0.0030611350684310867,0.0005305591907824869,0.5253301786149756,1.0681586971860844,0.0,0.0
main,dfl_linear,2216-07-01,2216-04-01,0.0041157617642862,0.009146137253969334,0.007146307828952,0.0282802702538085,0.1010852559313895,0.01456803921610117,,0.057011112193875,0.006555617647245527,0.1253979818027377,0.5307826878036044,0.5284707753485143,0.45821222042464654,1.0673257406349341,1.0670324921513294,1.0581207296638162,0.009205010971117922,0.008911762487513242,0.00029324848360468003,0.5307826878036044,1.067325740634934,0.0,0.0
main,dfl_linear,2216-10-01,2216-07-01,0.0021816529708948,0.004848117713099555,0.0051773763943779,0.0205492286240015,0.0925831773290575,0.01505880244076252,,0.058888212543631746,0.006776461098343134,0.12684194362840037,0.5619087736619353,0.5572325261883782,0.45455222610947676,1.082141774520891,1.0814581844372664,1.0664480218412062,0.015693752679684758,0.01501016259606014,0.0006835900836246189,0.5619087736619353,1.0821417745208908,0.0,0.0
main,dfl_linear,2217-01-01,2216-10-01,0.0022675893209691,0.005039087379931333,0.0062525518242834,0.0247766171020256,0.0974845935281928,0.010454577393829823,,0.0411670791638058,0.0047045598272234205,0.11264764427399732,0.546590900114667,0.5403837736167896,0.49289957754197533,1.079432834338875,1.0785307892248364,1.0716301908436083,0.0078026434952667145,0.006900598381228029,0.0009020451140386854,0.546590900114667,1.0794328343388748,0.0,0.0
main,dfl_linear,2217-04-01,2217-01-01,0.0026564349674715,0.005903188816603334,0.008119675077593,0.0320852625157682,0.1047016827031845,0.01190357469022274,,0.04677085485332555,0.005356608610600233,0.11727859239465414,0.5247742844905341,0.5169038591024051,0.47978218742520545,1.0742217922009047,1.0731086334677975,1.0678583056929718,0.006363486507932947,0.005250327774825703,0.0011131587331072446,0.5247742844905341,1.0742217922009043,0.0,0.0
main,dfl_linear,2217-07-01,2217-04-01,0.0023634005346973,0.005252001188216222,0.0083933052281202,0.0331528956656254,0.1056771481419684,0.011239700019359589,,0.04420647866252403,0.005057865008711815,0.11517822186495522,0.522901655997372,0.5138527549882955,0.4856545361196157,1.0754892176737756,1.0741828640790831,1.0701120001646627,0.005377217509112908,0.004070863914420464,0.0013063535946924443,0.522901655997372,1.0754892176737751,0.0,0.0
main,dfl_linear,2217-10-01,2217-07-01,0.0034607567945776,0.007690570654616889,0.0080245420270723,0.0317138712194878,0.1043588367036107,0.011987177655100822,,0.04709342527073468,0.00539422994479537,0.11754074703341107,0.5235065058526583,0.5179831907919952,0.479058028024109,1.069831806011895,1.069095037582951,1.0639027154532366,0.005929090558658423,0.005192322129714544,0.0007367684289438792,0.5235065058526583,1.0698318060118948,0.0,0.0
main,dfl_linear,2218-01-01,2217-10-01,0.0051609801835403,0.011468844852311777,0.0100487149893435,0.039593048466691,0.1113169148666515,0.011409084312617779,,0.04486125743231495,0.005134087940678001,0.11571735760034059,0.5008065564459403,0.4967856537066957,0.48413514123023477,1.0582889743468724,1.057820980680251,1.0563485850262322,0.0019403893206402234,0.0014723956540187988,0.0004679936666214246,0.5008065564459403,1.0582889743468722,0.0,0.0
main,dfl_linear,2218-04-01,2218-01-01,0.0048440573944939,0.010764571987764222,0.0108993555008204,0.0428898113859833,0.114087840971212,0.020781539380550385,,0.08057063662570596,0.009351692721247673,0.14242593672121048,0.49472646640803497,0.4887532342731344,0.4179139237545896,1.059149212377993,1.0584350561722502,1.0499655488645172,0.009183663513475882,0.008469507307732993,0.0007141562057428885,0.4947264664080349,1.0591492123779926,0.0,0.0
main,dfl_linear,2218-07-01,2218-04-01,0.0037072592019142,0.008238353782031554,0.0076098504054138,0.030093702069317,0.102839359954071,0.023711510002613068,,0.0915256354921622,0.01067017950117588,0.14944989963453223,0.5270186080421826,0.5228102675767383,0.4028193370422814,1.0690011803086428,1.068450193199601,1.0527400916835135,0.016261088625129316,0.01571010151608765,0.0005509871090416674,0.5270186080421826,1.0690011803086426,0.0,0.0
main,dfl_linear,2218-10-01,2218-07-01,0.0038010187594274,0.00844670835428311,0.010026497672446,0.0395068285314544,0.1112435776775513,0.014601083472371101,,0.05713758992304807,0.0065704875625669954,0.12549571014777755,0.5044273636126345,0.4970013641497854,0.45796291633448566,1.0655704183683212,1.0646051140912205,1.059530513583099,0.006039904785222205,0.005074600508121474,0.0009653042771007314,0.5044273636126345,1.065570418368321,0.0,0.0
main,dfl_linear,2219-01-01,2218-10-01,0.0031531479457376,0.007006995434972445,0.0078722998144556,0.0311193082743771,0.1038058960074525,0.013688446953892708,,0.05363977063989722,0.006159801129251719,0.12277006646044478,0.5258755881391602,0.5197315533910891,0.46500501585570164,1.0717654635028335,1.0709269961706014,1.063458546558727,0.008306916944106568,0.007468449611874428,0.0008384673322321401,0.5258755881391602,1.071765463502833,0.0,0.0
main,dfl_linear,2219-04-01,2219-01-01,0.0024593091391531,0.005465131420340222,0.00488247285474,0.0193873251677414,0.0910812776225396,0.013749049976468086,,0.05387234220187165,0.006187072489410639,0.12295276431090911,0.5658009813889012,0.5625430573842758,0.4645271256680134,1.0811397696286202,1.0806725608186354,1.0666163990568276,0.014523370571792649,0.014056161761807795,0.0004672088099848537,0.5658009813889002,1.0811397696286198,0.0,0.0
main,dfl_linear,2219-07-01,2219-04-01,0.0026276826742203,0.005839294831600666,0.0059905859709823,0.0237478798139066,0.0963588334644938,0.008164357393980026,,0.032259661580380294,0.0036739608272910117,0.10486203027191919,0.5488880333225394,0.5441890308219512,0.5164003035194706,1.0777901538457018,1.0771241963001716,1.0731858896860689,0.004604264159632887,0.003938306614102771,0.0006659575455301159,0.5488880333225394,1.077790153845701,0.0,0.0
main,dfl_linear,2219-10-01,2219-07-01,0.0020066845050979,0.0044592989002175554,0.004183636075456,0.0166298200321679,0.0871347575379218,0.008687394671142101,,0.03429937061110211,0.003909327602013945,0.10670944659746252,0.5802434870283152,0.5768414280962691,0.5106558275271673,1.08583724967472,1.08533397236358,1.075542927659197,0.010294322015522939,0.009791044704382967,0.0005032773111399713,0.5802434870283152,1.08583724967472,0.0,0.0
main,dfl_linear,2220-01-01,2219-10-01,0.002357718068952,0.00523937348656,0.0031064845226184,0.0123681564341716,0.0794548531201855,0.007462656125426292,,0.029518136399700357,0.0033581952564418318,0.10228926254102959,0.6060144340156336,0.6062299913371121,0.5245752967373934,1.0875223131033827,1.0839964842489236,1.075760643295446,0.011761669807936581,0.008235840953477513,0.0035258288544590677,0.6060144340156336,1.0875223131033824,0.0,0.0
main,dfl_linear,2220-04-01,2220-01-01,0.0014568965802962,0.0032375479562137778,0.0033055452543752,0.0131567655954094,0.0810702150798438,0.00802068505436182,,0.03169881167370492,0.003609308274462819,0.10434489423725789,0.6034015702564812,0.5998628557290144,0.518027160424041,1.0925805269605686,1.092037578330891,1.0794814429660156,0.013099083994553062,0.012556135364875542,0.0005429486296775199,0.6034015702564812,1.0925805269605684,0.0,0.0
main,dfl_linear,2220-07-01,2220-04-01,0.0010612677488832,0.002358372775296,0.0023500252155841,0.009367017033925,0.0721196076494626,0.007794721517711878,,0.030816230635012265,0.003507624682970345,0.10352200937218886,0.6394643720879296,0.6365579700702393,0.5206328437702264,1.1006435853642045,1.100186154532499,1.0819410092923711,0.018702576071833343,0.01824514524012777,0.0004574308317055742,0.6394643720879296,1.100643585364204,0.0,0.0
main,dfl_linear,2220-10-01,2220-07-01,0.0007958182831825,0.0017684850737388889,0.0021932494651889,0.0087441779794478,0.0702929942298721,0.005088966805487871,,0.020201008220146477,0.0022900350624695423,0.09214153069772553,0.6481351223938753,0.6445054899646727,0.5587868291339372,1.1037287227584334,1.103147829788811,1.0894292595442379,0.014299463214195507,0.013718570244573236,0.0005808929696222709,0.6481351223938753,1.1037287227584334,0.0,0.0
main,dfl_linear,2221-01-01,2220-10-01,0.0008894137659766,0.0019764750355035555,0.0019684218833172,0.0078504699180481,0.067431910138876,0.004788356367498636,,0.019016293960643305,0.0021547603653743865,0.09058373683527485,0.6599731058903634,0.6573035493342206,0.564317924143048,1.1050055901340488,1.1045808480361172,1.0897862899548305,0.015219300179218243,0.014794558081286713,0.00042474209793152973,0.6599731058903634,1.1050055901340483,0.0,0.0
main,dfl_linear,2221-04-01,2221-01-01,0.001163024584398,0.00258449907644,0.0022580082370254,0.0090014873656494,0.0710630385702882,0.005819372367113829,,0.02307508604751418,0.002618717565201223,0.09560179162432801,0.6433927255151394,0.6411344719811974,0.5467695357441438,1.100607162314574,1.100254039764649,1.0854982178843129,0.015108944430261007,0.014755821880336084,0.0003531225499249224,0.6433927255151394,1.1006071623145737,0.0,0.0
main,dfl_linear,2221-07-01,2221-04-01,0.0007993322033933,0.0017762937853184444,0.0023252684414251,0.0092686827862457,0.0718395380149797,0.005283431150019169,,0.02096682589296106,0.002377544017508626,0.09310390653267474,0.6416884222743734,0.6377656559209542,0.5554076610255521,1.1026744327374094,1.1020467639247615,1.088868934757602,0.013805497979807457,0.013177829167159594,0.0006276688126478636,0.6416884222743728,1.102674432737409,0.0,0.0
main,dfl_linear,2221-10-01,2221-07-01,0.0004894543672361,0.0010876763716357778,0.001635604309198,0.0065263835231821,0.0625591867646234,0.005252900533378124,,0.020846623360440963,0.002363805240020156,0.09295498568197366,0.6837670327025457,0.6801611827947861,0.5559286904171574,1.1115261338907443,1.1109380000960898,1.0906750027361172,0.02085113115462711,0.020262997359972612,0.0005881337946544996,0.6837670327025452,1.1115261338907438,0.0,0.0
main,dfl_linear,2222-01-01,2221-10-01,0.0010433028323506,0.002318450738556889,0.0016194874876904,0.006462230495523,0.0623004521266238,0.003382093273103237,,0.01345989637716305,0.0015219419728964567,0.08166377413886003,0.6823900394899258,0.6814147093349963,0.5975492835402023,1.1075221320246307,1.1073684522057337,1.0941540310348883,0.013368100989742393,0.01321442117084537,0.00015367981889702342,0.6823900394899258,1.107522132024631,0.0,0.0
main,dfl_linear,2222-04-01,2222-01-01,0.0006765103548304,0.0015033563440675557,0.0017514651892414,0.0069874764570913,0.0643532133397385,0.005832449067384005,,0.023126483960067445,0.002624602080322802,0.09566024749241385,0.6746285236024662,0.6715825428805152,0.5465696603815535,1.1087736601464042,1.108282541760106,1.0881261025952584,0.02064755755114578,0.02015643916484766,0.0004911183862981172,0.6746285236024662,1.1087736601464036,0.0,0.0
main,dfl_linear,2222-07-01,2222-04-01,0.0013653159633089,0.003034035474019778,0.0035150406355875,0.013986203046161,0.0826611816532512,0.0036492065992206335,,0.014517120348411572,0.0016421429696492852,0.08362757541320955,0.5979913555042184,0.59369220250075,0.5899908862041774,1.0922980762888024,1.0916345156064626,1.0910632291308886,0.0012348471579137765,0.0005712864755740288,0.0006635606823397477,0.5979913555042184,1.092298076288802,0.0,0.0
main,dfl_linear,2222-10-01,2222-07-01,0.0013253528247037,0.0029452284993415553,0.0026349042701956,0.0104980338831183,0.0751397330894353,0.0057263849303126335,,0.022709540846396203,0.0025768732186406853,0.09518294785804869,0.6263109957631143,0.6237757058065527,0.5482047027929221,1.096919416814427,1.0965270896387778,1.0848327435555865,0.012086673258840497,0.01169434608319131,0.0003923271756491875,0.6263109957631139,1.0969194168144265,0.0,0.0
main,dfl_linear,2223-01-01,2222-10-01,0.0008400808033419,0.0018668462296486667,0.0013579689645217,0.0054208213932469,0.0577459192523794,0.0055326614528894424,,0.021947660244704625,0.002489697653800249,0.09429158161942364,0.7052882502645372,0.7041899333499568,0.5512767225631046,1.1125634348457438,1.112388144353653,1.0879833194710566,0.024580115374687184,0.02440482488259632,0.00017529049209086267,0.7052882502645372,1.1125634348457432,0.0,0.0
main,dfl_linear,2223-04-01,2223-01-01,0.0007264666113906,0.0016143702475346665,0.0013400640764908,0.0053494912981609,0.0574069685486768,0.0035946406424045563,,0.014301219546319355,0.0016175882890820503,0.08323919791209919,0.7075466546007271,0.7059407312686115,0.5914742015400435,1.1137277477672367,1.113469619144253,1.0950708032695498,0.018656944497686956,0.018398815874703267,0.00025812862298368877,0.7075466546007265,1.113727747767236,0.0,0.0
main,dfl_linear,2223-07-01,2223-04-01,0.0007153205657489,0.0015896012572197775,0.0011474336044446,0.0045818408356478,0.053499914478379,0.0034351691137999296,,0.013670036140205788,0.0015458261012099683,0.08206692350786349,0.7277213456034337,0.7267204299505076,0.5959856794642748,1.1170516456149309,1.1168906515407504,1.0958623860158718,0.02118925959905904,0.021028265524878575,0.00016099407418046496,0.7277213456034337,1.1170516456149309,0.0,0.0
main,dfl_linear,2223-10-01,2223-07-01,0.0003803866460212,0.0008453036578248889,0.0011398549969398,0.0045516302935018,0.053335602528553,0.002766265533864498,,0.011019233399223505,0.0012448194902390242,0.07641931445542018,0.7303748697681332,0.7276193005560447,0.6184879570645745,1.1199247296505537,1.1194722758402271,1.1015533311909256,0.018371398459628097,0.01791894464930155,0.0004524538103265474,0.7303748697681332,1.1199247296505537,0.0,0.0
main,dfl_linear,2224-01-01,2223-10-01,0.0005358301882207,0.0011907337516015555,0.0012247484013501,0.0048900008998035,0.0551282651376735,0.0028749259654432535,,0.011450207644963184,0.0012937166844494642,0.07743014712672665,0.7201285445271798,0.717923465230955,0.6143622325557747,1.1171229293449951,1.116764291503772,1.0999209167623096,0.0172020125826855,0.01684337474146247,0.00035863784122303066,0.7201285445271798,1.1171229293449945,0.0,0.0
main,dfl_linear,2224-04-01,2224-01-01,0.0007168938695722,0.001593097487938222,0.0013900154045852,0.0055484795004911,0.058343197222563,0.003976717125624418,,0.015812234133480874,0.0017895227065309882,0.08583607356991482,0.7029378233079159,0.7011241780748647,0.5816601253062019,1.1130542361535312,1.11276254566587,1.0935490152713758,0.01950522088215534,0.01921353039449425,0.0002916904876610893,0.7029378233079159,1.113054236153531,0.0,0.0
main,dfl_linear,2224-07-01,2224-04-01,0.000781848626242,0.0017374413916488888,0.0014594476911472,0.0058250232690947,0.0595976840001556,0.002718924777582288,,0.010831424143173063,0.0012235161499120296,0.07596569587113926,0.6964780933562874,0.6947643717933536,0.6203540635750162,1.1115629152788737,1.1112884087647976,1.099369252956705,0.012193662322168786,0.011919155808092663,0.0002745065140761227,0.6964780933562874,1.111562915278873,0.0,0.0
main,dfl_linear,2224-10-01,2224-07-01,0.0010066363598876,0.002236969688639111,0.0016244000058747,0.0064817851093189,0.0623795632291212,0.003585983533412218,,0.014266962753511692,0.0016136925900354982,0.08317700148283293,0.6821924499583225,0.6810309847851491,0.5917122666220647,1.1077411343473096,1.1075576999289567,1.0934512699707741,0.014289864376535455,0.014106429958182565,0.0001834344183528902,0.6821924499583225,1.1077411343473094,0.0,0.0
main,dfl_linear,2225-01-01,2224-10-01,0.0010760025231802,0.002391116718178222,0.0020448682758403,0.0081544183706379,0.0684393344984852,0.003565887687727809,,0.01418743862818106,0.001604649459477514,0.08303200288281525,0.6548130674490739,0.652747046276949,0.5922678260013927,1.1029627902035788,1.102637929086603,1.0931281780164745,0.009834612187104241,0.009509751070128525,0.0003248611169757165,0.6548130674490739,1.1029627902035786,0.0,0.0
main,dfl_linear,2225-04-01,2225-01-01,0.0017128098020261,0.0038062440045024447,0.0040048760960594,0.0159235268690708,0.0860169068375091,0.004633928183466196,,0.018407270553047916,0.0020852676825597882,0.08974632933155906,0.5850357682943254,0.5809856653096664,0.5673229885163249,1.0882654590887428,1.0876544123482337,1.0855930983142876,0.002672360774455207,0.002061314033946049,0.000611046740509158,0.5850357682943254,1.0882654590887426,0.0,0.0
main,dfl_linear,2225-07-01,2225-04-01,0.0020091216107234,0.004464714690496444,0.004347553936242,0.0172771367327253,0.088117142322916,0.006035759113729,,0.023925332339456484,0.00271609160117805,0.09655566732596603,0.5769466032846882,0.573234439175067,0.5435209325221833,1.0853354704629004,1.0847864087838357,1.0803915201496181,0.004943950313282208,0.004394888634217553,0.0005490616790646552,0.5769466032846882,1.0853354704629,0.0,0.0
main,dfl_linear,2225-10-01,2225-07-01,0.0023590540352989,0.0052423423006642215,0.0049725905102644,0.019742493313501,0.0915491178618924,0.00855972245335579,,0.03380177999825795,0.003851875104010105,0.10626322644379856,0.5646266782383562,0.5608812697227441,0.5120336978908164,1.0815374335066879,1.0809965610867904,1.0739425096334736,0.007594923873214254,0.007054051453316834,0.0005408724198974202,0.5646266782383562,1.0815374335066872,0.0,0.0
main,dfl_linear,2226-01-01,2225-10-01,0.0036301336715281,0.008066963714506888,0.0072761890841334,0.0287886368590588,0.1015833532409856,0.0050895679742097855,,0.0202033763674645,0.0022903055883944034,0.09214455780617013,0.5307475605941983,0.5268538368059072,0.5587761544508394,1.0698987442718813,1.0693859460537631,0.5454937062517549,0.5244050380201264,0.5238922398020083,0.0005127982181181157,0.5307475605941983,1.069898744271881,0.05280963663647964,0.0
main,dfl_linear,2226-04-01,2226-01-01,0.0030935606422777,0.006874579205061556,0.0071992972010059,0.028487699391402,0.1012891322872245,0.014001606032252312,,0.05484109564430517,0.00630072271451354,0.1237115283426609,0.5330982113660909,0.5278080319243085,0.462551514024986,1.0730687830579955,1.0723436878208927,1.063399342768061,0.009669440289934439,0.008944345052831704,0.0007250952371027353,0.5330982113660909,1.0730687830579952,0.0,0.0
main,dfl_linear,2226-07-01,2226-04-01,0.0019975691441399,0.004439042542533111,0.0045642316572521,0.0181323132634421,0.089359325175054,0.01024960819631815,,0.04037240200831549,0.004612323688343168,0.11197768248422933,0.5728791067868391,0.5687193796392501,0.4948494071666616,1.0848000336697907,1.0841842929349763,1.0732497413364788,0.011550292333311951,0.010934551598497544,0.0006157407348144073,0.5728791067868382,1.0848000336697905,0.0,0.0
main,dfl_linear,2226-10-01,2226-07-01,0.0014600448491233,0.003244544109162889,0.0039519764323727,0.0157144436689659,0.0856760781532973,0.00799169484525919,,0.03158561381128133,0.0035962626803666352,0.10423999040766377,0.5870745298182256,0.5822578194155705,0.5183581817602274,1.090056969576336,1.0893180883608211,1.0795159126029188,0.010541056973417229,0.00980217575790232,0.0007388812155149083,0.5870745298182256,1.090056969576336,0.0,0.0
main,dfl_linear,2227-01-01,2226-10-01,0.0011846296064936,0.002632510236652444,0.0033733407894369,0.013425240006522,0.0815966409006478,0.004987165331840515,,0.01979992595994684,0.002244224399328232,0.09162402279691693,0.6024776088792962,0.5978102683158136,0.5606158391883127,1.094079110164443,1.0933502876479282,1.0875422397739192,0.006536870390523752,0.005808047874009015,0.0007288225165147377,0.6024776088792962,1.0940791101644425,0.0,0.0
main,dfl_linear,2227-04-01,2227-01-01,0.0021582611471309,0.004796135882513111,0.0040167466594623,0.0159704400840161,0.0860927386619806,0.0074507491663098335,,0.029471566078154376,0.0033528371248394253,0.10224449557177312,0.5832570156802553,0.5807031690092614,0.524719343032455,1.0853989690769408,1.0850250415166711,1.0768280359173024,0.008570933159638416,0.008197005599368756,0.0003739275602696601,0.5832570156802552,1.0853989690769406,0.0,0.0
main,dfl_linear,2227-07-01,2227-04-01,0.0020273567420297,0.004505237204510445,0.0045977083391549,0.0182643881403254,0.0895459395116632,0.005466891452670097,,0.021688897058321555,0.002460101153701544,0.09398283400303957,0.5721697807901633,0.5680454314366781,0.5523464435169005,1.0845246005460416,1.083915325129338,1.081596169648838,0.0029284308972035156,0.0023191554804999903,0.0006092754167035253,0.5721697807901633,1.084524600546041,0.0,0.0
main,dfl_linear,2227-10-01,2227-07-01,0.0016211055152414,0.0036024567005364444,0.0036998572300404,0.014717497660185,0.0839825766706093,0.006997871678322554,,0.027699033815978602,0.003149042255245149,0.10050908462782758,0.5924041273243262,0.5886399043562763,0.5303505945617799,1.0899203974099145,1.089349029977423,1.0805013571478224,0.009419040262092171,0.008847672829600528,0.0005713674324916429,0.5924041273243262,1.089920397409914,0.0,0.0
main,dfl_linear,2228-01-01,2227-10-01,0.0014306651815313,0.0031792559589584445,0.0026156771719497,0.0104217296219975,0.0749468322929104,0.0071966866962611675,,0.02847748123798588,0.0032385090133175256,0.10127910997968397,0.6266547568094842,0.6245792972781984,0.5278405801411252,1.0963126677299104,1.095993683405525,1.0811255860696372,0.015187081660273272,0.014868097335887898,0.00031898432438537405,0.6266547568094842,1.0963126677299102,0.0,0.0
main,dfl_linear,2228-04-01,2228-01-01,0.0008556149753082,0.001901366611796,0.0021795132658271,0.0086895927854645,0.0701267216786819,0.005196013953536749,,0.020622624858791405,0.002338206279091537,0.09267539042260496,0.6485827244583663,0.6452373779659243,0.5569087600500788,1.1034125267912778,1.1028791318661124,1.0887956769386216,0.01461684985265621,0.014083454927490857,0.0005333949251653536,0.6485827244583663,1.103412526791277,0.0,0.0
main,dfl_linear,2228-07-01,2228-04-01,0.0006520523375903,0.001449005194645111,0.0016690980234554,0.0066596953564713,0.0630895322167119,0.004301793407648802,,0.017096459155099164,0.001935807033441961,0.08784677246475756,0.6805425417958315,0.67760472608542,0.574223921103915,1.1098936534696235,1.109419256526288,1.092725378244897,0.017168275224726637,0.016693878281391017,0.0004743969433356199,0.6805425417958315,1.1098936534696235,0.0,0.0
main,dfl_linear,2228-10-01,2228-07-01,0.0003528094397464,0.0007840209772142222,0.0011655346236485,0.0046539940003749,0.0538888884900245,0.005006047431379557,,0.019874327848602324,0.0022527213441208005,0.09172075673913314,0.7275812261608462,0.7246008106513113,0.5602733199622014,1.119666670747304,1.119176476128963,1.0921492205924426,0.0275174501548614,0.027027255536520522,0.0004901946183408779,0.7275812261608462,1.1196666707473035,0.0,0.0
main,dfl_linear,2229-01-01,2228-10-01,0.0007705850578187,0.001712411239597111,0.0010299369850878,0.0041133876881727,0.0508502384001274,0.002942481078207493,,0.011718076974790548,0.0013241164851933718,0.07803832634145577,0.7417251746690623,0.7414741402451059,0.6119012855456676,1.118894205978323,1.118853966628859,1.0980841960966568,0.020810009881666147,0.020769770532202303,4.023934946384422e-05,0.7417251746690623,1.118894205978323,0.0,0.0
main,dfl_linear,2229-04-01,2229-01-01,0.0004671834679395,0.00103818548431,0.00101913090179,0.0040702960733018,0.0505949897362648,0.0017421102384105325,,0.00695025240479108,0.0007839496072847397,0.06421249660983526,0.744811408001871,0.7429251666529254,0.6722483794035854,1.1216486807788022,1.1213406044399268,1.1097970944477376,0.011851586331064645,0.011543509992189227,0.0003080763388754182,0.744811408001871,1.1216486807788018,0.0,0.0
main,dfl_linear,2229-07-01,2229-04-01,0.0002802582730683,0.000622796162374,0.0010155708858712,0.0040560994268513,0.050510447658084,0.0016236593946814537,,0.006478837074413324,0.0007306467276066542,0.06236765035822439,0.7463204054626841,0.7434069420126315,0.6810887435079085,1.123290203437825,1.122808906800567,1.1125141013587108,0.01077610207911417,0.010294805441856347,0.000481296637257822,0.7463204054626841,1.1232902034378247,0.0,0.0
main,dfl_linear,2229-10-01,2229-07-01,0.0004655768937164,0.0010346153193697776,0.001049663377489,0.0041920473755537,0.0513109549300867,0.0018413056386634707,,0.007344905075527319,0.0008285875373985618,0.06566981116168438,0.7408695280928175,0.7388685648756989,0.6654093800925185,1.1210167633842074,1.120689917586122,1.108690783533211,0.012325979850996482,0.011999134052911087,0.0003268457980853956,0.7408695280928175,1.1210167633842072,0.0,0.0
main,dfl_linear,2230-01-01,2229-10-01,0.0006121159050349,0.0013602575667442222,0.0011257803322921,0.0044955227465949,0.0530281338129241,0.0024269060231745243,,0.009672341997607137,0.001092107710428536,0.07297047672768808,0.7307791333342187,0.7293068971188466,0.6329126201097386,1.1182976790943338,1.118059355202185,1.1024551613657712,0.0158425177285626,0.01560419383641376,0.00023832389214883953,0.7307791333342187,1.1182976790943335,0.0,0.0
main,dfl_linear,2230-04-01,2230-01-01,0.0003777020014572,0.000839337781016,0.0011667098205113,0.0046586783619176,0.0539139748885554,0.00243609631434083,,0.009708835659317905,0.0010962433414533734,0.07307033068285627,0.7273167498499505,0.7244645046394468,0.6324871302027719,1.119442124053675,1.1189737198455565,1.1038689213243307,0.01557320272934426,0.015104798521225815,0.00046840420811844474,0.7273167498499505,1.1194421240536745,0.0,0.0
main,dfl_linear,2230-07-01,2230-04-01,0.0004561422991589,0.0010136495536864445,0.0011592601693904,0.0046289836025593,0.0537546066159874,0.0022641681134700775,,0.009025960112767573,0.001018875651061535,0.07113512175666362,0.7277450921164036,0.7253312411993935,0.6408204631564671,1.11894162228036,1.1185471059213734,1.104734784616164,0.01420683766419617,0.013812321305209485,0.00039451635898668513,0.7277450921164036,1.11894162228036,0.0,0.0
main,dfl_linear,2230-10-01,2230-07-01,0.0004163278022905,0.0009251728939788889,0.0013693991297613,0.0054663552635537,0.0579603198472537,0.0023888451978564262,,0.00952119579914279,0.001074980339035392,0.0725527552484493,0.7063311656807619,0.703086603193944,0.6346978269936051,1.1157229828153965,1.1151914043333058,1.1039868114206177,0.011736171394778783,0.01120459291268805,0.0005315784820907332,0.7063311656807619,1.1157229828153958,0.0,0.0
main,dfl_linear,2231-01-01,2230-10-01,0.000601327004371,0.0013362822319355554,0.0014499357195538,0.005787141185129,0.0594289240743612,0.002249266719445586,,0.008966757165503325,0.0010121700237505139,0.07096040289411659,0.698176528131249,0.6956137504127843,0.6415820300442632,1.1130953327242168,1.1126801967419973,1.1039277750455885,0.009167557678628313,0.008752421696408774,0.00041513598221953885,0.698176528131249,1.113095332724216,0.0,0.0
main,dfl_linear,2231-04-01,2231-01-01,0.0006439579310632,0.0014310176245848887,0.0017838506665009,0.0071163326224057,0.0648349885817828,0.0027115843258798122,,0.010802300861870062,0.0012202129466459156,0.07589461389039065,0.6725901802023417,0.6693118134323842,0.6206473161074797,1.1086639524650281,1.1081342981504994,1.1002720414900515,0.008391910974976602,0.00786225666044782,0.0005296543145287824,0.6725901802023414,1.1086639524650277,0.0,0.0
main,dfl_linear,2231-07-01,2231-04-01,0.0007547878102549,0.001677306245010889,0.0019990460336494,0.0079722389625916,0.0678399894432616,0.004626124631613493,,0.018376487909118167,0.002081756084226072,0.08970328710724608,0.6587841791719727,0.6554511398358102,0.567478054049378,1.1057033194206136,1.1051685261867583,1.091053057902459,0.014650261518154517,0.014115468284299215,0.0005347932338553019,0.6587841791719707,1.105703319420613,0.0,0.0
main,dfl_linear,2231-10-01,2231-07-01,0.0011156954779385,0.0024793232843077777,0.0017508284882715,0.0069849430092788,0.0643436583660008,0.005579215940088034,,0.02213079155992026,0.002510647173039615,0.09450820124521511,0.6726788227026353,0.6716277193199077,0.5505279349369463,1.1055049950080995,1.1053401367527105,1.0863464777945273,0.0191585172135722,0.01899365895818317,0.0001648582553890332,0.672678822702635,1.105504995008099,0.0,0.0
main,dfl_linear,2232-01-01,2231-10-01,0.0006342018741522,0.001409337498116,0.0019483478896715,0.0077706447714591,0.0671610575108814,0.005376797169446945,,0.021334349926896534,0.0024195587262511252,0.0935545515352926,0.6622724456663097,0.6585381282000218,0.5538351478775496,1.1070616266095308,1.106457944386552,1.0895318719558753,0.01752975465365547,0.016926072430676786,0.0006036822229786853,0.6622724456663097,1.1070616266095303,0.0,0.0
main,dfl_linear,2232-04-01,2232-01-01,0.0009043650386021,0.002009700085782444,0.0016896147363024,0.0067413494433515,0.0634096007537889,0.0044213030487298965,,0.01756826999803074,0.0019895863719284535,0.08854682923065767,0.6779019103321092,0.6760702514211121,0.571666885183798,1.1077568130627349,1.1074656592485044,1.0908700812640102,0.016886731798724686,0.01659557798449418,0.0002911538142305048,0.6779019103321092,1.1077568130627344,0.0,0.0
main,dfl_linear,2232-07-01,2232-04-01,0.0007377539018068,0.001639453115126222,0.0015305694832392,0.0061082364121221,0.0608297878138672,0.004882166162133217,,0.01938611627818454,0.0021969747729599478,0.09107967138608165,0.6907625713967607,0.6886201376269663,0.5625487744484561,1.1109519841719553,1.1106078611873595,1.0903579685742808,0.020594015597674487,0.020249892613078746,0.00034412298459574053,0.6907625713967607,1.1109519841719548,0.0,0.0
main,dfl_linear,2232-10-01,2232-07-01,0.0006202764818734,0.001378392181940889,0.0013754125530981,0.0054903100584665,0.0580725048154892,0.0036833127960562706,,0.014652050124216998,0.001657490758225322,0.08386719265420557,0.7047574869391631,0.7025105598048405,0.5890784992583562,1.1140278128600538,1.1136642662620662,1.0953112724847314,0.018716540375322444,0.018352993777334792,0.00036354659798765177,0.7047574869391631,1.1140278128600534,0.0,0.0
main,dfl_linear,2233-01-01,2232-10-01,0.0006006754551011,0.001334834344669111,0.0016097879697074,0.0064236200547994,0.0621436100070538,0.004083849489688873,,0.016235603159614476,0.001837732270359993,0.08651704281229665,0.6851929658321747,0.6821766233103695,0.5791261922573205,1.1109966322939722,1.110508005179479,1.0938145314082786,0.017182100885693607,0.01669347377120034,0.0004886271144932675,0.6851929658321747,1.1109966322939715,0.0,0.0
main,dfl_linear,2233-04-01,2233-01-01,0.0006597919649381,0.001466204366529111,0.0017322995046331,0.0069112136336485,0.064064166014011,0.0035418064799159765,,0.014092137122706738,0.0015938129159621896,0.08285709228151705,0.6760230143737518,0.6729515253631312,0.5929390394213143,1.10911152088482,1.1086157761687312,1.0957015944836979,0.013409926401122041,0.012914181685033332,0.0004957447160887085,0.6760230143737518,1.1091115208848197,0.0,0.0
main,dfl_linear,2233-07-01,2233-04-01,0.0012837962999473,0.002852880666549556,0.0021352848226311,0.0085138215649165,0.0695841420148415,0.003418565494939685,,0.013604302108417121,0.0015383544727228583,0.08194152962879096,0.6490643038674937,0.6476357073354657,0.5964713463490363,1.1007101395324093,1.1004884755844473,1.0925497091119634,0.008160430420445897,0.007938766472483927,0.00022166394796196975,0.6490643038674937,1.1007101395324088,0.0,0.0
main,dfl_linear,2233-10-01,2233-07-01,0.0010456731735449,0.002323718163433111,0.0022885039725956,0.0091226403022318,0.0714179722138078,0.0056573995389044285,,0.022438284400721265,0.002545829792506993,0.09486851929773508,0.6424107467908753,0.639590845510297,0.5492855938438792,1.1012074886177055,1.1007632321537792,1.0865362476647995,0.01467124095290595,0.014226984488979744,0.000444256463926207,0.6424107467908751,1.101207488617705,0.0,0.0
main,dfl_linear,2234-01-01,2233-10-01,0.0007747734461632,0.0017217187692515556,0.0015697627957011,0.0062642817178805,0.0614872350745938,0.00648590037599206,,0.025692289679205893,0.002918655169196427,0.09845765636061793,0.687464718242845,0.6853819931517641,0.5371255625363904,1.1101677785761117,1.1098340171617724,1.086075588275027,0.02409219030108467,0.023758428886745397,0.0003337614143392731,0.687464718242845,1.1101677785761117,0.0,0.0
main,dfl_linear,2234-04-01,2234-01-01,0.0007920934429288,0.0017602076509528888,0.0014929333928931,0.0059583737760101,0.0601842237660047,0.003769845236092806,,0.014994324647910617,0.0016964303562417627,0.08446468200028716,0.6935951751596472,0.6918269858309138,0.5868125796303616,1.1110300675239106,1.1107470174284142,1.0939364094123674,0.017093658111543286,0.016810608016046835,0.000283050095496451,0.6935951751596472,1.11103006752391,0.0,0.0
main,dfl_linear,2234-07-01,2234-04-01,0.0008333413783023,0.0018518697295606666,0.0014159187795054,0.0056516575127445,0.0588174194823601,0.003069319063797593,,0.012220867510124078,0.001381193578708917,0.07914097742503969,0.7000312617744788,0.6987075137497055,0.6074794421801809,1.111771601812694,1.1115602434845664,1.096994168729903,0.014777433082791003,0.014566074754663427,0.0002113583281275755,0.7000312617744838,1.1117716018126944,0.0,0.0
main,dfl_linear,2234-10-01,2234-07-01,0.0006921068158031,0.001538015146229111,0.0013671232686695,0.0054572891357507,0.0579177523302931,0.003735650796443224,,0.014859080995116236,0.001681042858399451,0.08423033793363581,0.7051695695868444,0.7033054061789911,0.5876997609888666,1.1135879610365098,1.1132876835859933,1.0946660497438672,0.018921911292642646,0.018621633842126117,0.00030027745051652843,0.7051695695868444,1.1135879610365091,0.0,0.0
main,dfl_linear,2235-01-01,2234-10-01,0.0006769875506005,0.0015044167791122222,0.0014659517802041,0.0058509256298742,0.0597125266600422,0.0032528575975447893,,0.012948081457939464,0.0014637859188951553,0.08065303126920477,0.6964296821869619,0.6941874459354525,0.6014972363484559,1.1122854443603172,1.1119239283303417,1.0969794742992556,0.015305970061061602,0.01494445403108613,0.0003615160299754727,0.6964296821869619,1.1122854443603172,0.0,0.0
main,dfl_linear,2235-04-01,2235-01-01,0.0003559951962491,0.000791100436109111,0.0011571175515106,0.0046204428752381,0.0537086184594295,0.002991080516949296,,0.011910749651359964,0.0013459862326271833,0.07846671615098916,0.7285198771603597,0.7255817057029861,0.6101772976853419,1.1197978435965297,1.1193146905409366,1.100337584142775,0.019460259453754736,0.018977106398161636,0.0004831530555930996,0.7285198771603597,1.1197978435965297,0.0,0.0
main,dfl_linear,2235-07-01,2235-04-01,0.0006143347268912,0.0013651882819804445,0.0012590244298059,0.0050265948445546,0.0558235327707303,0.002411910332739353,,0.009612793551731613,0.001085359649732709,0.07280670708878653,0.7161381078019439,0.714227561758687,0.6336115078062283,1.1159117170219977,1.115602482434547,1.1025542377854138,0.013357479236583814,0.013048244649133123,0.00030923458745069077,0.7161381078019436,1.1159117170219972,0.0,0.0
main,dfl_linear,2235-10-01,2235-07-01,0.0007849391031465,0.0017443091181033334,0.0015657819822722,0.0062484332389254,0.0614211328283659,0.002584573347121477,,0.010298282287543592,0.0011630580062046648,0.07463161041442637,0.6877291760415716,0.6857063139541484,0.6258961452290881,1.1101402463484864,1.109816283753326,1.1002376488094971,0.009902597538989255,0.009578634943828934,0.0003239625951603209,0.6877291760415716,1.110140246348486,0.0,0.0
main,dfl_linear,2236-01-01,2235-10-01,0.000983787110514,0.00218619357892,0.0015597314471861,0.0062243443875248,0.06132037343825,0.004257035907357931,,0.01691971776277179,0.001915666158311069,0.08757946172245988,0.6872655575081722,0.6862012211734948,0.575204609073186,1.1086993836916053,1.108531045991052,1.0909755855211507,0.017723798170454552,0.017555460469901307,0.00016833770055324493,0.6872655575081704,1.1086993836916044,0.0,0.0
main,dfl_linear,2236-04-01,2236-01-01,0.0005952441640774,0.0013227648090608887,0.0013304302200429,0.0053111100292996,0.0572230050536199,0.004348744638264179,,0.017281837682363133,0.001956935087218881,0.08812413853274603,0.7091280712553863,0.7068943435113636,0.5732088651808444,1.1149124725109225,1.114550502383964,1.0928870970324185,0.022025375478504028,0.02166340535154543,0.00036197012695859954,0.7091280712553863,1.1149124725109223,0.0,0.0
main,dfl_linear,2236-07-01,2236-04-01,0.0006663965057405,0.0014808811238677779,0.0023301825979047,0.0092882024657439,0.0718953723577258,0.0032568087335675955,,0.012963732180320098,0.001465563930105418,0.08068456738740806,0.6420060541333013,0.6375245784195525,0.6013734480186832,1.1035787111830078,1.10285568766066,1.097023207623091,0.006555503559916742,0.005832480037568866,0.0007230235223478765,0.6420060541333013,1.1035787111830078,0.0,0.0
main,dfl_linear,2236-10-01,2236-07-01,0.0010729866084472,0.002384414685438222,0.0018961385671088,0.0075630094757775,0.0664437928739191,0.004469981882721186,,0.017760399957611694,0.002011491847224534,0.088826483281157,0.6634961176389185,0.6618273323095697,0.5706499425898768,1.1043481232735055,1.104085673181282,1.0897461928899983,0.014601930383507211,0.014339480291283735,0.00026245009222347626,0.6634961176389137,1.1043481232735042,0.0,0.0
main,dfl_linear,2237-01-01,2236-10-01,0.0010105041003232,0.002245564667384889,0.0020590539440034,0.0082108124582825,0.0686222122600957,0.005160239990800619,,0.020481740422638395,0.0023221079958602787,0.09249812141019616,0.6543101566987161,0.6519258288833766,0.5575313949549103,1.1033122753631126,1.1029358020204747,1.0880313967458164,0.015280878617296212,0.014904405274658306,0.00037647334263790633,0.6543101566987161,1.1033122753631126,0.0,0.0
main,dfl_linear,2237-04-01,2237-01-01,0.0013020179696073,0.002893373265794,0.00186634909363,0.0074445228126599,0.066025996199665,0.004073043819516897,,0.016192907169187087,0.0018328697187826037,0.0864492109065819,0.6643281514475788,0.6637566671528059,0.5793778802948537,1.1029574575341858,1.102868889000875,1.0897918797761665,0.013165577758019298,0.013077009224708558,8.856853331074e-05,0.6643281514475788,1.1029574575341856,0.0,0.0
main,dfl_linear,2237-07-01,2237-04-01,0.0018384527828885,0.004085450628641111,0.0034436548663211,0.0137036301215147,0.0821307587782852,0.0056855566799640656,,0.022549007501443508,0.0025585005059838295,0.0949972457906187,0.598196271670737,0.5957386716693451,0.5488427160207647,1.0894994176370179,1.0891317226524015,1.0821153621051238,0.007384055531894029,0.007016360547277722,0.0003676949846163069,0.598196271670737,1.0894994176370174,0.0,0.0
main,dfl_linear,2237-10-01,2237-07-01,0.0013501284907465,0.003000285534992222,0.0023995223182401,0.0095635982586641,0.0726706242260604,0.0088599668815732,,0.034971649279968986,0.0039869850967079404,0.10730817264449959,0.6360483467419634,0.6341932315569552,0.5088166717280171,1.0982686523083645,1.0979820393959314,1.0786115219996388,0.019657130308725623,0.019370517396292586,0.00028661291243303744,0.6360483467419634,1.0982686523083638,0.0,0.0
main,dfl_linear,2238-01-01,2237-10-01,0.001722326217383,0.003827391594184444,0.0040988878679919,0.0162950213588934,0.0866111343139273,0.005218469072133303,,0.020711049476342502,0.0023483110824599864,0.09278608922588544,0.5829766322669546,0.578777330972868,0.5565204373726156,1.0878993148420981,1.087266157891826,1.0839103360806364,0.003988978761461759,0.003355821811189541,0.0006331569502722179,0.5829766322669546,1.0878993148420977,0.0,0.0
main,dfl_linear,2238-04-01,2238-01-01,0.001642751955639,0.00365055990142,0.0040494936187546,0.0160998494355428,0.0863007225408747,0.006221888121217489,,0.02465624307974046,0.0027998496545478704,0.0973547233769474,0.5843050645423767,0.5799293935231542,0.540820800161036,1.0885645679684517,1.087901336658463,1.0819735501559062,0.006591017812545452,0.005927786502556653,0.0006632313099887988,0.5843050645423767,1.0885645679684517,0.0,0.0
main,dfl_linear,2238-07-01,2238-04-01,0.0013305322090325,0.0029567382422944445,0.0027376871161146,0.0109058608989115,0.0761464667701808,0.00797947496175766,,0.03153789594609113,0.003590763732790947,0.10419571416243231,0.6223666091495663,0.6196093042329761,0.5184979956174738,1.0962768021441287,1.0958502617481578,1.0802088804288572,0.016067921715271494,0.015641381319300596,0.000426540395970898,0.6223666091495663,1.0962768021441285,0.0,0.0
main,dfl_linear,2238-10-01,2238-07-01,0.0009739024272647,0.002164227616143778,0.0018630072157093,0.0074312299399472,0.0659787297353043,0.005414079874753952,,0.021481079870152908,0.0024363359436392787,0.0937325480858223,0.6659889847698502,0.663975571088102,0.5532157517887184,1.1054000665533457,1.105081421739529,1.0875524646658237,0.01784760188752199,0.017528957073705387,0.00031864481381660426,0.6659889847698502,1.1054000665533454,0.0,0.0
main,dfl_linear,2239-01-01,2238-10-01,0.0014118009195724,0.0031373353768275555,0.0029814714945184,0.0118726568766756,0.0783826076578096,0.004822223912924528,,0.019149820591118694,0.002170000760816038,0.09076385605542296,0.6135179766418837,0.6105151680381732,0.5636744827787856,1.0944093676398643,1.0939472894739206,1.0867393515755701,0.007670016064294183,0.007207937898350503,0.0004620781659436801,0.6135179766418835,1.0944093676398636,0.0,0.0
main,dfl_linear,2239-04-01,2239-01-01,0.0015397212966968,0.003421602881548444,0.0036614249575335,0.0145654597948255,0.083713690625008,0.006576480809599161,,0.026047558502597767,0.0029594163643196225,0.09882852312709794,0.593635931139027,0.5896627471129686,0.5358912952025885,1.0905904975747647,1.0899841786189923,1.0817785051946562,0.008811992380108435,0.00820567342433609,0.0006063189557723447,0.5936359311390266,1.0905904975747642,0.0,0.0
main,dfl_linear,2239-07-01,2239-04-01,0.0018172259700807,0.004038279933512667,0.0041396784823637,0.0164561757738092,0.0868645522191153,0.006228407379239798,,0.024681836137053992,0.002802783320657909,0.09738237501657097,0.5817952352217681,0.5778392446882594,0.5407277070161423,1.087169065410115,1.086576348287834,1.0810160104593927,0.00615305495072227,0.005560337828441231,0.000592717122281039,0.5817952352217679,1.0871690654101147,0.0,0.0
main,dfl_linear,2239-10-01,2239-07-01,0.0010453097993167,0.002322910665148222,0.0017796812816401,0.007099744070636,0.0647734253900832,0.007552032358944416,,0.02986764989255808,0.0033984145615249873,0.10262400131574492,0.6710565607031259,0.6696012143173141,0.5235001560282428,1.1057228822101377,1.105493596895706,1.0824758277823434,0.02324705442779429,0.02301776911336262,0.00022928531443167088,0.6710565607031259,1.1057228822101377,0.0,0.0
main,dfl_linear,2240-01-01,2239-10-01,0.0009292146008026,0.0020649213351168886,0.0021631346440913,0.0086245041320788,0.0699270868454669,0.005069407634437084,,0.0201239576274036,0.002281233435496688,0.09204286033678764,0.6491133195049762,0.6461180248387313,0.5591349115247373,1.1030193819362413,1.1025440051476876,1.0887391019000834,0.014280280036157889,0.013804903247604194,0.00047537678855369414,0.6491133195049762,1.1030193819362408,0.0,0.0
main,dfl_linear,2240-04-01,2240-01-01,0.0010108555463121,0.002246345658471333,0.001790301245125,0.0071419968518777,0.0649299690569396,0.004012981429696083,,0.015955559840246436,0.0018058416433632373,0.08606871100206598,0.6705072167261573,0.6688657704453054,0.5807926571437623,1.1058673530212952,1.1056081826968818,1.0917021916128409,0.014165161408454363,0.013905991084040892,0.0002591703244134713,0.6705072167261572,1.105867353021295,0.0,0.0
main,dfl_linear,2240-07-01,2240-04-01,0.0007028408093351,0.0015618684651891109,0.0020852296490228,0.0083148657488878,0.0689564283210583,0.005490068346261978,,0.021780089275213133,0.0024705307558178903,0.09409200322388979,0.6541965023771688,0.6504296652364123,0.5519678708116986,1.1053070524074147,1.1047006986364138,1.0888511468458828,0.01645590556153187,0.015849551790531047,0.0006063537710008227,0.6541965023771684,1.1053070524074144,0.0,0.0
main,dfl_linear,2240-10-01,2240-07-01,0.0012921964213892,0.002871547603087111,0.0028499140164575,0.0113510165285751,0.0772011048292623,0.0047636451199650764,,0.018918858468484512,0.0021436403039842844,0.09045153087407765,0.61845480614935,0.6152931656624023,0.5647908601901027,1.0959087565601193,1.0954184555635416,1.0875866572282276,0.008322099331891764,0.007831798335314,0.0004903009965777638,0.61845480614935,1.095908756560119,0.0,0.0
main,dfl_linear,2241-01-01,2240-10-01,0.0009010701128371,0.0020023780285268887,0.0021682261850644,0.0086447382625204,0.0699893077778408,0.005929922219365835,,0.023509537854398355,0.002668464998714626,0.09609262935693375,0.6489697883284565,0.6458433257588724,0.5450944532604421,1.1031792516352108,1.1026821775433242,1.0866641849426917,0.01651506669251912,0.016017992600632525,0.0004970740918865957,0.6489697883284565,1.1031792516352108,0.0,0.0
main,dfl_linear,2241-04-01,2241-01-01,0.0004760712939207,0.0010579362087126667,0.001272762866752,0.0050813401596172,0.0560978360135186,0.004371055867522955,,0.01736992038450158,0.00196697514038533,0.08825487256048035,0.7154411049941342,0.7127791284740373,0.5727313148919027,1.1167880959132284,1.116353556763915,1.0934922515203447,0.02329584439288368,0.022861305243570218,0.00043453914931346205,0.7154411049941342,1.1167880959132277,0.0,0.0
main,dfl_linear,2241-07-01,2241-04-01,0.0009831465673264,0.002184770149614222,0.0013427656402586,0.0053602541245264,0.0574583556669292,0.003092627739533782,,0.012313243104497551,0.001391682482790202,0.07933830023137757,0.7060077451347958,0.7056747802649229,0.6066934817371423,1.1116682102712945,1.111615545705844,1.0959598187919481,0.01570839147934633,0.01565572691389594,5.266456545038878e-05,0.7060077451347958,1.111668210271294,0.0,0.0
main,dfl_linear,2241-10-01,2241-07-01,0.0002242201679126,0.0004982670398057778,0.0010633361077266,0.0042465651367474,0.0516263923725613,0.0035633554216474295,,0.014177417497045597,0.0016035099397413433,0.08301366968706696,0.7404631330769015,0.7370945260607332,0.5923381254432256,1.1227375386766034,1.1221791657941949,1.0981846635349828,0.024552875141620634,0.02399450225921207,0.0005583728824085643,0.7404631330769015,1.1227375386766032,0.0,0.0
main,dfl_linear,2242-01-01,2241-10-01,0.0004584607009767,0.001018801557726,0.001031915808996,0.004121278528772,0.0508967581342189,0.001886532874777913,,0.0075248043054488845,0.0008489397936500609,0.06630976322358728,0.7431892995787777,0.7412102677104494,0.662445184585778,1.1214485714568019,1.1211251671862987,1.1082537401735724,0.013194831283229513,0.012871427012726366,0.000323404270503147,0.7431892995787777,1.121448571456802,0.0,0.0
main,dfl_linear,2242-04-01,2242-01-01,0.0005664476005776,0.0012587724457279999,0.0010254581931651,0.0040955276978609,0.0507446947040501,0.001796884462237358,,0.007168188282977939,0.0008085980080068111,0.06502657137224291,0.7434328252013287,0.7420734786632203,0.6684126462617422,1.1206855572335641,1.12046488700101,1.1085071171752658,0.012178440058298268,0.011957769825744258,0.00022067023255400997,0.7434328252013287,1.1206855572335634,0.0,0.0
main,dfl_linear,2242-07-01,2242-04-01,0.0006019001341152,0.0013375558535893334,0.0010697495895898,0.0042721370686756,0.0517732755845232,0.002109191846102476,,0.008410112755721788,0.0009491363307461143,0.06925876760886594,0.7375981530984119,0.7362711795304588,0.6490813427346291,1.1194768854478025,1.119261940944071,1.1051388441069812,0.014338041340821395,0.014123096837089788,0.00021494450373160667,0.7375981482087643,1.119476884655772,0.0,0.0
main,dfl_linear,2242-10-01,2242-07-01,0.0003303643926192,0.0007341430947093333,0.0010859884398405,0.004336882655755,0.0521421481072744,0.0024006308522075415,,0.00956800054430218,0.0010802838834933937,0.07268283089883525,0.7370689694916462,0.7342110819503769,0.634141015110677,1.121392573450351,1.120921889786235,1.104440714425674,0.016951859024676885,0.01648117536056093,0.0004706836641159562,0.7370689694916462,1.121392573450351,0.0,0.0
main,dfl_linear,2243-01-01,2242-10-01,0.0003198499740423,0.000710777720094,0.0011008508465749,0.0043961374856766,0.0524760028437482,0.0023977525997906923,,0.009556570201735615,0.0010789886699058115,0.07265112487916763,0.7353165318981083,0.7323558548421398,0.6342766626473981,1.1211812676224773,1.1206933436018691,1.104529745583929,0.01665152203854836,0.016163598017940206,0.00048792402060815476,0.7353165318981083,1.121181267622477,0.0,0.0
main,dfl_linear,2243-04-01,2243-01-01,0.0003273738790102,0.0007274975089115556,0.0011765325360907,0.0046978312839568,0.0541228666548112,0.0022201607935130596,,0.00885111223976387,0.000999072357080877,0.07061574002519012,0.7264789259500274,0.7233313587502471,0.6430889101411679,1.1196701573195305,1.119151670342803,1.1059336317931026,0.0137365255264279,0.013218038549700495,0.0005184869767274058,0.7264789259500274,1.1196701573195298,0.0,0.0
main,dfl_linear,2243-07-01,2243-04-01,0.0004668991789315,0.0010375537309588888,0.0011030472095983,0.0044048939264014,0.0525250400589492,0.002898323815315962,,0.011542990892005722,0.0013042457168921829,0.0776424981858956,0.7342578353954351,0.7320840924486546,0.6135011684582103,1.1199270725417316,1.1195720329146426,1.1002037643827127,0.019723308159018904,0.019368268531929855,0.0003550396270890488,0.7342578353954351,1.1199270725417312,0.0,0.0
main,dfl_linear,2243-10-01,2243-07-01,0.0005384597788527,0.0011965772863393334,0.0010791371805933,0.004309566525471,0.0519870456173622,0.0023682285100221634,,0.009439316099877026,0.0010657028295099735,0.07232362244514447,0.7367811942983234,0.7350759797074908,0.6356806837962474,1.1198119702526712,1.119534676096126,1.103371470073591,0.016440500179080164,0.01616320602253496,0.00027729415654520473,0.7367811942983234,1.1198119702526712,0.0,0.0
main,dfl_linear,2244-01-01,2243-10-01,0.0003243298449356,0.0007207329887457777,0.0011335427431335,0.0045264672820229,0.0531980823400095,0.0031494416762143373,,0.012538377666272083,0.0014172487542964518,0.07981266624125785,0.7314089781838675,0.7283731964740314,0.604810561879119,1.120504530730101,1.1200043653489606,1.0996465932381954,0.020857937491905565,0.020357772110765282,0.0005001653811402829,0.7314089781838672,1.120504530730101,0.0,0.0
main,dfl_linear,2244-04-01,2244-01-01,0.0004442880346703,0.0009873067437117778,0.0011558288787395,0.0046153060472658,0.0536809261935358,0.0027652017306536436,,0.011015013395177964,0.0012443407787941397,0.07640921146283919,0.7281983898321409,0.7257326107594069,0.6185294191242662,1.1191020311771136,1.1186987354542757,1.101164890212792,0.01793714096432164,0.017533845241483714,0.00040329572283792636,0.7281983898321409,1.1191020311771134,0.0,0.0
main,dfl_linear,2244-07-01,2244-04-01,0.0006895419744025,0.0015323154986722222,0.0013097951307845,0.005228896128633,0.0568251608678927,0.0026904228143393993,,0.010718338852600096,0.0012106902664527298,0.07568855380256614,0.7106577786577398,0.7089648140363104,0.6214987121809741,1.1144902231362988,1.114217478781575,1.1001262891555448,0.014363933980753973,0.014091189626030287,0.0002727443547236863,0.7106577786577398,1.1144902231362988,0.0,0.0
main,dfl_linear,2244-10-01,2244-07-01,0.0006745388773952,0.0014989752831004444,0.0011951658605897,0.0047720997405148,0.0545152982274762,0.0029295010026544333,,0.011666612643850716,0.001318275451194495,0.07792263271901262,0.7225964008822489,0.7212115158750307,0.6123682105066719,1.1165220016976085,1.1162986826041768,1.0987471977124441,0.0177748039851644,0.017551484891732638,0.00022331909343176193,0.7225964008822489,1.1165220016976083,0.0,0.0
main,dfl_linear,2245-01-01,2244-10-01,0.0005462865373311,0.0012139700829579998,0.0015023606183164,0.0059959135074439,0.0603472659856445,0.002982801990583539,,0.011877931390127827,0.0013422608957625926,0.07839427084584136,0.6939935715681657,0.6910144993255407,0.6104682985050138,1.1127997265720317,1.1123155167058691,1.0992237680194352,0.013575958552596523,0.013091748686433924,0.0004842098661625993,0.6939935715681653,1.112799726572031,0.0,0.0
main,dfl_linear,2245-04-01,2245-01-01,0.0005998759822652,0.001333057738367111,0.0017474786848841,0.0069716139846618,0.0642933344083614,0.004071603063493967,,0.016187214265459993,0.0018322213785722853,0.08644015246188455,0.6752503907329449,0.6718657295222809,0.5794115032650995,1.1093914007289758,1.1088430814152677,1.0938653821019677,0.015526018627008087,0.014977699313299953,0.0005483193137081344,0.6752503907329449,1.1093914007289756,0.0,0.0
main,dfl_linear,2245-07-01,2245-04-01,0.0011488241512487,0.0025529425583304447,0.0017541316888806,0.0069980864678613,0.0643931943281865,0.0040947673842310905,,0.016278741166025568,0.0018426453229039908,0.0865853892871341,0.6723049739447953,0.6713935773751296,0.5788727544396648,1.1052236337120016,1.1050809894322031,1.0906003927378622,0.014623240974139362,0.014480596694340875,0.00014264427979848726,0.6723049739447947,1.105223633712001,0.0,0.0
main,dfl_linear,2245-10-01,2245-07-01,0.000911343231811,0.002025207181802222,0.0020708207219271,0.0082575885997344,0.0687729679265252,0.004740886855870485,,0.018829117094076975,0.0021333990851417186,0.09032918042387267,0.6540893510736233,0.6512502107809686,0.5652290362357628,1.1039260119493628,1.103474910693095,1.089807301521643,0.014118710427719838,0.013667609171452044,0.00045110125626779407,0.6540893510736233,1.1039260119493624,0.0,0.0
main,dfl_linear,2246-01-01,2245-10-01,0.0007040497840919,0.0015645550757597778,0.0020560858101632,0.0081990130579482,0.0685840506143103,0.004106129519641399,,0.01632363291879957,0.0018477582838386298,0.0866563153001769,0.6557888722707347,0.6520970457493734,0.5786099214481653,1.1055554504021625,1.1049612158432265,1.0931327649006017,0.012422685501560782,0.011828450942624746,0.0005942345589360354,0.6557888722707347,1.1055554504021623,0.0,0.0
main,dfl_linear,2246-04-01,2246-01-01,0.0010715098731991,0.002381133051553556,0.0017613463350845,0.0070267931424284,0.0645010855156832,0.005063016898930073,,0.02009878124223652,0.002278357604518533,0.09201054374821112,0.672166796486073,0.670884120316693,0.5592489815440496,1.105721688220946,1.1055199426262858,1.0879614208463904,0.017760267374555605,0.017558521779895475,0.00020174559466012987,0.6721667964860728,1.1057216882209455,0.0,0.0
main,dfl_linear,2246-07-01,2246-04-01,0.0004465723621236,0.0009923830269413334,0.0012950186939515,0.0051700210198536,0.0565370291508676,0.004922328516840935,,0.01954441463078993,0.0022150478325784206,0.09128919424600358,0.7133501900496148,0.7104713285794017,0.5618036772845777,1.1166572071344176,1.1161864146070914,1.091874157831662,0.024783049302755655,0.024312256775429475,0.0004707925273261804,0.7133501900496148,1.1166572071344174,0.0,0.0
main,dfl_linear,2246-10-01,2246-07-01,0.0008897914313242,0.0019773142918315554,0.0021620879178844,0.0086203443324912,0.0699142772458553,0.0029294786509126425,,0.011666524020334412,0.0013182653929106891,0.07792243302307242,0.6493334855811432,0.6461746015720543,0.6123690169513691,1.1033103118622123,1.1028077268279235,1.0974291878069125,0.005881124055299836,0.005378539021011042,0.0005025850342887939,0.6493334855811432,1.1033103118622123,0.0,0.0
main,dfl_linear,2247-01-01,2246-10-01,0.0011329744335415,0.0025177209634255552,0.0022848149263788,0.0091079851131776,0.0713752918474896,0.005383492447435856,,0.021360701101515223,0.0024225716013461353,0.09358659713199302,0.6422266544552917,0.6397761226740656,0.5537235633096191,1.1006178141481215,1.1002338887074423,1.086752012231223,0.013865801916898457,0.013481876476219234,0.0003839254406792225,0.6422266544552917,1.100617814148121,0.0,0.0
main,dfl_linear,2247-04-01,2247-01-01,0.0011625885695381,0.002583530154529111,0.0033454285428096,0.0133147124598718,0.0813812928697043,0.006753819063305855,,0.026742822017695067,0.0030392185784876347,0.09954437001097566,0.6033405175844282,0.5986486297447937,0.5335207072477324,1.0943468390613553,1.0936131492560153,1.083428828059038,0.010918011002317263,0.010184321196977209,0.0007336898053400542,0.6033405175844282,1.0943468390613549,0.0,0.0
main,dfl_linear,2247-07-01,2247-04-01,0.0010650959459908,0.0023668798799795555,0.0026972567304066,0.0107454541977424,0.0757552850995121,0.007043319754302502,,0.027877024067228362,0.0031694938894361257,0.10068630840665305,0.6249203885898392,0.6212227838140875,0.5297713055938016,1.0983306235585526,1.0977488089947915,1.0833590066408565,0.014971616917696107,0.014389802353935055,0.0005818145637610517,0.6249203885898392,1.0983306235585524,0.0,0.0
main,dfl_linear,2247-10-01,2247-07-01,0.0011546293031075,0.0025658428957944443,0.0017022122436378,0.0067914835358419,0.0636043579575793,0.005029270425438881,,0.019965828528551555,0.0022631716914474965,0.09183925801806293,0.6758629564226205,0.6751396046153676,0.559854125166265,1.105741264935296,1.1056280938636085,1.0875912532441068,0.01815001169118924,0.018036840619501726,0.00011317107168751228,0.675862956422619,1.1057412649352951,0.0,0.0
main,dfl_linear,2248-01-01,2247-10-01,0.0008522569677941,0.0018939043728757776,0.001872657722508,0.0074696160645565,0.0661150038412946,0.005277743097394705,,0.020944432217593678,0.0023749843938276173,0.09307622089915575,0.6659241096271122,0.6633448067167673,0.5555044735008385,1.106199865792837,1.1057885251926725,1.088590425966322,0.017609439826514972,0.017198099226350516,0.00041134060016445595,0.6659241096271122,1.1061998657928365,0.0,0.0
main,dfl_linear,2248-04-01,2248-01-01,0.0007320239483839,0.0016267198852975555,0.0021088370300906,0.0084087024524942,0.069254315636554,0.005078634712845087,,0.020160306966210517,0.002285385620780289,0.09208945252282065,0.6527997221161866,0.6491011655743758,0.5589705085540655,1.1048917030146452,1.104297419835251,1.089815247450064,0.01507645556458126,0.01448217238518712,0.0005942831793941394,0.6527997221161866,1.104891703014645,0.0,0.0
main,dfl_linear,2248-07-01,2248-04-01,0.0010949815755961,0.0024332923902135556,0.0021100240690097,0.0084134206237963,0.0692692068215037,0.004897288978099823,,0.019445724516516272,0.0022037800401449206,0.09115875874935417,0.6511934846394986,0.6490348743260199,0.5622673643608109,1.102270056741151,1.1019310465937076,1.0883041931672754,0.013965863573875525,0.013626853426432106,0.0003390101474434193,0.6511934846394986,1.1022700567411503,0.0,0.0
main,dfl_linear,2248-10-01,2248-07-01,0.0007406957980679,0.0016459906623731112,0.0019289462630379,0.007693488745346,0.0668966994534766,0.004686902742832899,,0.0186162199747002,0.0021091062342748048,0.09003664093364291,0.6629655672049362,0.659747048885006,0.5662786528771275,1.1064676571915053,1.1059507855437127,1.090940411496141,0.015527245695364345,0.015010374047571773,0.0005168716477925717,0.6629655672049358,1.1064676571915053,0.0,0.0
main,dfl_linear,2249-01-01,2248-10-01,0.0017056882109611,0.003790418246580222,0.0041331383225196,0.0164303384267336,0.0868240957953933,0.004479638300836086,,0.017798509419277186,0.002015837235376239,0.08888159252394244,0.582310169236268,0.577988857488792,0.5704498446634505,1.0878957125238025,1.0872434402552615,1.0861054781535893,0.001790234370213195,0.001137962101672274,0.000652272268540921,0.582310169236268,1.0878957125238018,0.0,0.0
main,dfl_linear,2249-04-01,2249-01-01,0.0025624580497085,0.005694351221574444,0.0053951603926459,0.02140662235339,0.093642358649544,0.008521191775798798,,0.033651572494315496,0.003834536299109459,0.10612798866989867,0.5573986316409386,0.5535294763614557,0.5124525071577634,1.0793598640102293,1.0788089914041907,1.0729606406819072,0.006399223328322101,0.005848350722283513,0.0005508726060385882,0.5573986316409386,1.079359864010229,0.0,0.0
main,dfl_linear,2249-07-01,2249-04-01,0.0015310044780417,0.003402232173426,0.0039850145550616,0.015845029055597,0.085889497956162,0.010731142945587635,,0.04223855703092916,0.004829014325514436,0.11354527245430628,0.5860960304585326,0.5814607455080651,0.4903080991697033,1.0894909766450886,1.0887832151935717,1.0748651217060208,0.014625854939067873,0.013918093487550909,0.0007077614515169639,0.5860960304585326,1.0894909766450886,0.0,0.0
main,dfl_linear,2249-10-01,2249-07-01,0.0012441394306062,0.002764754290236,0.002774973323209,0.0110537758463442,0.0765018585911343,0.007044400088489056,,0.027881254729014038,0.003169980039820075,0.10069051228703954,0.6213264092702478,0.6181493693654777,0.5297575755469035,1.0966526699069008,1.0961584540090803,1.0824083498078774,0.014244320099023433,0.013750104201202928,0.0004942158978205047,0.6213264092702478,1.0966526699069006,0.0,0.0
main,dfl_linear,2250-01-01,2249-10-01,0.0032496682150861,0.007221484922413555,0.0047243632410286,0.0187639566014935,0.0902399875832324,0.0066824136301875114,,0.026462918218581266,0.00300708613358438,0.09925771236010733,0.5659640809304295,0.5655487661753972,0.5344681317013225,1.0766900107495119,1.0766337342222527,1.0724222051301597,0.0042678056193521385,0.0042115290920929915,5.6276527259147e-05,0.5659640809304295,1.0766900107495114,0.0,0.0
main,dfl_linear,2250-04-01,2250-01-01,0.0030702645276497,0.0068228100614437775,0.0056018212980278,0.0222197049458654,0.0946128227658315,0.01124249305576086,,0.04421727826597022,0.005059121875092387,0.11518713048651955,0.5528432803086066,0.5501668015274749,0.485629361262871,1.0759039199630358,1.0755364465064126,1.0666756266774566,0.00922829328557917,0.008860819828955924,0.00036747345662324626,0.5528432803086066,1.0759039199630356,0.0,0.0
main,dfl_linear,2250-07-01,2250-04-01,0.0023307695058095,0.005179487790687778,0.0045910985942537,0.0182383119030381,0.0895092012606714,0.013014155440032482,,0.05104920036212712,0.0058563699480146175,0.12072089372743164,0.5712980764765802,0.5681780254475043,0.4704245253656524,1.082662435494273,1.0822109881193394,1.0680668088763579,0.014595626617915247,0.014144179242981503,0.00045144737493374443,0.5712980764765802,1.0826624354942729,0.0,0.0
main,dfl_linear,2250-10-01,2250-07-01,0.0011723498705267,0.0026052219345037778,0.0040117589228306,0.0159507284387263,0.0860609045416541,0.008117038756608963,,0.032074971983563794,0.0036526674404740336,0.10469220854216263,0.5867399515561519,0.5808217369449433,0.5169336363144685,1.0916936667990365,1.090768788925685,1.080784580084789,0.010909086714247396,0.009984208840895903,0.0009248778733514929,0.5867399515561519,1.091693666799036,0.0,0.0
main,dfl_linear,2251-01-01,2250-10-01,0.0022141419080647,0.004920315351254889,0.0043846042799391,0.0174234053937821,0.0883339289604101,0.006993148010224104,,0.02768053290969863,0.003146916604600847,0.1004906226835549,0.5755459549193729,0.5724428115347376,0.5304109959658703,1.0839483162384136,1.0834956961479414,1.0773649951756026,0.0065833210628110095,0.0061307009723388095,0.0004526200904722,0.5755459549193729,1.0839483162384136,0.0,0.0
main,dfl_linear,2251-04-01,2251-01-01,0.0017066001217313,0.0037924447149584443,0.0045233542064788,0.017971022212186,0.0891295928824782,0.007969248108565807,,0.031497959381601826,0.0035861616488546133,0.10415863287921798,0.5745931152937014,0.5695506014475494,0.5186151368314866,1.08672563656428,1.0859645497855626,1.0782766564312067,0.008448980133073158,0.007687893354355824,0.0007610867787173348,0.5745931152937014,1.0867256365642797,0.0,0.0
main,dfl_linear,2251-07-01,2251-04-01,0.0013321065846795,0.002960236854843333,0.0042116423603445,0.0167404403618078,0.0873053815146243,0.007038135547190905,,0.027856722169215198,0.003167160996235907,0.10066612952882346,0.5819451865720296,0.5762126261399997,0.5298372152200435,1.0900146611945496,1.089127954856954,1.0819546557249387,0.008060005469610942,0.007173299132015254,0.0008867063375956885,0.5819451865720296,1.0900146611945494,0.0,0.0
main,dfl_linear,2251-10-01,2251-07-01,0.0021937091547064,0.004874909232680889,0.0046014775490479,0.018279257893364,0.0895668659962527,0.0065095131285488605,,0.02578491148185391,0.0029292809078469875,0.09855468906359799,0.5715573276490722,0.5679699254734998,0.5368022294304797,1.083483325624011,1.0829593392284564,1.0784068948946361,0.0050764307293749145,0.0045524443338202936,0.0005239863955546209,0.5715573276490722,1.0834833256240108,0.0,0.0
main,dfl_linear,2252-01-01,2251-10-01,0.0023317775792889,0.005181727953975333,0.0053309691349846,0.0211539663489697,0.093334242222637,0.006978045217692852,,0.02762137894042571,0.0031401203479617837,0.10043154131734945,0.5590776700265124,0.5546031309072822,0.530604360172199,1.080888600803965,1.0802412145318927,1.0767690190037047,0.004119581800260397,0.0034721955281880046,0.0006473862720723922,0.5590776700265115,1.0808886008039646,0.0,0.0
main,dfl_linear,2252-04-01,2252-01-01,0.0030666169604913,0.006814704356647334,0.0059540529804004,0.0236043504859869,0.0961987803754801,0.010733036324381828,,0.0422458893147144,0.004829866345971823,0.11355139348395313,0.5480491126505129,0.5447331512990836,0.4902905091767666,1.0752656838849235,1.0748102902110892,1.067333473631603,0.007932210253320582,0.0074768165794862895,0.0004553936738342923,0.5480491126505129,1.075265683884923,0.0,0.0
main,dfl_linear,2252-07-01,2252-04-01,0.0040141223398619,0.008920271866359778,0.0090193181431179,0.0355921121739264,0.1078567760463629,0.011225592344999313,,0.04415192828325154,0.0050515165552496915,0.11513321461852263,0.5126341262994837,0.5071411668517514,0.4857817550986539,1.0655447722327698,1.0648424491578612,1.0621114609021856,0.003433311330584221,0.002730988255675637,0.000702323074908584,0.5126341262994837,1.065544772232769,0.0,0.0
main,dfl_linear,2252-10-01,2252-07-01,0.0033313503998567,0.0074030008885704445,0.0071280306038919,0.0282087155795951,0.1010147182159835,0.014352004043757915,,0.056183918531154786,0.006458401819691062,0.12475727624307653,0.5332023198161704,0.5287003644260584,0.45985245816507386,1.0718151521158754,1.071208799519226,1.0619359162678994,0.009879235847976009,0.009272883251326691,0.0006063525966493177,0.5332023198161704,1.071815152115875,0.0,0.0
main,dfl_linear,2253-01-01,2252-10-01,0.0040740401848253,0.009053422632945111,0.0077848633640219,0.0307777123761285,0.1034858285829612,0.01175098866224289,,0.04618191174966446,0.005287944898009301,0.11679880374368275,0.5242192678527514,0.520747887652131,0.4811125390128697,1.066711933370344,1.066270166920981,1.0612261883805445,0.00548574498979959,0.005043978540436589,0.00044176644936300136,0.5242192678527514,1.066711933370344,0.0,0.0
main,dfl_linear,2253-04-01,2253-01-01,0.0028175165293389,0.006261147842975333,0.007465248681697,0.0295282761450659,0.1022990044217179,0.0172255989164114,,0.06714242487948929,0.00775151951238513,0.13302121576471865,0.5310208499658393,0.5245439594569478,0.4394321171918418,1.0742499025722376,1.0733442724274185,1.0614435231511254,0.01280637942111218,0.011900749276293032,0.0009056301448191473,0.5310208499658393,1.0742499025722372,0.0,0.0
main,dfl_linear,2253-07-01,2253-04-01,0.0041823358440354,0.009294079653412,0.0092884841549554,0.0366394790396314,0.1087748377040279,0.01097297202795744,,0.04317472177517223,0.004937837412580848,0.11432451570262771,0.5097952670363511,0.5043579610399404,0.48807769104526383,1.0643242546776497,1.06363819366789,1.0615840038762778,0.0027402508013718574,0.0020541897916122043,0.0006860610097596531,0.5097952670363511,1.0643242546776492,0.0,0.0
main,dfl_linear,2253-10-01,2253-07-01,0.0031111605861006,0.006913690191334666,0.0083188176723598,0.032862352275115,0.1054131105008721,0.01740320399403572,,0.06781657892808202,0.007831441797316074,0.13351311805031404,0.521582368131467,0.5146757305543823,0.43826418319367805,1.0713985727847302,1.0704531342579024,1.0599932802460206,0.011405292538709588,0.010459854011881875,0.0009454385268277132,0.521582368131467,1.0713985727847295,0.0,0.0
main,dfl_linear,2254-01-01,2253-10-01,0.0029913820103731,0.006647515578606889,0.0059005416967663,0.0233940889632908,0.0959629128365383,0.016010506078600883,,0.0625203570726155,0.007204727735370398,0.12959594548087974,0.5489851246768984,0.5455364269143226,0.447707920653047,1.07580725868651,1.0753310411868586,1.0618222764722811,0.013984982214228836,0.013508764714577515,0.0004762174996513213,0.5489851246768984,1.0758072586865095,0.0,0.0
main,dfl_linear,2254-04-01,2254-01-01,0.0028045333126908,0.006232296250424,0.0058878149648965,0.023344076904036,0.0959065610437956,0.007838050834834576,,0.030985515443631484,0.003527122875675559,0.10368074836523813,0.5497190751490667,0.5457285890517403,0.5201285718524362,1.076935750036272,1.0763772628838586,1.0727944210047848,0.004141329031487118,0.0035828418790737615,0.0005584871524133561,0.5497190751490667,1.0769357500362715,0.0,0.0
main,dfl_linear,2254-07-01,2254-04-01,0.0037041574788168,0.008231461064037333,0.007639724283674,0.0302104849872557,0.1029502776063258,0.011281296610832214,,0.04436730730352367,0.0050765834748744965,0.11531083255517216,0.5267193244345819,0.5224555032874435,0.4852800338183064,1.068978333256593,1.0684199499537783,1.06355150901559,0.005426824241002937,0.004868440938188279,0.0005583833028146579,0.5267193244345819,1.0689783332565927,0.0,0.0
main,dfl_linear,2254-10-01,2254-07-01,0.0043010527140136,0.009557894920030221,0.0092948994505248,0.0366644315403488,0.1087965937204966,0.016132084652781487,,0.0629835990756098,0.007259438093751669,0.12994331056979677,0.5094304526454656,0.504292320932402,0.4468569510826375,1.0636734437349187,1.063031231360618,1.055852414759585,0.007821028975333766,0.0071788166010331445,0.0006422123743006214,0.5094304526454656,1.0636734437349185,0.0,0.0
main,dfl_linear,2255-01-01,2254-10-01,0.0029104066250776,0.006467570277950222,0.0058906704493872,0.0233552982284188,0.0959192132505167,0.02017625793814659,,0.07829523124706594,0.009079316072165966,0.14089238844166674,0.5493611397679643,0.545685436184633,0.4213126160194632,1.0763040284736094,1.075793488192217,1.0585186092023515,0.017785419271257874,0.017274878989865572,0.0005105402813923021,0.5493611397679643,1.0763040284736092,0.0,0.0
main,dfl_linear,2255-04-01,2255-01-01,0.0032878794786562,0.007306398841458221,0.0078441667608083,0.0310094081803462,0.1037031171945944,0.011855510994791985,,0.04658537069552815,0.005334979947656394,0.11712764724841002,0.5257872395252108,0.5200575739412572,0.48020002541984425,1.071045005490493,1.0702708061713189,1.064885206178253,0.0061597993122399775,0.0053855999930658704,0.000774199319174107,0.5257872395252108,1.0710450054904928,0.0,0.0
main,dfl_linear,2255-07-01,2255-04-01,0.0029925381615081,0.006650084803351334,0.0091525897163376,0.036110799302908,0.1083126368248627,0.011096527799963951,,0.04365276385473382,0.004993437509983778,0.11472070986499731,0.5141251328052113,0.5057559421459217,0.4869504974039737,1.0709876315141753,1.069832058707703,1.0672355041014001,0.003752127412775197,0.0025965546063029254,0.0011555728064722715,0.5141251328052113,1.0709876315141749,0.0,0.0
main,dfl_linear,2255-10-01,2255-07-01,0.0051139293126483,0.011364287361440666,0.0096587611106585,0.0380788900698121,0.1100217049642323,0.013862748630344868,,0.05430855913152288,0.006238236883655191,0.1232948741043823,0.5041958271304603,0.500619253358353,0.4636345534222666,1.058920680761143,1.0585027198219492,1.0541806616439136,0.004740019117229544,0.004322058178035659,0.00041796093919388433,0.5041958271304603,1.058920680761143,0.0,0.0
main,dfl_linear,2256-01-01,2255-10-01,0.0038016290098158,0.008448064466257333,0.0118148556448171,0.0464284551914885,0.1169998354019247,0.017833147197961807,,0.06944704609163166,0.008024916239082814,0.13469448634316813,0.4901925538597987,0.4805543305715474,0.4354795426918659,1.0637170467169552,1.0624642346970858,1.0566052465454463,0.00711180017150892,0.005858988151639544,0.001252812019869376,0.4901925538597987,1.063717046716955,0.0,0.0
main,dfl_linear,2256-04-01,2256-01-01,0.0042876264967312,0.009528058881624888,0.0111045024954923,0.0436836121063151,0.1147462376435699,0.019108880311250687,,0.07427240244808198,0.00859899614006281,0.13812002671370918,0.4944770213189659,0.4868780255890959,0.42756105383015236,1.061870811795267,1.060919997067048,1.0534980360097408,0.00837277578552631,0.0074219610573071915,0.0009508147282191182,0.4944770213189659,1.0618708117952669,0.0,0.0
main,dfl_linear,2256-07-01,2256-04-01,0.006737548163392,0.014972329251982221,0.012211264327293,0.0479576287446416,0.1182409308949433,0.01912039704620838,,0.0743158779018096,0.008604178670793772,0.13815039935780063,0.4803570431389914,0.4771333053393076,0.427491843926767,1.0483356961096153,1.0480113090461831,1.0430161609005584,0.005319535209056925,0.004995148145624739,0.0003243870634321855,0.4803570431389914,1.048335696109615,0.0,0.0
main,dfl_linear,2256-10-01,2256-07-01,0.0050220018684706,0.011160004152156889,0.0111603644869076,0.0438996802814583,0.1149249099063405,0.03535338118672371,,0.1340895405538035,0.01590902153402567,0.1711634347577882,0.4922545826733557,0.4863713273036265,0.3587266184309032,1.0579777355496356,1.0572848058421156,1.0422508144160905,0.015726921133545124,0.015033991426025128,0.0006929297075199958,0.4922545826733557,1.0579777355496354,0.0,0.0
main,dfl_linear,2257-01-01,2256-10-01,0.0039100042289678,0.008688898286595111,0.0114136338788077,0.044878839778516,0.1157318071143272,0.027339477092027664,,0.10495440688646263,0.012302764691412449,0.15723773442294972,0.4929950023851412,0.4840945321471542,0.38682856118907216,1.0635470349588447,1.0623997647215662,1.049862185178416,0.01368484978042872,0.012537579543150157,0.0011472702372785637,0.4929950023851412,1.0635470349588447,0.0,0.0
main,dfl_linear,2257-04-01,2257-01-01,0.0048699968412132,0.010822215202696,0.0104437606031616,0.0411251541957869,0.1126123911622568,0.018454041332006454,,0.07179787771997537,0.008304318599402906,0.13637673328872102,0.498299829404753,0.4930018439192589,0.43156251415093433,1.0594471853882164,1.0588151355524442,1.0514854215703462,0.007961763817870171,0.0073297139820980295,0.0006320498357721416,0.498299829404753,1.059447185388216,0.0,0.0
main,dfl_linear,2257-07-01,2257-04-01,0.0045283006753376,0.01006289038963911,0.0108230988603599,0.042594616154349,0.1138421842018777,0.01967628113925457,,0.07641250959470303,0.008854326512664558,0.1396045248119528,0.496104373713363,0.4894561508956321,0.42419813753799535,1.0608804370786034,1.0600645871639776,1.0520563199794806,0.008824117099122786,0.008008267184496987,0.0008158499146257991,0.496104373713363,1.0608804370786031,0.0,0.0
main,dfl_linear,2257-10-01,2257-07-01,0.0041670113496961,0.009260025221546888,0.0103374276250881,0.0407129433510672,0.1122652362577399,0.018320588394999504,,0.07129297394758738,0.008244264777749777,0.13601754932552668,0.5009210745783161,0.494010882491427,0.43239418678483915,1.063281302498459,1.062408338716408,1.0546243085411027,0.008656993957356418,0.007784030175305379,0.0008729637820510394,0.5009210745783161,1.063281302498459,0.0,0.0
main,dfl_linear,2258-01-01,2257-10-01,0.005520719754669,0.012268266121486668,0.0113920157235742,0.0447952916515651,0.1156631329161261,0.016495956107974052,,0.06436900626881481,0.007423180248588324,0.13097681617871024,0.48927543220055403,0.4842875774693511,0.4443409293008502,1.055186747169455,1.0546241530560925,1.050118458660551,0.005068288508903951,0.004505694395541493,0.0005625941133624579,0.489275432200554,1.055186747169455,0.0,0.0
main,dfl_linear,2258-04-01,2258-01-01,0.0048000263843955,0.010666725298656666,0.0112929119532907,0.044412213120928,0.1153478376269817,0.020693352445960045,,0.08023938220522897,0.00931200860068202,0.1422042546111976,0.49176812881817594,0.4851756196581931,0.41840277265035547,1.0590120457081331,1.0582209463483283,1.0502082223250002,0.008803823383132903,0.008012724023328088,0.0007910993598048144,0.4917681288181759,1.059012045708133,0.0,0.0
main,dfl_linear,2258-07-01,2258-04-01,0.0041915786200965,0.009314619155769999,0.0091984136813134,0.0362890958218341,0.1084687827225871,0.025639699772000313,,0.09868142325460194,0.01153786489740014,0.15371219507655629,0.5105678237109597,0.5052829285068973,0.3939865037904587,1.0643745426436806,1.0637082007868657,1.0496754785778506,0.014699064065829992,0.01403272220901508,0.0006663418568149115,0.5105678237109597,1.06437454264368,0.0,0.0
main,dfl_linear,2258-10-01,2258-07-01,0.0059940200107637,0.013320044468363778,0.0120909608037459,0.0474937442188477,0.117865476372151,0.014862483367323875,,0.058137656302970186,0.006688117515295744,0.12626624396321007,0.48295297033037976,0.4781636880368287,0.4560054245539476,1.052187801331323,1.0516702724450535,1.0492758549271317,0.0029119464041913456,0.0023944175179217986,0.0005175288862695471,0.4829529703303797,1.0521878013313228,0.0,0.0
main,dfl_linear,2259-01-01,2258-10-01,0.0057762513973264,0.012836114216280888,0.0127223291865304,0.0499263814143612,0.1198246092590346,0.030273690819740295,,0.11570592808755309,0.013623160868883133,0.16283281728639082,0.47892522319577496,0.4728298854672685,0.37565386282331303,1.0527955125998956,1.052123577892221,1.0414111374538744,0.011384375146021197,0.010712440438346738,0.0006719347076744597,0.4789252231957749,1.0527955125998956,0.0,0.0
main,dfl_linear,2259-04-01,2259-01-01,0.0036542756421962,0.008120612538213778,0.0095330633723735,0.0375904348792772,0.1096003951363455,0.03841407597064972,,0.14502702054714844,0.017286334186792374,0.17543830870118587,0.50902326636442,0.5018772366830111,0.0,1.066914795513356,1.0659753981489113,1.0,0.066914795513356,0.06597539814891129,0.0009393973644447051,0.50902326636442,1.066914795513356,0.0,0.0
main,dfl_linear,2259-07-01,2259-04-01,0.0037329924040499,0.008295538675666445,0.0084536526343816,0.0333882365087513,0.1058902755119053,0.018824681639671326,,0.07319907265577985,0.008471106737852096,0.13736737055366052,0.5186096079016549,0.5131900305333649,0.4292816054538358,1.0677667568578362,1.0670585802714534,1.0560942599926693,0.011672496865166915,0.010964320278784134,0.0007081765863827805,0.5186096079016549,1.0677667568578362,0.0,0.0
main,dfl_linear,2259-10-01,2259-07-01,0.0043397685530037,0.009643930117786,0.0090587558590051,0.0357456238400741,0.1079919480717713,0.0184154249727726,,0.07165179835770152,0.00828694123774767,0.13627293405771007,0.5114259747836424,0.5067297557537438,0.4318025990696158,1.0637248601380989,1.0631397003777152,1.0538036032382196,0.009921256899879216,0.00933609713949557,0.0005851597603836467,0.5114259747836424,1.0637248601380984,0.0,0.0
main,dfl_linear,2260-01-01,2259-10-01,0.0037789729623964,0.008397717694214222,0.0081786894341868,0.0323155958187608,0.1049133721997217,0.02319514751434326,,0.08960212872503415,0.010437816381454468,0.14826016753549623,0.5211255210482068,0.5162392369262753,0.4053256563445086,1.0678558949955397,1.067219650618889,1.0527775633029628,0.015078331692576885,0.014442087315926111,0.0006362443766507742,0.5211255210482068,1.0678558949955397,0.0,0.0
main,dfl_linear,2260-04-01,2260-01-01,0.0061418635093822,0.013648585576404887,0.0097239484347256,0.0383321315577664,0.110239440810874,0.01807679980993271,,0.07037009618592227,0.00813455991446972,0.13535801102556935,0.5010489326483395,0.4999712365299293,0.4339278834959958,1.0534024791264436,1.0532876168031893,1.0462486260938522,0.007153853032591417,0.007038990709337112,0.00011486232325430557,0.5010489326483395,1.0534024791264434,0.0,0.0
main,dfl_linear,2260-07-01,2260-04-01,0.0032748688847551,0.007277486410566889,0.0090926652934287,0.0358776019666993,0.1081079866915132,0.01846720464527607,,0.07184766843807022,0.008310242090374231,0.13641209052599604,0.5139198844512954,0.5063770206218184,0.43148078107400795,1.0695083381993529,1.068488155976571,1.0583583413773423,0.011149996822010566,0.010129814599228792,0.0010201822227817736,0.5139198844512954,1.0695083381993524,0.0,0.0
main,dfl_linear,2260-10-01,2260-07-01,0.0055205794278808,0.012267954284179554,0.0097927779484476,0.0385994680484451,0.1104687964609186,0.01745505817234516,,0.06801333828782541,0.007854776177555324,0.13365630800729278,0.5020348075026155,0.4992901936477609,0.4379251458344516,1.056626617356649,1.056317040816879,1.049395418989734,0.007231198366914882,0.0069216218271448415,0.00030957653977004007,0.5020348075026155,1.0566266173566483,0.0,0.0
main,dfl_linear,2261-01-01,2260-10-01,0.0047597720057685,0.01057727112393,0.0101610260574749,0.0400288112263231,0.1116868400901298,0.018655598163604736,,0.07256005440307356,0.008395019173622132,0.13691671591877222,0.5008850256899527,0.4957000460971554,0.4303168979239185,1.0603076990820353,1.059683415717608,1.0518111356077442,0.008496563474291063,0.00787228010986385,0.0006242833644272139,0.5008850256899527,1.0603076990820353,0.0,0.0
main,dfl_linear,2261-04-01,2261-01-01,0.0037902092965887,0.008422687325752666,0.0086082643846961,0.0339909903192029,0.106433221404717,0.021957585588097572,,0.08497964264025737,0.009880913514643907,0.14532494906675353,0.5170004369055661,0.5115080524260934,0.4115941705307457,1.067260674777136,1.0665461270517298,1.0535475401334917,0.01371313464364432,0.012998586918238075,0.0007145477254062449,0.5170004369055661,1.0672606747771358,0.0,0.0
main,dfl_linear,2261-07-01,2261-04-01,0.0043607077541671,0.00969046167592689,0.0105602791770262,0.0415766980017849,0.1129915520321789,0.016013015061616898,,0.06252991860358836,0.007205856777727604,0.12960312425465575,0.4986231419366832,0.4919038804041022,0.4476903064481447,1.0620251898308581,1.0611893612520586,1.0556895055753497,0.006335684255508456,0.005499855676708965,0.0008358285787994912,0.4986231419366832,1.062025189830858,0.0,0.0
main,dfl_linear,2261-10-01,2261-07-01,0.003759327209894,0.00835406046643111,0.010198616470922,0.0401746275026382,0.1118103592684698,0.015264281071722507,,0.05967330654360903,0.006868926482275129,0.1274417384436889,0.503094820611482,0.4953384748356924,0.4530465854789596,1.065606949379914,1.0645954697068238,1.059080322799059,0.006526626580855011,0.0055151469077647786,0.001011479673090232,0.5030948160687402,1.0656069487875095,0.0,0.0
main,dfl_linear,2262-01-01,2261-10-01,0.0038952992505666,0.008656220556814666,0.0092736498815798,0.0365817787946155,0.1087245090168194,0.021753782406449318,,0.08421672130104452,0.009789202082902194,0.14483021541867563,0.5106735666454243,0.5045098708447019,0.41266330760368136,1.0659008955820504,1.0651054890838616,1.0532529649489688,0.012647930633081561,0.011852524134892795,0.0007954064981887665,0.5106735666454243,1.06590089558205,0.0,0.0
main,dfl_linear,2262-04-01,2262-01-01,0.002928044222849,0.006506764939664444,0.0084879737815702,0.0335220618302125,0.1060111793891044,0.014371909201145172,,0.056260157669799526,0.0064673591405153275,0.12481643902561392,0.5204559299955657,0.512814701363229,0.4597005746430251,1.0721974164485448,1.0711374285918356,1.0637694604217895,0.008427956026755279,0.007367968170046035,0.0010599878567092436,0.5204559299955657,1.0721974164485444,0.0,0.0
main,dfl_linear,2262-07-01,2262-04-01,0.0037471286850838,0.008326952633519557,0.008876743986227,0.0350369880616299,0.1073661194137289,0.011979025788605213,,0.047061976029824426,0.005390561604872346,0.11751520752102507,0.5146329461875203,0.5086392581884361,0.4791284913623239,1.067174376210019,1.0663920278284806,1.0625400254106234,0.004634350799395559,0.0038520024178572143,0.0007823483815383447,0.5146329461875199,1.0671743762100183,0.0,0.0
main,dfl_linear,2262-10-01,2262-07-01,0.0042661791460632,0.009480398102362666,0.0094808480909026,0.0373874742011632,0.1094248010872921,0.012641930021345615,,0.0496168658273215,0.005688868509605527,0.11957666466740804,0.5078952749650033,0.5024031352652027,0.47349911719155496,1.0636586838897233,1.062970308938702,1.0593475310937617,0.004311152795961615,0.0036227778449402503,0.0006883749510213644,0.5078952749650033,1.0636586838897228,0.0,0.0
main,dfl_linear,2263-01-01,2262-10-01,0.005394745874702,0.011988324166004444,0.0110101513254521,0.0433185887667632,0.1144438701359582,0.020161613821983337,,0.07824012805362313,0.009072726219892501,0.14085493833302215,0.4925171442825677,0.4877376407093489,0.42139611563864166,1.0561728319160875,1.055627717387634,1.0480612978627217,0.008111534053365732,0.007566419524912327,0.0005451145284534054,0.4925171442825677,1.0561728319160872,0.0,0.0
main,dfl_linear,2263-04-01,2263-01-01,0.0070995068517732,0.015776681892829332,0.0127092776016482,0.0498761413948277,0.1197843891997069,0.02295001968741417,,0.08868793232519812,0.010327508859336377,0.1476881806554505,0.4760003066914693,0.4729383326319628,0.40653750246702697,1.0461743771361445,1.0458773505523014,1.0394361425717864,0.00673823456435807,0.006441207980514951,0.00029702658384311853,0.4760003066914693,1.0461743771361445,0.0,0.0
main,dfl_linear,2263-07-01,2263-04-01,0.0046031477735152,0.010229217274478222,0.0119373206956136,0.0469010689788806,0.1173844713812965,0.037507329136133194,,0.14179760022881616,0.01687829811125994,0.17422591369990015,0.48735883804954344,0.4794894781141355,0.0,1.0594424372896163,1.058482623087124,1.0,0.05944243728961629,0.05848262308712404,0.0009598142024922485,0.4873588380495434,1.059442437289616,0.0,0.0
main,dfl_linear,2263-10-01,2263-07-01,0.005509447570565,0.012243216823477778,0.0124923453778089,0.0490408031550599,0.1191141785826183,0.018375761806964874,,0.0715017411485126,0.008269092813134194,0.1361662062406437,0.4811772453948905,0.4747518888593504,0.4320496747277212,1.0543275691698213,1.0536021109213975,1.0487807950463368,0.005546774123484477,0.004821315875060739,0.0007254582484237382,0.4811772453948905,1.0543275691698208,0.0,0.0
main,dfl_linear,2264-01-01,2263-10-01,0.0065689820476718,0.014597737883715111,0.0112155086550269,0.0441129360804417,0.1151010350698763,0.021756796166300774,,0.08422800655039864,0.009790558274835348,0.14483755473707394,0.48811436330666796,0.4858727524522844,0.41264741896693585,1.0499390681377976,1.049709728528864,1.0422180315143261,0.007721036623471456,0.007491697014537779,0.00022933960893367633,0.4881143633066679,1.0499390681377976,0.0,0.0
main,dfl_linear,2264-04-01,2264-01-01,0.005600398997494,0.012445331105542221,0.0126443195500534,0.0496260659730741,0.119584040149928,0.02997017838060856,,0.11459831543193988,0.013486580271273852,0.1622819536081835,0.4798822714665666,0.4734791839141653,0.3767483805547002,1.0537448996860181,1.0530277794283078,1.0421943154055293,0.01155058428048883,0.010833464022778516,0.0007171202577103131,0.4798822714665666,1.053744899686018,0.0,0.0
main,dfl_linear,2264-07-01,2264-04-01,0.0050791548422835,0.011287010760629998,0.0116135588317858,0.045651234146827,0.1163651850773193,0.032764654606580734,,0.12475702481432727,0.01474409457296133,0.16712196128772447,0.48865265129681995,0.4823204813847966,0.3671068965232465,1.0572742206175767,1.0565320367870643,1.0430280309047884,0.014246189712788349,0.01350400588227596,0.0007421838305123885,0.4886526512968199,1.0572742206175765,0.0,0.0
main,dfl_linear,2264-10-01,2264-07-01,0.0043798868216019,0.009733081825782,0.007797802730651,0.03082826946498,0.1035333128804337,0.020907318219542503,,0.08104294176650373,0.009408293198794127,0.14274108160405166,0.5232500918992604,0.5205969087587774,0.41722037386526345,1.0649882536199602,1.064658725271082,1.0518192426374013,0.013169010982558849,0.012839482633680621,0.00032952834887822746,0.5232500918992604,1.0649882536199602,0.0,0.0
main,dfl_linear,2265-01-01,2264-10-01,0.0044643797570272,0.009920843904504888,0.0091531117736082,0.0361128307154636,0.1083144174353909,0.013918685726821423,,0.05452311235937013,0.00626340857706964,0.12346287133257561,0.5102592770139477,0.5057505439106804,0.46319733654293227,1.0629436466669793,1.0623874664735908,1.0571382644115008,0.005805382255478442,0.005249202062090008,0.0005561801933884336,0.5102592770139477,1.062943646666979,0.0,0.0
main,dfl_linear,2265-04-01,2265-01-01,0.0047160665955166,0.01048014799003689,0.0095049488997625,0.0374811579779303,0.1095058924311921,0.01632632315158844,,0.06372333564135924,0.007346845418214798,0.13049615249520752,0.5065292602386966,0.5021601559913438,0.4455081509084906,1.0612086584814666,1.0606806988338435,1.0538349082673275,0.007373750214139108,0.006845790566516019,0.0005279596476230886,0.5065292622062167,1.06120865871922,0.0,0.0
main,dfl_linear,2265-07-01,2265-04-01,0.0035261221581921,0.007835827018204667,0.0091285041370927,0.0360170747758125,0.1082304440030887,0.01868322677910328,,0.0726644939841673,0.008407452050596476,0.1369904994418951,0.5129347560705696,0.5060052268417452,0.4301471301404293,1.0680863329289827,1.067166515684136,1.057097204594883,0.010989128334099707,0.010069311089252908,0.0009198172448467989,0.5129347560705696,1.0680863329289825,0.0,0.0
main,dfl_linear,2265-10-01,2265-07-01,0.005474359947676,0.012165244328168888,0.0113096772343072,0.0444770262106376,0.1154012307256501,0.01266556978225708,,0.049707880521568826,0.005699506402015686,0.1196496136099779,0.4900145007744824,0.4850250344582452,0.47330204669204534,1.0554972785619103,1.054932189566401,1.0536044861686236,0.0018927923932867685,0.0013277033977774355,0.000565088995509333,0.4900145007744824,1.05549727856191,0.0,0.0
main,dfl_linear,2266-01-01,2265-10-01,0.0054175083062143,0.012038907347142889,0.0122792625157071,0.0482197514835059,0.118452691809255,0.018834944814443588,,0.07323784970398428,0.008475725166499614,0.1373946561480594,0.48292801063625895,0.4765538838213884,0.4292190454598982,1.0549692406976368,1.0542437062423826,1.0488558221976192,0.0061134185000175645,0.005387884044763425,0.0007255344552541398,0.4829280106362589,1.0549692406976368,0.0,0.0
main,dfl_linear,2266-04-01,2266-01-01,0.0045533013567609,0.010118447459468667,0.0088450971559172,0.0349137360516678,0.1072567760561687,0.030279414728283882,,0.11572680644686106,0.013625736627727748,0.1628431456621858,0.5127939986990236,0.5089741207432377,0.3756333450450095,1.0628003356812847,1.0623325267394998,1.0460026837711809,0.01679765191010385,0.016329842968318964,0.0004678089417848863,0.5127939986990213,1.0628003356812843,0.0,0.0
main,dfl_linear,2266-07-01,2266-04-01,0.0022323952733535,0.00496087838523,0.0052801447717217,0.020953887576976,0.0930879139385863,0.014408030547201633,,0.056398494958862844,0.006483613746240735,0.1249237332215749,0.5601603478353163,0.5554635839716854,0.4594253479188774,1.081601945308057,1.0809177393134592,1.0669272686988425,0.01467467660921451,0.013990470614616779,0.0006842059945977308,0.5601603478353163,1.081601945308057,0.0,0.0
main,dfl_linear,2266-10-01,2266-07-01,0.0012605729280325,0.0028012731734055555,0.003687801654586,0.0146698077617812,0.0838985533330635,0.008631911128759384,,0.03408315227589065,0.003884360007941723,0.10651588121096266,0.593968387649763,0.5889592429112487,0.5112527791239789,1.0922992844293762,1.0915208920358048,1.0794457527653778,0.012853531663998385,0.012075139270427027,0.0007783923935713588,0.593968387649763,1.0922992844293755,0.0,0.0
main,dfl_linear,2267-01-01,2266-10-01,0.000657277167169,0.0014606159270422222,0.0023138652570517,0.0092233867184581,0.0717095112003645,0.006821493152529001,,0.027008043523693237,0.0030696719186380506,0.09981415877197013,0.6428107219009972,0.6383276656280592,0.5326313142193018,1.1037671531761981,1.1030434658276174,1.085981196775287,0.017785956400911074,0.017062269052330326,0.0007236873485807482,0.6428107219009972,1.1037671531761974,0.0,0.0
main,dfl_linear,2267-04-01,2267-01-01,0.0029716527041858,0.006603672675968444,0.0052773546350079,0.0209429028399902,0.093074329137992,0.005447993054986,,0.021614534368469274,0.0024515968747437,0.09389351630443299,0.5578925535821958,0.5555110900551329,0.5526564470045734,1.0771473198468324,1.076818002799587,1.0764232528444997,0.00072406700233274,0.0003947499550873701,0.0003293170472453699,0.5578925535821958,1.0771473198468324,0.0,0.0
main,dfl_linear,2267-07-01,2267-04-01,0.0028357863221429,0.0063017473825397775,0.0079446792606011,0.0314020112940005,0.1040694504391676,0.007224838249385357,,0.0285876690432445,0.0032511772122234108,0.10138707338776057,0.5260244343140407,0.5188970393209779,0.5274901035594288,1.0734551760053517,1.0724598913388554,1.0457967425492471,0.027658433456104525,0.026663148789608293,0.0009952846664962323,0.5260244343140407,1.0734551760053517,0.0027863102641341175,0.0
main,dfl_linear,2267-10-01,2267-07-01,0.0029784075819353,0.006618683515411778,0.0067288124513748,0.0266448048929969,0.0994442171257137,0.01108904741704464,,0.043623827057957754,0.004990071337670088,0.11469675962806537,0.5387274264934755,0.5338514340068597,0.487018506952608,1.0744607091342573,1.0737867693264214,1.0673137130315336,0.007146996102723735,0.006473056294887813,0.0006739398078359216,0.5387274264934755,1.0744607091342568,0.0,0.0
main,dfl_linear,2268-01-01,2267-10-01,0.0021500100253032,0.004777800056229333,0.006024434363336,0.023880847878405,0.0965064318195228,0.012317818589508533,,0.04836835527180405,0.00554301836527884,0.11857261897859524,0.5498842801769481,0.5436879392011125,0.4762262896620202,1.0805579919183566,1.079650228586598,1.0697671036923566,0.01079088822599994,0.00988312489424148,0.0009077633317584599,0.5498842772639196,1.0805579914915977,0.0,0.0
main,dfl_linear,2268-04-01,2268-01-01,0.0039760360812972,0.008835635736216001,0.0072286925655267,0.0286027544666809,0.1014018350671184,0.009800261817872524,,0.03862853232637764,0.004410117818042636,0.11049370113994703,0.5302849087957113,0.5274422094600897,0.4992163387256209,1.068003545370288,1.0676389986331702,1.0640193231544428,0.003984222215845268,0.0036196754787274354,0.00036454673711783236,0.5302849087957113,1.0680035453702876,0.0,0.0
main,dfl_linear,2268-07-01,2268-04-01,0.0035605904458803,0.007912423213067333,0.0081942071488039,0.0323761547031409,0.1049689126933847,0.01334990281611681,,0.052339776944591354,0.006007456267252564,0.12174500422517658,0.5215681325388609,0.5160650923936305,0.4677022930673789,1.0690525411705936,1.0683239711478387,1.0619210220731994,0.007131519097394179,0.006402949074639341,0.0007285700227548375,0.5215681325388609,1.0690525411705931,0.0,0.0
main,dfl_linear,2268-10-01,2268-07-01,0.0041297686285816,0.009177263619070222,0.0088929634556913,0.0351001519671249,0.1074220974811464,0.013261514715850353,,0.05200015039079098,0.0059676816221326595,0.12147612770498295,0.513473894858304,0.5084679692575849,0.4684143287923652,1.0650583305103807,1.0644240681544883,1.0593491792348693,0.005709151275511415,0.005074888919619047,0.0006342623558923677,0.513473894858304,1.065058330510381,0.0,0.0
main,dfl_linear,2269-01-01,2268-10-01,0.0040420764084243,0.008982392018720666,0.0088427396587373,0.0349045540509272,0.1072486241928156,0.013292493298649788,,0.05211919432920853,0.005981621984392405,0.1215704236198752,0.5141633986326968,0.5089990996605989,0.4681643998472486,1.0655965735334083,1.064937716216507,1.059728056415471,0.005868517117937344,0.005209659801036048,0.0006588573169012957,0.5141633986326968,1.065596573533408,0.0,0.0
main,dfl_linear,2269-04-01,2269-01-01,0.0022732346188854,0.0050516324864119996,0.0045814128857607,0.0182000996817163,0.0894552709683975,0.016037972643971443,,0.06262502594538133,0.00721708768978715,0.12967450999581617,0.5716621110441141,0.5683727337343943,0.44751521761962215,1.0830440136441053,1.0825661735198224,1.065009485708387,0.01803452793571836,0.01755668781143549,0.00047784012428286893,0.5716621110441141,1.083044013644105,0.0,0.0
main,dfl_linear,2269-07-01,2269-04-01,0.0010765236589134,0.002392274797585333,0.0019377414379752,0.0077284657901701,0.0670168553037097,0.007149318233132362,,0.02829205549812086,0.003217193204909563,0.10109686333569912,0.6609674462286294,0.6591970917881451,0.5284330078253054,1.1039270600300428,1.1036486987684395,1.0830880389639042,0.020839021066138663,0.020560659804535364,0.0002783612616032993,0.6609674462286294,1.1039270600300424,0.0,0.0
main,dfl_linear,2269-10-01,2269-07-01,0.0009500502640473,0.002111222808994,0.0020788809625328,0.0082896292926979,0.0688757489391745,0.00555382389575243,,0.02203091010230862,0.0024992207530885936,0.09439024593761165,0.6534845681959943,0.6507902918806838,0.5509354921585414,1.1035769755912725,1.103149934149548,1.0873229985846524,0.016253977006620124,0.015826935564895672,0.0004270414417244517,0.6534845681959943,1.1035769755912723,0.0,0.0
main,dfl_linear,2270-01-01,2269-10-01,0.0007741566222515,0.0017203480494477777,0.001503627459841,0.0060009580592028,0.060369106960166,0.007561512757092714,,0.02990471827075325,0.0034026807406917214,0.10265937649042793,0.6927929781001982,0.6909058008815694,0.5233867350758518,1.1110259176023773,1.1107234815370588,1.0838771384231676,0.02714877917920977,0.026846343113891225,0.0003024360653185454,0.6927929781001982,1.111025917602377,0.0,0.0
main,dfl_linear,2270-04-01,2270-01-01,0.0010413080941225,0.002314017986938889,0.0019769189321607,0.0078842573674282,0.0675457522985536,0.0036497614346444607,,0.014519315480319372,0.0016423926455900073,0.08363149256952224,0.6588176839800157,0.6567858585545535,0.5899759539400691,1.1038210490398483,1.103500859930984,1.0929724929001772,0.010848556139671173,0.010528367030806729,0.00032018910886444374,0.6588176839800157,1.1038210490398477,0.0,0.0
main,dfl_linear,2270-07-01,2270-04-01,0.0012813657024817,0.002847479338848222,0.0025072178018454,0.0099912173641305,0.073830165541418,0.004649437498301268,,0.01846844794416047,0.0020922468742355705,0.08983166169491981,0.6316659191225745,0.6292650520209663,0.5670157414678016,1.09802592397069,1.097653342185222,1.08799309932775,0.010032824642939975,0.009660242857471912,0.0003725817854680624,0.6316659191225745,1.09802592397069,0.0,0.0
main,dfl_linear,2270-10-01,2270-07-01,0.000744192666911,0.0016537614820244444,0.0020558258071055,0.008197979447196,0.0685807051425651,0.004901829641312361,,0.019463621508266304,0.0022058233385905623,0.09118245920873122,0.6556306535009354,0.6521120591359769,0.5621830713341478,1.1052667945427825,1.1047018558107118,1.090263030792653,0.015003763750129462,0.01443882501805871,0.0005649387320707522,0.6556306535009354,1.1052667945427823,0.0,0.0
main,dfl_linear,2271-01-01,2270-10-01,0.0015211065817015,0.0033802368482255558,0.0038478908571331,0.0153029535165691,0.0849912025332881,0.005785411223769188,,0.022941592450204884,0.0026034350506961347,0.09544946937304784,0.5892324513873205,0.5848264841077772,0.5472908510231878,1.0900281982334963,1.0893550151888092,1.0836199858159317,0.006408212417564618,0.005735029372877509,0.000673183044687109,0.5892324513873205,1.0900281982334956,0.0,0.0
main,dfl_linear,2271-04-01,2271-01-01,0.001709626626394,0.003799170280875555,0.00477194406615,0.0189515817013843,0.0904960048490326,0.008766192942857742,,0.03460638362614887,0.0039447868242859846,0.10698344483850987,0.5701071175857151,0.5646317022623792,0.5098127948252952,1.0860312926731874,1.0852050320571405,1.0769326542455528,0.009098638427634587,0.008272377811587628,0.0008262606160469588,0.5701071175857151,1.0860312926731872,0.0,0.0
main,dfl_linear,2271-07-01,2271-04-01,0.0037254679135074,0.008278817585572,0.0092449715963681,0.0364702227339239,0.108627125233186,0.007856056094169617,,0.031055854291741514,0.0035352252423763277,0.10374657603445638,0.5113713789380591,0.5048040237473387,0.519919681257615,1.0668594150203963,1.0660007640587514,0.900812875757127,0.1660465392632693,0.16518788830162445,0.0008586509616448357,0.5113713789380591,1.066859415020396,0.016716418979288994,0.0
main,dfl_linear,2271-10-01,2271-07-01,0.0038999391135361,0.008666531363413556,0.0101950719805689,0.0401608788451619,0.1117987185681281,0.015751859173178673,,0.06153428219662771,0.007088336627930403,0.1288535785566948,0.5027685943429585,0.4953725299247676,0.4495356754101346,1.0648574547882603,1.0639033579751114,1.0579903758342841,0.006867078953976202,0.00591298214082725,0.0009540968131489524,0.5027685943429585,1.06485745478826,0.0,0.0
main,dfl_linear,2272-01-01,2271-10-01,0.0041178759705027,0.009150835490005999,0.0091107639237057,0.0359480376821663,0.1081698511377306,0.015009396709501743,,0.058699369535545554,0.006754228519275785,0.12669730541253915,0.5115410603581386,0.5061891389719315,0.45491658173478206,1.0648742717364248,1.0641955344282643,1.0576930851263546,0.007181186610070167,0.006502449301909685,0.0006787373081604819,0.5115410603581386,1.0648742717364246,0.0,0.0
main,dfl_linear,2272-04-01,2272-01-01,0.0029698834094031,0.006599740909784667,0.0063281313811305,0.0250732660865704,0.0978026587485103,0.013056669384241104,,0.05121269220945235,0.005875501222908497,0.1208509878469362,0.543559370954603,0.5393156084806651,0.47007717771488244,1.0751748947421367,1.074587977444163,1.0650122217437556,0.010162672998381028,0.009575755700407251,0.0005869172979737769,0.543559370954603,1.0751748947421365,0.0,0.0
main,dfl_linear,2272-07-01,2272-04-01,0.0015337793601701,0.0034083985781557776,0.0045888182145383,0.0182293154107263,0.0894965142495114,0.0101595688611269,,0.04002315830847958,0.004571805987507105,0.11168204891377762,0.5739529978439396,0.5682238200078272,0.49571408070954487,1.087620931019774,1.0867463020904644,1.0756768053038237,0.011944125715950271,0.011069496786640709,0.0008746289293095622,0.5739529978439396,1.0876209310197735,0.0,0.0
main,dfl_linear,2272-10-01,2272-07-01,0.00214945907906,0.004776575731244444,0.0040589905896657,0.016137377153631,0.0863607110043361,0.008084582164883614,,0.03194827522317978,0.0036380619741976264,0.10457544516002946,0.5823766868038246,0.5797064981257862,0.5173008536078503,1.0853213348142088,1.0849301377292664,1.07578737324219,0.00953396157201869,0.009142764487076294,0.00039119708494239624,0.5823766868038246,1.0853213348142086,0.0,0.0
main,dfl_linear,2273-01-01,2272-10-01,0.0008125081159571,0.0018055735910157778,0.0035660189121729,0.0141879579306789,0.0830329525467814,0.007060224190354347,,0.027943221400370644,0.0031771008856594563,0.10075204157306648,0.5986394284147647,0.5922641846339965,0.5295566879379097,1.0957074300324914,1.094688188450453,1.0846628325054797,0.011044597527011701,0.010025355944973224,0.001019241582038477,0.5986394284147647,1.095707430032491,0.0,0.0
main,dfl_linear,2273-04-01,2273-01-01,0.0019195736848942,0.004265719299764889,0.0063656745532535,0.0252205974905724,0.0979596009977018,0.007475562859326601,,0.029568615132515297,0.0033640032866969704,0.10233774216384986,0.5462117594798523,0.538789676330725,0.5244193735420237,1.0812786383938424,1.0801742007797903,1.0780358384620603,0.0032427999317821143,0.0021383623177300137,0.0011044376140521006,0.5462117594798482,1.0812786383938413,0.0,0.0
main,dfl_linear,2273-07-01,2273-04-01,0.0024536345114838,0.005452521136630666,0.0066399282247541,0.0262963500560302,0.0990861546690865,0.007657402195036411,,0.030279586483599408,0.003445830987766385,0.10301580098321225,0.5413019059475551,0.5350363360345126,0.5222461065873969,1.0776571498235405,1.0767582682638766,1.0749233352005738,0.002733814622966735,0.001834933063302735,0.0008988815596639999,0.5413019059475551,1.07765714982354,0.0,0.0
main,dfl_linear,2273-10-01,2273-07-01,0.0027563700229258,0.006125266717612888,0.0066000729799921,0.026140074264512,0.0989245228439331,0.010776425711810589,,0.04241390717753135,0.004849391570314765,0.11369157749784234,0.5408887721422506,0.5355724795980343,0.4898879722130951,1.0759604177471978,1.0752138172937888,1.0687980541197992,0.007162363627398527,0.006415763173989619,0.0007466004534089077,0.5408887721422504,1.0759604177471973,0.0,0.0
main,dfl_linear,2274-01-01,2273-10-01,0.0024246061246365,0.005388013610303334,0.0048803809166621,0.0193790793579474,0.0910703196228041,0.008930088952183723,,0.03524471909001958,0.0040185400284826756,0.10755007175897793,0.5659472049938945,0.5625820633163217,0.5080767391626257,1.0813571398444832,1.080873387473868,1.0730380324437307,0.008319107400752479,0.007835355030137325,0.00048375237061515364,0.5659472049938945,1.0813571398444828,0.0,0.0
main,dfl_linear,2274-04-01,2274-01-01,0.0025109629023784,0.005579917560840889,0.0039329203382588,0.01563911727494,0.085552124188774,0.007493599317967892,,0.029639153117392625,0.0033721196930855514,0.1024054097531154,0.5838969710421896,0.582721493658157,0.524201856968878,1.0834332548041072,1.0832652904046285,1.0749033978087044,0.008529856995402874,0.008361892595924125,0.0001679643994787483,0.5838969710421887,1.0834332548041066,0.0,0.0
main,dfl_linear,2274-07-01,2274-04-01,0.0013104191395848,0.002912042532410667,0.0032936944886804,0.0131098302222941,0.0809770054989754,0.006631414871662855,,0.026262970057059576,0.002984136692248285,0.0990516859592506,0.604275514522569,0.6002274251286305,0.5351506046164314,1.0935997444416632,1.092972712361687,1.082892585627063,0.01070715881460016,0.010080126734623995,0.0006270320799761642,0.604275514522569,1.093599744441663,0.0,0.0
main,dfl_linear,2274-10-01,2274-07-01,0.0012299810562972,0.002733291236216,0.0024616638424967,0.0098103562686781,0.0733460947988693,0.00725703127682209,,0.02871366406780229,0.0032656640745699407,0.10151022375403325,0.6338096420913943,0.6313145637846028,0.5270907607127446,1.098684281340645,1.098295797175617,1.0820681312934814,0.016616150047163547,0.016227665882135645,0.0003884841650279025,0.6338096420913943,1.098684281340645,0.0,0.0
main,dfl_linear,2275-01-01,2274-10-01,0.0010544463579858,0.0023432141288573334,0.0023624916195837,0.0094165309909957,0.0722594994382136,0.004613140132278204,,0.018325266395031514,0.002075913059525192,0.08963150837018788,0.6389206932872696,0.6359561951876107,0.5677367812502663,1.100601600491476,1.1001348238529771,1.0893932994372055,0.011208301054270509,0.010741524415771586,0.0004667766384989225,0.6389206932872693,1.1006016004914754,0.0,0.0
main,dfl_linear,2275-04-01,2275-01-01,0.0009797066286431,0.002177125841429111,0.0021270706435608,0.0084811744717617,0.0694821408256272,0.005426446907222271,,0.02152974796128093,0.002441901108250022,0.09379135096214232,0.6507796246632226,0.6480882904788068,0.5530113413387443,1.1029552458227372,1.1025294688591585,1.0874880165766652,0.015467229246072023,0.015041452282493317,0.00042577696357870565,0.6507796246632226,1.1029552458227363,0.0,0.0
main,dfl_linear,2275-07-01,2275-04-01,0.0009064382909229,0.002014307313162,0.0018455641949813,0.0073618452698951,0.0657307030778995,0.0038597576785832644,,0.015349874122867257,0.001736890955362469,0.08507026758370854,0.6673912541767245,0.6651263238829337,0.5845290998087728,1.1060722408235613,1.1057122627296496,1.0929024931856202,0.013169747637941098,0.012809769544029459,0.00035997809391163926,0.6673912541767245,1.1060722408235608,0.0,0.0
main,dfl_linear,2275-10-01,2275-07-01,0.0006108529946883,0.0013574510993073334,0.0019013875598687,0.0075838860746405,0.0665167581455465,0.003919688984751701,,0.015586812820338691,0.0017638600431382657,0.08546568559131423,0.6652137891196895,0.6614914072645118,0.5830451475119682,1.1076924382201907,1.1070898163495566,1.094390036038049,0.013302402182141737,0.012699780311507647,0.0006026218706340902,0.6652137891196895,1.1076924382201905,0.0,0.0
main,dfl_linear,2276-01-01,2275-10-01,0.0010103378949006,0.0022451953220013333,0.0026310278639435,0.0104826504132676,0.0751009610322675,0.0034942030906677246,,0.013903726131431982,0.0015723913908004762,0.0825075530906163,0.6277018567065626,0.6239370861767133,0.5942838315839414,1.0991120022014014,1.0985175576557054,1.0938354089523423,0.005276593249059047,0.004682148703363032,0.0005944445456960157,0.6277018567065626,1.099112002201401,0.0,0.0
main,dfl_linear,2276-04-01,2276-01-01,0.0007167776313719,0.0015928391808264445,0.00202516640345,0.0080760910264611,0.0681832659926163,0.006118497345596552,,0.024250288130828523,0.0027533238055184486,0.09691319240289208,0.6574619957032167,0.6538999751262835,0.5423104124703909,1.1057410747581684,1.1051681870679635,1.0872209895658371,0.01852008519233128,0.017947197502126366,0.0005728876902049151,0.6574619957032166,1.1057410747581682,0.0,0.0
main,dfl_linear,2276-07-01,2276-04-01,0.0006132302783235,0.0013627339518299999,0.0017982132846276,0.0071734749605537,0.0650460301434684,0.00333224143832922,,0.013262490634611712,0.001499508647248149,0.08127888003726448,0.6717754646772999,0.6683214422408256,0.5990479567120317,1.108738747514037,1.1081796528561094,1.096966513275385,0.011772234238651924,0.011213139580724452,0.0005590946579274725,0.6717754646772996,1.1087387475140364,0.0,0.0
main,dfl_linear,2276-10-01,2276-07-01,0.0007378601407068,0.0016396892015706666,0.0014319352412078,0.0057154500737979,0.0591069077914067,0.0032572546042501926,,0.01296549829316862,0.0014657645719125868,0.08068812353907934,0.6990818362076023,0.6972397772470222,0.6013594916830306,1.11228750226258,1.1119916281760405,1.096591202611263,0.015696299651317025,0.015400425564777498,0.00029587408653952707,0.6990818362076023,1.112287502262579,0.0,0.0
main,dfl_linear,2277-01-01,2276-10-01,0.0003871386641079,0.0008603081424619999,0.0011738479844511,0.0046871308912322,0.0540659160055007,0.003135904436931014,,0.012484737623833508,0.0014111569966189564,0.0797004748471345,0.7264640815191338,0.7236399632767089,0.6052550591102335,1.1192335423547977,1.1187700237437066,1.0993396735802343,0.01989386877456334,0.019430350163472276,0.00046351861109106274,0.7264640815191338,1.1192335423547974,0.0,0.0
main,dfl_linear,2277-04-01,2277-01-01,0.0005643640329615,0.00125414229547,0.0013256421514281,0.0052920339582901,0.0571311560230134,0.001904599368572235,,0.007596660104328912,0.0008570697158575058,0.06656130965590619,0.7097457653461616,0.7073713497826997,0.6612864464783574,1.1152317387530741,1.1148462372858454,1.107364060149591,0.00786767860348303,0.00748217713625432,0.0003855014672287105,0.7097457653461616,1.115231738753074,0.0,0.0
main,dfl_linear,2277-07-01,2277-04-01,0.0005440499420967,0.001208999871326,0.0012381394448811,0.0049433674336827,0.0554017725222847,0.002524416893720627,,0.010059495799562446,0.0011359876021742822,0.07401056088502271,0.7186705073627463,0.71646531979461,0.6285041240558493,1.1168267187577683,1.1164682445680087,1.1021693165183815,0.01465740223938683,0.01429892804962729,0.00035847418975953893,0.7186705073627463,1.116826718757768,0.0,0.0
main,dfl_linear,2277-10-01,2277-07-01,0.0009578129298767,0.002128473177503778,0.0016831734121013,0.006715714278179,0.0633095003161825,0.003223323728889227,,0.012831089871401358,0.0014504956780001521,0.08041599525359724,0.6781163744433298,0.6765494857894092,0.6024289351304528,1.1074284645924501,1.1071802351607152,1.0954379188679182,0.011990545724531954,0.011742316292796984,0.0002482294317349698,0.6781163744433298,1.1074284645924497,0.0,0.0
main,dfl_linear,2278-01-01,2277-10-01,0.0005131370996389,0.0011403046658642222,0.0012560436447923,0.0050147166292219,0.0557636916970538,0.0044660260900855064,,0.017744787934810824,0.002009711740538478,0.08880387287461526,0.7169649653980104,0.7145442703040663,0.5707320686456281,1.1167711009579953,1.1163768456668086,1.0929543495487082,0.023816751409287074,0.023422496118100433,0.0003942552911866404,0.7169649653980104,1.116771100957995,0.0,0.0
main,dfl_linear,2278-04-01,2278-01-01,0.0006096686923908,0.001354819316424,0.0013337135373671,0.0053241908851006,0.0572858276600308,0.0030846099834889174,,0.012281468328942058,0.0013880744925700128,0.07927060506722226,0.7087398425443396,0.7065684267432,0.6069629394948948,1.1147473286169562,1.114395769204686,1.098269310818627,0.016478017798329248,0.016126458386058973,0.00035155941227027476,0.7087398425443396,1.1147473286169562,0.0,0.0
main,dfl_linear,2278-07-01,2278-04-01,0.0006405398400984,0.0014234218668853333,0.0016645105833094,0.0066414371994117,0.0630174723834338,0.00371773773804307,,0.014788226857750497,0.0016729819821193815,0.08410666215855374,0.6809298176047017,0.6779510641911495,0.5881687765599691,1.1100345825927225,1.109553232121597,1.095044899121189,0.01498968347153351,0.014508333000408102,0.00048135047112540796,0.6809298176047015,1.1100345825927218,0.0,0.0
main,dfl_linear,2278-10-01,2278-07-01,0.0006957923823664,0.0015462052941475556,0.0013573100354063,0.0054181963972755,0.0577335126956668,0.0037977248430252075,,0.015104581974182962,0.0017089761793613433,0.08465408327870697,0.7060685556099563,0.7042538690617328,0.5860969921962821,1.1137067461182542,1.1134145052289188,1.0943862764639951,0.019320469654259043,0.019028228764923716,0.00029224088933532677,0.7060685556099563,1.113706746118254,0.0,0.0
main,dfl_linear,2279-01-01,2278-10-01,0.0003595997335844,0.0007991105190764444,0.0011809482885954,0.0047154319072599,0.054216316358375,0.0032092873007059097,,0.012775484163411455,0.0014441792853176593,0.08030252160827611,0.7258162438650089,0.7228255036957951,0.6028757511228788,1.1193270956900707,1.1188354060353227,1.0991151865937607,0.020211909096309988,0.019720219441561992,0.0004916896547479954,0.7258162438650089,1.11932709569007,0.0,0.0
main,dfl_linear,2279-04-01,2279-01-01,0.0005217276890008,0.0011593948644462223,0.0011444241827533,0.0045698444844775,0.0534347708192646,0.0027195403818041086,,0.01083386652698115,0.001223793171811849,0.07597164793542968,0.72909414228039,0.7270765525236141,0.6203295182293749,1.1186839298839457,1.1183555011292188,1.100978928202887,0.017705001681058707,0.017376572926331768,0.00032842875472693933,0.7290941422803894,1.1186839298839453,0.0,0.0
main,dfl_linear,2279-07-01,2279-04-01,0.0003952191772706,0.000878264838379111,0.0010981005035564,0.0043851723609434,0.0524144888759031,0.0027337579522281885,,0.010890272880034857,0.0012301910785026849,0.07610871861815588,0.7352416332289582,0.7326970252032573,0.6197647024293895,1.1206147784486666,1.1201973410792525,1.1016710410501824,0.018943737398484206,0.018526300029070075,0.0004174373694141309,0.7352416332289579,1.1206147784486662,0.0,0.0
main,dfl_linear,2279-10-01,2279-07-01,0.0005925575159083,0.001316794479796222,0.001129240316915,0.004509315923829,0.0531040002196695,0.0027523087337613106,,0.01096386705465946,0.0012385389301925898,0.07628643827489195,0.7304785482288565,0.7288898079233592,0.6190336370307485,1.11839189056282,1.1181343963915844,1.1003295206789396,0.018062369883880436,0.017804875712644774,0.00025749417123566154,0.7304785482288565,1.1183918905628194,0.0,0.0
