split,model,date,feature_date,c_q_realised,pd_q_realised,pd_q_true,pd_a_true,k_irb_true,pd_q_hat,pd_q_hat_std,pd_a_hat,c_q_hat,k_irb_hat,alpha_oracle,alpha_bayes,alpha_hat,utility_oracle,utility_bayes_realised,utility,regret,regret_vs_bayes,regret_irreducible,alpha_oracle_panel,utility_oracle_panel,shortfall_realised_at_hat,shortfall_predicted_at_hat
main,linear,2205-01-01,2204-10-01,0.0006298089727482,0.0013995754949959998,0.0010467643638545,0.0041804877482412,0.0512436664890349,0.0008923446875996888,,0.0035646039177372746,0.00040155510941985995,0.047436985849238875,0.7403378006769865,0.7392480392710714,0.7613314495583154,1.1197140366164233,1.1195378201153452,0.8395402627242369,0.28017377389218645,0.2799975573911083,0.00017621650107813025,0.7403378006769862,1.1197140366164229,0.02835684870198879,0.0
main,linear,2205-04-01,2205-01-01,0.0007337965223609,0.0016306589385797776,0.0010567330293317,0.0042202367280587,0.0514744490604586,0.0007942621596157551,,0.003173265528044533,0.0003574179718270898,0.04476225194450828,0.7385074516949827,0.7379480646973474,0.7776107097907309,1.118650109886843,1.1185602376335753,0.5954423229815061,0.523207786905337,0.5231179146520691,8.987225326784198e-05,0.7385074516949827,1.1186501098868429,0.052949019591738644,0.0
main,linear,2205-07-01,2205-04-01,0.0007896486485372,0.001754774774527111,0.001059125171569,0.0042297749605217,0.0515295791290717,0.0007853459101170301,,0.0031376849684020547,0.00035340565955266356,0.044507820862879514,0.7379026688173538,0.7376381577889977,0.7791938396750696,1.1181408099094792,1.118098460764476,0.5651769272573905,0.5529638826520886,0.5529215335070854,4.234914500322873e-05,0.7379026688173538,1.1181408099094792,0.05595747441835419,0.0
main,linear,2205-10-01,2205-07-01,0.000315736944092,0.0007016376535377778,0.001074682112202,0.0042918037624011,0.0518857776669694,0.0010403090855106711,,0.004154747386379887,0.000468139088479802,0.05109331801998239,0.7385441649576064,0.7356417155270351,0.7400972587353079,1.121743562935671,1.1212651155364706,1.100970599773964,0.020772963161706848,0.020294515762506515,0.0004784473992003324,0.7385441649576064,1.121743562935671,0.0021028979225528044,0.0
main,linear,2206-01-01,2205-10-01,0.0004777763432441,0.001061725207209111,0.0011155006403048,0.0044545420618556,0.0528016407557636,0.0010509153362363577,,0.0041970394480824735,0.000472911901306361,0.051339969677794035,0.732711213599632,0.730554750818629,0.7387050539684988,1.1195947630418623,1.119242780363672,1.0387695737013232,0.08082518934053917,0.0804732066623488,0.00035198267819036566,0.732711213599632,1.119594763041862,0.008180351737117453,0.0
main,linear,2206-04-01,2206-01-01,0.0004254457182683,0.0009454349294851112,0.0011403483503461,0.004553596965143,0.053346325333964,0.0012752345064654946,,0.005091188980201444,0.0005738555279094726,0.056146924587996166,0.7300774311869628,0.7275605734852846,0.7125204969708459,1.1195469252683816,1.1191348010378257,1.1166720555449556,0.002874869723425988,0.0024627454928700665,0.0004121242305559214,0.7300774311869628,1.119546925268381,0.0,0.0
main,linear,2206-07-01,2206-04-01,0.0006427560316853,0.0014283467370784443,0.0010592111067915,0.0042301176103299,0.0515315578292361,0.0012549028033390641,,0.005010170429389893,0.0005647062615025789,0.055740757606649434,0.7386925705729632,0.7376270421212385,0.714665721613914,1.119352360803289,1.1191802007717913,1.115470284199077,0.003882076604212026,0.0037099165727143557,0.00017216003149767012,0.7386925705729632,1.1193523608032885,0.0,0.0
main,linear,2206-10-01,2206-07-01,0.0003062962127831,0.0006806582506291111,0.0010833724733939,0.004326452802901,0.0520830166748406,0.000785744923632592,,0.0031392772640993494,0.0003535852156346664,0.044519249539625515,0.7375212521330217,0.7345405895705038,0.7791225951617899,1.1216445706945937,1.1211529490406351,0.5644364396643318,0.5572081310302619,0.5567165093763033,0.0004916216539585516,0.7375212521330217,1.1216445706945934,0.0564069733320931,0.0
main,linear,2207-01-01,2206-10-01,0.0007210627414224,0.0016023616476053334,0.0011090583422306,0.0044288587615839,0.0526588570579672,0.0014358131447806954,,0.005730895058608687,0.000646115915151313,0.05917657680009347,0.7321720486583433,0.7313434643250135,0.696887391901304,1.1177254843286173,1.117592256773526,1.1120520865067485,0.00567339782186882,0.005540170266777444,0.0001332275550913753,0.7321720486583433,1.1177254843286166,0.0,0.0
main,linear,2207-04-01,2207-01-01,0.0005209603291109,0.0011576896202464444,0.001183426173207,0.0047253083353635,0.0542686321415851,0.0011871271999552846,,0.00474005986383752,0.0005342072399798781,0.05434660798599615,0.7246923285910504,0.7225426050295684,0.7221213319147254,1.117972951663227,1.1176229973118388,1.1175544180943509,0.0004185335688762226,6.857921748792961e-05,0.000349954351388293,0.7246923285910504,1.1179729516632269,0.0,0.0
main,linear,2207-07-01,2207-04-01,0.0006244968038165,0.0013877706751477777,0.0012711486544021,0.0050749079173723,0.0560657338932238,0.0014637636486440897,,0.0058422115109345585,0.0006586936418898403,0.05967394063090688,0.7148461837364359,0.7129483597674138,0.6943811870780571,1.115629967298083,1.1153229847213153,1.112319651109508,0.0033103161885750243,0.0030033336118073795,0.00030698257676764484,0.7148461837364359,1.1156299672980825,0.0,0.0
main,linear,2207-10-01,2207-07-01,0.0003606974425474,0.0008015498723275555,0.0011039733355314,0.0044085861797885,0.0525456942986113,0.0017434856854379177,,0.006955725477488683,0.000784568558447063,0.06423323011452357,0.7347193427796452,0.7319696877524213,0.6721501994047768,1.1207827357076732,1.120330711598461,1.1104968049206723,0.010285930787000908,0.009833906677788828,0.00045202410921207914,0.7347193427796445,1.1207827357076725,0.0,0.0
main,linear,2208-01-01,2207-10-01,0.0007275334753495,0.0016167410563322222,0.0012325685377215,0.0049211662875734,0.0552882843115276,0.001383893541060388,,0.005524093794093354,0.0006227520934771746,0.05823001415524761,0.7183091716888613,0.717069683848965,0.7017032500506932,1.1154500011631865,1.1152507848950417,1.1127810199667822,0.002668981196404241,0.0024697649282594547,0.0001992162681447862,0.7183091716888613,1.1154500011631865,0.0,0.0
main,linear,2208-04-01,2208-01-01,0.0005700617261625,0.0012668038359166666,0.0011688890445606,0.0046673647550045,0.0539604402273164,0.0013825952773913741,,0.005518922259413972,0.0006221678748261184,0.05820595633637452,0.7260555779356871,0.724212164719027,0.7018264445634719,1.117838372132716,1.1175391873055198,1.1139059987421198,0.0039323733905962666,0.0036331885634000027,0.0002991848271962638,0.7260555779356871,1.1178383721327154,0.0,0.0
main,linear,2208-07-01,2208-04-01,0.0006202498279801,0.0013783329510668888,0.0013073527137198,0.0052191647632077,0.0567777234504675,0.0015736469067633152,,0.006279745021091743,0.0007081411080434918,0.0615515867693027,0.7112477977586739,0.7092124323804371,0.6850665254464394,1.1150781167813468,1.1147487997480598,1.110842052329371,0.004236064451975885,0.003906747418688905,0.0003293170332869799,0.7112477977586732,1.1150781167813462,0.0,0.0
main,linear,2208-10-01,2208-07-01,0.0005416743668131,0.0012037208151402222,0.001218807525917,0.0048663243928644,0.0550061413148339,0.001662924187257886,,0.006635123234318252,0.0007483158842660487,0.06299251079854858,0.7207320654873711,0.7185763266108457,0.6780711100046735,1.1171789661497307,1.1168284791033831,1.1102430090891247,0.006935957060606013,0.0065854700142584655,0.00035048704634754735,0.7207320654873709,1.11717896614973,0.0,0.0
main,linear,2209-01-01,2208-10-01,0.0005947311563656,0.0013216247919235556,0.0013666547776971,0.0054554228458637,0.0579089822208186,0.0016886129742488265,,0.00673736266594116,0.0007598758384119719,0.06339405611997612,0.7056978049759135,0.7033505001515283,0.6761446323182254,1.1143602265199735,1.1139798394626017,1.1095710554389717,0.004789171081001742,0.004408784023629986,0.00038038705737175604,0.705697804975913,1.1143602265199728,0.0,0.0
main,linear,2209-04-01,2209-01-01,0.0004400876185246,0.0009779724856102223,0.001229952711991,0.004910741586243,0.0552348507718626,0.0014856812776997685,,0.00592949472984694,0.0006685565749648958,0.06005818144032306,0.7200723176979276,0.7173545743182695,0.6924562857322744,1.1178032002586402,1.1173585798229748,1.113285241625819,0.0045179586328212284,0.004073338197155829,0.00044462043566539933,0.7200723176979276,1.1178032002586402,0.0,0.0
main,linear,2209-07-01,2209-04-01,0.0004575586841481,0.0010167970758846667,0.0013526341668464,0.0053995688481238,0.0576453265054456,0.0013081887736916542,,0.005222495899748769,0.0005886849481612444,0.05679397003066524,0.707699620078769,0.7047086924736404,0.7091276082984523,1.1156553951038797,1.115166604515211,1.0957110612239398,0.01994433387993988,0.019455543291271304,0.0004887905886685751,0.7076996200787685,1.1156553951038788,0.002017770201673874,0.0
main,linear,2209-10-01,2209-07-01,0.0006828959099576,0.0015175464665724446,0.001438732923634,0.005742523888133,0.0592289248140062,0.0021727122366428375,,0.008662565880210416,0.000977720506489277,0.07004400844153942,0.6987542910874208,0.6966228315726366,0.6456020018641164,1.1126189564281974,1.1122754268795625,1.1040523466478371,0.00856660978036028,0.008223080231725355,0.00034352954863492435,0.6987542910874208,1.112618956428197,0.0,0.0
main,linear,2210-01-01,2209-10-01,0.0009114538253252,0.002025452945167111,0.0020115716692821,0.008022040695931,0.0680051461571834,0.0014541868586093187,,0.005804071773886754,0.0006543840863741934,0.05950446608748142,0.6573904476827073,0.6547040388282142,0.6952333091711884,1.1044497848279684,1.1040229535166812,0.5348097467784458,0.5696400380495226,0.5692132067382354,0.0004268313112871791,0.6573904476827073,1.104449784827968,0.057565271857093814,0.0
main,linear,2210-04-01,2210-01-01,0.0007513900849633,0.0016697557443628888,0.0017977491223393,0.0071716283080666,0.0650392346659613,0.002246021293103695,,0.008953862798292911,0.0010107095818966628,0.07092219516527418,0.6711831644644098,0.6683532856279979,0.6417487764884257,1.1077155678802924,1.107261411664768,1.102991757773148,0.004723810107144288,0.00426965389162004,0.00045415621552424845,0.6711831644644098,1.1077155678802917,0.0,0.0
main,linear,2210-07-01,2210-04-01,0.0009145923795906,0.0020324275102013333,0.0023017630183337,0.0091753121473117,0.0715707979800918,0.0011745559750124812,,0.004689952889299964,0.0005285501887556165,0.054080945625987364,0.6423210131567146,0.6389281469119399,0.7235584970011539,1.1020353111714876,1.1014963405384894,-0.14980848874823338,1.251843799919721,1.2513048292867228,0.0005389706329981259,0.6423210131567146,1.1020353111714871,0.12647487053689743,0.0
main,linear,2210-10-01,2210-07-01,0.0007613080283086,0.0016917956184635554,0.0017015913486908,0.006789012614912,0.0635947901482712,0.0022440324537456036,,0.008945960900635819,0.0010098146041855216,0.07089875341570484,0.6777083370025955,0.6751852763195765,0.6418511191797439,1.1086955526383186,1.1082908867071095,1.102944523922093,0.005751028716225681,0.005346362785016545,0.0004046659312091361,0.6777083370025955,1.108695552638318,0.0,0.0
main,linear,2211-01-01,2210-10-01,0.0006697239934736,0.0014882755410524444,0.0017651270987843,0.0070418363416211,0.0645574599794111,0.001990662422031164,,0.007938904805036007,0.0008957980899140239,0.06772888248128353,0.6737310321732686,0.6706181972021698,0.6559545849003741,1.1086746750311673,1.1081725661587012,1.105807285021895,0.002867390009272386,0.00236528113680623,0.000502108872466156,0.6737310321732676,1.108674675031167,0.0,0.0
main,linear,2211-04-01,2211-01-01,0.0006777540901541,0.0015061202003424446,0.0016813977121486,0.00670864726491,0.0632818433240887,0.0020690716337412596,,0.00825063560334216,0.0009310822351835668,0.06875061214402184,0.6795343350766955,0.676682001766192,0.6513503168428031,1.109556196542901,1.109096336352413,1.105012299815957,0.004543896726943997,0.004084036536455837,0.0004598601904881594,0.6795343350766955,1.1095561965429006,0.0,0.0
main,linear,2211-07-01,2211-04-01,0.0005385350050235,0.0011967444556077777,0.0015328152922541,0.0061171784327126,0.0608678632846017,0.0020453862380236387,,0.008156477533767026,0.0009204238071106374,0.06844603383115473,0.6915323251642657,0.6884318488542779,0.6527169311491894,1.1124532869855341,1.1119491041157072,1.1061413352751104,0.006311951710423758,0.005807768840596861,0.0005041828698268969,0.6915323251642657,1.1124532869855337,0.0,0.0
main,linear,2211-10-01,2211-07-01,0.0007670628061368,0.0017045840136373333,0.0015025121758275,0.0059965170091249,0.0603498797680944,0.0014422689564526081,,0.005756606983510881,0.0006490210304036737,0.05929219809804071,0.6929193280928919,0.6910014979829393,0.6963033022685537,1.1110953206772722,1.110787836180258,1.062801502357671,0.048293818319601334,0.04798633382258699,0.0003074844970143431,0.6929193280928919,1.1110953206772716,0.00488363687738419,0.0
main,linear,2212-01-01,2211-10-01,0.0006986765859449,0.001552614635433111,0.0016971251298661,0.006771238661398,0.0635258718759457,0.0018226383253932,,0.007270645447040258,0.0008201872464269399,0.06540130662643005,0.678313082855886,0.6755143736741839,0.666660091406956,1.1092173832304737,1.1087667540137085,1.1073410973898694,0.001876285840604286,0.0014256566238390889,0.00045062921676519707,0.678313082855886,1.1092173832304733,0.0,0.0
main,linear,2212-04-01,2212-01-01,0.0008517737175483,0.0018928304834406665,0.001694648816607,0.0067613837175156,0.0634875876941103,0.00200692773796618,,0.008003576715653993,0.000903117482084781,0.06794403104204363,0.6777852237272634,0.675697319180511,0.6549803254264114,1.1080947211890455,1.1077617374473676,1.1044577444045427,0.00363697678450281,0.0033039930428249153,0.0003329837416778947,0.6777852237272634,1.1080947211890453,0.0,0.0
main,linear,2212-07-01,2212-04-01,0.0012827668613433,0.002850593025207333,0.0019018583702414,0.007585758592903,0.0665232933469551,0.001971649704501033,,0.007863305045933133,0.0008872423670254648,0.06747521209872717,0.6622250610124958,0.6614613345097395,0.6571065534259753,1.1027590066199204,1.102640497397946,1.1019647558645003,0.0007942507554201672,0.0006757415334457395,0.0001185092219744277,0.6622250610124958,1.1027590066199202,0.0,0.0
main,linear,2212-10-01,2212-07-01,0.0011950744388272,0.0026557209751715554,0.0023127555116042,0.009218978471687,0.0716968223121143,0.0018165134824812412,,0.007246279567597047,0.0008174310671165586,0.06531264141943882,0.640648246226969,0.6383825523428619,0.6670740239209124,1.0999726819326776,1.0996191220886185,0.6916114381609644,0.40836124377171323,0.4080076839276541,0.0003535598440591592,0.6406482462269687,1.0999726819326774,0.041248496670981405,0.0
main,linear,2213-01-01,2212-10-01,0.0015383478852453,0.0034185508561006667,0.0036341811980512,0.0144576729703839,0.083521253123539,0.002508502686396241,,0.009996318331495169,0.0011288262088783086,0.07384368660165447,0.5943197259761142,0.5903964037114132,0.6292079671849213,1.090703009027838,1.0901042452324583,0.5089993800217718,0.5817036290060662,0.5811048652106865,0.0005987637953797087,0.5943197259761142,1.0907030090278378,0.058702815100831085,0.0
main,linear,2213-04-01,2213-01-01,0.0019554092856784,0.004345353968174223,0.0039920717752143,0.015872921505326,0.085934845183476,0.003712535137310624,,0.01476764753465587,0.001670640811789781,0.08407062331864242,0.5844868217835676,0.5812915900125594,0.5883055540379599,1.0867646764729169,1.0862903573941365,1.0219968570494138,0.06476781942350307,0.0642935003447227,0.00047431907878037194,0.5844868217835676,1.0867646764729164,0.006533469459714336,0.0
main,linear,2213-07-01,2213-04-01,0.0020339069634641,0.004519793252142444,0.003738923800422,0.0148720267730548,0.0842528672784257,0.004063416738063097,,0.016154866916179178,0.0018285375321283937,0.08638861906289108,0.5900165342902198,0.5876143859233202,0.5796028365646579,1.0871223903842386,1.0867676869215066,1.0855846940895386,0.0015376962947000195,0.0011829928319679883,0.00035470346273203113,0.5900165342902198,1.0871223903842386,0.0,0.0
main,linear,2213-10-01,2213-07-01,0.0012527347153754,0.0027838549230564443,0.0033330831518687,0.0132658239390648,0.0812854298891969,0.003451951779425144,,0.013736475682615712,0.0015533783007413149,0.08219301053951064,0.6033613318589366,0.5990224056497941,0.5954979366539082,1.093806186888953,1.0931316025207132,1.0925836439760488,0.0012225429129042453,0.0005479585446643842,0.0006745843682398611,0.6033613318589366,1.0938061868889526,0.0,0.0
main,linear,2214-01-01,2213-10-01,0.0014846167481007,0.0032991483291126664,0.0043945734965745,0.0174627594329024,0.0883919418301749,0.002484689000993967,,0.009901775247965094,0.0011181100504472853,0.07359191629483247,0.5777789923729747,0.5722312317568865,0.6302723844923506,1.088489067030883,1.0876394062306312,0.18799110372991135,0.9004979633009718,0.8996483025007198,0.0008496608002519501,0.5777789923729747,1.0884890670308829,0.09085375274859764,0.0
main,linear,2214-04-01,2214-01-01,0.0013489991698616,0.002997775933025778,0.0035797371371504,0.0142422447669867,0.0831320248374829,0.003592684166505933,,0.014293477710853875,0.0016167078749276698,0.08322515576057951,0.596370400480932,0.5918845105850099,0.5915279343658435,1.0921451955290085,1.0914520806439505,1.091396986049367,0.0007482094796413818,5.509459458341581e-05,0.000693114885057966,0.596370400480932,1.0921451955290082,0.0,0.0
main,linear,2214-07-01,2214-04-01,0.0009552315184772,0.0021227367077271114,0.0025807846113703,0.0102832444625974,0.0745929427620562,0.0041277771815657616,,0.01640915849444724,0.0018574997317045928,0.08679088293877026,0.6299284942386942,0.6260579965199317,0.5781117231547439,1.0998107115112639,1.099197440108643,1.0916004640984112,0.0082102474128527,0.007596976010231904,0.0006132714026207964,0.6299284942386942,1.0998107115112636,0.0,0.0
main,linear,2214-10-01,2214-07-01,0.0019426336203662,0.004316963600813778,0.0033073928444831,0.0131640828899709,0.0810847145557497,0.0023979293182492256,,0.009557272002839623,0.0010790681932121517,0.07265307268620272,0.6015857176547692,0.5998061785376408,0.6342683307685035,1.0893797941595185,1.0891154015130176,0.5509613041582755,0.538418490001243,0.5381540973547421,0.00026439264650091054,0.6015857176547692,1.0893797941595182,0.05432742655739886,0.0
main,linear,2215-01-01,2214-10-01,0.0020271927619021,0.004504872804226889,0.0051507227606776,0.0204442572626937,0.0924507703321667,0.0028918005991727114,,0.011517123993380896,0.00130131026962772,0.07758347958046131,0.5628159864682517,0.557697870874547,0.6137402845042196,1.083143720786154,1.082387631435273,0.18585430722396157,0.8972894135621925,0.8965333242113114,0.0007560893508811173,0.5628159864682515,1.0831437207861538,0.09048123619484005,0.0
main,linear,2215-04-01,2215-01-01,0.0020052820341915,0.004456182298203333,0.0062945136533722,0.024941325208116,0.0976615372641839,0.003658666042611003,,0.014554544865227448,0.0016463997191749514,0.08369427257805542,0.5468460555966955,0.5397891608128816,0.5897367120988096,1.0809043316326794,1.0798602839522702,0.3029222067967463,0.7779821248359331,0.7769380771555239,0.0010440476804092214,0.5468460555966955,1.0809043316326794,0.07843276764991047,0.0
main,linear,2215-07-01,2215-04-01,0.0018148958042012,0.004033101787113778,0.0053963990499954,0.0214114972124969,0.0936482719342758,0.0036305321846157312,,0.014443235393820086,0.0016337394830770791,0.08349536123471299,0.5597124537070621,0.5535088955984048,0.59049522384392,1.083873494186926,1.082943884738436,0.5385116019246465,0.5453618922622794,0.5444322828137895,0.0009296094484898543,0.5597124537070621,1.0838734941869237,0.054997472263958014,0.0
main,linear,2215-10-01,2215-07-01,0.0012205673169835,0.002712371815518889,0.0028564947280333,0.0113771147037522,0.0772615729770977,0.003915329463779926,,0.015569578876202916,0.001761898258700967,0.08543713805519346,0.6184974987851294,0.6150471719163809,0.5831520978371036,1.09635840146937,1.095820860117509,1.09085178852213,0.005506612947239864,0.00496907159537896,0.000537541351860904,0.6184974987851294,1.0963584014693697,0.0,0.0
main,linear,2216-01-01,2215-10-01,0.0006962687137895,0.0015472638084211112,0.0021432398897936,0.008545438054418,0.0696825541056605,0.002887335605919361,,0.011499418396252237,0.0012993010226637126,0.07754300093749757,0.651131423833555,0.6471995529201239,0.6139043783100839,1.1048564548142321,1.104223276887812,1.098861511437337,0.005994943376895101,0.0053617654504749535,0.0006331779264201476,0.651131423833555,1.1048564548142317,0.0,0.0
main,linear,2216-04-01,2216-01-01,0.0007153667080848,0.001589703795744,0.0015509882971088,0.0061895347184729,0.0611741543964515,0.0021480589639395475,,0.008564590536520256,0.0009666265337727964,0.0697419940239794,0.689229633561025,0.686920557672444,0.6469363751086764,1.1108600590975017,1.1104886527083908,1.1040573435682395,0.00680271552926226,0.006431309140151331,0.0003714063891109287,0.689229633561025,1.110860059097501,0.0,0.0
main,linear,2216-07-01,2216-04-01,0.000942663751676,0.0020948083370577776,0.0019972901426236,0.0079652574172011,0.0678167564880296,0.0024706199765205383,,0.009845916412705824,0.0011117789894342423,0.07344199395762892,0.6580704145287295,0.6555563566691461,0.6309076488140561,1.1043524383825603,1.1039537757742883,1.10004514728884,0.0043072910937203,0.003908628485448373,0.0003986626082719269,0.6580704145287289,1.1043524383825598,0.0,0.0
main,linear,2216-10-01,2216-07-01,0.0006092569647559,0.0013539043661242223,0.0015878245547006,0.0063361871043569,0.0617852760384086,0.0022436438594013453,,0.0089444169631121,0.0010096397367306055,0.07089417074174482,0.6868389711726548,0.6839231466647702,0.6418711294174385,1.1112043328884789,1.1107322392350485,1.1039237051813966,0.007280627707082266,0.0068085340536518935,0.00047209365343037213,0.6868389711726545,1.1112043328884786,0.0,0.0
main,linear,2217-01-01,2216-10-01,0.000602541698528,0.0013389815522844445,0.001557203671926,0.0062142804863174,0.0612781748032886,0.0016762112500146031,,0.006688005725732804,0.0007542950625065714,0.06320090876463029,0.6892714750310763,0.686408673408152,0.6770700546262917,1.1116444597520996,1.1111807586529725,1.1096681397698474,0.001976319982252228,0.0015126188831251497,0.00046370109912707846,0.6892714750310763,1.1116444597520996,0.0,0.0
main,linear,2217-04-01,2217-01-01,0.0006486255425928,0.0014413900946506667,0.0012759276765435,0.0050939510637063,0.0561606772825158,0.0015969086671248078,,0.0063723502474669624,0.0007186089002061635,0.06193402314695918,0.714238242893465,0.7124480679083203,0.683197170676449,1.1153592931277292,1.115070155262435,1.1103457333183646,0.005013559809364576,0.004724421944070301,0.00028913786529427554,0.714238242893465,1.1153592931277283,0.0,0.0
main,linear,2217-07-01,2217-04-01,0.0005660297426159,0.0012578438724797777,0.0012458441913712,0.0049740717314179,0.0555580419939949,0.0015313865151256323,,0.0061114895523421975,0.0006891239318065345,0.060843645525772413,0.7177510491836133,0.7156346741222647,0.6885515957915973,1.1165194918465302,1.1161759201485355,1.1117792612675514,0.004740230578978766,0.004396658880984061,0.00034357169799470455,0.7177510491836133,1.1165194918465295,0.0,0.0
main,linear,2217-10-01,2217-07-01,0.0003909331801335,0.0008687404002966667,0.00121193717164,0.0048389430544878,0.0548643039827705,0.0016340394504368305,,0.006520154737160833,0.0007353177526965738,0.06253416686844973,0.7222550863121734,0.7193359658544932,0.680282220340337,1.118515319722849,1.1180363192963956,1.1116279640993174,0.006887355623531599,0.006408355197078164,0.0004790004264534353,0.7222550863121734,1.1185153197228486,0.0,0.0
main,linear,2218-01-01,2217-10-01,0.0006541046760013,0.0014535659466695557,0.0013308853870124,0.0053129234387866,0.057231721967073,0.001512517686933279,,0.006036358324785662,0.0006806329591199756,0.06052192311400693,0.7087884105512792,0.706849101625413,0.6901460742324577,1.1144402348362437,1.1141271160470645,1.111430262728259,0.003009972107984593,0.0026968533188054256,0.0003131187891791676,0.7087884105512792,1.1144402348362437,0.0,0.0
main,linear,2218-04-01,2218-01-01,0.0006247353428838,0.001388300761964,0.0015047665052645,0.0060054937116238,0.0603887307992763,0.0017355623422190547,,0.006924197211222061,0.0007810030539985747,0.06411358410029776,0.6934165132386844,0.6908081467181457,0.6727171201367067,1.1121619561925045,1.111740046004579,1.1088137745758426,0.0033481816166618383,0.00292627142873636,0.0004219101879254783,0.6934165132386844,1.1121619561925038,0.0,0.0
main,linear,2218-07-01,2218-04-01,0.0006217146583288,0.0013815881296195555,0.0015634028969375,0.0062389614953235,0.0613815556609446,0.0017885843990370631,,0.007135166267969839,0.0008048629795666785,0.0649047210864129,0.6886897143849843,0.6859006302014296,0.6689842892194017,1.111418187111943,1.1109669611143076,1.1082301872008657,0.0031879999110773216,0.002736773913441848,0.0004512259976354738,0.6886897143849843,1.1114181871119424,0.0,0.0
main,linear,2218-10-01,2218-07-01,0.0004963259470048,0.0011029465488995556,0.0014848548137814,0.0059262035825515,0.060043783105449,0.0018628918332979083,,0.007430770984918622,0.0008383013249840587,0.06597709635997864,0.6957000419748632,0.6925282409242418,0.663983138334209,1.1134246672301324,1.1129075471252297,1.1082536466408577,0.005171020589274766,0.0046539004843719756,0.0005171201049027907,0.6957000419748632,1.1134246672301324,0.0,0.0
main,linear,2219-01-01,2218-10-01,0.000598133052882,0.00132918456196,0.0013581664724706,0.0054216082106612,0.0577496370073286,0.0020593658555299044,,0.008212052412753357,0.000926714634988457,0.06862621939916724,0.70647527137212,0.7041707732892694,0.6519078541160098,1.1144621834820017,1.1140888117688192,1.105621243141688,0.008840940340313574,0.008467568627131161,0.00037337171318241325,0.70647527137212,1.1144621834820017,0.0,0.0
main,linear,2219-04-01,2219-01-01,0.000608870284026,0.0013530450756133333,0.0015190825804566,0.006062498666996,0.0606342593283778,0.0014491112669929862,,0.005783857694868555,0.0006521000701468438,0.05941425135549973,0.692313985821967,0.6895885651115784,0.6956876908616775,1.1120934554862645,1.1116521790837397,1.0639089663567587,0.04818448912950579,0.04774321272698101,0.00044127640252478173,0.6923139858219632,1.1120934554862638,0.004873073008871964,0.0
main,linear,2219-07-01,2219-04-01,0.0006467524582317,0.0014372276849593333,0.0020148332521361,0.0080350083911509,0.0680479869168331,0.0017748110694810748,,0.007080366904303248,0.0007986649812664837,0.06470134252902177,0.6583506467677033,0.6545104942835975,0.6699403409733374,1.1063450096652196,1.1057247003284805,0.9321757727608753,0.17416923690434438,0.1735489275676052,0.0006203093367391777,0.6583506467677033,1.1063450096652194,0.017604134889871448,0.0
main,linear,2219-10-01,2219-07-01,0.0008770953453911,0.0019491007675357776,0.0017985154109658,0.0071746769576264,0.065050452477862,0.002886634087190032,,0.011496636554526485,0.0012989853392355144,0.0775366350687576,0.6705669041329402,0.6683007165878113,0.6139301912030152,1.1067737287904507,1.1064128859083449,1.0977555189911141,0.00901820979933654,0.008657366917230735,0.0003608428821058052,0.6705669041329371,1.1067737287904498,0.0,0.0
main,linear,2220-01-01,2219-10-01,0.0008771618372608,0.0019492485272462222,0.0017235151695302,0.0068762581208977,0.0639306896682555,0.002098693046718836,,0.008368382067328595,0.0009444118710234761,0.06912672135483154,0.6756398243878163,0.6735853849168901,0.6496696186640629,1.1075810358002873,1.10725391072818,1.1034458419723636,0.004135193827923711,0.0038080687558164072,0.0003271250721073038,0.6756398243878161,1.1075810358002869,0.0,0.0
main,linear,2220-04-01,2220-01-01,0.0008988690613207,0.001997486802934889,0.0014513306731883,0.0057926967520828,0.0594537334139557,0.0018337152432650328,,0.007314710555748394,0.0008251718594692647,0.065560946020082,0.6966087480631307,0.6954887708686203,0.6659159820355519,1.110768669159813,1.1105905801196303,1.1058881722450653,0.0048804969147477895,0.0047024078745649955,0.00017808904018279392,0.6966087480631027,1.1107686691598084,0.0,0.0
main,linear,2220-07-01,2220-04-01,0.0004190414722352,0.0009312032716337778,0.0011868486783562,0.0047389497399557,0.0543407467263384,0.0018172001000493765,,0.00724901109522158,0.0008177400450222194,0.0653225951704699,0.7248488934948812,0.7221529813745807,0.667027524336183,1.1187371966323585,1.118295580385987,1.1092655021302864,0.009471694502072081,0.00903007825570068,0.0004416162463714013,0.7248488934948812,1.1187371966323585,0.0,0.0
main,linear,2220-10-01,2220-07-01,0.000590574761471,0.0013123883588244446,0.0012076138695021,0.0048217125327388,0.0547747143308381,0.0013591458555310965,,0.005425509796850303,0.0006116156349889934,0.057768065460839964,0.7216814479302172,0.7198165545308439,0.7040758185254923,1.1169804147625821,1.1166781262612322,1.1141266434264507,0.0028537713361314054,0.00255148283478146,0.00030228850134994545,0.7216814479302172,1.1169804147625817,0.0,0.0
main,linear,2221-01-01,2220-10-01,0.0005869235316211,0.0013042745147135556,0.0011752114466451,0.0046925655454482,0.0540948538543001,0.0012067764764651656,,0.004818375076714898,0.0005430494144093245,0.05475733132083149,0.7252589910376581,0.7234831250820694,0.7199098660228893,1.1175867948107288,1.1172988723053732,1.1167195370816951,0.0008672577290336214,0.0005793352236780347,0.0002879225053555867,0.7252589910376581,1.1175867948107283,0.0,0.0
main,linear,2221-04-01,2221-01-01,0.0009066513864808,0.0020147808588462223,0.0013188853706886,0.005265113904589,0.0570010650901793,0.0015378526877611876,,0.006137235348146475,0.0006920337094925344,0.06095308719263652,0.708678457554341,0.7080479851474533,0.6880107317728928,1.112632737808022,1.1125325346304826,1.1093479440990903,0.0032847937089317547,0.003184590531392306,0.00010020317753944852,0.708678457554341,1.1126327378080214,0.0,0.0
main,linear,2221-07-01,2221-04-01,0.000557572942023,0.0012390509822733332,0.0011471327102017,0.0045806413964558,0.0534934072762975,0.001571374130435288,,0.006270696735950043,0.0007071183586958796,0.06151394888778157,0.7285922287046076,0.7267559898796669,0.6852510021340396,1.118341061297435,1.118042811545683,1.1113013941856777,0.007039667111757186,0.006741417360005331,0.00029824975175185564,0.7285922287046076,1.1183410612974345,0.0,0.0
main,linear,2221-10-01,2221-07-01,0.0006207404565636,0.001379423236808,0.0011109975316415,0.0044365897172368,0.0527019047562678,0.0013677367242053151,,0.005459732905362169,0.0006154815258923918,0.057929232292971485,0.732479210533999,0.7311055000779515,0.7032463858486115,1.1185097125740096,1.1182874563939502,1.113780057996283,0.00472965457772645,0.004507398397667117,0.00022225618005933256,0.732479210533999,1.1185097125740096,0.0,0.0
main,linear,2222-01-01,2221-10-01,0.0005010635777687,0.0011134746172637778,0.0010661392338202,0.0042577418641145,0.0516906744735463,0.0012876518303528428,,0.005140667575195268,0.0005794433236587793,0.056392352741114274,0.7385974990312572,0.7367339823907736,0.7112300163278447,1.120383536783295,1.1200798033908448,1.1159229281771006,0.0044606086061944605,0.004156875213744193,0.0003037333924502672,0.7385974990312572,1.120383536783295,0.0,0.0
main,linear,2222-04-01,2222-01-01,0.000511101674125,0.0011357814980555556,0.0010780227846161,0.0043051233495928,0.0519617448688023,0.0010735118994489312,,0.00428713797825786,0.00048308035475201904,0.0518591235197118,0.7370671517170444,0.7352172525638034,0.735790765104533,1.1200601189366122,1.1197587907444095,1.119852209619055,0.00020790931755709785,-9.341887464553444e-05,0.0003013281922026323,0.7370671517170444,1.1200601189366122,0.0,0.0
main,linear,2222-07-01,2222-04-01,0.0004569914199121,0.0010155364886935555,0.001065858200332,0.0042566213213067,0.0516842356381367,0.0009891075314953923,,0.0039505639934802605,0.0004450983891729266,0.04987485867255869,0.7388731542705237,0.736770080411751,0.7470479218839773,1.1207541029983978,1.1204103974572128,1.0114518640765797,0.10930223892181812,0.1089585333806331,0.0003437055411850132,0.7388731542705237,1.1207541029983976,0.011063824189428695,0.0
main,linear,2222-10-01,2222-07-01,0.0002867297372643,0.0006371771939206667,0.0010415866400699,0.0041598416628112,0.0511231300183566,0.001017119619064033,,0.004062275490241407,0.0004577038285788149,0.050547254121460265,0.7428876324213962,0.7399287275739388,0.7431971218168555,1.122675041047244,1.1221864305359053,1.1185601154556877,0.00411492559155624,0.0036263150802176014,0.0004886105113386385,0.7428876324213962,1.1226750410472368,0.0004166033854802742,0.0
main,linear,2223-01-01,2222-10-01,0.0005954936943979,0.001323319320884222,0.0010271431440087,0.0041022467713309,0.050784442162465,0.001061533926986158,,0.004239379365782114,0.00047769026714377104,0.05158499495314907,0.7430528021493581,0.7418476610577593,0.737326892366421,1.1204080381782457,1.1202127510140658,1.1194801827664167,0.0009278554118290483,0.0007325682476491124,0.00019528716417993586,0.7430528021493519,1.1204080381782442,0.0,0.0
main,linear,2223-04-01,2223-01-01,0.0004539737111682,0.0010088304692626665,0.0010280573681695,0.0041058924060711,0.0508059875928305,0.0008844698313623667,,0.0035331883711785528,0.000398011424113065,0.04723020629487435,0.7437158114456408,0.7417253163136885,0.7625668080513593,1.1215679820531033,1.121242615195556,0.8711790206840222,0.25038896136908106,0.2500635945115337,0.00032536685754736006,0.7437158114456408,1.1215679820531028,0.025347035022995845,0.0
main,linear,2223-07-01,2223-04-01,0.0005151172781011,0.001144705062446889,0.0010241349763832,0.0040902510863994,0.0507134454856107,0.0007194167701527476,,0.002874563206774816,0.00032373754656873644,0.042562280866205206,0.743889516138829,0.7422511088065433,0.7915060083970624,1.1211415352837095,1.1208747225711393,0.4887943124382945,0.632347222845415,0.6320804101328448,0.0002668127125702302,0.743889516138829,1.121141535283709,0.06401015127659504,0.0
main,linear,2223-10-01,2223-07-01,0.0004769407188794,0.0010598682641764444,0.0010200872959076,0.004074109959922,0.0506176635610988,0.0010327671188861132,,0.004124673233106058,0.0004647452034987509,0.050916750402861706,0.7446315367814476,0.7427960515340511,0.7410969166848074,1.121546647174755,1.121247039829726,1.1209696890410181,0.0005769581337369267,0.00027735078870794183,0.0002996073450289849,0.7446315367814476,1.1215466471747548,0.0,0.0
main,linear,2224-01-01,2223-10-01,0.000423053521632,0.00094011893696,0.001026614304358,0.0041001379226891,0.0507719723647763,0.0008343974477611482,,0.0033334147996486596,0.0003754788514925167,0.0458835339589176,0.7440751539951405,0.7419184943734948,0.7707063052198874,1.1218567897286185,1.1215035947366605,0.7683087750267836,0.35354801470183483,0.3531948197098769,0.00035319499195796134,0.7440751539951405,1.1218567897286178,0.03579093840844849,0.0
main,linear,2224-04-01,2224-01-01,0.0003421337111742,0.0007602971359426666,0.0010136232581474,0.0040483326045938,0.0504641006348719,0.000929814123082906,,0.0037140723812624232,0.0004184163553873077,0.04840309154332089,0.7462339337689755,0.7436713074287534,0.7556096359437559,1.1228141830215428,1.1223924294049863,0.9987170287081549,0.12409715431338786,0.12367540069683136,0.00042175361655649724,0.7462339337689755,1.1228141830215423,0.01256401948409519,0.0
main,linear,2224-07-01,2224-04-01,0.0004256040940893,0.0009457868757539999,0.0010197567762972,0.004072791922607,0.0506098295600127,0.0006999586476013064,,0.0027968963092719346,0.00031498139142058793,0.0419652324664457,0.7449597836639087,0.7428406554988616,0.7953593351838877,1.1219826643169442,1.1216356698814456,0.45369475949288585,0.6682879048240583,0.6679409103885597,0.000346994435498571,0.7449597836639087,1.1219826643169442,0.06765405269247432,0.0
main,linear,2224-10-01,2224-07-01,0.0004212448241374,0.0009360996091942222,0.0010401214160271,0.0041539990486098,0.0510889363477005,0.0007656544912606478,,0.0030591023992877497,0.0003445445210672915,0.04393877764651193,0.7423343872942599,0.7401220352458511,0.7827569149561773,1.1215851318811665,1.1212227761555291,0.583673255997252,0.5379118758839145,0.5375495201582772,0.0003623557256373644,0.7423343872942596,1.1215851318811665,0.05445325827255554,0.0
main,linear,2225-01-01,2224-10-01,0.0003733564392635,0.0008296809761411112,0.0010430210434215,0.0041655613539014,0.0511565686832509,0.0009210891439579427,,0.003679269269672547,0.00041449011478107424,0.048180704424472164,0.742225603270023,0.7397397726816014,0.7569194992240547,1.1219227542656929,1.1215144157354084,0.9263657227564491,0.19555703150924375,0.19514869297895931,0.00040833853028443556,0.742225603270023,1.1219227542656922,0.019797074542279802,0.0
main,linear,2225-04-01,2225-01-01,0.000435259268703,0.00096724281934,0.0010579038033582,0.0042249049852939,0.0515014431178537,0.0009576109587214887,,0.003824945234144228,0.00043092493142466993,0.04910149146722768,0.7399914112016258,0.7377962901274483,0.7515238168507737,1.121097675877012,1.120738450004484,0.9671398867443598,0.15395778913265212,0.1535985632601241,0.00035922587252801286,0.7399914112016251,1.1210976758770113,0.015584503741721656,0.0
main,linear,2225-07-01,2225-04-01,0.0005095818878994,0.001132404195332,0.0010616043100006,0.0042396600021945,0.0515866127224329,0.0009242011001333594,,0.00369168267137987,0.00041589049506001173,0.0482602003255835,0.7391190765526453,0.7373178092286761,0.756450770862989,1.1204055879167227,1.120112153938331,0.8887379226043037,0.231667665312419,0.23137423133402724,0.0002934339783917661,0.7391190765526453,1.120405587916722,0.023449107078148512,0.0
main,linear,2225-10-01,2225-07-01,0.0004505553536208,0.0010012341191573332,0.0010517276683436,0.0042002785390158,0.0513587816276361,0.0008836662163957953,,0.003529982429181011,0.0003976497973781079,0.04720903015359855,0.7406895019681047,0.7385990707286764,0.7626935356105384,1.121098620125817,1.1207568462274555,0.8276213011592123,0.2934773189666048,0.29313554506824324,0.0003417738983615415,0.7406895019681037,1.1210986201258162,0.029707485626694508,0.0
main,linear,2226-01-01,2225-10-01,0.0004415355411518,0.0009811900914484446,0.001071828867022,0.0042804274893888,0.0518207491984562,0.0011335905874148011,,0.004526658009069484,0.0005101157643366605,0.053199126969291764,0.7382128388917567,0.7360054320048023,0.7283674640793939,1.1207602848807623,1.1203991870096972,1.1191497327412416,0.0016105521395206601,0.0012494542684555743,0.00036109787106508584,0.7382128388917567,1.1207602848807618,0.0,0.0
main,linear,2226-04-01,2226-01-01,0.0006940521710279,0.0015423381578397776,0.0010699877057625,0.0042730864795998,0.0517787158290627,0.0011017826618626714,,0.004399852445699404,0.0004958021978382021,0.05249681643119588,0.7370675808354181,0.7362407175230579,0.7322404867468629,1.1187117200336192,1.1185785458599136,1.117934270778061,0.0007774492555581158,0.0006442750818524967,0.00013317417370561913,0.7370675808354181,1.1187117200336192,0.0,0.0
main,linear,2226-07-01,2226-04-01,0.0003712750235841,0.0008250556079646667,0.0010748084662606,0.004292307550805,0.0518886543073696,0.001005518832243979,,0.004016012985813777,0.00045248347450979056,0.05027051336283644,0.7382256787571152,0.7356256441448947,0.7447774689785771,1.121281066468286,1.1208539139325524,1.0336071105523406,0.0876739559159454,0.08724680338021185,0.00042715253573355483,0.7382256787571152,1.1212810664682855,0.008875033151246103,0.0
main,linear,2226-10-01,2226-07-01,0.0004446337334249,0.0009880749631664444,0.0010963065806425,0.0043780202629644,0.0523743010576034,0.0010692999931052327,,0.00427034444682306,0.0004811849968973547,0.05176300108435549,0.7351917531175164,0.7329200778507963,0.7363287168424829,1.1202433039840243,1.1198717631737645,1.1049644864696373,0.015278817514386978,0.01490727670412717,0.00037154081025980723,0.735191753117516,1.1202433039840238,0.001546477209592334,0.0
main,linear,2227-01-01,2226-10-01,0.0003701943522752,0.0008226541161671111,0.0010577140996958,0.0042241485761409,0.0514970707646195,0.0010882392525672913,,0.004345856575894924,0.000489707663655281,0.05219293673221547,0.7403718354098441,0.7378208689244432,0.7339282755417867,1.1216416536283302,1.12122253479264,1.1205829892652137,0.0010586643631165238,0.0006395455274261774,0.00041911883569034636,0.7403718354098441,1.12164165362833,0.0,0.0
main,linear,2227-04-01,2227-01-01,0.0004093925013116,0.0009097611140257778,0.0010267092386671,0.0041005164915403,0.0507742112335758,0.0010588534642010927,,0.004228691580217214,0.0004764840588904917,0.051523322119035646,0.7441383867130599,0.7419057757979675,0.7376733175210732,1.1219688022132097,1.121602863721144,1.1209091380974325,0.0010596641157771813,0.0006937256237113942,0.0003659384920657871,0.7441383867130599,1.1219688022132095,0.0,0.0
main,linear,2227-07-01,2227-04-01,0.000631604778449,0.0014035661743311112,0.0010759380559778,0.0042968113485767,0.0519143594499489,0.0009616430033929646,,0.0038410270262662083,0.0004327393515268341,0.0492015449575764,0.7366701478082164,0.7354819643638275,0.750941900324558,1.1191077409768164,1.1189156307815702,0.9276820204224415,0.1914257205543749,0.19123361035912867,0.00019211019524623119,0.7366701478082164,1.119107740976816,0.019373323390625863,0.0
main,linear,2227-10-01,2227-07-01,0.000554571471969,0.00123238104882,0.0010992790114847,0.0043898708719463,0.0524408620645285,0.0009688053396530449,,0.003869593492234369,0.0004359624028438702,0.04937850737456706,0.7342390047157711,0.7325507129482864,0.749914759759061,1.1192802727360267,1.119006002503595,0.9083302842374468,0.21094998849857993,0.21067571826614828,0.0002742702324316504,0.7342390047157711,1.1192802727360265,0.021349658208036693,0.0
main,linear,2228-01-01,2227-10-01,0.0004756766329368,0.001057059184304,0.0011196241744391,0.0044709809604898,0.0528926919273099,0.0009244943503290415,,0.0036928524223864834,0.0004160224576480687,0.04826768137033172,0.7322339738151316,0.7300526214248708,0.756406689384314,1.119532241689079,1.1191761506711173,0.7933555202178889,0.32617672147119003,0.3258206304532284,0.000356091017961635,0.7322339738151314,1.1195322416890787,0.03301227537273038,0.0
main,linear,2228-04-01,2228-01-01,0.0006386639755741,0.0014192532790535557,0.0010937447310181,0.0043678064911109,0.0523168206505498,0.0013903010403737426,,0.005549617285318775,0.0006256354681681842,0.05834846771608685,0.7344544330377264,0.7332393235731839,0.7010972395322743,1.118697648869519,1.118501270945889,1.113306680738785,0.005390968130734031,0.0051945902071039995,0.00019637792363003115,0.7344544330377258,1.1186976488695184,0.0,0.0
main,linear,2228-07-01,2228-04-01,0.0003450416016306,0.0007667591147346667,0.0011231935242322,0.0044852103811006,0.0529712928016632,0.0013727019540965557,,0.005479512295294531,0.0006177158793434501,0.058021988446938386,0.7325130609943403,0.7296196846626516,0.7027698438621867,1.120534719449241,1.1200586155775532,1.1156404854438084,0.004894234005432541,0.004418130133744702,0.0004761038716878385,0.7325130609943403,1.1205347194492408,0.0,0.0
main,linear,2228-10-01,2228-07-01,0.0006349606585151,0.0014110236855891113,0.0010948495688603,0.0043722113500995,0.0523416228840518,0.00126464304048568,,0.00504898431755163,0.0005690893682185561,0.055936012404087736,0.734340640336147,0.7331015408214725,0.7136329670144609,1.1187064534108502,1.1185061524868225,1.1153590498716937,0.0033474035391565238,0.0031471026151288495,0.0002003009240276743,0.7343406403361468,1.1187064534108495,0.0,0.0
main,linear,2229-01-01,2228-10-01,0.0003093782909713,0.0006875073132695555,0.0011391522685313,0.0045488289780613,0.0533203226858047,0.0013816857244819403,,0.005515299112494487,0.0006217585760168731,0.05818909010840999,0.7308354685355971,0.7277029888106613,0.701912834584168,1.1205193124316128,1.1200027470500609,1.1157497902783955,0.004769522153217354,0.004252956771665373,0.0005165653815519811,0.7308354685355971,1.120519312431612,0.0,0.0
main,linear,2229-04-01,2229-01-01,0.0004648471321713,0.0010329936270473334,0.0011847940531872,0.0047307604416445,0.0542974744885152,0.0011964485747739673,,0.004777212212707105,0.0005384018586482853,0.05454213087274674,0.7248355831166802,0.7223867251447507,0.721066994866615,1.1184030005425272,1.1180029758492962,1.1177873958909201,0.0006156046516070379,0.00021557995837606647,0.00040002469323097145,0.7248355831166802,1.1184030005425267,0.0,0.0
main,linear,2229-07-01,2229-04-01,0.0004457345763523,0.000990521280782889,0.0012234101672322,0.0048846675965358,0.0551007979412825,0.0013000451726838946,,0.005190048772089062,0.0005850203277077527,0.05663534959394441,0.720738732263126,0.7180702005686428,0.7099565886666046,1.1178715252853453,1.1174351065291153,1.1161081849032113,0.0017633403821339932,0.0013269216259039762,0.000436418756230017,0.720738732263126,1.117871525285345,0.0,0.0
main,linear,2229-10-01,2229-07-01,0.0007454004060997,0.0016564453468882222,0.0012978869391699,0.0051814494360179,0.0565931724280439,0.000945179897826165,,0.003775362777833746,0.00042533095402177425,0.04879103765483055,0.7115484117440248,0.7101773151207541,0.7533348749950943,1.1142362484222603,1.1140161243493487,0.5336840779818194,0.5805521704404409,0.5803320463675293,0.0002201240729116094,0.7115484117440246,1.11423624842226,0.058726081979985245,0.0
main,linear,2230-01-01,2229-10-01,0.0005741739919315,0.0012759422042922222,0.0012586819008782,0.0050252298966561,0.0558166622438552,0.001300227828323841,,0.005190776548625098,0.0005851025227457285,0.056638916446238245,0.7163793938529311,0.7142639072412571,0.7099379279876733,1.1162384740042324,1.1158952188273976,1.1151932929605666,0.0010451810436657993,0.0007019258668310435,0.0003432551768347558,0.7163793938529311,1.1162384740042317,0.0,0.0
main,linear,2230-04-01,2230-01-01,0.000572391411292,0.0012719809139822222,0.0012304703900188,0.00491280466551,0.0552454327716949,0.0014949569012969732,,0.005966431587666299,0.000672730605583638,0.06021929632594026,0.7193322164668712,0.7172981384841293,0.6916520666710605,1.1167304165407217,1.1164003343272926,1.1122385901750893,0.00449182636563239,0.004161744152203273,0.00033008221342911703,0.719332216466871,1.116730416540721,0.0,0.0
main,linear,2230-07-01,2230-04-01,0.0003897155415078,0.0008660345366839999,0.0013285270874197,0.0053035278205489,0.0571865308605788,0.0011786619434133172,,0.004706318857658154,0.0005303978745359927,0.05416796606605945,0.7103471065365391,0.7070836991897942,0.723087151255078,1.1165699808253147,1.1160344463966745,0.9393111608769938,0.17725881994832082,0.17672328551968064,0.0005355344286401831,0.7103471065365391,1.1165699808253144,0.01793494975267723,0.0
main,linear,2230-10-01,2230-07-01,0.0002904493092359,0.0006454429094131111,0.001179429108807,0.0047093766777503,0.0541841980439203,0.0017688440857455134,,0.0070566256142985395,0.000795979838585481,0.0646127734545982,0.7263501422581362,0.7229992929423661,0.6703574592371702,1.119917144928544,1.1193639347621855,1.110673004542079,0.00924414038646515,0.008690930220106585,0.0005532101663585642,0.726350142258136,1.1199171449285437,0.0,0.0
main,linear,2231-01-01,2230-10-01,0.0003089898718189,0.0006866441595975556,0.0011953445893662,0.0047728120951658,0.0545190383888715,0.0013796561397612095,,0.0055072143534695694,0.0006208452628925443,0.0581514203894656,0.7244905289954051,0.7211913679284242,0.702105865312944,1.119475806514345,1.1189317415286435,1.1157843493593111,0.0036914571550339392,0.0031473921693323526,0.0005440649857015867,0.7244905289954051,1.1194758065143444,0.0,0.0
main,linear,2231-04-01,2231-01-01,0.0010925642270664,0.002427920504592,0.0014154136667345,0.0056496456303722,0.0588082439015696,0.00150865048635751,,0.006020959517422542,0.0006788927188608795,0.06045554675246038,0.698808065720595,0.6987541264093041,0.6904758768132166,1.1097648280991421,1.109756355616464,1.1084560548780362,0.0013087732211058967,0.0013003007384277954,8.4724826781013e-06,0.698808065720595,1.1097648280991417,0.0,0.0
main,linear,2231-07-01,2231-04-01,0.0005128836923003,0.001139741538445111,0.0012424677250284,0.0049606162135634,0.0554896576983889,0.001820733305066824,,0.007263066934100282,0.0008193299872800708,0.06537375915926845,0.7183776823808031,0.7159979479730235,0.6667886509247568,1.117003008657919,1.116615418547109,1.108600643102657,0.008402365555262081,0.008014775444452171,0.00038759011080991,0.7183776823808031,1.1170030086579186,0.0,0.0
main,linear,2231-10-01,2231-07-01,0.0007985788942482,0.001774619764996,0.0013855314096202,0.0055306180902771,0.0582603375701524,0.001641260925680399,,0.00654889895541233,0.0007385674165561795,0.06264944662554417,0.7029436273312882,0.701548024302038,0.6797248693308306,1.112480969945326,1.1122576536276505,1.1087656387021474,0.0037153312431785768,0.0034920149255031063,0.00022331631767547044,0.7029436273312882,1.1124809699453255,0.0,0.0
main,linear,2232-01-01,2231-10-01,0.0008373791458913,0.001860842546425111,0.0019543813482906,0.0077946375997163,0.0672427482880789,0.001815063995309174,,0.007240513145144178,0.0008167787978891283,0.06529161682868997,0.661025345436019,0.6581653435624325,0.6671722391432795,1.105516969641514,1.1050604383860123,1.0135080391780535,0.09200893046346037,0.09155239920795877,0.0004565312555016021,0.661025345436019,1.1055169696415137,0.00929901358002555,0.0
main,linear,2232-04-01,2232-01-01,0.0009303203150928,0.002067378477984,0.0019900980882562,0.0079366609219916,0.0677213870666995,0.002014785073697567,,0.008034816839895487,0.0009066532831639052,0.06804735458841109,0.6585372098384195,0.6559885709239116,0.6545133498363246,1.1045077458072823,1.1041032849752246,1.1038691721139808,0.0006385736933014474,0.00023411286124375152,0.0004044608320576959,0.6585372098384195,1.1045077458072818,0.0,0.0
main,linear,2232-07-01,2232-04-01,0.0014740979907041,0.0032757733126757777,0.0023912047987652,0.0095305666903302,0.0725788503094663,0.0023855280596762896,,0.009508022043298703,0.0010734876268543303,0.07251602592852763,0.6359181145024952,0.6345860576720137,0.6348552025851208,1.0974601870880145,1.0972560373634666,1.0972972862491126,0.00016290083890191376,-4.1248885646050226e-05,0.00020414972454796398,0.6359181145024952,1.0974601870880143,0.0,0.0
main,linear,2232-10-01,2232-07-01,0.0013562650384028,0.0030139223075617777,0.0024445734336483,0.009742496497736,0.073162092179874,0.0027404660359025,,0.010916885487932904,0.0012332097161561252,0.07617312981237513,0.634041596691539,0.6320965438963452,0.6194995795974938,1.0979197037393202,1.0976193149407671,1.0956738731612459,0.0022458305780743704,0.001945441779521273,0.0003003887985530973,0.634041596691539,1.09791970373932,0.0,0.0
main,linear,2233-01-01,2232-10-01,0.0009423875745022,0.002094194610004889,0.0025898141112366,0.0103190830581301,0.0746849999079991,0.0027622405905276537,,0.011003266768699782,0.0012430082657374443,0.07638106770755738,0.6296143264743711,0.6256727879679956,0.6186449438246991,1.0998417996677141,1.0992167657677707,1.0981023174816593,0.001739482186054797,0.0011144482861114025,0.0006250338999433946,0.6296143264743711,1.0998417996677137,0.0,0.0
main,linear,2233-04-01,2233-01-01,0.0008030391447563,0.0017845314327917777,0.0018478286409482,0.0073708529654433,0.0657630274312058,0.0018978059524670243,,0.007569641133360339,0.0008540126786101609,0.0664669918593485,0.6677079895802712,0.6649761491142785,0.6617204966083814,1.1068129857204907,1.106375974270518,1.105855168813567,0.0009578169069237585,0.0005208054569509901,0.0004370114499727684,0.6677079895802712,1.1068129857204907,0.0,0.0
main,linear,2233-07-01,2233-04-01,0.0010633558884665,0.002363013085481111,0.0021762424354586,0.0086765947595846,0.0700869745502453,0.0020493464544415474,,0.008172221302337856,0.0009222059044986964,0.06849720032427246,0.6478768008059187,0.6454125511941222,0.6524870017718244,1.1019540664240162,1.1015662762325873,1.031521124298303,0.07043294212571327,0.0700451519342844,0.0003877901914288717,0.6478768008059187,1.1019540664240155,0.007115843304454417,0.0
main,linear,2233-10-01,2233-07-01,0.0009712924165386,0.002158427592308,0.0023618722706369,0.009414071109949,0.072252567253669,0.002128800842911005,,0.00848805118207352,0.0009579603793099523,0.06950365844531413,0.639288661128233,0.6359859992850837,0.6479927717193793,1.1011911327842134,1.1006683640985906,0.9664158419233198,0.13477529086089368,0.13425252217527084,0.0005227686856228431,0.6392886611282329,1.1011911327842132,0.013615303907410725,0.0
main,linear,2234-01-01,2233-10-01,0.0019113700381968,0.004247488973770666,0.0035808197271759,0.0142465287817302,0.0831398259460591,0.0018542681355029345,,0.007396468170476789,0.0008344206609763205,0.06585474408519051,0.5943494148379015,0.5918546298085587,0.6645503731903988,1.0884904850553578,1.088119045743996,-0.08219706213271927,1.170687547188077,1.1703161078767153,0.00037143931136185415,0.5943494148379015,1.0884904850553574,0.11811395081068199,0.0
main,linear,2234-04-01,2234-01-01,0.0016603417855045,0.003689648412232222,0.0044178175518515,0.0175545120471183,0.0885266860741009,0.003110032994300127,,0.012382218377046783,0.0013995148474350572,0.07948461062054261,0.5767444115950073,0.5717402302545186,0.6061117465799872,1.0873171326866873,1.0865595167353037,0.5825718178002866,0.5047453148864007,0.5039876989350172,0.0007576159513835723,0.5767444115950073,1.087317132686687,0.05091914290298327,0.0
main,linear,2234-07-01,2234-04-01,0.0020982021495853,0.004662671443522889,0.0045634655132694,0.0181292904550907,0.0893550383779308,0.004125269129872322,,0.016399249970287966,0.001856371108442545,0.08677532987931962,0.5725630892431495,0.5687348764153882,0.5781692738331818,1.0841770679466174,1.0836142518353962,0.9870875530315613,0.09708951491505613,0.09652669880383491,0.0005628161112212204,0.5725630892431495,1.0841770679466172,0.009791372484060368,0.0
main,linear,2234-10-01,2234-07-01,0.0013373918681627,0.0029719819292504442,0.0039323982556169,0.0156370534856845,0.085548719306851,0.004041057080030441,,0.016066511163652875,0.0018184756860136987,0.08624730885873294,0.5879374774589966,0.582734234597973,0.5801279681698852,1.090910468199694,1.0901059111459457,1.089702914381299,0.0012075538183948797,0.0004029967646466126,0.0008045570537482671,0.5879374774589966,1.0909104681996935,0.0,0.0
main,linear,2235-01-01,2234-10-01,0.0018962912397078,0.004213980532684,0.0028869802338753,0.0114980091847456,0.0775397763515031,0.004206623882055283,,0.016720618864529246,0.0018929807469248773,0.08727489364804124,0.614869754498883,0.6139174548838628,0.5763249070244418,1.0916383974656372,1.091496469504489,1.0858937856559476,0.005744611809689548,0.0056026838485414565,0.0001419279611480917,0.614869754498883,1.091638397465637,0.0,0.0
main,linear,2235-04-01,2235-01-01,0.001548720621023,0.0034416013800511107,0.0039044860109275,0.0155267118409714,0.0853659859944503,0.003140227170661092,,0.012501866288760044,0.0014131022267974914,0.07973635633833784,0.5878386461710859,0.5834187860682951,0.6051128435569175,1.0896529142251483,1.0889788290127116,0.7984280652349545,0.29122484899019385,0.2905507637777571,0.0006740852124367258,0.5878386461710859,1.0896529142251483,0.0293859385093983,0.0
main,linear,2235-07-01,2235-04-01,0.0031747688156329,0.007055041812517555,0.0068282288112744,0.0270344382757565,0.0998409127646751,0.003721795277670026,,0.014804276571936614,0.0016748078749515116,0.08413473181139164,0.5370116941386089,0.5325432370546532,0.5880622792133229,1.0731690848134718,1.0725602472054083,0.1294830315130422,0.9436860533004297,0.9430772156923661,0.0006088376080635172,0.5370116941386089,1.0731690848134716,0.09506418135378314,0.0
main,linear,2235-10-01,2235-07-01,0.0025000093938592,0.005555576430798222,0.0044358884729418,0.0176258400071129,0.0886309461933236,0.005344490520656109,,0.021207190424301303,0.002405020734295249,0.09339941952560044,0.5736215819132172,0.5713607263595526,0.5543757723194421,1.0820278323283863,1.0817045301965935,1.0792756833644008,0.002752148963985457,0.002428846832192688,0.0003233021317927687,0.5736215819132172,1.0820278323283865,0.0,0.0
main,linear,2236-01-01,2235-10-01,0.0027941671640245,0.006209260364498889,0.0053937401640319,0.0214010328801119,0.0936355770672354,0.004955497104674578,,0.019675132873937073,0.00222997369710356,0.09146100317209141,0.5567006734150126,0.5535530708779809,0.5611937318124735,1.0779705657152565,1.077529717765579,0.9978912049975406,0.08007936071771593,0.07963851276803835,0.0004408479496775808,0.5567006734150126,1.0779705657152563,0.008070865096608704,0.0
main,linear,2236-04-01,2236-01-01,0.0023071283464235,0.005126951880941111,0.0054438824682086,0.0215983591930591,0.0938740527049178,0.004530865699052811,,0.01800066196281258,0.002038889564573765,0.08917196313928592,0.5574720766783554,0.552724033788261,0.5693971616909823,1.0807937125775215,1.0801055848154033,0.8686084647019867,0.21218524787553483,0.2114971201134166,0.0006881277621182402,0.5574720766783554,1.0807937125775215,0.021391353514099487,0.0
main,linear,2236-07-01,2236-04-01,0.002545326382947,0.005656280850993334,0.0066165632387667,0.0262047362476008,0.0989914810625611,0.004170848522335291,,0.01657930814629005,0.001876881835050881,0.08705645782803395,0.5413106397508675,0.5353502825620841,0.5771303194537546,1.0771620649508677,1.0763124354871958,0.42054677379390304,0.6566152911569647,0.6557656616932928,0.0008496294636719526,0.5413106397508675,1.0771620649508673,0.06617212695892849,0.0
main,linear,2236-10-01,2236-07-01,0.0039968534345395,0.008881896521198888,0.0085824584470825,0.0338904054920213,0.1063429008792932,0.004684383049607277,,0.018606282215580583,0.0021079723723232747,0.09002290599567005,0.5166897108238853,0.5117872220178347,0.5663279972696074,1.066152540965436,1.065524868138242,0.11180965827119382,0.9543428826942422,0.9537152098670483,0.0006276728271938925,0.5166897108238853,1.0661525409654358,0.09606981452604713,0.0
main,linear,2237-01-01,2236-10-01,0.0040025102371846,0.008894467193743556,0.0089654769850085,0.0353825053858968,0.1076718563301825,0.008554629050195217,,0.033781924944544794,0.003849583072587848,0.10624536471073376,0.5131511163784084,0.5077049040523227,0.5120889796384256,1.0656704615862997,1.0649734831214075,1.0655345347457335,0.00013592684056629167,-0.0005610516243259589,0.0006969784648922506,0.5131511163784084,1.0656704615862995,0.0,0.0
main,linear,2237-04-01,2237-01-01,0.0036508313857841,0.008112958635075778,0.0077705679877518,0.0307218547451958,0.1034333193585175,0.00963353831321001,,0.03798089044188957,0.004335092240944505,0.10993731966249397,0.5255298396897713,0.5209149244633692,0.5008707870072868,1.0691028047388265,1.0684959817543034,1.0658603443229384,0.003242460415888049,0.0026356374313649678,0.000606822984523081,0.5255298396897713,1.069102804738826,0.0,0.0
main,linear,2237-07-01,2237-04-01,0.0030563894426934,0.006791976539318666,0.0064542398014159,0.0255680896643829,0.0983271527518646,0.008397271856665611,,0.03316836591338179,0.003778772335499525,0.10569117839011778,0.5417601090533632,0.5375608775368586,0.5138090874742341,1.0744573995431337,1.0738802735171056,1.0706159199905096,0.0038414795526240386,0.003264353526595931,0.0005771260260281075,0.5417601090533632,1.0744573995431337,0.0,0.0
main,linear,2237-10-01,2237-07-01,0.0011748860017421,0.0026108577816491107,0.0041251870255488,0.0163989256006394,0.0867748205635254,0.005507105961441994,,0.021847121712342044,0.002478197682648897,0.09417199782699044,0.584283790366297,0.5781711562615921,0.5516907011333773,1.0912950083180761,1.0903399022709193,1.0862023009698785,0.005092707348197667,0.004137601301040794,0.0009551060471568729,0.584283790366297,1.0912950083180757,0.0,0.0
main,linear,2238-01-01,2237-10-01,0.0016523505457276,0.0036718901016168887,0.0044768665948823,0.0177875708782152,0.0888657866419535,0.003482063766568899,,0.013855675187681271,0.0015669286949560046,0.0824176004217,0.5756451310240853,0.570507224429136,0.5946306565266549,1.0871967065481154,1.086418434467824,0.7602595707484643,0.3269371357996511,0.32615886371935976,0.0007782720802913534,0.5756451310240853,1.087196706548115,0.0329812996649832,0.0
main,linear,2238-04-01,2238-01-01,0.0012329252996414,0.002739833999203111,0.0040262632576616,0.016008049068663,0.086153363374521,0.002559615531936288,,0.01019921937342605,0.0011518269893713295,0.07437579587376199,0.5862135780147337,0.5804774693824717,0.6269682046585986,1.0912563055931985,1.0903633612775203,0.40238269382539826,0.6888736117678003,0.687980667452122,0.0008929443156782124,0.5862135780147337,1.0912563055931983,0.06952179149413029,0.0
main,linear,2238-07-01,2238-04-01,0.0024982467559262,0.005551659457613778,0.0053922251171943,0.0213950702123992,0.0936283409773362,0.0031153641175478697,,0.012403344359071311,0.0014019138528965414,0.0795292491157259,0.5576417849151017,0.5535782593590183,0.6059344362374285,1.0797525520644067,1.0791713966663654,0.22064376383793505,0.8591087882264716,0.8585276328284304,0.0005811553980412665,0.5576417849151017,1.0797525520644065,0.08660154840536116,0.0
main,linear,2238-10-01,2238-07-01,0.002457319639059,0.00546071030902,0.006169193548033,0.0244493582215417,0.0971304019706483,0.004171636886894703,,0.016582422307383382,0.0018772365991026163,0.08706129226812143,0.5470826896650536,0.541576868655948,0.5771124765302044,1.0784663214886974,1.0776766391801156,0.5338659280826654,0.544600393406032,0.5438107110974502,0.000789682308581785,0.5470826896650534,1.0784663214886971,0.05489074697491725,0.0
main,linear,2239-01-01,2238-10-01,0.002390310534058,0.005311801186795556,0.0054390060590329,0.0215791702433582,0.0938509461230776,0.0036395888309925795,,0.01447906835615509,0.0016378149739466608,0.08355957242978164,0.5572854406262905,0.5528042889299044,0.590250204258161,1.080303101433155,1.079657381389208,0.4935293820841522,0.5867737193490028,0.5861279993050559,0.000645720043946918,0.5572854406262903,1.080303101433155,0.05915238394215372,0.0
main,linear,2239-04-01,2239-01-01,0.0009715234699526,0.002158941044339111,0.0029020758228311,0.0115578687215471,0.077676380337105,0.004441580735146999,,0.017648307202460134,0.00199871133081615,0.08866369863001242,0.617864041550215,0.6133639604577633,0.5712415880504875,1.0977984648043781,1.097086170524826,1.0904188406944415,0.007379624109936644,0.0066673298303845385,0.0007122942795521059,0.617864041550215,1.097798464804378,0.0,0.0
main,linear,2239-07-01,2239-04-01,0.0011926373425963,0.0026503052057695554,0.0029791493750207,0.0118634511990666,0.0783622385311931,0.0033793733455240726,,0.013449126638419573,0.0015207180054858328,0.08164293176112952,0.6144209165726952,0.6105970370098539,0.5976302911964224,1.0958948995875526,1.095298093941489,1.0932743268975234,0.0026205726900292436,0.002023767043965563,0.0005968056460636806,0.6144209165726949,1.0958948995875484,0.0,0.0
main,linear,2239-10-01,2239-07-01,0.0008801935159965,0.0019559855911033333,0.0029885506641364,0.0119007207345276,0.0784446001824864,0.003029486397281289,,0.012062989993839035,0.00136326887877658,0.07880002603528002,0.6152907336162057,0.6102661111907267,0.6088412887997227,1.0979530941057054,1.0971531839390172,1.0969263549716288,0.001026739134076582,0.00022682896738834835,0.0007999101666882336,0.6152907336162056,1.0979530941057052,0.0,0.0
main,linear,2240-01-01,2239-10-01,0.0006871577318763,0.0015270171819473334,0.0017094519482523,0.006820294410309,0.0637156822635263,0.0024816240184009075,,0.009889606420971697,0.0011167308082804083,0.07355933022806695,0.677493735890918,0.6746086746605191,0.6304103681421683,1.1091634970405222,1.1086986316751288,1.1015770282606456,0.007586468779876565,0.007121603414483202,0.0004648653653933632,0.677493735890918,1.1091634970405218,0.0,0.0
main,linear,2240-04-01,2240-01-01,0.0008961161635011,0.0019913692522246667,0.0019396806203732,0.0077361774929972,0.0670432767382415,0.00206628511659801,,0.008239558531364377,0.0009298283024691045,0.06871495806659386,0.661640866682495,0.6590762677157441,0.6515100379917625,1.1052265948519886,1.104818724011444,1.1036153996253397,0.001611195226648876,0.0012033243861042653,0.00040787084054461076,0.661640866682495,1.1052265948519882,0.0,0.0
main,linear,2240-07-01,2240-04-01,0.0008359684144868,0.0018577075877484444,0.0015591006908391,0.0062218331470793,0.0613098493359349,0.0015494314720854163,,0.0061833363343732906,0.0006972441624384373,0.06114804107678319,0.6880142893655834,0.6862529479594193,0.6870491691425724,1.1098348184671658,1.109553637368757,1.1096807463699263,0.00015407209723949933,-0.00012710900116941204,0.00028118109840891137,0.6880142893655834,1.1098348184671658,0.0,0.0
main,linear,2240-10-01,2240-07-01,0.0009840780949108,0.0021868402109128885,0.0020218758812153,0.0080630086772447,0.0681402607259779,0.002103864448145032,,0.008388937548174602,0.0009467390016652644,0.06919184506711888,0.6564938962919661,0.6540939482404159,0.6493793730634578,1.1038305619492146,1.1034509880396186,1.1027053345114743,0.0011252274377402394,0.0007456535281442633,0.00037957390959597603,0.6564938962919661,1.1038305619492146,0.0,0.0
main,linear,2241-01-01,2240-10-01,0.0007119990593426,0.0015822201318724445,0.0020248657357084,0.0080748956469934,0.0681793392761556,0.0023204463068395853,,0.00924952834949222,0.0010442008380778134,0.07178463220044502,0.6574996233863296,0.6539176736793718,0.638002866889952,1.1057785455952116,1.105202281492662,1.1026419072266767,0.0031366383685349497,0.0025603742659854323,0.0005762641025495174,0.6574996233863295,1.1057785455952114,0.0,0.0
main,linear,2241-04-01,2241-01-01,0.0008553355113146,0.0019007455806991109,0.0017932004941978,0.0071535316230098,0.0649725538297514,0.0023184425663203,,0.00924156902893547,0.001043299154844135,0.07176178300871677,0.6710153237012316,0.6686659525698756,0.6381016288231466,1.1069911420318277,1.1066165426873389,1.1017431638126873,0.005247978219140359,0.004873378874651557,0.00037459934448880183,0.6710153237012316,1.1069911420318277,0.0,0.0
main,linear,2241-07-01,2241-04-01,0.0008041885025242,0.001787085561164889,0.0019377055644252,0.0077283231285114,0.0670163662847204,0.0016377712599933147,,0.0065350088365189185,0.0007369970669969917,0.06259379729758341,0.662161514619348,0.6591993268789307,0.6799938189420994,1.1059181076873417,1.1054442817201826,0.8394661506191633,0.26645195706817837,0.2659781311010193,0.00047382596715905834,0.662161514619348,1.105918107687341,0.026930437885330172,0.0
main,linear,2241-10-01,2241-07-01,0.0007255536028277,0.001612341339617111,0.0020644027301575,0.0082320755426184,0.0686908457083915,0.0022321713622659445,,0.008898834378264331,0.0010044771130196751,0.07075851411369884,0.6552375741418289,0.6516180914252564,0.6424639600710416,1.1053258126295604,1.1047440008204297,1.10327252488277,0.0020532877467904775,0.0014714759376597275,0.00058181180913075,0.6552375741418285,1.1053258126295598,0.0,0.0
main,linear,2242-01-01,2241-10-01,0.0006835029337373,0.0015188954083051112,0.0021764981685764,0.0086776110277417,0.0700900843728567,0.0019317221594974399,,0.007704528154331536,0.000869274971773848,0.06693467952602325,0.6494620391287739,0.6453988434189678,0.6595731262406371,1.1046705304826787,1.1040156856653107,0.9506160497108417,0.15405448077183703,0.15339963595446904,0.0006548448173679944,0.6494620391287739,1.1046705304826785,0.015568403382958784,0.0
main,linear,2242-04-01,2242-01-01,0.0015466249926538,0.0034369444281195554,0.0028491110642025,0.0113478320976627,0.0771937165939199,0.001956985332071781,,0.007804992543464007,0.0008806433994323015,0.06727792986313937,0.6175113512723617,0.6153232279690589,0.6580049098352755,1.0941913221225041,1.0938575594694278,0.44461397002721137,0.6495773520952928,0.6492435894422164,0.000333762653076386,0.6175113512723611,1.0941913221225037,0.06557539864367135,0.0
main,linear,2242-07-01,2242-04-01,0.0008140791389948,0.0018090647533217778,0.0017938524287585,0.00715612535526,0.0649821206612276,0.003053254447877407,,0.01215719738244403,0.0013739645015448333,0.07900404388266312,0.6711580521775113,0.6686210733348077,0.6080258098904764,1.107290795073361,1.1068852356433057,1.0971985247835774,0.010092270289783656,0.009686710859728276,0.00040555943005538,0.6711580521775113,1.1072907950733608,0.0,0.0
main,linear,2242-10-01,2242-07-01,0.0011168214395847,0.0024818254212993335,0.0019512592398698,0.0077822221862521,0.0672005066231323,0.0025113297160714865,,0.010007541516439011,0.0011300983722321689,0.0738734106273722,0.6599905179604805,0.6583580617560338,0.6290824985769536,1.1035074914135519,1.1032514703920877,1.0986601315441458,0.004847359869406098,0.004591338847941939,0.00025602102146415895,0.6599905179604805,1.1035074914135514,0.0,0.0
main,linear,2243-01-01,2242-10-01,0.0006991886269044,0.001553752504232,0.0017087713369291,0.0068175859000615,0.0637052351462481,0.0022421106696128845,,0.008938325376553147,0.0010089498013257981,0.07087608209103578,0.6774864563965028,0.6746584671498709,0.6419501283458017,1.1090808164226704,1.1086254872084182,1.1033591792743027,0.005721637148367709,0.005266307934115533,0.0004553292142521759,0.6774864563965028,1.1090808164226698,0.0,0.0
main,linear,2243-04-01,2243-01-01,0.000717973797789,0.00159549732842,0.0016593035640938,0.0066207127930523,0.0629354593124734,0.0019389477092772722,,0.007733262871696178,0.0008725264691747725,0.06703329379629887,0.6809510431447446,0.6783456277722176,0.6591219079259248,1.109510725182767,1.1090917215998806,1.1060001579371603,0.0035105672456066106,0.0030915636627202314,0.0004190035828863792,0.6809510431447381,1.1095107251827658,0.0,0.0
main,linear,2243-07-01,2243-04-01,0.0009898742312821,0.002199720513960222,0.0024107750026375,0.0096082850042095,0.0727942653834905,0.002240679459646344,,0.008932638945352678,0.0010083057568408549,0.07085918533484876,0.6370070188452864,0.6336646554957293,0.6420239283442222,1.1007116108350004,1.1001831789857874,1.0227473902150712,0.07796422061992914,0.07743578877071622,0.0005284318492129181,0.6370070188452864,1.100711610835,0.007875740032141365,0.0
main,linear,2243-10-01,2243-07-01,0.0011526275417886,0.0025613945373079996,0.0019941760823882,0.0079528756055184,0.0677755039917877,0.002481648698449135,,0.00988970440802417,0.0011167419143021107,0.07355959278608215,0.6573406108328155,0.655743256482735,0.6304092561424987,1.1028565336960925,1.1026065897114574,1.0986424843196567,0.004214049376435769,0.0039641053918006985,0.0002499439846350704,0.6573406108328155,1.1028565336960918,0.0,0.0
main,linear,2244-01-01,2243-10-01,0.0010851399200273,0.002411422044505111,0.0022752871770888,0.0090701342071508,0.0712647365366281,0.00230347434990108,,0.00918211029585192,0.0010365634574554861,0.07159045785107823,0.6428806098080172,0.6402564944157176,0.6388429872691347,1.1010277883126052,1.1006154122503682,1.1003932815800623,0.0006345067325428388,0.00022213067030585343,0.0004123760622369854,0.6428806098080172,1.1010277883126052,0.0,0.0
main,linear,2244-04-01,2244-01-01,0.0018989643080985,0.004219920684663333,0.0030412960630119,0.0121097997976872,0.0789016099151001,0.0029273664113134146,,0.01165814907114393,0.0013173148850910367,0.07790355442415009,0.6097539583818389,0.608435034287646,0.6124452654098458,1.09085965497126,1.0906631216212348,1.0471231668426844,0.04373648812857556,0.04353995477855044,0.00019653335002511874,0.6097539583818389,1.0908596549712597,0.00441375207493977,0.0
main,linear,2244-07-01,2244-04-01,0.0013561372115648,0.0030136382479217776,0.0035743271938133,0.0142208363824716,0.0830930031042091,0.002475425135344267,,0.009864994801167315,0.00111394131090492,0.07349329782804918,0.5964838078632771,0.5920340094333216,0.6306901369189346,1.0921201408416379,1.0914329200777535,0.5239369933562412,0.5681831474853967,0.5674959267215123,0.0006872207638843886,0.5964838078632769,1.092120140841638,0.0573465926009713,0.0
main,linear,2244-10-01,2244-07-01,0.0017687110246943,0.0039304689437651115,0.0036573973408774,0.0145495255462344,0.0836853378399413,0.003273553680628538,,0.013030058005096046,0.0014730991562828422,0.08081776331824603,0.5929297307476626,0.5897707516869274,0.6008510544599225,1.0891249812491832,1.0886501459778946,0.9567193483818832,0.1324056328673,0.13193079759601134,0.000474835271288665,0.5929297307476626,1.089124981249183,0.013359630992515914,0.0
main,linear,2245-01-01,2244-10-01,0.0019605011778964,0.004356669284214223,0.0039311702353459,0.0156321991168215,0.0855407086122795,0.0024565099738538265,,0.009789892506151476,0.001105429488234222,0.07329074535279126,0.5858189293710077,0.5827642194034287,0.6315496151254052,1.0869325931236706,1.086479289474013,0.31309046325486856,0.7738421298688021,0.7733888262191444,0.000453303649657677,0.5858189293710077,1.0869325931236704,0.07806283344426657,0.0
main,linear,2245-04-01,2245-01-01,0.0019201340731183,0.004266964606929556,0.0046622177981788,0.0185188584284528,0.0899017676877388,0.003382263705134392,,0.013460571211477812,0.0015220186673104764,0.08166507953365534,0.5713570621061194,0.5667634943323757,0.5975442081841664,1.0850171648051607,1.084333648079167,0.6305814067738185,0.4544357580313423,0.4537522413053485,0.0006835167259937602,0.5713570621061194,1.0850171648051603,0.045833237025783236,0.0
main,linear,2245-07-01,2245-04-01,0.0013482015183906,0.0029960033742013332,0.0035826984408342,0.0142539631760457,0.083153357909473,0.004716551396995783,,0.018733149645535074,0.0021224481286481025,0.0901977135607201,0.5962973749275725,0.591802803055929,0.5657003943114228,1.0921386687249353,1.091444176536717,1.0874108849386708,0.004727783786264483,0.004033291598046329,0.0006944921882181543,0.5962973749275725,1.0921386687249348,0.0,0.0
main,linear,2245-10-01,2245-07-01,0.0017386916827801,0.0038637592950668885,0.0035621953818006,0.0141728267567079,0.0830052665295465,0.003573995316401124,,0.01421952305620866,0.001608297892380506,0.08309060722728734,0.5954367137802125,0.5923703490357479,0.5920431902814796,1.0896805592963599,1.0892187246480654,1.0891694502593985,0.000511109036961388,4.927438866686451e-05,0.0004618346482945235,0.5954367137802125,1.0896805592963597,0.0,0.0
main,linear,2246-01-01,2245-10-01,0.0029950724630389,0.006655716584530888,0.0068565336354481,0.0271453493695994,0.0999531479352275,0.0037422424647957087,,0.0148851530221904,0.0016840091091580689,0.08427568950733473,0.5372063124958036,0.5321739836874485,0.5875279137334325,1.0741609421640266,1.0734662328186113,0.14438024517185455,0.929780696992172,0.9290859876467568,0.0006947093454152675,0.5372063124958036,1.0741609421640264,0.0936727557578465,0.0
main,linear,2246-04-01,2246-01-01,0.0031188415077134,0.006930758906029778,0.0074534930605658,0.029482298105205,0.1022548155189186,0.006139468401670456,,0.02433263941408781,0.0027627607807517054,0.09700321178318193,0.5302967599977826,0.5246861298481293,0.5420062294161196,1.0725507402147574,1.0717831410115672,0.8533430500631491,0.21920769015160824,0.2184400909484181,0.0007675992031901391,0.5302967599977826,1.0725507402147574,0.02208096812213367,0.0
main,linear,2246-07-01,2246-04-01,0.003468308354665,0.007707351899255555,0.0074654543879396,0.0295290806792327,0.1022997773076974,0.005168197210878134,,0.020513078731225987,0.00232568874489516,0.09253764912141067,0.5291898867543195,0.5245414732569329,0.557392475163044,1.0705499639203833,1.0699302517665117,0.541370946626407,0.5291790172939763,0.5285593051401047,0.0006197121538715766,0.5291898867543195,1.070549963920383,0.053293889941663064,0.0
main,linear,2246-10-01,2246-07-01,0.0034359381393775,0.0076354180875055555,0.0065783222686579,0.0260547799485363,0.0988360249821964,0.005736596416682005,,0.02274968848508374,0.0025814683875069024,0.09522921946460773,0.5391650434709383,0.5358663714331412,0.5480458920913404,1.0720543499403083,1.0716135133685978,0.9085264433541709,0.16352790658613747,0.1630870700144269,0.0004408365717105678,0.5391650434709383,1.072054349940308,0.01647147486895162,0.0
main,linear,2247-01-01,2246-10-01,0.0025604291998684,0.005689842666374222,0.0050862167666288,0.0201901751048898,0.092127678971478,0.006548552308231592,,0.025938029470276236,0.0029468485387042164,0.09871456387951956,0.5621511149363003,0.5588356756759163,0.5362701152143408,1.0800479060150836,1.0795758016942656,1.0763625627358933,0.003685343279190345,0.003213238958372333,0.000472104320818012,0.5621511149363,1.0800479060150834,0.0,0.0
main,linear,2247-04-01,2247-01-01,0.0020602499637213,0.0045783332527139994,0.0054105844719173,0.0214673240516937,0.0937159065409133,0.0046770875342190266,,0.018577508019461897,0.002104689390398562,0.0899830968014414,0.5587336406866542,0.5532736187873087,0.5664710619722376,1.0823559420058124,1.0815511484259224,0.9450150742735859,0.13734086773222653,0.13653607415233648,0.0008047935798900507,0.5587336406866542,1.082355942005812,0.01384813442889754,0.0
main,linear,2247-07-01,2247-04-01,0.0024846195296752,0.005521376732611555,0.0058532424777254,0.0232082081909317,0.0957529773629548,0.004412205424159765,,0.0175323595568605,0.0019854924408718943,0.08849421894428185,0.5511536794757588,0.54625280596262,0.5718584867803467,1.0788997461931493,1.0781981675033738,0.7062007577262568,0.37269898846689253,0.37199740977711704,0.000701578689775495,0.5511536794757588,1.0788997461931489,0.03756629604081918,0.0
main,linear,2247-10-01,2247-07-01,0.0030423775302916,0.0067608389562035555,0.0055609990950937,0.0220591350475817,0.0944236244978838,0.003979154396802187,,0.01582186733668789,0.0017906194785609843,0.08585177848627977,0.5535075666318006,0.5508201171676194,0.5816015078903953,1.0761494813584729,1.0757797522071264,0.5724526193220887,0.5036968620363842,0.5033271328850377,0.0003697291513464762,0.5535075666318006,1.0761494813584729,0.05075619204116033,0.0
main,linear,2248-01-01,2247-10-01,0.0048524008874172,0.010783113083149333,0.0100873443817903,0.0397429458045273,0.1114443009644017,0.005703705828636885,,0.02262037091288982,0.002566667622886598,0.09507993307302212,0.5012614107061941,0.4964113543615743,0.5485585010322567,1.0598887038572533,1.0593092385684637,0.12197839773004726,0.937910306127206,0.9373308408384164,0.0005794652887896046,0.5012614107061941,1.059888703857253,0.094356117287128,0.0
main,linear,2248-04-01,2248-01-01,0.0033785605506189,0.007507912334708666,0.0085570335064353,0.0337912980101579,0.1062537973303244,0.009972307831048965,,0.03929650675497709,0.004487538523972034,0.1110644783002853,0.5185851599895516,0.5120628784238294,0.4975288413346607,1.0696015932414737,1.0687262091704122,1.0667755321829389,0.00282606105853489,0.0019506769874733099,0.0008753840710615801,0.5185851599895516,1.0696015932414735,0.0,0.0
main,linear,2248-07-01,2248-04-01,0.0029321546165152,0.006515899147811556,0.0066339197997795,0.0262727917167139,0.0990618310620976,0.00628694286569953,,0.024911609978969795,0.0028291242895647885,0.09762967864741297,0.5399743319088809,0.5351169679232302,0.5398961506348577,1.0748828054596287,1.074209193732385,1.0748719634014283,1.084205820034434e-05,-0.0006627696690433282,0.0006736117272436726,0.5399743319088809,1.0748828054596282,0.0,0.0
main,linear,2248-10-01,2248-07-01,0.003001543304989,0.006670096233308888,0.0058443411478623,0.0231732239689058,0.0957133143220801,0.004349083174020052,,0.017283174234953957,0.0019570874283090234,0.08812612731086172,0.5497077094297625,0.5463882988349407,0.5732015981834387,1.0758511802348028,1.075393152801346,0.6517042617855782,0.4241469184492246,0.4236888910157679,0.00045802743345668695,0.5497077094297625,1.0758511802348023,0.042738871251487454,0.0
main,linear,2249-01-01,2248-10-01,0.0031097638301757,0.006910586289279333,0.0056319115627172,0.0223380492192309,0.0947515253059807,0.004801895935088396,,0.019069676873639474,0.0021608531707897785,0.09065589276828996,0.5522991613473688,0.5496885441684929,0.5640600398256364,1.0756110595524138,1.0752536598951352,0.8642773554895917,0.21133370406282204,0.2109763044055435,0.0003573996572785454,0.5522991613473688,1.075611059552413,0.021294379610214298,0.0
main,linear,2249-04-01,2249-01-01,0.0018125873458666,0.004027971879703556,0.0042499982424982,0.0168919247954913,0.0875371670985736,0.004179299809038639,,0.016612691641455735,0.0018806849140673876,0.08710823387644016,0.5795429781066195,0.5753599976656657,0.5769392641095066,1.0868584976368931,1.086231577096965,1.0864682682758122,0.0003902293610809071,-0.0002366911788471704,0.0006269205399280775,0.5795429781066195,1.0868584976368925,0.0,0.0
main,linear,2249-07-01,2249-04-01,0.0014293031023591,0.0031762291163535553,0.0045406752808786,0.0180393687800897,0.0892271904209877,0.004762467462569475,,0.018914214829786724,0.002143110358156264,0.09044521369882909,0.575187022970754,0.5691972587146805,0.5648134740778591,1.0884102538953988,1.087489585386714,1.0868157671375434,0.0015944867578554511,0.0006738182491705658,0.0009206685086848854,0.575187022970754,1.0884102538953986,0.0,0.0
main,linear,2249-10-01,2249-07-01,0.0022742588834676,0.005053908629928001,0.0049648359474229,0.0197119351309811,0.0915091796278281,0.00421878369525075,,0.01676864599496708,0.0018984526628628374,0.08734870135840933,0.5650246188027387,0.5610228612974772,0.5760531361504587,1.08207401337196,1.081492728436634,0.8884895071385033,0.1935845062334567,0.19300322129813074,0.000581284935325943,0.5650246188027387,1.0820740133719595,0.019518648011237816,0.0
main,linear,2250-01-01,2249-10-01,0.003101460255085,0.006892133900188889,0.0059643886809533,0.023644958571321,0.0962441412561188,0.003736039623618126,,0.014860618937677206,0.0016812178306281568,0.08423301547970695,0.5478083147837339,0.5445788625433631,0.5876896104054721,1.0750417397265988,1.0745993519279082,0.3524895515229387,0.7225521882036601,0.7221098004049695,0.0004423877986905467,0.5478083147837339,1.0750417397265983,0.0728015343335191,0.0
main,linear,2250-04-01,2250-01-01,0.0026269492410005,0.005837664980001111,0.0049938370093038,0.0198262151202192,0.0916582416452979,0.0058761946856975555,,0.02329841117869924,0.0026442876085639,0.09585502180881798,0.563427283408127,0.5604946425113839,0.5459044261912169,1.079854834867486,1.0794391901846112,1.077371311419706,0.0024835234477798007,0.0020678787649051067,0.000415644682874694,0.563427283408127,1.0798548348674857,0.0,0.0
main,linear,2250-07-01,2250-04-01,0.0026488509184098,0.005886335374244,0.0071180971569735,0.0281698248371609,0.1009763347418984,0.005592485889792442,,0.022182986830505347,0.0025166186504065992,0.09456966095457042,0.535259733866265,0.5288253637755203,0.5503157484113084,1.0757454029131381,1.074834865609135,0.7965918151037392,0.2791535878093989,0.2782430505053959,0.000910537304003034,0.5352597338662648,1.0757454029131377,0.028128418687341394,0.0
main,linear,2250-10-01,2250-07-01,0.0050167890103434,0.011148420022985333,0.0080369834825417,0.0317624476717298,0.104403788154662,0.005680754780769348,,0.022530125526365463,0.002556339651346207,0.09497533111033982,0.519155331101068,0.517841468022793,0.5489180763045902,1.0611731680276892,1.0610183527690604,0.4913885076818707,0.5697846603458185,0.5696298450871897,0.0001548152586288154,0.519155331101068,1.0611731680276888,0.05732916674094635,0.0
main,linear,2251-01-01,2250-10-01,0.0057604449999858,0.012800988888857332,0.011897014926959,0.046745541454202,0.1172580012951655,0.006259785499423742,,0.02480501213188302,0.002816903474740684,0.09751516002202992,0.48492267071553197,0.479839149824614,0.5402809896642979,1.0535333049411788,1.0529721068564886,-0.08194600812921271,1.1354793130703915,1.1349181149857013,0.0005611980846902398,0.4849226707155319,1.0535333049411788,0.11415906251378238,0.0
main,linear,2251-04-01,2251-01-01,0.0048604008933559,0.010800890874124221,0.0107036108230693,0.0421319315932162,0.1134562285267506,0.014289548620581627,,0.05594467678990922,0.006430296879261732,0.12457147417772979,0.4962369608972023,0.4905641071745631,0.46033001479465024,1.0592487037501201,1.0585713877577303,1.0549615583340366,0.004287145416083549,0.0036098294236937,0.0006773159923898486,0.4962369608972023,1.05924870375012,0.0,0.0
main,linear,2251-07-01,2251-04-01,0.0044924097620587,0.00998313280457489,0.0090329947540415,0.0356453505816829,0.1079036788181676,0.013695201836526394,,0.05366569545681232,0.006162840826436877,0.12279044217465344,0.5112576635076218,0.5069983440970536,0.4649516720169379,1.0629234982845908,1.0623992787046126,1.0572243465963016,0.005699151688289161,0.005174932108310992,0.000524219579978169,0.5112576635076218,1.0629234982845903,0.0,0.0
main,linear,2251-10-01,2251-07-01,0.0025600175814494,0.005688927958776444,0.0082110387668294,0.0324418379668788,0.1050290987632892,0.00937989167869091,,0.03699496582676498,0.00422095125541091,0.10908429924640997,0.524138906048882,0.5158764845526257,0.503425616893148,1.0746372880701442,1.0734607207017304,1.071687719336064,0.0029495687340801435,0.0017730013656662713,0.0011765673684138722,0.524138906048882,1.0746372880701438,0.0,0.0
main,linear,2252-01-01,2251-10-01,0.0037047162562862,0.00823270279174711,0.0085705913031004,0.0338441478173972,0.106301326076049,0.005521613638848066,,0.021904197699423755,0.00248472613748163,0.09423994385655901,0.5175821490947979,0.5119158120739489,0.5514554290394427,1.0677788510307755,1.0670368281200202,0.41776255641376614,0.6500162946170094,0.6492742717062541,0.0007420229107553133,0.5175821490947979,1.0677788510307755,0.06544520967390632,0.0
main,linear,2252-04-01,2252-01-01,0.0040068326985796,0.008904072663510221,0.0091611238031919,0.0361440064659817,0.1083417396082161,0.005440214183181524,,0.02158392430745404,0.002448096382431686,0.09385667245229713,0.511381893491635,0.5056677243602304,0.5527843921107171,1.0654219411835564,1.0646909179666897,0.2610987650257979,0.8043231761577585,0.8035921529408918,0.0007310232168666886,0.511381893491635,1.0654219411835562,0.08096198670730659,0.0
main,linear,2252-07-01,2252-04-01,0.0037236728110966,0.008274828469103556,0.0098696041062393,0.0388977979815734,0.110724151332986,0.009023613296449184,,0.035608831986522094,0.004060625983402133,0.10787150894655133,0.5059504211352639,0.4985338289344487,0.5070962989513572,1.0661597324812817,1.0651899146188364,1.0436615592884,0.02249817319288172,0.0215283553304364,0.0009698178624453213,0.5059504211352638,1.0661597324812817,0.0022648011925299194,0.0
main,linear,2252-10-01,2252-07-01,0.0055279213740667,0.012284269720148223,0.0122325593398376,0.0480397236214735,0.1183072832424718,0.00814378634095192,,0.03217937385405012,0.003664703853428364,0.10478826188233353,0.4830096377191555,0.4769516176815685,0.5166318676395941,1.0544452261345387,1.053762361352727,0.3621367075081816,0.6923085186263571,0.6916256538445453,0.0006828647818117872,0.4830096377191555,1.0544452261345385,0.06960984428187811,0.0
main,linear,2253-01-01,2252-10-01,0.0056279447432589,0.012506543873908666,0.0095192280378605,0.0375366600917571,0.1095539021768501,0.014640530571341515,,0.0572885580350978,0.0065882387571036816,0.12561228005733802,0.5040783787790966,0.5020163897345535,0.45766585442223306,1.0563159150144854,1.0560855484590408,1.051130682147288,0.005185232867197298,0.0049548663117526814,0.0002303665554446166,0.5040783787790966,1.0563159150144852,0.0,0.0
main,linear,2253-04-01,2253-01-01,0.0026381252212303,0.005862500491622889,0.0061736903144016,0.0244670143196017,0.0971496019268692,0.01096092164516449,,0.04312808878630603,0.00493241474032402,0.11428580588354202,0.5464847280618224,0.5415120902995243,0.48818806489935485,1.0773924828732153,1.0766882641401163,1.0691365824359456,0.008255900437269759,0.007551681704170754,0.0007042187330990046,0.5464847280618224,1.077392482873215,0.0,0.0
main,linear,2253-07-01,2253-04-01,0.0028520804506016,0.006337956556892445,0.0058260282885706,0.0231012473707886,0.0956315586298936,0.006964850705116987,,0.02756969703108403,0.0031341828173026445,0.10037985769083635,0.5504072915683382,0.546667742505034,0.5307736005098372,1.0767703662219745,1.0762487769271143,1.0740318747885573,0.0027384914334172006,0.0022169021385569643,0.0005215892948602363,0.5504072915683382,1.0767703662219743,0.0,0.0
main,linear,2253-10-01,2253-07-01,0.0045555877103066,0.010123528245125777,0.0092384557694553,0.0364448753775814,0.1086049833118786,0.004863264039158821,,0.019311607665351116,0.0021884688176214695,0.09098048789178724,0.5092672025967938,0.5048709448633959,0.5629019712677333,1.0623567759421395,1.0618184800199444,0.015748787384251894,1.0466079885578876,1.0460696926356925,0.00053829592219512,0.5092672025967938,1.0623567759421393,0.10531752507645809,0.0
main,linear,2254-01-01,2253-10-01,0.003685812740311,0.00819069497846889,0.0101140336516465,0.0398465004891043,0.1115322202742092,0.009515687823295593,,0.03752289972366696,0.004282059520483017,0.10954200157212704,0.5039864466905629,0.4961533043143034,0.5020520209344637,1.066093726382453,1.0650664734229125,1.0658400421663985,0.0002536842160545394,-0.0007735687434859972,0.0010272529595405366,0.5039864466905629,1.066093726382453,0.0,0.0
main,linear,2254-04-01,2254-01-01,0.0042180252854501,0.009373389523222444,0.008120772800605,0.0320895473089656,0.104705627152536,0.010021278634667397,,0.03948657388917487,0.004509575385600329,0.11122634243464898,0.520498118782372,0.5168914621308222,0.4970520836706412,1.0654889416949058,1.065035153066967,1.0625389674855834,0.0029499742093224146,0.0024961855813836475,0.00045378862793876706,0.520498118782372,1.0654889416949056,0.0,0.0
main,linear,2254-07-01,2254-04-01,0.003628074593769,0.008062387986153333,0.0081496394002068,0.0322022185416287,0.1048092603176101,0.00771871255710721,,0.030519215015583967,0.0034734206506982445,0.10324241186027625,0.5218189854984673,0.5165659348929998,0.5215229342468571,1.0687336075254095,1.0680416796181056,1.068694611875383,3.89956500264077e-05,-0.0006529322572774721,0.0006919279073038798,0.5218189854984673,1.0687336075254092,0.0,0.0
main,linear,2254-10-01,2254-07-01,0.0033952911745026,0.007545091498894666,0.0075938240131717,0.0300310473752202,0.102779756925776,0.008830172941088676,,0.0348556079830713,0.003973577823489905,0.10720515524289811,0.5280526688528928,0.5230010583890589,0.5091323330579043,1.0707839227049982,1.0701067690313226,1.0682477067828737,0.002536215922124496,0.001859062248448895,0.0006771536736756012,0.5280526688528926,1.070783922704998,0.0,0.0
main,linear,2255-01-01,2254-10-01,0.0029565250753248,0.006570055722944,0.0069825214646592,0.0276389115937631,0.1004490607281852,0.0071204714477062225,,0.02817912060172445,0.0032042121514678002,0.10098551218134559,0.5358896345744323,0.5305470142382037,0.5287954725664539,1.074185747186245,1.0734461428796784,1.0732036686475548,0.0009820785386902564,0.00024247423212364616,0.0007396043065666102,0.5358896345744323,1.0741857471862448,0.0,0.0
main,linear,2255-04-01,2255-01-01,0.0017627742416353,0.003917276092522889,0.0058732249009927,0.0232867401718417,0.0958418366436417,0.0060548498295247555,,0.024000318647705132,0.00272468242328614,0.0966385012077744,0.553083229126287,0.5459494174884403,0.5432401303441712,1.0831683737953732,1.0820956464342135,1.0816882448098877,0.0014801289854855515,0.0004074016243258427,0.0010727273611597088,0.553083229126287,1.083168373795373,0.0,0.0
main,linear,2255-07-01,2255-04-01,0.0031154003431677,0.006923111873706,0.0059242578319151,0.0234872808014195,0.0960676613121919,0.004543415270745754,,0.018050180074952404,0.0020445368718355894,0.08924259503336147,0.548296527594528,0.5451794870164363,0.5691415232937465,1.0750321847336242,1.0746056302093707,0.6977073855926827,0.3773247991409414,0.37689824461668797,0.00042655452425344187,0.548296527594528,1.0750321847336235,0.038017735335086345,0.0
main,linear,2255-10-01,2255-07-01,0.003468396043101,0.007707546762446667,0.0076889503676071,0.0304028965104098,0.1031325295753376,0.004368147812783718,,0.017358439984714646,0.0019656665157526732,0.08823787123564461,0.526867816415364,0.521873399814694,0.5727933851694916,1.070239930660858,1.0695740948196988,0.20469107627327876,0.8655488543875793,0.86488301854642,0.0006658358411593124,0.5268678164153637,1.0702399306608577,0.0871671469328833,0.0
main,linear,2256-01-01,2255-10-01,0.0024326808982585,0.005405957551685556,0.0066685266361125,0.0264084752594029,0.099201719317833,0.007053451146930456,,0.027916698743925106,0.0031740530161187054,0.10072571644709886,0.5410248216446004,0.5346534844012065,0.5296426238095455,1.0777307625453076,1.076815372192501,1.0760954458615537,0.0016353166837539401,0.0007199263309471959,0.0009153903528067442,0.5410248216446004,1.0777307625453072,0.0,0.0
main,linear,2256-04-01,2256-01-01,0.0033550291057913,0.007455620235091777,0.0075775059869298,0.029967249427982,0.1027189974505211,0.005864587612450123,,0.02325279575185646,0.0026390644256025554,0.09580345810052243,0.5283345053878149,0.5231956628269306,0.5460804217550506,1.0710344204734532,1.0703435045868426,0.7375363288491676,0.33349809162428556,0.33280717573767493,0.0006909158866106324,0.5283345053878149,1.0710344204734528,0.0335884024914771,0.0
main,linear,2256-07-01,2256-04-01,0.004431705198978,0.009848233775506667,0.008786783645811,0.0346865968459483,0.1070548714940392,0.005932502914220095,,0.02351967804130839,0.002669626311399043,0.0961039984142805,0.5136460954521188,0.5095934105895172,0.5450557382244059,1.0635292633194569,1.0630280153082938,0.4559105223539903,0.6076187409654665,0.6071174929543035,0.0005012480111630246,0.5136460954521188,1.0635292633194569,0.061150357817949086,0.0
main,linear,2256-10-01,2256-07-01,0.005122825984506,0.011384057743346667,0.010615766884434,0.0417916731528588,0.113171665435502,0.008773056790232658,,0.03463312301121135,0.003947875555604697,0.1070072625053443,0.4962914783239787,0.4913838124689704,0.5097396216963036,1.0579528195479586,1.05737974286597,0.7885505996190021,0.2694022199289565,0.2688291432469678,0.0005730766819886934,0.4962914783239787,1.0579528195479582,0.027097258303239613,0.0
main,linear,2257-01-01,2256-10-01,0.0032738789618325,0.007275286581849999,0.0089114958564833,0.0351723193859904,0.107486007122732,0.012977072037756443,,0.050906574982997777,0.005839682416990399,0.12060731822169206,0.5155705131345494,0.5082725273016486,0.4707281382253629,1.0697366916436803,1.068749557246574,1.063671257737075,0.0060654339066053,0.005078299509498896,0.000987134397106404,0.5155705131345494,1.0697366916436803,0.0,0.0
main,linear,2257-04-01,2257-01-01,0.0047785434121774,0.010618985360394222,0.008647299745081,0.0341431250663961,0.1065696210758998,0.008818629197776318,,0.03481064465405681,0.003968383138999343,0.10716520222791436,0.5140115257469001,0.511086930685993,0.5092548425323291,1.0617916724240681,1.0614400934984516,1.0612198498164083,0.0005718226076598665,0.00022024368204331957,0.0003515789256165469,0.5140115257469001,1.061791672424068,0.0,0.0
main,linear,2257-07-01,2257-04-01,0.0023510478093255,0.00522455068739,0.007185722602499,0.0284345642158599,0.1012369920955752,0.009016819298267365,,0.03558238478026998,0.004057568684220314,0.10784820342104313,0.535366182831093,0.5279774027241012,0.5071672772327043,1.0773548038023038,1.0762872024971704,1.073280357414099,0.0040744463882047555,0.0030068450830713633,0.0010676013051333921,0.535366182831093,1.0773548038023035,0.0,0.0
main,linear,2257-10-01,2257-07-01,0.0022895896513546,0.005087977003010222,0.0071405755432718,0.0282578289882906,0.1010631452323845,0.005609323736280203,,0.022249212856988332,0.0025241956813260914,0.09464746520972137,0.536041452293915,0.5285427283908675,0.5500472950871785,1.0777818143666853,1.0766937187574408,0.8185313982371516,0.2592504161295337,0.2581623205202892,0.0010880956092444993,0.5360414522939146,1.0777818143666849,0.026128272139162245,0.0
main,linear,2258-01-01,2257-10-01,0.0030993282313395,0.006887396069643332,0.007087916861061,0.0280516578748547,0.100859510848759,0.005993161350488663,,0.023757997263084585,0.0026969226077198983,0.0963700868811146,0.5343055117162039,0.5292060887871198,0.5441507985035972,1.073203444402099,1.072504789204489,0.8902891415853396,0.18291430281675947,0.18221564761914943,0.0006986551976100319,0.5343055117162039,1.0732034444020986,0.01842631732441835,0.0
main,linear,2258-04-01,2258-01-01,0.0020884711111043,0.004641046913565111,0.0050721554880556,0.02013478268312,0.0920567439267147,0.005481759086251259,,0.02174739624642774,0.0024667915888130667,0.09405291098208136,0.5638719927170164,0.5590859177568127,0.5521033885180822,1.0829541911049556,1.082250086304541,1.0812228494984097,0.0017313416065458664,0.0010272368061312598,0.0007041048004146067,0.5638719927170164,1.0829541911049556,0.0,0.0
main,linear,2258-07-01,2258-04-01,0.0021268933622347,0.004726429693854889,0.0052474318639826,0.0208250914142262,0.0929282278156624,0.004060389939695597,,0.016142906658997314,0.0018271754728630186,0.08636953771979508,0.5609936964738179,0.5560223800921006,0.5796737060875646,1.0823152033147447,1.0815857567607543,0.7520754688173608,0.330239734497384,0.32951028794339354,0.0007294465539904316,0.5609936964738179,1.0823152033147447,0.03329806722279538,0.0
main,linear,2258-10-01,2258-07-01,0.0042053984209843,0.009345329824409556,0.0089479663947401,0.0353143282679532,0.1076116195837001,0.0035150274634361267,,0.013986150911211248,0.0015817623585462571,0.0826610848477198,0.5127757491539918,0.507888760651663,0.5936925750152628,1.0645820625997582,1.0639665658686774,-0.5032423446725256,1.5678244072722838,1.567208910541203,0.0006154967310807447,0.5127757491539915,1.064582062599758,0.15780155590998968,0.0
main,linear,2259-01-01,2258-10-01,0.0039760568064783,0.008835681792174,0.0094708346361639,0.037348548257705,0.1093910872207573,0.006879156921058893,,0.027233990808987918,0.003095620614476502,0.10004263415029559,0.508732016317289,0.5025042160413843,0.5318798444163978,1.0652395047797867,1.0644408552101985,0.6131977708475782,0.4520417339322085,0.4512430843626203,0.0007986495695881946,0.508732016317289,1.0652395047797865,0.045501019825817224,0.0
main,linear,2259-04-01,2259-01-01,0.0044512880328421,0.009891751184093555,0.0069483317012314,0.0275049904361877,0.1003150626810614,0.008949805982410908,,0.03532149083406122,0.004027412692084909,0.10761795003029052,0.5320101097235399,0.5309858887835125,0.507869433206726,1.0656963960859207,1.065569917992129,1.062715333475936,0.0029810626099846527,0.002854584516192915,0.00012647809379173758,0.5320101097235399,1.0656963960859205,0.0,0.0
main,linear,2259-07-01,2259-04-01,0.0031603227359781,0.007022939413284667,0.005194827579222,0.0206179529424862,0.0926695296625162,0.005836196709424257,,0.023141213676613037,0.002626288519240916,0.09567698043282322,0.5585660620102734,0.556929328263976,0.5465124631271353,1.0761866081645577,1.0759633629638912,1.074542536178198,0.0016440719863597408,0.0014208267856932189,0.00022324520066652198,0.5585660620102734,1.0761866081645577,0.0,0.0
main,linear,2259-10-01,2259-07-01,0.002678443655533,0.005952097012295555,0.0050555609889878,0.0200694079754283,0.0919727924718967,0.004640253260731697,,0.018432220532170307,0.002088113967329264,0.08978116404001334,0.5622676660909699,0.5593822765076322,0.5671975363602066,1.0794009452737559,1.078993483357987,0.9924188226719839,0.08698212260177196,0.08657466068600317,0.000407461915768792,0.5622676660909696,1.0794009452737554,0.008767829700955132,0.0
main,linear,2260-01-01,2259-10-01,0.0019319746651469,0.004293277033659778,0.0037635526225951,0.0149694375524742,0.0844217270658914,0.005080441944301128,,0.020167426291825774,0.002286198874935508,0.09209856887998569,0.5897836365208603,0.5869750513250471,0.5589383485768381,1.0876891804987394,1.0872715993402746,1.0831030952726137,0.004586085226125691,0.004168504067660894,0.00041758115846479704,0.5897836365208601,1.087689180498739,0.0,0.0
main,linear,2260-04-01,2260-01-01,0.0022148741872329,0.004921942638295334,0.0054778211531795,0.0217319020463101,0.0940343662107194,0.004188830498605967,,0.016650337874797083,0.001884973724372685,0.0871664928443965,0.5572606443421959,0.5521676986355617,0.5767244004557148,1.081277166082346,1.0805343535434568,0.734840421325146,0.3464367447571999,0.3456939322183108,0.0007428125388890816,0.5572606443421936,1.081277166082345,0.03492755580742468,0.0
main,linear,2260-07-01,2260-04-01,0.0014948247361995,0.00332183274711,0.0035156059455991,0.0139884405229695,0.0826653358958014,0.003974630497395992,,0.015803986774355572,0.0017885837238281967,0.08582262003453056,0.5975137623438616,0.5936762179763255,0.5817103477305416,1.0914505285520564,1.090863185660779,1.0890317882478227,0.002418740304233724,0.0018313974129562371,0.000587342891277487,0.5975137623438616,1.0914505285520562,0.0,0.0
main,linear,2260-10-01,2260-07-01,0.0015496480094051,0.003443662243122444,0.0041076111147667,0.0163294865821318,0.0866655488086812,0.003512758295983076,,0.013977169588908156,0.0015807412331923843,0.08264440234867854,0.5833788435294934,0.5785757148908779,0.5937567824266685,1.0889673270769096,1.0882348330529594,0.9126564271139939,0.1763108999629157,0.17557840593896556,0.0007324940239501476,0.5833788435294931,1.0889673270769091,0.017789357217410373,0.0
main,linear,2261-01-01,2260-10-01,0.0011119500497789,0.0024710001106197778,0.0025154261583346,0.0100238040448704,0.0739164199571888,0.0040072910487651825,,0.015933071050326597,0.001803280971944332,0.08603235317841222,0.6319979095632192,0.6289010299643628,0.580928105847473,1.099148147736631,1.0986623077182638,1.091136291420225,0.008011856316405996,0.00752601629803884,0.0004858400183671563,0.6319979095632192,1.0991481477366307,0.0,0.0
main,linear,2261-04-01,2261-01-01,0.0011188119066507,0.002486248681446,0.0025372130495385,0.0101102927890898,0.0741439486085833,0.00229470431804657,,0.009147271569619031,0.0010326169431209564,0.07148954995714928,0.631063088713675,0.6279424636229632,0.639280314211147,1.0989581899288912,1.098468838838728,0.9700344152207516,0.12892377470813954,0.1284344236179764,0.0004893510901631259,0.6310630887136748,1.098958189928891,0.01302123332944527,0.0
main,linear,2261-07-01,2261-04-01,0.0007747455475996,0.0017216567724435555,0.0019581490153433,0.0078096199941688,0.0672936373518447,0.0024340960662811995,,0.009700892974421782,0.0010953432298265399,0.07304863076662835,0.6610766749441345,0.6579333029368029,0.6325795503692085,1.1059392192852655,1.1054354859227045,1.101372482560516,0.004566736724749498,0.004063003362188455,0.000503733362561043,0.6610766749441345,1.1059392192852648,0.0,0.0
main,linear,2261-10-01,2261-07-01,0.0012689967248989,0.0028199927219975554,0.0023880705795561,0.0095181194746742,0.0725441829005136,0.0024946979247033596,,0.009941512656855278,0.0011226140661165119,0.07369803917431748,0.6368892087939527,0.634734554114358,0.6298233541565649,1.0989152838765543,1.098580644387699,1.0978178857614076,0.0010973981151467527,0.0007627586262914932,0.0003346394888552595,0.6368892087939527,1.098915283876554,0.0,0.0
main,linear,2262-01-01,2261-10-01,0.0017733523038792,0.003940782897509333,0.0033138723575367,0.0131897443780065,0.081135495685659,0.002502986928448081,,0.009974420737446255,0.0011263441178016365,0.07378559245952791,0.6020148900962886,0.5996077331095767,0.6294533048273451,1.090462656612958,1.090100941613072,0.6388093977202032,0.45165325889275487,0.45129154389286885,0.0003617149998860203,0.6020148900962886,1.0904626566129578,0.04557763328077913,0.0
main,linear,2262-04-01,2262-01-01,0.001870979487051,0.004157732193446667,0.003712763921012,0.0147685525145323,0.0840722092523341,0.0033718931954354048,,0.0134195080193108,0.0015173519379459322,0.08158551955724112,0.5912150540576766,0.5882995288128521,0.5978535192873389,1.088262616695913,1.087827357334053,0.976968609399395,0.11129400729651806,0.11085874793465789,0.0004352593618601741,0.5912150540576766,1.088262616695913,0.011228506513239922,0.0
main,linear,2262-07-01,2262-04-01,0.0030269067542999,0.006726459453999778,0.00521567506747,0.0207000474649992,0.0927723391950685,0.0034893632400780916,,0.013884568818281928,0.0015702134580351413,0.08247172990185175,0.5586615600825839,0.556568650954641,0.5944219114426139,1.076944977598057,1.076656719272317,0.4417628917348504,0.6351820858632067,0.6348938275374667,0.00028825832573997623,0.5586615600825823,1.0769449775980566,0.06401073924010137,0.0
main,linear,2262-10-01,2262-07-01,0.0012332364042832,0.0027405253428515555,0.0024750603977438,0.0098635466577411,0.073489407201614,0.005511545110493898,,0.02186458644185396,0.0024801952997222545,0.09419280492298501,0.6332214016059851,0.6307066272676649,0.55161864105267,1.0985720786254882,1.0981806096492757,1.0858691698025749,0.012702908822913361,0.0123114398467008,0.00039146897621256116,0.6332214016059851,1.0985720786254878,0.0,0.0
main,linear,2263-01-01,2262-10-01,0.0012299519256706,0.0027332265014902222,0.0026289673537808,0.0104744732313805,0.0750803272970779,0.002795665990561247,,0.011135856812061529,0.001258049695752561,0.0766969168012847,0.6269188339553252,0.6240229982404437,0.6173504564602578,1.0976115638338695,1.0971606808209085,1.096121762857954,0.0014898009759154451,0.001038917962954411,0.00045088301296103417,0.6269188339553252,1.097611563833869,0.0,0.0
main,linear,2263-04-01,2263-01-01,0.0017224244422643,0.0038276098716984444,0.0031011539737076,0.012347032163655,0.079410082584337,0.0026959876995533705,,0.010740419028853032,0.0012131944647990167,0.07574290683450245,0.6085223255444999,0.6064079627775454,0.621273952742234,1.0917504134196623,1.09143161877591,0.8841224291994896,0.2076279842201727,0.20730918957642053,0.0003187946437521738,0.6085223255444999,1.091750413419662,0.0209550620445752,0.0
main,linear,2263-07-01,2263-04-01,0.0020109767296279,0.004468837176950889,0.0037832169666228,0.0150472078705992,0.0845557083606151,0.002755194902420044,,0.010975316618181963,0.0012398377060890199,0.07631397446952357,0.5890437181403924,0.5864685079051176,0.6189204873106204,1.0871138125484476,1.0867329641074917,0.5843243483772842,0.5027894641711634,0.5024086157302075,0.00038084844095598314,0.5890437181403924,1.0871138125484474,0.050720794651618384,0.0
main,linear,2263-10-01,2263-07-01,0.0011131261004984,0.0024736135566631114,0.0021850947734881,0.0087117729682966,0.0701944104427447,0.003730461932718754,,0.014838557117420992,0.0016787078697234393,0.08419457790830855,0.6472176120946268,0.64493925913471,0.587835313782756,1.1015282106646496,1.1011708083088418,1.0922129844098405,0.009315226254809073,0.00895782389900135,0.0003574023558077233,0.6472176120946256,1.1015282106646491,0.0,0.0
main,linear,2264-01-01,2263-10-01,0.0008641176525339,0.0019202614500753333,0.0025058403759811,0.009985748987609,0.0738156626637942,0.0021943391766399145,,0.008748508200906002,0.0009874526294879615,0.07030614013677584,0.6333933184778905,0.6293262974183632,0.6444476877226286,1.1009368140293478,1.1002886983382545,0.9281724890050215,0.17276432502432637,0.17211620933323302,0.0006481156910933539,0.6333933184778905,1.1009368140293476,0.017452593630142232,0.0
main,linear,2264-04-01,2264-01-01,0.0010304339487716,0.0022898532194924443,0.0030996072878327,0.0123409027857112,0.0793970767502289,0.0024145781062543392,,0.009623387576210729,0.0010865601478144526,0.07283591864024064,0.6111441677619149,0.6064596784067607,0.6334867517678275,1.0963747832034452,1.095636059560421,0.7343120864892809,0.36206269671416424,0.36132397307114017,0.0007387236430240751,0.6111441677619149,1.096374783203445,0.036558602525652795,0.0
main,linear,2264-07-01,2264-04-01,0.0017008283162235,0.0037796184804966665,0.0032176615037296,0.0128086590886568,0.0803702844931157,0.0021863053552806377,,0.008716583613191498,0.000983837409876287,0.07020906870602994,0.605066412840371,0.6026088659485292,0.6448747297813701,1.0913600164756354,1.0909889472512269,0.43945432123608374,0.6519056952395517,0.6515346260151431,0.00037106922440854895,0.605066412840371,1.0913600164756352,0.0657916421358895,0.0
main,linear,2264-10-01,2264-07-01,0.0007793854727997,0.0017319677173326664,0.002251701210087,0.0089764295305311,0.0709890271130408,0.0026466313283890486,,0.010544571475143316,0.0011909840977750719,0.07525666462937329,0.6452927768243341,0.6414571571321506,0.6232894208942305,1.1033798683468934,1.1027653785012794,1.0998547955102838,0.003525072836609633,0.0029105829909956693,0.0006144898456139636,0.6452927768243341,1.1033798683468934,0.0,0.0
main,linear,2265-01-01,2264-10-01,0.0008951116719793,0.0019891370488428887,0.0019877737236042,0.0079274188292661,0.0676904932958233,0.0022832746617496014,,0.009101866174711093,0.0010274735977873206,0.07135745108692401,0.6588239884695496,0.656128688924202,0.6398536058300969,1.1047852196442938,1.1043565352615006,1.1017680014700906,0.0030172181742031956,0.002588533791409997,0.00042868438279319854,0.6588239884695496,1.1047852196442938,0.0,0.0
main,linear,2265-04-01,2265-01-01,0.0016049067381192,0.0035664594180426666,0.0028903338585591,0.0115113077693038,0.077570189774452,0.002138816751539707,,0.008527858899038732,0.0009624675381928683,0.0696278804697767,0.6158579767098172,0.6137941545728797,0.6474417988643535,1.0935801939217888,1.0932665942233215,0.5855369274666269,0.508043266455162,0.5077296667566946,0.00031359969846733726,0.6158579767098172,1.0935801939217888,0.05128424576872104,0.0
main,linear,2265-07-01,2265-04-01,0.0019431451575044,0.004318100350009777,0.0041398279053532,0.0164567660735622,0.0868654757505173,0.00351594272069633,,0.013989773464949895,0.0015821742243133485,0.08266781038433337,0.5813662032383938,0.5778358300281781,0.5936666964747288,1.086372732918456,1.0858482304952155,0.8766212253795675,0.2097515075388885,0.20922700511564796,0.000524502423240536,0.5813662032383938,1.0863727329184558,0.021157897396392178,0.0
main,linear,2265-10-01,2265-07-01,0.0024454817670031,0.005434403926673556,0.0047618336583995,0.0189117156601499,0.0904418132235595,0.0030075297690927982,,0.011975956397940912,0.0013533883960917593,0.07861002978001495,0.5679001404023102,0.5648256462502866,0.6096022824186059,1.0815193291992646,1.0810780003756395,0.35318377766201325,0.7283355515372514,0.7278942227136262,0.00044132882362513115,0.5679001404023102,1.0815193291992642,0.07343216931165308,0.0
main,linear,2266-01-01,2265-10-01,0.0030103954430613,0.006689767651247333,0.0058432090587949,0.0231687745377003,0.0957082663460048,0.004271532874554396,,0.016976966960148276,0.001922189793549478,0.08766635863693911,0.549696209755144,0.546405547291749,0.5748855462548915,1.0758009335897147,1.0753471642487085,0.6210335178269331,0.4547674157627817,0.4543136464217754,0.00045376934100627153,0.549696209755144,1.0758009335897143,0.045824092565661334,0.0
main,linear,2266-04-01,2266-01-01,0.0042073232422893,0.009349607205087334,0.0073689366655656,0.02915153691738,0.1019357777232551,0.006396743468940258,,0.02534250921557113,0.0028785345610231163,0.09808896278170584,0.5281417671625912,0.5257143746081213,0.5383567300102096,1.0665071855612462,1.0662015118632209,0.8743802542332246,0.1921269313280216,0.19182125762999624,0.00030567369802536604,0.528141767162591,1.0665071855612458,0.019341326858034247,0.0
main,linear,2266-07-01,2266-04-01,0.0035118674676791,0.007804149928175777,0.0079879166401745,0.0315708603498757,0.1042263045100054,0.005796373356133699,,0.02298468361612238,0.002608368010260165,0.09549871732014473,0.5237297344509912,0.5184013919883799,0.5471222253649296,1.06959390122502,1.0688858640168122,0.626050570466036,0.443543330758984,0.4428352935507762,0.000708037208207779,0.5237297344509912,1.06959390122502,0.044665175595423934,0.0
main,linear,2266-10-01,2266-07-01,0.0056694018965958,0.012598670881324001,0.0097983893533996,0.0386212605045211,0.1104874705956456,0.00688693393021822,,0.027264460902746146,0.003099120268598199,0.10007335124636585,0.5016130045734242,0.4992348123184937,0.5317789356029461,1.0558325275734783,1.0555678205514558,0.4578116302148847,0.5980208973585937,0.5977561903365711,0.0002647070220225256,0.5016130045734242,1.0558325275734783,0.06013785459056398,0.0
main,linear,2267-01-01,2266-10-01,0.0056030381596763,0.012451195910391778,0.0111962818906637,0.0440385855963567,0.1150396548098075,0.010576799511909485,,0.0416407062562788,0.0047595597803592685,0.11304520702480729,0.49057436264382936,0.486046403582373,0.4917488534884851,1.0549294241836407,1.0544224303353835,1.0311198755004407,0.023809548683199955,0.023302554834942812,0.0005069938482571423,0.4905743626438293,1.0549294241836402,0.0023941055974894265,0.0
main,linear,2267-04-01,2267-01-01,0.0054636392652746,0.012141420589499111,0.0131025367545657,0.0513890563180253,0.1209912077895858,0.01399672869592905,,0.0548223942261753,0.006298527913168073,0.12369691499241561,0.47697441628968096,0.469703296549848,0.4625894258120194,1.054071540442949,1.0532472600797875,1.0524408060307455,0.0016307344122035161,0.0008064540490420047,0.0008242803631615114,0.4769744162896809,1.0540715404429488,0.0,0.0
main,linear,2267-07-01,2267-04-01,0.0043399159239816,0.009644257608848,0.0125982640617537,0.0494487317092312,0.1194418171140939,0.016914913430809975,,0.06596224447783627,0.007611711043864489,0.13215530775383735,0.48313441405913976,0.4738637877312133,0.4415003662586012,1.0601989541919477,1.0590438263571142,1.055011316831751,0.005187637360196673,0.00403250952536327,0.0011551278348334026,0.4831344140591376,1.060198954191947,0.0,0.0
main,linear,2267-10-01,2267-07-01,0.0055047217154291,0.012232714923175778,0.0119190312636555,0.0468304980630104,0.1173270981318875,0.014063111506402493,,0.05507690538917387,0.006328400177881122,0.12389567487640994,0.485361919474717,0.4796480534837614,0.46207424772281064,1.054822979492004,1.054177582427518,1.052192572161629,0.0026304073303751174,0.0019850102658889313,0.0006453970644861862,0.485361919474717,1.054822979492004,0.0,0.0
main,linear,2268-01-01,2267-10-01,0.0032964625222268,0.007325472271615111,0.0074015719331539,0.0292792070580876,0.1020591638780056,0.013360263779759407,,0.0523795824176142,0.006012118700891733,0.12177648829040821,0.5303474665263238,0.5253163362963039,0.4676190400440861,1.0716156689048029,1.0709362883486362,1.0631451123255564,0.008470556579246447,0.007791176023079771,0.0006793805561666755,0.5303474665263238,1.0716156689048024,0.0,0.0
main,linear,2268-04-01,2268-01-01,0.003132219232052,0.006960487182337777,0.0078496965726666,0.0310310107983567,0.1037233344789917,0.0060605634935200214,,0.024022760474210925,0.0027272535720840097,0.09666325255570396,0.5261619447229359,0.5199934180490954,0.5431562567873301,1.0719146610891026,1.0710715603867091,0.7512510928716984,0.32066356821740416,0.3198204675150107,0.0008431007023934622,0.5261619447229359,1.0719146610891022,0.03229863135333866,0.0
main,linear,2268-07-01,2268-04-01,0.0050286778035863,0.011174839563525113,0.010784571995455,0.0424454497803162,0.1137178781171738,0.006913685705512762,,0.027369268107530043,0.003111158567480743,0.10017884010834877,0.49518050722440216,0.4898125177069415,0.5314326121662737,1.05828929295922,1.0576574096176496,0.33045807193970966,0.7278312210195104,0.72719933767794,0.0006318833415703828,0.4951805072244021,1.0582892929592196,0.07320985730952001,0.0
main,linear,2268-10-01,2268-07-01,0.004448643535215,0.0098858745227,0.0120199406570276,0.047219814428292,0.1176433438225664,0.009418861009180546,,0.037146488884978845,0.004238487454131246,0.1092158912403134,0.4871110614151955,0.4787751448749593,0.5030300436026854,1.0601648235747885,1.059135224808297,0.7353272986236596,0.32483752495112883,0.3238079261846374,0.0010295987664914463,0.487111061415196,1.0601648235747885,0.03268037351866715,0.0
main,linear,2269-01-01,2268-10-01,0.0079724891055828,0.017716642456850666,0.0124919121059906,0.0490391342096514,0.1191128367526787,0.011916897259652615,,0.04682226361993702,0.005362603766843677,0.11732040225134095,0.4755443471064213,0.4747555297089408,0.4796665659495186,1.0419787290486044,1.0419090961069049,0.9556586059652912,0.08632012308331327,0.08625049014161368,6.963294169959333e-05,0.4755443471064213,1.0419787290486044,0.00866840124007795,0.0
main,linear,2269-04-01,2269-01-01,0.0056812747251706,0.012625054944823555,0.0131306310046118,0.0514970690592165,0.1210770244970793,0.01953548938035965,,0.0758818215368644,0.008790970221161843,0.13923843869542168,0.47628504646037767,0.4694747384031154,0.42502373478080674,1.052956825841023,1.0521996063977663,1.0472572214230975,0.005699604417925386,0.004942384974668812,0.0007572194432565738,0.4762850464603776,1.052956825841023,0.0,0.0
main,linear,2269-07-01,2269-04-01,0.0068323915154761,0.015183092256613556,0.0131956271454863,0.051746921539916,0.1212753597185279,0.02080220729112625,,0.08064825804733733,0.009360993281006813,0.14247780471566665,0.47324340630012524,0.4689472388664022,0.41779966475417823,1.0471710499188212,1.046742824769188,1.0416446348323498,0.005526415086471337,0.005098189936838082,0.00042822514963325453,0.4732434063001252,1.047171049918821,0.0,0.0
main,linear,2269-10-01,2269-07-01,0.0057349082613732,0.012744240580829333,0.0128705914233268,0.0504969536743682,0.1202806853023111,0.022917451336979866,,0.08856641790770281,0.01031285310164094,0.14761183574723014,0.4779758409502747,0.4716032225526002,0.4066995982692817,1.0528884652896209,1.0521833292177651,1.0450016836491227,0.007886781640498164,0.007181645568642425,0.0007051360718557387,0.4779758409502747,1.0528884652896204,0.0,0.0
main,linear,2270-01-01,2269-10-01,0.0050922933251654,0.011316207389256445,0.0135939141666836,0.0532769038259143,0.1224845976689502,0.020449403673410416,,0.07932257712908497,0.009202231653034687,0.14158791111530802,0.4744353062166754,0.4657534411960839,0.41976624404409163,1.0555454940137017,1.0545290467231854,1.0491450005726526,0.006400493441049093,0.005384046150532784,0.0010164472905163091,0.4744353062166754,1.0555454940137012,0.0,0.0
main,linear,2270-04-01,2270-01-01,0.0061714139558328,0.013714253235184,0.013596030236265,0.0532850275612729,0.1224909942044904,0.022009000182151794,,0.0851720338493741,0.009904050081968308,0.14544925095796035,0.4720044454566685,0.4657366544977445,0.4113261353722205,1.0501673986176563,1.0495012210625183,1.0437181522201842,0.00644924639747213,0.005783068842334149,0.0006661775551379812,0.4720044454566632,1.0501673986176554,0.0,0.0
main,linear,2270-07-01,2270-04-01,0.0066851802534444,0.014855956118765333,0.0137287541410218,0.053794459208681,0.1228916061426409,0.02530735358595848,,0.09745106488682653,0.011388309113681317,0.15299767909989062,0.4699760773624449,0.4646870040820595,0.39545239337869525,1.047537233077144,1.0470022528485694,1.039999296773695,0.0075379363034489,0.007002956074874334,0.0005349802285745664,0.4699760773624449,1.0475372330771435,0.0,0.0
main,linear,2270-10-01,2270-07-01,0.0057393464174513,0.012754103149891779,0.0127365054360978,0.0499809483960156,0.11986828196886,0.031739506870508194,,0.12104053190311803,0.014282778091728688,0.1654060119570036,0.4789097030146291,0.4727121811086398,0.37053845422169424,1.052970543223661,1.0522850567949364,1.0409839748115923,0.011986568412068577,0.011301081983344119,0.0006854864287244578,0.4789097030146291,1.0529705432236605,0.0,0.0
main,linear,2271-01-01,2270-10-01,0.0049158410845023,0.010924091298894,0.0100075149843173,0.0394331567949671,0.1111808755146251,0.0198097825050354,,0.07691550673577219,0.00891440212726593,0.13995026556387763,0.5017644113165086,0.4971859235785403,0.42342061891922955,1.0596304800222653,1.0590863652635585,1.050319979233345,0.009310500788920262,0.008766386030213402,0.0005441147587068595,0.5017644113165086,1.059630480022265,0.0,0.0
main,linear,2271-04-01,2271-01-01,0.0045000472993754,0.010000105109723111,0.0099818141176994,0.0393334050814657,0.1110959200533057,0.010663571767508984,,0.0419768538568015,0.004798607295379043,0.11332661262954521,0.5030283081310389,0.4974361694559259,0.49093717751785654,1.0618722439708699,1.0611844135588773,1.0603850406244777,0.0014872033463921852,0.0007993729343995781,0.0006878304119926071,0.5030283081310389,1.0618722439708694,0.0,0.0
main,linear,2271-07-01,2271-04-01,0.0039578159648738,0.008795146588608443,0.0080954743619625,0.0319907951247844,0.1046146557543862,0.007591630332171917,,0.030022471009742202,0.003416233649477363,0.1027715930771199,0.5214512705842317,0.5171774911242089,0.5230271998504441,1.066965731821931,1.0664168851984193,1.0369462263862574,0.030019505435673555,0.02947065881216182,0.000548846623511734,0.5214512705842317,1.0669657318219308,0.003022188917230384,0.0
main,linear,2271-10-01,2271-07-01,0.0043210894069678,0.009602420904372888,0.0083144948011972,0.0328454886344238,0.1053977535257741,0.0069439890794456005,,0.027487979415101838,0.0031247950857505205,0.10029801240708805,0.5183526749699263,0.5147236625551964,0.5310417718169599,1.064684766866088,1.064231905651443,0.8214718111285868,0.24321295573750112,0.2427600945228563,0.00045286121464482854,0.5183526749699263,1.0646847668660877,0.02447964167881056,0.0
main,linear,2272-01-01,2271-10-01,0.0041777535279686,0.00928389672881911,0.0071835962882591,0.0284262409670719,0.1012288194375353,0.008990589529275894,,0.0354802742455812,0.004045765288174153,0.10775816149194914,0.5302042111720564,0.5280039582915895,0.5074416642878916,1.0669236823392267,1.066645960997646,1.064050537568196,0.0028731447710308444,0.002595423429450072,0.0002777213415807722,0.5302042111720564,1.0669236823392263,0.0,0.0
main,linear,2272-04-01,2272-01-01,0.0047698711152493,0.010599713589442889,0.0113940912030828,0.0448033130375427,0.1156697276684229,0.006038949359208345,,0.02393786358626082,0.0027175272116437554,0.09656952405404651,0.4910636235188614,0.4842690335915939,0.5434739474240224,1.059075586815446,1.0582581888900051,-0.0019010439504956178,1.0609766307659416,1.0601592328405007,0.0008173979254408881,0.4910636235188614,1.059075586815446,0.10672816602806479,0.0
main,linear,2272-07-01,2272-04-01,0.0058903835897659,0.013089741310590888,0.0122187123158712,0.0479863422549446,0.1182641414578099,0.01048241276293993,,0.04127496038497147,0.0047170857433229685,0.11273831128227893,0.48226581745095837,0.4770697355473735,0.49263673043179323,1.0526133507615794,1.0520464781575365,0.8386992516185143,0.21391409914306503,0.21334722653902216,0.0005668726040428673,0.4822658174509583,1.0526133507615791,0.021504552596751325,0.0
main,linear,2272-10-01,2272-07-01,0.0072521234864917,0.016115829969981555,0.0130247577903127,0.0510899747935587,0.1207533486246003,0.01625703275203705,,0.06345950083212948,0.007315664738416672,0.1302992382693352,0.47347257651679436,0.4703378313136683,0.4459877985458289,1.0452065769311496,1.0449072753301416,1.04258236427047,0.0026242126606796923,0.002324911059671697,0.0002993016010079952,0.4734725765167943,1.0452065769311494,0.0,0.0
main,linear,2273-01-01,2272-10-01,0.006055499593866,0.013456665764146667,0.0108961032888412,0.0428772232208038,0.1140773744625616,0.018731826916337013,,0.07284818710397989,0.008429322112351657,0.13712015052315904,0.49180438960462447,0.4887831466735834,0.42984907063529626,1.052841923450918,1.0525173071794576,1.0461851351401725,0.006656788310745565,0.0063321720392850445,0.0003246162714605205,0.4918043896046243,1.052841923450918,0.0,0.0
main,linear,2273-04-01,2273-01-01,0.0052761578893632,0.011724795309696001,0.0115921587667218,0.0455685790713247,0.1162975349706017,0.011992770247161388,,0.04711500058787765,0.005396746611222625,0.11755826564180809,0.48834397388064094,0.4825094165198385,0.47900970516581004,1.0562759885068145,1.0556036233287007,1.0552003221179347,0.0010756663888797924,0.0004033012107660383,0.0006723651781137541,0.4883439738806409,1.0562759885068145,0.0,0.0
main,linear,2273-07-01,2273-04-01,0.0058436447917378,0.012985877314972888,0.0110766201029931,0.0435757523104423,0.1146569603136863,0.01108584739267826,,0.043611448018555765,0.004988631326705218,0.11468651256278035,0.4909165580942445,0.4871315599746992,0.4870476104998627,1.0537865618809803,1.0533718640423766,1.0533626662397184,0.0004238956412618844,9.197802658178489e-06,0.0004146978386037059,0.4909165580942445,1.05378656188098,0.0,0.0
main,linear,2273-10-01,2273-07-01,0.0055498645211437,0.012333032269208222,0.0123920829612,0.0486545378397187,0.1188033218986121,0.01138184405863285,,0.04475597911373497,0.005121829826384783,0.11563080795335556,0.4818042107887772,0.4755972135636815,0.48437849078564704,1.0542036264565717,1.0535053308595792,1.0010633168684897,0.053140309588082024,0.0524420139910895,0.0006982955969925264,0.4818042107887772,1.0542036264565713,0.005342991957533516,0.0
main,linear,2274-01-01,2273-10-01,0.0049305519600543,0.010956782133454,0.0126603089862845,0.0496876266632667,0.1196333828466874,0.012490364722907543,,0.04903317373506644,0.005620664125308395,0.1191080444473012,0.481315479985893,0.4733458787960488,0.47476854265723767,1.0571294908051407,1.056183543132921,1.0563524054807083,0.000777085324432436,-0.00016886234778734632,0.0009459476722197824,0.481315479985893,1.0571294908051403,0.0,0.0
main,linear,2274-04-01,2274-01-01,0.0034676825581417,0.0077059612403148885,0.0124045062382798,0.0487024054400753,0.118841877323282,0.01599304936826229,,0.06245382893921381,0.007196872215718031,0.12954598584706165,0.4865953588069293,0.475492224202464,0.44783053348622803,1.0648744378934891,1.0633941327420249,1.0597061883259515,0.005168249567537586,0.003687944416073341,0.0014803051514642451,0.4865953588069293,1.0648744378934891,0.0,0.0
main,linear,2274-07-01,2274-04-01,0.004705325651128,0.010456279224728889,0.0108030784697234,0.0425171043900486,0.1137776052028124,0.01020756084471941,,0.040209321010596266,0.0045934023801237345,0.11183972835860771,0.4958277703732893,0.4896412308277422,0.49525257320000604,1.0599687541579221,1.059220512346424,1.0598991859329496,6.956822497250492e-05,-0.0006786735865256244,0.0007482418114981293,0.4958277703732893,1.059968754157922,0.0,0.0
main,linear,2274-10-01,2274-07-01,0.0038317780320819,0.008515062293515334,0.0107193465383823,0.0421928734091607,0.1135071290646957,0.009407935664057732,,0.03710401005903752,0.004233571048825979,0.10917901861158566,0.49865634653489105,0.490417735070059,0.5031408313289796,1.0646668618757555,1.0635984604539217,0.9753171767702034,0.08934968510555219,0.08828128368371835,0.0010684014218338422,0.498656346534891,1.064666861875755,0.008993124304776723,0.0
main,linear,2275-01-01,2274-10-01,0.0069239243633685,0.015386498585263333,0.0119122534867533,0.0468043445921451,0.1173058302994233,0.00959579274058342,,0.037834221346972674,0.004318106733262539,0.10981089319175663,0.48209091089247513,0.4797068576452507,0.5012480348728507,1.0476116629970667,1.0473762120951526,0.6521279451629776,0.3954837178340891,0.3952482669321751,0.00023545090191401385,0.4820909108924751,1.0476116629970662,0.039737568988819416,0.0
main,linear,2275-04-01,2275-01-01,0.0065251641184077,0.014500364707572667,0.0128993025258622,0.0506074157465024,0.1203688328354103,0.017869681119918823,,0.06958549447060436,0.008041356503963471,0.1347942533111117,0.47597741841524704,0.4713667842710589,0.43524567562322947,1.0489058985756066,1.0484321634841902,1.0447207788520143,0.004185119723592257,0.003711384632175907,0.0004737350914163496,0.475977418415247,1.0489058985756063,0.0,0.0
main,linear,2275-07-01,2275-04-01,0.0055587039915405,0.012352675536756666,0.0124471893432343,0.0488668521313468,0.1189742617805943,0.022843237966299057,,0.08828947809285326,0.010279457084834576,0.14743756280697412,0.4813872371594168,0.4751320404311388,0.40706991872503734,1.054114164276035,1.0534109990958975,1.045759934525277,0.008354229750757947,0.0076510645706204805,0.0007031651801374661,0.4813872371594138,1.0541141642760343,0.0,0.0
main,linear,2275-10-01,2275-07-01,0.005812401888807,0.012916448641793334,0.013526695831473,0.0530188208459307,0.12228125351461,0.014141300693154335,,0.05537661617508127,0.006363585311919451,0.12412941209201812,0.4732749684730219,0.4662878464080936,0.4614696811114145,1.052001551496691,1.051233834604658,1.050704433965526,0.0012971175311649041,0.0005294006391318717,0.0007677168920330324,0.4732749684730219,1.052001551496691,0.0,0.0
main,linear,2276-01-01,2275-10-01,0.0078790134278015,0.017508918728447776,0.0136792955180219,0.0536046471519553,0.122742456877561,0.02237560600042343,,0.08654297784688414,0.010069022700190545,0.14632964417043098,0.4676798770396712,0.4650773117006722,0.4094343830482416,1.0417216590315834,1.0414894845271587,1.0365255863336973,0.005196072697886134,0.004963898193461436,0.00023217450442469811,0.4676798770396712,1.0417216590315834,0.0,0.0
main,linear,2276-04-01,2276-01-01,0.0052351761927359,0.011633724872746444,0.0133356785718903,0.0522851272080813,0.1217017691268516,0.03491302207112312,,0.1325073124590438,0.015710859932005408,0.17050451272635872,0.47588014137503387,0.4678166578378481,0.360153166379112,1.055034699883782,1.0541021722199784,1.0416510791280271,0.013383620755754944,0.012451093091951249,0.000932527663803695,0.4758801413750338,1.0550346998837818,0.0,0.0
main,linear,2276-07-01,2276-04-01,0.0052935023976103,0.011763338661356221,0.0125546542734096,0.0492807916117109,0.1193070124159356,0.018554989248514175,,0.07217966571680867,0.008349745161831379,0.13664755552386834,0.4812307590891291,0.4742288321515065,0.4309370890651481,1.0553728057565523,1.0545671292013536,1.0495857658210892,0.005787039935463145,0.0049813633802644475,0.0008056765551986977,0.4812307590891291,1.055372805756552,0.0,0.0
main,linear,2276-10-01,2276-07-01,0.0053140012887113,0.011808891752691777,0.012236264302801,0.0480540061644195,0.11831882412532,0.019602878019213676,,0.076135858864819,0.008821295108646154,0.13941384975089613,0.4834822438319334,0.476920029338847,0.4246278463882481,1.0555327642958456,1.0547790284237375,1.0487727489639271,0.006760015331918501,0.00600627945981036,0.0007537358721081411,0.4834822438319334,1.0555327642958454,0.0,0.0
main,linear,2277-01-01,2276-10-01,0.004934844297727,0.010966320661615556,0.0115752709082943,0.0455033480395917,0.1162441242248314,0.013627948239445686,,0.05340755660944074,0.006132576707750559,0.12258744127497935,0.48928713010725555,0.4826586794805068,0.4654835709194328,1.058054679818409,1.0572682038308967,1.055230350458091,0.0028243293603178454,0.002037853372805598,0.0007864759875122473,0.4892871301072555,1.0580546798184087,0.0,0.0
main,linear,2277-04-01,2277-01-01,0.0058647053323925,0.013032678516427778,0.011836418838836,0.0465116840290479,0.1170676407342286,0.01298911590129137,,0.05095289829383476,0.005845102155581117,0.1206442151448181,0.48512521310778367,0.4803663109109814,0.47062946645613485,1.053049871560195,1.0525294715820313,1.0514647189495674,0.0015851526106276381,0.0010647526324638612,0.0005203999781637769,0.4851252131077836,1.0530498715601948,0.0,0.0
main,linear,2277-07-01,2277-04-01,0.0045614466556105,0.010136548123578889,0.0116056560586571,0.0456207112989889,0.1163402068134179,0.014271466061472893,,0.05587540124998802,0.006422159727662802,0.12451763128367971,0.48995193220095457,0.4823902212999638,0.4604685696196259,1.059963028584281,1.0590375845619149,1.0563546915270452,0.003608337057235733,0.0026828930348696822,0.0009254440223660509,0.4899519322009545,1.059963028584281,0.0,0.0
main,linear,2277-10-01,2277-07-01,0.004886920786409,0.010859823969797778,0.01099165438987,0.0432470160568689,0.1143845052047711,0.010935734026134014,,0.0430306113604787,0.004921080311760306,0.11420485485104655,0.4938968428194783,0.4879067196211164,0.4884190339603974,1.0588383221185096,1.0581247139968966,1.058185746409958,0.0006525757085515949,-6.103241306143481e-05,0.0007136081216130297,0.493896842819463,1.0588383221185074,0.0,0.0
main,linear,2278-01-01,2277-10-01,0.0039896018723245,0.008865781938498888,0.0082079877565484,0.0324299320327049,0.105018193430026,0.01164114847779274,,0.04575778778244288,0.0052385168150067335,0.11645235034159074,0.5202702551121621,0.5159106513668027,0.4820772299489826,1.066648691019741,1.0660902084231711,1.0617560124393344,0.004892678580406651,0.004334195983836775,0.0005584825965698759,0.5202702551121621,1.0666486910197408,0.0,0.0
main,linear,2278-04-01,2278-01-01,0.0038376087653876,0.00852801947863911,0.0091444139703649,0.0360789856827445,0.1082847462207566,0.00857628509402275,,0.03386634220454521,0.003859328292310238,0.10632127659151977,0.5119741600010994,0.5058405113853729,0.5118540982029139,1.066364093639463,1.065569026108936,1.066348530759459,1.5562880004038604e-05,-0.0007795046505230108,0.0007950675305270494,0.5119741600010994,1.066364093639463,0.0,0.0
main,linear,2278-07-01,2278-04-01,0.0033492980378083,0.007442884528462888,0.0060445938290999,0.023960034702155,0.0965940264703706,0.006944136694073677,,0.027488557658288948,0.0031248615123331547,0.10029859209436108,0.5460204449487017,0.543390873356117,0.531039871710375,1.073443582702683,1.0730898868648815,1.0714285904441676,0.0020149922585153135,0.001661296420713887,0.00035369583780142655,0.5460204449487015,1.0734435827026827,0.0,0.0
main,linear,2278-10-01,2278-07-01,0.0038797493887566,0.008621665308347999,0.0078883137839553,0.0311818617145833,0.1038643147707393,0.0049217212945222855,,0.019542021430436263,0.0022147745825350285,0.09128603863083706,0.5237135756210648,0.5195463963342751,0.5618148895330171,1.0676651064553453,1.0671266964480717,0.34506606042369414,0.7225990460316511,0.7220606360243775,0.0005384100072736153,0.5237135756210648,1.0676651064553448,0.07275218312752518,0.0
main,linear,2279-01-01,2278-10-01,0.0022129005860143,0.004917556857809555,0.0044405700568572,0.017644318112432,0.0886578864381978,0.0074827163480222225,,0.029596591853821574,0.0033672223566100002,0.10236459112186959,0.574478930833635,0.5712627291516928,0.5243330532293371,1.0837998127531046,1.083330662216405,1.07648498373495,0.007314829018154612,0.006845678481455009,0.00046915053669960294,0.574478930833635,1.083799812753104,0.0,0.0
main,linear,2279-04-01,2279-01-01,0.0011523582325834,0.002560796072407556,0.0026423214823117,0.0105274684969094,0.0752137540587169,0.004166406579315662,,0.016561761650895068,0.001874882960692048,0.08702920105467775,0.6266994725229681,0.6234677995033517,0.5772309345445811,1.0980636884186834,1.0975580078014795,1.090323028808247,0.007740659610436351,0.007234978993232444,0.0005056806172039074,0.6266994725229681,1.0980636884186834,0.0,0.0
main,linear,2279-07-01,2279-04-01,0.0010386228315738,0.0023080507368306667,0.0020930876820189,0.0083461012920174,0.0690559530483652,0.0023740194737911224,,0.009462315572224211,0.0010683087632060051,0.07238818874784271,0.6523388022112535,0.6499852828063429,0.6354034689993605,1.1028175775323572,1.1024466319623691,1.1001483372902532,0.0026692402421040207,0.0022982946721159525,0.00037094556998806816,0.6523388022112535,1.1028175775323548,0.0,0.0
main,linear,2279-10-01,2279-07-01,0.0008395071334829,0.0018655714077397778,0.0019232309256536,0.0076707592404913,0.0668183354903802,0.0017154905945062637,,0.006844325115609173,0.0007719707675278187,0.0638082048973158,0.6628757130034152,0.6601061631254911,0.6741679885113101,1.1057982308877845,1.1053561970770835,0.9372477024261329,0.16855052846165164,0.16810849465095068,0.00044203381070095915,0.6628757130034152,1.1057982308877845,0.01703528312885566,0.0
