split,model,date,feature_date,c_q_realised,pd_q_realised,pd_q_true,pd_a_true,k_irb_true,pd_q_hat,pd_q_hat_std,pd_a_hat,c_q_hat,k_irb_hat,alpha_oracle,alpha_bayes,alpha_hat,utility_oracle,utility_bayes_realised,utility,regret,regret_vs_bayes,regret_irreducible,alpha_oracle_panel,utility_oracle_panel,shortfall_realised_at_hat,shortfall_predicted_at_hat
main,dfl_linear,2205-01-01,2204-10-01,0.0022988657694169,0.005108590598704222,0.0054998868566241,0.0218187194378253,0.0941381292973028,0.005799680016934872,,0.02299768152538295,0.0026098560076206925,0.09551355751676005,0.5566781969641806,0.5518080221855334,0.5470714272921438,1.0807246525741656,1.08001842199225,1.0793315620088006,0.0013930905653649628,0.0006868599834493061,0.0007062305819156567,0.5566781969641806,1.0807246525741656,0.0,0.0
main,dfl_linear,2205-04-01,2205-01-01,0.0027625547170926,0.006139010482428,0.0053076528880667,0.0210621817749326,0.0932215006385863,0.006624075584113598,,0.026234192761830255,0.002980834012851119,0.09902194604541754,0.5580853624730058,0.5549967168173963,0.5352492264705244,1.0783409273890636,1.077907360445174,1.075135317292985,0.0032056100960786704,0.002772043152189152,0.00043356694388951844,0.5580853624730058,1.0783409273890632,0.0,0.0
main,dfl_linear,2205-07-01,2205-04-01,0.0007823303516259,0.001738511892502,0.0025493564515603,0.0101584967293957,0.0742698862379735,0.008211785927414894,,0.03244475358919041,0.0036953036673367024,0.10503176906995464,0.6319026811838989,0.6274129432203659,0.5158681179991458,1.1012160839712555,1.1004969325761786,1.0826300509623878,0.01858603300886763,0.017866881613790797,0.0007191513950768336,0.6319026811838989,1.101216083971255,0.0,0.0
main,dfl_linear,2205-10-01,2205-07-01,0.001312171880236,0.0029159375116355555,0.0028665119553532,0.0114168406244173,0.0773533346150797,0.0031028324738144875,,0.012353683877343924,0.0013962746132165193,0.07942418896144561,0.617796848544439,0.6146741820313054,0.6063518779095727,1.0956833140318814,1.0951996808095736,1.0939107366515959,0.0017725773802854672,0.001288944157977756,0.0004836332223077111,0.6177968485444387,1.0956833140318811,0.0,0.0
main,dfl_linear,2206-01-01,2205-10-01,0.0017652311443262,0.003922735876280444,0.004022020452792,0.0159912819095927,0.0861263535000501,0.003776043187826872,,0.015018836897944365,0.0016992194345220924,0.08450691634130142,0.5844822779004737,0.5805780047341031,0.5866528998554219,1.0878755594847132,1.0872885610386551,1.0510644802300975,0.036811079254615686,0.03622408080855766,0.0005869984460580291,0.5844822779004737,1.087875559484713,0.0037137427248272736,0.0
main,dfl_linear,2206-04-01,2206-01-01,0.0013420153435404,0.0029822563189786664,0.003305688688627,0.0131573336615394,0.0810713410314441,0.003896008711308241,,0.015493197859818175,0.0017532039200887084,0.08531021465390183,0.6038160277604432,0.5998584559650374,0.5836279500086323,1.093337788924453,1.0927260280835505,1.090217118963144,0.0031206699613091082,0.002508909120406466,0.000611760840902642,0.6038160277604432,1.0933377889244529,0.0,0.0
main,dfl_linear,2206-07-01,2206-04-01,0.0018437511893173,0.004097224865149555,0.0023739841110224,0.0094621751261754,0.0723877949607078,0.008055595681071281,,0.031835113777466284,0.0036250180564820766,0.10447096998528824,0.6351967049266584,0.6354051591041514,0.5176297796777916,1.0950015996260891,1.0917511136045972,1.0774179977667993,0.017583601859289866,0.01433311583779795,0.0032504860214919162,0.6351967049266584,1.0950015996260885,0.0,0.0
main,dfl_linear,2206-10-01,2206-07-01,0.0012370302491872,0.002748956109304889,0.0023770017574447,0.0094741598952711,0.0724213767831976,0.00632343627512455,,0.02505483981548151,0.0028455463238060475,0.09778298314878472,0.6375176298124254,0.6352610547839064,0.539381597163854,1.0992166758838064,1.098865485794713,1.0839437948080615,0.015272881075744982,0.014921690986651637,0.00035119008909334504,0.6375176298124254,1.099216675883806,0.0,0.0
main,dfl_linear,2207-01-01,2206-10-01,0.0005564739642237,0.001236608809386,0.0015594678296733,0.0062232948434364,0.0613159754715528,0.006223412696272135,,0.024662228244122453,0.002800535713322461,0.0973611918834016,0.6893107488619042,0.6862228329949326,0.5407990214980674,1.111968370958788,1.111466784540973,1.0878448298582621,0.024123541100525836,0.023621954682710777,0.0005015864178150586,0.6893107488619042,1.111968370958787,0.0,0.0
main,dfl_linear,2207-04-01,2207-01-01,0.0008997958996382,0.0019995464436404443,0.0014619055087695,0.0058348115215604,0.0596411341423456,0.0026792867574840784,,0.010674152447102236,0.0012056790408678352,0.07557943012194222,0.6956960671672425,0.6945459920078748,0.6219503640478943,1.1106170945977816,1.1104342303001342,1.0988913772865585,0.011725717311223072,0.011542853013575716,0.000182864297647356,0.6956960671672425,1.1106170945977811,0.0,0.0
main,dfl_linear,2207-07-01,2207-04-01,0.0007242357811311,0.0016094128469579998,0.0016602560801762,0.0066245039172496,0.0629504794984663,0.003270898712798953,,0.01301954204487743,0.001471904420759529,0.08079669351774268,0.680852379682837,0.6782733301915442,0.6009336413902697,1.1094522232363708,1.1090376213210624,1.0966046753017629,0.012847547934607961,0.012432946019299562,0.00041460191530839907,0.680852379682837,1.1094522232363706,0.0,0.0
main,dfl_linear,2207-10-01,2207-07-01,0.0007730477800139,0.0017178839555864443,0.0018823275489894,0.0075080779189218,0.0662508799480654,0.0032507881987839937,,0.012939884352409559,0.0014628546894527971,0.08063649788260145,0.6656729137410989,0.6627169477551692,0.6015621495591943,1.1066870798266752,1.1062133285704707,1.0964120782833735,0.010275001543301743,0.009801250287097218,0.0004737512562045243,0.6656729137410989,1.1066870798266746,0.0,0.0
main,dfl_linear,2208-01-01,2207-10-01,0.0005938073357647,0.0013195718572548889,0.0015180813570924,0.0060585119911237,0.0606171545607385,0.002808085409924388,,0.011185118086376344,0.0012636384344659746,0.07681325476682606,0.6924681988513232,0.6896733935158037,0.6168747622271533,1.1122227304444054,1.111769798907141,1.0999719124635758,0.01225081798082961,0.011797886443565053,0.00045293153726455593,0.6924681988513232,1.1122227304444052,0.0,0.0
main,dfl_linear,2208-04-01,2208-01-01,0.0009019021073775,0.002004226905283333,0.001323198817957,0.0052822994050093,0.0570841780941205,0.0034954920411109924,,0.013908828065679502,0.0015729714184999466,0.08251708456512356,0.7082851191480358,0.7076155569552576,0.5942470992385873,1.1126038616010328,1.1124974139481727,1.0944739855610202,0.018129876040012594,0.01802342838715254,0.00010644765286005331,0.7082851191480358,1.1126038616010323,0.0,0.0
main,dfl_linear,2208-07-01,2208-04-01,0.0007447863935197,0.0016550808744882222,0.0013988335921039,0.0055836049006653,0.0585054818268063,0.0031675866339355707,,0.012610271933821582,0.0014254139852710069,0.07996223611124476,0.7019993776115048,0.7002954414367978,0.604218769293418,1.1127074995916892,1.112433928999122,1.0970086140605046,0.015698885531184592,0.01542531493861743,0.00027357059256716276,0.7019993776115048,1.1127074995916892,0.0,0.0
main,dfl_linear,2208-10-01,2208-07-01,0.0009930258548254,0.002206724121834222,0.0021033754728754,0.0083869939645662,0.0691856941687878,0.003114251885563135,,0.012398936874444932,0.0014014133485034108,0.07951994295047274,0.6519809156868609,0.6494067777270782,0.6059713933903259,1.1030584547740947,1.1026515614523305,1.0957857414803631,0.007272713293731581,0.006865819971967335,0.00040689332176424564,0.6519809156868609,1.1030584547740945,0.0,0.0
main,dfl_linear,2209-01-01,2208-10-01,0.0014812840859671,0.0032917424132602223,0.0029877994341098,0.0118977426716886,0.078438029079621,0.003394479164853692,,0.013508938045235896,0.0015275156241841615,0.08175845831610912,0.6130481861372046,0.610292503116518,0.5971814907470251,1.09391111005049,1.0934889747970595,1.0914805360587234,0.0024305739917664937,0.0020084387383361157,0.00042213525343037794,0.6130481861372045,1.0939111100504897,0.0,0.0
main,dfl_linear,2209-04-01,2209-01-01,0.0008538508065666,0.0018974462368146667,0.0027579721919871,0.0109863341594962,0.0763404431077866,0.006816525477916002,,0.026988576555079025,0.003067436465062201,0.09979441590985616,0.6234635647318503,0.6188117598834456,0.5326963242779021,1.099418430198839,1.0986766464575248,1.0849445506172901,0.014473879581548887,0.013732095840234715,0.0007417837413141726,0.6234635647318503,1.0994184301988388,0.0,0.0
main,dfl_linear,2209-07-01,2209-04-01,0.0010796708961992,0.0023992686582204443,0.0027137670350708,0.0108109608394147,0.0759157715413142,0.005325403995811939,,0.021132059724940144,0.002396431798115373,0.09330737336413639,0.6242374717942246,0.6205600051529307,0.5546968964287544,1.0981321849552979,1.0975540750966035,1.0872001776471691,0.01093200730812871,0.01035389744943438,0.0005781098586943312,0.6242374768976681,1.098132185757576,0.0,0.0
main,dfl_linear,2209-10-01,2209-07-01,0.0015640509439358,0.0034756687643017776,0.0034178599022721,0.0136015085813179,0.0819361863842978,0.003598338458687067,,0.0143158517948333,0.0016192523064091802,0.08326571582390169,0.5998791695466508,0.5964920519791713,0.5913727450235281,1.0913972846700688,1.090881225163018,1.0901012501632332,0.001296034506835575,0.0007799749997847716,0.0005160595070508034,0.5998791695466508,1.091397284670068,0.0,0.0
main,dfl_linear,2210-01-01,2209-10-01,0.0012942517940065,0.002876115097792222,0.0033091843493397,0.0131711780226476,0.0810987655844262,0.0055845072492957115,,0.02215160434714958,0.0025130282621830704,0.09453272298472881,0.6038901970792929,0.5997512593564862,0.5504432610374408,1.093637693399793,1.0929959201380914,1.0853503460733251,0.008287347326467964,0.007645574064766292,0.0006417732617016725,0.6038901970792929,1.0936376933997929,0.0,0.0
main,dfl_linear,2210-04-01,2210-01-01,0.0014701808728417,0.0032670686063148886,0.0031050263716764,0.0123623780057218,0.0794426144983024,0.005730281583964825,,0.022724861136474983,0.002578626712784171,0.09520061303312236,0.6093370097815821,0.6062786344096368,0.548144065787783,1.0934102614743515,1.0929414180616024,1.0840294938415187,0.009380767632832798,0.008911924220083689,0.00046884341274910923,0.6093370097815821,1.093410261474351,0.0,0.0
main,dfl_linear,2210-07-01,2210-04-01,0.0023622223791649,0.005249383064810889,0.0042917421640195,0.0170567702112698,0.0877869916345573,0.007273188792169094,,0.028776895704766048,0.0032729349564760923,0.10157190812335307,0.5768702240972011,0.5744430285293515,0.5268909095621204,1.083287240115967,1.082936807017458,1.0760713378269744,0.007215902288992604,0.006865469190483697,0.0003504330985089066,0.5768702240972011,1.083287240115967,0.0,0.0
main,dfl_linear,2210-10-01,2210-07-01,0.0016740772991967,0.0037201717759926664,0.0056972626351369,0.0225950363830406,0.0950506034178732,0.008938892744481564,,0.03527899877844176,0.004022501735016704,0.10758038736306054,0.5557881139584048,0.5486592884042784,0.5079841358444188,1.0840680804976008,1.0829897798548085,1.0768372877201704,0.007230792777430439,0.006152492134638088,0.0010783006427923514,0.5557881139584048,1.0840680804976008,0.0,0.0
main,dfl_linear,2211-01-01,2210-10-01,0.0024404731958263,0.005423273768502888,0.0063083870768613,0.0249957764265924,0.097719843581084,0.009501703083515167,,0.03746854135900235,0.004275766387581825,0.10949497563807546,0.5453742685460586,0.5395934346249394,0.5021928525354247,1.0783131642749375,1.077483063878529,1.072112517268469,0.006200647006468607,0.005370546610060201,0.0008301003964084064,0.5453742685460586,1.078313164274937,0.0,0.0
main,dfl_linear,2211-04-01,2211-01-01,0.003225183799456,0.007167075109902222,0.0075822408822911,0.0299857615867795,0.1027366351278734,0.015160239301621914,,0.05927584453361756,0.006822107685729862,0.12713839347591208,0.5286479074762364,0.5231391617306257,0.4538069976422469,1.071762981787921,1.071015179677999,1.061603465835142,0.010159515952778975,0.009411713842856884,0.0007478021099220911,0.5286479074762364,1.0717629817879208,0.0,0.0
main,dfl_linear,2211-07-01,2211-04-01,0.0026264088440535,0.005836464097896667,0.0058855969277106,0.0233353605179467,0.0958967298208951,0.01149448286741972,,0.04519124994332979,0.005172517290338874,0.11598831529704419,0.5502876523012528,0.5457621230952319,0.48337468623039326,1.077995522018836,1.077354092011531,1.0685115517776351,0.009483970241200845,0.008842540233895857,0.0006414300073049883,0.5502876523012528,1.0779955220188355,0.0,0.0
main,dfl_linear,2211-10-01,2211-07-01,0.0019822041148714,0.004404898033047556,0.0054009448493614,0.0214293875016295,0.0936699630059208,0.007264080923050642,,0.028741252889223134,0.003268836415372789,0.10153714725509662,0.5591209812076343,0.5534334259626301,0.5270035166199785,1.0828494057462754,1.0820066354192164,1.0780903054001982,0.004759100346077183,0.003916330019018144,0.0008427703270590392,0.5591209812076343,1.082849405746275,0.0,0.0
main,dfl_linear,2212-01-01,2211-10-01,0.0038902392616581,0.008644976137018,0.0072232831793481,0.0285815825986308,0.1013811162582092,0.007911362685263157,,0.03127188954434834,0.0035601132083684208,0.10394828935117806,0.5305846021730319,0.5275094309402749,0.519280417388631,1.0684972026550217,1.0681002054065782,1.0670378594459353,0.0014593432090863612,0.0010623459606429186,0.00039699724844344253,0.5305846021730319,1.0684972026550217,0.0,0.0
main,dfl_linear,2212-04-01,2212-01-01,0.0036956899143841,0.008212644254186888,0.0073288109399594,0.0289945466209833,0.101783631611058,0.01376500353217125,,0.05393355880826278,0.006194251589477062,0.12300081865627661,0.5299997840305495,0.5262058341916174,0.4644015707959887,1.0694528151524578,1.068955644201071,1.0608566218795774,0.008596193272880415,0.00809902232149362,0.0004971709513867939,0.5299997840305495,1.0694528151524574,0.0,0.0
main,dfl_linear,2212-07-01,2212-04-01,0.0034799774753281,0.007733283278506889,0.0072029122742694,0.0285018495383573,0.1013030076926659,0.015135986730456352,,0.05918317637292281,0.006811194028705359,0.12706757796503146,0.5319630273038046,0.5277629721444788,0.4539848270790185,1.0708575950597934,1.070298146766522,1.0604708812255181,0.010386713834275252,0.009827265541003882,0.0005594482932713696,0.5319630273038046,1.070857595059793,0.0,0.0
main,dfl_linear,2212-10-01,2212-07-01,0.0025677439443705,0.005706097654156667,0.0061713136721794,0.0244576827042996,0.0971394556581066,0.014172512106597424,,0.05549623425390282,0.00637763044796884,0.12422260226902791,0.5467253342775911,0.5415463249275807,0.46122902480750344,1.0778113494953832,1.0770742596235443,1.0656432958134867,0.01216805368189644,0.011430963810057593,0.0007370898718388474,0.5467253342775911,1.0778113494953827,0.0,0.0
main,dfl_linear,2213-01-01,2212-10-01,0.0019157401923129,0.004257200427362,0.0035668349700704,0.0141911873617475,0.0830388574728307,0.01038419734686613,,0.04089426740915858,0.004672888806089759,0.11241806550582457,0.5946908448511224,0.5922415448581908,0.4935662242127117,1.0885153304001705,1.0881507702257525,1.0734636791348113,0.015051651265359123,0.014687091090941129,0.0003645601744179938,0.5946908448511224,1.08851533040017,0.0,0.0
main,dfl_linear,2213-04-01,2213-01-01,0.0013249037585384,0.0029442305745297774,0.0026313532117681,0.010483941558946,0.0751042174831137,0.006994929630309343,,0.027687510904770063,0.0031477183336392047,0.10049758689060818,0.6264521060481109,0.6239235292500204,0.530388209712645,1.0969440663176082,1.096552766624564,1.082078085906397,0.014865980411211233,0.014474680718167043,0.0003912996930441892,0.6264521060481109,1.0969440663176078,0.0,0.0
main,dfl_linear,2213-07-01,2213-04-01,0.0009360200331196,0.0020800445180435556,0.0025885276312612,0.0103139770058237,0.074671904548362,0.004484393633902073,,0.017817276134412086,0.002017977135255933,0.08890868726308017,0.6296914854797987,0.6257275604620568,0.5703515012469609,1.0998941311096668,1.0992652948389494,1.0904804478986194,0.009413683211047408,0.008784846940329993,0.0006288362707174144,0.6296914854797987,1.0998941311096662,0.0,0.0
main,dfl_linear,2213-10-01,2213-07-01,0.0006297819821637,0.0013995155159193333,0.0019622838995107,0.0078260624581549,0.0673493772688992,0.0036086265463382006,,0.014356560871287782,0.0016238819458521904,0.08333934111028708,0.6614668298019092,0.6576793137727698,0.591091194320237,1.106960628494639,1.1063481788952665,1.0955807348058146,0.011379893688824305,0.01076744408945185,0.0006124495993724555,0.6614668298019092,1.1069606284946385,0.0,0.0
main,dfl_linear,2214-01-01,2213-10-01,0.0011226446145642,0.0024947658101426664,0.002522863641456,0.0100533297100959,0.0739943218837975,0.005236620549112558,,0.02078252267433578,0.0023564792471006514,0.09287525386356874,0.6316442256406277,0.6285725584154488,0.5562079298089724,1.0990251100252653,1.0985435538381156,1.087198693838128,0.011826416187137312,0.011344859999987689,0.00048155618714962323,0.6316442256406277,1.099025110025265,0.0,0.0
main,dfl_linear,2214-04-01,2214-01-01,0.0012766809464952,0.0028370687699893335,0.0030792329026975,0.0122601582544193,0.0792250998661942,0.0045004598796367645,,0.017880678885309753,0.002025206945836544,0.0890000153802384,0.6108668965196976,0.6071441747693039,0.5700201940233354,1.0948268173389957,1.094248927364207,1.0884860533876495,0.0063407639513461955,0.005762873976557614,0.0005778899747885813,0.610866896519697,1.0948268173389952,0.0,0.0
main,dfl_linear,2214-07-01,2214-04-01,0.0014914396949192,0.003314310433153778,0.0031165430826889,0.0124080162736459,0.0795391097574149,0.0060862270183861256,,0.024123555533470453,0.0027388021582737568,0.09677420034810844,0.6089001090616001,0.6058952795820395,0.5427805566915775,1.0932138403933978,1.092753844260454,1.0830918888453835,0.010121951548014207,0.009661955415070533,0.00045999613294367414,0.6089001090616001,1.0932138403933975,0.0,0.0
main,dfl_linear,2214-10-01,2214-07-01,0.003406433591203,0.0075698524248955555,0.0047141878095398,0.0187238284083199,0.0901849094046014,0.005896348971873522,,0.023377613083402027,0.002653357037343085,0.09594435908623397,0.565638550460015,0.5657463313765272,0.5455996852757876,1.075759174889619,1.0738682386976808,1.0730752561736001,0.002683918716018807,0.0007929825240806654,0.0018909361919381418,0.565638550460015,1.0757591748896185,0.0,0.0
main,dfl_linear,2215-01-01,2214-10-01,0.0025079365029399,0.005573192228755333,0.0048495738259343,0.0192576407690789,0.090908420386992,0.008447651751339436,,0.033364836385043395,0.003801443288102746,0.10586911335522237,0.5661989683237268,0.5631587967236034,0.5132557726375291,1.0809215160725263,1.0804870128170163,1.073354840927682,0.007566675144844215,0.007132171889334238,0.00043450325550997704,0.5661989683237268,1.0809215160725256,0.0,0.0
main,dfl_linear,2215-04-01,2215-01-01,0.0016398591353162,0.003644131411813778,0.0046918734961188,0.0186358245800004,0.0900637153853293,0.010584431700408459,,0.04167027618811059,0.004762994265183807,0.11306998637972121,0.5717435969993709,0.5661813981670355,0.4916772867500317,1.0866771346899147,1.0858338975117587,1.0745389692709602,0.012138165418954516,0.011294928240798585,0.0008432371781559311,0.5717435969993709,1.086677134689915,0.0,0.0
main,dfl_linear,2215-07-01,2215-04-01,0.001060021079667,0.0023556023992599997,0.0033012979941949,0.0131399443650108,0.0810368505060599,0.004881642293184996,,0.019384051342547504,0.002196739031933248,0.09107692751113136,0.6049721230521058,0.5999933183611648,0.5625585411828475,1.0952224846422924,1.0944388218334538,1.088546595796713,0.0066758888455793475,0.0058922260367406665,0.000783662808838681,0.6049721230521058,1.0952224846422924,0.0,0.0
main,dfl_linear,2215-10-01,2215-07-01,0.0014748436129196,0.0032774302509324445,0.0027535545915442,0.0109688094418539,0.0762983284259098,0.008771306835114956,,0.03462630579062598,0.00394708807580173,0.10700119087481799,0.6212215267661558,0.6189847758036356,0.5097582741351333,1.095203170487122,1.094860384904126,1.0781212527072912,0.017081917779830702,0.01673913219683487,0.0003427855829958304,0.6212215267661558,1.095203170487122,0.0,0.0
main,dfl_linear,2216-01-01,2215-10-01,0.0016142984787676,0.0035873299528168885,0.0039100812163286,0.0155488313416434,0.0854027263469514,0.005347375757992268,,0.021218547269938437,0.0024063190910965206,0.09341330811419898,0.5874852917418903,0.5832810552447328,0.554327340818243,1.0892137628850649,1.0885753200793595,1.084178495427243,0.00503526745782179,0.004396824652116438,0.0006384428057053526,0.5874852917418903,1.0892137628850649,0.0,0.0
main,dfl_linear,2216-04-01,2216-01-01,0.0007359526310381,0.0016354502911957779,0.0019630196290292,0.0078289880824451,0.0673592832692465,0.008635246194899082,,0.03409614999229138,0.003885860787704587,0.10652753138942547,0.6609593354056433,0.6576341930277829,0.5112168178366032,1.1061768207291383,1.1056426682824734,1.0821221117753717,0.0240547089537666,0.02352055650710172,0.0005341524466648817,0.6609593354056433,1.1061768207291385,0.0,0.0
main,dfl_linear,2216-07-01,2216-04-01,0.0007963858397358,0.001769746310524,0.0019483098135348,0.0077704933553971,0.0671605411973913,0.0037899287417531013,,0.015073751148968695,0.0017054679337888956,0.08460126921216535,0.6615641182832721,0.6585404855508761,0.586296401944151,1.1058741689128087,1.1053902783966925,1.0938286140026536,0.01204555491015502,0.011561664394038829,0.00048389051611619216,0.6615641182832721,1.1058741689128084,0.0,0.0
main,dfl_linear,2216-10-01,2216-07-01,0.0012605057175055,0.002801123816678889,0.002297683799952,0.0091591075879846,0.071523875725427,0.004424215294420719,,0.017579765101440437,0.0019908968824893236,0.08856364715264432,0.6410898208971675,0.6391314889513234,0.5716056559167335,1.0996221160639696,1.0993178011832123,1.088824628219596,0.010797487844373732,0.010493172963616404,0.00030431488075732815,0.6410898208971675,1.0996221160639692,0.0,0.0
main,dfl_linear,2217-01-01,2216-10-01,0.0013885055286124,0.0030855678413608885,0.0024492361516461,0.0097610107937374,0.0732124244297813,0.00705609330907464,,0.0279270452885646,0.003175241989083588,0.10073598776917382,0.6337098103665767,0.6318824801270589,0.5296090910123196,1.0976641523892858,1.0973825334904486,1.0816206757813298,0.01604347660795602,0.015761857709118754,0.0002816188988372659,0.6337098103665765,1.0976641523892856,0.0,0.0
main,dfl_linear,2217-04-01,2217-01-01,0.0010922604486049,0.002427245441344222,0.0025637091935794,0.0102154685031327,0.0744179333522983,0.005870467983186245,,0.023275905620569137,0.00264171059243381,0.09582959168855965,0.6300792436780029,0.6267914044589609,0.5459912141762207,1.0989712065643407,1.0984547613429445,1.0857628778963004,0.013208328668040226,0.01269188344664407,0.0005164452213961557,0.6300792436780029,1.0989712065643402,0.0,0.0
main,dfl_linear,2217-07-01,2217-04-01,0.0014200591837085,0.003155687074907778,0.0033268972083222,0.0132413265322285,0.0812372520532442,0.00668138824403286,,0.026458898344155934,0.003006624709814787,0.09925358069641299,0.6029278894267663,0.5992103884287063,0.5344818058744538,1.0927299525587522,1.0921582031054051,1.082202985417337,0.010526967141415211,0.009955217688068174,0.0005717494533470369,0.6029278894267663,1.092729952558752,0.0,0.0
main,dfl_linear,2217-10-01,2217-07-01,0.0013445942497337,0.0029879872216304446,0.0047624974584588,0.0189143331072364,0.0904453746213189,0.008665980771183968,,0.03421592534216378,0.0038996913470327856,0.10663480318008353,0.5714613265228305,0.5648128980566406,0.510885889623361,1.0883216667199576,1.0872941251244912,1.0789594871621482,0.00936217955780938,0.008334637962343017,0.0010275415954663636,0.5714613265228305,1.0883216667199571,0.0,0.0
main,dfl_linear,2218-01-01,2217-10-01,0.0023561924043919,0.005235983120870889,0.0048261541464726,0.019165315098882,0.0907846789197576,0.010703842155635357,,0.04213282752694392,0.004816728970035911,0.11345697698314999,0.5670835010615187,0.563600167789945,0.49056195231569,1.081908449799764,1.0814053238441037,1.070855824529737,0.011052625270026928,0.010549499314366662,0.0005031259556602663,0.5670835010615187,1.0819084497997635,0.0,0.0
main,dfl_linear,2218-04-01,2218-01-01,0.0017734972849568,0.003941105077681778,0.0050374685162382,0.0199981282116934,0.0918809678213076,0.010092939250171185,,0.0397646546543029,0.004541822662577033,0.11146273771275457,0.5654366544010326,0.5597066818734511,0.4963572212866973,1.0849653542254205,1.084104339747992,1.0745851313329586,0.010380222892461877,0.009519208415033287,0.0008610144774285899,0.5654366544010321,1.08496535422542,0.0,0.0
main,dfl_linear,2218-07-01,2218-04-01,0.0017283064347522,0.0038406809661159997,0.0034251565432156,0.0136303965827563,0.0819913846052996,0.008126341737806797,,0.032111284580943256,0.0036568537820130587,0.10472563400657063,0.5990904906786761,0.5962781798364869,0.5168285917709119,1.0902930829336295,1.0898692200613924,1.0778948216092974,0.012398261324332083,0.011974398452095025,0.00042386287223705743,0.5990904906786761,1.0902930829336293,0.0,0.0
main,dfl_linear,2218-10-01,2218-07-01,0.0020624239832335,0.004583164407185556,0.0036050644388124,0.0143424660614233,0.0833138748018125,0.009088566526770592,,0.035861649971513976,0.004089854937046766,0.10809396967443724,0.5932031972437086,0.5911885568734095,0.5064196098513436,1.087423772127681,1.087126862971643,1.0746339749656542,0.012789797162026773,0.012492888005988911,0.00029690915603786117,0.5932031972437086,1.0874237721276805,0.0,0.0
main,dfl_linear,2219-01-01,2218-10-01,0.0020407936884396,0.004535097085421333,0.0049410055083377,0.0196180227343819,0.091386073850885,0.005649647209793329,,0.022407798052176187,0.002542341244406998,0.09483298240209206,0.5661652747009999,0.5614596297021993,0.5494079462178518,1.0835615009575332,1.0828669851038704,1.0810882522743996,0.0024732486831335887,0.0017787328294707194,0.0006945158536628693,0.5661652747009999,1.083561500957533,0.0,0.0
main,dfl_linear,2219-04-01,2219-01-01,0.0022496124892156,0.004999138864923556,0.0048303202146792,0.0191817391580739,0.0908067333577355,0.01029681134968996,,0.04055545506362557,0.0046335651073604826,0.1121323392111251,0.5673554537739245,0.5635214629650326,0.49439810916692956,1.0825524170876752,1.0819945565678537,1.0719368407297791,0.010615576357896117,0.010057715838074577,0.0005578605198215403,0.5673554537739245,1.082552417087675,0.0,0.0
main,dfl_linear,2219-07-01,2219-04-01,0.0011682301961171,0.002596067102482444,0.003006532552048,0.0119720034056183,0.0786013654342841,0.009151837788522243,,0.036107873419796155,0.00411832700483501,0.1083100721128279,0.6136113843579799,0.6096370221496251,0.505763717949437,1.0959183190932584,1.0952970559416757,1.0790598201414157,0.01685849895184277,0.01623723580026004,0.0006212631515827294,0.6136113843579797,1.0959183190932582,0.0,0.0
main,dfl_linear,2219-10-01,2219-07-01,0.0013899933244701,0.003088874054378,0.0038895920207119,0.0154678296788385,0.0852679146002345,0.00465211970731616,,0.018479027783003033,0.002093453868292272,0.08984639065856924,0.5887273704607506,0.5837866653703393,0.5669627321630248,1.0907229270886734,1.0899615641044225,1.0873689948740888,0.0033539322145845762,0.0025925692303336856,0.0007613629842508907,0.5887273704607506,1.0907229270886731,0.0,0.0
main,dfl_linear,2220-01-01,2219-10-01,0.0023498129191829,0.005221806487073111,0.0063765707719141,0.0252633546076848,0.0980050224248455,0.003991349134594202,,0.015870065419722357,0.0017961071105673909,0.0859302056175094,0.5447963138771329,0.5386376024979725,0.5813088944286571,1.0787240865646412,1.0778341412485848,0.41379438267523705,0.6649297038894042,0.6640397585733477,0.0008899453160564619,0.5447963138771318,1.0787240865646408,0.06702058400871336,0.0
main,dfl_linear,2220-04-01,2220-01-01,0.0026894186851146,0.005976485966921333,0.0079338626693454,0.0313597672793151,0.1040301427386127,0.010407808236777782,,0.04098579597766938,0.004683513706550002,0.11249513740424162,0.5265387001146975,0.5190213698060661,0.49334224863215353,1.0742976714340249,1.0732369324281166,1.0696134591539241,0.004684212280100741,0.0036234732741924347,0.0010607390059083066,0.5265387001146975,1.0742976714340249,0.0,0.0
main,dfl_linear,2220-07-01,2220-04-01,0.0034227390116486,0.007606086692552445,0.007781134596944,0.0307631428562886,0.1034721371605789,0.010963309556245804,,0.04313732974276652,0.0049334893003106116,0.11429347762813663,0.526053104496278,0.5207914379016392,0.48816618950408897,1.070371496725792,1.06966762985309,1.0653032652268521,0.005068231498939868,0.004364364626237904,0.0007038668727019637,0.526053104496278,1.0703714967257918,0.0,0.0
main,dfl_linear,2220-10-01,2220-07-01,0.0017986448520301,0.003996988560066889,0.0040169236360649,0.0159711394940167,0.0860938674499437,0.014877228997647762,,0.05819404657085259,0.0066947530489414936,0.12630957446069,0.5844791128641125,0.5806989660018055,0.4558957722871098,1.0876797874864494,1.0871127142305193,1.0683905439053696,0.019289243581079862,0.018722170325149667,0.000567073255930195,0.5844791128641125,1.0876797874864488,0.0,0.0
main,dfl_linear,2221-01-01,2220-10-01,0.0025703697834983,0.0057119328522184445,0.0060439638402872,0.02395756016521,0.0965912926098891,0.007107110228389502,,0.028126808216832555,0.003198199602775276,0.10093384168525144,0.548360868522031,0.5434001411053695,0.5289637983639259,1.0780297238426821,1.077323830675242,1.0752695924863482,0.002760131356333906,0.00205423818889372,0.0007058931674401858,0.548360868522031,1.0780297238426817,0.0,0.0
main,dfl_linear,2221-04-01,2221-01-01,0.0025531085209791,0.005673574491064666,0.0086078337128668,0.0339893117369691,0.1064317150285177,0.011044814251363277,,0.04345270392906819,0.004970166413113475,0.11455504119075167,0.5203324428033231,0.5115127063845751,0.48742127672364005,1.074131198456328,1.0728746601800132,1.0694423803404751,0.004688818115852866,0.0034322798395380882,0.001256538276314778,0.5203324428033231,1.0741311984563278,0.0,0.0
main,dfl_linear,2221-07-01,2221-04-01,0.0030920165907241,0.006871147979386889,0.0075690572326151,0.0299342164280513,0.1026875102172694,0.008687353692948818,,0.03429921093323951,0.003909309161826968,0.10670930383324893,0.5291578469975609,0.5232965603757084,0.5106562670674644,1.0725368698753073,1.071733405677613,1.0700006763680356,0.0025361935072716335,0.0017327293095774632,0.0008034641976941703,0.5291578469975609,1.072536869875307,0.0,0.0
main,dfl_linear,2221-10-01,2221-07-01,0.0029636606816684,0.006585912625929778,0.0077669870576095,0.0307078622712601,0.1034201579799018,0.010704968124628067,,0.04213718831167146,0.0048172356560826305,0.11346061988892091,0.5274711703454005,0.5209568042937084,0.49055147412200456,1.0729827009353645,1.072081351144014,1.067874366490598,0.005108334444766438,0.004206984653415846,0.0009013497913505919,0.5274711703453998,1.072982700935364,0.0,0.0
main,dfl_linear,2222-01-01,2221-10-01,0.0039036859692705,0.008674857709489999,0.0071999854142475,0.0284903932127603,0.101291774120981,0.016609767451882362,,0.06480201694774401,0.007474395353347063,0.13129817916712766,0.5307983455407945,0.5277994523474066,0.4435633620287758,1.0684534215108576,1.0680666748271916,1.0572033240924925,0.011250097418365135,0.010863350734699129,0.00038674668366600606,0.5307983455407945,1.068453421510857,0.0,0.0
main,dfl_linear,2222-04-01,2222-01-01,0.002622336461358,0.005827414358573333,0.0070099127810529,0.0277461932833682,0.1005561099217841,0.017238399013876915,,0.06719102376277675,0.007757279556244612,0.13305674306573034,0.5365427202589474,0.5301967896881631,0.4393475950827355,1.0760692216193908,1.075169516934669,1.0622892237959456,0.01377999782344519,0.012880293138723298,0.0008997046847218915,0.5365427202589474,1.0760692216193906,0.0,0.0
main,dfl_linear,2222-07-01,2222-04-01,0.0024590996070171,0.0054646657933713335,0.0054127799512054,0.0214759641641896,0.0937263602881001,0.00981659535318613,,0.03869196278667586,0.0044174679089337586,0.11054803311868537,0.557458777741304,0.5532372661430203,0.49905528166233565,1.0799446080478203,1.079339205274432,1.0715690208491158,0.00837558719870457,0.0077701844253161845,0.000605402773388386,0.557458777741304,1.07994460804782,0.0,0.0
main,dfl_linear,2222-10-01,2222-07-01,0.0017399275601137,0.0038665056891415556,0.0046064011514791,0.0182986815379067,0.0895941759571318,0.00859066192060709,,0.0339223813479248,0.0038657978642731906,0.10637162581372718,0.5729539269878885,0.5678714119761732,0.5116984105925542,1.0862872760999038,1.0855218460090164,1.0770621513089855,0.009225124790918304,0.008459694700030829,0.0007654300908874756,0.5729539269878885,1.0862872760998945,0.0,0.0
main,dfl_linear,2223-01-01,2222-10-01,0.0019648400117489,0.0043663111372197775,0.0053489957480965,0.0212249238173091,0.093421103272171,0.008404509164392948,,0.033196591658442576,0.0037820291239768268,0.10571676944949406,0.5599544835690401,0.5543001652571454,0.5137294462183024,1.0830701434988523,1.0822313163310378,1.0762125852532416,0.00685755824561074,0.006018731077796158,0.000838827167814582,0.5599544835690401,1.0830701434988523,0.0,0.0
main,dfl_linear,2223-04-01,2223-01-01,0.0030540300724393,0.006786733494309555,0.0082027540530607,0.0324095083355548,0.1049994818964219,0.005731433629989624,,0.022729390547202133,0.002579145133495331,0.09520583381464405,0.5228662115777005,0.5159692815643947,0.5481261470708529,1.0718730322048466,1.0709249822792926,0.592240192415342,0.47963283978950466,0.4786847898639506,0.0009480499255540842,0.5228662115777005,1.0718730322048464,0.048310506292611466,0.0
main,dfl_linear,2223-07-01,2223-04-01,0.0033692757634324,0.007487279474294221,0.0075143608273319,0.0297203436212328,0.1024831863100407,0.010451450943946838,,0.041154961449099026,0.004703152924776077,0.1126374559840565,0.5289537000157983,0.5239520180785733,0.49292912917709913,1.071042312788243,1.0703705506800636,1.0662039520214903,0.004838360766752592,0.004166598658573273,0.000671762108179319,0.5289537000157983,1.0710423127882425,0.0,0.0
main,dfl_linear,2223-10-01,2223-07-01,0.0018487178356823,0.0041082618570717775,0.0048525344866857,0.0192693118988938,0.0909240223917495,0.011320818215608597,,0.044520094432926816,0.005094368197023869,0.11543669945867319,0.5682698322111179,0.5631031851063071,0.4849250463611911,1.0849636260685789,1.0841911460815037,1.07250251196691,0.012461114101668835,0.011688634114593643,0.0007724799870751919,0.5682698322111179,1.0849636260685784,0.0,0.0
main,dfl_linear,2224-01-01,2223-10-01,0.0027158614228351,0.0060352476063002215,0.0049315203468576,0.0195806411745722,0.0913369170280692,0.0104002570733428,,0.04095652430014807,0.00468011568300426,0.11247049440474455,0.5641660495175733,0.5616341613353719,0.4934138434141409,1.0794579282193717,1.0791013335791713,1.069493089465363,0.009964838754008776,0.00960824411380834,0.0003565946402004361,0.5641660495175733,1.0794579282193713,0.0,0.0
main,dfl_linear,2224-04-01,2224-01-01,0.0033703425534298,0.007489650118732889,0.0081500640943247,0.0322038761213501,0.1048107836650402,0.007390729617327452,,0.0292367929918661,0.0033258283277973534,0.10201820697286101,0.5225175596440618,0.5165611523143698,0.5254484100127128,1.0701723183583756,1.0693723932578751,1.0144750737294221,0.055697244628953424,0.054897319528453004,0.0007999251005004204,0.5225175596440618,1.0701723183583751,0.005609084779373497,0.0
main,dfl_linear,2224-07-01,2224-04-01,0.0024272296743343,0.005393843720742889,0.0068307973385161,0.0270445033175885,0.0998511103074347,0.014179157093167305,,0.05552169976976051,0.006380620691925287,0.12424243438867033,0.5391465045433516,0.5325096712692349,0.4611778379187454,1.0774902888168707,1.0765363920134845,1.0662840314369322,0.011206257379938522,0.010252360576552322,0.0009538968033862005,0.5391465045433516,1.0774902888168705,0.0,0.0
main,dfl_linear,2224-10-01,2224-07-01,0.0033101594917801,0.0073559099817335554,0.007127957012553,0.0282084274641811,0.1010144339766307,0.010160848498344421,,0.04002812242056819,0.00457238182425499,0.11168625629788621,0.5332633875590693,0.5287012899158701,0.4957017558878753,1.071936380470449,1.0713209607745522,1.06686937626572,0.005067004204728942,0.004451584508832207,0.0006154196958967351,0.5332633875590693,1.071936380470449,0.0,0.0
main,dfl_linear,2225-01-01,2224-10-01,0.0036664656519659,0.00814770144881311,0.007946198124193,0.0314079430795003,0.1040749678299165,0.010795815847814083,,0.04248898496231279,0.004858117131516337,0.11375416970657827,0.5237207946140955,0.5188795920154698,0.4897084255892318,1.0687830504484392,1.068147229442291,1.0643160242799787,0.004467026168460508,0.003831205162312168,0.0006358210061483405,0.5237207946140955,1.068783050448439,0.0,0.0
main,dfl_linear,2225-04-01,2225-01-01,0.0032794769401013,0.007287726533558444,0.007644572112068,0.0302294351158004,0.1029682544036295,0.009897185489535332,,0.039004884566153586,0.0044537334702909,0.11081566272943016,0.5278500664367518,0.5223980409014807,0.49826325053456244,1.0713680899542717,1.0706309475845432,1.0673677976875264,0.004000292266745253,0.003263149897016815,0.0007371423697284385,0.5278500780285357,1.0713680915215409,0.0,0.0
main,dfl_linear,2225-07-01,2225-04-01,0.0047683569774102,0.010596348838689333,0.0088706568069713,0.0350132817994393,0.1073450999898978,0.00994501169770956,,0.039190551839196175,0.004475255263969302,0.11097414201975103,0.5119974860858989,0.5087036001512101,0.4977952630407643,1.0616017098104893,1.061205401213256,1.0598929490324267,0.0017087607780625902,0.0013124521808292045,0.00039630859723338574,0.5119974860858989,1.061601709810489,0.0,0.0
main,dfl_linear,2225-10-01,2225-07-01,0.004168473027292,0.009263273393982223,0.0099010595581169,0.0390199251824552,0.110828509530593,0.02066800557076931,,0.08014415580088374,0.00930060250684619,0.14214042769493626,0.5045485440034316,0.4982252845066648,0.41854367418359023,1.063732185426199,1.0629334611973105,1.0528684570970632,0.010863728329135736,0.010065004100247243,0.0007987242288884921,0.5045485440034316,1.063732185426199,0.0,0.0
main,dfl_linear,2226-01-01,2225-10-01,0.0068103071658352,0.015134015924078223,0.0120556080958762,0.0473573936778567,0.1177549476616414,0.01713021844625473,,0.06678022843691411,0.007708598300814629,0.13275611367761347,0.48131243049400807,0.4784677636748081,0.4400636453378479,1.0480816333790044,1.0477974599016109,1.0439610064440794,0.004120626934924987,0.0038364534575314746,0.0002841734773935123,0.481312430494008,1.0480816333790042,0.0,0.0
main,dfl_linear,2226-04-01,2226-01-01,0.0045461071838418,0.010102460408537333,0.0095219727437784,0.0375473283163975,0.1095631275485423,0.026592453941702843,,0.10220158438437332,0.01196660427376628,0.1557146702832929,0.5068186469182641,0.5019887730703068,0.38990653244662093,1.0621050137656673,1.061513166201183,1.047778728569208,0.014326285196459398,0.013734437631975016,0.0005918475644843824,0.5068186469182641,1.0621050137656671,0.0,0.0
main,dfl_linear,2226-07-01,2226-04-01,0.0040511307315753,0.009002512736834,0.0098182867173384,0.0386985309346771,0.1105536575287162,0.016602836549282074,,0.06477565168828459,0.007471276447176933,0.1312786347125367,0.5055489338206912,0.4990386155701731,0.443610587467486,1.0644517726607148,1.0636217806979975,1.0565553338571205,0.007896438803594252,0.007066446840876983,0.0008299919627172692,0.5055489338206911,1.0644517726607146,0.0,0.0
main,dfl_linear,2226-10-01,2226-07-01,0.0052190129581624,0.011597806573694223,0.0093840358687843,0.0370110803830747,0.109098302916141,0.01641971245408058,,0.064078842860806,0.007388870604336262,0.13076102418537439,0.5062847190282589,0.5033834959651379,0.4448643221527803,1.0586327677054665,1.0582967774384713,1.051519679502272,0.007113088203194451,0.0067770979361991834,0.00033599026699526746,0.5062847190282589,1.058632767705466,0.0,0.0
main,dfl_linear,2227-01-01,2226-10-01,0.0037557556437601,0.008346123652800222,0.0098720001202534,0.0389071010228528,0.1107321043930237,0.020421331748366356,,0.07921703363300259,0.00918959928676486,0.14151669373329342,0.505847956161992,0.4985103031325634,0.41992420320729734,1.0659840434728156,1.0650269020816436,1.0547759391773532,0.011208104295462373,0.010250962904290395,0.0009571413911719784,0.505847956161992,1.0659840434728154,0.0,0.0
main,dfl_linear,2227-04-01,2227-01-01,0.0043016983403425,0.009559329645205556,0.0099931440144844,0.0393773803000249,0.1111333804423099,0.014823694713413715,,0.05798930856624751,0.006670662621036172,0.12615219308159656,0.5034357481806792,0.4973257974376335,0.4562942574714776,1.062920918470175,1.0621572783950524,1.0570290327544796,0.005891885715695322,0.005128245640572793,0.0007636400751225292,0.5034357481806792,1.062920918470175,0.0,0.0
main,dfl_linear,2227-07-01,2227-04-01,0.0055558701653646,0.012346378145254666,0.0093273805349622,0.0367907603344379,0.1089066598218358,0.02038191631436348,,0.07906882603326704,0.009171862341463567,0.1414165964016416,0.5059127713980921,0.5039604525377458,0.4201463638216722,1.0568854888660038,1.05666596759856,1.0472418026436083,0.00964368622239542,0.009424164954951575,0.00021952126744384515,0.5059127713980921,1.0568854888660033,0.0,0.0
main,dfl_linear,2227-10-01,2227-07-01,0.0031068656530822,0.006904145895738223,0.0069821461258168,0.0276374414682112,0.100447591981313,0.023814145475625992,,0.0919076004322652,0.010716365464031697,0.14968393331344235,0.53546244570145,0.5305518217441461,0.4023285344271455,1.0733215920671912,1.0726491737314456,1.0550913867350944,0.01823020533209685,0.017557786996351243,0.0006724183357456059,0.53546244570145,1.0733215920671912,0.0,0.0
main,dfl_linear,2228-01-01,2227-10-01,0.0035162956532459,0.007813990340546445,0.0071343054503192,0.0282332818215711,0.1010389475002575,0.012550096027553082,,0.04926323664760712,0.005647543212398887,0.11929291461247714,0.5326082872788276,0.5286214822488349,0.4742670406515244,1.0707501102084303,1.0702205148153645,1.0630002314942486,0.007749878714181646,0.007220283321115906,0.0005295953930657404,0.5326082864661451,1.0707501101004755,0.0,0.0
main,dfl_linear,2228-04-01,2228-01-01,0.0026103459522897,0.005800768782866,0.0064615818732738,0.0255968926449395,0.098357457573383,0.01564529351890087,,0.061127781224927125,0.007040382083505392,0.12854638333681281,0.5429830605347814,0.537459745090278,0.45029567876369697,1.0770474178275549,1.0762636784740158,1.0638953990083575,0.013152018819197364,0.012368279465658327,0.0007837393535390369,0.5429830605347814,1.0770474178275546,0.0,0.0
main,dfl_linear,2228-07-01,2228-04-01,0.0023198359881775,0.0051551910848388885,0.0060570688058284,0.0240090342711478,0.0966481159002301,0.012284332886338234,,0.04823929482719247,0.005527949798852206,0.11846846896679339,0.5489439764298821,0.543207547690248,0.4765107644257602,1.0794879881200672,1.0786573438301463,1.0689995402228392,0.010488447897228026,0.00965780360730717,0.0008306442899208566,0.5489439764298821,1.0794879881200667,0.0,0.0
main,dfl_linear,2228-10-01,2228-07-01,0.0023530706639981,0.005229045919995778,0.0057824911748807,0.0229301137577033,0.0954363378499732,0.007095071021467447,,0.028079670019384606,0.003192781959660351,0.10088723172577785,0.5525185113385763,0.5473358248643501,0.5291157079603988,1.0798219589014137,1.0790732198487754,1.076440972434725,0.003380986466688718,0.002632247414050326,0.0007487390526383919,0.5525185113385763,1.0798219589014133,0.0,0.0
main,dfl_linear,2229-01-01,2228-10-01,0.0020965997434199,0.004659110540933111,0.0040944064932909,0.0162773152621492,0.0865831331331032,0.011098913848400116,,0.04366199380541236,0.004994511231780053,0.11472834839231516,0.5818021558616713,0.5788811184815049,0.4869288100014906,1.0855446996777536,1.0851152078601034,1.0715950918991215,0.013949607778632078,0.013520115960981904,0.00042949181765017386,0.5818021558616713,1.0855446996777536,0.0,0.0
main,dfl_linear,2229-04-01,2229-01-01,0.0014819269313066,0.003293170958459111,0.0029568927259206,0.0117752149506734,0.0781661438370814,0.009693213738501072,,0.03821273880547038,0.004361946182325482,0.11013684543113231,0.6140692822508484,0.6113860912310063,0.5002763963114936,1.094063581347586,1.0936525681865938,1.0766327039324208,0.017430877415165247,0.01701986425417301,0.00041101316099223517,0.6140692822508483,1.094063581347586,0.0,0.0
main,dfl_linear,2229-07-01,2229-04-01,0.0012094261188359,0.0026876135974131113,0.0024175911550842,0.0096353526250515,0.0728688709802373,0.006944373715668917,,0.02748948613024893,0.0031249681720510124,0.10029952286888325,0.6358156193948977,0.6333460707322072,0.5310368203315416,1.0991273038897427,1.098742287080954,1.0827916878099737,0.016335616079768966,0.015950599270980304,0.00038501680878866296,0.6358156193948977,1.099127303889742,0.0,0.0
main,dfl_linear,2229-10-01,2229-07-01,0.0008695645608406,0.0019323656907568887,0.0018974202844617,0.0075681072268688,0.0664616276472486,0.005634580738842487,,0.022348546504736166,0.0025355613324791193,0.09476379838757208,0.6643141396702443,0.6617451947359259,0.5496462534195279,1.1058281351333754,1.1054188910191465,1.0875610415447563,0.01826709358861911,0.017857849474390175,0.0004092441142289349,0.6643141396702443,1.1058281351333754,0.0,0.0
main,dfl_linear,2230-01-01,2229-10-01,0.0004809258462376,0.0010687241027502222,0.0014010733631789,0.0055925264107132,0.0585465612671566,0.003391380188986659,,0.013496667889434266,0.0015261210850439967,0.08173480296374308,0.7030989620038383,0.7000859432133993,0.5972733453567605,1.11473924098374,1.1142475442130615,1.0974694801294271,0.017269760854312866,0.01677806408363436,0.0004916967706785069,0.703098962003838,1.11473924098374,0.0,0.0
main,dfl_linear,2230-04-01,2230-01-01,0.0005122382749056,0.001138307277568,0.0016158528628442,0.0064477624375547,0.0622417799088564,0.0028611882589757442,,0.011395728270672367,0.001287534716539085,0.07730461003061698,0.6851472708232274,0.6816995514067736,0.6148721896293106,1.1115951549376746,1.1110335986141724,1.1001489171606926,0.011446237776981949,0.010884681453479761,0.0005615563235021881,0.6851472708232274,1.1115951549376744,0.0,0.0
main,dfl_linear,2230-07-01,2230-04-01,0.0008105319221649,0.0018011820492553332,0.0015845981260686,0.006323342706037,0.061732260499752,0.0034968340769410133,,0.013914140101903949,0.0015735753346234561,0.08252700459099135,0.6861402722161936,0.6841822290648688,0.5942088741324376,1.1097101797951792,1.1093970991105475,1.0950108382450694,0.014699341550109768,0.014386260865478118,0.0003130806846316503,0.6861402722161936,1.109710179795179,0.0,0.0
main,dfl_linear,2230-10-01,2230-07-01,0.0008354505520072,0.0018565567822382222,0.00185689049849,0.0074068993386793,0.0658920071730015,0.003924275282770395,,0.015604943009314365,0.0017659238772466778,0.08549568202161802,0.6669892257559797,0.6643775294192183,0.5829328002671246,1.1064818247585977,1.1060648792054837,1.0930625951472142,0.013419229611383532,0.013002284058269531,0.00041694555311400094,0.6669892257559795,1.1064818247585977,0.0,0.0
main,dfl_linear,2231-01-01,2230-10-01,0.002877997824854,0.0063955507218977775,0.0038617726854659,0.0153578411567295,0.0850836674179573,0.0049909548833966255,,0.019814858420579062,0.0022459296975284814,0.09164346461292806,0.5842429639700019,0.5844787256492489,0.5605469757022801,1.081338318152041,1.077335942785982,1.0780393621499866,0.0032989560020544317,-0.0007034193640045316,0.004002375366058963,0.5842429639700019,1.0813383181520408,0.0,0.0
main,dfl_linear,2231-04-01,2231-01-01,0.0014795831794207,0.0032879626209348888,0.0036074899562822,0.0143520635443202,0.0833312182922948,0.008671479299664497,,0.03423735241701775,0.003902165684849024,0.10665397719986539,0.5951998248345928,0.5911222463582655,0.5108267761095895,1.0911870940800175,1.0905623920612575,1.0782607913311164,0.012926302748901053,0.012301600730141082,0.0006247020187599706,0.5951998248345928,1.091187094080017,0.0,0.0
main,dfl_linear,2231-07-01,2231-04-01,0.0030963669863942,0.0068808155253204445,0.0052031066051605,0.0206505552182973,0.0927104029457013,0.00675348611548543,,0.026741517027954242,0.0030390687519684435,0.09954303819083928,0.5586380813681919,0.5567858971611316,0.5335251035819296,1.0765537125449456,1.076299896018474,1.0731123222303278,0.003441390314617765,0.0031875737881461585,0.00025381652647160635,0.5586380813681919,1.0765537125449454,0.0,0.0
main,dfl_linear,2231-10-01,2231-07-01,0.0024664667387425,0.005481037197205555,0.0049899492108941,0.0198108956556433,0.0916383064994869,0.007708715740591288,,0.03048014598099935,0.0034689220832660795,0.10320552911242295,0.5640006010438354,0.5605652440451588,0.5216405299434904,1.0808412137443104,1.080348805706262,1.0747695188636501,0.006071694880660283,0.005579286842611886,0.0004924080380483975,0.5640006010438354,1.0808412137443102,0.0,0.0
main,dfl_linear,2232-01-01,2231-10-01,0.0016855830539545,0.0037457401198988886,0.0031362384258085,0.012486061049764,0.0797032490612089,0.008432339876890182,,0.03330512662131424,0.0037945529446005823,0.10581508505945134,0.607574636519437,0.6052440614942955,0.5134236779621337,1.091831363821968,1.0914791109954274,1.0776009953869188,0.014230368435049323,0.013878115608508601,0.0003522528265407221,0.607574636519437,1.0918313638219677,0.0,0.0
main,dfl_linear,2232-04-01,2232-01-01,0.0008041355540316,0.001786967897848,0.0015918324836554,0.0063521424786374,0.0618509979169079,0.006440655793994665,,0.025514797859225058,0.0028982951072975996,0.09827101807401023,0.6856117786660948,0.683602214037905,0.5377482821831014,1.1096695307410214,1.109348083507142,1.0860174862785326,0.023652044462488808,0.02333059722860953,0.00032144723387927954,0.6856117786660948,1.1096695307410214,0.0,0.0
main,dfl_linear,2232-07-01,2232-04-01,0.0006918375918767,0.0015374168708371112,0.0014243715839275,0.0056853248843955,0.0589705500444876,0.004884351044893265,,0.019394728401250783,0.002197957970201969,0.09109111212545912,0.6999742929714129,0.6979304198035513,0.5625080536474008,1.112752995926948,1.1124237655176523,1.0906097108402966,0.02214328508665142,0.021814054677355754,0.0003292304092956666,0.6999742929714127,1.1127529959269478,0.0,0.0
main,dfl_linear,2232-10-01,2232-07-01,0.0007308141575263,0.0016240314611695556,0.0014069809214301,0.0056160572509338,0.058654640908533,0.0030723523814231157,,0.012232889345684783,0.0013825585716404022,0.07916674705817618,0.7013338027708846,0.6995353129780943,0.6073767070856411,1.1126986321433414,1.11240962947618,1.0976004918254887,0.015098140317852726,0.014809137650691362,0.00028900266716136436,0.7013338027708846,1.1126986321433414,0.0,0.0
main,dfl_linear,2233-01-01,2232-10-01,0.0006236186832691,0.0013858192961535554,0.0015152228386993,0.0060471298632229,0.0605682649496595,0.0029420668724924326,,0.011716434733423653,0.0013239300926215947,0.0780346428681828,0.6925596947504634,0.6899159851876507,0.6119161423801911,1.1120310970688225,1.1116034405290345,1.0989858885300496,0.01304520853877289,0.012617551998984844,0.0004276565397880461,0.6925596947504634,1.112031097068822,0.0,0.0
main,dfl_linear,2233-04-01,2233-01-01,0.0005540556524775,0.0012312347832833333,0.0014924124565763,0.0059562993478718,0.0601751878350208,0.004178168717771769,,0.016608223758065366,0.001880175922997296,0.0871013106380613,0.6947858318164336,0.6918720678144389,0.5769648087216075,1.1128745195713692,1.1124011510931864,1.093733381729702,0.019141137841667266,0.018667769363484465,0.0004733684781828007,0.6947858318164336,1.1128745195713687,0.0,0.0
main,dfl_linear,2233-07-01,2233-04-01,0.0006928524564597,0.001539672125466,0.0014436632565558,0.0057621600756113,0.059317110452482,0.0037286742590367794,,0.01483148613168117,0.0016779034165665507,0.08418224555865733,0.6982754405252615,0.6961775671021292,0.5878820752266327,1.1124722554657098,1.112134347898169,1.0946910332387803,0.01778122222692957,0.017443314659388642,0.0003379075675409293,0.6982754405252615,1.1124722554657094,0.0,0.0
main,dfl_linear,2233-10-01,2233-07-01,0.0007360448905195,0.0016356553122655554,0.0018071084941009,0.0072088637245537,0.0651759404327035,0.004084442742168903,,0.016237947212962345,0.0018379992339760066,0.08652076149141619,0.6706368955048899,0.6677130922105076,0.5791123988868202,1.107730809841519,1.1072611313928198,1.0930283557906144,0.014702454050904645,0.014232775602205372,0.00046967844869927333,0.6706368955048894,1.1077308098415186,0.0,0.0
main,dfl_linear,2234-01-01,2233-10-01,0.0013207292571471,0.002934953904771333,0.0019485059713369,0.0077712734091909,0.067163200998366,0.004008499439805746,,0.015937846729849103,0.0018038247479125857,0.08604007853492754,0.6592656084200815,0.6585283417619029,0.5808993220265488,1.102049508441861,1.1019353849397446,1.0899189787998864,0.012130529641974475,0.012016406139858216,0.00011412350211625899,0.6592656084200815,1.102049508441861,0.0,0.0
main,dfl_linear,2234-04-01,2234-01-01,0.0013664629255555,0.0030365842790122223,0.0023683800254748,0.0094399178658611,0.0723253138243916,0.006499319802969694,,0.025744928635331954,0.0029246939113363626,0.09851283229435705,0.6373820270251578,0.635673420160225,0.5369416698647198,1.0983705914467736,1.0981068929728173,1.082869091686713,0.015501499760060655,0.015237801286104302,0.00026369847395635304,0.6373820270251583,1.0983705914467734,0.0,0.0
main,dfl_linear,2234-07-01,2234-04-01,0.0006589119356479,0.001464248745884222,0.0019049201477777,0.0075979359030198,0.0665657552736059,0.004661773797124624,,0.018517107147788203,0.002097798208706081,0.08989933531696526,0.664784577175339,0.6612660021781068,0.5667722435932141,1.1073034640401023,1.106735527751188,1.091483206962685,0.0158202570774173,0.015252320788503138,0.0005679362889141615,0.664784577175339,1.1073034640401016,0.0,0.0
main,dfl_linear,2234-10-01,2234-07-01,0.0010892094170594,0.0024204653712431115,0.0024449330632792,0.0097439244915632,0.0731659777682744,0.004359092563390732,,0.017322691085108533,0.0019615916535258293,0.08818485767339443,0.6351013311508736,0.6320800137645558,0.5729869969725143,1.099779440126582,1.099304767279171,1.090020787161832,0.009758652964749981,0.009283980117338997,0.00047467284741098403,0.6351013311508736,1.0997794401265812,0.0,0.0
main,dfl_linear,2235-01-01,2234-10-01,0.0009386822977671,0.0020859606617046667,0.0019733893967582,0.007870222717211,0.0674985219327159,0.004290733486413956,,0.01705278721997816,0.00193083006888628,0.087780984491036,0.6594687580182896,0.6570005515477974,0.5744650564494076,1.1046004348562504,1.104208944786418,1.091117727691752,0.013482707164498287,0.013091217094665986,0.00039149006983230095,0.6594687580182896,1.10460043485625,0.0,0.0
main,dfl_linear,2235-04-01,2235-01-01,0.0007101528710379,0.0015781174911953333,0.0016086390736834,0.0064190466208492,0.0621249755740218,0.003442872781306505,,0.013700533985414931,0.0015492927515879274,0.08212488249669143,0.684766743574402,0.6822672460621185,0.5957614012341479,1.1101779222310932,1.1097757569023745,1.095857098711937,0.014320823519156312,0.013918658190437583,0.0004021653287187288,0.684766743574402,1.110177922231093,0.0,0.0
main,dfl_linear,2235-07-01,2235-04-01,0.0006556551921339,0.0014570115380753334,0.0019208959542442,0.0076614731069646,0.0667862557331673,0.004672583658248186,,0.018559743994838285,0.002102662646211684,0.0899584900868411,0.6638258751186972,0.6602532703342703,0.5665595181955491,1.1071703382029972,1.1065935645679768,1.0914673221592743,0.015703016043722817,0.015126242408702417,0.0005767736350204,0.6638258751186972,1.107170338202997,0.0,0.0
main,dfl_linear,2235-10-01,2235-07-01,0.000840112970973,0.0018669177132733332,0.001709933088777,0.0068222091180469,0.0637230652607931,0.0038193839136511087,,0.015190232144931759,0.0017187227611429989,0.08480020939537718,0.676758585493518,0.6745734904402354,0.5855457853833679,1.1080099057040065,1.107661167002025,1.0934524458504145,0.014557459853592025,0.014208721151610648,0.000348738701981377,0.676758585493518,1.108009905704006,0.0,0.0
main,dfl_linear,2236-01-01,2235-10-01,0.001388336986192,0.003085193302648889,0.001896891762103,0.0075660051468936,0.0664542747919856,0.004903725348412991,,0.019471093351824398,0.0022066764067858458,0.09119234782338889,0.6620648149464221,0.6617790627802886,0.5621479071791748,1.102035198212534,1.1019911590516345,1.0866363410936286,0.015398857118905429,0.015354817958005862,4.4039160899567165e-05,0.6620648149464214,1.1020351982125334,0.0,0.0
main,dfl_linear,2236-04-01,2236-01-01,0.0011550070566043,0.0025666823480095555,0.0028601624314304,0.0113916600745639,0.0772952101763516,0.006786305923014879,,0.026870148027331453,0.0030538376653566957,0.09967410746783262,0.6186196387137809,0.6149103995213467,0.5330927356143018,1.096782998823231,1.0962026886133205,1.0834023208686125,0.013380677954618392,0.012800367744707941,0.0005803102099104507,0.6186196387137809,1.0967829988232305,0.0,0.0
main,dfl_linear,2236-07-01,2236-04-01,0.0010085921240774,0.002241315831283111,0.0028741329176363,0.0114470627308471,0.0774229175085135,0.006072457879781723,,0.024069477372505865,0.0027326060459017753,0.09671471974461372,0.6186912435923282,0.6143915825488799,0.5429819304023404,1.0977000577682823,1.097021080755629,1.0857444913223917,0.011955566445890575,0.011276589433237394,0.0006789770126531813,0.618691243592328,1.0977000577682825,0.0,0.0
main,dfl_linear,2236-10-01,2236-07-01,0.0009440147374218,0.002097810527604,0.0015915176915541,0.0063508893132283,0.0618458413678716,0.006153129041194916,,0.024386280603739596,0.002768908068537712,0.09706172282659069,0.6849790882763486,0.6836273779085834,0.5418086511471775,1.1086101832888404,1.1083958562921343,1.0859090998772702,0.022701083411570178,0.022486756414864084,0.00021432699670609345,0.6849790882763481,1.1086101832888398,0.0,0.0
main,dfl_linear,2237-01-01,2236-10-01,0.0005557486081435,0.0012349969069855554,0.0012971464563644,0.0051784990193083,0.0565786880819821,0.0038096881471574306,,0.01515189120635585,0.0017143596662208438,0.084734904419628,0.7125834673631565,0.7102531401614496,0.585792029453581,1.1157538498152788,1.1153753056063809,1.0951575298978977,0.02059631991738109,0.020217775708483154,0.00037854420889793516,0.7125834673631565,1.1157538498152786,0.0,0.0
main,dfl_linear,2237-04-01,2237-01-01,0.0010294069669369,0.0022875710376375554,0.0015079618440848,0.0060182173937421,0.0604437111656821,0.0020263271871954203,,0.008080706001117877,0.0009118472342379392,0.06819842045707213,0.691213398404251,0.6905347129423502,0.6538316400367299,1.1090084520523396,1.1089014193301678,1.1031131270715948,0.005895324980744743,0.0057882922585730245,0.00010703272217171822,0.691213398404251,1.1090084520523389,0.0,0.0
main,dfl_linear,2237-07-01,2237-04-01,0.0006389702907731,0.0014199339794957778,0.0016810612889619,0.0067073083480134,0.0632766004178418,0.0043962374329566956,,0.017469327799523704,0.0019783068448305133,0.08840161158036872,0.6797376986783521,0.6767071247311028,0.5721959743662272,1.1098526114282237,1.1093628394722483,1.0924727614123264,0.017379850015897258,0.01689007805992193,0.0004897719559753266,0.6797376986783521,1.1098526114282232,0.0,0.0
main,dfl_linear,2237-10-01,2237-07-01,0.0009612627243679,0.0021361393874842222,0.001918995982877,0.0076539169116138,0.0667601246478986,0.004040129948407412,,0.01606284740970909,0.0018180584767833353,0.0862414318596206,0.662596609005878,0.660373147877141,0.5801498248035553,1.1049469360976882,1.1045947679310817,1.091888406555675,0.013058529542013142,0.012706361375406594,0.00035216816660654793,0.662596609005878,1.104946936097688,0.0,0.0
main,dfl_linear,2238-01-01,2237-10-01,0.0007889940398077,0.0017533200884615554,0.001757256484946,0.0070105199334086,0.0644399747836173,0.006326781120151281,,0.02506796691990898,0.0028470515040680765,0.0977970013753124,0.6737229307844455,0.6711726002517614,0.5393345821829978,1.1078698186030798,1.1074614850294868,1.086352892098698,0.02151692650438175,0.021108592930788816,0.0004083335735929339,0.6737229307844449,1.1078698186030795,0.0,0.0
main,dfl_linear,2238-04-01,2238-01-01,0.0011116861444857,0.0024704136544126667,0.0022940789587576,0.0091447873108185,0.0714823396223295,0.0038952259346842766,,0.015490103203734118,0.0017528516706079246,0.08530505838195433,0.6418731363286329,0.6393115857233074,0.583647293506609,1.1006990721814691,1.1002972080829374,1.0915644192145315,0.009134652966937606,0.008732788868405894,0.00040186409853171234,0.6418731340993988,1.100699071831739,0.0,0.0
main,dfl_linear,2238-07-01,2238-04-01,0.0006882824925345,0.0015295166500766666,0.0017244425703891,0.0068799485715568,0.0639448111358654,0.006104727275669575,,0.02419621157959473,0.002747127274051309,0.09685395318941413,0.6764385167748463,0.6735182729531224,0.5425107189922128,1.108985862934453,1.1085153614993672,1.0874077944917453,0.0215780684427076,0.021107567007621952,0.00047050143508564624,0.6764385167748463,1.108985862934453,0.0,0.0
main,dfl_linear,2238-10-01,2238-07-01,0.0009087421067577,0.002019426903906,0.0013340667099343,0.0053255979297859,0.0572925774469999,0.0043362779542803764,,0.017232617770030267,0.0019513250794261695,0.08805079085260852,0.7072069763318907,0.7065334217354838,0.5734770406356546,1.1123840844479018,1.1122770481499344,1.0911327154859458,0.021251368961956008,0.02114433266398863,0.00010703629796737779,0.7072069763318906,1.1123840844479014,0.0,0.0
main,dfl_linear,2239-01-01,2238-10-01,0.0006882710701879,0.0015294912670842224,0.0015836620945548,0.0063196163453581,0.0617168617713581,0.0031836440321058035,,0.0126738915621879,0.0014326398144476117,0.08009383355141349,0.6867889743532501,0.6842575178493391,0.6036988350276369,1.1106535778676323,1.1102457164577462,1.0972663198520864,0.013387258015545855,0.012979396605659721,0.0004078614098861344,0.68678897435325,1.1106535778676323,0.0,0.0
main,dfl_linear,2239-04-01,2239-01-01,0.0004985398145291,0.001107866254509111,0.0013029969622479,0.0052018098885263,0.0566929401297887,0.003130249446257949,,0.012462329605963052,0.001408612250816077,0.07965345460961795,0.7122939272308504,0.709655397071606,0.6054415024193469,1.116114310951064,1.1156841920076723,1.0986958054632066,0.017418505487857505,0.016988386544465772,0.00043011894339173296,0.7122939272308504,1.1161143109510636,0.0,0.0
main,dfl_linear,2239-07-01,2239-04-01,0.000728137583169,0.0016180835181533332,0.0012684006893663,0.0050639578756407,0.056011006863637,0.0037387614138424397,,0.014871384485184658,0.001682442636229098,0.08425175000396795,0.7145963351121818,0.713237029868553,0.5876186164489481,1.1148489398149464,1.114630474146365,1.0944412555713607,0.020407684243585633,0.02018921857500433,0.00021846566858130245,0.7145963351121818,1.114848939814946,0.0,0.0
main,dfl_linear,2239-10-01,2239-07-01,0.0004493831513566,0.0009986292252368888,0.0014962938669485,0.0059717554909451,0.0602424464105178,0.0031365558970719576,,0.012487319023662291,0.001411450153682381,0.07970588578127104,0.6949664895528967,0.6915366504211067,0.6052336091712582,1.1136313079332616,1.1130705080782974,1.0989594284748083,0.014671879458453274,0.014111079603489118,0.0005607998549641557,0.694966489552896,1.1136313079332611,0.0,0.0
main,dfl_linear,2240-01-01,2239-10-01,0.0007199441545286,0.0015998758989524443,0.0017163407221627,0.0068477081512866,0.0638212061178108,0.002055262913927436,,0.008195741730585238,0.0009248683112673461,0.0685734609428587,0.6768594796739826,0.6741061070748967,0.6521445707676465,1.1088393823269436,1.1083966384753765,1.1048652111726474,0.003974171154296213,0.003531427302729151,0.0004427438515670623,0.6768594847006395,1.1088393831352326,0.0,0.0
main,dfl_linear,2240-04-01,2240-01-01,0.0008602229732535,0.00191160660723,0.0019115001805913,0.0076241056485819,0.0666567883956537,0.0045419661328196526,,0.018044462160762387,0.002043884759768844,0.08923444893286576,0.6634951050555165,0.6608475604739465,0.5691709947200958,1.1057596403292267,1.1053376276262408,1.0907245874592983,0.015035052869928345,0.014613040166942426,0.00042201270298591886,0.6634951050555165,1.1057596403292267,0.0,0.0
main,dfl_linear,2240-07-01,2240-04-01,0.0008009176308985,0.001779816957552222,0.0019282343715419,0.0076906576229724,0.0668869507975503,0.003569246968254447,,0.014200732449228481,0.001606161135714501,0.08305630204045479,0.6627437942437705,0.6597917040035037,0.5921746695328969,1.1060329255371695,1.1055606181880182,1.0947425131475228,0.011290412389646676,0.010818105040495407,0.0004723073491512686,0.6627437942437705,1.1060329255371688,0.0,0.0
main,dfl_linear,2240-10-01,2240-07-01,0.0009026662669225,0.002005925037605556,0.0017695600612128,0.0070594743425814,0.0646234155774948,0.003904984798282385,,0.015528683709940316,0.0017572431592270733,0.0853692634862595,0.6723770163885205,0.6703073180825394,0.5834064971286335,1.1068900182397923,1.1065609913928225,1.0927460778689961,0.014143940370796138,0.013814913523826355,0.00032902684696978213,0.6723770163885203,1.1068900182397925,0.0,0.0
main,dfl_linear,2241-01-01,2240-10-01,0.0007104792963999,0.0015788428808886667,0.001417747594439,0.005658941723004,0.0588506170333107,0.003943750634789467,,0.01568192863412199,0.00177468778565526,0.08562264927069217,0.7004709335617204,0.6985389133760656,0.582457612507278,1.1127024158781138,1.112391563090345,1.0937146381540532,0.018987777724060573,0.018676924936291694,0.00031085278776887826,0.7004709335617204,1.1127024158781136,0.0,0.0
main,dfl_linear,2241-04-01,2241-01-01,0.0007339028268956,0.001630895170879111,0.0014324630510838,0.0057175522551412,0.0591163998455388,0.00287342700175941,,0.011444263341210958,0.0012930421507917345,0.07741648042141562,0.6990547792618068,0.6971917467149981,0.61441771613718,1.1123108201294323,1.1120115035100948,1.098712947323368,0.01359787280606417,0.013298556186726707,0.0002993166193374641,0.6990547792618068,1.1123108201294318,0.0,0.0
main,dfl_linear,2241-07-01,2241-04-01,0.000621664453328,0.001381476562951111,0.002041929461544,0.0081427350283389,0.0684012922376333,0.003548463573679328,,0.014118483297013484,0.0015968086081556976,0.08290557220743437,0.6569311291993456,0.6529181011540038,0.5927528847933281,1.1062805223924115,1.1056312812496536,1.0958975506644428,0.010382971727968648,0.009733730585210765,0.0006492411427578837,0.6569311291993456,1.106280522392411,0.0,0.0
main,dfl_linear,2241-10-01,2241-07-01,0.0013011813934837,0.0028915142077415557,0.0034814435534526,0.0138532201582489,0.082412995605586,0.003738402621820569,,0.014869965353475068,0.0016822811798192562,0.08424928121072484,0.599110282588241,0.5946484202473348,0.5876279715799262,1.0928550159513386,1.0921634800006486,1.091075393396324,0.001779622555014626,0.0010880866043245785,0.0006915359506900476,0.5991102825882405,1.092855015951338,0.0,0.0
main,dfl_linear,2242-01-01,2241-10-01,0.0021996256424476,0.004888056983216889,0.0051043502936999,0.0202616061074157,0.0922188876024621,0.0057058557868003845,,0.02262882440309877,0.002567635104060173,0.09508971354963178,0.5630043645121606,0.5585141467466181,0.5485248948619237,1.0822007448681343,1.0815451562648957,1.0800866880942115,0.0021140567739228455,0.0014584681706841796,0.000655588603238666,0.5630043645121606,1.082200744868134,0.0,0.0
main,dfl_linear,2242-04-01,2242-01-01,0.0024415432612415,0.005425651691647777,0.0055890094479256,0.0221693129924444,0.0945535719712028,0.006957220379263163,,0.027539808680774547,0.0031307491706684233,0.10034994046079992,0.5549539925729705,0.5503712796484029,0.5308716025351082,1.0796828289436031,1.079024822090867,1.0762249693883574,0.0034578595552456903,0.0027998527025094866,0.0006580068527362037,0.5549539925729705,1.0796828289436025,0.0,0.0
main,dfl_linear,2242-07-01,2242-04-01,0.0020649043895827,0.004588676421294889,0.0054734547350989,0.0217147217129493,0.09401378991569,0.010241282172501087,,0.04034011110700386,0.00460857697762549,0.11195037972032154,0.5577907579764869,0.5522390602039391,0.49492915299995804,1.0821910014939067,1.08137295351912,1.0729282838983722,0.009262717595534431,0.008444669620747858,0.0008180479747865732,0.5577907579764869,1.0821910014939062,0.0,0.0
main,dfl_linear,2242-10-01,2242-07-01,0.0020984151466374,0.004663144770305333,0.0044862784358197,0.01782471434879,0.0889194184018861,0.007717682980000973,,0.030515191330819258,0.003472957341000438,0.10323861447851716,0.5739940396843245,0.570312558235365,0.5215350402722602,1.0843862207974349,1.0838449846783549,1.0766739164856451,0.007712304311789708,0.00717106819270974,0.0005412361190799686,0.5739940396843204,1.0843862207974335,0.0,0.0
main,dfl_linear,2243-01-01,2242-10-01,0.0014296796537938,0.0031770658973195556,0.0035903457557484,0.0142842244875465,0.0832083616285523,0.007862035185098648,,0.031079211196020418,0.003537915833294392,0.10376841832075973,0.5958124737241951,0.5915922176674882,0.5198503987183328,1.0915782858740644,1.090929618998718,1.0799026716040379,0.011675614270026502,0.011026947394680242,0.0006486668753462599,0.5958124737241884,1.0915782858740628,0.0,0.0
main,dfl_linear,2243-04-01,2243-01-01,0.0015209595286719,0.003379910063715333,0.0032165649575661,0.0128043151005186,0.0803614221712561,0.007447466719895601,,0.02945872752781209,0.003351360023953021,0.10223214722685117,0.6057581564367203,0.6026437593470295,0.5247590869738255,1.0925540338803374,1.0920781838885651,1.0801781532757027,0.012375880604634792,0.011900030612862489,0.0004758499917723036,0.6057581564367203,1.092554033880337,0.0,0.0
main,dfl_linear,2243-07-01,2243-04-01,0.0018523254541478,0.004116278786995111,0.0045490459180298,0.0180723968798263,0.0892742221721736,0.005251821596175432,,0.02084237525868904,0.0023633197182789446,0.09294970851670208,0.5736360941569286,0.5690270997732756,0.5559471669405232,1.085745256432116,1.0850563189518103,1.083101173161155,0.002644083270960884,0.001955145790655255,0.0006889374803056292,0.5736360941569286,1.0857452564321155,0.0,0.0
main,dfl_linear,2243-10-01,2243-07-01,0.0023019390579818,0.005115420128848445,0.004575676414725,0.0181774675329922,0.0894232765426189,0.008298945613205433,,0.03278482899612534,0.003734525525942445,0.10534248425139822,0.5716728693667233,0.5684882991422059,0.5148962273544166,1.0828814809897715,1.0824197800578796,1.074649968829996,0.008231512159775578,0.007769811227883672,0.0004617009318919063,0.5716728693667233,1.0828814809897715,0.0,0.0
main,dfl_linear,2244-01-01,2243-10-01,0.0015670848277039,0.003482410728230889,0.0043318701050769,0.017215214628414,0.0880248057293405,0.007708909455686808,,0.030480903059406095,0.0034690092550590636,0.1032062440596979,0.5787308539958623,0.5735720931009362,0.521638249362586,1.0881575800650944,1.0873717503940286,1.079460712031653,0.008696868033441385,0.0079110383623755,0.0007858296710658852,0.5787308539958623,1.0881575800650942,0.0,0.0
main,dfl_linear,2244-04-01,2244-01-01,0.003121871378555,0.006937491952344444,0.0067361585391722,0.0266735997417226,0.0994736648217948,0.006201162934303284,,0.024574877576582832,0.0027905233204364777,0.09726667000252764,0.5382260602840271,0.5337541600105178,0.541117399532115,1.0736192527997854,1.073007580528552,1.0202949945601993,0.053324258239586086,0.0527125859683526,0.0006116722712334877,0.5382260602840271,1.0736192527997852,0.005371973934082175,0.0
main,dfl_linear,2244-07-01,2244-04-01,0.003794064557312,0.008431254571804445,0.0079503733495755,0.0314242489072829,0.1040901318918407,0.016242900863289833,,0.06340568445213435,0.007309305388480425,0.1302590363659702,0.5233295092388134,0.5188316445995452,0.4460858269870747,1.068063898124136,1.0674789087528531,1.05801763467692,0.010046263447216042,0.009461274075933224,0.000584989371282818,0.5233295092388134,1.0680638981241355,0.0,0.0
main,dfl_linear,2244-10-01,2244-07-01,0.002192479092363,0.004872175760806666,0.0083143747471656,0.0328450202971586,0.1053973269813332,0.02094443142414093,,0.08118226872835932,0.009424994140863419,0.1428338378927525,0.5241370176630146,0.514724994033997,0.41701655288352624,1.07656342443979,1.075188561120349,1.0609157801507683,0.015647644289021656,0.014272780969580845,0.001374863319440811,0.5241370176630146,1.07656342443979,0.0,0.0
main,dfl_linear,2245-01-01,2244-10-01,0.0036698013224805,0.008155114049956667,0.0091100266054631,0.0359451682841904,0.1081673317856428,0.013464285060763359,,0.05277914914278803,0.006058928277343512,0.12209218532734932,0.5127228748942659,0.5061967880530424,0.46678569044587204,1.0673215321387068,1.0664646439705865,1.061289888553774,0.0060316435849328,0.005174755416812449,0.0008568881681203511,0.5127228748942657,1.0673215321387066,0.0,0.0
main,dfl_linear,2245-04-01,2245-01-01,0.0042618007826811,0.009470668405958,0.0104501859938358,0.04115005863371,0.1126333335728846,0.01630341075360775,,0.06363609901565992,0.007336534839123487,0.1304310753821213,0.4997622748653115,0.4929410841466485,0.44566657166122453,1.0626611896356177,1.0618059351543183,1.0558785625998797,0.006782627035738065,0.005927372554438648,0.0008552544812994167,0.4997622748653115,1.0626611896356175,0.0,0.0
main,dfl_linear,2245-07-01,2245-04-01,0.0039055803577643,0.008679067461698444,0.0084271114204916,0.0332847372432569,0.1057966261397051,0.029476651921868324,,0.11279506056497657,0.013264493364840747,0.1613727259426782,0.5183973798936498,0.513481062349892,0.3785563494798261,1.066844333577842,1.066210402962805,1.0488126442842571,0.018031689293584785,0.01739775867854787,0.0006339306150369151,0.5183973798936498,1.066844333577842,0.0,0.0
main,dfl_linear,2245-10-01,2245-07-01,0.0032246576369929,0.007165905859984222,0.0086097664001272,0.033996844542471,0.1064384748006216,0.011129515245556831,,0.04378036326082857,0.005008281860500574,0.11482627171978994,0.5185024093348733,0.5114918225566689,0.48665094044818547,1.0703884772276495,1.0694367660708524,1.066064531278635,0.004323945949014529,0.0033722347922173768,0.0009517111567971526,0.5185024093348733,1.0703884772276493,0.0,0.0
main,dfl_linear,2246-01-01,2245-10-01,0.0046226106432769,0.010272468096170889,0.0090692526229858,0.0357864795006608,0.1080278863633088,0.014933661557734013,,0.05840983268763589,0.006720147700980306,0.12647526933355308,0.5105935443008872,0.5066204651887413,0.4554768792095129,1.0621769639198115,1.0616931466068746,1.0554651930111938,0.006711770908617742,0.006227953595680846,0.0004838173129368961,0.5105935443008872,1.062176963919811,0.0,0.0
main,dfl_linear,2246-04-01,2246-01-01,0.0030291491571452,0.006731442571433778,0.0062737987774074,0.0248600180144897,0.097574298550001,0.02128877118229866,,0.08247420194495925,0.009579947032034398,0.14368937903209597,0.5440594293192257,0.5400822051278477,0.4151432042017113,1.0749216125080376,1.0743739148969569,1.0571687514348658,0.017752861073171866,0.01720516346209111,0.0005476976110807552,0.5440594293192257,1.0749216125080374,0.0,0.0
main,dfl_linear,2246-07-01,2246-04-01,0.002676303920275,0.005947342045055555,0.004534763387052,0.0180160416643972,0.0891939211854657,0.009434347040951252,,0.0372066977051303,0.004245456168428064,0.109268129247714,0.5711993508735012,0.5693176721500239,0.5028731603420804,1.0806744603267353,1.080408697742634,1.0710242768332237,0.009650183493511655,0.009384420909410274,0.0002657625841013811,0.5711993508735012,1.0806744603267349,0.0,0.0
main,dfl_linear,2246-10-01,2246-07-01,0.0020755388965913,0.0046123086590917775,0.0043247261867218,0.0171870084033891,0.0879826334851184,0.008529643528163433,,0.0336845221977593,0.003838339587673545,0.1061576764048917,0.577173348411646,0.5737264011504563,0.5123605203134474,1.0849856651861143,1.084478120777385,1.075442325522776,0.009543339663338202,0.009035795254608958,0.0005075444087292436,0.577173348411646,1.0849856651861138,0.0,0.0
main,dfl_linear,2247-01-01,2246-10-01,0.001711846181487,0.0038041026255266667,0.0045620593025706,0.0181237422559857,0.0893471683519361,0.00739839393645525,,0.02926677519358456,0.0033292772714048624,0.10204716260160325,0.5738583953396634,0.5687633227388842,0.5253550319116096,1.086584637389299,1.085815884998128,1.0792663753081218,0.00731826208117714,0.006549509690006339,0.0007687523911708016,0.5738583953396634,1.0865846373892984,0.0,0.0
main,dfl_linear,2247-04-01,2247-01-01,0.0011640022597947,0.002586671688432667,0.0032395342986536,0.0128953055798848,0.0805463869908268,0.004291034769266844,,0.017053976904622292,0.0019309656461700797,0.08778277892207483,0.6063899292824873,0.6019161331241518,0.5744584773133974,1.0948151156394421,1.0941155929732231,1.0898223145311405,0.004992801108301581,0.004293278442082604,0.0006995226662189769,0.6063899292824873,1.094815115639442,0.0,0.0
main,dfl_linear,2247-07-01,2247-04-01,0.001373859626271,0.003053021391713333,0.0027016985016452,0.0107630777852186,0.0757985623640113,0.0040873377583920956,,0.01624938591241276,0.001839301991276443,0.08653890021521153,0.6235485993038424,0.6210439410932925,0.5790451250094453,1.0961894822270317,1.0958031101355896,1.0893243138111917,0.006865168415840062,0.006478796324397962,0.00038637209144209983,0.6235485993038424,1.0961894822270313,0.0,0.0
main,dfl_linear,2247-10-01,2247-07-01,0.001725966072153,0.0038354801603399996,0.0024698215324422,0.0098427462459732,0.0734334591044205,0.004532733000814915,,0.018008030082512838,0.0020397298503667116,0.08918248514603415,0.6314748693369262,0.630943842494065,0.5693590714056511,1.0951887360496757,1.0951086888832169,1.0858253795949624,0.009363356454713312,0.009283309288254493,8.004716645881871e-05,0.6314748693369262,1.0951887360496757,0.0,0.0
main,dfl_linear,2248-01-01,2247-10-01,0.0020326733852786,0.004517051967285778,0.0036737050890999,0.0146140418426631,0.0837999327921175,0.007161605171859264,,0.02834015575957871,0.003222722327336669,0.10114420758375586,0.5916018271348381,0.5893343905789041,0.528279008549964,1.087363774071661,1.0870289343096642,1.0780126866295852,0.009351087442075912,0.009016247680079026,0.0003348397619968857,0.5916018271348381,1.0873637740716604,0.0,0.0
main,dfl_linear,2248-04-01,2248-01-01,0.0013133085707291,0.0029184634905091112,0.0027826396177565,0.0110841860964575,0.0765743034905998,0.00614923145622015,,0.024370976194765692,0.0027671541552990674,0.09704503899199732,0.6207801992378797,0.6178524548008024,0.5418649784224574,1.0961383139099836,1.0956849031631757,1.0839169571715712,0.012221356738412403,0.011767945991604467,0.00045341074680793625,0.6207801992378797,1.0961383139099834,0.0,0.0
main,dfl_linear,2248-07-01,2248-04-01,0.0009308325157908,0.002068516701757333,0.0021279217922057,0.0084845573827523,0.0694927283071572,0.005827013403177261,,0.02310511935226256,0.0026221560314297677,0.09563596193761813,0.6509418182406426,0.6480412896031137,0.5466526860049461,1.1032990466921917,1.102838757613947,1.0867492302990531,0.016549816393138572,0.01608952731489377,0.00046028907824480214,0.6509418182406426,1.1032990466921837,0.0,0.0
main,dfl_linear,2248-10-01,2248-07-01,0.0009433804493479,0.0020964009985508887,0.0021563133048571,0.0085973951801249,0.0698434973188814,0.0064894529059529305,,0.02570622501749098,0.0029202538076788186,0.09847227108027509,0.6494059777546939,0.6464873773895919,0.5370768452681134,1.1029738352317542,1.1025110438756558,1.0851622320488092,0.017811603182944946,0.017348811826846555,0.00046279135609839095,0.6494059777546883,1.102973835231753,0.0,0.0
main,dfl_linear,2249-01-01,2248-10-01,0.0009844130024974,0.0021875844499942222,0.0019574906423432,0.0078070019396142,0.0672847516922262,0.004363365937024355,,0.01733956190765129,0.00196351467166096,0.08820988992561556,0.6602003696116788,0.657973809018513,0.5728955651409458,1.1044145638137688,1.1040624201861045,1.0906067965097004,0.013807767304068408,0.013455623676404072,0.0003521436276643364,0.6602003696116788,1.1044145638137688,0.0,0.0
main,dfl_linear,2249-04-01,2249-01-01,0.0005640716288801,0.0012534925086224444,0.0014015912843811,0.0055945893983646,0.0585560523755349,0.003994222264736891,,0.015881420827699166,0.0017974000191316008,0.08594864674662513,0.702641314311281,0.70003755674764,0.5812401222031096,1.114080340497475,1.1136575962844844,1.0943697299051067,0.01971061059236834,0.019287866379377627,0.0004227442129907111,0.702641314311281,1.1140803404974746,0.0,0.0
main,dfl_linear,2249-07-01,2249-04-01,0.0003106784542402,0.0006903965649782221,0.001331609412977,0.0053158079917436,0.0572455826267786,0.0034328519832342863,,0.013660862775032978,0.001544783392455429,0.08204946316019829,0.7104479635894485,0.7067771763797924,0.5960532699596601,1.1171480491315666,1.1165427612253054,1.098285140267664,0.018862908863902517,0.018257620957641274,0.0006052879062612426,0.7104479635894485,1.1171480491315662,0.0,0.0
main,dfl_linear,2249-10-01,2249-07-01,0.0007166606778752,0.001592579284167111,0.0012836662863733,0.0051247868088661,0.0563137937772189,0.0030510590877383947,,0.012148496103722595,0.0013729765894822776,0.07898527092427352,0.7131118454701096,0.7116426173011535,0.6081007742950226,1.114692197853224,1.114455896901394,1.0978029109503367,0.01688928690288738,0.016652985951057353,0.0002363009518300263,0.7131118454701096,1.1146921978532236,0.0,0.0
main,dfl_linear,2250-01-01,2249-10-01,0.0004812667111184,0.0010694815802631112,0.0012608180315119,0.0050337421679681,0.0558594840813368,0.0036896090023219585,,0.01467695744618458,0.0016603240510448813,0.0839111685838397,0.7166365320877622,0.7140374099429656,0.5889112821123097,1.1169460043220922,1.1165218605114304,1.0961028614360409,0.02084314288605138,0.020418999075389577,0.0004241438106618034,0.7166365320877622,1.116946004322092,0.0,0.0
main,dfl_linear,2250-04-01,2250-01-01,0.0005045513338565,0.0011212251863477777,0.0012151773319406,0.004851856567489,0.0549312779325793,0.0034331618808209896,,0.013662089642590636,0.0015449228463694455,0.08205179907365905,0.7213142460859147,0.7189770859432012,0.5960442267905453,1.1175413926925102,1.1171605419612085,1.0971280810041653,0.020413311688344926,0.020032460957043252,0.000380850731301674,0.7213142460859081,1.1175413926925089,0.0,0.0
main,dfl_linear,2250-07-01,2250-04-01,0.0004650817710561,0.0010335150467913332,0.0011921336056004,0.0047600141021382,0.0544517747873036,0.0025669459719210863,,0.010228316231130963,0.0011551256873644888,0.07445120099219822,0.7240245852762616,0.7215538717540994,0.6266518835518042,1.1182688239623275,1.1178652349288103,1.102363072758324,0.015905751204003504,0.015502162170486278,0.0004035890335172265,0.7240245852762616,1.1182688239623269,0.0,0.0
main,dfl_linear,2250-10-01,2250-07-01,0.0006240968253318,0.0013868818340706664,0.0013318599116019,0.0053168059883998,0.057250376660169,0.0033132098615169525,,0.013187120649230777,0.0014909444376826288,0.08113030847825292,0.7088454541753942,0.706752312631352,0.5996280009070878,1.114662154325449,1.1143235697759752,1.0969952448349292,0.017666909490519744,0.01732832494104608,0.0003385845494736639,0.7088454541753939,1.1146621543254482,0.0,0.0
main,dfl_linear,2251-01-01,2250-10-01,0.0005149246522762,0.0011442770050582223,0.001463684806831,0.0058418975264883,0.0596725493746752,0.003998008091002703,,0.015896383314089935,0.0017991036409512162,0.08597292474826704,0.6974109793798735,0.6943881750036826,0.5811496011139358,1.113573903475311,1.1130816375050334,1.0946406504244008,0.018933253050910093,0.018440987080632576,0.0004922659702775167,0.697410979379873,1.1135739034753105,0.0,0.0
main,dfl_linear,2251-04-01,2251-01-01,0.0008109131013344,0.0018020291140764444,0.0013893054272495,0.0055456514142319,0.0583300928418934,0.0047060358338057995,,0.018691679099163694,0.0021177161252126098,0.09014069967597803,0.7025382288775651,0.7011911823592805,0.5659049821637103,1.1123294479115802,1.1121140674732055,1.0904830393620337,0.021846408549546448,0.02163102811117179,0.00021538043837465715,0.7025382288775651,1.1123294479115795,0.0,0.0
main,dfl_linear,2251-07-01,2251-04-01,0.0009930653521241,0.002206811893609111,0.0018484225869373,0.0073732156014875,0.0657714996176496,0.004704197868704796,,0.018684430525343076,0.0021168890409171584,0.09013072164917178,0.6668241829787783,0.6649367932537966,0.5659407972480635,1.105404462819688,1.105106124359309,1.0894578919666693,0.01594657085301865,0.015648232392639683,0.0002983384603789663,0.6668241829787772,1.1054044628196873,0.0,0.0
main,dfl_linear,2251-10-01,2251-07-01,0.0009652957380915,0.0021451016402033334,0.0019058844567667,0.0076017711322023,0.0665791151206218,0.0051811556331813335,,0.020564111909445404,0.0023315200349316003,0.09260190052743254,0.6633745106207073,0.6612045608485103,0.557166765548149,1.1050433919056717,1.1046997867766122,1.0882257095701906,0.016817682335481088,0.016474077206421578,0.0003436051290595099,0.6633745106207073,1.1050433919056717,0.0,0.0
main,dfl_linear,2252-01-01,2251-10-01,0.0007972780347695,0.0017717289661544444,0.002555232567126,0.0101818216796767,0.0743306025487903,0.004410157445818186,,0.01752427557403824,0.0019845708506181837,0.08848236060163281,0.6316006818391201,0.6271579134326201,0.5719016863066235,1.1010733010452145,1.1003623371695628,1.0915198367741137,0.00955346427110082,0.008842500395449093,0.0007109638756517267,0.6316006818391201,1.101073301045214,0.0,0.0
main,dfl_linear,2252-04-01,2252-01-01,0.001547614126881,0.00343914250418,0.0026227062879542,0.0104496257369316,0.0750175254806269,0.006743395701050758,,0.026701967003019855,0.0030345280654728414,0.09950265452422485,0.6259187565713441,0.6242846021400843,0.5336584249075038,1.0954675440044899,1.0952182964648711,1.0813956422113016,0.01407190179318829,0.013822654253569544,0.00024924753961874657,0.6259187565713441,1.0954675440044894,0.0,0.0
main,dfl_linear,2252-07-01,2252-04-01,0.0021554809844053,0.004789957743122889,0.0050116526539489,0.0198964135149557,0.0917494062143218,0.004911237396299839,,0.019500701327985426,0.0022100568283349277,0.09123149710885545,0.5646371541608507,0.5601719330702988,0.5620087200393432,1.0826883954101985,1.082034485258504,1.082303473875462,0.00038492153473645985,-0.00026898861695801024,0.0006539101516944701,0.5646371541608505,1.0826883954101982,0.0,0.0
main,dfl_linear,2252-10-01,2252-07-01,0.0015720451348302,0.003493433632956,0.0040361610502448,0.0160471633653314,0.0862162574278717,0.010446845553815365,,0.041137111344383026,0.004701080499216914,0.112622446501826,0.5848353274015892,0.5802434525009786,0.4929726697409061,1.089058459692282,1.0883592110549518,1.0750696556457677,0.01398880404651437,0.013289555409184084,0.0006992486373302853,0.5848353274015892,1.089058459692282,0.0,0.0
main,dfl_linear,2253-01-01,2252-10-01,0.0029470799399132,0.006549066533140444,0.0048500498456541,0.0192595172788235,0.0909109295217373,0.009521657600998878,,0.03754610341227438,0.004284745920449496,0.10956206835442386,0.5647866434349695,0.563149852274944,0.5019919435081537,1.0782394422250938,1.0780126988541443,1.0695405426422606,0.008698899582833208,0.008472156211883686,0.00022674337094952257,0.5647866434349695,1.0782394422250934,0.0,0.0
main,dfl_linear,2253-04-01,2253-01-01,0.0023892334990816,0.005309407775736889,0.0041023898020024,0.016308857478601,0.0866329934114025,0.0069915521889925,,0.027674282593150412,0.003146198485046625,0.10048438378328786,0.5806451415666664,0.5786963278004454,0.5304314094464759,1.0836754155500994,1.0833945765487114,1.0764392318628622,0.007236183687237219,0.006955344685849241,0.000280839001387978,0.5806451415666664,1.0836754155500992,0.0,0.0
main,dfl_linear,2253-07-01,2253-04-01,0.0019265850622191,0.004281300138264667,0.0036814261252931,0.0146445865035711,0.0838539995713299,0.008264974690973759,,0.03265229357310295,0.0037192386109381917,0.10522156595734472,0.5917839563262408,0.5891286794533274,0.5152740960501601,1.0880184833596178,1.0876235530125624,1.07663885437244,0.011379628987177925,0.010984698640122526,0.0003949303470554,0.5917839563262408,1.0880184833596178,0.0,0.0
main,dfl_linear,2253-10-01,2253-07-01,0.0021801589894617,0.0048447977543593325,0.0035277591126649,0.0140365414026769,0.0827544721190324,0.006828318815678358,,0.027034790968718858,0.0030727434670552614,0.09984127014249454,0.5947614542041864,0.5933333773713532,0.5325420605333989,1.0869531789966176,1.0867443964341486,1.0778568025642277,0.009096376432389919,0.008887593869920885,0.00020878256246903426,0.594761454204186,1.086953178996617,0.0,0.0
main,dfl_linear,2254-01-01,2253-10-01,0.0008259067347621,0.0018353482994713332,0.0019976410645247,0.0079666527101427,0.0678214012798047,0.007078408729285002,,0.02801442780859631,0.003185283928178251,0.10082264165481773,0.6585562757745049,0.6555353198740543,0.5293263259858358,1.1051983936962968,1.1047158233832568,1.0845550809904345,0.020643312705862282,0.020160742392822284,0.0004825703130399983,0.6585562757745049,1.1051983936962966,0.0,0.0
main,dfl_linear,2254-04-01,2254-01-01,0.0007578318504955,0.0016840707788788889,0.0023426195092232,0.0093376022337156,0.0720361449194991,0.0035971764009445906,,0.014311253553204173,0.0016187293804250658,0.08325738557484798,0.6410503902287255,0.6369174612029042,0.5914046135575046,1.102838381523547,1.1021753700997243,1.0948741225508223,0.00796425897272468,0.007301247548902046,0.0006630114238226348,0.6410503902287255,1.1028383815235463,0.0,0.0
main,dfl_linear,2254-07-01,2254-04-01,0.0008554893172493,0.001901087371665111,0.001835994471563,0.0073237773763281,0.0655936806560543,0.005409239325672388,,0.021462030320614778,0.002434157696552575,0.09370949978496111,0.6682295556605096,0.6657635767192293,0.5532959008443632,1.1065459328875875,1.1061527446118606,1.0882203240173511,0.018325608870236376,0.0179324205945095,0.00039318827572687454,0.6682295556605096,1.1065459328875875,0.0,0.0
main,dfl_linear,2254-10-01,2254-07-01,0.0010005394078501,0.0022234209063335553,0.0021366776309392,0.0085193571742008,0.0696013987709836,0.003219346050173044,,0.012815332422974723,0.00144870572257787,0.08038389273917985,0.6501868604385431,0.6475591896434343,0.6025552899285689,1.1027260167903243,1.1023108589785593,1.0952004855781787,0.007525531212145609,0.007110373400380565,0.0004151578117650434,0.6501868604385431,1.102726016790324,0.0,0.0
main,dfl_linear,2255-01-01,2254-10-01,0.0009638540621598,0.0021418979159106666,0.0019128998057981,0.0076296720944228,0.0666761130206256,0.003926007077097893,,0.015611788935934179,0.0017667031846940518,0.08550699911603446,0.662954260665071,0.6607588038248702,0.5828904218776615,1.1049864042200501,1.1046387284708337,1.0923073778662389,0.01267902635381124,0.012331350604594782,0.0003476757492164584,0.662954260665071,1.10498640422005,0.0,0.0
main,dfl_linear,2255-04-01,2255-01-01,0.001634621893781,0.0036324930972911106,0.0024374233094853,0.0097141049315512,0.0730847166057958,0.006025255192071199,,0.023884072205779483,0.00271136483643204,0.09651000291742294,0.6332346520775484,0.6324258695981879,0.5436758239153308,1.0960324292871606,1.0959097743661086,1.0824504943688613,0.013581934918299288,0.013459279997247275,0.00012265492105201226,0.6332346520775484,1.0960324292871604,0.0,0.0
main,dfl_linear,2255-07-01,2255-04-01,0.0008732545440245,0.0019405656533877777,0.0019176592075235,0.0076486005236828,0.0667417245005816,0.006382067687809467,,0.02528492415099337,0.0028719304595142604,0.09802791489667417,0.6630641052898831,0.6604575772018058,0.53856097822343,1.105604532259461,1.105189397165634,1.0857752361268573,0.019829296132603647,0.01941416103877658,0.00041513509382706815,0.6630641052898831,1.1056045322594603,0.0,0.0
main,dfl_linear,2255-10-01,2255-07-01,0.0008321922087813,0.001849316019514,0.001634631250792,0.0065225103511374,0.0625436314898652,0.006085327360779047,,0.024120022205398106,0.0027383973123505712,0.09677031718249753,0.6822407342433526,0.6802364321674149,0.5427937000639271,1.1089388891173777,1.1086188460143362,1.086672254729052,0.022266634388325768,0.02194659128528431,0.00032004310304145633,0.6822407342433526,1.1089388891173773,0.0,0.0
main,dfl_linear,2256-01-01,2255-10-01,0.0009342458078791,0.0020761017952868888,0.0018629854315805,0.0074311432895302,0.0659784213624227,0.004681720398366451,,0.0185957805429785,0.0021067741792649033,0.09000838387915375,0.6661662879879042,0.6639769996940947,0.5663801829607691,1.105692305762937,1.1053449586636843,1.0898604876214402,0.015831818141496923,0.015484471042244152,0.0003473470992527705,0.6661662879879042,1.105692305762937,0.0,0.0
main,dfl_linear,2256-04-01,2256-01-01,0.0007634537277998,0.001696563839555111,0.0014866238176543,0.005933248105536,0.0600745934161131,0.005177071783691645,,0.020548029007902535,0.0023296823026612403,0.09258166767136948,0.6942610037688578,0.6923742835381151,0.5572378285981248,1.1113354871192345,1.1110329223564044,1.089361702229342,0.021973784889892434,0.02167122012706235,0.00030256476283008205,0.6942610037688578,1.1113354871192345,0.0,0.0
main,dfl_linear,2256-07-01,2256-04-01,0.001359849792827,0.0030218884285044445,0.0022407607177314,0.0089329617976655,0.0708601449531962,0.0035688721109181643,,0.01419924901730929,0.0016059924499131739,0.08305359174533046,0.6434178415315587,0.6420197368360472,0.5921850583285557,1.099344681192223,1.0991288117271825,1.0914342625103641,0.007910418681858822,0.007694549216818336,0.00021586946504048576,0.6434178415315587,1.099344681192223,0.0,0.0
main,dfl_linear,2256-10-01,2256-07-01,0.0018578728098272,0.0041286062440604445,0.0031967646687621,0.0127258734193737,0.0802008353344218,0.005068272817879915,,0.020119487038327888,0.002280722768045962,0.09203712459691889,0.6051118318905608,0.6032765911910306,0.559155154590355,1.0904165795638723,1.0901423555643024,1.0835496743892983,0.006866905174574001,0.0065926811750041114,0.0002742239995698892,0.6051118318905608,1.090416579563872,0.0,0.0
main,dfl_linear,2257-01-01,2256-10-01,0.0012811172973918,0.002846927327537333,0.0031358312704393,0.0124844477025274,0.0796998670615073,0.0068901595659554005,,0.027277098638923913,0.00310057180467993,0.10008608495129769,0.6090839267696674,0.6052574682958238,0.53173711325326,1.0945230201558247,1.0939291965536044,1.0825196588920083,0.012003361263816403,0.011409537661596136,0.000593823602220267,0.6090839267696674,1.0945230201558245,0.0,0.0
main,dfl_linear,2257-04-01,2257-01-01,0.001590575129739,0.00353461139942,0.0031422028944165,0.0125096949433982,0.0797527384943521,0.006841431371867657,,0.027086173055244855,0.0030786441173404457,0.09989330232765058,0.6077427125390363,0.6050479306169917,0.5323708269947673,1.092434171268111,1.0920243104362597,1.0809705409629562,0.011463630305154737,0.011053769473303499,0.00040986083185123867,0.6077427125390363,1.0924341712681105,0.0,0.0
main,dfl_linear,2257-07-01,2257-04-01,0.0013487355424229,0.002997190094273111,0.0035503532708044,0.0141259618831769,0.0829193160824189,0.00409137737005949,,0.016265346935624647,0.0018411198165267707,0.08656418801996703,0.5971288184824518,0.5927001284612295,0.5789513548607472,1.092263952896129,1.0915796642889437,1.0894553049202598,0.0028086479758693272,0.002124359368683937,0.0006842886071853904,0.5971288184824518,1.092263952896129,0.0,0.0
main,dfl_linear,2257-10-01,2257-07-01,0.0022839231829657,0.005075384851034889,0.0038894790119794,0.0154673828980371,0.0852671689647747,0.007792332209646702,,0.030806895119422917,0.003506549494341016,0.10351324250703864,0.5856477825247671,0.5837894636452895,0.5206607163986656,1.085013081988553,1.0847433269925024,1.0755795095485514,0.009433572440001647,0.009163817443951006,0.0002697549960506418,0.5856477825247671,1.0850130819885528,0.0,0.0
main,dfl_linear,2258-01-01,2257-10-01,0.0014552006613404,0.003233779247423111,0.0027923788285488,0.0111228180692131,0.0766660329032049,0.0068353042006492615,,0.027062163738092893,0.0030758868902921676,0.09986899724374039,0.6198811912809299,0.6174768395950312,0.5324508028417361,1.0951195249401513,1.094750581998554,1.0817035072731465,0.013416017667004843,0.013047074725407448,0.0003689429415973944,0.6198811912809299,1.095119524940151,0.0,0.0
main,dfl_linear,2258-04-01,2258-01-01,0.0018268183775006,0.004059596394445778,0.0037502263682753,0.0149167310641219,0.0843305061876434,0.002886049682274461,,0.011494319118005136,0.0012987223570235073,0.07753133068175681,0.5904675127504492,0.587320296349705,0.6139517000561112,1.0884117731059795,1.0879405346782427,0.6942063697513496,0.39420540335462984,0.39373416492689306,0.0004712384277367754,0.5904675127504492,1.088411773105979,0.039772173337247474,0.0
main,dfl_linear,2258-07-01,2258-04-01,0.001256997021669,0.00279332671482,0.0030027006014604,0.0119568133510653,0.0785680428303698,0.007338917814195156,,0.029034091155888953,0.0033025130163878203,0.10182200039240338,0.6134026992082645,0.6097706581722192,0.5260818266920282,1.0953411998071032,1.094776671560696,1.0817689139912001,0.013572285815903085,0.013007757569495793,0.000564528246407292,0.6134026992082641,1.0953411998071028,0.0,0.0
main,dfl_linear,2258-10-01,2258-07-01,0.0013466241753375,0.0029924981674166666,0.0025700301599447,0.0102405581667764,0.0744828596208054,0.005953757558017969,,0.023603189778039546,0.0026791909011080863,0.09619748290946414,0.628814203256988,0.6265191559253415,0.5447375651640352,1.0971730220681595,1.0968183597786456,1.0841803432029142,0.012992678865245244,0.012638016575731381,0.0003546622895138629,0.6288142032569877,1.0971730220681588,0.0,0.0
main,dfl_linear,2259-01-01,2258-10-01,0.0027627309126229,0.006139402028050889,0.0046738298924942,0.0185646593709858,0.0899653011685273,0.005138821434229612,,0.02039738293858062,0.0023124696454033256,0.09239144369148607,0.5684142401365545,0.5665350337690677,0.5579065574978943,1.079789836418938,1.0795260471644264,1.0783148447321016,0.0014749916868364021,0.0012112024323247539,0.00026378925451164825,0.5684142401365545,1.0797898364189376,0.0,0.0
main,dfl_linear,2259-04-01,2259-01-01,0.0029945817279853,0.006654626062189556,0.0066002969712667,0.0261409526058381,0.0989254331385382,0.007959147915244102,,0.03145851622032225,0.003581616561859846,0.10412198714963974,0.5401900957910003,0.5355694598692675,0.5187309426624795,1.0745755021879444,1.073937604072122,1.0716129763409201,0.0029625258470242777,0.0023246277312019004,0.0006378981158223773,0.5401900957910003,1.0745755021879442,0.0,0.0
main,dfl_linear,2259-07-01,2259-04-01,0.004351163963429,0.009669253252064443,0.0090296413614356,0.0356322971655806,0.1078921812518446,0.010296947322785854,,0.04055598232723234,0.004633626295253635,0.11213278439119216,0.511657216543504,0.507033354477995,0.4943968110330869,1.0636953679567838,1.0631197509496912,1.0615466483755447,0.002148719581239078,0.0015731025741465565,0.0005756170070925215,0.511657216543504,1.0636953679567838,0.0,0.0
main,dfl_linear,2259-10-01,2259-07-01,0.0045811629549922,0.010180362122204889,0.0111653620065436,0.0439190083655191,0.1149408817467752,0.013089047744870186,,0.05133719243130008,0.005890071485191584,0.12094998550359402,0.49328626230458195,0.4863260704789511,0.4698131583370733,1.0602738445564066,1.0594233900592125,1.0574057042332115,0.0028681403231951563,0.0020176858260010366,0.0008504544971941197,0.4932862623045818,1.0602738445564062,0.0,0.0
main,dfl_linear,2260-01-01,2259-10-01,0.0028768729024802,0.006393050894400444,0.0089953987287077,0.0354989967073581,0.1077746784183463,0.014152520336210728,,0.0554196168861375,0.006368634151294828,0.12416291879109247,0.5158586498591283,0.5073913101422525,0.46138312744931326,1.0718236554634362,1.0706447369928764,1.0642389592412795,0.007584696222156628,0.006405777751596897,0.001178918470559731,0.5158586498591283,1.0718236554634355,0.0,0.0
main,dfl_linear,2260-04-01,2260-01-01,0.0042781984674133,0.009507107705362889,0.0119474950271719,0.0469403255764846,0.1174163773084377,0.017110511660575867,,0.06670538102379342,0.00769973024725914,0.13270125932724053,0.48805585942890134,0.4794013395151539,0.44019450449277636,1.0611133860858473,1.0600296842786496,1.0551202822099388,0.0059931038759084565,0.004909402068710822,0.0010837018071976345,0.4880558594289013,1.0611133860858473,0.0,0.0
main,dfl_linear,2260-07-01,2260-04-01,0.0039357872117499,0.008746193803888667,0.0122533462681922,0.0481198546507287,0.1183720215543404,0.024315113201737404,,0.09377025766514013,0.010941800940781832,0.1508146577037972,0.48659951315477434,0.4767744686870968,0.3999671702999156,1.0625971967988193,1.0613332821719563,1.0514526278705238,0.011144568928295406,0.009880654301432479,0.0012639146268629275,0.4865995131547743,1.0625971967988188,0.0,0.0
main,dfl_linear,2260-10-01,2260-07-01,0.0070738392568249,0.015719642792944223,0.0122399340041788,0.048068152616375,0.1183302542129789,0.02406090870499611,,0.0928254537671882,0.01082740891724825,0.1502433022493014,0.47937696834665067,0.4768887487086859,0.4011583356789778,1.046624974507155,1.046382966265523,1.0390173045627833,0.0076076699443716755,0.007365661702739779,0.00024200824163189694,0.4793769683466506,1.046624974507155,0.0,0.0
main,dfl_linear,2261-01-01,2260-10-01,0.004604390684175,0.010231979298166667,0.0122613330465379,0.0481506413448502,0.1183968872764967,0.03712640330195427,,0.1404381900272783,0.016706881485879423,0.17370326564223978,0.4849630422547797,0.4767064590108568,0.3517923962532076,1.0591441979595322,1.058137257324267,1.0429032262498201,0.01624097170971206,0.015234031074446985,0.0010069406352650745,0.4849630422547797,1.059144197959532,0.0,0.0
main,dfl_linear,2261-04-01,2261-01-01,0.0048503074718097,0.010778461048466,0.010859848352002,0.0427368847432683,0.1139606340446039,0.019320879131555557,,0.07507244860975726,0.008694395609200002,0.1386775248707942,0.4950226846117411,0.4891169966082176,0.4262934103019071,1.0591536887558963,1.0584479771978008,1.0509407517990146,0.008212936956881745,0.0075072253987862325,0.000705711558095512,0.4950226846117411,1.059153688755896,0.0,0.0
main,dfl_linear,2261-07-01,2261-04-01,0.003322202383921,0.007382671964268888,0.0092493666643318,0.0364873197985103,0.1086420571060914,0.015413547866046429,,0.0602433179202958,0.006936096539720893,0.12787566839932615,0.5123888983454762,0.504758902289668,0.45196258225920616,1.06905873872626,1.068030383299743,1.0609146021373004,0.008144136588959627,0.007115781162442714,0.0010283554265169137,0.5123888983454762,1.06905873872626,0.0,0.0
main,dfl_linear,2261-10-01,2261-07-01,0.004732175805377,0.010515946234171111,0.0093271189091747,0.0367897428419956,0.1089057738430114,0.015504863113164902,,0.06059189950393118,0.006977188400924206,0.12814038652887086,0.5080321134324659,0.5039631223492972,0.4513034450226929,1.0613084223012577,1.0608173836108454,1.0544625063296156,0.00684591597164208,0.006354877281229854,0.0004910386904122266,0.5080321134324659,1.0613084223012572,0.0,0.0
main,dfl_linear,2262-01-01,2261-10-01,0.0049194018324544,0.01093200407212089,0.010187096176266,0.0401299411065924,0.111772519965951,0.02637779712677002,,0.1014093887362747,0.01187000870704651,0.15526940989445745,0.5002703327177876,0.4954491920437198,0.39081031110747716,1.0594351079816438,1.0588623276310656,1.046430602660014,0.013004505321629667,0.012431724971051494,0.0005727803505781726,0.5002703327177876,1.0594351079816438,0.0,0.0
main,dfl_linear,2262-04-01,2262-01-01,0.0040003426768316,0.00888965039295911,0.0078319531994517,0.0309616937218519,0.1036584373329365,0.01814381591975689,,0.07062385860661347,0.008164717163890601,0.1355397498957863,0.5239475910534938,0.5201994048252121,0.4335044115632308,1.067063496207843,1.0665837412147885,1.0554870791609112,0.011576417046931686,0.011096662053877271,0.0004797549930544154,0.5239475910534938,1.067063496207843,0.0,0.0
main,dfl_linear,2262-07-01,2262-04-01,0.0034176883289162,0.0075948629531471116,0.0080048456297934,0.031636964815598,0.1042876014433532,0.011767308227717876,,0.04624491413466758,0.005295288702473045,0.11685020107517108,0.5238199500673678,0.5182079040600815,0.480969713559607,1.0700992183133307,1.0693481968255107,1.0643648661120657,0.005734352201264947,0.004983330713445033,0.000751021487819914,0.5238199500673678,1.0700992183133304,0.0,0.0
main,dfl_linear,2262-10-01,2262-07-01,0.0027453656808072,0.006100812624016,0.0076181959178131,0.0301263273948906,0.1028703698513535,0.01148683950304985,,0.04516171834963212,0.005169077776372433,0.11596408710452216,0.5296168703178633,0.5227110475851559,0.483442597999936,1.0744357144159293,1.073465126284115,1.0679460892920962,0.006489625123833109,0.005519036992018833,0.0009705881318142762,0.5296168703178633,1.0744357144159289,0.0,0.0
main,dfl_linear,2263-01-01,2262-10-01,0.0046897379987943,0.010421639997320667,0.0079232239346176,0.0313182165323999,0.1039914546183925,0.008623950183391571,,0.03405212564121973,0.003880777582526207,0.10648806384517223,0.5211558143786006,0.5191437794404447,0.5113386617593001,1.0631133345557657,1.0628696718531991,1.0619244516525101,0.0011888829032555837,0.0009452202006889898,0.00024366270256659384,0.5211558143786006,1.0631133345557655,0.0,0.0
main,dfl_linear,2263-04-01,2263-01-01,0.0024473537517558,0.005438563892790667,0.0055206643539181,0.0219004631067074,0.0942355026829537,0.015106921084225178,,0.05907210861468726,0.0067981144879013305,0.12698265667809003,0.5559173369885467,0.5514708028133454,0.4541982350678649,1.0797888488106258,1.0791506534901514,1.0651894659450594,0.01459938286556639,0.013961187545092013,0.0006381953204743773,0.5559173369885467,1.079788848810625,0.0,0.0
main,dfl_linear,2263-07-01,2263-04-01,0.0031999594699685,0.007111021044374444,0.006261556982794,0.0248119658087464,0.0975226415056869,0.009037315845489502,,0.03566217066691624,0.004066792130470276,0.10791849177999163,0.5437069657740982,0.5402558364840382,0.5069532564706636,1.0739443677098819,1.0734750127276895,1.0689458483483247,0.004998519361557152,0.004529164379364792,0.0004693549821923604,0.5437069657740982,1.0739443677098814,0.0,0.0
main,dfl_linear,2263-10-01,2263-07-01,0.0023893203291191,0.005309600731375778,0.0073525655928455,0.0290874880493693,0.1018737620443998,0.010944603011012077,,0.043064935653326475,0.004925071354955435,0.11423336526681913,0.53343836109521,0.5259146054996594,0.48833766795606354,1.0768720934590277,1.0757878691409324,1.0703727770413982,0.006499316417629464,0.005415092099534169,0.0010842243180952948,0.53343836109521,1.0768720934590272,0.0,0.0
main,dfl_linear,2264-01-01,2263-10-01,0.0037867223206633,0.008414938490362888,0.0097224675861674,0.0383263792721549,0.1102345001679332,0.010533121414482594,,0.04147146792638079,0.004739904636517168,0.112903293185971,0.5070448164902096,0.4999859231717825,0.4921590769266245,1.0659831499285541,1.0650645565399386,1.064046027304522,0.001937122624032117,0.0010185292354165654,0.0009185933886155517,0.5070448164902096,1.0659831499285537,0.0,0.0
main,dfl_linear,2264-04-01,2264-01-01,0.0030549231077403,0.006788718017200666,0.0126219235474437,0.0495398344286364,0.1195148976556788,0.009934692643582821,,0.039150494267342295,0.004470611689612269,0.11093996980240085,0.4859799045289817,0.4736660923421026,0.49789610867076556,1.0667983115584387,1.0651057686049834,0.8232368989816379,0.24356141257680086,0.24186886962334553,0.0016925429534553338,0.4859799045289817,1.0667983115584383,0.02451993039987277,0.0
main,dfl_linear,2264-07-01,2264-04-01,0.0074311326377831,0.016513628083962444,0.0126902712104427,0.0498029757231042,0.1197257979104527,0.02056027203798294,,0.07973932608444378,0.009252122417092324,0.14186858932364346,0.4753824742886245,0.4730963906614551,0.4191445369440596,1.044537953479326,1.0443237733365072,1.0392690957222672,0.005268857757058765,0.005054677614239944,0.00021418014281882058,0.4753824742886245,1.044537953479326,0.0,0.0
main,dfl_linear,2264-10-01,2264-07-01,0.0056047504461922,0.012455000991538222,0.0124533669880434,0.0488906511932573,0.1189934116697617,0.029581131413578987,,0.11317703902685661,0.013311509136110544,0.16156661224860483,0.481236200971785,0.4750799779576927,0.37817061562021265,1.0538755936420554,1.0531863891125384,1.0423371441578542,0.01153844948420124,0.0108492449546842,0.0006892045295170401,0.481236200971785,1.053875593642055,0.0,0.0
main,dfl_linear,2265-01-01,2264-10-01,0.005466889398214,0.012148643107142221,0.0127617239637911,0.0500780133191551,0.1199459387864054,0.022376123815774918,,0.08654491315740254,0.010069255717098713,0.1463308803363894,0.4793569058483727,0.472503012159099,0.4094317374994511,1.0543260483170953,1.0535492889647609,1.0464013516496269,0.007924696667468423,0.007147937315133968,0.0007767593523344551,0.4793569058483727,1.054326048317095,0.0,0.0
main,dfl_linear,2265-04-01,2265-01-01,0.0056624783475693,0.012583285216820667,0.0119675385594596,0.0470176579085035,0.1174792102474241,0.028550775721669197,,0.10940464994974441,0.012847849074751139,0.15962122414332872,0.4846330334973703,0.4792278416987609,0.3820479952051769,1.0539761090406012,1.053374104633675,1.042550678188654,0.01142543085194725,0.0108234264450211,0.0006020044069261488,0.4846330334973703,1.053976109040601,0.0,0.0
main,dfl_linear,2265-07-01,2265-04-01,0.0045436116756115,0.010096914834692222,0.0131487365441907,0.051566673751804,0.1211323017421145,0.030854452401399612,,0.11782241332217169,0.013884503580629827,0.1638694708806931,0.478753138108476,0.4693276161606523,0.3735945764899719,1.0586778437217708,1.057522615150245,1.0457892020534656,0.012888641668305167,0.011733413096779444,0.0011552285715257238,0.478753138108476,1.0586778437217708,0.0,0.0
main,dfl_linear,2265-10-01,2265-07-01,0.007751057833473,0.017224572963273333,0.0126453608652396,0.0496300752162034,0.1195872541351205,0.028629235923290253,,0.10969233488058894,0.012883156165480613,0.15977198956419633,0.47497292566412186,0.47347049893376,0.3817468458470422,1.0429800253500077,1.0428440716240823,1.0345440513032398,0.00843597404676788,0.008300020320842538,0.00013595372592534183,0.4749729256641218,1.0429800253500074,0.0,0.0
main,dfl_linear,2266-01-01,2265-10-01,0.0053877495039765,0.011972776675503333,0.0116141333547611,0.045653453095981,0.1163670007844536,0.037911076098680496,,0.1432366912919153,0.017059984244406225,0.17477122449671728,0.4879125749499526,0.482315412074104,0.0,1.055681805254887,1.0550430430068245,1.0,0.055681805254887085,0.0550430430068245,0.0006387622480625854,0.4879125749499526,1.0556818052548866,0.0,0.0
main,dfl_linear,2266-04-01,2266-01-01,0.0038262114979229,0.008502692217606444,0.0108414136256181,0.042665520227675,0.1139012305733881,0.02447405643761158,,0.09436062816934254,0.01101332539692521,0.1511693901288878,0.49769209420916505,0.4892870348351131,0.3992296682433691,1.0645695196942553,1.0634790650675916,1.0517952127954389,0.012774306898816423,0.01168385227215274,0.0010904546266636839,0.497692094209165,1.064569519694255,0.0,0.0
main,dfl_linear,2266-07-01,2266-04-01,0.0041540195334287,0.009231154518730444,0.0108199183742578,0.042582302768544,0.1138319273886477,0.019240422174334526,,0.07476887932466614,0.008658189978450538,0.13846634364431656,0.49705260969598175,0.4894855391311641,0.42677292269128375,1.0628571759307368,1.061900245665218,1.0539696204401552,0.008887555490581622,0.007930625225062826,0.0009569302655187961,0.4970526096959817,1.0628571759307366,0.0,0.0
main,dfl_linear,2266-10-01,2266-07-01,0.0054206522435504,0.012045893874556445,0.0117761194950394,0.0462789291139201,0.1168779432964925,0.02378341555595398,,0.09179324956730683,0.01070253700017929,0.14961394658815405,0.486621322259941,0.4808926506414122,0.4024752319324295,1.055374332516992,1.0547224470516945,1.0457990562751682,0.00957527624182375,0.008923390776526263,0.0006518854652974859,0.486621322259941,1.0553743325169918,0.0,0.0
main,dfl_linear,2267-01-01,2266-10-01,0.0038003570090654,0.00844523779792311,0.0102176178057314,0.040248328907373,0.1118727408724851,0.025998283177614212,,0.1000075015601003,0.011699227429926396,0.15447380811417966,0.5028332142264422,0.4951560397206208,0.39242999102673487,1.0653665226892788,1.0643685174117306,1.0510144978228322,0.0143520248664466,0.01335401958889837,0.0009980052775482307,0.5028332142264414,1.0653665226892783,0.0,0.0
main,dfl_linear,2267-04-01,2267-01-01,0.005253741316515,0.011674980703366667,0.0093373090827558,0.0368293729902005,0.1089402753766641,0.015579727478325367,,0.06087761008532144,0.007010877365246415,0.12835699280015053,0.5066009578640446,0.503859166200968,0.45076531080869026,1.0584934570879954,1.0581768827300142,1.0520465288413865,0.006446928246608863,0.006130353888627704,0.00031657435798115863,0.5066009578640446,1.0584934570879951,0.0,0.0
main,dfl_linear,2267-07-01,2267-04-01,0.003182033233457,0.007071184963237778,0.0093209052543004,0.0367655769945897,0.1088847289805932,0.0316157303750515,,0.1205910025188317,0.014227078668773175,0.1651942278795009,0.5121199168074793,0.50402654542087,0.37096027180687524,1.06974032007569,1.0686381674499683,1.0505172465317378,0.01922307354395225,0.018120920918230476,0.001102152625721775,0.5121199168074793,1.0697403200756896,0.0,0.0
main,dfl_linear,2267-10-01,2267-07-01,0.0026234451351457,0.005829878078101556,0.0073628396159442,0.0291276836812264,0.1019126908024374,0.014807713218033314,,0.057928182021636965,0.006663470948114991,0.12610517328542173,0.532662501070254,0.5257889035088379,0.4564134269032161,1.0755131917087297,1.074538752379246,1.0647036998754962,0.010809491833233542,0.00983505250374983,0.0009744393294837117,0.532662501070254,1.0755131917087293,0.0,0.0
main,dfl_linear,2268-01-01,2267-10-01,0.001787050013138,0.003971222251417777,0.0050538823406197,0.0200627946893485,0.091964285826443,0.011936581693589687,,0.04689821756937418,0.00537146176211536,0.11738215363341553,0.5651271266959896,0.5594123159546933,0.4794958855892997,1.0848422528930592,1.0839842912146245,1.0719864774925827,0.012855775400476555,0.011997813722041784,0.000857961678434771,0.5651271266959896,1.0848422528930588,0.0,0.0
main,dfl_linear,2268-04-01,2268-01-01,0.002784944334021,0.006188765186713333,0.0070031061120166,0.0277195348987098,0.1005295335255537,0.008565406315028667,,0.0338239364102173,0.0038544328417629004,0.10628315328932518,0.5361514049245424,0.5302837006533957,0.511972035602061,1.075141917854103,1.0743195558341867,1.0717531657838746,0.0033887520702284846,0.0025663900503121173,0.0008223620199163673,0.5361514049245424,1.0751419178541028,0.0,0.0
main,dfl_linear,2268-07-01,2268-04-01,0.0027150895326451,0.006033532294766888,0.0055457974462573,0.0219993358865026,0.0943528631592615,0.010782959870994091,,0.042439207658153455,0.004852331941947341,0.1137126737727739,0.5547297669493144,0.5510647451301194,0.4898274441618007,1.0781331910105774,1.0776169759687346,1.0689917569547225,0.00914143405585488,0.008625219014012142,0.000516215041842738,0.5547297669493144,1.0781331910105774,0.0,0.0
main,dfl_linear,2268-10-01,2268-07-01,0.0022958489641629,0.005101886587028667,0.0063017690441886,0.0249698018719676,0.0976920417266298,0.011842144653201103,,0.04653378340509884,0.005328965093940497,0.11708563975123618,0.5458876073086442,0.5396867519234365,0.4803164225815329,1.0791763630499631,1.0782769816193785,1.069665819381155,0.009510543668808102,0.008611162238223447,0.0008993814305846559,0.5458876073086442,1.079176363049963,0.0,0.0
main,dfl_linear,2269-01-01,2268-10-01,0.0041282384970612,0.009173863326802666,0.0083461616750971,0.032969016881417,0.1055101639603255,0.013637161813676357,,0.053442924106031686,0.006136722816154361,0.12261526954355344,0.5185689083902606,0.5143729742462457,0.4654105942147318,1.065711815299607,1.065180116532057,1.058975720508301,0.006736094791305991,0.006204396023755887,0.0005316987675501039,0.5185689083902606,1.0657118152996068,0.0,0.0
main,dfl_linear,2269-04-01,2269-01-01,0.0045396252243703,0.010088056054156223,0.0101809806344511,0.0401062187248686,0.1117524274414012,0.012149796821177006,,0.04772063421056871,0.005467408569529653,0.11804922616820188,0.5012730975691413,0.4955080010446747,0.47765892097302715,1.0614579604113847,1.0607511379713082,1.058562773860522,0.0028951865508626273,0.002188364110786045,0.0007068224400765821,0.5012730975691413,1.0614579604113847,0.0,0.0
main,dfl_linear,2269-07-01,2269-04-01,0.0036929723680992,0.008206605262442667,0.0080581494019007,0.0318450837446452,0.1044801817651858,0.018006358295679092,,0.07010330715366431,0.008102861233055592,0.13516662792177328,0.5225393237612945,0.5176007659181305,0.4343745337295811,1.0684893735529404,1.0678420754118192,1.0569335901618764,0.011555783391064,0.010908485249942812,0.0006472981411211887,0.5225393237612945,1.06848937355294,0.0,0.0
main,dfl_linear,2269-10-01,2269-07-01,0.0027095779163914,0.006021284258647556,0.0074325882737076,0.029400532237172,0.1021761361541991,0.011253402568399906,,0.044259460301660836,0.005064031155779958,0.11522192124457542,0.5316724788613109,0.5249394188629932,0.48553106906400056,1.0749148963739434,1.0739661798010374,1.068413376978175,0.006501519395768485,0.005552802822862413,0.000948716572906072,0.5316724788612789,1.0749148963739386,0.0,0.0
main,dfl_linear,2270-01-01,2269-10-01,0.0021002597908377,0.004667243979639334,0.0045638117771075,0.0181306566341741,0.0893569759132283,0.009791024960577488,,0.038592660067615525,0.00440596123225987,0.1104629619641011,0.5725499956092004,0.5687278702488868,0.4993074986381922,1.0841633619221227,1.0836015194236874,1.0733969051446808,0.010766456777441924,0.010204614279006652,0.0005618424984352721,0.5725499956092004,1.084163361922122,0.0,0.0
main,dfl_linear,2270-04-01,2270-01-01,0.0025040623840513,0.005564583075669555,0.0049995479335859,0.0198487180967211,0.0916874984802928,0.007336260285228491,,0.02902369332550403,0.003301317128352821,0.1018119146299924,0.5637246735238092,0.5603910505237059,0.5261144178600518,1.0805897276526741,1.0801131549882284,1.0752129889657847,0.005376738686889482,0.004900166022443697,0.0004765726644457846,0.5637246735238092,1.080589727652674,0.0,0.0
main,dfl_linear,2270-07-01,2270-04-01,0.0011150629582811,0.0024779176850691113,0.003436870491792,0.0136767717413189,0.0820797359125765,0.009440159425139427,,0.03722929519897755,0.004248071741312742,0.10928772770729688,0.6009803188678334,0.5959360910153777,0.5028143234034534,1.0942633846475411,1.0934722006846422,1.0788661100625765,0.015397274584964649,0.014606090622065748,0.0007911839628989004,0.6009803188678334,1.094263384647541,0.0,0.0
main,dfl_linear,2270-10-01,2270-07-01,0.0008485761671697,0.0018857248159326668,0.0024141323355494,0.0096216173772207,0.0728310398570747,0.008868562988936901,,0.0350051274126878,0.003990853345021606,0.10733786853249343,0.6374314418406263,0.6335075850601064,0.5087257399666589,1.1016793909317195,1.1010534799060654,1.081148998928784,0.020530392002935605,0.01990448097728148,0.0006259110256541245,0.6374314418406263,1.1016793909317195,0.0,0.0
main,dfl_linear,2271-01-01,2270-10-01,0.0012131028701462,0.0026957841558804445,0.0037816154100491,0.0150408740627379,0.0845448239957888,0.0046148174442350864,,0.018331883201713972,0.002076667849905789,0.08964079187593567,0.591863322571241,0.5865096344548083,0.5677033091391901,1.092253127238514,1.091418653379152,1.0884873307983014,0.0037657964402126876,0.002931322580850493,0.0008344738593621948,0.591863322571241,1.0922531272385134,0.0,0.0
main,dfl_linear,2271-04-01,2271-01-01,0.0018046114475323,0.004010247661182889,0.003448423733597,0.0137225090649633,0.0821665592363915,0.007493219804018736,,0.029637668932754324,0.0033719489118084313,0.1024039868829668,0.5981892657820697,0.5956002109310661,0.52420642930544,1.089700804683175,1.0893125658484304,1.0786067908913677,0.011094013791807411,0.010705774957062708,0.000388238834744703,0.5981892657820697,1.0897008046831749,0.0,0.0
main,dfl_linear,2271-07-01,2271-04-01,0.0017672539892845,0.003927231087298888,0.0032653253961252,0.0129974666353279,0.0807524039331577,0.007532340008765459,,0.029790649363795718,0.0033895530039444568,0.1025504414519484,0.6034287101217625,0.6011073050612888,0.5237361267752481,1.0907119053483412,1.0903629344217205,1.078731921704482,0.011979983643859216,0.011631012717238542,0.0003489709266206731,0.6034287101217625,1.0907119053483412,0.0,0.0
main,dfl_linear,2271-10-01,2271-07-01,0.0017686111825862,0.003930247072413778,0.0044948557548162,0.0178585634929115,0.0889681962016715,0.005973760038614273,,0.02368177674082539,0.002688192017376423,0.09628521542919903,0.5749214331608041,0.5701355925390366,0.5444392085629979,1.0864186760130483,1.0856992977010085,1.0818367743135546,0.0045819016994936845,0.0038625233874538534,0.0007193783120398312,0.5749214331608041,1.0864186760130476,0.0,0.0
main,dfl_linear,2272-01-01,2271-10-01,0.001347736379707,0.0029949697326822223,0.0033838572749582,0.0134668810156719,0.0816772817918392,0.0070080808363854885,,0.027739018508399105,0.0031536363763734697,0.10054895878161814,0.6015941492240028,0.5974967940438942,0.5302201749471482,1.0929599138623518,1.092326779738461,1.081931019200812,0.011028894661539779,0.010395760537649013,0.0006331341238907662,0.6015941492240028,1.0929599138623511,0.0,0.0
main,dfl_linear,2272-04-01,2272-01-01,0.0009300421917264,0.0020667604260586666,0.0020996968531927,0.0083723720600421,0.0691393747600866,0.005768272560089827,,0.022874219033504728,0.002595722652040422,0.09537231759524178,0.6524458793000357,0.6496132103783839,0.5475551683944186,1.1035428857667353,1.103093342404021,1.0868967742012157,0.01664611156551965,0.01619656820280535,0.00044954336271429973,0.6524458757162612,1.1035428851979918,0.0,0.0
main,dfl_linear,2272-07-01,2272-04-01,0.0008500595815078,0.0018890212922395555,0.0014897531577513,0.0059457096644746,0.0601290175015738,0.004367167130112648,,0.01735456842929406,0.0019652252085506916,0.08823213528250097,0.6935819085860622,0.6921024912643583,0.5728143293405417,1.110625901172918,1.110389934991565,1.091363544238402,0.019262356934516056,0.019026390753162925,0.00023596618135313108,0.6935819085860618,1.1106259011729176,0.0,0.0
main,dfl_linear,2272-10-01,2272-07-01,0.0005108763192833,0.0011352807095184444,0.0015861227662379,0.0063294123074232,0.0617573249525366,0.0038710623048245907,,0.015394570287922238,0.0017419780371710659,0.08514534807951919,0.6874354514284121,0.6840597181510227,0.5842469065571667,1.1119772109082673,1.111427333539582,1.095168701209858,0.01680850969840919,0.0162586323297238,0.0005498773686853919,0.6874354514284121,1.111977210908267,0.0,0.0
main,dfl_linear,2273-01-01,2272-10-01,0.0005891240394213,0.0013091645320473333,0.0016609200843231,0.0066271467241488,0.0629609454857664,0.004215167369693518,,0.016754362921595267,0.001896825316362083,0.08732677394430531,0.681430673058489,0.6782229692390794,0.5761338568592906,1.1104658811668482,1.109945884279501,1.0933963449023576,0.017069536264490592,0.01654953937714332,0.0005199968873472738,0.681430673058489,1.1104658811668482,0.0,0.0
main,dfl_linear,2273-04-01,2273-01-01,0.0009062507565596,0.0020138905701324442,0.0025163770192416,0.010027578853393,0.0739263928259324,0.004484700039029121,,0.017818485339697987,0.0020181150175631046,0.08891043209290879,0.6327806485925472,0.6288589645236685,0.5703451688867527,1.1005725695483153,1.0999492669162871,1.0906492309649372,0.009923338583378127,0.009300035951349983,0.0006233026320281443,0.6327806485925472,1.1005725695483146,0.0,0.0
main,dfl_linear,2273-07-01,2273-04-01,0.0010924540411846,0.002427675647076889,0.0019010647232912,0.0075826020797608,0.066512276034034,0.0066710347309708595,,0.02641830823344804,0.003001965628936887,0.09921183802662495,0.663109164631914,0.6615120338656937,0.5346199816991108,1.1041581767916748,1.1039073067425482,1.0839756793303983,0.02018249746127654,0.019931627412149933,0.0002508700491266058,0.663109164631914,1.1041581767916746,0.0,0.0
main,dfl_linear,2273-10-01,2273-07-01,0.000578268066394,0.0012850401475422222,0.0017933218585055,0.0071540144732663,0.0649743350414338,0.004464940633624792,,0.017740504014672642,0.0020092232851311566,0.08879766512064918,0.6722571357717008,0.6686575972426982,0.5707546192978044,1.109051750469423,1.108467842978401,1.0925862843411633,0.01646546612825972,0.015881558637237614,0.0005839074910221065,0.6722571357717002,1.1090517504694224,0.0,0.0
main,dfl_linear,2274-01-01,2273-10-01,0.0013478790344266,0.002995286743170222,0.0023091182144806,0.0092045299170434,0.0716551897901635,0.003941475413739681,,0.01567293496987643,0.0017736639361828567,0.08560785035050987,0.640192280015253,0.6385627024469145,0.582512969441479,1.0989232855202193,1.0986714812231315,1.0900106086782508,0.008912676841968503,0.008660872544880682,0.00025180429708782093,0.640192280015253,1.0989232855202191,0.0,0.0
main,dfl_linear,2274-04-01,2274-01-01,0.0014443039055899,0.0032095642346442223,0.0036795989214184,0.0146373580919784,0.0838412154534329,0.005376965738832951,,0.021335013386286295,0.002419634582474828,0.0935553587951659,0.5935228068906875,0.5891773106970895,0.553832336495863,1.0911395584771464,1.090472277287863,1.0850448104648756,0.006094748012270834,0.005427466822987448,0.0006672811892833863,0.5935228068906875,1.0911395584771462,0.0,0.0
main,dfl_linear,2274-07-01,2274-04-01,0.0017182068304419,0.003818237400982,0.0047866824275243,0.0190096939093146,0.090574802197452,0.009214562363922596,,0.03635192285506894,0.004146553063765168,0.10852373854847842,0.5698232616635055,0.5643498682537703,0.5051166280282195,1.0859395657561197,1.085114079882707,1.0761806451042621,0.009758920651857572,0.008933434778444882,0.0008254858734126902,0.5698232616635055,1.0859395657561195,0.0,0.0
main,dfl_linear,2274-10-01,2274-07-01,0.0025578902397332,0.005684200532740444,0.0056677397919339,0.0224789467551775,0.0949158549791976,0.008120659738779068,,0.03208910599014814,0.0036542968824505805,0.10470522089939496,0.5534838386309997,0.5491226810414953,0.5168927395110483,1.078827775803165,1.0782066549524494,1.0736164313040135,0.0052113444991515046,0.004590223648435865,0.0006211208507156396,0.5534838386309997,1.0788277758031648,0.0,0.0
main,dfl_linear,2275-01-01,2274-10-01,0.0026256686642777,0.005834819253950445,0.0061354107181942,0.0243167056952343,0.0969858125797699,0.008975544944405556,,0.03542170313956561,0.004038995224982501,0.1077064688656919,0.5470115906360669,0.5420650050755508,0.507599302483676,1.077535235301561,1.0768340898744082,1.0719488069918515,0.005586428309709568,0.004885282882556741,0.0007011454271528272,0.5470115906360669,1.0775352353015608,0.0,0.0
main,dfl_linear,2275-04-01,2275-01-01,0.0034621534527469,0.007693674339437555,0.0060431824858636,0.0239544910718119,0.096587901580164,0.00868936162441969,,0.03430703512522015,0.00391021273098886,0.1067162989409096,0.5457024181392645,0.5434116370002655,0.5106347156244797,1.0727849511360645,1.072479410263011,1.0681076747869953,0.004677276349069226,0.00437173547601577,0.0003055408730534559,0.5457024181392645,1.072784951136064,0.0,0.0
main,dfl_linear,2275-07-01,2275-04-01,0.0032286722541777,0.007174827231505999,0.0095142296918224,0.0375172321073953,0.1095370995300755,0.013573630712926388,,0.05319903161191697,0.0061081338208168745,0.12242326906297961,0.5102931949831312,0.5020666986177728,0.46591450760918673,1.0692535619557888,1.0681371171720475,1.063230784842977,0.00602277711281185,0.004906332329070562,0.0011164447837412883,0.5102931949831312,1.0692535619557884,0.0,0.0
main,dfl_linear,2275-10-01,2275-07-01,0.0031824367978024,0.007072081772894222,0.0065119780630236,0.025794579888154,0.0985648037584248,0.01669256016612053,,0.06511691859831059,0.007511652074754238,0.13153138546178125,0.5406947378515056,0.5367685453930072,0.44300050087939014,1.0736294476578854,1.0730947959184092,1.060325873193303,0.013303574464582413,0.012768922725106213,0.0005346517394761996,0.5406947378515056,1.0736294476578851,0.0,0.0
main,dfl_linear,2276-01-01,2275-10-01,0.0058811025434502,0.013069116763222666,0.008959682814031,0.0353599463021175,0.1076519295266024,0.009754616767168045,,0.038451255431590226,0.00438957754522562,0.11034170322452248,0.5083030472020456,0.5077657124301296,0.4996673834309447,1.0555010884925093,1.0554424174597652,1.0545581692206503,0.0009429192718590773,0.0008842482391149264,5.8671032744150864e-05,0.5083030472020456,1.0555010884925091,0.0,0.0
main,dfl_linear,2276-04-01,2276-01-01,0.0026340727701143,0.005853495044698444,0.0065094185332613,0.0257845404418861,0.0985543008435394,0.02169601246714592,,0.08400037727615084,0.009763205610215665,0.14468939429853467,0.542333534063283,0.5368035189387944,0.41296831597662526,1.076826573778672,1.076043195860335,1.0585007911237332,0.018325782654938783,0.017542404736601735,0.0007833779183370471,0.542333534063283,1.0768265737786715,0.0,0.0
main,dfl_linear,2276-07-01,2276-04-01,0.002555019134829,0.00567782029962,0.0065674546933059,0.026012161201677,0.0987917305065386,0.00805415865033865,,0.03182950343997948,0.0036243713926523923,0.10446578569125903,0.5418681173930064,0.5360135592771067,0.5176461106485222,1.0771890096370962,1.0763550289537456,1.073738589411184,0.003450420225912243,0.0026164395425616327,0.0008339806833506103,0.5418681173930064,1.077189009637096,0.0,0.0
main,dfl_linear,2276-10-01,2276-07-01,0.0019153442202513,0.004256320489447333,0.0047551514599089,0.0188853666196882,0.090405935107117,0.008498069830238819,,0.03356142578751775,0.0038241314236074687,0.10604670316263742,0.5697314834552533,0.5649540978973681,0.5127045052947009,1.0848025701811703,1.0840914727856077,1.0763143007803797,0.008488269400790616,0.007777172005227984,0.0007110973955626321,0.5697314834552533,1.0848025701811703,0.0,0.0
main,dfl_linear,2277-01-01,2276-10-01,0.0019559843753001,0.004346631945111333,0.004489268003318,0.0178365123422132,0.0889364302279652,0.008692335337400436,,0.03431862253555251,0.003911550901830196,0.10672665730858298,0.574407557338352,0.5702508279857782,0.5106028051851784,1.085265147560762,1.0846481220061892,1.0757939601818438,0.009471187378918167,0.008854161824345397,0.0006170255545727699,0.574407557338352,1.0852651475607618,0.0,0.0
main,dfl_linear,2277-04-01,2277-01-01,0.0015711596043514,0.0034914657874475555,0.0028927306706156,0.0115208120922615,0.077591903031624,0.007465956266969442,,0.029531043567622484,0.003359680320136249,0.10230166293220581,0.615903629456433,0.6137061548454192,0.5245354065930004,1.093794980720927,1.0934603308196809,1.0798806598887145,0.013914320832212557,0.013579670930966348,0.00033464990124620897,0.6159036294564326,1.093794980720927,0.0,0.0
main,dfl_linear,2277-07-01,2277-04-01,0.0019649719978934,0.004366604439763111,0.0030195965477088,0.0120237884581148,0.0787146295277713,0.007164409849792719,,0.028351135114891957,0.0032239844324067238,0.10115500759520324,0.6102040705426192,0.6091831425608537,0.5282438881627749,1.090523944734992,1.0903724897830154,1.0783651287283644,0.012158816006627493,0.012007361054650945,0.00015145495197654846,0.6102040705426192,1.0905239447349917,0.0,0.0
main,dfl_linear,2277-10-01,2277-07-01,0.0011849208070386,0.0026331573489746666,0.0023899085614672,0.0095254188370614,0.0725645183650754,0.006648480426520109,,0.026329881512639042,0.0029918161919340494,0.09912074975599366,0.6371478625693069,0.6346474395860199,0.5349216842075342,1.099491143316458,1.0991007002874582,1.0835284446093294,0.01596269870712863,0.01557225567812881,0.00039044302899982064,0.6371478625693069,1.0994911433164576,0.0,0.0
main,dfl_linear,2278-01-01,2277-10-01,0.000666210549106,0.0014804678869022223,0.0016164659109157,0.0064502027596449,0.0622516844716734,0.005461918655782938,,0.021669330172699675,0.002457863395102322,0.09395935791386105,0.6843788655629218,0.6816514485628543,0.5524279009499122,1.1104162452163386,1.1099762095001,1.089127554407252,0.021288690809086575,0.020848655092847945,0.00044003571623862925,0.6843788655629218,1.1104162452163386,0.0,0.0
main,dfl_linear,2278-04-01,2278-01-01,0.0006280879177241,0.0013957509282757777,0.0018330255456928,0.0073119669113111,0.0655510328724497,0.004462915007025003,,0.017732509531637963,0.0020083117531612517,0.08878607643499743,0.6694375988042247,0.6659621373551363,0.5707967201808932,1.108260859924318,1.1076988113543178,1.0923087437561685,0.01595211616814951,0.015390067598149315,0.0005620485700001954,0.6694375988042247,1.1082608599243178,0.0,0.0
main,dfl_linear,2278-07-01,2278-04-01,0.0008938523999194,0.0019863386664875555,0.0018787450625341,0.007493828665116,0.0662006183880483,0.005586281884461641,,0.022158584606476683,0.0025138268480077385,0.09454094277240542,0.6653604668204013,0.6629490724256838,0.550414881820185,1.1058332179250383,1.105449657973394,1.0875498035151279,0.018283414409910437,0.01789985445826603,0.0003835599516444077,0.6653604668204013,1.105833217925038,0.0,0.0
main,dfl_linear,2278-10-01,2278-07-01,0.0009384823989838,0.002085516442186222,0.0027264342512771,0.0108612173546757,0.0760382054714944,0.0030042731668800116,,0.011963047104649793,0.0013519229250960052,0.07858172333936125,0.6243105744357591,0.620055152497629,0.6097157878235446,1.0990251300855807,1.0983501571494192,1.0967101770018062,0.002314953083774496,0.0016399801476130182,0.0006749729361614776,0.6243105744357591,1.0990251300855731,0.0,0.0
main,dfl_linear,2279-01-01,2278-10-01,0.0015754071351555,0.00350090474479,0.0036739911750687,0.0146151736203813,0.0838019382786039,0.003677974222227931,,0.014630930754744864,0.001655088400002569,0.08382984248186592,0.5931995132290167,0.5893267576345561,0.5892205787968356,1.0903122107653571,1.0897225994934496,1.0897064341976985,0.0006057765676585891,1.6165295751102704e-05,0.0005896112719074864,0.5931995132290167,1.090312210765357,0.0,0.0
main,dfl_linear,2279-04-01,2279-01-01,0.0016993933210565,0.0037764296023477775,0.0051158401739345,0.0203068646500695,0.0922765237439125,0.004427656996995211,,0.01759334992650541,0.001992445648647845,0.08858350817844172,0.5644107884465692,0.5583111007168954,0.5715333580565174,1.0852294532168403,1.0843083633641382,0.9601103197505971,0.12511913346624315,0.12419804361354103,0.0009210898527021172,0.5644107884465692,1.08522945321684,0.012619468468847539,0.0
main,dfl_linear,2279-07-01,2279-04-01,0.0018164199548992,0.004036488788664889,0.0040609334245867,0.0161450542230554,0.086372965016066,0.008755418471992016,,0.034564408564704774,0.003939938312396407,0.10694604142194682,0.5834666924256129,0.5796609779633688,0.5099277402002831,1.0874241988960938,1.0868539666233552,1.076405431125083,0.01101876777101074,0.010448535498272182,0.0005702322727385578,0.583466703597494,1.0874242005700414,0.0,0.0
main,dfl_linear,2279-10-01,2279-07-01,0.0018092583453308,0.004020574100735111,0.0039706234745618,0.0157881489460538,0.0857967639276147,0.0073218075558543205,,0.02896714420939417,0.0032948134001344444,0.10175702625015245,0.5854594484960631,0.5818068917956053,0.526291842212016,1.087764713416896,1.0872171680781395,1.0788950504156025,0.008869663001293437,0.008322117662536987,0.00054754533875645,0.5854594484960631,1.0877647134168955,0.0,0.0
