date,t,x_growth,x_unemployment,x_credit_spread,x_yield_curve,x_house_price_growth,c_lag1,PD_quarterly_true,PD_annual_true,PD_true,expected_c_quarterly,expected_c_annualised,default_rate,c,c_annualised_sim,R_true,K_IRB_true,alpha_oracle,utility_oracle,shortfall_oracle,terminal_capital_oracle,required_capital_oracle,available_buffer_oracle,alpha_bayes,expected_utility_bayes,utility_bayes_realised,shortfall_bayes_realised,regret_bayes_vs_oracle,alpha_full,utility_full,shortfall_full,alpha_zero,utility_zero,latent_state,latent_cycle,simulation_seed
2030Q1,0,-0.30026644025583527,0.07008160582533202,-0.07065934206896052,-0.4738380408268375,-0.7640927803547929,0.000981253387626516,0.004017878572796089,0.015974913389274148,0.004017878572796089,0.0018080453577582402,0.007232181431032961,0.00452098825677836,0.002034444715550262,0.008137778862201048,0.17398715097364237,0.08609995730543878,0.5836539420386146,1.0861797454815818,0.0,1.0861797454815818,0.5025257949067576,0.5025258034429672,0.5806762902129654,1.0869489988635668,1.0857400786550873,0.0,0.0004396668264945447,1.0,-5.9857846492544065,0.7133440202098904,0.0,1.0,0.31971358990125004,-0.39134282772100104,42
2030Q2,1,0.5549775948046366,-0.7131689749262529,-0.9771358592616668,0.20700883050302774,0.05653266776606744,0.002034444715550262,0.0037345487993572656,0.01485472221534423,0.0037345487993572656,0.0016805469597107696,0.0067221878388430785,0.003095622358610436,0.0013930300613746963,0.005572120245498785,0.177097231593762,0.08422274773730469,0.5923616893290935,1.0912649874028664,0.0,1.0912649874028664,0.49890329129607897,0.49890329807377287,0.5877285271145349,1.0887571411990533,1.0905511574932616,0.0,0.0007138299096047795,1.0,-5.727508080481684,0.6881577779867938,0.0,1.0,0.2478051673443648,-0.13962154517245917,42
2030Q3,2,-1.4568048882944344,0.27325388354209856,0.43833751326500675,-0.48097815917402653,-0.14605097409265919,0.0013930300613746963,0.0051282719147514545,0.020355831407606995,0.0051282719147514545,0.0023077223616381547,0.009230889446552619,0.006458970326436418,0.0029065366468963884,0.011626146587585554,0.1633670602448627,0.09233874915574919,0.5603958626651538,1.077858393811692,0.0,1.077858393811692,0.5174625299055731,0.5174625311465381,0.5580920017324319,1.0807701352494832,1.0775383077372978,0.0,0.0003200860743941547,1.0,-6.70559394673352,0.7844528580264557,0.0,1.0,0.5592561598937207,-0.3798473395591556,42
2030Q4,3,-0.8236183390820718,0.5926778684238927,1.0350430406532851,-0.6924582121450579,0.21157446339824576,0.0029065366468963884,0.006103656798903112,0.024192007607605426,0.006103656798903112,0.0027466455595064002,0.010986582238025601,0.005620918486626353,0.002529413318981859,0.010117653275927436,0.15579797624722824,0.09684934361168815,0.5477088360320516,1.0781612642055494,0.0,1.0781612642055494,0.5304524126002592,0.5304524281734978,0.5425263100180613,1.0761308395853775,1.0774216873384566,0.0,0.000739576867092806,1.0,-7.115169826256822,0.8257875693067003,0.0,1.0,0.7414638916960704,-0.4670943150567946,42
2031Q1,4,-0.19102048373100927,0.691888563422642,0.3012487748910986,0.08241344241201926,-1.049270299289166,0.002529413318981859,0.005740846640349082,0.022766398366006135,0.005740846640349082,0.002583380988157087,0.010333523952628348,0.007403525723800448,0.0033315865757102014,0.013326346302840806,0.1584428154632952,0.0952484582942418,0.5501153847297805,1.0740918143260292,0.0,1.0740918143260292,0.5239764227945528,0.5239764295962487,0.5479798797911196,1.077792572048746,1.0738041956921942,0.0,0.000287618633834974,1.0,-7.043320352752303,0.8178004486995201,0.0,1.0,0.6720363220434817,0.26325897580042074,42
2031Q2,5,0.2751456805284186,-0.19532517921050663,-0.6791696350645184,-0.0017882553981703186,1.0321032108150585,0.0033315865757102014,0.0026044954494468244,0.010377352041797572,0.0026044954494468244,0.001172022952251071,0.004688091809004284,0.0020523332032291166,0.0009235499414531025,0.00369419976581241,0.19142329957493442,0.07483396464091462,0.6290989080460522,1.0998785739547954,0.0,1.0998785739547954,0.4707796544035626,0.4707796659087432,0.6250502737306796,1.0975869826619011,1.099235794549662,0.0,0.0006427794051333535,1.0,-4.736986957651303,0.5895751458236772,0.0,1.0,-0.10607453017204328,-0.7335302453780058,42
2031Q3,6,0.5687904760128828,-0.20079186769401425,-0.9584351861050493,0.07352925514414532,0.9918460821785243,0.0009235499414531025,0.001653389176856823,0.0065971726047855395,0.001653389176856823,0.0007440251295855703,0.002976100518342281,0.0015892785465014929,0.0007151753459256719,0.0028607013837026875,0.20628304496309166,0.06284201861945389,0.681397595345069,1.1096016084083333,0.0,1.1096016084083333,0.4282040037392593,0.4282040130632643,0.6787956710574825,1.1089034140389586,1.1091830934490432,0.0,0.0004185149592901283,1.0,-3.514871149997213,0.4675719396537956,0.0,1.0,-0.6512950557602729,-2.2346175945184403,42
2031Q4,7,0.07596397740223443,-0.9651631074717472,-1.6156943475882024,-0.026761857562802277,0.0945258613171196,0.0007151753459256719,0.001461830285724779,0.005834511947046983,0.001461830285724779,0.0006578236285761505,0.002631294514304602,0.0019727651293700303,0.0008877443082165137,0.003550977232866055,0.2096368175224833,0.059639805270546166,0.6957608261056908,1.1107112416532026,0.0,1.1107112416532026,0.41495040183817733,0.4149504155475118,0.6945526689384154,1.1120353935430827,1.110518996595587,0.0,0.00019224505761550326,1.0,-3.213632400958432,0.4372754957876267,0.0,1.0,-0.863997023733372,-1.1205661480229245,42
2032Q1,8,0.572333302705346,-1.0523811554360152,-0.9789684955153538,0.5366514707591548,0.6614489957986469,0.0008877443082165137,0.001424201271415912,0.005684646541091021,0.001424201271415912,0.0006408905721371604,0.0025635622885486417,0.0011999718721055304,0.0005399873424474887,0.0021599493697899547,0.21031101323554893,0.05896747243704228,0.7007342080073211,1.1139394709177908,0.0,1.1139394709177908,0.4132052509636436,0.41320526291046966,0.6979460221419134,1.1127020452462901,1.1134861115431594,0.0,0.0004533593746314235,1.0,-3.1081458513734526,0.42707459779489776,0.0,1.0,-0.9166930867811474,-0.6858023648546457,42
2032Q2,9,0.2170141115482414,-0.21485276860449798,-0.5455069754564472,0.8274636514708893,0.5011643649106581,0.0005399873424474887,0.0019418587971932635,0.007744839570590134,0.0019418587971932635,0.0008738364587369686,0.0034953458349478743,0.001247950388513405,0.0005615776748310323,0.002246310699324129,0.20147121472105187,0.06707292407503533,0.6629782805024813,1.1076572131121363,0.0,1.1076572131121363,0.4446789187154041,0.44467893260965496,0.6589407329699319,1.104855837037694,1.1070015790922214,0.0,0.0006556340199148636,1.0,-3.9210659517349473,0.5083450174986637,0.0,1.0,-0.4449930377418389,0.46115135782227745,42
2032Q3,10,1.140022913266589,-0.08121539589892299,0.24840085533568337,0.6297606512184345,0.6143022922354319,0.0005615776748310323,0.0019621861132533462,0.007825673611165929,0.0019621861132533462,0.0008829837509640059,0.0035319350038560235,0.0019126062521144065,0.000860672813451483,0.003442691253805932,0.20114259688225933,0.06734806038528034,0.660463876725838,1.1052734982602939,0.0,1.1052734982602939,0.4448096105202808,0.4448096215344559,0.6576853124635704,1.1045954608230264,1.1048306138114423,0.0,0.00044288444885154377,1.0,-3.9814800480076977,0.5140873319873183,0.0,1.0,-0.4367181473344801,1.3401830849319127,42
2032Q4,11,0.29324488023774253,-0.37565812052780917,-0.3874570563728509,0.6127262757806641,0.47113096284849465,0.000860672813451483,0.002068021909068676,0.008246462707643953,0.002068021909068676,0.0009306098590809042,0.0037224394363236167,0.0020401007801789726,0.0009180453510805377,0.003672181404322151,0.19945323482629201,0.06873718625351938,0.6542137863607387,1.1039019368567913,0.0,1.1039019368567913,0.4496881488269823,0.4496881504960526,0.6514104580122732,1.1032850654109303,1.1034567135198277,0.0,0.00044522333696361827,1.0,-4.126703613970797,0.5285523160459992,0.0,1.0,-0.36762308142872924,0.40768480692486914,42
2033Q1,12,0.3444192665869407,-0.679976651076777,-0.10950303296370378,-0.9054765399344813,0.4009120302686368,0.0009180453510805377,0.0017673935992653118,0.00705085438958486,0.0017673935992653118,0.0007953271196693904,0.0031813084786775614,0.001718893520447584,0.0007735020842014129,0.0030940083368056516,0.20434782500516013,0.06459120133316269,0.6731073786896746,1.1078755400167872,0.0,1.1078755400167872,0.43476814215782156,0.4347681613271126,0.6704591215286617,1.1072191534348728,1.1074511171380725,0.0,0.000424422878714692,1.0,-3.6962053625784237,0.48564703417364097,0.0,1.0,-0.5626645417728297,-0.7589353599403861,42
2033Q2,13,0.6508043709050579,-1.1160503390052368,-1.134097152130339,0.43527997978815064,1.5503552032428873,0.0007735020842014129,0.0014666593882303432,0.005853743629391506,0.0014666593882303432,0.0006599967247036544,0.0026399868988146178,0.0013820836444186516,0.0006219376399883933,0.002487750559953573,0.20955066561022856,0.05972499400949482,0.6966362755492101,1.1127022510808136,0.0,1.1127022510808136,0.41606597383973354,0.4160659755316034,0.6941248675520977,1.111951163792989,1.1122959539289263,0.0,0.00040629715188722493,1.0,-3.192912541348205,0.4354693164948321,0.0,1.0,-0.859487734427633,-0.8183785023107295,42
2033Q3,14,-0.09287276190600702,-0.09283078943689799,0.9188661345277225,-0.8141058745489328,0.17480731917498213,0.0006219376399883933,0.0018631972217414674,0.007431985723977408,0.0018631972217414674,0.0008384387497836603,0.0033537549991346414,0.0013238835051649401,0.000595747577324223,0.002382990309296892,0.20275566379629625,0.06598141928668404,0.6676584963589266,1.1081890680714421,0.0,1.1081890680714421,0.44053055188575346,0.44053057171251553,0.6639631113998645,1.1058918337968189,1.107590258564686,0.0,0.0005988095067561705,1.0,-3.8156741621740684,0.4977716686400826,0.0,1.0,-0.49910571133326975,0.6472985296164809,42
2033Q4,15,1.1395498788495755,-1.4319613293434763,-0.6942470575467043,0.3531700491560607,-0.29420956014207206,0.000595747577324223,0.0013819777957930603,0.005516462561307334,0.0013819777957930603,0.0006218900081068772,0.002487560032427509,0.0009538375299889311,0.00042922688849501904,0.0017169075539800762,0.21107365864107128,0.058194507146465665,0.7051005893305217,1.115430417687184,0.0,1.115430417687184,0.41032981284772196,0.41032982835666243,0.7018850846690253,1.1134727419473684,1.1149040147146607,0.0,0.0005264029725233765,1.0,-3.018665672381018,0.4182373403496068,0.0,1.0,-0.9867021161499288,0.7817927731678366,42
2034Q1,16,0.7000542169838782,-1.0472857277560335,-0.7492601641859626,0.993220401213945,0.39243612259111105,0.00042922688849501904,0.0012170323746510656,0.004859249700121526,0.0012170323746510656,0.0005476645685929796,0.0021906582743719183,0.0020500086913044376,0.0009225039110869969,0.0036900156443479878,0.21411611235174227,0.054969556137005444,0.718948294051843,1.1141509872693882,0.0,1.1141509872693882,0.3952026860948708,0.3952026932175452,0.718772119476434,1.1167417141027833,1.1141230151580679,0.0,2.7972111320329063e-05,1.0,-2.7504310439201145,0.3909206004809245,0.0,1.0,-1.3201951972110046,0.9421425612697018,42
2034Q2,17,1.0238706930269896,-0.8687550181683937,0.07631666538319287,0.31089811905619413,1.3418206348973478,0.0009225039110869969,0.0012245198980358738,0.004889090240431382,0.0012245198980358738,0.0005510339541161432,0.002204135816464573,0.000858546928014177,0.00038634611760637964,0.0015453844704255185,0.2139757932754775,0.055123576853214826,0.7209289423241958,1.1183307813310945,0.0,1.1183307813310945,0.39740181957914683,0.39740183900689874,0.7179485123217355,1.1165835000077473,1.1178415838662838,0.0,0.0004891974648106867,1.0,-2.7068557582581847,0.3870992297082121,0.0,1.0,-1.2916828000665745,-0.6126388867754781,42
2034Q3,18,0.2301907515556324,-0.8876076350127755,-1.0375883366373972,-0.4683168248356696,0.7535644396250558,0.00038634611760637964,0.0014641225489369872,0.005843640816416529,0.0014641225489369872,0.0006588551470216443,0.002635420588086577,0.0015028364349644779,0.0006762763957340151,0.0027051055829360603,0.2095959127186655,0.05968027301966469,0.6965895989180871,1.1123161815856173,0.0,1.1123161815856173,0.41572657446090167,0.41572658266753015,0.6943493845602077,1.111995374734495,1.1119549756144098,0.0,0.0003612059712074789,1.0,-3.1944177054972105,0.43556549415398704,0.0,1.0,-0.8623365314188662,-0.8880925343688902,42
2034Q4,19,1.1321145200612817,-1.7489832322989955,-0.5116105639790254,0.3682466923843811,0.7521053232670935,0.0006762763957340151,0.0013598965345609667,0.005428500282843141,0.0013598965345609667,0.000611953440552435,0.00244781376220974,0.0008467746783558446,0.0003810486052601301,0.0015241944210405204,0.2114750930973216,0.05778218289002264,0.7073975184975564,1.1161472547297098,0.0,1.1161472547297098,0.4087497278977398,0.4087497362321534,0.7040030838058746,1.1138857858533522,1.1155899241475564,0.0,0.0005573305821533481,1.0,-2.972133635580877,0.4136323149528276,0.0,1.0,-1.0096697680140008,-1.432329570036426,42
2035Q1,20,0.8604643232262453,-1.2170036198267822,0.7313592113837417,0.9258442618615896,0.5250818336991532,0.0003810486052601301,0.0012641927520378228,0.005047189987358314,0.0012641927520378228,0.0005688867384170202,0.002275546953668081,0.0010870485210264854,0.0004891718344619185,0.001956687337847674,0.21323584431556222,0.05592701326660944,0.7162493322225642,1.1168261978156364,0.0,1.1168261978156364,0.40057685905411494,0.40057686559307226,0.7136804960670937,1.1157617131554185,1.1164071993644633,0.0,0.00041899845117310264,1.0,-2.7985102284517547,0.39616185101071355,0.0,1.0,-1.1953470917744151,-0.7524546981855713,42
2035Q2,21,1.7778577524712613,-0.81635045723136,-0.7134958802377112,0.28334030092605444,0.8651146791070896,0.0004891718344619185,0.0012653655457367115,0.005051863384757271,0.0012653655457367115,0.0005694144955815202,0.002277657982326081,0.000950181119380121,0.00042758150372105446,0.0017103260148842179,0.2132140604531618,0.05595044633300826,0.7164451341896386,1.1172993956657549,0.0,1.1172993956657549,0.4008542503102228,0.40085426147611625,0.7135567283954903,1.1157378323000284,1.1168264937812662,0.0,0.00047290188448867454,1.0,-2.7940785987101417,0.3957802783672931,0.0,1.0,-1.1951602074418848,-0.3146390063780069,42
2035Q3,22,-0.10657855084606493,-0.7227911914554668,-1.1793022613662507,1.0265001679602652,0.3751956460687732,0.00042758150372105446,0.0013824588351936278,0.0055183787511151605,0.0013824588351936278,0.0006221064758371326,0.0024884259033485304,0.0015384832909503903,0.0006923174809276756,0.0027692699237107025,0.2110649333382389,0.05820342683571825,0.7037508442260385,1.113357949336533,2.3766882906173237e-10,1.1133579517132215,0.4096071077248518,0.409607107487183,0.7018394000762049,1.1134638217313646,1.1130500623580368,0.0,0.00030788697849626345,1.0,-3.048497606473868,0.4209574431664591,0.0,1.0,-0.9856988683715162,0.7344205234261079,42
2035Q4,23,1.3843074078432545,-1.4337342751972155,-0.48092098835467223,1.1947896582770903,0.1690702889288751,0.0006923174809276756,0.0013365323076421996,0.005335420865611784,0.0013365323076421996,0.0006014395384389898,0.0024057581537559594,0.001841008939695466,0.0008284540228629597,0.003313816091451839,0.21190180770362788,0.057339657639718704,0.7073730942266745,1.1129784189743102,0.0,1.1129784189743102,0.40560531046505993,0.40560532474763566,0.7062893785322829,1.1143306210701196,1.112805332823919,0.0,0.00017308615039124398,1.0,-2.9770957064867956,0.41368111662581664,0.0,1.0,-1.0542958904376738,-0.511210962993048,42
2036Q1,24,0.7622532973075345,0.3271910606350601,-0.7234945964326627,-0.17832305676076013,0.1352754988632407,0.0008284540228629597,0.00174160212190195,0.006948230541058309,0.00174160212190195,0.0007837209548558775,0.00313488381942351,0.0015981690031585045,0.000719176051421327,0.002876704205685308,0.20478174223033851,0.06420483339895852,0.6751099875684481,1.1085632485601535,0.0,1.1085632485601535,0.4334532427780517,0.43345326099170545,0.6722846765457575,1.1075897462117912,1.1081089152685948,0.0,0.0004543332915587506,1.0,-3.6515927055522,0.4812400945037987,0.0,1.0,-0.5840674723739343,-0.6133119699741051,42
2036Q2,25,0.20155108002132952,0.24778133072644198,-0.5467816941379773,-0.37727649294582716,0.10568532016251385,0.000719176051421327,0.002579018632020023,0.01027623507690334,0.002579018632020023,0.0011605583844090104,0.0046422335376360415,0.0020055848764331426,0.0009025131943949142,0.003610052777579657,0.19178531932603338,0.07457489900195653,0.6302094160108332,1.1001874587580032,0.0,1.1001874587580032,0.46997803549089895,0.4699780427471699,0.6261335511765616,1.0978283061411294,1.0995394986837606,0.0,0.000647960074242615,1.0,-4.7087663515790945,0.5867741219635145,0.0,1.0,-0.11936356035919336,-0.17053087987714252,42
2036Q3,26,1.1344376558603433,-0.06118723168529541,0.1315917928802086,1.0021511520413529,0.5644982157674502,0.0009025131943949142,0.002506768366334908,0.00998943310900069,0.002506768366334908,0.0011280457648507086,0.0045121830594028346,0.0020569416995603667,0.000925623764802165,0.00370249505920866,0.19282214418622678,0.0738254343567718,0.6331074994213117,1.100501866431392,0.0,1.100501866431392,0.4673943613930799,0.4673943670100802,0.6292850301381704,1.0985264944162416,1.0998950732759112,0.0,0.0006067931554807338,1.0,-4.6363620498054186,0.5795105812157397,0.0,1.0,-0.1509120645628257,0.13641680274166346,42
2036Q4,27,-0.8870854940622589,1.820125679174677,1.2181197970401916,0.8550028676983831,-0.19321955246941214,0.000925623764802165,0.00544512135691119,0.021603234246173608,0.00544512135691119,0.0024503046106100356,0.009801218442440142,0.004583145331576406,0.0020624153992093827,0.008249661596837531,0.16074487359703077,0.09387992019814971,0.5582153378157385,1.0822674576651836,0.0,1.0822674576651836,0.5240521136752472,0.5240521198494451,0.5527036579418725,1.0792003235846215,1.0814551691808478,0.0,0.000812288484335788,1.0,-6.766857713728003,0.7914233559735909,0.0,1.0,0.6097318922662767,1.6221856758759143,42
2037Q1,28,-0.19704015427630756,0.5734143826079106,0.9130889107720142,0.35974653977653626,-0.22611057282113178,0.0020624153992093827,0.005480377559163702,0.021741960507872027,0.005480377559163702,0.002466169901623666,0.009864679606494665,0.005163275902594904,0.002323474156167707,0.009293896624670828,0.16046323230245785,0.09404640633485595,0.5568862628058356,1.0806177837558386,0.0,1.0806177837558386,0.5237315175413699,0.523731520950003,0.5521259427838687,1.079029740697977,1.0799286547976095,0.0,0.000689128958229146,1.0,-6.812222790664042,0.7956988049102365,0.0,1.0,0.6178677336025835,1.3439450950687117,42
2037Q2,29,-0.18440721253108128,0.3426749750409811,1.2068044314347661,-1.2321542394185996,-0.4715600040571202,0.002323474156167707,0.007681637941718066,0.030374316015066127,0.007681637941718066,0.00345673707377313,0.01382694829509252,0.006648339157555273,0.002991752620899873,0.011967010483599492,0.14627915244194364,0.1031054967739587,0.5282696857815844,1.0729447850415161,0.0,1.0729447850415161,0.5446750838313332,0.5446750992599317,0.5219596753496483,1.069532953075971,1.0720734831914274,0.0,0.0008713018500887681,1.0,-7.791642465694853,0.8929724939485855,0.0,1.0,1.0079121047634556,0.4045033004310055,42
2037Q3,30,-0.559445751859986,0.9493209943927069,0.46801933968948806,0.6954873281096297,-0.7998345993981542,0.002991752620899873,0.008199114856566972,0.03239530675828772,0.008199114856566972,0.0036896016854551378,0.014758406741820551,0.009395220847584259,0.0042278493814129165,0.016911397525651666,0.14375341726251387,0.10498646766911915,0.5197118413929861,1.0653389554825585,0.0,1.0653389554825585,0.5456271043366311,0.5456271140895724,0.5160100667350671,1.0675375866586574,1.0648735627970043,0.0,0.0004653926855542334,1.0,-8.115710198867337,0.9241431705053207,0.0,1.0,1.0962646069665276,0.2955136104493545,42
2037Q4,31,-1.1646113969671794,1.0453368693815417,0.9163313093600151,-0.6444969884056007,-0.22999747414375615,0.0042278493814129165,0.008624614519989984,0.034054714825738186,0.008624614519989984,0.003881076533995493,0.015524306135981972,0.008752125063551927,0.003938456278598367,0.01575382511439347,0.14186213186375046,0.10649038561535806,0.5164519815276264,1.0664236974042207,0.0,1.0664236974042207,0.5499717066469271,0.5499717158765943,0.5113314954985306,1.0659453819395035,1.0657651238548402,0.0,0.0006585735493804812,1.0,-8.234268752181627,0.9362884189395644,0.0,1.0,1.1729234030493076,-0.37288988617723734,42
2038Q1,32,-0.393022704678356,-0.3361625798711445,0.5227899547018303,-0.35237773809026757,-0.3529105500789768,0.003938456278598367,0.004909516722915227,0.01949391952726054,0.004909516722915227,0.002209282525311852,0.008837130101247408,0.006618432671023754,0.0029782947019606895,0.011913178807842758,0.16527684556657285,0.09122253482625714,0.5636952199184431,1.0779122920762618,0.0,1.0779122920762618,0.5142170683040485,0.5142170721578188,0.5620405786457167,1.0818963315871415,1.0776835924358057,0.0,0.00022869964045613145,1.0,-6.601865899841391,0.7740082952821784,0.0,1.0,0.5229788310572918,-1.7747850495690227,42
2038Q2,33,-0.5027187523748803,0.18758662561913972,-0.7129570321791553,-0.48198850539492644,-0.28117451642447494,0.0029782947019606895,0.003131668932498671,0.012467954385491087,0.003131668932498671,0.001409251019624402,0.005637004078497608,0.003110382738932477,0.0013996722325196147,0.005598688930078459,0.18433437060544478,0.07966526594029934,0.6087726332441596,1.0937529808783217,0.0,1.0937529808783217,0.48498033724572287,0.4849803476341621,0.6053946600344187,1.0930745497048115,1.093232761932124,0.0,0.0005202189461976925,1.0,-5.272490539607091,0.6426493817281894,0.0,1.0,0.08482465287896714,-1.6533952561639738,42
2038Q3,34,-0.11181803648232096,0.39532670074208104,0.19275158071643855,-0.12238637953390029,-0.15298561417430412,0.0013996722325196147,0.0028509086027935704,0.011354960951035942,0.0028509086027935704,0.0012829088712571067,0.005131635485028427,0.003002064036064695,0.0013509288162291129,0.0054037152649164515,0.18801604921733503,0.07721025328930338,0.6181952756250789,1.095505428186027,0.0,1.095505428186027,0.47731013813263057,0.4773101525609481,0.6152559353682381,1.0953718557222842,1.0950513274174145,0.0,0.0004541007686125198,1.0,-5.021627498715541,0.617611821055325,0.0,1.0,-0.018466949801316267,0.178297306267471,42
2038Q4,35,-0.7128104222040352,-0.25155770872390293,-0.18041080325291048,-1.0515868745035162,0.34403051962154013,0.0013509288162291129,0.004427335424332838,0.017592080645464026,0.004427335424332838,0.001992300940949777,0.007969203763799108,0.004308880434014577,0.0019389961953065597,0.007755984781226239,0.169793662181943,0.08858165314226295,0.5756368049572347,1.0855454074859103,0.0,1.0855454074859103,0.5099085979264223,0.5099086025286756,0.5715401064158269,1.0845243226806547,1.084936596959805,0.0,0.0006088105261052856,1.0,-6.223454895710017,0.7372064933756951,0.0,1.0,0.41469177390465095,-0.5543201720874145,42
2039Q1,36,-0.06127802549474903,0.15377442852133855,0.738605525484395,-1.0276490465526438,-0.6286112641943502,0.0019389961953065597,0.005013791340797108,0.019904840258434864,0.005013791340797108,0.0022562061033586985,0.009024824413434794,0.003983037052171776,0.001792366673477299,0.007169466693909196,0.1643560773023439,0.09176032952436479,0.565762224441359,1.0849075201441376,0.0,1.0849075201441376,0.5191452814717674,0.5191452957027786,0.5601332849058427,1.0813548722506638,1.0840627495384756,0.0,0.0008447706056620152,1.0,-6.525193286518981,0.7675269619784209,0.0,1.0,0.5382635307743485,-0.7005608214519607,42
2039Q2,37,-0.2490355656738436,-0.1542506531124409,-0.15005109274453865,-0.7231776383237737,-0.4672569637690318,0.001792366673477299,0.0044359221394363576,0.017625972888932195,0.0044359221394363576,0.001996164962746361,0.007984659850985443,0.0043084231542094035,0.0019387904193942317,0.007755161677576927,0.16970935269197093,0.08863114003036261,0.5754735549085629,1.0855223310759239,0.0,1.0855223310759239,0.510048772288714,0.510048776167361,0.5713600211199296,1.0844755426612582,1.084911010198426,0.0,0.0006113208774978229,1.0,-6.228380949169626,0.7376993044975684,0.0,1.0,0.41565197636109485,-0.3798539059681225,42
2039Q3,38,0.5405282643295733,0.00372822192909561,0.8176064701914472,-0.8585699873036154,0.28956691577712357,0.0019387904193942317,0.005557600844617395,0.022045767490428525,0.005557600844617395,0.002500920380077828,0.010003681520311312,0.009589342942016294,0.004315204323907332,0.017260817295629328,0.1598532265071343,0.09440782070406946,0.5496830262612381,1.0686268026948784,0.0,1.0686268026948784,0.5189437658734127,0.5189437764336403,0.5508747412677948,1.078658780204625,1.047095651584362,0.0021679934294126513,0.02153115111051651,1.0,-7.067454546036752,0.8192302502797679,0.0,1.0,0.6422530493940374,-0.5204393871490508,42
2039Q4,39,-0.6213282243919689,0.978935329479367,1.1745557599867582,-1.4929356815522272,-0.25827088379231244,0.004315204323907332,0.007740624996428865,0.03060484793226048,0.007740624996428865,0.0034832812483929893,0.013933124993571957,0.005933248721161873,0.0026699619245228426,0.01067984769809137,0.14597798233974413,0.10332316681506389,0.5285604207081661,1.0746857886979662,0.0,1.0746857886979662,0.546125365206702,0.5461253679898,0.5212656036765686,1.0693019774142054,1.073655028273865,0.0,0.001030760424101107,1.0,-7.778012493203903,0.8919312873958674,0.0,1.0,1.0263740592095967,-1.2090334327280756,42
2040Q1,40,-1.310620164566488,1.0259835231096606,1.125661121804369,-0.3882390276787064,-0.4332447146357713,0.0026699619245228426,0.007592403153442036,0.03002549242073871,0.007592403153442036,0.0034165814190489164,0.013666325676195665,0.0072969759492055135,0.0032836391771424813,0.013134556708569925,0.1467415121916638,0.10277446930385407,0.5283789452498486,1.0714176047519783,0.0,1.0714176047519783,0.5430386568938336,0.5430386595021297,0.5230179896407879,1.069884191233143,1.0706929986483045,0.0,0.0007246061036738638,1.0,-7.790647239871079,0.8925810848099656,0.0,1.0,0.9897400314900969,0.991386862966106,42
2040Q2,41,-0.1992791313409788,1.0245208817421674,1.2140407710284817,0.3484218656220969,-0.9952873530683555,0.0032836391771424813,0.007898183452554764,0.03122041290355515,0.007898183452554764,0.003554182553649644,0.014216730214598575,0.006772143249934789,0.003047464462470655,0.01218985784988262,0.14519060474962894,0.10390028863262779,0.5259068188874321,1.0723255221617842,0.0,1.0723255221617842,0.546418702762713,0.5464187032743522,0.5194324237578736,1.0686895919190786,1.0714351286707515,0.0,0.0008903934910327038,1.0,-7.877249954134552,0.9014775309509846,0.0,1.0,1.0372364988344154,1.7957107078078351,42
2040Q3,42,-1.048937112917057,1.2303619929969167,0.7186569011646258,-0.2230420977535082,-0.046102912219467274,0.003047464462470655,0.007869156960953593,0.03110703136871784,0.007869156960953593,0.003541120632429117,0.014164482529716468,0.008977614730510041,0.004039926628729519,0.016159706514918076,0.14533381778040624,0.10379442368217538,0.5234660601098544,1.0667946533437163,0.0,1.0667946533437163,0.5433285802628132,0.5433285932338618,0.5197679312783952,1.0688019189659077,1.0663227693914579,0.0,0.00047188395225838953,1.0,-7.9758342973777845,0.910343503109049,0.0,1.0,1.0324035452802691,1.7796492079693373,42
2040Q4,43,-0.7181977386451858,0.8410363841422327,0.5086714887494533,-0.17077885269929066,-0.5845411741158949,0.004039926628729519,0.007491668184671372,0.029631600917794376,0.007491668184671372,0.0033712506831021175,0.01348500273240847,0.006348212095805498,0.002856695443112474,0.011426781772449896,0.1472733953273046,0.1023981691394682,0.5306310308269666,1.0739875007015556,0.0,1.0739875007015556,0.5433564604527008,0.543356469874589,0.524225127002019,1.0702833944056467,1.073094306021622,0.0,0.00089319467993354,1.0,-7.706053412689192,0.8845486458258067,0.0,1.0,0.9714998358175783,1.2218598334464799,42
2041Q1,44,-0.26187803178456037,0.4381792476581209,1.6871649410600207,0.8503312346898718,-0.08537679569735462,0.002856695443112474,0.005591401308737831,0.022178720879062475,0.005591401308737831,0.002516130588932024,0.010064522355728096,0.004044750391742811,0.0018201376762842648,0.007280550705137059,0.15958917407058926,0.09456464243334323,0.5568400615051476,1.083413874413427,1.6333823182890228e-11,1.0834138745767652,0.5265738130879514,0.5265738130716175,0.5503330700567307,1.0784975417170772,1.0824391362163763,0.0,0.0009747381970506286,1.0,-6.808679387725592,0.795847801096275,0.0,1.0,0.6392245642578404,1.2399389108793006,42
2041Q2,45,-0.513968786237518,0.24907057727218593,0.043377041979184405,-1.032368814157124,-0.43080297894112224,0.0018201376762842648,0.0039608162968850415,0.015749385097184487,0.0039608162968850415,0.0017823673335982688,0.007129469334393075,0.005486964214475289,0.00246913389651388,0.00987653558605552,0.17459937784593382,0.08573336526037449,0.5834220514664746,1.0836094330138724,0.0,1.0836094330138724,0.5001873583933227,0.5001873815473977,0.582043709658137,1.0873037518339037,1.0834119046948711,0.0,0.0001975283190012167,1.0,-5.996941254653976,0.7140249915688837,0.0,1.0,0.29620306787429007,1.4244343307185148,42
2041Q3,46,-0.590215564828863,0.669859570499099,-0.05032314467254162,0.10350765607406007,-0.9742340745760938,0.00246913389651388,0.005957912133315146,0.02361951291659703,0.005957912133315146,0.0026810604599918158,0.010724241839967263,0.004607314483427376,0.002073291517542319,0.008293166070169276,0.1568374907496769,0.09621572464796913,0.5509975301196465,1.0811438000062623,0.0,1.0811438000062623,0.5301462663970298,0.5301462698866158,0.5446755104010853,1.0767903476974405,1.0802127745921062,0.0,0.000931025414156128,1.0,-7.001634531726568,0.8148901616551145,0.0,1.0,0.7057658585178157,1.3455402702389863,42
2041Q4,47,-0.5599958252615808,0.6588012235681044,0.8080164136579875,0.4759855763276904,-0.6703661357847399,0.002073291517542319,0.0052512208763789234,0.020840010037361245,0.0052512208763789234,0.0023630493943705157,0.009452197577482063,0.006239754041874095,0.002807889318843343,0.011231557275373371,0.16232979624000454,0.09294676992207528,0.5588007556513485,1.0781880202178764,0.0,1.0781880202178764,0.5193872526780768,0.519387264566528,0.5559574523815395,1.0801528440458958,1.0777901820773639,0.0,0.00039783814051252975,1.0,-6.755544817280297,0.7895465924091863,0.0,1.0,0.5740634723890333,1.349891533416384,42
2042Q1,48,-0.03347958587106881,0.7711114371198682,0.35842934595142073,0.26857733227113734,-0.5922998016600426,0.002807889318843343,0.004601560414723354,0.018279584801392912,0.004601560414723354,0.0020707021866255095,0.008282808746502038,0.005312279180803271,0.0023905256313614723,0.00956210252544589,0.16811107993734056,0.08956732587123495,0.5709135916868632,1.0822656476611923,0.0,1.0822656476611923,0.5113520371093444,0.5113520559743291,0.5679682663384867,1.083549419683573,1.081841241760045,0.0,0.00042440590114734,1.0,-6.371690406573257,0.7515785150259642,0.0,1.0,0.44043144660847133,1.703028834982207,42
2042Q2,49,0.3353475808320319,-0.4273360638908156,0.007235229028511482,-0.6361704452770116,0.15473044460241728,0.0023905256313614723,0.002267763682270804,0.009040244840109346,0.002267763682270804,0.0010204936570218618,0.004081974628087447,0.002217671773737599,0.0009979522981819198,0.003991809192727679,0.19636156554258552,0.07117710562929076,0.6436039405142409,1.101702601690841,0.0,1.101702601690841,0.45809865657409893,0.45809866117660025,0.6406376937801427,1.1009972619093016,1.1012338739669654,0.0,0.00046872772387573924,1.0,-4.379485315729087,0.5537505792747268,0.0,1.0,-0.2647172708882022,1.0443752410202045,42
2042Q3,50,0.7054338154193907,-1.0423179148611796,-0.4819580692543961,0.03071487753097546,-0.026579843757324806,0.0009979522981819198,0.0013728133902540926,0.005479956206745462,0.0013728133902540926,0.0006177660256143417,0.0024710641024573666,0.000762473331257461,0.00034311299906585746,0.0013724519962634298,0.21124004881602118,0.05802406691617264,0.7063784120091309,1.1162478970633356,0.0,1.1162478970633356,0.40986948246557575,0.40986948505420473,0.7027591722973437,1.1136433140925135,1.115652282873674,0.0,0.0005956141896616973,1.0,-2.992149121514507,0.41567179915238484,0.0,1.0,-0.9951367106619806,-0.2919695977533775,42
2042Q4,51,1.1663741287198843,-0.560261078291731,-0.7509024871255046,0.37188082294986724,-0.37688836861376773,0.00034311299906585746,0.001988670506308643,0.007930984606557279,0.001988670506308643,0.0008949017278388894,0.003579606911355558,0.003013897917506294,0.0013562540628778322,0.005425016251511329,0.20071645940857274,0.06770241684715429,0.6567770350037619,1.1014309766593449,0.0,1.1014309766593449,0.4446539259946274,0.4446539416555829,0.6560746058666732,1.104260539214175,1.1013224952880245,0.0,0.00010848137132035696,1.0,-4.0714296316319905,0.5225867091003212,0.0,1.0,-0.41522888809344055,0.44230948195683084,42
2043Q1,52,0.6560719426835279,-0.9154479789056171,-1.3930747767489902,-0.12354764802696039,1.104750129884412,0.0013562540628778322,0.0016577799588217619,0.006614648645254628,0.0016577799588217619,0.0007460009814697928,0.0029840039258791713,0.0019016036342979303,0.0008557216354340687,0.0034228865417362747,0.20620768359406655,0.06291141722878262,0.6804242052629829,1.1084887293470154,0.0,1.1084887293470154,0.4280645106986234,0.4280645240840325,0.6784613685120644,1.108836262134718,1.108175769191607,0.0,0.0003129601554083816,1.0,-3.537271102776009,0.46967138864216684,0.0,1.0,-0.6553842493851443,-0.748926059827576,42
2043Q2,53,1.4418011492056722,-1.341002828770384,-0.5098330642042392,0.8460515634808357,1.0021366517832992,0.0008557216354340687,0.0011049721535293657,0.004412568228388647,0.0011049721535293657,0.0004972374690882145,0.001988949876352858,0.0010619259872039865,0.00047786669424179396,0.0019114667769671758,0.21624175732920545,0.052567954460692796,0.7339674626095701,1.1197991476680251,0.0,1.1197991476680251,0.38583168150090125,0.385831685058455,0.7318464297363995,1.1192382731273236,1.1194529498550072,0.0,0.0003461978130179233,1.0,-2.461360782435878,0.362458211549346,0.0,1.0,-1.7360012160540608,-0.9456237620054433,42
2043Q3,54,1.0107254047203322,-0.968180811014103,0.09563017554307746,0.04916278052608028,0.1857799453548899,0.00047786669424179396,0.0015945134895014083,0.006362815327964122,0.0015945134895014083,0.0007175310702756337,0.002870124281102535,0.0013134392757338134,0.000591047674080216,0.002364190696320864,0.20730004483190365,0.06189487772763528,0.686408102363258,1.1112595620733112,0.0,1.1112595620733112,0.4248514556703201,0.4248514597100532,0.683388087309381,1.1098228048022147,1.1107700492729926,0.0,0.0004895128003186144,1.0,-3.4065030169123514,0.4568592540171549,0.0,1.0,-0.717865585119976,-0.38234425351579654,42
2043Q4,55,1.5530707372684085,-0.8500374082354862,-0.579272385537582,-0.0977606731832305,-0.22285551931627856,0.000591047674080216,0.0014528044298090068,0.005798566135906236,0.0014528044298090068,0.000653761993414053,0.002615047973656212,0.0014580221862855697,0.0006561099838285064,0.0026244399353140256,0.20979806578976737,0.05947992170759515,0.6976612736115639,1.112629668697272,0.0,1.112629668697272,0.4149683793283694,0.41496839508570815,0.695356880059438,1.1121936210270145,1.1122576499366772,0.0,0.00037201876059489436,1.0,-3.172164268980651,0.4333603169142366,0.0,1.0,-0.8821703247548673,0.06205303162133165,42
2044Q1,56,1.7402265444899983,-1.701541044529286,-0.3437556625302665,0.2679452204890908,1.5009397612048914,0.0006561099838285064,0.001181663529554593,0.004718282744049063,0.001181663529554593,0.0005317485882995669,0.0021269943531982676,0.001023411969105943,0.0004605353860976743,0.0018421415443906973,0.2147818187546755,0.05423142637431613,0.7252054217075863,1.1184946832580123,0.0,1.1184946832580123,0.39328924433589846,0.393289261550426,0.7227437773169815,1.1175030357239633,1.1180924637438892,0.0,0.0004022195141231144,1.0,-2.6258015299023576,0.37891961760413806,0.0,1.0,-1.4184970086116742,-0.1585428951379655,42
2044Q2,57,0.5376665921250173,-0.9035519945989645,-0.12058151934292116,-0.022286022352544177,1.02479916587604,0.0004605353860976743,0.0012232256000292564,0.004883932033823202,0.0012232256000292564,0.0005504515200131654,0.0022018060800526617,0.0015644850667987733,0.000704018280059448,0.002816073120237792,0.21400003372916895,0.05509700778243237,0.7194191348816513,1.115797572440305,0.0,1.115797572440305,0.3963784167340511,0.39637843755865376,0.7180904580204159,1.116610776739013,1.1155837088556035,0.0,0.00021386358470154576,1.0,-2.7391427890497764,0.39001026062491817,0.0,1.0,-1.2975218153942172,-0.17053440875426387,42
2044Q3,58,0.9937425668709028,-0.3743114978166377,-0.6715892396761802,0.41567039891733804,0.4674392907826297,0.000704018280059448,0.0014249879575826243,0.0056877798564006765,0.0014249879575826243,0.0006412445809121809,0.0025649783236487236,0.0011320146053443916,0.0005094065724049762,0.0020376262896199047,0.21029686569977507,0.058981685474102846,0.7008145919557479,1.1141668558567699,0.0,1.1141668558567699,0.4133522583839565,0.413352263901022,0.697873972490247,1.112687917142803,1.1136878114953925,0.0,0.0004790443613773565,1.0,-3.1062032703748326,0.4269109204650783,0.0,1.0,-0.9200903746936531,0.13341318422629858,42
2044Q4,59,0.7762882102276089,-0.5182916962303163,-0.7598972237951767,0.5518515765838472,0.4943561014519994,0.0005094065724049762,0.0017140940206215424,0.006838767508828392,0.0017140940206215424,0.0007713423092796941,0.0030853692371187766,0.0012750515924593836,0.0005737732166067227,0.0022950928664268906,0.20524703771430755,0.06378683377431278,0.6776876400828413,1.109963133362868,0.0,1.109963133362868,0.4322754884887051,0.43227549328002657,0.6742697399932202,1.1079915712857045,1.1094085371430962,0.0,0.0005545962197717191,1.0,-3.5937984312580173,0.4756060699091951,0.0,1.0,-0.6080375335141943,-0.3891237678234264,42
2045Q1,60,0.7485985112859295,0.6628910603247707,-0.29860256591996165,0.15511973381603725,1.0600101494785044,0.0005737732166067227,0.0023502123792481988,0.009367760422693827,0.0023502123792481988,0.0010575955706616895,0.004230382282646758,0.00298898036290648,0.001345041163307916,0.005380164653231664,0.19512126854317144,0.07212171351166137,0.6382975060394708,1.0986486168140324,0.0,1.0986486168140324,0.46035109865786655,0.4603511107745616,0.6365489041159665,1.100114979219982,1.0983783711065371,0.0,0.00027024570749523136,1.0,-4.512125879130008,0.5666675467496929,0.0,1.0,-0.22444771685238998,0.9025220636626642,42
2045Q2,61,0.39839830328416137,-1.351626166494487,0.06309138042653784,0.4721590812477403,0.45277090403364717,0.001345041163307916,0.001764479702835298,0.00703926044396197,0.001764479702835298,0.0007940158662758842,0.0031760634651035367,0.0020984855770051253,0.0009443185096523064,0.003777274038609226,0.20439673538522357,0.06454781476344273,0.6725305255573651,1.1066342980577373,0.0,1.1066342980577373,0.43410375786437594,0.43410377250037213,0.6706636819784897,1.1072607299404817,1.1063382972859477,0.0,0.00029600077178959516,1.0,-3.710656512406028,0.4869213327309505,0.0,1.0,-0.5693239911463248,0.04289744902389776,42
2045Q3,62,0.0351037054526856,-0.3065155716050913,0.15960009676201062,-0.2838721133559603,-0.6087555550981909,0.0009443185096523064,0.002838562885477332,0.011305998327650335,0.002838562885477332,0.0012773532984647993,0.005109413193859197,0.0025362812520354867,0.001141326563415969,0.004565306253663876,0.1881827654157305,0.07709645336947829,0.6194336874798747,1.096995098278664,0.0,1.096995098278664,0.4775614040227615,0.47756141079878933,0.6157192667187942,1.0954780645544484,1.0964134692616259,0.0,0.0005816290170381766,1.0,-4.987191258923587,0.6143777993289427,0.0,1.0,-0.02136828610258049,-0.09591449570484405,42
2045Q4,63,-0.876163308292393,0.696386182424235,0.47634671920151356,-0.3419891969536252,-0.4090589921931149,0.001141326563415969,0.0049562402734398495,0.019678061571107075,0.0049562402734398495,0.0022303081230479324,0.00892123249219173,0.00455886121505605,0.0020514875467752226,0.00820595018710089,0.16486189022196163,0.0914648401295674,0.5658786643486339,1.0834586852816004,0.0,1.0834586852816004,0.5175800156738093,0.5175800209329665,0.5611801212337378,1.0816526394533068,1.0827657200651797,0.0,0.0006929652164207045,1.0,-6.524147643102015,0.7671632767634263,0.0,1.0,0.5250240437615112,-0.38251677804040296,42
2046Q1,64,-1.043749480556709,0.3155518716744179,0.455026199195657,-0.544663149441336,-0.3109984925255137,0.0020514875467752226,0.007992075329693898,0.03158709955040839,0.007992075329693898,0.0035964338983622544,0.014385735593449018,0.007173103055137184,0.003227896374811733,0.012911585499246932,0.14473295995572663,0.1042413684660581,0.5244683736870981,1.0711813911581525,0.0,1.0711813911581525,0.5467130099031103,0.5467130174710544,0.5183538312990188,1.0683277322518727,1.0703515191290365,0.0,0.0008298720291159967,1.0,-7.931205447835102,0.9066926484086983,0.0,1.0,1.063547137015021,-0.18043605523926598,42
2046Q2,65,-1.2695867305302817,1.0424039688179445,2.1317203411912797,-1.1642223761507693,-0.6266689914063721,0.003227896374811733,0.008363983825280794,0.033038533505624246,0.008363983825280794,0.0037637927213763573,0.015055170885505429,0.010273463799426629,0.004623058709741983,0.018492234838967933,0.14300162964387947,0.1055733416620617,0.5170727023293179,1.0629636393905917,0.0,1.0629636393905917,0.545890930671386,0.5458909370612738,0.5141760507841355,1.0669157470989017,1.0626109158325514,0.0,0.0003527235580402799,1.0,-8.217870624277788,0.9339640037180368,0.0,1.0,1.1206997373231993,1.0123821501938401,42
2046Q3,66,-0.16538482997900006,0.8827949814886028,0.9316530034885803,0.03953962181464982,-1.504064333705615,0.004623058709741983,0.0072676023438640915,0.028755033764896076,0.0072676023438640915,0.0032704210547388414,0.013081684218955366,0.0077233842273940955,0.003475522902327343,0.013902091609309372,0.1484953254503852,0.10155059012570092,0.5312759052201113,1.0707897363165069,0.0,1.0707897363165069,0.5395138169466824,0.5395138310963956,0.5269599661191384,1.0711820404787549,1.0702146599994482,0.0,0.0005750763170586648,1.0,-7.689366531826098,0.8822611302802825,0.0,1.0,0.939574229686758,0.08647766584335208,42
2046Q4,67,-0.7607393248021939,0.6018612284368081,0.5909452353909541,0.3742034554984137,-0.3386118642709262,0.003475522902327343,0.006090731582045705,0.024141246676518624,0.006090731582045705,0.0027408292119205676,0.01096331684768227,0.006608680530360229,0.0029739062386621032,0.011895624954648413,0.1558889485746614,0.0967936365143556,0.5465450228607901,1.0755658273086586,0.0,1.0755658273086586,0.5290208028151749,0.5290208044478685,0.5427147753155303,1.0761889127440443,1.0750362536917595,0.0,0.0005295736168990928,1.0,-7.15849333768839,0.829675427530177,0.0,1.0,0.7345484739165248,0.4044091854250944,42
2047Q1,68,-0.3955534788483546,0.16352874704817927,0.472486876831582,-0.276933326594044,-0.29348960267126223,0.0029739062386621032,0.003274759736593156,0.013034834998139067,0.003274759736593156,0.0014736418814669202,0.005894567525867681,0.0023533984897921557,0.00105902932040647,0.00423611728162588,0.18253647539779388,0.08082732850777942,0.6057435674041419,1.0953499173386099,0.0,1.0953499173386099,0.489606343140488,0.48960634993446794,0.6008135668611975,1.0919815730819544,1.0945738873986413,0.0,0.0007760299399686144,1.0,-5.351226076022654,0.6508635782818589,0.0,1.0,0.11556296483613131,0.7773616894468521,42
2047Q2,69,0.413090489600647,0.4082869616288389,0.4294637587944697,0.05182226794596689,-0.4196872013688223,0.00105902932040647,0.002694691807190357,0.010735277260971343,0.002694691807190357,0.0012126113132356607,0.004850445252942643,0.0026976233273234462,0.0012139304972955509,0.0048557219891822035,0.19015645923128482,0.07573026022593889,0.62443725661585,1.0973252248169274,0.0,1.0973252248169274,0.47288795938289696,0.47288796820107737,0.6213262375190047,1.0967519546506992,1.0968403392182506,0.0,0.0004848855986767653,1.0,-4.858558377296399,0.6014419072323444,0.0,1.0,-0.08251484834110906,1.427844505904766,42
2047Q3,70,0.9047962497381503,-0.3934173858355483,-0.40238408044917373,0.3818495693881899,0.41114072636381305,0.0012139304972955509,0.0013884843730610607,0.005542380862776253,0.0013884843730610607,0.0006248179678774773,0.0024992718715099093,0.001541990125008333,0.0006938955562537498,0.0027755822250149992,0.21095571135538382,0.058314931105042246,0.703191217621417,1.1132567119493564,0.0,1.1132567119493564,0.41006547409263705,0.4100654943279394,0.7012687162843886,1.1133523641205576,1.112947071876082,0.0,0.00030964007327427545,1.0,-3.0598216216921363,0.42208826661295995,0.0,1.0,-0.9752381205735783,0.5103611597352957,42
2047Q4,71,0.9038543614434691,-1.984377593162764,-0.12686364740965234,-0.002621163548393479,0.9185780636978412,0.0006938955562537498,0.0011439954211806369,0.004568135318571587,0.0011439954211806369,0.0005147979395312866,0.0020591917581251466,0.001416880723686823,0.0006375963256590704,0.0025503853026362816,0.21549605873585748,0.05342547850571494,0.7285280364488338,1.1177476421316102,0.0,1.1177476421316102,0.3892195895210788,0.38921960568277636,0.7271273677831364,1.1183403050806484,1.11752126040772,0.0,0.00022638172389011224,1.0,-2.5646834463939903,0.37263074831374,0.0,1.0,-1.5545688501395092,-0.2065674219421839,42
2048Q1,72,1.2247746552853491,-1.7899307238204467,0.411545493717271,0.061311493491250424,0.505039797312192,0.0006375963256590704,0.0011969258893088353,0.004779114624691383,0.0011969258893088353,0.0005386166501889759,0.0021544666007559036,0.0011628487374306217,0.0005232819318437798,0.002093127727375119,0.2144939689234778,0.05455210970200975,0.723194480105289,1.1177123266112061,0.0,1.1177123266112061,0.39451784614591634,0.39451784650591715,0.7210132625238833,1.117171641939744,1.1173572959750275,0.0,0.0003550306361785882,1.0,-2.664771982703791,0.3827539163385353,0.0,1.0,-1.3705213069258855,-0.27420976367667665,42
2048Q2,73,0.7803992897100227,-1.1007855323395466,-0.20692456474058848,0.341143501957682,0.5421566796441543,0.0005232819318437798,0.0011917572131677234,0.004758513909663864,0.0011917572131677234,0.0005362907459254755,0.002145162983701902,0.0008360916925767715,0.0003762412616595472,0.0015049650466381888,0.21459135123477946,0.054443880537972195,0.7245320197658897,1.118995390908375,0.0,1.118995390908375,0.39446334730069804,0.3944633711424853,0.7215964383268827,1.1172833759689267,1.1185132580952648,0.0,0.00048213281311015876,1.0,-2.63777459257977,0.38020121799631745,0.0,1.0,-1.3859277960574272,-0.31038098335210595,42
2048Q3,74,1.0680002021760704,-1.6706566242257876,-0.6786547187815825,-0.4443727661190032,1.2309215915201785,0.0003762412616595472,0.0012498070780604502,0.0049898640122909566,0.0012498070780604502,0.0005624131851272026,0.0022496527405088105,0.0018274844655188456,0.0008223680094834805,0.003289472037933922,0.21350346946348045,0.05563810905383601,0.7160221827532619,1.1144033893307799,0.0,1.1144033893307799,0.39838120288991685,0.39838120657751797,0.7152097730126266,1.116056541965362,1.114273585492166,0.0,0.00012980383861393996,1.0,-2.8062713864267845,0.396604770633195,0.0,1.0,-1.2271250148219577,-0.9545715965489047,42
2048Q4,75,0.6623860538724688,-0.05468954679156013,-0.9226725949919435,-0.07757704752359856,0.5120703940785052,0.0008223680094834805,0.0014493866258925155,0.005784954348640459,0.0014493866258925155,0.000652223981651632,0.002608895926606528,0.0013686823842636855,0.0006159070729186585,0.002463628291674634,0.20985920220022325,0.05941915270512451,0.6981530858333743,1.1129897441845593,0.0,1.1129897441845593,0.41483664818687166,0.414836658351185,0.6956629934419652,1.1122538100758628,1.1125867453179634,0.0,0.0004029988665958939,1.0,-3.161665048533504,0.4323505977804317,0.0,1.0,-0.885092603059787,-0.22356942601524635,42
2049Q1,76,0.6808520802951118,-0.6306496596416791,-0.8115283140030405,0.8278360534556417,0.5659582674152155,0.0006159070729186585,0.0016345429015292992,0.006522158684229895,0.0016345429015292992,0.0007355443056881847,0.002942177222752739,0.0013959701090415807,0.0006281865490687114,0.0025127461962748455,0.20660727409946963,0.06254221872443722,0.6831982159225305,1.1104855409790824,0.0,1.1104855409790824,0.42728732252372187,0.42728732505655187,0.6802432665259406,1.1091938377312718,1.1100076720750964,0.0,0.00047786890398593407,1.0,-3.4753223928412806,0.4637040527350593,0.0,1.0,-0.682357215794989,0.24757584929755608,42
2049Q2,77,0.49851683990103823,-0.21135778437910646,-0.4179176498529108,0.5321211028146267,-0.009681054694904656,0.0006281865490687114,0.0018369797488347992,0.00732769681187917,0.0018369797488347992,0.0008266408869756596,0.0033065635479026384,0.0010715982763139194,0.00048221922434126376,0.001928876897365055,0.20318831574334956,0.06560781943548276,0.6698370549091305,1.1093025421742007,0.0,1.1093025421742007,0.4394654854967378,0.4394654872650702,0.6656977742354416,1.1062476282880378,1.108627103428179,0.0,0.000675438746021717,1.0,-3.765826058225816,0.4929003865982403,0.0,1.0,-0.5234085517899533,1.6751089378738728,42
2049Q3,78,0.26979726722654407,-0.43243294155241285,-0.43162724281710146,0.18494856602614668,-0.9485779631742391,0.00048221922434126376,0.001839671424343449,0.00733840424489185,0.001839671424343449,0.0008278521409545521,0.0033114085638182083,0.0015089658525391336,0.0006790346336426102,0.0027161385345704408,0.20314379099714353,0.06564640847788661,0.6687825014928419,1.1078141954419196,0.0,1.1078141954419196,0.43903169275861914,0.4390316939490777,0.6655182237622386,1.1062108487051734,1.1072879623595073,0.0,0.0005262330824122863,1.0,-3.791334657489348,0.4952544311152922,0.0,1.0,-0.5180310639144793,1.044158400918949,42
2049Q4,79,0.734174500575981,-0.8320924370223208,-0.942178945080693,0.26909184379492845,0.893540486127028,0.0006790346336426102,0.0015505739963414889,0.006187885213331135,0.0015505739963414889,0.00069775829835367,0.00279103319341468,0.001056758172908236,0.0004755411778087062,0.0019021647112348247,0.20806696421760862,0.061167207431645484,0.6904038932220562,1.11270469925584,0.0,1.11270469925584,0.4223007814832913,0.42230080603378384,0.6869547725794969,1.1105329993972068,1.1121416489768179,0.0,0.0005630502790221481,1.0,-3.3210302727235073,0.44842748609454197,0.0,1.0,-0.7659744644148725,0.044095306463732574,42
2050Q1,80,0.15306653837120687,-1.4222986135636415,-0.6588004440730362,1.23952143492074,0.682626982556132,0.0004755411778087062,0.0012679238669555868,0.005062057833058131,0.0012679238669555868,0.000570565740130014,0.002282262960520056,0.0012178774822695034,0.0005480448670212765,0.002192179468085106,0.21316655926439046,0.05600150072398144,0.7155658240031592,1.116293436663923,0.0,1.116293436663923,0.40072760010969294,0.40072761266076384,0.7132871967389353,1.1156858192186747,1.1159231151832933,0.0,0.000370321480629654,1.0,-2.812435007770485,0.3974954559100272,0.0,1.0,-1.1879375501398115,-0.6017229841806457,42
2050Q2,81,1.5079892843200837,-0.3733312090915948,-0.5339875801390233,0.8735515246716101,0.5641828880572455,0.0005480448670212765,0.001290254483403451,0.005151037982889628,0.001290254483403451,0.0005806145175315529,0.0023224580701262116,0.0018070666963461784,0.0008131800133557803,0.003252720053423121,0.21275298123232572,0.05644354437344965,0.7119630602366934,1.1138202528114436,0.0,1.1138202528114436,0.4018571858272681,0.40185719257475017,0.7109613979104921,1.1152364369233196,1.1136601188584796,0.0,0.00016013395296399224,1.0,-2.885804238814101,0.4045672438680543,0.0,1.0,-1.1431011179867683,-0.19749769782032203,42
2050Q3,82,0.5343334642695783,-0.8722996838858543,-1.007749666304428,-0.5166065595823648,0.9462101755329884,0.0008131800133557803,0.0013359870009339075,0.0053332483711558965,0.0013359870009339075,0.0006011941504202584,0.0024047766016810335,0.0018841285632068033,0.0008478578534430615,0.003391431413772246,0.2119117910542235,0.05732925141570311,0.7073280786479629,1.112833980548433,0.0,1.112833980548433,0.40550589254195285,0.4055059019004702,0.7063433026658467,1.1143411010618085,1.1126768876839408,0.0,0.00015709286449228088,1.0,-2.978189505449048,0.41377109269146173,0.0,1.0,-1.0542492018929515,-0.6933666242242207,42
2050Q4,83,1.4566780035800895,-1.386904371394412,-1.1269373859282994,0.4896032933691742,0.016533980538186888,0.0008478578534430615,0.0016712719316579591,0.006668347492064686,0.0016712719316579591,0.0007520723692460816,0.0030082894769843265,0.00195606999194356,0.0008802314963746019,0.0035209259854984075,0.2059765313883433,0.06312361670777107,0.6793300647728031,1.1081477736873586,0.0,1.1081477736873586,0.4288177062678372,0.4288177089145555,0.6774410222365016,1.1086311076694702,1.1078470424886444,0.0,0.0003007311987142103,1.0,-3.5611871353783133,0.4720384820414567,0.0,1.0,-0.6474492076591718,0.02809155682173478,42
2051Q1,84,0.7666907228650672,-0.8959711606007008,-0.015702210917034276,0.3689248685370733,0.4235449054164448,0.0008802314963746019,0.0016508306311514911,0.006586989062192794,0.0016508306311514911,0.000742873784018171,0.002971495136072684,0.0015536429530839725,0.0006991393288877877,0.0027965573155511506,0.20632698950309028,0.06280150172259123,0.6816602723935318,1.1097531707084065,0.0,1.1097531707084065,0.4280928877094439,0.42809289831487474,0.6789909819028926,1.108942632416015,1.1093233919656016,0.0,0.00042977874280492046,1.0,-3.5090554984367808,0.4670064105147903,0.0,1.0,-0.6634192817054625,-0.44235574655441134,42
2051Q2,85,0.2582999509086299,-0.17495901011438053,0.03905745144338174,-0.6253767775556386,0.1626963187167726,0.0006991393288877877,0.001992071069475204,0.007944505800196122,0.001992071069475204,0.0008964319812638418,0.0035857279250553673,0.002088907539269037,0.0009400083926710667,0.0037600335706842666,0.20066190870654035,0.06774758294356491,0.65838162950807,1.1044192711841754,0.0,1.1044192711841754,0.44603764053617395,0.4460376416761054,0.6558698041911377,1.104217883658747,1.104020895899719,0.0,0.0003983752844562982,1.0,-4.030159217550308,0.5188759133623597,0.0,1.0,-0.40972660678469003,-0.1842763460593055,42
2051Q3,86,0.4436627878091763,-0.6839377790738567,-0.5923395884640195,0.9281006768291615,0.7936492352511271,0.0009400083926710667,0.001418964346493446,0.00566378805113088,0.001418964346493446,0.0006385339559220507,0.0025541358236882026,0.0015608006435628137,0.0007023602896032661,0.0028094411584130645,0.21040524993603218,0.058872683633271784,0.7004025012885858,1.1127482711800434,0.0,1.1127482711800434,0.41234574874315144,0.41234576989145755,0.6984268803459261,1.1127963070269902,1.1124302428386508,0.0,0.0003180283413926066,1.0,-3.1165279951835387,0.42775043922875056,0.0,1.0,-0.9268322830994941,-0.17666984646959563,42
2051Q4,87,0.732334786707344,-0.2780607086537782,-0.4895283072700889,0.13385166262155945,-0.06077983009739174,0.0007023602896032661,0.001543937744807347,0.0061614632323958585,0.001543937744807347,0.0006947719851633062,0.002779087940653225,0.0009304643474489302,0.0004187089563520186,0.0016748358254080743,0.2081833862856968,0.061055704828365545,0.691207223750487,1.1132286670372864,0.0,1.1132286670372864,0.42202144228543753,0.42202144328679936,0.6875042884984754,1.1106421316217554,1.1126220784364966,0.0,0.0006065886007897703,1.0,-3.303628468035276,0.4467441378471756,0.0,1.0,-0.768715156749827,-0.7752139731966639,42
2052Q1,88,0.48086749972070925,-0.6365646722848889,-0.5335828497527974,-0.6511003128106961,0.29827392592790236,0.0004187089563520186,0.0016629345561517549,0.0066351645033246864,0.0016629345561517549,0.0007483205502682897,0.002993282201073159,0.0029496355962389783,0.0013273360183075403,0.005309344073230161,0.20611929770456777,0.06299267402158065,0.6778741361759001,1.1048851873092973,0.0,1.1048851873092973,0.42701104487789043,0.4270110511333972,0.678070324704026,1.1087576719728303,1.1020214320922088,0.0002894110808815964,0.0028637552170884817,1.0,-3.5972743641718963,0.47520010039888205,0.0,1.0,-0.6459161335034129,-1.627427944645269,42
2052Q2,89,0.2237427503618032,-0.21667063265594227,0.18439061121922107,-0.09122973796816539,0.5908443245881778,0.0013273360183075403,0.0026409170888365722,0.010521895323986508,0.0026409170888365722,0.0011884126899764575,0.00475365075990583,0.003305084088397786,0.0014872878397790036,0.0059491513591160144,0.1909089724695547,0.07519975548384716,0.625441544063873,1.0957720633729426,0.0,1.0957720633729426,0.4703305118304307,0.47033051930906966,0.6235260106857795,1.0972462290449427,1.0954787432604223,0.0,0.0002933201125203677,1.0,-4.835577210760408,0.5988704332362618,0.0,1.0,-0.09397826729819884,-0.30299694279369305,42
2052Q3,90,0.5232919685786684,-0.22077225641018433,0.1201713040219184,-0.543265609138988,1.5927415725023646,0.0014872878397790036,0.0024544384840427145,0.009781667435030839,0.0024544384840427145,0.0011044973178192215,0.004417989271276886,0.0013304384149131188,0.0005986972867109035,0.002394789146843614,0.1935825842745995,0.07326846499078594,0.636670304895138,1.103148883381682,0.0,1.103148883381682,0.4664785594488243,0.46647857848654406,0.6316442772281358,1.0990455121347351,1.1023346014248974,0.0,0.0008142819567846793,1.0,-4.544703200616793,0.5706716227749684,0.0,1.0,-0.17288526796004933,0.04773129312830676,42
2052Q4,91,0.7889646020292809,-0.9230717854526629,-0.6133826168218889,0.6047901087339225,0.04155182521590328,0.0005986972867109035,0.0013284643482182241,0.005303277862599987,0.0013284643482182241,0.0005978089566982008,0.0023912358267928033,0.0011903058863602226,0.0005356376488621002,0.0021425505954484007,0.21204962645936884,0.05718532769249936,0.7096176160910355,1.1154147803885526,0.0,1.1154147803885526,0.4057971591253607,0.4057971642975171,0.7070899437443552,1.1144861376208124,1.1150036705990392,0.0,0.0004111097895134197,1.0,-2.9294529106247658,0.4092096534136145,0.0,1.0,-1.0670369221992724,-0.7933740218536874,42
2053Q1,92,1.201181034052678,-0.9203637310764996,-0.8402480451308791,-0.06529237182663272,-0.23370877378793542,0.0005356376488621002,0.0013021983344231967,0.0051986278444621226,0.0013021983344231967,0.0005859892504904385,0.002343957001961754,0.0015128326613829924,0.0006807746976223466,0.0027230987904893864,0.2125325385304153,0.05667736937137112,0.7114493397697007,1.1146801219897564,0.0,1.1146801219897564,0.4032307701914544,0.4032307822200557,0.7097368109276347,1.1149994193849855,1.1144040756073355,0.0,0.000276046382420958,1.0,-2.894622153875569,0.4055814406899346,0.0,1.0,-1.1129584630450107,-1.3630202229436463,42
2053Q2,93,0.3397537418990935,-0.9084258935654823,-0.6661324357636749,0.10081421998920126,1.2967376235700374,0.0006807746976223466,0.0015453912472438893,0.006167250341653663,0.0015453912472438893,0.0006954260612597502,0.0027817042450390007,0.002008718768950035,0.0009039234460275159,0.0036156937841100635,0.20815787363242969,0.061080163164972924,0.688780721259113,1.1094891107403524,0.0,1.1094891107403524,0.42070838839394364,0.42070838948123934,0.6873836793163411,1.110618186110143,1.1092670358836383,0.0,0.0002220748567141051,1.0,-3.359447895560318,0.4518408661100043,0.0,1.0,-0.773768760982903,0.4397166775429665,42
2053Q3,94,0.8039567243096777,-1.2097490813695444,-0.23426237834757738,0.08668706147320876,0.5634694949528682,0.0009039234460275159,0.0012772932273211084,0.0050993923741943226,0.0012772932273211084,0.0005747819522944988,0.002299127809177995,0.0009995906090561543,0.00044981577407526943,0.0017992630963010777,0.2129928049538145,0.05618775207555362,0.7151154076018735,1.1169226865708788,0.0,1.1169226865708788,0.4018072722774254,0.40180727896900525,0.7123055251252673,1.1154962663324421,1.1164632656094218,0.0,0.0004594209614570133,1.0,-2.820254942703641,0.39837567849628885,0.0,1.0,-1.1695760650465992,-0.2677123527319865,42
2053Q4,95,1.2334108646326696,-0.5825672815807136,0.528107618747637,0.808348498785979,0.30648561407393415,0.00044981577407526943,0.0013682370743747425,0.005461726103601072,0.0013682370743747425,0.0006157066834686342,0.0024628267338745367,0.0011048560304715014,0.0004971852137121756,0.0019887408548487024,0.2113232525055973,0.05793859239880177,0.7060362876677957,1.115103788302463,0.0,1.115103788302463,0.4090674868994757,0.40906750063466735,0.7031982726831787,1.1137289423652568,1.1146411119759139,0.0,0.0004626763265491718,1.0,-3.000549613388518,0.4163577761251396,0.0,1.0,-1.0094172911755126,0.9806336345410519,42
2054Q1,96,0.9167393114089271,-1.1194655315210456,-0.23302180997586222,1.0497237768517693,0.8946464404868477,0.0004971852137121756,0.0011859551434331788,0.004735388306275623,0.0011859551434331788,0.0005336798145449304,0.0021347192581797217,0.0009240366749929535,0.0004158165037468291,0.0016632660149873163,0.21470078859634262,0.054321935517214336,0.7249646919096604,1.1187795454055252,0.0,1.1187795454055252,0.39381485246173725,0.39381485349586476,0.7222545755726573,1.1174094039594678,1.1183355149719088,0.0,0.0004440304336164047,1.0,-2.629933367133585,0.3793775202096117,0.0,1.0,-1.410817583938304,0.9273282376515245,42
2054Q2,97,0.45463547958237127,-0.6641283052795778,-0.06507130575805786,-0.28025949023449653,0.870730934924625,0.0004158165037468291,0.0016804796210142742,0.0067049933883189805,0.0016804796210142742,0.0007562158294564234,0.0030248633178256937,0.00227411008164596,0.001023349536740682,0.004093398146962728,0.2058191412724456,0.06326753327680364,0.6780080039645723,1.1069669528984118,0.0,1.1069669528984118,0.4289589395276779,0.42895894893383957,0.6767505776054047,1.1084921178289335,1.1067685731368933,0.0,0.0001983797615185967,1.0,-3.5913217767218386,0.4749088281354432,0.0,1.0,-0.6364320573989849,-0.4935977599250067,42
2054Q3,98,1.4537075379444313,-0.701870567074349,-0.017618177340061325,-0.7512845251554874,0.3246962650456833,0.001023349536740682,0.0013223656527688523,0.0052789799519237235,0.0013223656527688523,0.0005950645437459835,0.002380258174983934,0.0012411950751261339,0.0005585377838067603,0.002234151135227041,0.21216152509825859,0.057068142150697346,0.7100927156608455,1.1153294401139968,0.0,1.1153294401139968,0.40523672037507846,0.4052367244531513,0.7076989491574603,1.1146043573924063,1.1149406574318055,0.0,0.0003887826821913354,1.0,-2.920253371288477,0.40826679934504095,0.0,1.0,-1.0787687016141154,-0.667027040046495,42
2054Q4,99,1.0309003009552928,-1.3755789441725064,-0.4369506549990832,0.2521888357021036,0.03061827708441711,0.0005585377838067603,0.0012596604605141525,0.005029129367721374,0.0012596604605141525,0.0005668472072313687,0.0022673888289254747,0.0012994883301913963,0.0005847697485861284,0.0023390789943445135,0.2133200771983252,0.05583628633406473,0.7162243400786169,1.1161374258604173,0.0,1.1161374258604173,0.3999130733205621,0.3999130857818004,0.7141600957615644,1.1158542200233708,1.1158027038914555,0.0,0.00033472196896178197,1.0,-2.7999533057509476,0.39621056082650863,0.0,1.0,-1.210225684764057,0.1010185128193319,42
2055Q1,100,0.44483131517105334,-0.8195485504799196,-1.438552340747918,-0.009030448650635348,0.14070893909415016,0.0005847697485861284,0.0013392943124624216,0.0053464246003182,0.0013392943124624216,0.0006026824406080897,0.002410729762432359,0.0011578855983248714,0.0005210485192461921,0.0020841940769847685,0.21185125845511543,0.0573923106386528,0.7086501160569136,1.1153608085612106,0.0,1.1153608085612106,0.4067106759485575,0.4067106925042969,0.7060166302260014,1.114277608616039,1.1149321046805438,0.0,0.0004287038806667365,1.0,-2.9485464009823614,0.41113359157899,0.0,1.0,-1.0456759121805843,-1.2028382122900312,42
2055Q2,101,0.9399269168883349,-0.34856958747733957,-0.8789543526638629,0.12211060805071701,0.30367696014401024,0.0005210485192461921,0.0015262902975132994,0.006091198034544498,0.0015262902975132994,0.0006868306338809847,0.002747322535523939,0.002248521398008734,0.0010118346291039303,0.004047338516415721,0.20849374230136947,0.060757100823323126,0.6898029511967334,1.1089072306682617,0.0,1.1089072306682617,0.4191042745408577,0.4191042794715283,0.6889798571609036,1.1109348003450876,1.1087772792207269,0.0,0.00012995144753480403,1.0,-3.3390118915337457,0.4496893545242706,0.0,1.0,-0.7854075164090267,-1.3107907351239692,42
2055Q3,102,-0.525456331391396,-0.37064438415030065,0.06522861950414999,-0.41107355331853324,-0.06778711418425215,0.0010118346291039303,0.002270631092987205,0.009051636579370581,0.002270631092987205,0.0010217839918442424,0.00408713596737697,0.0019188538213754122,0.0008634842196189355,0.003453936878475742,0.19631808337498696,0.07121053885231741,0.6440227213401638,1.1026347826156147,0.0,1.1026347826156147,0.45861205019768925,0.45861206127545084,0.6404922119698259,1.1009660084325448,1.1020721424326831,0.0,0.0005626401829315064,1.0,-4.368037149389824,0.5527402307193635,0.0,1.0,-0.24993800646408787,-1.4281159759789048,42
2055Q4,103,0.12424913020747366,-0.5229846209288918,-0.46482322806865833,0.15701363485824232,0.17020455593339442,0.0008634842196189355,0.0018995380028673592,0.00757652994669511,0.0018995380028673592,0.0008547921012903117,0.0034191684051612468,0.0012516537141536426,0.0005632441713691392,0.002252976685476557,0.20215972721503817,0.0664910698668015,0.6655382889716454,1.1080618269263738,0.0,1.1080618269263738,0.44252352871045203,0.44252353795472843,0.6616096417896963,1.105407475202649,1.1074239420760723,0.0,0.0006378848503014733,1.0,-3.863063845530756,0.5025431403817064,0.0,1.0,-0.46689318897155924,-0.6670236495446948,42
2056Q1,104,0.5683285956637839,-0.566660432353091,0.3691937538701684,0.4868601350279678,-0.010176996501113852,0.0005632441713691392,0.0025251272765585264,0.010062315862550908,0.0025251272765585264,0.001136307274451337,0.004545229097805348,0.003411747677163212,0.0015352864547234454,0.0061411458188937815,0.19255725320957506,0.07401798436204064,0.6299082724840018,1.096153693392683,0.0,1.096153693392683,0.4662454066224089,0.46624542090868115,0.6284728420630823,1.0983471028024194,1.095934579050788,0.0,0.00021911434189503254,1.0,-4.722679946223645,0.587532708167641,0.0,1.0,-0.14157938188766764,-0.1637932711008294,42
2056Q2,105,0.30512850683895193,-0.8048812686902334,-0.7200819933808478,0.08945042648170026,0.5966850800768635,0.0015352864547234454,0.001555211853110056,0.00620635034940531,0.001555211853110056,0.0006998453338995253,0.002799381335598101,0.0012041722806231717,0.0005418775262804273,0.002167510105121709,0.2079856933164419,0.06124488023003368,0.6897181589521818,1.1121352230059296,0.0,1.1121352230059296,0.42241706037505705,0.4224170640537478,0.6865724430896768,1.1104570267892966,1.1116237886683282,0.0,0.0005114343376013686,1.0,-3.3360945508942144,0.449867577563141,0.0,1.0,-0.7622623833036855,0.2789682532105845,42
2056Q3,106,1.0583533472047693,-1.2196447085331001,-0.11762246562257453,0.42679347739511997,0.6578869565586908,0.0005418775262804273,0.0013115900435927538,0.0052360475859046796,0.0013115900435927538,0.0005902155196167392,0.002360862078466957,0.0008093290003881952,0.00036419805017468785,0.0014567922006987514,0.2123595732054739,0.05685997500906882,0.712128086663077,1.1170439619530237,0.0,1.1170439619530237,0.40491585210918557,0.40491587528994666,0.7087831804875673,1.1148146476068732,1.1164941997986095,0.0,0.0005497621544141573,1.0,-2.878059286426096,0.40424173059243496,0.0,1.0,-1.1046096167050403,0.3910824149782636,42
2056Q4,107,1.3250108178196882,-0.9571545084352189,-0.6168190511704179,0.6866213099128948,0.3199418110354132,0.00036419805017468785,0.0011395281562294913,0.004550327395539511,0.0011395281562294913,0.0005127876703032711,0.0020511506812130845,0.0008673771781225262,0.0003903197301551368,0.0015612789206205472,0.21558112592517809,0.05332849676746882,0.7303598015219681,1.1198497082492285,0.0,1.1198497082492285,0.38948990314553444,0.38948990672726036,0.727658218990442,1.1184414880719744,1.119406387193579,0.0,0.0004433210556493705,1.0,-2.5277848470639475,0.36918816497623963,0.0,1.0,-1.5777089219361844,0.6284951116432301,42
2057Q1,108,2.0721364969804257,-1.7626482921111097,-0.6879282066053513,0.472150981536688,1.3190604586294539,0.0003903197301551368,0.001095746692705972,0.00437578806697525,0.001095746692705972,0.0004930860117176875,0.00197234404687075,0.0010773627250649054,0.0004848132262792074,0.0019392529051168296,0.21641890953991524,0.052361747794210114,0.7350424591770224,1.1199235500808815,0.0,1.1199235500808815,0.38488107865463234,0.38488109090385914,0.7329897763124388,1.11945532881339,1.1195886510376527,0.0,0.00033489904322880903,1.0,-2.4415042343117244,0.3604656102048932,0.0,1.0,-1.7928201884700428,-0.4495499308916215,42
2057Q2,109,0.4734344054523475,-1.4068061606846427,-0.12198004380016059,0.819595685056222,0.31392362087896475,0.0004848132262792074,0.001181256638037557,0.004716660939881101,0.001181256638037557,0.0005315654871169006,0.0021262619484676026,0.0011069107771148978,0.000498109849701704,0.001992439398806816,0.2147895049437438,0.05422283138159202,0.7250530483556282,1.1181973514743238,0.0,1.1181973514743238,0.39314429183696514,0.3931443031186955,0.7227902645885081,1.117511931346326,1.117828474950269,0.0,0.0003688765240548175,1.0,-2.629075221626388,0.37920941231293714,0.0,1.0,-1.4198562450378116,-0.1506795088888065,42
2057Q3,110,1.1549502615145406,-0.88518409982309,0.05296479650833419,1.1627898194744486,1.168789844065157,0.000498109849701704,0.0011418754317829413,0.004559684403893094,0.0011418754317829413,0.0005138439443023236,0.0020553757772092942,0.0012788568842005328,0.0005754855978902397,0.002301942391560959,0.2155364187144508,0.053379492379006625,0.7291022260969481,1.1182932956792022,0.0,1.1182932956792022,0.389191067214588,0.38919106958225413,0.7273789916830138,1.1183882716112037,1.1180137092635314,0.0,0.0002795864156708294,1.0,-2.5532526536685873,0.3715497797689685,0.0,1.0,-1.5697194378839086,0.9522122050062776,42
2057Q4,111,1.2830561002341936,-1.4376307923093097,-0.8618814095661469,1.7603731009170775,1.483892064973579,0.0005754855978902397,0.0011242864004666565,0.004489567165288921,0.0011242864004666565,0.0005059288802099955,0.002023715520839982,0.0010266399580366081,0.0004619879811164737,0.0018479519244658947,0.21587194401679874,0.05299531963810693,0.7317574273762959,1.1195546164338122,0.0,1.1195546164338122,0.3877971876136562,0.38779718905751626,0.7294874378122502,1.1187898184280516,1.119183745266011,0.0,0.0003708711678012122,1.0,-2.502350641733506,0.3665730761922341,0.0,1.0,-1.6462763189046559,0.7484114581914666,42
2058Q1,112,1.3461638627962849,-1.0717139898603956,-0.046796165510697596,0.9901557013777395,1.9536061655851626,0.0004619879811164737,0.001172748994349467,0.004682750385999301,0.001172748994349467,0.0005277370474572601,0.0021109481898290406,0.0015035958063346338,0.0006766181128505852,0.002706472451402341,0.21495035950262906,0.054042571590265,0.725062264112933,1.11690455776254,0.0,1.11690455776254,0.39184229315722807,0.3918422936496071,0.7237665345824654,1.11769866055203,1.1166956423421182,0.0,0.0002089154204218957,1.0,-2.6306851514400647,0.37919189703115586,0.0,1.0,-1.449575477721142,0.12204079304228327,42
2058Q2,113,1.1543468184746248,-1.2395807876206908,-0.42251810628619096,0.43560940804422454,1.193876013067158,0.0006766181128505852,0.001269643870367524,0.005068911692167388,0.001269643870367524,0.0005713397416653858,0.0022853589666615433,0.001214505325045803,0.0005465273962706114,0.0021861095850824455,0.21313463721088965,0.0560357775558238,0.7153981286364453,1.1162770388455174,0.0,1.1162770388455174,0.40087890400124465,0.4008789102090722,0.7131063487482392,1.115650911735187,1.11590454502925,0.0,0.0003724938162674718,1.0,-2.8156957691721476,0.39782304952094416,0.0,1.0,-1.1859234645977959,-0.28510216468333477,42
2058Q3,114,1.325128352570902,-0.91017928294014,0.009292819687820086,0.12817219898470644,1.3112368513516242,0.0005465273962706114,0.001235794275070679,0.0049340215221669315,0.001235794275070679,0.0005561074237818056,0.0022244296951272223,0.0015006286928344193,0.0006752829117754887,0.0027011316471019548,0.21376490760605993,0.05535404880871912,0.7182394598418987,1.1158140800078402,9.076578377786859e-11,1.1158140809154982,0.3975746211643652,0.3975746210735994,0.716719351939704,1.1163471627356445,1.1155689678168335,0.0,0.00024511219100675774,1.0,-2.7616860011672157,0.3922933172049461,0.0,1.0,-1.2706531751861971,0.7870727635130401,42
2058Q4,115,1.7378322462400182,-1.6165129122233501,-0.1949336136594182,1.0374350215280093,1.5217354670277414,0.0006752829117754887,0.0011343565978034927,0.004529711638813216,0.0011343565978034927,0.0005104604690115717,0.0020418418760462867,0.0016225277986507732,0.000730137509392848,0.002920550037571392,0.21567970058321406,0.05321584723656005,0.7291500267254527,1.1171734066450054,0.0,1.1171734066450054,0.3880233643475537,0.3880233799195527,0.7282757227098471,1.1185591358491778,1.1170329071919478,0.0,0.00014049945305760758,1.0,-2.553899849689218,0.371459847459529,0.0,1.0,-1.589964694194361,-1.1516789362539344,42
2059Q1,116,1.161478964750347,-0.18349523089002284,-0.1415773657987512,0.4998280275973026,0.7909630382692044,0.000730137509392848,0.001453422805643147,0.005801028872060021,0.001453422805643147,0.0006540402625394161,0.0026161610501576646,0.000944988996486453,0.00042524504841890385,0.0017009801936756154,0.20978700902337075,0.05949090319862272,0.6987331650492928,1.1144158435422484,0.0,1.1144158435422484,0.4156826708361475,0.4156826784929556,0.6953015819926649,1.1121827472554648,1.1138539302257655,0.0,0.0005619133164829204,1.0,-3.1478672751883523,0.4311614824704163,0.0,1.0,-0.8864984967925972,0.9992790425350582,42
2059Q2,117,0.11360754375386772,-0.8573361877427218,-0.05037903013656314,0.3329902425395763,1.0427222980256372,0.00042524504841890385,0.0013788036623272719,0.005503818533431293,0.0013788036623272719,0.0006204616480472723,0.0024818465921890892,0.002166631377588804,0.0009749841199149618,0.003899936479659847,0.2111312537389351,0.058135584014236935,0.7026885007330119,1.1112005668285305,0.0,1.1112005668285305,0.40851206370202203,0.4085120660955186,0.7021870381915483,1.1135316844612047,1.1111212103017114,0.0,7.935652681911876e-05,1.0,-3.0728066546143378,0.4231056813415188,0.0,1.0,-0.9837810556437712,-0.6467473490980931,42
2059Q3,118,0.07957021349771276,-1.5658913846745839,-0.7065041912075427,1.6023056548729948,0.4119836308658593,0.0009749841199149618,0.001344125843906313,0.005365673040246044,0.001344125843906313,0.0006048566297578408,0.002419426519031363,0.0008028149910629836,0.00036126674597834264,0.0014450669839133705,0.2117629013088326,0.05748419534116177,0.7089912551746052,1.1165491812324932,0.0,1.1165491812324932,0.4075579180763247,0.4075579260578881,0.7055411204289611,1.1141851516481056,1.1159820227847526,0.0,0.0005671584477406899,1.0,-2.940158876173795,0.41045462087140117,0.0,1.0,-1.0402084812898147,-0.6820786186936222,42
2059Q4,119,0.4001344090044575,-1.269023261159783,-0.18683932494374772,0.0061188448009526775,0.5286425490515774,0.00036126674597834264,0.0013376010794955194,0.0053396788277122464,0.0013376010794955194,0.0006019204857729837,0.002407681943091935,0.00228703152510224,0.001029164186296008,0.004116656745184032,0.21188224406552422,0.057360042881375584,0.7062685154359424,1.111384447973287,0.0,1.111384447973287,0.4051159233117113,0.4051159325373447,0.7061837562290073,1.1143100939302215,1.1113710807379245,0.0,1.3367235362604646e-05,1.0,-3.0012123486301188,0.41589207067671585,0.0,1.0,-1.0480365410547008,-1.30952085937562,42
2060Q1,120,0.28557904457341554,-1.2513772943923915,-1.4309563825204918,0.5214510671015055,-0.12219604033448717,0.001029164186296008,0.0015498496239882572,0.006185001178206639,0.0015498496239882572,0.0006974323307947157,0.002789729323178863,0.0011764227305712017,0.0005293902287570408,0.002117560915028163,0.20807966454419685,0.061155057225486566,0.6902051916851148,1.1123005933599446,0.0,1.1123005933599446,0.4220953799483112,0.42209540167482973,0.6870146093331507,1.1105448872760757,1.1117814661560264,0.0,0.0005191272039182238,1.0,-3.3257386477119324,0.44884447454243614,0.0,1.0,-0.7632913802864546,-0.590154986995063,42
2060Q2,121,0.839127233698767,-0.9288711918664191,-0.4659695462333025,0.5159999085123125,0.47298463097290233,0.0005293902287570408,0.001230408915849129,0.004912559675397721,0.001230408915849129,0.0005536840121321081,0.0022147360485284323,0.0011335394843203664,0.0005100927679441649,0.0020403710717766597,0.2138655800157636,0.055244176351822695,0.7196612121518081,1.117232143844618,0.0,1.117232143844618,0.3975709091768097,0.3975709316928099,0.7173048385170907,1.1164597703736505,1.116848292765482,0.0,0.0003838510791360772,1.0,-2.7325278396561274,0.3895426911976686,0.0,1.0,-1.2802912147186751,0.07628299796896287,42
2060Q3,122,0.8405341626082123,-0.04826866889723935,-0.5004341299578878,0.75679605028166,0.5146337418125613,0.0005100927679441649,0.0019715461481019485,0.007862893265568216,0.0019715461481019485,0.0008871957666458768,0.003548783066583507,0.0028588664895365977,0.001286489920291469,0.005145959681165876,0.20099173233329584,0.06747382393480708,0.6580665370769032,1.1020892185606141,0.0,1.1020892185606141,0.44402265660115164,0.44402268148371093,0.6571128674294566,1.1044765410108628,1.1019412709237306,0.0,0.00014794763688352752,1.0,-4.040896284712769,0.5196031385509854,0.0,1.0,-0.42457217597586117,0.19306892090841654,42
2060Q4,123,0.1391599468748279,-0.359104570234857,-0.2568227557028536,0.5849625409881617,1.4208325890412987,0.001286489920291469,0.0018306985110445825,0.007302709832745613,0.0018306985110445825,0.0008238143299700621,0.0032952573198802484,0.0020247639824851273,0.0009111437921183073,0.003644575168473229,0.20329231192906733,0.06551755987970341,0.6683209546286737,1.1061885554880921,0.0,1.1061885554880921,0.4378675816374467,0.43786760085941845,0.6661180616686894,1.1063336826252566,1.1058385409932667,0.0,0.00035001449482541247,1.0,-3.8039818051033545,0.49628703671821717,0.0,1.0,-0.5191519358195142,0.05256067730234415,42
2061Q1,124,0.5158813579074409,-0.5453534050374851,0.2967816667131931,0.344773205202888,0.6733812391684504,0.0009111437921183073,0.002278451751873872,0.00908270623912455,0.002278451751873872,0.0010253032883432425,0.00410121315337297,0.0028424158806928932,0.001279087146311802,0.005116348585247208,0.1961996165727159,0.07130150867221453,0.6419284660094998,1.099633157792352,0.0,1.099633157792352,0.45770468086117727,0.4577046917828521,0.6400966486249065,1.1008809801147155,1.0993488430124505,0.0,0.00028431477990142895,1.0,-4.4228504533157516,0.5578059581852634,0.0,1.0,-0.24729698844959877,-1.2070041269478398,42
2061Q2,125,0.4684001988077655,-0.7175445761828378,0.3360465988648583,-0.7887526248622405,0.5114417757586095,0.001279087146311802,0.0024683519667544895,0.009836911417624439,0.0024683519667544895,0.0011107583850395203,0.004443033540158081,0.003022578613016333,0.00136016037585735,0.0054406415034294,0.19337961497421932,0.07341774293066321,0.6329999016527783,1.0977341696361695,0.0,1.0977341696361695,0.4647342405467877,0.46473426798339124,0.6310105038763951,1.0989063864927309,1.0974270098100098,0.0,0.0003071598261596975,1.0,-4.643391934410632,0.5797790330652057,0.0,1.0,-0.16023353679450417,-1.1780033404752368,42
2061Q3,126,-0.5851937997668459,0.38711572981041054,0.7937089930065064,-0.2877213960993602,-0.10113656055381848,0.00136016037585735,0.005123947496632971,0.02033879838317032,0.005123947496632971,0.002305776373484837,0.009223105493939348,0.00419379241395196,0.0018872065862783822,0.007548826345113529,0.1634040095864502,0.09231711976135244,0.5636841092908297,1.0840610467245182,0.0,1.0840610467245182,0.520376934249728,0.5203769374336885,0.5581681453659181,1.0807920449691917,1.0832384624196207,0.0,0.0008225843048974557,1.0,-6.591304700625865,0.7740432634763081,0.0,1.0,0.5616950596653417,-0.99911499928447,42
2061Q4,127,-1.4089516309893027,0.6406053545860779,1.063440696104939,-0.8523493791585193,0.10910303698934898,0.0018872065862783822,0.008625525091404062,0.03405826367702214,0.008625525091404062,0.003881486291131828,0.015525945164527311,0.010492316215304182,0.004721542296886882,0.018886169187547527,0.14185825293516743,0.10649356781812712,0.5143633026264874,1.062127153948076,0.0,1.062127153948076,0.5477638325140968,0.5477638513215887,0.5113216685010632,1.0659420180569925,1.0617597714567533,0.0,0.00036738249132284295,1.0,-8.32072643447027,0.94415110115014,0.0,1.0,1.1792030377340794,-1.540289251924556,42
2062Q1,128,-0.641611993083222,1.500715983861544,0.5228122324212995,-0.67316781697574,-0.6760228115730531,0.004721542296886882,0.009625024948848919,0.03794781127322322,0.009625024948848919,0.004331261226982013,0.017325044907928053,0.013222955552032971,0.005950329998414837,0.023801319993659347,0.1379951302409014,0.10990881991303307,0.502363233333151,1.0545047530259402,0.0,1.0545047530259402,0.5521415014334231,0.5521415196927891,0.5009557856213115,1.0623507894005166,1.0543520495937606,0.0,0.00015270343217954618,1.0,-8.797418291128938,0.9905914991144791,0.0,1.0,1.3555092431272198,-0.9122436681805894,42
2062Q2,129,-1.2382434093897312,0.6625841464715604,1.0206043827785158,-1.4303467492107904,-0.6680895606971554,0.005950329998414837,0.007427920575790499,0.02938227454699016,0.007427920575790499,0.0033425642591057244,0.013370257036422898,0.005928069421835439,0.002667631239825948,0.010670524959303792,0.14761552226201077,0.10215855090894725,0.531840820397496,1.075161705955709,0.0,1.075161705955709,0.5433208752603387,0.543320885558213,0.5249960559058537,1.0705375361317386,1.0741943785969847,0.0,0.0009673273587242903,1.0,-7.6612945272755795,0.880261821487732,0.0,1.0,0.9700247530714661,-0.544376928068826,42
2062Q3,130,-0.9947383848003705,1.3743053409877155,1.5678549874593066,-0.7689712198416261,-0.8486205740017666,0.002667631239825948,0.00983635595188253,0.03876869787887827,0.00983635595188253,0.004426360178347138,0.017705440713388552,0.009075615866511087,0.004084027139929989,0.016336108559719956,0.1372714845356577,0.11061372392760879,0.5053114487198836,1.064255266678047,0.0,1.064255266678047,0.5589438108616126,0.5589438179581633,0.49886066988443917,1.0616154472572477,1.0634349873920688,0.0,0.0008202792859781649,1.0,-8.662615378153179,0.978977510675388,0.0,1.0,1.3942077700501612,-0.6325948822312932,42
2062Q4,131,-0.5042459426166828,0.3853494020157151,0.3333337199535146,-0.3256878893275776,-0.7774695835503991,0.004084027139929989,0.00584135152217997,0.023161473858894666,0.00584135152217997,0.0026286081849809864,0.010514432739923946,0.005744101878343955,0.0025848458452547795,0.010339383381019118,0.1576908760222016,0.09569998186575547,0.5510102463653318,1.0783269559292734,0.0,1.0783269559292734,0.5273167058500771,0.5273167095639416,0.5464338562330298,1.077325441746156,1.077676415017244,0.0,0.0006505409120294292,1.0,-7.006331229553574,0.8148482771101025,0.0,1.0,0.6943184253259157,-0.4762799771675121,42
2063Q1,132,0.23124762780040697,0.6743313921666616,-0.052929028502750775,0.08207666488001769,-0.15822359455605872,0.0025848458452547795,0.004053047934201183,0.016113894602486578,0.004053047934201183,0.0018238715703905325,0.00729548628156213,0.004225317224399807,0.0019013927509799133,0.007605571003919653,0.17361329147724627,0.08632319089780938,0.5833469012349701,1.0869105637143273,0.0,1.0869105637143273,0.5035636591495187,0.5035636624793571,0.5798458935011515,1.0867325623913044,1.0863889623223077,0.0,0.0005216013920195106,1.0,-5.993472292388729,0.714245836487893,0.0,1.0,0.3292203040690656,-0.594998375059287,42
2063Q2,133,-0.3249355010036735,-0.30912697753501717,0.7465165074879314,-0.06253006065573463,0.2975218781188702,0.0019013927509799133,0.0038847934699029595,0.015448858441344249,0.0038847934699029595,0.0017481570614563317,0.006992628245825327,0.003263746687464293,0.001468686009358932,0.005874744037435728,0.17542600127344457,0.08523623343754598,0.5885644647059468,1.0902346661214046,0.0,1.0902346661214046,0.5016701810672037,0.5016702014154578,0.5839055779447306,1.0877835176557413,1.089520397563574,0.0,0.0007142685578305219,1.0,-5.837178804784081,0.6990491944690491,0.0,1.0,0.29405718964121064,-1.6744965772171847,42
2063Q3,134,0.13279063528175936,-0.5210872893043547,0.1885922696756276,-0.5913011527104534,0.5020095505906745,0.001468686009358932,0.0021371405014563483,0.00852119681226815,0.0021371405014563483,0.0009617132256553567,0.003846852902621427,0.0018980197929745434,0.0008541089068385445,0.003416435627354178,0.1983692712488982,0.06960713121193922,0.6507821852314267,1.1037730185106995,0.0,1.1037730185106995,0.4529908095779645,0.4529908332792728,0.6475337749075536,1.102467594076081,1.1032550305381956,0.0,0.0005179879725039083,1.0,-4.2066651009461635,0.5366124011877778,0.0,1.0,-0.32185104968837003,-0.8947202558908756,42
2063Q4,135,0.48988260972181913,-0.46306411549234794,-0.8541978734625421,-1.1659193016000613,0.7382935942274609,0.0008541089068385445,0.0018489672921964172,0.007375382360922944,0.0018489672921964172,0.0008320352814883878,0.003328141125953551,0.0018515250959814733,0.000833186293191663,0.003332745172766652,0.20299020798361936,0.06577926714823883,0.6675012371269817,1.1065786790227061,0.0,1.1065786790227061,0.43907742198755645,0.4390774418957244,0.6649007275736675,1.1060842724512714,1.1061634605069006,0.0,0.0004152185158055044,1.0,-3.8215772070749643,0.4981245344143048,0.0,1.0,-0.49196280717907276,-2.523427088585898,42
2064Q1,136,-0.2979467168191344,0.36072866394429093,0.026506726991444185,0.5676696634389871,0.14594533859699688,0.000833186293191663,0.0024693516807882945,0.00984088072907141,0.0024693516807882945,0.0011112082563547326,0.0044448330254189304,0.002775126523577328,0.0012488069356097976,0.0049952277424391905,0.1933650530919987,0.07342843535878042,0.6334035008440689,1.0985018012928676,0.0,1.0985018012928676,0.46509828017753935,0.46509830044879863,0.6309651526121675,1.0988964218583879,1.0981226090517424,0.0,0.00037919224112514804,1.0,-4.632212298795118,0.5787724229439021,0.0,1.0,-0.1570731854415532,-1.6837651848221706,42
2064Q2,137,0.24819898432878568,-1.1605962655834279,-0.349177036145028,-0.6947150170709759,0.5566137172720276,0.0012488069356097976,0.0019771764099767004,0.007885281182209991,0.0019771764099767004,0.0008897293844895152,0.003558917537958061,0.001463117036605654,0.0006584026664725442,0.002633610665890177,0.20090112124998444,0.06754919452263367,0.6604688335509866,1.1066102196252459,0.0,1.1066102196252459,0.4461413771367255,0.44614138607425924,0.656770214505973,1.104405300473135,1.1060132034320986,0.0,0.0005970161931472262,1.0,-3.9793437455753464,0.5140759718910621,0.0,1.0,-0.4080078970069847,-2.20858857331714,42
2064Q3,138,-0.10265298564176531,-0.6998919661565165,-0.2856195923133421,0.3407573074077418,0.438414851992981,0.0006584026664725442,0.002719422569115914,0.010833399110455555,0.002719422569115914,0.0012237401561021614,0.004894960624408646,0.00187044752015663,0.0008417013840704835,0.003366805536281934,0.1898131080995322,0.07597050895525126,0.6249523058324331,1.0997317551718768,0.0,1.0997317551718768,0.47477944746847783,0.4747794493394437,0.6203342132172243,1.096528061975311,1.0989947861619815,0.0,0.000736969009895283,1.0,-4.841638047772879,0.6001221033932174,0.0,1.0,-0.05796448893874116,-1.391708921271726,42
2064Q4,139,-0.7829790660738417,0.8910585393132245,0.3930406501636199,0.12924345402715565,-0.605835062697355,0.0008417013840704835,0.006786298721354102,0.026870119803188985,0.006786298721354102,0.003053834424609346,0.012215337698437384,0.006103963287121178,0.0027467834792045303,0.010987133916818121,0.15131150971956786,0.09967407875417988,0.53873253657825,1.0757092498333152,0.0,1.0757092498333152,0.5369766927833959,0.5369767132550651,0.5330928299762268,1.0731666883161037,1.0749166896533953,0.0,0.00079256017991991,1.0,-7.421554058130486,0.8562086223338441,0.0,1.0,0.8619114009538849,-0.7275846775426866,42
2065Q1,140,-1.54814844373957,1.4466812313657287,0.9203223820963349,-0.21809861214591242,-0.8975719662492968,0.0027467834792045303,0.0074734452527132145,0.029560333226626767,0.0074734452527132145,0.0033630503637209464,0.013452201454883786,0.004128641153918616,0.0018578885192633773,0.007431554077053509,0.1473707542837499,0.10232979140351592,0.5336530119973636,1.0797390279729548,0.0,1.0797390279729548,0.546086013995482,0.5460860159755913,0.5244449376844132,1.070355922162493,1.0783631472438848,0.0,0.0013758807290700226,1.0,-7.589346877470562,0.8738767992277929,0.0,1.0,0.9783085948152758,-0.656037579073348,42
2065Q2,141,-1.0073706830475841,1.4599783117501213,1.2442417131822214,-0.02610156315572909,-0.6248814597665614,0.0018578885192633773,0.009083358195723843,0.03584137937568466,0.009083358195723843,0.00408751118807573,0.01635004475230292,0.008607939898020585,0.0038735729541092634,0.015494291816437054,0.13999381096667737,0.10807615458375736,0.5124270487298161,1.0662385086174706,0.0,1.0662385086174706,0.5538114493142218,0.5538114598876545,0.5064737442474224,1.0642726836958767,1.0654689590567343,0.0,0.0007695495607362712,1.0,-8.385708483327756,0.9514972753786664,0.0,1.0,1.251809509835955,-0.026971721012773,42
2065Q3,142,-1.8545180716488514,1.7568824593877284,1.1127143297309323,-1.0671656851496567,-0.4667602554924586,0.0038735729541092634,0.011161401460539344,0.04390369083777368,0.011161401460539344,0.005022630657242705,0.02009052262897082,0.010686080723610743,0.0048087363256248345,0.019234945302499338,0.13336056156980786,0.11492822419430225,0.4927638575562559,1.059088613451593,0.0,1.059088613451593,0.566324750960746,0.5663247558953373,0.4863619297593712,1.0571712974523817,1.0583209414092256,0.0,0.0007676720423674954,1.0,-9.173783415248955,1.0293696051992707,0.0,1.0,1.676790298809955,-0.3880493979696252,42
2065Q4,143,-1.0076472377521442,0.8063110109936862,1.5107383498015803,-0.8192429970960097,-0.6638976523481711,0.0048087363256248345,0.010070385018977713,0.0396771389227053,0.010070385018977713,0.004531673258539971,0.018126693034159883,0.007604879091023656,0.0034221955909606453,0.013688782363842581,0.13650452848102887,0.11138839455125538,0.5050234871886504,1.0675610543358076,0.0,1.0675610543358076,0.5625375544862026,0.5625375671471572,0.4965755651231746,1.0608101017844835,1.06643090784526,0.0,0.0011301464905475456,1.0,-8.667280970131209,0.9801059014221603,0.0,1.0,1.4398994949944546,-0.6281845828148294,42
2066Q1,144,-0.18372259514235556,1.6800288534605845,2.8659859424398304,-0.2819017960329079,-0.5016915806096209,0.0034221955909606453,0.011197882464690095,0.04404477523042438,0.011197882464690095,0.005039047109110543,0.020156188436442173,0.010523344014388052,0.004735504806474624,0.018942019225898495,0.1332666448780226,0.11504476569206386,0.4926587120204975,1.059436786632197,0.0,1.059436786632197,0.566778060905521,0.5667780746116995,0.48603194010808337,1.0570527224861275,1.0586373000533378,0.0,0.0007994865788591987,1.0,-9.177382097918596,1.0298027049853848,0.0,1.0,1.6804581992536616,0.6283714729977977,42
2066Q2,145,-1.223282917050278,1.5128181960925626,1.102441475876922,-0.9477621778922591,-0.9200756382394873,0.004735504806474624,0.010064174923632256,0.03965304123916269,0.010064174923632256,0.004528878715634515,0.01811551486253806,0.009493208858767704,0.004271943986445467,0.01708777594578187,0.1365244265112503,0.11136791536476445,0.5029172726586524,1.0630057576205167,0.0,1.0630057576205167,0.5600884825692696,0.5600884849618644,0.49663573794702937,1.0608313530090066,1.0622188034333337,0.0,0.0007869541871829977,1.0,-8.758705374985446,0.9883985935120991,0.0,1.0,1.4344862277745511,0.17360195921724972,42
2066Q3,146,-0.7886650022326576,1.426225000266579,1.956262264364757,-1.1209614171807023,-0.38482620878348806,0.004271943986445467,0.010354028848356314,0.040777308472441876,0.010354028848356314,0.004659312981760341,0.018637251927041364,0.010869719180683995,0.004891373631307798,0.01956549452523119,0.13562115865254104,0.11231950863843551,0.49897489228343733,1.059421055595619,0.0,1.059421055595619,0.5604461472419197,0.5604461633121816,0.4938528947719877,1.0598462043021788,1.0588110960493666,0.0,0.0006099595462523144,1.0,-8.922001963287409,1.004108822697433,0.0,1.0,1.4942981186681248,-0.03742098575482783,42
2066Q4,147,-1.2287386264606108,1.5704636608126126,2.3345502040382278,-1.5109097394505902,-0.04677067764283194,0.004891373631307798,0.011587007357344851,0.04554868159498482,0.011587007357344851,0.005214153310805184,0.020856613243220735,0.010559485934051635,0.004751768670323236,0.019007074681292944,0.13230563962055364,0.11628124506587309,0.4896367978277578,1.05899257407751,0.0,1.05899257407751,0.5693557648147886,0.5693557762497521,0.48255493241623404,1.0557996847023514,1.0581393345502732,0.0,0.0008532395272367044,1.0,-9.302819060322866,1.0423301373619633,0.0,1.0,1.793366004167306,-1.6530789143161297,42
2067Q1,148,-1.9096392127018647,1.3836764933356454,1.053475812846253,-2.07169001592309,-0.7263450186416481,0.004751768670323236,0.00984559919473723,0.03880459000643799,0.00984559919473723,0.004430519637631754,0.017722078550527015,0.012965781716937885,0.005834601772622048,0.023338407090488192,0.13724051681509838,0.11064443621462813,0.5008036936436152,1.0549151193454402,0.0,1.0549151193454402,0.5541114233740115,0.554111425701825,0.49876973357503157,1.0615834623729206,1.0546920875241343,0.0,0.00022303182130589683,1.0,-8.858249816451242,0.996790379872502,0.0,1.0,1.402066470294795,-1.7973167945573145,42
2067Q2,149,-0.357460532544618,-0.7608816669807921,0.3769795833774439,-0.42667269145371073,-0.1508765522898094,0.005834601772622048,0.004614838740486721,0.018331967212812272,0.004614838740486721,0.0020766774332190243,0.008306709732876097,0.005273511820343402,0.002373080319154531,0.009492321276618124,0.16798523609022809,0.08964090972386715,0.5707306712363702,1.0823388555332214,0.0,1.0823388555332214,0.5116081657694157,0.5116081842968512,0.5677028870062455,1.0834763577908182,1.081902039534232,0.0,0.0004368159989893705,1.0,-6.3771298074937155,0.752139900430217,0.0,1.0,0.4631763958189294,-2.0371548971358853,42
2067Q3,150,-0.4751343649734107,-0.8868692664972029,0.7546543497087268,-0.504980347101839,0.26184925118466523,0.002373080319154531,0.0031958655751863543,0.012722311420398702,0.0031958655751863543,0.0014381395088338595,0.005752558035335438,0.003989631644746621,0.0017953342401359795,0.007181336960543918,0.18352135647285517,0.08019351807396032,0.605367719798404,1.0908334029738607,0.0,1.0908334029738607,0.4854656717904546,0.4854656831754567,0.6033054518658892,1.092578242984429,1.090523966563514,0.0,0.0003094364103466418,1.0,-5.36883857381099,0.651888523140963,0.0,1.0,0.10480050945262821,-1.6630449790191015,42
2067Q4,151,-0.8376405145802279,-0.13629934416534534,0.44214544338528716,0.1374584156198022,-0.7695057382712474,0.0017953342401359795,0.004975791514828736,0.019755107211698042,0.004975791514828736,0.0022391061816729313,0.008956424726691725,0.007599840723967304,0.003419928325785287,0.013679713303141147,0.16468940201836296,0.09156558672593493,0.5612128411651734,1.0750906803927969,0.0,1.0750906803927969,0.5138778307941803,0.5138778392276234,0.5608228936461376,1.0815511886001496,1.0750385051352582,0.0,5.2175257538644715e-05,1.0,-6.684750788429875,0.7818551505172022,0.0,1.0,0.5344434025421955,-1.4143970156886636,42
2068Q1,152,0.10264642749518632,0.0411663569598831,0.0034444183118497174,-0.12112452644565344,-0.6240969339508176,0.003419928325785287,0.003284857089928615,0.013074828304868058,0.003284857089928615,0.0014781856904678768,0.005912742761871507,0.00249588497499986,0.001123148238749937,0.004492592954999748,0.18241154832347564,0.08090726219178934,0.6052154643183537,1.0948787311773496,0.0,1.0948787311773496,0.4896632625413057,0.48966326685899586,0.6005004277752559,1.091906224526812,1.0941395618879994,0.0,0.0007391692893501389,1.0,-5.366272525441427,0.6523041043053928,0.0,1.0,0.1285877154884861,-1.0912500556212208,42
2068Q2,153,-0.9039013892286623,0.17212447046506904,0.24371601330737785,0.21033532199492122,0.4217140822448235,0.001123148238749937,0.004965010410807235,0.019712622641672506,0.004965010410807235,0.0022342546848632557,0.008937018739453023,0.005218978835699172,0.0023485404760646275,0.00939416190425851,0.16478443341830495,0.09151007881562202,0.5647847010591943,1.0816196324709488,0.0,1.0816196324709488,0.5168349250778439,0.5168349314117545,0.5610196725473128,1.0816070937994235,1.0810755308994897,0.0,0.0005441015714591213,1.0,-6.561347333929312,0.7705861929168666,0.0,1.0,0.5328186294369317,-1.5165557173644821,42
2068Q3,154,-0.47511843131032483,-0.45005650884726417,0.4876640216466781,0.2307563894125006,-0.009135607259452384,0.0023485404760646275,0.0034443164696687074,0.013706249286335126,0.0034443164696687074,0.0015499424113509183,0.006199769645403673,0.004102182158961967,0.0018459819715328852,0.007383927886131541,0.1804719292765506,0.08213572868999203,0.5981515521204579,1.089447690941649,0.0,1.089447690941649,0.49129613600463556,0.49129613882119116,0.5957194471721803,1.0907451409663131,1.0890839935292125,0.0,0.00036369741243658105,1.0,-5.568630885867819,0.6718171066152491,0.0,1.0,0.17270017497926526,-0.7206995761165865,42
2068Q4,155,0.2584437529654948,0.7250819483975133,0.260400773924921,0.20085116768310174,0.5246830444958788,0.0018459819715328852,0.003182942917855107,0.012671113802249057,0.003182942917855107,0.0014323243130347982,0.005729297252139193,0.002850040366614838,0.0012825181649766771,0.0051300726599067085,0.18368417188563008,0.08008810249336816,0.6076418669272766,1.0942907163224367,0.0,1.0942907163224367,0.4866488411773331,0.48664884939516007,0.6037214600629484,1.092677352417445,1.0936823678994056,0.0,0.0006083484230310354,1.0,-5.30188724748425,0.6457062065834483,0.0,1.0,0.09222315786289778,-0.05919476360966479,42
2069Q1,156,0.5761034127573029,0.049805236900847566,0.40137194972147966,0.7003215301053105,-0.5665258227331217,0.0012825181649766771,0.003200384557820215,0.012740214477725442,0.003200384557820215,0.0014401730510190968,0.005760692204076387,0.004145401661352843,0.0018654307476087795,0.007461722990435118,0.18346452059073148,0.08023027342172158,0.604976393022849,1.0903506183766158,0.0,1.0903506183766158,0.4853742142591007,0.48537422535376684,0.6031605043142332,1.0925436780630533,1.0900794232198812,0.0,0.00027119515673468264,1.0,-5.380224724409123,0.6529570416933035,0.0,1.0,0.09470782901078124,0.4762954051688575,42
2069Q2,157,0.31646813417505787,-0.1472021324902916,-0.3998425215256764,-0.4316737949555354,-0.5396765019619618,0.0018654307476087795,0.002208671279661952,0.008805458819536649,0.002208671279661952,0.0009939020758478786,0.0039756083033915144,0.0017192707792834925,0.0007736718506775717,0.0030946874027102866,0.197263279336847,0.07047843054379678,0.6474499051871024,1.103762446407762,0.0,1.103762446407762,0.4563125317331701,0.45631254122065956,0.6436909262301992,1.1016508986718863,1.1031600201050646,0.0,0.0006024263026973564,1.0,-4.28494695795421,0.5445210239447434,0.0,1.0,-0.2907803160623492,0.3593676883154013,42
2069Q3,158,0.48500725498706143,0.0037468734283216953,-0.4867450249593721,0.5472310128591469,0.7148877765058482,0.0007736718506775717,0.002099984804497754,0.00837351662466479,0.002099984804497754,0.0009449931620239894,0.0037799726480959575,0.0014311538815458373,0.0006440192466956268,0.0025760769867825073,0.198950092438437,0.06914300340256628,0.6536502076938686,1.1056036017489554,0.0,1.1056036017489554,0.45195338534665314,0.45195339405508683,0.6495970345855341,1.1029034508997304,1.1049487718816748,0.0,0.0006548298672806041,1.0,-4.137142457393147,0.5298702264926191,0.0,1.0,-0.3439649259696216,-0.6029055076492065,42
2069Q4,159,0.0967549803340304,0.040338974905452796,0.023564255261212086,0.4413778792631143,0.9214157702986017,0.0006440192466956268,0.0014333383133937876,0.005721038275967927,0.0014333383133937876,0.0006450022410272045,0.002580008964108818,0.002017409177196034,0.0009078341297382152,0.003631336518952861,0.21014683392758687,0.05913213375004164,0.6981291652761086,1.1109478449343533,0.0,1.1109478449343533,0.4128186717591178,0.4128186796582447,0.6971121464334293,1.1125384619424574,1.110786218612943,0.0,0.0001616263214103686,1.0,-3.165075129275368,0.4323996787977986,0.0,1.0,-0.9081585973438382,0.05695022029315192,42
2070Q1,160,0.6379448413347193,-0.9780149875002498,0.5080913580079731,-0.2504494977539093,0.2561133796400249,0.0009078341297382152,0.0013786850812128864,0.005503346168186596,0.0013786850812128864,0.0006204082865457989,0.0024816331461831958,0.0009693971017102101,0.00043622869576959454,0.0017449147830783782,0.2111334061262014,0.058133380483522616,0.7053697761716208,1.115425097021886,0.0,1.115425097021886,0.4100552957976202,0.4100553208502652,0.702198335462829,1.113533889253208,1.11490612971725,0.0,0.0005189673046359644,1.0,-3.013323204886916,0.417696091792922,0.0,1.0,-0.9837334398264307,-0.6890585226891823,42
2070Q2,161,1.0151944508460407,-0.7573927669376387,0.21779858662917878,-0.03203517017781621,0.7423684914618719,0.00043622869576959454,0.0013987249958387208,0.005583172335882458,0.0013987249958387208,0.0006294262481274244,0.0025177049925096976,0.0012836110075293257,0.0005776249533881966,0.0023104998135527865,0.2107703895356967,0.05850348863578649,0.7028339651272789,1.11401636177792,0.0,1.11401636177792,0.41118238891668524,0.41118239665064105,0.7003056091430042,1.1131641085885626,1.1136062023876374,0.0,0.00041015939028254955,1.0,-3.06588760845135,0.4228111358917468,0.0,1.0,-0.9587892919608225,0.3136489488529865,42
2070Q3,162,0.9061278434099396,-2.170366807171894,-0.06612036133746357,1.0846189255123855,1.573819033529377,0.0005776249533881966,0.00110008474827631,0.004393083198150904,0.00110008474827631,0.0004950381367243395,0.001980152546897358,0.0007755459857395439,0.00034899569358279477,0.001395982774331179,0.2163355666963289,0.05245888046057804,0.735251529871075,1.1209562608420889,0.0,1.1209562608420889,0.3857047211396385,0.3857047309710139,0.7324507848791899,1.1193530307749249,1.1204955101628622,0.0,0.00046075067922668467,1.0,-2.43627757235191,0.3600787615416082,0.0,1.0,-1.7645931294012531,-0.8411606478598057,42
2070Q4,163,1.9678999107399051,-1.7880026649785348,-0.4769152401311174,1.2407985479898787,1.487837138298335,0.00034899569358279477,0.0010662509178585575,0.004258187172866856,0.0010662509178585575,0.0004798129130363509,0.0019192516521454035,0.0009754988378677774,0.00043897447704049984,0.0017558979081619993,0.21698752714861247,0.051693232932203605,0.7389223866522583,1.1208952802750374,0.0,1.1208952802750374,0.38197287052035006,0.3819728936227791,0.7367196449531341,1.1201620828817656,1.1205348891434388,0.0,0.00036039113159858083,1.0,-2.369610485694815,0.353322074092441,0.0,1.0,-2.0145158283864415,0.4416164645729016,42
2071Q1,164,1.6972671861309547,-2.029091719102614,0.10180085131646704,0.8928557959896135,0.903813674523741,0.00043897447704049984,0.0010967544694720404,0.004379805931257086,0.0010967544694720404,0.0004935395112624182,0.001974158045049673,0.0013347412915560883,0.0006006335812002398,0.002402534324800959,0.21639954158078947,0.05238433957298624,0.7342953887662812,1.1189512006226001,0.0,1.1189512006226001,0.3846557899201082,0.3846558118563189,0.73286435123929,1.1194315268740649,1.1187193816100123,0.0,0.00023181901258784166,1.0,-2.4565036512306504,0.36184973154186484,0.0,1.0,-1.7942110216776157,0.8996018238460679,42
2071Q2,165,1.8096119237903818,-2.1067918559169776,-0.40945187516653525,-0.060406218851729365,1.1913686448846443,0.0006006335812002398,0.001054620661186007,0.004211813986973678,0.001054620661186007,0.00047457929753370317,0.0018983171901348127,0.0015718837264633862,0.0007073476769085238,0.002829390707634095,0.2172126690927653,0.05142568660274888,0.7389178814251571,1.118911485610904,0.0,1.118911485610904,0.37999359395337284,0.3799936041857468,0.7382223787712326,1.120446266778202,1.11879956078691,0.0,0.00011192482399402515,1.0,-2.3723769047348258,0.35333034279657405,0.0,1.0,-2.1251543082414095,-0.12772699045254785,42
2071Q3,166,1.9961414514312965,-1.3523602761410032,0.30182119713442873,0.8683427783379023,0.583500555931097,0.0007073476769085238,0.0010892230384631403,0.004349778880526567,0.0010892230384631403,0.0004901503673084131,0.0019606014692336526,0.0014244880817460596,0.0006410196367857268,0.0025640785471429074,0.216544379976602,0.05221510969208285,0.7349907675281903,1.1187670137963182,0.0,1.1187670137963182,0.38377623549152623,0.3837762462681279,0.7338048778770269,1.1196099513533382,1.1185753861204573,0.0,0.0001916276758608948,1.0,-2.444023129254714,0.3605612932886857,0.0,1.0,-1.8365791896246073,-0.0425325980016976,42
2071Q4,167,1.7651684919150958,-1.244338766071391,-0.6026964431072274,0.9877084942690284,1.153011821669733,0.0006410196367857268,0.0011517384152131278,0.0045990007619607365,0.0011517384152131278,0.0005182822868459075,0.00207312914738363,0.001276792438364781,0.0005745565972641515,0.002298226389056606,0.2153487959885951,0.05359286262475191,0.7279746544271084,1.1181171155403324,0.0,1.1181171155403324,0.3901424564901327,0.39014246111322404,0.7262128777572119,1.1181658903038363,1.1178312594638757,0.0,0.0002858560764567031,1.0,-2.574487488174249,0.37367419222016074,0.0,1.0,-1.5241104679427582,-0.15731856247578394,42
2072Q1,168,0.5182762696523646,-0.8172894639791941,-1.347930528769142,0.12263858322656607,1.0138308274932233,0.0005745565972641515,0.001211560835233147,0.004837443174534939,0.001211560835233147,0.0005452023758549161,0.0021808095034196646,0.0008775054142313916,0.00039487743640412624,0.001579509745616505,0.21421878558583876,0.05485651568566809,0.7222751302982822,1.118490120371805,0.0,1.118490120371805,0.3962149701457568,0.3962149900735228,0.7193777146410956,1.11685797277676,1.1180147957820668,0.0,0.0004753245897382019,1.0,-2.681088086571263,0.3845139312207222,0.0,1.0,-1.3300130820628713,0.007811944534630483,42
2072Q2,169,0.5603262908474222,-0.6994984459134921,0.8692233703487351,0.33201677252465966,0.1351250517672275,0.00039487743640412624,0.001401752958714796,0.005595233380136011,0.001401752958714796,0.0006307888314216582,0.0025231553256866326,0.0011455985272432066,0.000515519337259443,0.002062077349037772,0.2107156667534475,0.05855901450316059,0.7028664683258607,1.1144581541194123,0.0,1.1144581541194123,0.41159167712479344,0.41159168579355154,0.7000224582698794,1.1131087247498084,1.1139950218517995,0.0,0.0004631322676127425,1.0,-3.0646085774145986,0.42274533840420037,0.0,1.0,-0.9559080266149454,0.6030843760811477,42
2072Q3,170,1.2755767891034655,-1.0105547943381723,-0.35882988015728784,-0.02716881615740624,1.2223437915885018,0.000515519337259443,0.0011537082674205569,0.00460685295385288,0.0011537082674205569,0.0005191687203392506,0.0020766748813570023,0.001026877298355139,0.00046209478425981255,0.0018483791370392502,0.21531136848413518,0.05363530267939437,0.7283459186985811,1.1189964658396863,0.0,1.1189964658396863,0.3906505380469996,0.39065054714110514,0.7259813526429016,1.1181217117998254,1.1186101452787458,0.0,0.0003863205609404563,1.0,-2.566360694208016,0.3729739746365418,0.0,1.0,-1.5109179757920694,-1.1694242512500912,42
2072Q4,171,0.6982050684605834,-1.3316956627352243,-0.48431993830052555,1.0561055436821292,0.24780740471077722,0.00046209478425981255,0.0013448395415782241,0.005368516331758166,0.0013448395415782241,0.0006051777937102009,0.0024207111748408036,0.0008738926338160273,0.0003932516852172123,0.0015730067408688492,0.211749856802167,0.05749774454383631,0.708762436793933,1.116284869154502,0.0,1.116284869154502,0.4075224153304449,0.40752243236056895,0.7054710539369853,1.114171523962008,1.1157448602530866,0.0,0.0005400089014153675,1.0,-2.945032139757525,0.4109099622905352,0.0,1.0,-1.0427207897061064,-0.0032481645252353253,42
2073Q1,172,1.7868366630433796,-0.8769075058842684,-0.3712193824127814,0.3542111404950181,0.8542476131037521,0.0003932516852172123,0.0011965080647459532,0.00477744931947488,0.0011965080647459532,0.000538428629135679,0.002153714516542716,0.0018887968648949474,0.0008499585892027264,0.0033998343568109055,0.21450183731602393,0.0545433747573227,0.7215354185601968,1.115085198053921,0.0,1.115085198053921,0.39354976735210506,0.39354977949372416,0.7210602971232586,1.1171806556212474,1.1150094159879775,0.0,7.57820659433861e-05,1.0,-2.6998329205445697,0.38593333346525427,0.0,1.0,-1.3658487472304084,-1.3426995635029828,42
2073Q2,173,1.4478004995827196,-1.3836908131653227,-1.2030101528460018,0.3335297822333796,1.582908675356606,0.0008499585892027264,0.0012426624385022528,0.004961392167734724,0.0012426624385022528,0.0005591980973260138,0.002236792389304055,0.0016448672979055487,0.000740190284057497,0.002960761136229988,0.2136366750686178,0.055493605418595826,0.7171862415359456,1.1151787456995927,0.0,1.1151787456995927,0.39799250299441524,0.3979925041636472,0.7159769716123808,1.116204291269989,1.1149845392509161,0.0,0.00019420644867662595,1.0,-2.782781473105908,0.3943379570265333,0.0,1.0,-1.247674046864165,-0.3198355504439179,42
2073Q3,174,0.044982340876171256,-0.5777810435440542,-0.4073709572434093,-0.29636967697181155,-0.05765601037998919,0.000740190284057497,0.0018716735607168266,0.007465701486189968,0.0018716735607168266,0.000842253102322572,0.003369012409290288,0.0024218337639205635,0.0010898251937642536,0.004359300775057014,0.2026162728070286,0.0661011372827069,0.6649335616756644,1.1044622248845763,0.0,1.1044622248845763,0.43952864644202355,0.43952866320891193,0.6634089460560133,1.1057779547835354,1.104222705105606,0.0,0.00023951977897040955,1.0,-3.8819944995847595,0.5039096247647117,0.0,1.0,-0.49044648848432404,0.1461444898234599,42
2073Q4,175,0.0563738602753025,-0.7133565534678298,-0.8169776155411291,1.0871903543379735,0.34615573128622995,0.0010898251937642536,0.0017290714255126067,0.0068983682426813075,0.0017290714255126067,0.000778082141480673,0.003112328565922692,0.0016492378925319446,0.0007421570516393751,0.0029686282065575003,0.20499337656147332,0.06401518915860697,0.6758704498783068,1.108530215375837,0.0,1.108530215375837,0.43265974695672604,0.43265976549753016,0.67318398384758,1.1077719353365694,1.1080988268797618,0.0,0.00043138849607515795,1.0,-3.6351561915410278,0.47957346210246343,0.0,1.0,-0.5947913724185684,-0.5283342889187493,42
2074Q1,176,-0.22112063924846503,0.17887365011455347,-0.8077528863091724,-0.21021515541930907,0.6342130429299605,0.0007421570516393751,0.0017868134070211,0.007128120224034196,0.0017868134070211,0.000804066033159495,0.00321626413263798,0.002634679468191497,0.0011856057606861737,0.004742423042744695,0.20402259338782452,0.06487865296641011,0.6699527449517837,1.1046090628138763,0.0,1.1046090628138763,0.4346563164362064,0.4346563178620926,0.6691066925634338,1.1069439360092077,1.104476956858488,0.0,0.00013210595538826198,1.0,-3.770281930316489,0.4926425872709628,0.0,1.0,-0.548425959485057,-0.6027437895109891,42
2074Q2,177,1.0395578945581776,-1.002138791884498,-0.5775405047539877,1.1363156328585382,0.024279134549296977,0.0011856057606861737,0.0014477955551408794,0.00577861768331922,0.0014477955551408794,0.0006515079998133958,0.002606031999253583,0.001635317384265017,0.0007358928229192576,0.0029435712916770305,0.2098876770954009,0.05939082066829754,0.6977066351876735,1.1120803416581515,0.0,1.1120803416581515,0.41437369649512407,0.414373706470478,0.6958057892470065,1.1122818810868744,1.1117749877289718,0.0,0.00030535392917974136,1.0,-3.1720302773508733,0.43326713491216806,0.0,1.0,-0.8941593213961831,1.0473095727899153,42
2074Q3,178,0.09835172542278875,0.21127786381087107,0.4793388176175186,0.9697871090475088,0.222614227630705,0.0007358928229192576,0.002505818989362407,0.009985664082618362,0.002505818989362407,0.0011276185452130832,0.004510474180852333,0.0017470586227867544,0.0007861763802540395,0.003144705521016158,0.19283586890853996,0.07381543741947746,0.6337070756360091,1.1014807333582006,0.0,1.1014807333582006,0.4677736498388991,0.4677736577221915,0.6293272490254334,1.0985358086202877,1.1007793556499323,0.0,0.0007013777082682804,1.0,-4.62002314377569,0.578016137997315,0.0,1.0,-0.1593258323440734,1.6217587702510576,42
2074Q4,179,0.36411810206848977,-0.08764790303497963,0.08830976853704968,0.5450552455425866,-0.6508791696919753,0.0007861763802540395,0.0018875256100602568,0.007528752809125461,0.0018875256100602568,0.0008493865245271156,0.0033975460981084623,0.0014188433620820307,0.0006384795129369138,0.0025539180517476553,0.20235622965919037,0.0663236452498356,0.6659468780900587,1.1076271411354819,0.0,1.1076271411354819,0.4416802449768057,0.4416802630454232,0.6623811486925626,1.1055664668036655,1.1070508650483923,0.0,0.0005762760870895445,1.0,-3.854597271406619,0.501621247627725,0.0,1.0,-0.48873878809756144,1.8484250022428996,42
2075Q1,180,-0.1442688704384425,0.02248788996322494,0.10502709394976882,0.8335158704716181,-0.2958486067830933,0.0006384795129369138,0.0023931148029214355,0.009538152009586853,0.0023931148029214355,0.001076901661314646,0.004307606645258584,0.0015884435907908517,0.0007147996158558833,0.0028591984634235333,0.19448398548181756,0.07259995388790001,0.638917394449805,1.1027711431864036,0.0,1.1027711431864036,0.4638537337523307,0.46385374873659857,0.6344956855349246,1.0996687940269756,1.1020599024470417,0.0,0.0007112407393619069,1.0,-4.490623346534148,0.565147535037559,0.0,1.0,-0.2091510797887145,1.7187583697671323,42
2075Q2,181,0.43413487162552483,0.11921054435270201,0.20524950684731086,0.27524916814922,-0.13915198890866942,0.0007147996158558833,0.003935027464356306,0.015647446697590328,0.003935027464356306,0.0017707623589603377,0.007083049435841351,0.004354882606809003,0.0019596971730640516,0.007838788692256207,0.17487837691973313,0.08556586145792211,0.5857353776662626,1.0869249038101703,0.0,1.0869249038101703,0.501189521763951,0.5011895261439077,0.582670076720919,1.0874655707885945,1.0864700038673243,0.0,0.00045489994284597657,1.0,-5.9241528348292585,0.7072555863098617,0.0,1.0,0.28809563240803915,1.7615980810218859,42
2075Q3,182,-0.5204717798755935,0.23127758073265103,0.5561679021991169,-0.29828108851662666,-0.07562612902462573,0.0019596971730640516,0.0052267809518167065,0.02074377879293099,0.0052267809518167065,0.002352051428317518,0.009408205713270073,0.006316402324541433,0.002842381046043645,0.01136952418417458,0.16253395946658733,0.09282695439136536,0.5590673074217043,1.0780324844660651,0.0,1.0780324844660651,0.5189651544773798,0.5189651770443608,0.5563771826626238,1.0802746979040645,1.0776570071028067,0.0,0.0003754773632584918,1.0,-6.747357354201337,0.78869335437409,0.0,1.0,0.5669599693991199,1.7948431595392655,42
2075Q4,183,-0.9426700867729614,0.15751542123086887,0.4055212005983487,-0.7259845647860401,0.26316445643449965,0.002842381046043645,0.005780059828970511,0.022920556076149734,0.005780059828970511,0.00260102692303673,0.01040410769214692,0.005376216424006736,0.002419297390803031,0.009677189563212124,0.15814764168735687,0.09542539983386422,0.5523497791701864,1.0794317791050208,0.0,1.0794317791050208,0.5270819852546165,0.5270819999348344,0.5473732922713808,1.0776096665163892,1.0787161253237179,0.0,0.000715653781302894,1.0,-6.960662696374754,0.8104469722466725,0.0,1.0,0.6802918394835683,0.06124663604216237,42
2076Q1,184,-1.4532419913703045,1.0213975935402828,0.7212274819454046,-0.49346410506909016,-0.1655725325304498,0.002419297390803031,0.00582306905712446,0.023089616076878094,0.00582306905712446,0.002620381075706007,0.010481524302824029,0.00685952239970461,0.0030867850798670746,0.012347140319468299,0.15782653872444713,0.09561832764125185,0.5497371527102124,1.0753866372469707,0.0,1.0753866372469707,0.5256494718441399,0.5256494845367583,0.5467129832742333,1.07741001225046,1.074971926392666,0.0,0.00041471085430466736,1.0,-7.053379122910561,0.8190511272111891,0.0,1.0,0.6903067444227448,-0.34721833984709405,42
2076Q2,185,0.18231559696881353,-0.05536185390384063,0.5697833606741551,0.7563469100977873,-0.07960757563112641,0.0030867850798670746,0.0035105920412466973,0.013968595535965966,0.0035105920412466973,0.0015797664185610138,0.006319065674244055,0.003498167601747989,0.0015741754207865952,0.006296701683146381,0.17968387992818216,0.08262846566857537,0.5973621317855057,1.0909533102883107,0.0,1.0909533102883107,0.4935911639794565,0.493591178502805,0.5938181193504608,1.090277660308646,1.0904137051718852,0.0,0.0005396051164254789,1.0,-5.5880058631440646,0.6740264108936198,0.0,1.0,0.182099539699038,0.9723687498653325,42
2076Q3,186,-0.3105830410756668,0.44535175248260817,1.0971565832707013,-0.15955398726548906,-0.21594030090614813,0.0015741754207865952,0.006744603537963198,0.026706701260579058,0.006744603537963198,0.0030350715920834394,0.012140286368333758,0.006803008545571552,0.0030613538455071983,0.012245415382028793,0.15156840187812443,0.09950749066538025,0.538303394639238,1.0739555986271079,0.0,1.0739555986271079,0.5356522001720648,0.5356522039878698,0.5336424564613205,1.0733424033010341,1.0733152488233642,0.0,0.0006403498037437227,1.0,-7.439497989543817,0.8576884451088744,0.0,1.0,0.8417905633970894,1.7276898031814159,42
2076Q4,187,-0.054862271829632214,1.4283761159389778,1.187629276099391,0.1757829819698711,-0.6949414746767999,0.0030613538455071983,0.0071550546215263635,0.02831451223192627,0.0071550546215263635,0.0032197745796868635,0.012879098318747454,0.006354306398545375,0.002859437879345419,0.011437751517381675,0.14912992892913185,0.10111897313178661,0.5342496435440544,1.0744774034376345,0.0,1.0744774034376345,0.540227753511978,0.5402277598935802,0.5283610813605858,1.0716392493977218,1.0736565047684348,0.0,0.0008208986691997655,1.0,-7.578435479906659,0.8717841101113204,0.0,1.0,0.9088860097536167,2.2879358906663376,42
2077Q1,188,0.22287365886682547,1.224904420065515,1.5000466992298047,0.4930945263775842,-0.13241113582173603,0.002859437879345419,0.006974142321244348,0.027606091804336153,0.006974142321244348,0.0031383640445599567,0.012553456178239827,0.005189089015633132,0.0023350900570349095,0.009340360228139638,0.15018023236352118,0.10041626002024648,0.53777506593658,1.0777886789834474,0.0,1.0777886789834474,0.5400136085349281,0.5400136130468675,0.5306543933223741,1.072382796299263,1.0767586801024691,0.0,0.0010299988809783223,1.0,-7.450485908298488,0.8595135007728139,0.0,1.0,0.880296097352135,1.8742119418384946,42
2077Q2,189,0.0022758387348208453,0.5454800021865152,1.0366019224072736,0.7470929136647733,-0.7619274897905787,0.0023350900570349095,0.00456854863534455,0.018149345698299957,0.00456854863534455,0.0020558468859050477,0.008223387543620191,0.003318863196628629,0.001493488438482883,0.005973953753931532,0.1684253994388428,0.08938346649509961,0.5744585760592148,1.0879295683606303,0.0,1.0879295683606303,0.5134709888601146,0.5134709923014155,0.5686321293432497,1.0837318025072862,1.0870377426204254,0.0,0.0008918257402048546,1.0,-6.254630377743077,0.7407695493358248,0.0,1.0,0.4333559842839688,1.705002901390095,42
2077Q3,190,-0.46097948216235535,0.22342911629547518,0.2595408039285359,-0.7442370003274015,-0.8094516678824015,0.001493488438482883,0.004597915912884162,0.018265207035198516,0.004597915912884162,0.002069062160797873,0.008276248643191491,0.0036843456929489433,0.0016579555618270246,0.006631822247308098,0.16814567886516782,0.08954709239562675,0.5733778909115356,1.0868211350404837,0.0,1.0868211350404837,0.5134432297506487,0.5134432441289482,0.568041271287221,1.0835695027147814,1.0860130617254737,0.0,0.0008080733150099828,1.0,-6.289084351363648,0.7440504795745377,0.0,1.0,0.4468950431957786,0.3432880199038988,42
2077Q4,191,-1.0240422174174841,-0.6997826297525522,0.27456287340777275,1.1889467931524322,-0.525039371166588,0.0016579555618270246,0.004458165473843017,0.017713764492418127,0.004458165473843017,0.0020061744632293575,0.00802469785291743,0.004555203369204618,0.002049841516142078,0.008199366064568312,0.16949162771314355,0.08875888334485282,0.5746838194929259,1.0847667741562945,0.0,1.0847667741562945,0.5100829409454707,0.5100829546633686,0.5708955298178869,1.0843495434662882,1.0842079954253987,0.0,0.0005587787308958259,1.0,-6.253370901260911,0.740087248609949,0.0,1.0,0.4173878551485332,0.21046743724048225,42
2078Q1,192,-0.701869769319862,0.7490291831069289,1.5771908421678438,0.153193360380025,-0.4362825357609421,0.002049841516142078,0.008186402234409716,0.03234569587549385,0.008186402234409716,0.0036838810054843725,0.01473552402193749,0.007130165199176539,0.0032085743396294427,0.01283429735851777,0.14381241180153118,0.10494098393560401,0.5226037661293086,1.0710293023717619,0.0,1.0710293023717619,0.5484255342606192,0.5484255362424533,0.5161526481621165,1.0675858019453084,1.070152503468988,0.0,0.0008767989027738121,1.0,-7.9990415709196405,0.9134955827523346,0.0,1.0,1.0913496528716051,0.8184313421572892,42
2078Q2,193,-0.5632607387578069,0.9561778758293097,1.835849497454937,-0.4807522682234943,-1.1677640835672973,0.0032085743396294427,0.007962847933273062,0.031472965628914884,0.007962847933273062,0.0035832815699728777,0.01433312627989151,0.008394788815587048,0.0037776549670141715,0.015110619868056686,0.14487450693989135,0.10413541437137536,0.5232504425988271,1.0681394780218447,0.0,1.0681394780218447,0.5448890166003442,0.5448890354230176,0.5186885042791479,1.0684401337161995,1.067545406673664,0.0,0.0005940713481806803,1.0,-7.981083483509094,0.9111306933838952,0.0,1.0,1.0534057922526345,0.8054957535667774,42
2078Q3,194,-0.6380358278452849,0.5398111086884221,1.5367593910168504,-0.1899112237228328,-0.8023100125606766,0.0037776549670141715,0.007813023769302683,0.030887739040681872,0.007813023769302683,0.003515860696186207,0.014063442784744829,0.009078005201911642,0.004085102340860239,0.016340409363440955,0.14561312180689573,0.10358911706465682,0.523905219163962,1.0666140124475896,0.0,1.0666140124475896,0.5427087907876035,0.5427087932836275,0.5204195649514352,1.0690197685080325,1.0661708150817153,0.0,0.0004431973658742816,1.0,-7.960272963960307,0.9087421940551705,0.0,1.0,1.0298010877976567,0.4676285122991718,42
2078Q4,195,-1.3021779339893778,0.11360508516943141,0.832534348264772,0.45547902165298115,-0.32054794172086215,0.004085102340860239,0.005249593892149402,0.020833604071136547,0.005249593892149402,0.002362317251467231,0.009449269005868925,0.006983487202060656,0.0031425692409272955,0.012570276963709182,0.1623433565738152,0.09293880952107217,0.5577824035903725,1.0761787455566465,0.0,1.0761787455566465,0.5183963256149142,0.518396341966274,0.5559853256026395,1.0801609430727144,1.0759333108747855,0.0,0.0002454346818610009,1.0,-6.791563568609218,0.7928137876199945,0.0,1.0,0.5795793178453457,0.25190642569729194,42
2079Q1,196,0.22601806389074652,0.9986047577896706,0.29371314678621524,-0.6855882418332735,-0.417544490322862,0.0031425692409272955,0.003847443068289982,0.015301182957054738,0.003847443068289982,0.001731349380730492,0.006925397522921968,0.004258332234870117,0.001916249505691553,0.007664998022766212,0.17583676899425432,0.08498821400063811,0.5878740370445119,1.0874977048945236,0.0,1.0874977048945236,0.4996236446575803,0.49962366785001167,0.5848377315027039,1.088022323999753,1.087045788753436,0.0,0.0004519161410876382,1.0,-5.861608845689881,0.7010446350632965,0.0,1.0,0.27957639327280503,-0.7085112847477116,42
2079Q2,197,-0.1334991830054994,-0.2860091781822179,-0.12219801943825437,-0.4186591502841531,-0.8268530869902451,0.001916249505691553,0.004701952415226278,0.018675574842796694,0.004701952415226278,0.0021158785868518252,0.008463514347407301,0.004135876739886774,0.0018611445329490485,0.007444578131796194,0.16716787283879703,0.09011852623162153,0.5708424904733984,1.0852773345963351,0.0,1.0852773345963351,0.5144348395185112,0.5144348441229367,0.5659845766818299,1.0830011661541008,1.0845516178762988,0.0,0.0007257167200362957,1.0,-6.368578521786548,0.7517967076457057,0.0,1.0,0.4719917212167349,-0.23619998362903383,42
2079Q3,198,-0.03954463253496415,-0.10899918692168736,-0.5683943504043485,-0.22935090692350646,-0.42710837145211183,0.0018611445329490485,0.00235113636880261,0.009371430378148582,0.00235113636880261,0.0010580113659611745,0.004232045463844698,0.0019282581484322357,0.0008677161667945061,0.0034708646671780244,0.19510748522235155,0.07213210722103608,0.6402055789523043,1.1019993699546977,0.0,1.1019993699546977,0.46179377464493093,0.4617937910023934,0.6365041584235586,1.1001052790074828,1.1014096491301972,0.0,0.0005897208245004837,1.0,-4.460659500451005,0.5619982338783059,0.0,1.0,-0.21776247573589455,-0.2553558599795558,42
2079Q4,199,-0.18631084046524848,-0.10281128246993665,0.3214099437937979,-0.6403048298319317,-0.1267403286077339,0.0008677161667945061,0.0035081600753521435,0.01395896972958588,0.0035081600753521435,0.0015786720339084647,0.006314688135633859,0.0033864780886871887,0.001523915139909235,0.00609566055963694,0.17971261211549938,0.08261056164771403,0.597605472443359,1.0912907190989938,0.0,1.0912907190989938,0.4936852372229338,0.49368524665563474,0.5938870444267981,1.0902946657153503,1.0907226888797226,0.0,0.0005680302192712094,1.0,-5.5806868301614205,0.6733447678762328,0.0,1.0,0.1834819583474347,0.5889455979374765,42
2080Q1,200,-1.2528613324091216,0.6357722775371121,0.4376616683689296,-0.35394555256359017,-0.6864234105910387,0.001523915139909235,0.005237952205162913,0.02078776604491739,0.005237952205162913,0.002357078492323311,0.009428313969293244,0.0045465961434525085,0.002045968264553629,0.008183873058214516,0.16244051466410492,0.0928817841767256,0.5613948236736662,1.0828283704459658,0.0,1.0828283704459658,0.5214335285038839,0.5214335467722996,0.5561850521282197,1.0802189481624955,1.0820597190988064,0.0,0.0007686513471594214,1.0,-6.6652349267734605,0.7812775244127924,0.0,1.0,0.5761069315124936,0.4809057912563413,42
2080Q2,201,-0.1079172228706182,-0.32066584141558324,0.3361969900080638,-0.32998498536015886,-0.025235492209584154,0.002045968264553629,0.0036938457686811724,0.01469371751183901,0.0036938457686811724,0.0016622305959065277,0.006648922383626111,0.004078826395756236,0.0018354718780903062,0.007341887512361225,0.17755873284038684,0.08394071532603539,0.5917993551285572,1.0885599809234932,0.0,1.0885599809234932,0.49676061198977545,0.49676062579493596,0.5887989708615444,1.0890270686501498,1.0881109875760906,0.0,0.0004489933474025598,1.0,-5.747973439193473,0.689761872041257,0.0,1.0,0.23870634707894742,-0.4157130378609683,42
2080Q3,202,-0.45428763061558664,0.8007122964402107,0.483936854804657,-0.7855061431144035,-0.48659170176367234,0.0018354718780903062,0.004240306400536926,0.01685364905483866,0.004240306400536926,0.0019081378802416166,0.007632551520966467,0.002871366706213763,0.0012921150177961935,0.005168460071184774,0.1716664838594205,0.08747880331949066,0.5814936553681394,1.0901773672533037,0.0,1.0901773672533037,0.5086836910948115,0.5086837118851644,0.5755745223021164,1.085606966143185,1.0892594349054812,0.0,0.0009179323478225587,1.0,-6.0420129839066465,0.7197091833728685,0.0,1.0,0.36989892447224776,-0.02530824990741183,42
2080Q4,203,-1.072018475145827,0.7031065547048474,1.3432364759091624,-0.26974790833037954,-0.5270045139584246,0.0012921150177961935,0.006778144357767269,0.026838161514356473,0.006778144357767269,0.003050164960995271,0.012200659843981084,0.006455656230919837,0.0029050453039139268,0.011620181215655707,0.1513615828287556,0.09964155342904187,0.5383678591757715,1.074805970130762,0.0,1.074805970130762,0.5364380980454152,0.5364381109549905,0.533200075054793,1.0732010028760635,1.0740879088683604,0.0,0.0007180612624015925,1.0,-7.435710326334718,0.8574659873295578,0.0,1.0,0.8524952673087752,0.7910908865315281,42
2081Q1,204,0.22590033096836792,1.3394063503866973,0.2604726415363654,-0.42128333510361926,-0.4566726028734231,0.0029050453039139268,0.006280847283259181,0.024887684414884093,0.006280847283259181,0.0028263812774666315,0.011305525109866526,0.006548296189249523,0.0029467332851622853,0.011786933140649141,0.1545741924925686,0.0976040069097047,0.5442154866858757,1.0753916228740465,0.0,1.0753916228740465,0.5311761212285652,0.5311761361881708,0.5399823848772457,1.075342508142974,1.0748051999901864,0.0,0.0005864228838601271,1.0,-7.236541352338323,0.8375074019486699,0.0,1.0,0.7719395091874229,-0.2996842094182161,42
2081Q2,205,0.18722924577616917,1.0944574775912657,0.6451975461907238,-0.49612252099744836,-0.07686587511364867,0.0029467332851622853,0.00547590447983325,0.021724360632556894,0.00547590447983325,0.0024641570159249625,0.00985662806369985,0.004676359580363474,0.0021043618111635633,0.008417447244654253,0.1604988553663646,0.09402533585762606,0.5576321170584199,1.0819475983476543,0.0,1.0819475983476543,0.5243154709141697,0.5243154812892344,0.5521990156083667,1.0790513402121262,1.081149169416122,0.0,0.0007984289315323689,1.0,-6.786013384990598,0.7932969766878962,0.0,1.0,0.624451952392368,-0.05601674617085898,42
2081Q3,206,-0.1649147981536519,0.05716519148457977,-0.3439219439689737,-0.05782078494814963,0.4541309447207243,0.0021043618111635633,0.004973064083364217,0.01974435948623221,0.004973064083364217,0.0022378788375138976,0.00895151535005559,0.005015317679206788,0.0022568929556430546,0.009027571822572219,0.16471342394351754,0.09155155498421438,0.5649447837859617,1.0821605246475032,0.0,1.0821605246475032,0.5172157343582557,0.5172157408615415,0.5608726279125421,1.0815653229192366,1.0815683066598187,0.0,0.0005922179876844957,1.0,-6.555413723542174,0.7700844793985744,0.0,1.0,0.5287738128532946,-0.4509327069745893,42
2081Q4,207,-0.6020173033232866,0.06724818091203083,0.28186721764173783,-1.052813733071861,-0.6741677736897771,0.0022568929556430546,0.0053851654907847955,0.021367285757315613,0.0053851654907847955,0.0024233244708531583,0.009693297883412633,0.004914828413309164,0.002211672785989124,0.008846691143956496,0.16122840476784253,0.09359459926908287,0.5586396428999723,1.0814961790534299,0.0,1.0814961790534299,0.5228565351304646,0.5228565361534576,0.5536957042685445,1.0794922183935218,1.0807749411086172,0.0,0.0007212379448127137,1.0,-6.754743933367092,0.79006272055072,0.0,1.0,0.6106359012738471,-0.6934041609083449,42
2082Q1,208,-0.8841205726739021,-0.2438153234966462,0.6989759451423694,0.017472405091821325,-0.7107388756026494,0.002211672785989124,0.0041649584314285976,0.01655604114850251,0.0041649584314285976,0.001874231294142869,0.007496925176571476,0.002928559951834734,0.0013178519783256305,0.005271407913302522,0.17244105019815278,0.087020308377102,0.5829606643895732,1.09025483296893,0.0,1.09025483296893,0.5072941678690092,0.5072941685793569,0.5772637673247085,1.0860546074662123,1.0893728309327053,0.0,0.0008820020362247938,1.0,-5.998994555326018,0.7153816035542762,0.0,1.0,0.3538982473683182,-0.2828537376596266,42
2082Q2,209,-0.16889206169354637,-0.23409689285980145,-0.275247757280512,-1.8111881611707028,0.24762519952439108,0.0013178519783256305,0.003541216249594371,0.014089801196379592,0.003541216249594371,0.001593547312317467,0.006374189249269868,0.004119500956135054,0.0018537754302607743,0.007415101721043097,0.1793232725191932,0.08285278925327094,0.5955693286640056,1.0890151286455685,6.85042023107485e-11,1.0890151293306105,0.49344580073510913,0.49344580066660493,0.5929555694331986,1.090064470059758,1.0886244710062618,0.0,0.00039065763930667963,1.0,-5.6411942226557805,0.6790656468353172,0.0,1.0,0.19584004436404837,-0.023870245541236734,42
2082Q3,210,-0.15543018968284303,0.6715858194000788,0.03672661008915187,0.7470469303245448,0.10035619496974035,0.0018537754302607743,0.0039354243058597645,0.01564901539732222,0.0039354243058597645,0.001770940937636894,0.007083763750547576,0.004068351587498309,0.001830758214374239,0.007323032857496956,0.17487407270377786,0.08556844777261344,0.5861691917751252,1.087745083589667,0.0,1.087745083589667,0.5015758787232483,0.5015758918145418,0.5826603936759274,1.0874630735461952,1.0872198431184286,0.0,0.000525240471238364,1.0,-5.910228180842511,0.7059920598698768,0.0,1.0,0.30206424544399285,-0.8347835991956287,42
2082Q4,211,-0.07753950926646537,0.7905418913167745,-0.3640504139651621,0.04595489816273941,0.7920268517159252,0.001830758214374239,0.003271665602761365,0.01302257959853892,0.003271665602761365,0.0014722495212426143,0.005888998084970457,0.003306871187424479,0.0014880920343410156,0.005952368137364062,0.18257480761578992,0.08080278143492585,0.6042629259806518,1.0925241830967554,0.0,1.0925241830967554,0.4882612513724338,0.4882612571161036,0.6009097781187795,1.0920047074984183,1.0920107521821931,0.0,0.0005134309145622407,1.0,-5.3959682672700975,0.6549087346926687,0.0,1.0,0.11650620853179483,0.4293975150379183,42
2083Q1,212,0.05804807565393928,-0.6531135295292378,-0.26062047067797983,-0.4032025905683414,-0.24154533718844312,0.0014880920343410156,0.002140593408188899,0.00853492000492062,0.002140593408188899,0.0009632670336850046,0.0038530681347400185,0.002041701082052179,0.0009187654869234805,0.003675061947693922,0.1983155158630261,0.06964985493041309,0.6503277341158824,1.1032800725585201,0.0,1.1032800725585201,0.4529523233839547,0.4529523384426377,0.6473444162192906,1.1024275027685067,1.1028062848470916,0.0,0.000473787711428475,1.0,-4.2180496966028915,0.5376862041733657,0.0,1.0,-0.3182956679332314,-1.2047969303855912,42
2083Q2,213,0.7509378008928564,-0.5562540673115326,0.39620938829651353,0.5872315267677775,0.11811659939097974,0.0009187654869234805,0.001369596211393149,0.005467140355680411,0.001369596211393149,0.0006163182951269171,0.0024652731805076683,0.000784425424378852,0.0003529914409704834,0.0014119657638819337,0.21129853349613342,0.05796400320828345,0.7066289101087129,1.116219317326157,0.0,1.116219317326157,0.4095904041260727,0.4095904072174441,0.7030676764922885,1.1137034797082788,1.1156336009284566,0.0,0.000585716397700331,1.0,-2.9872293793350977,0.41516994649253935,0.0,1.0,-0.99706607528333,-0.8715232725622838,42
2083Q3,214,0.11469563358508317,-0.9323872823492829,-1.0751355972387695,0.19390690861081636,1.1590617649321382,0.0003529914409704834,0.001419397861288151,0.005665514737950406,0.001419397861288151,0.000638729037579668,0.002554916150318672,0.001067548775858445,0.0004803969491363002,0.0019215877965452009,0.2103974451952716,0.05888054175989935,0.701454415717863,1.1144745762279105,0.0,1.1144745762279105,0.41302016017341436,0.4130201605100474,0.6983869913699335,1.1127884899806917,1.1139739847504428,0.0,0.0005005914774676157,1.0,-3.092897840394927,0.42560938709035645,0.0,1.0,-0.9231954804629345,-0.7281621727928161,42
2083Q4,215,0.3207108240837863,-0.728357071781235,-0.7731651976957729,-0.5354523837638656,0.6054817257328409,0.0004803969491363002,0.0019817140119224217,0.0079033240199895,0.0019817140119224217,0.0008917713053650897,0.003567085221460359,0.001366033533813779,0.0006147150902162006,0.0024588603608648022,0.20082816987083493,0.0676097863790591,0.6603950952762047,1.1068868277006918,0.0,1.1068868277006918,0.44649171317402575,0.44649173242448714,0.6564949800627159,1.1043480441948983,1.106255582941579,0.0,0.0006312447591128034,1.0,-3.980597297829693,0.5142450146927531,0.0,1.0,-0.4037169579337651,-2.477037068599076,42
2084Q1,216,0.5230554493451698,-0.33681642580331017,0.04242081443405804,-0.08250768851052066,0.33534800302170986,0.0006147150902162006,0.002339110414163014,0.009323664194723524,0.002339110414163014,0.0010525996863733564,0.004210398745493425,0.004125228056052283,0.0018563526252235276,0.00742541050089411,0.19528707949609597,0.07199650308844406,0.6367282955006347,1.0951504312150395,0.0,1.0951504312150395,0.4584221069351117,0.4584221357144048,0.637088326918249,1.1002318472301915,1.0895501246051613,0.0005654108435365068,0.005600306609878203,1.0,-4.555849097618994,0.5705285571366759,0.0,1.0,-0.2209130472221507,-0.7124514320641551,42
2084Q2,217,0.18717199682107152,-0.333451320099738,0.05318410716029737,0.4106703258405447,0.17920520292521225,0.0018563526252235276,0.0016906963961689672,0.006745654181794403,0.0016906963961689672,0.0007608133782760352,0.003043253513104141,0.0014228350801282939,0.0006402757860577323,0.002561103144230929,0.20564484478933656,0.06342637565423251,0.6790403563617331,1.1097310488894268,0.0,1.1097310488894268,0.43069068726983195,0.43069069252769365,0.6759900099579457,1.108338850813969,1.109238121323005,0.0,0.0004929275664218302,1.0,-3.5650679018896003,0.4726665144029023,0.0,1.0,-0.6258203532930119,-0.7993460832709969,42
2084Q3,218,0.19629663244980444,-1.718026691018202,-0.37233183695397654,-0.4529160849459305,0.46645061325983594,0.0006402757860577323,0.001458118531766182,0.005819729865107703,0.001458118531766182,0.000656153339294782,0.002624613357179128,0.00129387369221813,0.0005822431614981585,0.002328972645992634,0.20970309295075623,0.05957416003619311,0.6975621303312608,1.1131289300945972,0.0,1.1131289300945972,0.4155667798754233,0.41556679976333644,0.6948826547828166,1.1121003360566775,1.1126943792656034,0.0,0.00043455082899379605,1.0,-3.173462751384109,0.43356403197691273,0.0,1.0,-0.8681329211206936,-1.2383352369015443,42
2084Q4,219,1.7213295534227477,-0.9853744261924198,0.01289708858383709,0.8590441858975666,0.7097116660640654,0.0005822431614981585,0.0014134191959541216,0.005641701551539091,0.0014134191959541216,0.0006360386381793548,0.002544154552717419,0.001167758139851582,0.000525491162933212,0.002101964651732848,0.21050514185824326,0.05877198588820081,0.7017668050379575,1.1142091007015036,0.0,1.1142091007015036,0.4124422876249861,0.41244229566354607,0.6989383864258177,1.112896520278317,1.1137487894645217,0.0,0.0004603112369818696,1.0,-3.0870026167427347,0.42497477051134025,0.0,1.0,-0.9363338426484135,0.11925679462591872,42
2085Q1,220,0.6356618231105939,-0.42952835049701943,-0.5171785313602597,-0.1753673840024297,0.2995678104423459,0.000525491162933212,0.002436839606227797,0.009711787147689721,0.002436839606227797,0.0010965778228025087,0.004386311291210035,0.002328583159336948,0.0010478624217016266,0.0041914496868065065,0.19384013255790578,0.07307838968767306,0.6356218222501124,1.1001240239185248,0.0,1.1001240239185248,0.46450219220382577,0.4645022016684124,0.632452811426306,1.09922268554914,1.0996248369736876,0.0,0.0004991869448371933,1.0,-4.575103835154483,0.5732625210937468,0.0,1.0,-0.17956378116534358,-0.14369488665011945,42
2085Q2,221,-1.5066795406823732,0.8229326401937909,0.5656942257016585,-0.010665494806800957,-0.2700660501102058,0.0010478624217016266,0.005166231478577383,0.02050533706160662,0.005166231478577383,0.0023248041653598224,0.00929921666143929,0.0057326158096102165,0.0025796771143245974,0.01031870845729839,0.16304408786854316,0.09252788951623112,0.5608286885571561,1.0797516503483264,0.0,1.0797516503483264,0.5189229493234933,0.5189229617911704,0.5574267709679203,1.0805783983065156,1.0792678866828325,0.0,0.00048376366549396366,1.0,-6.688553434198817,0.7830756663055571,0.0,1.0,0.5650641558930983,-0.07099874014861306,42
2085Q3,222,-1.0344606634008537,1.376082346760429,1.1655783699252573,-1.0669929807627696,-0.20647760922734326,0.0025796771143245974,0.00887321198565056,0.03502323288794218,0.00887321198565056,0.0039929453935427526,0.01597178157417101,0.00761165300878025,0.0034252438539511126,0.01370097541580445,0.14082866365489244,0.10735392390766019,0.5155192691155002,1.0689494451300916,0.0,1.0689494451300916,0.55343016389558,0.5534301760145914,0.5086765849468189,1.0650335495263692,1.0680342528086864,0.0,0.0009151923214052449,1.0,-8.264169214700642,0.939791677616113,0.0,1.0,1.2149841692883967,-0.11010571059135929,42
2085Q4,223,-1.4029344449566215,1.5149109450718354,0.9053650270178889,-1.130400066030023,-0.9982778997405656,0.0034252438539511126,0.008889592396541836,0.03508702421830878,0.008889592396541836,0.004000316578443826,0.016001266313775304,0.008978933076161695,0.004040519884272763,0.01616207953709105,0.14076233508260583,0.10741046642435884,0.5137400098061973,1.0655505543977568,0.0,1.0655505543977568,0.5518105407413832,0.5518105445915595,0.5085035507552089,1.0649739208055624,1.0648824094463778,0.0,0.0006681449513790128,1.0,-8.337503829705888,0.946509863086316,0.0,1.0,1.2162767071404916,0.19386736560545853,42
2086Q1,224,-2.1939042961651034,2.467882189486517,3.415666892674446,-1.0573587000820548,-1.4441043038970416,0.004040519884272763,0.013088667612472803,0.05133573082962328,0.013088667612472803,0.005889900425612762,0.023559601702451048,0.012822101628846632,0.005769945732980984,0.023079782931923937,0.12921382617756846,0.12094882364624669,0.4763747430984158,1.0525443926781277,0.0,1.0525443926781277,0.5761696479253636,0.576169649579712,0.46981625626977946,1.0511529502953865,1.0518209880218339,0.0,0.0007234046562938357,1.0,-9.881576395252576,1.0991876937922767,0.0,1.0,2.3747858529854216,0.7747938420944259,42
2086Q2,225,-1.7158500297385952,2.069396560646324,2.4448696341606038,-1.2189759359364674,-1.1632808933573584,0.005769945732980984,0.012293875456971783,0.04827607509681786,0.012293875456971783,0.005532243955637302,0.022128975822549208,0.013267158809778554,0.005970221464400349,0.023880885857601397,0.13073691697635204,0.11849815708747828,0.4815369614269306,1.0521493864895926,0.0,1.0521493864895926,0.5706124249859539,0.570612425062662,0.4764296449530489,1.053576284538088,1.0515962754263588,0.0,0.0005531110632337466,1.0,-9.658540069831865,1.0766837855187863,0.0,1.0,1.9997681900596473,1.2960078702347544,42
2086Q3,226,-1.3063524686042913,1.3284138817025708,1.8124909438293852,-1.0419989616238603,-1.3448052594936553,0.005970221464400349,0.011561826414832652,0.045451414956794056,0.011561826414832652,0.005202821886674694,0.020811287546698774,0.01169957697624673,0.005264809639311029,0.021059238557244116,0.1323656317930665,0.11620158810978073,0.4885999886689839,1.056360938795272,0.0,1.056360938795272,0.567760946337568,0.567760950126288,0.4827776070275749,1.0558801304829633,1.0556893159894096,0.0,0.0006716228058623042,1.0,-9.351287871302286,1.0466639774909177,0.0,1.0,1.774665695066019,0.6271232066614097,42
2086Q4,227,-1.6183506623529194,1.991925331296273,2.839037150731924,-0.5085235995576044,-1.9847717311115074,0.005264809639311029,0.012399528784522058,0.04868322724165908,0.012399528784522058,0.005579787953034926,0.022319151812139705,0.01111585102608314,0.005002132961737413,0.020008531846949652,0.13052054887837614,0.11882643117280388,0.4830251237692789,1.0569866618637027,0.0,1.0569866618637027,0.573961516243053,0.5739615380944239,0.4755342803818472,1.0532495856866524,1.056102902120809,0.0,0.000883759742893675,1.0,-9.584877743071502,1.070285641345413,0.0,1.0,2.043215893389861,0.5038521534921268,42
2087Q1,228,-2.170105434409387,1.7425554945145025,3.6326461225282727,-0.5767572263940007,-0.8191414091570695,0.005002132961737413,0.012439215000638291,0.04883613072237836,0.012439215000638291,0.005597646750287231,0.022390587001148925,0.010629684708016809,0.0047833581186075644,0.019133432474430258,0.13044042412535295,0.11894953844818812,0.48324844137035344,1.058070234596886,0.0,1.058070234596886,0.5748217905680985,0.5748217932265325,0.4751992699623327,1.0531272369603168,1.0571029944943648,0.0,0.0009672401025211386,1.0,-9.573123237865643,1.0693289656679568,0.0,1.0,2.059111067709125,0.3989752751799976,42
2087Q2,229,-2.0729764574668086,1.7362672925193938,2.2948416910055323,-1.1869157005446898,-0.4122834273499524,0.0047833581186075644,0.01253446277602862,0.04920302717321545,0.01253446277602862,0.005640508249212879,0.022562032996851517,0.01233938726015959,0.005552724267071815,0.02221089706828726,0.13025064247513726,0.11924455301294874,0.48077552378551397,1.0540741488165866,0.0,1.0540741488165866,0.5732986243336992,0.5732986250310725,0.47439814326433144,1.0528344117352832,1.053356867244831,0.0,0.0007172815717555459,1.0,-9.687254970672774,1.0799727728002055,0.0,1.0,2.0962374526603464,0.618899225530029,42
2087Q3,230,-1.797748578815678,0.34345375669589684,0.979529170933746,-0.5243089421689373,0.312595354022162,0.005552724267071815,0.009203517603090988,0.0363089531459746,0.009203517603090988,0.004141582921390945,0.01656633168556378,0.00885063599829146,0.003982786199231157,0.015931144796924628,0.13953180349508165,0.10848615593468929,0.5110673080500879,1.0655045895386137,0.0,1.0655045895386137,0.5544372767424373,0.5544372814885258,0.505230345487597,1.0638415598342377,1.0647564535675085,0.0,0.0007481359711052349,1.0,-8.438722075384357,0.9566894213392045,0.0,1.0,1.2682158325557873,0.9593719462364451,42
2087Q4,231,-0.7636319237191314,1.160400004297999,0.8723600412361943,-0.3040404362153222,-0.27961209983471935,0.003982786199231157,0.0066958145501472615,0.02651545339435768,0.0066958145501472615,0.0030131165475662676,0.01205246619026507,0.006771843165388429,0.003047329424424793,0.012189317697699173,0.15187171926188686,0.09931166962547737,0.5389121532801604,1.0741148131323595,0.0,1.0741148131323595,0.5352026572371391,0.5352026598521991,0.5342896088423208,1.0735488313167298,1.0734790898236137,0.0,0.0006357233087457281,1.0,-7.418373199234464,0.8555899904990216,0.0,1.0,0.8441992505904428,-0.3173901651086594,42
2088Q1,232,-0.5378063985936471,0.3048875166847127,0.009435454091564877,-0.8397377683291576,-0.7104520285697045,0.003047329424424793,0.006399804653956883,0.025354520420644233,0.006399804653956883,0.0028799120942805973,0.01151964837712239,0.0052269322440480605,0.0023521195098216274,0.00940847803928651,0.15377651443414492,0.09810168365247594,0.5445027429008676,1.0786691055600606,0.0,1.0786691055600606,0.5341663583196635,0.5341663626591929,0.53831417707614,1.0748210772128977,1.0777749889656478,0.0,0.0008941165944127416,1.0,-7.220901511327973,0.8365380316229757,0.0,1.0,0.7920875677725114,-0.1661038220371039,42
2088Q2,233,0.05988397082568664,0.4856588246398702,0.15030177629668273,-0.9890747599552283,-0.028662689349116754,0.0023521195098216274,0.004862836111269508,0.01930992080496552,0.004862836111269508,0.0021882762500712786,0.008753105000285115,0.005157721058169792,0.002320974476176407,0.009283897904705627,0.16569531163226253,0.09097823817121721,0.56657475633447,1.0820345035812093,0.0,1.0820345035812093,0.5154597312359677,0.5154597472467394,0.5629099860069262,1.0821415870690188,1.0815038805500947,0.0,0.0005306230311146187,1.0,-6.505131009501126,0.7649921264739362,0.0,1.0,0.5014290200848445,0.4901009214002661,42
2088Q3,234,0.4707425504377802,0.7488976861414778,0.2255777117817147,-0.48158123194643887,0.6918589726534723,0.002320974476176407,0.0028422978799534917,0.011320811358920269,0.0028422978799534917,0.0012790340459790713,0.005116136183916285,0.002930847602191114,0.0013188814209860013,0.005275525683944005,0.18813228444063604,0.0771309370388662,0.6186211634632721,1.0957694758706251,0.0,1.0957694758706251,0.477148300099958,0.477148312407353,0.6155788103451038,1.0954458830904794,1.095298485576809,0.0,0.0004709902938160315,1.0,-5.01017066019508,0.616498184598522,0.0,1.0,-0.021003275455672828,0.0828527052465131,42
2088Q4,235,0.2340052437323349,0.16025131302223247,-0.42382960954169857,0.6519558078615431,0.1020082909700944,0.0013188814209860013,0.0023289480206457836,0.009283298588711908,0.0023289480206457836,0.0010480266092906026,0.004192106437162411,0.0021797724787436116,0.0009808976154346252,0.003923590461738501,0.19543918336802302,0.07188135646525629,0.6407699275282792,1.1013640508852038,0.0,1.1013640508852038,0.46059411572876674,0.4605941233569246,0.6375850798452924,1.1003393420938057,1.1008602365694398,0.0,0.0005038143157640729,1.0,-4.448034384223436,0.560622540806909,0.0,1.0,-0.22975851779063788,0.03921916201353114,42
2089Q1,236,-0.20543763648262656,-0.348713200859477,-0.18515753763898277,0.7196797035005426,0.3302234409347603,0.0009808976154346252,0.00262005679140427,0.010439110876542257,0.00262005679140427,0.0011790255561319215,0.004716102224527686,0.002790418291898751,0.001255688231354438,0.005022752925417752,0.19120308876123018,0.07499090230707714,0.6271692570944175,1.0974891446398545,0.0,1.0974891446398545,0.4703198848876961,0.47031988754543697,0.6243955615654883,1.0974407901772252,1.0970579927593247,0.0,0.0004311518805297787,1.0,-4.789215936156701,0.5944659053843158,0.0,1.0,-0.10010512563546464,-0.6919042744633863,42
2089Q2,237,0.7400134904006881,1.1319177152325917,0.8089187775028974,-0.022536946344358544,-0.37930123131736415,0.001255688231354438,0.003519357933001252,0.014003290658415435,0.003519357933001252,0.0015837110698505635,0.006334844279402254,0.0031830102569416763,0.0014323546156237543,0.005729418462495017,0.17958043270585758,0.08269288966150753,0.5976384513995674,1.0918429578917632,0.0,1.0918429578917632,0.4942045051905866,0.4942045064921958,0.5935702084288194,1.0902164576131037,1.0912177647386438,0.0,0.0006251931531193744,1.0,-5.578847973869366,0.6732524427713129,0.0,1.0,0.19219580525872204,-0.4622305941162661,42
2089Q3,238,-0.26195079989493947,-0.22670394067116162,-0.2781990589740242,-0.8273546592812429,1.0688487489734557,0.0014323546156237543,0.001811409110393809,0.007225972987421336,0.001811409110393809,0.0008151340996772141,0.0032605363987088564,0.0011328988203439243,0.0005098044691547659,0.0020392178766190636,0.2036125052647827,0.0652385327904457,0.6713737218963263,1.1093680920396247,0.0,1.1093680920396247,0.4379943657057705,0.43799437014329845,0.6674203376748106,1.1065999531248043,1.1087240780198542,0.0,0.0006440140197705446,1.0,-3.7319317706515935,0.4894833725960046,0.0,1.0,-0.5235288908422134,-1.75868364109497,42
2089Q4,239,-0.43905067727923175,-0.9238164918802856,-1.1242661116736914,0.049537407711782444,0.5058763946542666,0.0005098044691547659,0.0018601526763560269,0.00741987543133793,0.0018601526763560269,0.0008370687043602121,0.0033482748174408486,0.001785603487671602,0.0008035215694522209,0.0032140862778088836,0.20280578873576424,0.0659382919991578,0.6669253589230691,1.106684571187982,0.0,1.106684571187982,0.4397591905831245,0.4397592122649129,0.6641629418936825,1.1059328733210219,1.1062426817437145,0.0,0.0004418894442674848,1.0,-3.8342165725555226,0.49941813568610005,0.0,1.0,-0.4897525515011063,-1.4686219623384045,42
2090Q1,240,0.019423050728141655,-0.7363923193561399,-0.7105411958404975,0.1670051033498559,-0.015055242199249419,0.0008035215694522209,0.0018593588109015416,0.00741671765334162,0.0018593588109015416,0.0008367114649056938,0.003346845859622775,0.0012188677527826242,0.0005484904887521809,0.0021939619550087235,0.20281886388282921,0.0659270355022329,0.6681118839346208,1.1085782663634118,0.0,1.1085782663634118,0.44046635891621455,0.440466382428791,0.6642151179356701,1.1059435862731712,1.1079449830664614,0.0,0.0006332832969504487,1.0,-3.805037503986029,0.4967552599098507,0.0,1.0,-0.49225700158498736,-1.110870253652949,42
2090Q2,241,0.3632655061628042,0.07417354348308036,0.5435330803554399,0.37154478273643765,0.594777923157531,0.0005484904887521809,0.002059332532082051,0.008211919940762535,0.002059332532082051,0.0009266996394369229,0.0037067985577476916,0.0015608490838299979,0.000702382087723499,0.002809528350893996,0.19959058012774744,0.06862579132008796,0.6556165818169628,1.1055386523104223,0.0,1.1055386523104223,0.44992206729760265,0.44992207049345945,0.6519097742812686,1.103389905855554,1.104941944596583,0.0,0.0005967077138393506,1.0,-4.09184116165838,0.5252817340781145,0.0,1.0,-0.36971896282491973,-0.13374992825758109,42
2090Q3,242,1.075081693501896,-0.4382908950320704,-0.5445536120005541,1.0156249145781597,0.7087856728556446,0.000702382087723499,0.001550330573446038,0.006186916043717794,0.001550330573446038,0.0006976487580507171,0.0027905950322028683,0.001410103327174751,0.000634546497228638,0.002538185988914552,0.20807123191229368,0.061163124961264914,0.6896662320469285,1.1114876740658615,0.0,1.1114876740658615,0.42182141932251005,0.421821442018933,0.6869748755083079,1.1105369936158422,1.111052604076017,0.0,0.0004350699898445498,1.0,-3.3381126108216415,0.4499767145849355,0.0,1.0,-0.7608539661894694,-0.9408358826547725,42
2090Q4,243,0.6149812832665208,-0.8952784706583929,-1.0810238296798624,0.9758673873125678,1.232937048944023,0.000634546497228638,0.0012981755123887412,0.005182599239800467,0.0012981755123887412,0.0005841789805749335,0.002336715922299734,0.0010239489284885532,0.00046077701781984895,0.0018431080712793958,0.212606726628659,0.05659881524705666,0.7129637121355125,1.1164927307078503,0.0,1.1164927307078503,0.4035290142101356,0.4035290185723378,0.7101477771298965,1.1150789933638248,1.1160326288082496,0.0,0.0004601018996006623,1.0,-2.8625669966658487,0.402595922648765,0.0,1.0,-1.1256805639515575,-0.4848002818642903,42
2091Q1,244,-0.361668645925038,-1.0748461755407805,-0.18208359550701156,0.7643675489187263,0.347451109916815,0.00046077701781984895,0.0017408410738479038,0.006945202223008984,0.0017408410738479038,0.0007833784832315567,0.003133513932926227,0.0011406180895478023,0.000513278140296511,0.002053112561186044,0.20479458050628602,0.06419335167989403,0.6761022078980335,1.110114886087667,0.0,1.110114886087667,0.43401266803151295,0.4340126781896335,0.6723390608090931,1.1076007711181732,1.1095019927881198,0.0,0.0006128932995472791,1.0,-3.627795763422018,0.47906629820190527,0.0,1.0,-0.5843988110852844,-0.6660469118404123,42
2091Q2,245,1.2652204621700205,-1.5520524762752106,-0.40142109441265217,-0.025810261095095488,1.3690114602572927,0.000513278140296511,0.0011576889014713555,0.004622720348874232,0.0011576889014713555,0.00052096000566211,0.00208384002264844,0.0013802581850386763,0.0006211161832674044,0.0024844647330696176,0.2152357813156983,0.05372088830244616,0.7270506212575738,1.1176286753020954,0.0,1.1176286753020954,0.39057805214802205,0.3905780540445216,0.7255148712326401,1.1180326744941966,1.117380208089846,0.0,0.0002484672122493592,1.0,-2.592411610404029,0.37542004485713554,0.0,1.0,-1.4928238468043822,-1.726577442805314,42
2091Q3,246,0.9211144682209073,-1.374740469651196,0.2598710515135234,0.2945646485376832,1.307611958526315,0.0006211161832674044,0.001106707673503528,0.004419487303256919,0.001106707673503528,0.0004980184530765877,0.0019920738123063507,0.0008635569488316736,0.00038860062697425313,0.0015544025078970125,0.2162084678916195,0.05260659558122166,0.734240284999873,1.1204991055289717,0.0,1.1204991055289717,0.38625881732429257,0.38625882052909866,0.7316325453273927,1.1191976480170043,1.120071138956712,0.0,0.00042796657225974144,1.0,-2.455405627089335,0.36195196208195923,0.0,1.0,-1.72221809432614,-1.6892029931572559,42
2091Q4,247,0.7578672175684014,-0.9573296433431221,-0.2797204512604502,0.6050078241254737,0.967308212577192,0.00038860062697425313,0.0010973185452503574,0.004382054816772896,0.0010973185452503574,0.0004937933453626609,0.0019751733814506434,0.0007364938959747795,0.00033142225318865076,0.001325689012754603,0.2163887026135512,0.05239697761615706,0.7356814171674627,1.1211562661550671,0.0,1.1211562661550671,0.3854748274794625,0.3854748489876044,0.7327942001174393,1.119418214175072,1.1206807825704648,0.0,0.0004754835846023653,1.0,-2.4281542094664585,0.3592839986934572,0.0,1.0,-1.7788991289059124,-1.2279469143849104,42
2092Q1,248,1.003951872675788,-1.5620750719938157,0.06462631584683487,1.2802957602603242,0.6841668357519377,0.00033142225318865076,0.0010954958665699349,0.004374788056545009,0.0010954958665699349,0.0004929731399564707,0.001971892559825883,0.0012685324962954287,0.000570839623332943,0.002283358493331772,0.21642373065620402,0.052356122385765654,0.7346083243283467,1.119220763095594,0.0,1.119220763095594,0.38461243334137146,0.38461243876724727,0.7330210094482376,1.1194612563819326,1.1189631552180181,0.0,0.00025760787757578285,1.0,-2.450404597143189,0.36126962009098595,0.0,1.0,-1.7960499806705434,-0.14767861188154607,42
2092Q2,249,1.5105103983389119,-1.9037870374112047,0.2592157055608906,0.7910469854234267,1.3363335519896047,0.000570839623332943,0.0010730193191785266,0.004285173994403646,0.0010730193191785266,0.000482858693630337,0.001931434774521348,0.0006984947276763955,0.00031432262745437797,0.0012572905098175119,0.21685674614822067,0.05184789718122457,0.7387585691621892,1.1217893542741129,0.0,1.1217893542741129,0.3830307833566976,0.3830307851119237,0.7358535522595394,1.1199981509016885,1.121310442559924,0.0,0.00047891171418878997,1.0,-2.3713652071424374,0.3536221980867894,0.0,1.0,-1.9506609409974456,-0.7263159051638456,42
2092Q3,250,0.2843525448562131,-1.741772023951984,-1.2956775378952616,0.7954932911500701,1.029752314372068,0.00031432262745437797,0.0011188802185560802,0.004468015117869317,0.0011188802185560802,0.0005034960983502361,0.0020139843934009445,0.0008833718440255105,0.00039751732981147973,0.001590069319245919,0.21597531153552058,0.052876284321336925,0.7327413615331121,1.1201877748427722,0.0,1.1201877748427722,0.3874464056642837,0.3874464133096601,0.730143063196223,1.1189145400963425,1.1197615894083441,0.0,0.00042618543442807244,1.0,-2.4833553384129567,0.3647380165114842,0.0,1.0,-1.6590159791620478,-1.6494706376442032,42
2092Q4,251,1.6234137927980903,-1.1801549550632295,-0.6168381148604019,0.9496101830548792,0.7771048752459092,0.00039751732981147973,0.0011807900683396461,0.00471480126563939,0.0011807900683396461,0.0005313555307528408,0.0021254221230113633,0.001390089326935977,0.0006255401971211897,0.0025021607884847586,0.21479831923356657,0.05421297283788293,0.7244354987363605,1.1171735285408972,0.0,1.1171735285408972,0.3927380201579248,0.39273802980453676,0.7228435899164639,1.117522135591708,1.1169160458887246,0.0,0.0002574826521726248,1.0,-2.6421067054716234,0.3803851303500412,0.0,1.0,-1.4158173368934073,-1.1516712999090872,42
2093Q1,252,1.079830134305881,-1.9443966149679197,-0.4568054237728026,0.9799766158845447,1.0307192175650852,0.0006255401971211897,0.0011919475039978006,0.004759272354643351,0.0011919475039978006,0.0005363763767990103,0.002145505507196041,0.0009967175887505971,0.00044852291493776875,0.001794091659751075,0.21458776418602202,0.05444787184579926,0.7241318508207004,1.1184062536525838,0.0,1.1184062536525838,0.39427438212946925,0.3942744028318834,0.7215749162083143,1.1172792534260907,1.1179881570753596,0.0,0.0004180965772242473,1.0,-2.6461247052230794,0.3809639476073702,0.0,1.0,-1.3887343228150895,0.3010709035785408,42
2093Q2,253,1.5144833830346112,-1.3749619628436942,-0.14974231172424549,2.1496629769146005,0.013286297967219918,0.00044852291493776875,0.0011495166903583477,0.004590144503791915,0.0011495166903583477,0.0005172825106612564,0.0020691300426450257,0.0015914502801175924,0.0007161526260529166,0.0028646105042116664,0.2153910270157951,0.05354492647888821,0.7274786411932918,1.117006554327593,0.0,1.117006554327593,0.3895279035765631,0.38952791313430135,0.7264745554906952,1.118215811482872,1.116845058715684,0.0,0.00016149561190914596,1.0,-2.5852694367546425,0.3746107910494113,0.0,1.0,-1.5432788767825172,1.733556349646411,42
2093Q3,254,1.7599382885565416,-1.394536328155339,-0.3926622720972951,0.7701046437708223,1.1255341823633467,0.0007161526260529166,0.0011485856938261286,0.004586433340070362,0.0011485856938261286,0.0005168635622217579,0.0020674542488870315,0.0015118933225552942,0.0006803519951498824,0.0027214079805995294,0.21540872924408214,0.053524817243151716,0.7277746426527459,1.1173147106641785,0.0,1.1173147106641785,0.38954004742188275,0.3895400680114326,0.7265843812896983,1.1182367602266665,1.1171228447221173,0.0,0.0001918659420612201,1.0,-2.5793204437816573,0.37405169238301583,0.0,1.0,-1.5394360418073503,0.38332768046217985,42
2093Q4,255,0.7285888290182803,-1.1829226851455386,-0.6609991008668343,0.9513960830802087,0.6968015862613461,0.0006803519951498824,0.0011795266107659014,0.004709765307196356,0.0011795266107659014,0.0005307869748446556,0.0021231478993786225,0.0016734463381459514,0.0007530508521656782,0.003012203408662713,0.21482219225883598,0.05418626041866692,0.7239068906680733,1.1161649706231742,0.0,1.1161649706231742,0.3922580729660767,0.39225807995510087,0.7229881300958148,1.1175497894233908,1.1160175375813537,0.0,0.00014743304182052164,1.0,-2.653461635604918,0.3813931127083261,0.0,1.0,-1.4236373500171315,-0.48348148567848026,42
2094Q1,256,1.3173778087702932,-1.4937573392018693,0.05696708206161144,0.40242715429131787,2.1059056374422562,0.0007530508521656782,0.001127747922592352,0.0045033665336392525,0.001127747922592352,0.0005074865651665584,0.0020299462606662337,0.0009983351330616153,0.0004492508098777269,0.0017970032395109076,0.2158058182182808,0.053071299373636596,0.731418932858819,1.1195924752408144,0.0,1.1195924752408144,0.3881735315329619,0.3881735423819954,0.7290695281658935,1.1187102843991312,1.119208329972013,0.0,0.00038414526880137245,1.0,-2.5085475264502097,0.3672055018351432,0.0,1.0,-1.6256276900952167,-0.06323665908090254,42
2094Q2,257,0.94368662322724,-1.3345428146444296,-0.6933558625663201,0.5625607720741347,1.3645415973988768,0.0004492508098777269,0.0012137922405217267,0.004846336363377168,0.0012137922405217267,0.000546206508234777,0.002184826032939108,0.001279118417639996,0.0005756032879379983,0.002302413151751993,0.21417689962638758,0.054902665973697695,0.7210935096788866,1.1169930716752337,0.0,1.1169930716752337,0.39589956097701257,0.395899561996347,0.7191303612126889,1.116810494183066,1.1166745626800312,0.0,0.0003185089952024711,1.0,-2.7055829590429497,0.386782692616357,0.0,1.0,-1.3211080794212078,-0.4885128532541458,42
2094Q3,258,0.9817446903747415,-0.9313711423340985,0.29130369011523843,0.9967980119608651,0.8371573531464171,0.0005756032879379983,0.0014657030430352846,0.0058499350500577085,0.0014657030430352846,0.000659566369365878,0.002638265477463512,0.0017068900712208478,0.0007681005320493815,0.003072402128197526,0.20956772027474665,0.059708142908201665,0.6960092753937115,1.1115835073187315,0.0,1.1115835073187315,0.41557421280641615,0.41557423192501997,0.6942094491341225,1.1119678209913681,1.1112949609821963,0.0,0.00028854633653518924,1.0,-3.2073053493456003,0.4367624344025106,0.0,1.0,-0.8678465380398347,0.4854821849170448,42
2094Q4,259,1.4264451358369916,-0.13160594240039258,-0.4904693317679377,1.1507240505347636,0.07635516462782277,0.0007681005320493815,0.002260441592143515,0.009011154965092305,0.002260441592143515,0.0010171987164645819,0.0040687948658583275,0.002472120350000741,0.0011124541575003334,0.004449816630001334,0.1964727137750823,0.07109153755454456,0.6434841124015441,1.1009468651221943,0.0,1.1009468651221943,0.45746274942547144,0.4574627527206502,0.6410102959187668,1.1010772608734496,1.1005587840273994,0.0,0.00038808109479493424,1.0,-4.383523712779492,0.5540399171204489,0.0,1.0,-0.26679714790649056,0.759661577875542,42
2095Q1,260,-0.834877015623819,0.3841148746753101,-0.18069360125172995,-0.1901925822998895,-0.4201944475677516,0.0011124541575003334,0.0038336666306627897,0.015246709681230208,0.0038336666306627897,0.0017251499837982554,0.006900599935193021,0.0037861172631166447,0.00170375276840249,0.00681501107360996,0.1759890568765348,0.08489608996527809,0.5889286924725342,1.0889061314334683,0.0,1.0889061314334683,0.49997743259281857,0.49997743896093405,0.5851845267347785,1.0881109348187787,1.088340902916936,0.0,0.0005652285165322901,1.0,-5.829021801052084,0.6979984273368058,0.0,1.0,0.2765290851277138,-0.7857471033628817,42
2095Q2,261,-0.3372204480700696,0.17480562729583932,-1.068775162169367,0.29818998741258484,0.03787678175088385,0.00170375276840249,0.003370462279872651,0.013413842048581981,0.003370462279872651,0.001516708025942693,0.006066832103770772,0.0035186147526692466,0.001583376638701161,0.006333506554804644,0.18136254546771335,0.08157452130993173,0.6011136262837061,1.091469196485037,0.0,1.091469196485037,0.49035556316970524,0.4903555702013308,0.5978962969710748,1.0912763104110146,1.0909796276012413,0.0,0.000489568883795588,1.0,-5.483623561250301,0.6635789794863289,0.0,1.0,0.15426772095879202,-1.208272642246618,42
2095Q3,262,0.5908595208136442,0.4525079194461663,-0.7246249146202569,0.48232650379314945,0.22389912377509852,0.001583376638701161,0.003546256323108269,0.014109747920764248,0.003546256323108269,0.0015958153453987211,0.0063832613815948845,0.0038409361335767695,0.0017284212601095463,0.006913685040438185,0.17926413676488295,0.08288950882301409,0.59588387708588,1.0898091077333105,0.0,1.0898091077333105,0.4939252188720189,0.49392523064743055,0.5928145537097433,1.090029550508104,1.0893465122438941,0.0,0.0004625954894164064,1.0,-5.63107722091346,0.6781793008312365,0.0,1.0,0.20410335545724323,-1.3104423522071753,42
2095Q4,263,-0.4616650806951932,0.0026525328923552305,1.0268139629042707,0.04157189671022719,0.2948907756804449,0.0017284212601095463,0.003361501404632991,0.013378359276406848,0.003361501404632991,0.001512675632084846,0.006050702528339384,0.003143006812160792,0.0014143530654723564,0.005657412261889426,0.1814715077572811,0.08150553239459644,0.6019748830213707,1.092617730136204,0.0,1.092617730136204,0.49064283328831737,0.4906428471148332,0.5981647376975501,1.0913415178300727,1.0920315146289885,0.0,0.0005862155072153818,1.0,-5.458132076661604,0.6611988546006881,0.0,1.0,0.14308391219394662,0.3955130394811924,42
2096Q1,264,0.7495762097841054,0.38521930984901304,-0.3985589031164208,0.7662010827429411,-0.05146057073280896,0.0014143530654723564,0.0031671587487025273,0.012608576604696053,0.0031671587487025273,0.0014252214369161373,0.005700885747664549,0.0038055917806490264,0.001712516301292062,0.006850065205168248,0.18388361502040818,0.07995871962084306,0.6065339380428688,1.0915107090293492,0.0,1.0915107090293492,0.48497677092495545,0.4849767709864804,0.6042326720253972,1.0927989476673676,1.0911635058940992,0.0,0.00034720313525005153,1.0,-5.336248755226432,0.6487123592213512,0.0,1.0,0.08376292823968044,0.6081848299254036,42
2096Q2,265,0.11015043282175907,-0.55248673798109,0.12333194865559238,0.8940692120721218,-0.22390275782962138,0.001712516301292062,0.0029197868935264717,0.01162809613495508,0.0029197868935264717,0.0013139041020869123,0.005255616408347649,0.0032031237586199004,0.0014414056913789552,0.005765622765515821,0.18709348437336626,0.07783569111876358,0.6154713543138967,1.094527748394847,0.0,1.094527748394847,0.4790563822682356,0.47905639408095035,0.6127194713127695,1.0947877763657914,1.094105097848856,0.0,0.00042265054599099905,1.0,-5.094123737928043,0.6247709681014253,0.0,1.0,0.0036572552911433008,0.5220708455799724,42
2096Q3,266,0.5574972414318342,-0.039592557217604574,0.4273533722205398,0.09040995859321997,-0.30641523834905343,0.0014414056913789552,0.002965420553699574,0.01180902413140772,0.002965420553699574,0.0013344392491648083,0.005337756996659233,0.002188465816568031,0.000984809617455614,0.003939238469822456,0.18648926700480256,0.0782414648299141,0.6156639304068487,1.0973684227104987,0.0,1.0973684227104987,0.48170447757974144,0.48170449230365,0.6110828189111172,1.0944084614416771,1.0966439112058122,0.0,0.0007245115046865536,1.0,-5.084475540911527,0.6242627444736971,0.0,1.0,0.0180366558437995,0.728190848540576,42
2096Q4,267,0.13744079317342084,1.174373687427778,0.8473996898582785,0.5995619891960544,-0.5229770676722124,0.000984809617455614,0.004752192572760215,0.01887369905695524,0.004752192572760215,0.0021384866577420967,0.008553946630968387,0.004303596303332221,0.0019366183364994995,0.007746473345997998,0.1667029246911943,0.09039003249959124,0.5697140514601695,1.0846787738591166,0.0,1.0846787738591166,0.5149647162695852,0.5149647223989471,0.5650110470909281,1.0827302911869496,1.0839797483700653,0.0,0.0006990254890513192,1.0,-6.404031266974068,0.7552665083609074,0.0,1.0,0.47189243309203477,1.753917259044065,42
2097Q1,268,-0.0566572646898674,0.3436018618316486,1.4000618876602324,-0.7519869137935213,-1.0461733911440358,0.0019366183364994995,0.0052834441925482456,0.020966877240525927,0.0052834441925482456,0.0023775498866467105,0.009510199546586842,0.007380274123126204,0.0033211233554067917,0.013284493421627167,0.16206213293691976,0.09310396998394352,0.5567150855771349,1.0750389396467834,0.0,1.0750389396467834,0.5183238461718211,0.5183238540696485,0.5554074432126821,1.0799928133434118,1.0748626841455264,0.0,0.0001762555012569944,1.0,-6.827720567489101,0.7962509333935033,0.0,1.0,0.578141588439137,1.7546754628631935,42
2097Q2,269,-0.31174672247882595,0.5246577597325681,1.3500162077570237,-0.7112274819057615,-0.3798804199786736,0.0033211233554067917,0.0033137943933387493,0.013189435611276834,0.0033137943933387493,0.0014912074770024372,0.005964829908009749,0.0022498601969375472,0.0010124370886218962,0.004049748354487585,0.182054930103566,0.08113488529985553,0.604787531146665,1.0954812119599502,0.0,1.0954812119599502,0.4906936697036746,0.49069368081328524,0.5996101178122705,1.0916915305925916,1.0946638245726006,0.0,0.0008173873873495996,1.0,-5.376856609733961,0.6534732238847742,0.0,1.0,0.12451640180628076,1.2630890120024687,42
2097Q3,270,-0.21911360814370487,0.3489224275829347,0.5491878902019689,-0.44105936895882925,0.031580956218020595,0.0010124370886218962,0.0048238853893666,0.019156370799229605,0.0048238853893666,0.00217074842521497,0.00868299370085988,0.005601171866449417,0.0025205273399022377,0.01008210935960895,0.16604748758603058,0.09077266076706718,0.5665941012485156,1.0809066497815083,0.0,1.0809066497815083,0.5143125414525282,0.5143125485329927,0.5636430584774466,1.0823476293541643,1.0804852564358258,0.0,0.0004213933456824748,1.0,-6.506524084095964,0.7649318810696941,0.0,1.0,0.4876063829143364,1.5873774707827393,42
2097Q4,271,0.13982140927712633,0.7404827728146919,0.6194294517972067,0.3461634590183194,-0.773196517418797,0.0025205273399022377,0.005171193104616686,0.02052487741104625,0.005171193104616686,0.002327036897077509,0.009308147588310035,0.003575784509352349,0.0016091030292085572,0.006436412116834229,0.1630020535800909,0.09255251676295004,0.5638198305553418,1.085649289560553,0.0,1.085649289560553,0.5218294431875692,0.5218294590052112,0.5573402349932887,1.0805534138206914,1.0846649808745974,0.0,0.0009843086859555594,1.0,-6.584253009507947,0.7736161979215861,0.0,1.0,0.5558542452012403,1.8454330168493847,42
2098Q1,272,-0.4151530660499001,0.2682539372031558,1.480214506374213,0.5568608642948898,-0.5049451568224634,0.0016091030292085572,0.006101951317654027,0.024185309820542455,0.006101951317654027,0.002745878092944312,0.010983512371777249,0.00584541651341449,0.0026304374310365205,0.010521749724146082,0.15580996661594904,0.09684199834031762,0.5474279627212345,1.0775681476977874,0.0,1.0775681476977874,0.5301401785729325,0.5301401849765529,0.5425511551636859,1.076138497802732,1.0768771253995526,0.0,0.0006910222982348113,1.0,-7.125547951445779,0.8267243577135415,0.0,1.0,0.726688654489861,2.267035129909444,42
2098Q2,273,-0.9210860672591707,1.587096616930267,0.6833401243920172,-0.9358749563702358,-1.0040882478057076,0.0026304374310365205,0.006566396556016381,0.026008011490644134,0.006566396556016381,0.0029548784502073716,0.011819513800829486,0.00531877406685751,0.0023934483300858795,0.009573793320343518,0.15269071747209684,0.09878741494735203,0.5423556277170324,1.0781347437417412,0.0,1.0781347437417412,0.5357791044431406,0.5357791160247088,0.5360279040285753,1.0741007901179613,1.0772231369590344,0.0,0.000911606782706853,1.0,-7.294020811044652,0.8438086327743792,0.0,1.0,0.8125047051946417,1.4527836861011252,42
2098Q3,274,-1.3256862542737804,1.3278846225675331,-0.019407733768377566,-0.8246639006135875,0.47076994313037757,0.0023934483300858795,0.007068548420317887,0.027975817626676336,0.007068548420317887,0.0031808467891430493,0.012723387156572197,0.009599820308017017,0.004319919138607658,0.01727967655443063,0.14962743711178011,0.10078437395444802,0.531055334848168,1.0662761352077892,0.0,1.0662761352077892,0.5352207945784238,0.5352208003596212,0.5294511710961564,1.0719934343383675,1.066075934274389,0.0,0.00020020093340011869,1.0,-7.705628500691645,0.8830429309305567,0.0,1.0,0.9116797122880205,-1.0285928745667472,42
2098Q4,275,-0.6946470401663387,0.29747547298092686,0.6598014672585792,-1.4396666830509581,-0.27151452387485675,0.004319919138607658,0.007656615993462913,0.03027651336501036,0.007656615993462913,0.003445477197058311,0.013781908788233243,0.008648282767517763,0.0038917272453829936,0.015566908981531975,0.14640797570413983,0.10301288868023646,0.5260261477057588,1.067900889906464,0.0,1.067900889906464,0.5418747299650696,0.5418747422007051,0.5222554105167004,1.0696312192496686,1.0674141528652403,0.0,0.00048673704122359496,1.0,-7.881378865015775,0.9010461592561945,0.0,1.0,1.0237592695543731,-3.411127643914295,42
2099Q1,276,0.12078640315336531,-0.3283222786846622,-0.37499390487039924,-1.347575409078649,0.04442476098034871,0.0038917272453829936,0.0040218677441569714,0.01599067841567714,0.0040218677441569714,0.0018098404848706372,0.007239361939482549,0.004501239029165858,0.002025557563124636,0.008102230252498545,0.1739446122984023,0.08612538079399197,0.5835976182783864,1.0862232941755159,0.0,1.0862232941755159,0.502625671046928,0.5026256758971295,0.5805816256339412,1.0869243653606597,1.0857776980783618,0.0,0.00044559609715411064,1.0,-5.987349411342907,0.7135093835711661,0.0,1.0,0.3304311693345555,-2.21920552915818,42
2099Q2,277,-1.104445933579197,-0.4337800668350944,-0.15850424520382211,-1.0410012976002192,-0.18028169244970355,0.002025557563124636,0.004814999120542386,0.019121337173405584,0.004814999120542386,0.002166749604244074,0.008666998416976296,0.005282917332064565,0.002377312799429054,0.009509251197716216,0.16612821879557366,0.09072553530477172,0.5672058062741393,1.0818063192223955,0.0,1.0818063192223955,0.5146005040219593,0.5146005129482562,0.5638112895273254,1.082394817356211,1.0813167386900315,0.0,0.0004895805323639202,1.0,-6.486057938414369,0.7630284810420078,0.0,1.0,0.5075103583953656,-2.4979946335379477,42
2099Q3,278,-0.3192310600872507,0.21295739139792585,-0.2520199920509008,0.18098947040249996,-0.5262696682296982,0.002377312799429054,0.0036289967798548524,0.014437160410211258,0.0036289967798548524,0.0016330485509346835,0.006532194203738734,0.004200770510332122,0.0018903467296494552,0.007561386918597821,0.17830184399490823,0.08348445832816402,0.5932084567055617,1.0884453240651968,0.0,1.0884453240651968,0.4952368668374995,0.4952368673596351,0.5905368349903436,1.0894628587868456,1.0880469945307625,0.0,0.0003983295344343052,1.0,-5.708383973077843,0.6857480505781348,0.0,1.0,0.22401961430498932,-0.8668583579939654,42
2099Q4,279,0.6740592674470707,0.22712548637167135,0.05974064085041042,0.23056830012884044,0.6534279244410365,0.0018903467296494552,0.003039997853710248,0.012104654185348562,0.003039997853710248,0.0013679990341696115,0.005471996136678446,0.0034178841841506864,0.0015380478828678089,0.0061521915314712355,0.18551368378136723,0.07889046369746953,0.6111404352816796,1.0932719606011232,0.0,1.0932719606011232,0.48213152323645075,0.4821315253194436,0.6084795896790794,1.0938010573567243,1.0928658636193436,0.0,0.0004060969817796245,1.0,-5.210231636862413,0.6362851158033734,0.0,1.0,0.0413047923886257,0.990286232860176,42
2100Q1,280,0.248388316594394,0.3918493947363899,0.31211331009008664,0.7351952507823878,-0.7942164239747462,0.0015380478828678089,0.003070273380939754,0.012224649731790382,0.003070273380939754,0.0013816230214228893,0.005526492085691557,0.0030750816483252064,0.0013837867417463429,0.0055351469669853715,0.18512179307121107,0.07914908779151444,0.610750887235201,1.0941546592528548,0.0,1.0941546592528548,0.48340375592524265,0.48340377201765383,0.6074471038198311,1.0935587304445982,1.0936453409559506,0.0,0.0005093182969042598,1.0,-5.219125320743541,0.6373287453326077,0.0,1.0,0.05078822795199281,1.0500828309249104,42
2100Q2,281,-0.37582232153621115,0.8835869412855691,0.3162974674411858,0.30144652478454714,0.19383266300647917,0.0013837867417463429,0.005772357475015035,0.02289027746727723,0.005772357475015035,0.002597560863756766,0.010390243455027063,0.006385098106128819,0.0028732941477579684,0.011493176591031874,0.15820543830244838,0.0953907236165506,0.5510734306187003,1.0767463757121254,0.0,1.0767463757121254,0.5256729331257282,0.5256729450934251,0.5474920944038968,1.077645527086259,1.07624761355191,0.0,0.0004987621602154935,1.0,-7.0071347179084364,0.8146401776430857,0.0,1.0,0.6744712759285669,0.8936804008601285,42
2100Q3,282,0.14997949467751226,-0.07746337214655585,1.6589797717657393,0.3063334893887883,-0.42175956739435694,0.0028732941477579684,0.0038468430702618393,0.015298810557854536,0.0038468430702618393,0.0017310793816178278,0.006924317526471311,0.0038825697369266575,0.001747156381616996,0.006988625526467984,0.17584339274240612,0.08498420905005029,0.588472871212931,1.0885819010402908,0.0,1.0885819010402908,0.5001090150744305,0.5001090298273598,0.5848528018875786,1.0880261772379571,1.0880369776658685,0.0,0.0005449233744223569,1.0,-5.842608106982899,0.6993136543166729,0.0,1.0,0.27242446497558015,0.6014679546565067,42
2100Q4,283,-0.7844171887586473,0.621370443155977,-0.9169528887537064,-0.31564971369523404,-0.07603627084088,0.001747156381616996,0.003764353504637383,0.014972605042839815,0.003764353504637383,0.0016939590770868223,0.006775836308347289,0.003419968631551897,0.0015389858841983537,0.006155943536793415,0.17676168229757472,0.08442719832171554,0.5911346903516774,1.0902131485379698,0.0,1.0902131485379698,0.4990784573716697,0.4990784581862924,0.5869543511601513,1.0885611967732864,1.0895751863838625,0.0,0.0006379621541072744,1.0,-5.764008279433371,0.6916618420591388,0.0,1.0,0.25755912219008525,-0.5294718642985364,42
2101Q1,284,-0.5748761715157533,0.6907196561290794,0.5775935891438999,-0.1459363051856151,0.6935206397067258,0.0015389858841983537,0.0033950564939206644,0.013511223922476612,0.0033950564939206644,0.001527775422264299,0.006111101689057196,0.004890162288225467,0.00220057302970146,0.00880229211880584,0.1810644916992028,0.08176286266946005,0.5982169386371721,1.0873362450802895,0.0,1.0873362450802895,0.48911929400335913,0.4891193064431174,0.597164390216822,1.0910981951632852,1.0871825790423335,0.0,0.00015366603795596845,1.0,-5.570349300213165,0.671634356991615,0.0,1.0,0.15981661034777808,-0.9253881907021587,42
2101Q2,285,-0.16650589137072663,0.28571606935215366,0.20058089422642822,-0.9363880281215792,-0.10767764104025306,0.00220057302970146,0.004899920310760614,0.019456095925329264,0.004899920310760614,0.0022049641398422764,0.008819856559369106,0.005042467740110998,0.002269110483049949,0.009076441932199796,0.16536255325453542,0.09117249582569846,0.5661180368028518,1.082261986463349,0.0,1.082261986463349,0.5161439434726061,0.5161439496604971,0.5622185087430085,1.0819466029239146,1.0816953503492908,0.0,0.0005666361140581611,1.0,-6.518851735705341,0.7664160630874841,0.0,1.0,0.5150921383351652,-0.6579695118577163,42
2101Q3,286,-0.3087616403150134,0.07541431464712162,-0.09074994110588902,0.293799722201486,-0.8600488873262484,0.002269110483049949,0.004335167953710944,0.01722823526957762,0.004335167953710944,0.0019508255791699251,0.0078033023166797005,0.005203180534858456,0.0023414312406863052,0.009365724962745221,0.17070781188516365,0.08804424972867263,0.5760843770750453,1.0832935557710595,0.0,1.0832935557710595,0.5072091675998209,0.5072091786960141,0.5735009674141859,1.085052936658491,1.0829200317089094,0.0,0.00037352406215007683,1.0,-6.2139824093427585,0.7358568096935895,0.0,1.0,0.3942345739516955,-0.559693623036142,42
2101Q4,287,-0.1632997754857037,0.3518611909126659,0.29459307099811405,0.6879293041364852,-0.22386323008826303,0.0023414312406863052,0.004706707906666066,0.018694329612663263,0.004706707906666066,0.00211801855799973,0.00847207423199892,0.004709437725614956,0.00211924697652673,0.00847698790610692,0.16712366244092336,0.09014434729924359,0.5699187922769045,1.083668370328534,0.0,1.083668370328534,0.5137495754337474,0.5137495780516295,0.5658918895804065,1.0829754284803788,1.0830771906891656,0.0,0.0005911796393682778,1.0,-6.3995518973423,0.7546359427577032,0.0,1.0,0.4715223667467512,0.03927727989864357,42
2102Q1,288,-0.13078523457113808,-0.14309778826825062,0.3935188736987529,-0.8339070195043041,0.33710240590651025,0.00211924697652673,0.003134301764723389,0.012478387040682382,0.003134301764723389,0.0014104357941255251,0.0056417431765021005,0.002662488081437151,0.001198119636646718,0.004792478546586872,0.18430082044136412,0.0796871581511906,0.609439190344945,1.0950839733650073,0.0,1.0950839733650073,0.4856447714455118,0.4856447830200623,0.605307850024499,1.0930539980616392,1.0944394065908083,0.0,0.0006445667741989958,1.0,-5.2525089751501985,0.6408527778783731,0.0,1.0,0.08062230611966316,-0.716340213348656,42
2102Q2,289,-1.1113966668573776,0.7366152605210814,0.13134038196636297,-1.0264666436807275,-0.5655190874563201,0.001198119636646718,0.004862342674474024,0.019307975710570746,0.004862342674474024,0.002188054203513311,0.008752216814053243,0.0063316316019134756,0.002849234220861064,0.011396936883444257,0.16569975593309982,0.09097564381777727,0.5648923463144183,1.0788068081386069,0.0,1.0788068081386069,0.5139144489368901,0.5139144618241885,0.5629192287223037,1.0821441892364028,1.078531543124784,0.0,0.0002752650138229118,1.0,-6.562980146072444,0.7702487803863833,0.0,1.0,0.5083275682707076,-0.8258963044247785,42
2102Q3,290,0.18206332650658036,0.30766073130791505,-0.13310418021835072,-0.06309088280315164,-0.2767408975069785,0.002849234220861064,0.0027763071050448704,0.011059066671699536,0.0027763071050448704,0.0012493381972701917,0.004997352789080767,0.0029626374067989285,0.001333186833059518,0.005332747332238072,0.18902980785399814,0.07651447776225062,0.6209341736201875,1.0960387285235202,0.0,1.0960387285235202,0.4751045401928331,0.4751045549033327,0.6180976341288419,1.0960209541750061,1.0956000062599873,0.0,0.0004387222635329202,1.0,-4.95009832786161,0.6104766459531015,0.0,1.0,-0.04280149868260456,-0.28606206006157153,42
2102Q4,291,0.26904267846036867,0.261829256232195,-0.20081590293252077,-1.0507444632193599,-0.20294612751951807,0.001333186833059518,0.003345325337244072,0.013314303766902458,0.003345325337244072,0.0015053964017598324,0.00602158560703933,0.0026553748286182685,0.001194918672878221,0.004779674691512884,0.1816687028119282,0.08138049304522592,0.6032257661069278,1.0941338713871396,0.0,1.0941338713871396,0.49090810263365914,0.4909081052802118,0.5986517469679953,1.0914596554723706,1.093420091980591,0.0,0.0007137794065485981,1.0,-5.421490358539197,0.6577541171810415,0.0,1.0,0.14756279576320241,-1.315700874683805,42
2103Q1,292,-0.025427163075918358,0.05943322152125219,-0.2770157733007208,0.053960864454052404,-0.5774646008622945,0.001194918672878221,0.0036967366917534123,0.014705153483625333,0.0036967366917534123,0.0016635315112890356,0.0066541260451561425,0.0028676984415649392,0.0012904642987042227,0.005161857194816891,0.1775258302458709,0.08396085558036853,0.5936433043945206,1.09207132023342,0.0,1.09207132023342,0.498427997465211,0.4984280158388994,0.5887224366259411,1.0890078068820324,1.0913081164900387,0.0,0.0007632037433813466,1.0,-5.690036630894316,0.6845131987907275,0.0,1.0,0.2395990236116957,-0.4414413594546943,42
2103Q2,293,0.04516513655470794,0.38908568605906546,0.8269634181472383,-0.7817033173418649,-0.6736612491260323,0.0012904642987042227,0.0042976227049235,0.017079990613903417,0.0042976227049235,0.0019339302172155749,0.0077357208688622996,0.004705019953872502,0.002117258979242626,0.008469035916970504,0.17108506641276477,0.08782198417636712,0.5775698062357766,1.0848030788636893,0.0,1.0848030788636893,0.5072332638398579,0.5072332726279127,0.5743147642897098,1.0852709769855649,1.0843251494846313,0.0,0.00047792937905799526,1.0,-6.167096905353401,0.7313924315560975,0.0,1.0,0.3820553444767822,0.13898566255552794,42
2103Q3,294,-0.2423276523744962,0.31330519251927547,0.24338725385305504,1.3360442776560106,0.5100815119047868,0.002117258979242626,0.002492878779558308,0.009934290379384758,0.002492878779558308,0.0011217954508012387,0.004487181803204955,0.001960234262393836,0.0008821054180772263,0.003528421672308905,0.1930232018208754,0.0736787839416128,0.633870657869657,1.1008988631054324,0.0,1.1008988631054324,0.46702819248106425,0.4670282052357754,0.6299047910973555,1.0986631343631705,1.100267580613358,0.0,0.0006312824920744475,1.0,-4.616909990149775,0.5776088935969004,0.0,1.0,-0.1579860085225689,0.35566901612849594,42
2103Q4,295,0.07900958708565478,0.02825043851988604,-0.07993443943371281,1.0865360694888202,-0.12253643529164862,0.0008821054180772263,0.002279902614372754,0.009088470098219226,0.002279902614372754,0.0010259561764677393,0.004103824705870957,0.002065854792249323,0.0009296346565121952,0.003718538626048781,0.19617765954414865,0.07131835028863685,0.6433019946512912,1.1020943768131044,0.0,1.1020943768131044,0.4587923699591958,0.4587923821618132,0.6400234616308071,1.1008652401418089,1.1015740616448466,0.0,0.00052031516825779,1.0,-4.386094841080028,0.5544798494514905,0.0,1.0,-0.2527170578987766,-0.0730744061021856,42
2104Q1,296,-0.13180236606194934,0.2927577010338118,0.6865223366697244,0.5626926518329785,0.5861711750014897,0.0009296346565121952,0.003236621003616402,0.01288376523528234,0.003236621003616402,0.001456479451627381,0.005825917806509524,0.00312253457862693,0.0014051405603821186,0.005620562241528474,0.18301063243857435,0.08052300523838528,0.6055902742790733,1.0932297715052597,0.0,1.0932297715052597,0.48763948828089,0.4876394972261864,0.6020080421380273,1.0922682334672875,1.0926782919023448,0.0,0.000551479602914906,1.0,-5.358865985480563,0.6512814579876741,0.0,1.0,0.10275589281399036,1.0308278138741416,42
2104Q2,297,-0.5993666216002682,1.0374226390818755,1.4214959351245124,-0.2047528887997823,-0.6832190028895634,0.0014051405603821186,0.006452671467163811,0.02556193699936804,0.006452671467163811,0.002903702160223715,0.01161480864089486,0.006982283213834014,0.003142027446225306,0.012568109784901225,0.15342803411912306,0.09832067612861539,0.5415278592867147,1.073961726392423,0.0,1.073961726392423,0.5324338526755148,0.5324338671057084,0.5375824947987098,1.0745912697202884,1.073422869593505,0.0,0.0005388567989179638,1.0,-7.329690631946322,0.8466270357484069,0.0,1.0,0.7912375887024168,1.7392678054371868,42
2104Q3,298,-0.6206107320296939,1.2776156725476266,1.0330289847396348,0.6393597375261371,-0.40702969073352974,0.003142027446225306,0.0060566519088710484,0.024007396801199454,0.0060566519088710484,0.002725493358991972,0.010901973435967887,0.005644975291858647,0.0025402388813363912,0.010160955525345565,0.15612994065878272,0.0966463097220275,0.5482860429941157,1.0781842799779342,0.0,1.0781842799779342,0.529898227274742,0.5298982369838185,0.5432136681858492,1.076342414801389,1.077460971447232,0.0,0.000723308530702127,1.0,-7.096057249149753,0.823865486033639,0.0,1.0,0.7222861112926486,1.5716313679533593,42
2104Q4,299,-0.3331232553325378,0.8827773225676789,1.0718531895512855,-0.3782586223587534,-1.1570384593535668,0.0025402388813363912,0.00760061299369537,0.03005758905912037,0.00760061299369537,0.0034202758471629166,0.013681103388651666,0.0066016808520052836,0.0029707563834023777,0.011883025533609511,0.1466986309771083,0.1028050140223883,0.5291683615511367,1.0731799818608647,0.0,1.0731799818608647,0.5440116082946885,0.544011620309728,0.5229201958101676,1.0698517835471435,1.0723159077989775,0.0,0.0008640740618872655,1.0,-7.759284604413091,0.8897577040579068,0.0,1.0,0.9896204548155875,1.2776862844692778,42
2105Q1,300,-0.3174183631761546,0.6619814438638257,1.2313625990252406,-0.5770180237365412,-1.281646580148831,0.0029707563834023777,0.00768328766065017,0.030380763969352187,0.00768328766065017,0.0034574794472925765,0.013829917789170306,0.008536559561668208,0.0038414518027506937,0.015365807211002775,0.14627068146884709,0.10311159672697089,0.5258921719258487,1.0681479905645723,0.0,1.0681479905645723,0.5422558155348894,0.5422558186387236,0.5219402082184139,1.0695264803561528,1.0676358734428066,0.0,0.0005121171217656872,1.0,-7.885719370999665,0.9015304852972157,0.0,1.0,1.0020696807978577,1.5676554335236383,42
2105Q2,301,-0.2741099175945899,0.7856840646327917,1.269615146673946,-1.2948289753576767,-1.1554407782915623,0.0038414518027506937,0.0072981023905919285,0.028874387789305955,0.0072981023905919285,0.003284146075766368,0.013136584303065472,0.006583882018341242,0.0029627469082535588,0.011850987633014235,0.1483257802626025,0.10166685967592042,0.5323974282212646,1.0736691795969255,0.0,1.0736691795969255,0.5412717462679222,0.541271751375661,0.5265835020614686,1.0710588222991102,1.0728646919196272,0.0,0.0008044876772983489,1.0,-7.644588127499934,0.8782960658417398,0.0,1.0,0.9417335955888374,0.656833009937875,42
2105Q3,302,0.35652550866715293,1.5414943954946063,1.3772748046865715,-0.5727700290515914,-0.808152301282819,0.0029627469082535588,0.006191827548217708,0.02453822589986976,0.006191827548217708,0.0027863223966979687,0.011145289586791875,0.007585066900037914,0.0034132801050170613,0.013653120420068245,0.15518361346986018,0.09722693410929309,0.5439506253277815,1.0728171465796381,0.0,1.0728171465796381,0.5288665160745298,0.5288665212518566,0.5412513223207517,1.0757367725055453,1.0724557984469703,0.0,0.00036134813266786026,1.0,-7.250154222481184,0.8384021421431014,0.0,1.0,0.7495446490066089,0.9640928005403838,42
2105Q4,303,-0.35411340371620814,0.4440230026825229,0.8192608529233428,0.6570319592791477,-0.04185740286704509,0.0034132801050170613,0.006057041222585919,0.024008925930937064,0.006057041222585919,0.002725668550163664,0.010902674200654655,0.007465782213623468,0.0033596019961305607,0.013438407984522243,0.15612717839604656,0.09664799640069796,0.5458288868888451,1.073361574817951,0.0,1.073361574817951,0.5275326829543008,0.5275326879291059,0.5432079526262703,1.0763406581050818,1.0730093108216412,0.0,0.00035226399630983174,1.0,-7.1863558596441575,0.8320759839682852,0.0,1.0,0.725481666096618,0.9811613377639273,42
2106Q1,304,-0.48239518440559465,1.4093863432638596,1.338834184787355,0.3775960043097703,-0.41886498606495876,0.0033596019961305607,0.0073762608320804696,0.029180190371288273,0.0073762608320804696,0.0033193173744362112,0.013277269497744845,0.006559004235587463,0.0029515519060143583,0.011806207624057433,0.14789596972851254,0.10196349640599985,0.5315895760459942,1.0736169065117678,0.0,1.0736169065117678,0.5420273182663271,0.5420273304657736,0.5256249136038578,1.0707443680417192,1.0727908933294872,0.0,0.0008260131822805938,1.0,-7.673020350261563,0.881150483120142,0.0,1.0,0.9559216234940858,0.47447065223561685,42
2106Q2,305,-0.7879564132632182,0.7225136284701169,1.6577036930126074,-0.13962053875468816,-0.24052057404285554,0.0029515519060143583,0.008853407966274669,0.0349461045463052,0.008853407966274669,0.003984033584823601,0.015936134339294403,0.009074566119740207,0.004083554753883093,0.01633421901553237,0.14090914274994162,0.10728550641267796,0.5139563216485473,1.065356974231394,0.0,1.065356974231394,0.551400642420616,0.5514006525828467,0.5088860990640758,1.0651057146327927,1.0647122221525835,0.0,0.0006447520788104288,1.0,-8.329741664194936,0.9456906116656105,0.0,1.0,1.2075588597048035,0.6420117196959992,42
2106Q3,306,-1.04695360361625,0.8006568182231688,0.18455835039626678,0.028072805489793552,-0.5877553396968288,0.004083554753883093,0.005879628229813617,0.023311904591095556,0.005879628229813617,0.0026458327034161277,0.010583330813664511,0.006760586939325207,0.0030422641226963434,0.012169056490785373,0.15740844620295125,0.09587025918790239,0.54911104574051,1.0755452473460794,0.0,1.0755452473460794,0.5264341827808281,0.5264342016055694,0.5458524309320842,1.0771489519008468,1.0750969357274776,0.0,0.00044831161860181545,1.0,-7.073674972286838,0.8211252331059874,0.0,1.0,0.6905866214786665,1.5402835338565364,42
2106Q4,307,-0.8641078981685875,0.705661513665722,-0.1930014428899578,-0.9890697082205587,-0.6281296083909162,0.0030422641226963434,0.0047367148711867785,0.018812665275328655,0.0047367148711867785,0.0021315216920340502,0.008526086768136201,0.004322997715820442,0.0019453489721191991,0.0077813958884767965,0.16684566518556843,0.09030668921552795,0.5699563267519376,1.0846650233503283,0.0,1.0846650233503283,0.5147086886641113,0.5147086965983907,0.5653096327806725,1.0828134984515945,1.0839747731765634,0.0,0.0006902501737648947,1.0,-6.396657308485908,0.7545203818764716,0.0,1.0,0.47819672916063183,-0.03630506711732355,42
2107Q1,308,0.04230208195201285,-0.151904682008355,0.5561877521309193,-0.5284845750709447,0.29301727612934697,0.0019453489721191991,0.003099187042013999,0.01233923738414644,0.003099187042013999,0.0013946341689062996,0.005578536675625198,0.002574084936902963,0.0011583382216063334,0.004633352886425334,0.18474975220190537,0.07939354176898507,0.6106800027659884,1.095520500580941,0.0,1.095520500580941,0.48484048307085426,0.48484049781495253,0.6064737356936484,1.0933295211469198,1.0948625705119897,0.0,0.0006579300689513179,1.0,-5.218771381275204,0.6375187999059141,0.0,1.0,0.06975009406043053,-0.7581026603962159,42
2107Q2,309,-0.38888544276403525,-0.2298632392687497,-0.2008389333385959,-0.4923559521016586,0.25315106997665937,0.0011583382216063334,0.003190696500874765,0.012701832566997973,0.003190696500874765,0.0014358134253936443,0.005743253701574577,0.0030822361124518915,0.001387006250603351,0.005548025002413404,0.18358643201133087,0.08015140673100206,0.6070229639001871,1.0935604114833382,0.0,1.0935604114833382,0.48653744474622274,0.4865374475831511,0.6034715866313923,1.0926178393882586,1.0930130379268812,0.0,0.0005473735564569537,1.0,-5.319711360666576,0.6473841298160542,0.0,1.0,0.09835103023040674,-0.7566063965045843,42
2107Q3,310,-0.02029986917201229,0.14615209724825812,-0.4375236329018562,-0.10741384267449669,-0.03998160665936898,0.001387006250603351,0.002836102123489427,0.0112962388261999,0.002836102123489427,0.0012762459555702421,0.005104983822280969,0.0019592296334828107,0.0008816533350672649,0.0035266133402690595,0.1882160450247784,0.07707370782934761,0.6205192201507427,1.0987764005861325,0.0,1.0987764005861325,0.4782571707639297,0.4782571804353898,0.6158119415253566,1.0954992906402168,1.0980270796560592,0.0,0.0007493209300732939,1.0,-4.956352649792162,0.6115536116441489,0.0,1.0,-0.02218761863504749,-0.10630930920628777,42
2107Q4,311,-0.712238742063262,-0.27983986872414535,0.7757830674908056,-0.4877343881574144,-0.07736850977681735,0.0008816533350672649,0.003279407248505189,0.013053242880649019,0.003279407248505189,0.0014757332618273351,0.0059029330473093404,0.0037320794570159872,0.0016794357556571943,0.006717743022628777,0.1824789436732005,0.08086415243155039,0.6033415830355939,1.091228651675732,0.0,1.091228651675732,0.4878870573888318,0.487887068640138,0.6006692809394663,1.0919468642934322,1.090824584520484,0.0,0.00040406715524787806,1.0,-5.42315317627733,0.6574358818720758,0.0,1.0,0.12025379791418801,0.16080574139908244,42
2108Q1,312,-0.008574742060050461,0.7586771391261834,-0.31036648719172355,0.35956270877996765,0.1542688307557108,0.0016794357556571943,0.0038852765271949474,0.0154507682375572,0.0038852765271949474,0.0017483744372377263,0.006993497748950905,0.004373077091203677,0.0019678846910416545,0.007871538764166618,0.17542070890776554,0.0852394245663879,0.5868292860521431,1.087039196373991,0.0,1.087039196373991,0.5002099066178892,0.5002099103218478,0.5838935987099626,1.0877804427144238,1.086603771842288,0.0,0.000435424531702866,1.0,-5.892409772653373,0.7040730925742956,0.0,1.0,0.2821350950842828,0.5791581165951297,42
2108Q2,313,0.3104703230327364,-0.6742677696138524,0.3012532809173528,-0.04928574438457156,1.3246389070456548,0.0019678846910416545,0.0018303433804499054,0.007301297096983683,0.0018303433804499054,0.0008236545212024574,0.0032946180848098298,0.0014086066388089595,0.0006338729874640318,0.0025354919498561273,0.20329819563825582,0.06551244799443158,0.6695846086923339,1.1082458982975947,0.0,1.1082458982975947,0.43866126854828347,0.43866128960526074,0.6661418795541002,1.106338557487361,1.1076893423324101,0.0,0.0005565559651845575,1.0,-3.772970828064201,0.4934632098189561,0.0,1.0,-0.520106806401355,0.1805262738900339,42
2108Q3,314,1.1584011013987248,-0.9538428674275963,-0.06951819826872208,0.4002706184780205,0.1347501987153451,0.0006338729874640318,0.001219360426921549,0.004868527918345578,0.001219360426921549,0.000548712192114697,0.002194848768458788,0.001536003967867926,0.0006912017855405667,0.002764807142162267,0.21407246098625757,0.055017527517107014,0.7198971459297041,1.1159667785894687,0.0,1.1159667785894687,0.39606961035674304,0.3960696326597646,0.7185154141341921,1.1166924130188658,1.1157441982026646,0.0,0.00022258038680411651,1.0,-2.729784948120164,0.3890872930264758,0.0,1.0,-1.3096732763273704,0.17251836142552804,42
2108Q4,315,1.2091674167766782,-1.2440645706953548,-0.14763205014732445,1.1404491947122124,0.7049531374148413,0.0006912017855405667,0.0012513834536687994,0.004996145887402825,0.0012513834536687994,0.0005631225541509597,0.002252490216603839,0.0010008904228017308,0.00045040069026077887,0.0018016027610431155,0.2134741052193999,0.05566990042024914,0.7177704843314345,1.1173525976225633,5.2920057225236405e-11,1.117352598151764,0.39958211387324954,0.3995821138203295,0.7150411963875333,1.116024061904924,1.1169063705089273,0.0,0.00044622711363606626,1.0,-2.7685341179535996,0.39320301110509914,0.0,1.0,-1.233671138139993,0.899904277121408,42
2109Q1,316,-0.03858279516955909,-0.5915649890712519,-0.6362296845248668,0.7877016427160257,-0.5164711913495743,0.00045040069026077887,0.001610398974870367,0.006426052289143502,0.001610398974870367,0.0007246795386916652,0.0028987181547666606,0.0023388761533383,0.0010524942690022352,0.004209977076008941,0.20702445127667668,0.0621535152556162,0.68303205885783,1.1075605126131889,0.0,1.1075605126131889,0.42452843490295084,0.42452845375535886,0.6821284523240538,1.1095711963402968,1.1074182171224967,0.0,0.00014229549069222358,1.0,-3.483125895151865,0.4640600952461843,0.0,1.0,-0.7087522206853564,0.8331720823445381,42
2109Q2,317,1.325730844967368,-0.7122308246351252,0.11198596200417324,1.2249553444580057,0.6822967622527321,0.0010524942690022352,0.0014813283510181825,0.005912160399271338,0.0014813283510181825,0.0006665977579581821,0.0026663910318327285,0.0018507279871068877,0.0008328275941980994,0.0033313103767923977,0.20928948419899623,0.05998226720095793,0.6943716510939101,1.1108715186671778,0.0,1.1108715186671778,0.41649985912685245,0.41649986757326773,0.6928358154284249,1.111697106863146,1.1106262891386,0.0,0.0002452295285777506,1.0,-3.241837755457584,0.4401509479515603,0.0,1.0,-0.8510294886053411,0.988279262268051,42
2109Q3,318,0.3409486651571285,-0.4179079478459993,-0.630690820129856,0.2937841280862147,1.3150036652464454,0.0008328275941980994,0.0013754832599462566,0.005490591720420657,0.0013754832599462566,0.0006189674669758155,0.002475869867903262,0.001394517500836147,0.0006275328753762661,0.0025101315015050646,0.21119154247506516,0.0580738214134522,0.7047149026755097,1.113969785957521,0.0,1.113969785957521,0.409254874053759,0.4092548832820113,0.7025037981767658,1.1135934970975532,1.1136121958093705,0.0,0.0003575901481505106,1.0,-3.02841075763661,0.41901354288828474,0.0,1.0,-0.9966564186529401,0.7511234265848356,42
2109Q4,319,0.3395253098101127,-0.241558803780055,-0.028963139200964078,0.7545852618643767,0.10125011773943926,0.0006275328753762661,0.001777137142156019,0.007089621710452243,0.001777137142156019,0.0007997117139702085,0.003198846855880834,0.0019104745985484076,0.0008597135693467834,0.0034388542773871335,0.2041844864014817,0.06473579329208494,0.6720632985845361,1.1071288147896712,0.0,1.1071288147896712,0.4350655077636529,0.4350655162051351,0.669778221945395,1.1070806632039092,1.1067645670282322,0.0,0.00036424776143895166,1.0,-3.7201478218366404,0.48795506861431726,0.0,1.0,-0.5600992481345152,0.16904181236075386,42
2110Q1,320,0.0582445629914444,-0.579817102414016,0.045614943302178704,-0.588889473334739,0.20085541416430847,0.0008597135693467834,0.0023698396719850842,0.0094457150533801,0.0023698396719850842,0.001066427852393288,0.004265711409573152,0.001593667655831445,0.0007171504451241503,0.002868601780496601,0.19482903589804523,0.07234160230364321,0.6399641363140953,1.1029244692485565,0.0,1.1029244692485565,0.46296031037828794,0.46296033293446115,0.6356034688678696,1.0999097930707946,1.1022231496635917,0.0,0.0007013195849647769,1.0,-4.465046779327979,0.5625875274876737,0.0,1.0,-0.2138916791212098,0.6298460462703813,42
2110Q2,321,1.0867605025206557,-0.9462149168163979,-0.01984715584285794,0.43903511051847266,0.25343248929561846,0.0007171504451241503,0.0017929834432469406,0.007152668081144786,0.0017929834432469406,0.0008068425494611233,0.003227370197844493,0.0022072213157795836,0.0009932495921008127,0.003972998368403251,0.20391952792084514,0.06496936798362145,0.670409249098351,1.1059699167164474,0.0,1.1059699167164474,0.43556065204294103,0.4355606676180964,0.6686808972358615,1.1068571680475154,1.1056967204513735,0.0,0.00027319626507393835,1.0,-3.758194253493235,0.49162617575722267,0.0,1.0,-0.553464268616444,1.1908542041822088,42
2110Q3,322,0.39483691019459144,-0.5872542170124466,-0.4346093792065845,-0.17100791075311378,-0.434467988533214,0.0009932495921008127,0.002300799807577007,0.009171485842547233,0.002300799807577007,0.0010353599134096533,0.004141439653638613,0.0022581424089543603,0.0010161640840294622,0.004064656336117849,0.19586211761547945,0.07155972602676124,0.6419478526918331,1.1013239957349752,0.0,1.1013239957349752,0.45937612462095256,0.4593761430431421,0.6389761184488812,1.1006397086426978,1.100854942078209,0.0,0.00046905365676619404,1.0,-4.419750651919364,0.5577589011079069,0.0,1.0,-0.24826015156969752,0.9781165943281346,42
2110Q4,323,0.8623255747494634,-0.7754345047152404,-0.8560102410289112,0.1983742417764663,0.08710031603314766,0.0010161640840294622,0.0018396385558658102,0.00733827349524685,0.0018396385558658102,0.0008278373501396146,0.0033113494005584583,0.0017189307672971802,0.0007735188452837311,0.0030940753811349244,0.2031443345499781,0.06564593758413005,0.6683622700493749,1.1071149532546969,0.0,1.1071149532546969,0.4387526786324874,0.438752683205322,0.665520414254928,1.1062112974768432,1.1066595037713556,0.0,0.0004554494833413081,1.0,-3.8016808313942176,0.496194564294138,0.0,1.0,-0.5130319881071764,0.12029135596798778,42
2111Q1,324,0.7104741796353768,-0.13319596204830525,-0.3746278024238703,1.1233806236141557,0.057812412504396504,0.0007735188452837311,0.0016392782540719441,0.006541007230392748,0.0016392782540719441,0.0007376752143323749,0.0029507008573294996,0.0016343853741927628,0.0007354734183867433,0.002941893673546973,0.20652569148815317,0.06261784241677106,0.6823455182705511,1.1096155771610194,0.0,1.1096155771610194,0.42727004136855345,0.4272700588904683,0.6798775863103638,1.1091205283218952,1.109219115575259,0.0,0.00039646158576034374,1.0,-3.4946863176996468,0.46553315835157794,0.0,1.0,-0.6792590527286435,0.4953446265130654,42
2111Q2,325,0.8920106741929295,-0.7534989351546362,-0.030847014203693957,-0.47396465510829633,0.30752808421823935,0.0007354734183867433,0.001375799850952943,0.005491852865444291,0.001375799850952943,0.0006191099329288243,0.0024764397317152973,0.00098732639026315,0.00044429687561841757,0.0017771875024736703,0.21118579236836055,0.05807971579258452,0.7055967294486333,1.1154053063239644,0.0,1.1154053063239644,0.40980857510553775,0.4098085768753311,0.7024735603387532,1.113587596627516,1.11489449005628,0.0,0.0005108162676843442,1.0,-3.008844235576477,0.41724012668202926,0.0,1.0,-0.9958797057051858,0.7002912898028778,42
2111Q3,326,0.8206680726588029,-0.7799139038539832,-0.5051232276611873,1.456552446320186,0.1418402415464708,0.00044429687561841757,0.0011867524411083943,0.004738566159911417,0.0011867524411083943,0.0005340385984987775,0.00213615439399511,0.0013347124702775483,0.0006006206116248967,0.002402482446499587,0.21468574252946154,0.054338721233959164,0.7239067338304591,1.1172683982311908,0.0,1.1172683982311908,0.3933616620899919,0.3933616644007317,0.7221639145239764,1.1173920477730543,1.1169860723196798,0.0,0.0002823259115110055,1.0,-2.6519403906746555,0.3813934184558406,0.0,1.0,-1.4053161363851936,0.3878863361813011,42
2111Q4,327,1.1257653393427092,-1.2538156893263372,-0.7589889964075309,1.7750840291337644,0.6799518563136783,0.0006006206116248967,0.001234454282024721,0.004928681386158096,0.001234454282024721,0.0005555044269111245,0.002222017707644498,0.0013688651040915409,0.0006159892968411934,0.0024639571873647736,0.21378994681670455,0.0553267468908086,0.7186864452868087,1.1163122912273686,0.0,1.1163122912273686,0.39762583052238226,0.39762584594055994,0.7168647586853896,1.1163751339692107,1.1160174692728169,0.0,0.0002948219545517716,1.0,-2.7524335117333916,0.39142736187649796,0.0,1.0,-1.2811382202542259,2.0782522379449455,42
2112Q1,328,1.7960063092809293,-1.3968032591562893,0.2639814108489878,1.2925650888260416,0.6613204651103454,0.0006159892968411934,0.0011101406892824342,0.004433173754115116,0.0011101406892824342,0.0004995633101770954,0.001998253240708382,0.0013950470050415754,0.000627771152268709,0.002511084609074836,0.21614265279016964,0.05268289116921268,0.7325434997207491,1.1184686111840194,0.0,1.1184686111840194,0.385925094725024,0.38592511146327035,0.7312105844866491,1.1191174803346093,1.1182530490820144,0.0,0.00021556210200501802,1.0,-2.4893439436708262,0.3651066232148139,0.0,1.0,-1.7277853797136895,2.639048374180641,42
2112Q2,329,1.7180623607649717,-1.3571397107485925,0.031630591608227565,0.9274934542826783,0.9628553411399545,0.000627771152268709,0.0011430736021578187,0.004564460677603077,0.0011430736021578187,0.0005143831209710185,0.002057532483884074,0.0008718228613098912,0.00039232028758945104,0.0015692811503578042,0.21551360603429676,0.0534054910416981,0.7299386629002866,1.119765997905731,0.0,1.119765997905731,0.3898273272251035,0.3898273350054444,0.7272367166443565,1.1183611507161484,1.1193226712180566,0.0,0.00044332668767443906,1.0,-2.5357043358046503,0.36997811329287555,0.0,1.0,-1.5722216520594992,2.2889325845005892,42
2112Q3,330,1.168636643206388,-1.7001337684011952,-0.05039210820928733,1.3711413783114719,1.1538112403528689,0.00039232028758945104,0.0011799247140814486,0.0047113520912722695,0.0011799247140814486,0.0005309661213366519,0.0021238644853466076,0.001064425429665542,0.0004789914433494939,0.0019159657733979756,0.2148146694400312,0.05419467973013729,0.7253016352079495,1.1183765419438154,0.0,1.1183765419438154,0.3930748982783969,0.39307490673586587,0.7229425704301672,1.1175410726515502,1.1179915187795766,0.0,0.0003850231642388291,1.0,-2.6241570317821736,0.3787367117348679,0.0,1.0,-1.4363949152157094,2.0507237159111305,42
2112Q4,331,2.154158073548906,-0.5210191628442712,-0.04061575136145968,0.3995784559380534,0.7554961972741492,0.0004789914433494939,0.0011889794664503759,0.004747442554081882,0.0011889794664503759,0.0005350407599026692,0.0021401630396106768,0.0010683624227831175,0.00048076309025240293,0.0019230523610096117,0.21464372845483765,0.054385559205930904,0.724289578289983,1.1181985321937542,0.0,1.1181985321937542,0.3939089374232859,0.39390895390377123,0.7219110564077867,1.11734363226954,1.1178103755728483,0.0,0.0003881566209058551,1.0,-2.6434398605208553,0.3806632229618331,0.0,1.0,-1.4106534108234594,2.6053506756034035,42
2113Q1,332,1.756096665912407,-1.5016271910616563,-0.5391977978491356,2.116673974839359,-0.14048963442087942,0.00048076309025240293,0.0011622499808034842,0.004640901251267371,0.0011622499808034842,0.0005230124913615679,0.0020920499654462714,0.0010612828518257796,0.00047757728332160085,0.0019103091332864034,0.2151492470312201,0.05381866504379145,0.7272925927307758,1.1187117713726074,0.0,1.1187117713726074,0.39141916437008256,0.3914191786418315,0.7249826193283826,1.117931042661098,1.118334727749226,0.0,0.0003770436233814234,1.0,-2.5864000055445198,0.3749624232711304,0.0,1.0,-1.501170134241806,2.787518606948195,42
2113Q2,333,1.1376375696589744,-1.7787676134428487,-0.3489986806925461,2.2665196212484022,0.9158203839754724,0.00047757728332160085,0.0011232468260773166,0.004485422870851408,0.0011232468260773166,0.0005054610717347925,0.00202184428693917,0.0014568095598095933,0.000655564301914317,0.002622257207657268,0.21589181215342795,0.05297246506888379,0.7308444005709922,1.1179907043032435,0.0,1.1179907043032435,0.387146294800362,0.38714630373225134,0.7296132313404469,1.1188137535832217,1.1177919389784836,0.0,0.0001987653247599308,1.0,-2.521358580098954,0.3682802937079811,0.0,1.0,-1.6585071672242842,2.057791135855778,42
2113Q3,334,2.5296150736048677,-1.4614401222923485,0.003874472807126425,1.0544537425781177,1.474496396208432,0.000655564301914317,0.0010723991986523037,0.004282701486247098,0.0010723991986523037,0.00048257963939353667,0.0019303185575741467,0.0009049690892426082,0.0004072360901591737,0.0016289443606366948,0.2168687208431371,0.05183375839690951,0.7383288796339768,1.1210325101165706,0.0,1.1210325101165706,0.38270360764408434,0.3827036304825938,0.7359326464877725,1.1200131263077393,1.120639701274184,0.0,0.00039280884238657165,1.0,-2.380171809608462,0.354409944870687,0.0,1.0,-1.9703399848629541,1.8848484327741544,42
2113Q4,335,0.49700841252569183,-0.6255452508890731,0.14842550134815255,0.7024441932345707,1.3876849567996046,0.0004072360901591737,0.001221415209772471,0.004876716994874464,0.001221415209772471,0.000549636844397612,0.002198547377590448,0.0010849612620114622,0.00048823256790515797,0.0019529302716206319,0.21403395054180616,0.05505980594835283,0.7207309013034812,1.117563948431865,0.0,1.117563948431865,0.3968330356675111,0.39683304712838374,0.7182893059041037,1.1166489804263604,1.1171656810686856,0.0,0.00039826736317927214,1.0,-2.71168617730485,0.3874803851625799,0.0,1.0,-1.3108152775340354,1.3683620343513265,42
2114Q1,336,1.2593612814065858,-0.827303602338908,-0.2614322165288136,1.0112032127069706,1.0602838502803396,0.00048823256790515797,0.001220191724285068,0.004871840954676521,0.001220191724285068,0.0005490862759282806,0.0021963451037131224,0.0008025849904795565,0.0003611632457158004,0.0014446529828632017,0.2140568790028357,0.05503463897077584,0.7215225647856228,1.118609916570433,0.0,1.118609916570433,0.3970873386224497,0.39708735178481025,0.7184238823704467,1.1166748324382842,1.1181005292266684,0.0,0.0005093873437647112,1.0,-2.695191854106323,0.3859580221649165,0.0,1.0,-1.3077564905691421,0.22741680679120493,42
2114Q2,337,0.6638612999734366,-1.0734439134619496,-0.4694975938472137,0.0012672067409403853,0.9616336429803964,0.0003611632457158004,0.0012142503863998605,0.004848162280602919,0.0012142503863998605,0.0005464126738799372,0.002185650695519749,0.001048590252623467,0.0004718656136805601,0.0018874624547222405,0.21416830205769,0.05491213287568553,0.7215840211234091,1.1178212086792378,0.0,1.1178212086792378,0.3962371764890012,0.3962371875558287,0.7190796445532429,1.1168007572651633,1.1174122907073216,0.0,0.0004089179719162228,1.0,-2.695118505073416,0.385839984893661,0.0,1.0,-1.3171559161829698,-0.9756927464366452,42
2114Q3,338,1.8945849914945652,-0.8690860505406908,0.509746327914621,0.3032332719166249,0.24146683801495927,0.0004718656136805601,0.001136114955617193,0.0045367211434425014,0.001136114955617193,0.0005112517300277368,0.0020450069201109473,0.0013503443962097972,0.0006076549782944088,0.0024306199131776353,0.2156461730936263,0.053254194343610034,0.7295976210869491,1.118138964076555,0.0,1.118138964076555,0.38854133505999944,0.38854134298960596,0.7280654028187669,1.118519072981783,1.1178908620080854,0.0,0.0002481020684697022,1.0,-2.544261481973388,0.3706184932190444,0.0,1.0,-1.5856501565415242,-0.556081453023222,42
2114Q4,339,1.4171485848500673,-0.9652831809942725,-0.021567387190886744,1.2760880264977879,0.8490074350822099,0.0006076549782944088,0.001380777349003665,0.005511680645917227,0.001380777349003665,0.0006213498070516493,0.0024853992282065974,0.001445556602219263,0.0006505004709986684,0.0026020018839946735,0.2110954365709674,0.05817223623281271,0.7041126033339148,1.1137106615590495,0.0,1.1137106615590495,0.4095980469564124,0.40959805822513473,0.701999187142475,1.1134950169376703,1.1133693554211672,0.0,0.00034130613788230235,1.0,-3.0407786750911248,0.4202273670381138,0.0,1.0,-0.9932463269578453,1.6347847112311156,42
2115Q1,340,0.742106855032276,-1.4786442816340832,-0.4179042600471706,1.125260031503581,0.49409339494783655,0.0006505004709986684,0.0012915988451427933,0.005156394631050554,0.0012915988451427933,0.000581219480314257,0.002324877921257028,0.0007720380205019802,0.00034741710922589107,0.0013896684369035643,0.2127281423044922,0.056469952957432214,0.714197092195959,1.1175038685970384,0.0,1.1175038685970384,0.4033067619864068,0.4033067764010795,0.7108228937564046,1.1152096440572228,1.1169487258018715,0.0,0.0005551427951668853,1.0,-2.8372111777580686,0.400173700666581,0.0,1.0,-1.1540390830942273,2.2797743398118744,42
2115Q2,341,1.4888032525475592,-0.5070282485594753,-0.06583401108925524,1.2340224695350932,-0.399483306836543,0.00034741710922589107,0.001381817710225438,0.0055158248700324375,0.001381817710225438,0.0006218179696014471,0.0024872718784057883,0.001816788146183957,0.0008175546657827806,0.0032702186631311226,0.21107656253124008,0.05819153816542235,0.703189907383996,1.1123869425433799,0.0,1.1123869425433799,0.40919702333075614,0.4091970351593839,0.7019002936482591,1.1134757112440143,1.1121808307330432,0.0,0.00020611181033669546,1.0,-3.0610848297783404,0.4220909283120513,0.0,1.0,-0.9915039966397835,1.6108735680759922,42
2115Q3,342,-0.10476813643030058,-0.699227941517411,-1.353634742890486,1.435965226232567,-0.2689848265017287,0.0008175546657827806,0.0015573191557737725,0.006214740267004748,0.0015573191557737725,0.0007007936200981976,0.0028031744803927905,0.002120707677435861,0.0009543184548461375,0.00381727381938455,0.20794879142123684,0.061280104024068124,0.6875951143909469,1.1089541321464258,0.0,1.1089541321464258,0.4213590013631825,0.4213590177554789,0.6863991867385477,1.1104225872048354,1.1087646292591162,0.0,0.00018950288730956721,1.0,-3.384985432439888,0.4543442247891426,0.0,1.0,-0.7653903140547296,1.264063881626094,42
2115Q4,343,1.0149487256283303,-0.2834713863037052,-0.265671314208331,0.0557069411762246,-0.15065742817283323,0.0009543184548461375,0.0016470606276380957,0.006571983523568026,0.0016470606276380957,0.0007411772824371431,0.0029647091297485724,0.0015017961304694624,0.0006758082587112581,0.0027032330348450324,0.20639178295533453,0.06274169562001783,0.682046791702103,1.1099745324593553,0.0,1.1099745324593553,0.4279277220358305,0.42792774075725226,0.6792794604886194,1.1090005396228375,1.1095283226683768,0.0,0.00044620979097853564,1.0,-3.500508470460022,0.46617503878729094,0.0,1.0,-0.6729246763017629,0.6623155020813585,42
2116Q1,344,0.8152615252540825,-0.334038427161109,-0.5924895514200824,0.5284566759860474,1.009862103755197,0.0006758082587112581,0.0012819490353170606,0.005117944205578651,0.0012819490353170606,0.0005768770658926773,0.0023075082635707093,0.0008428831769441775,0.0003792974296248799,0.0015171897184995196,0.2129065856062936,0.05627988251849979,0.7150048986022663,1.1174088277630903,0.0,1.1174088277630903,0.40240391693487404,0.4024039291608239,0.7118208556414619,1.1154026158204764,1.1168859855387836,0.0,0.0005228422243066522,1.0,-2.8217109691087163,0.3985917994812468,0.0,1.0,-1.1578782225495663,-0.6137969086199568,42
2116Q2,345,0.166039856560314,-0.3867127922081405,-1.1810024169794566,-0.33709914791870377,0.12604952131175357,0.0003792974296248799,0.0014832740228413975,0.005919908528979834,0.0014832740228413975,0.0006674733102786289,0.0026698932411145155,0.001408504405674306,0.0006338269825534378,0.002535307930213751,0.209254899573324,0.06001622354778437,0.6951683234817654,1.1123821139365448,0.0,1.1123821139365448,0.4172137750542011,0.41721379045477947,0.6926660063099994,1.1116636106735591,1.1119775850131117,0.0,0.00040452892343312286,1.0,-3.223343322859315,0.43850050530337803,0.0,1.0,-0.8396624599011365,-0.650447334602937,42
2116Q3,346,1.1820631883539678,-0.8162794244606616,-1.1687562248450405,0.8876225967075204,0.729477881810436,0.0006338269825534378,0.0013618618454620632,0.0054363294754963265,0.0013618618454620632,0.0006128378304579284,0.0024513513218317137,0.0017765286922401759,0.0007994379115080791,0.0031977516460323166,0.21143929129891684,0.0578191115848014,0.7051263579720933,1.1128241807096466,0.0,1.1128241807096466,0.4076977957297308,0.4076978227375533,0.703812914308312,1.1138487368309158,1.112614022340726,0.0,0.00021015836892068762,1.0,-3.021849328746028,0.41818549496309476,0.0,1.0,-1.011743111156705,-0.47073032207100385,42
2116Q4,347,0.8366497496913996,-0.819835359904065,-0.03023436052988726,0.20223873732542744,0.5503815798874783,0.0007994379115080791,0.0016702779331136605,0.006664391393583657,0.0016702779331136605,0.0007516250699011473,0.003006500279604589,0.0009190904268805519,0.00041359069209624834,0.0016543627683849934,0.20599353965170847,0.06310803695391357,0.6815627600968975,1.1116836635597238,0.0,1.1116836635597238,0.43012087850606334,0.4301209034628263,0.6775158428857283,1.1086461612513907,1.1110205191411495,0.0,0.0006631444185742907,1.0,-3.5082986715219424,0.467216276460098,0.0,1.0,-0.6470338687637727,-0.21108576120557,42
2117Q1,348,0.8814829364467051,-0.24155200331232712,-0.39901268162308534,0.702729079190609,0.5564370264219857,0.00041359069209624834,0.0014798486358917461,0.0059062677900502125,0.0014798486358917461,0.0006659318861512857,0.002663727544605143,0.0017372904344229317,0.0007817806954903192,0.003127122781961277,0.20931579547675486,0.059956416617846946,0.6947426079509146,1.1112853945434473,0.0,1.1112853945434473,0.4165427724447454,0.41654278659253274,0.6929651419286748,1.1117226126824822,1.1110006761379418,0.0,0.00028471840550547967,1.0,-3.2336375382886287,0.43938197313337257,0.0,1.0,-0.8515157060404844,0.7435256443215865,42
2117Q2,349,0.4274800730491227,0.35169581021974927,-0.23663597722415486,1.035635880827068,0.031502965031976596,0.0007817806954903192,0.0024105465860836906,0.009607377929696015,0.0024105465860836906,0.0010847459637376609,0.0043389838549506435,0.0019254522598563073,0.0008664535169353383,0.003465814067741353,0.19422662002635885,0.07279176151425643,0.6375184025593466,1.1015792910098847,0.0,1.1015792910098847,0.4640608752004968,0.46406088845053817,0.6336753524305453,1.0994899188171356,1.1009669568312448,0.0,0.0006123341786399283,1.0,-4.52648603828853,0.5685821503119176,0.0,1.0,-0.1970283449156968,0.9278703904134303,42
2117Q3,350,0.268972813011056,0.6710890254232962,0.6465616408164478,-0.44779555833041085,-0.5975288404447673,0.0008664535169353383,0.0035695726426356105,0.01420202124690162,0.0035695726426356105,0.0016063076891860248,0.006425230756744099,0.002528872732317607,0.001137992729542923,0.004551970918171692,0.17899134159072813,0.08305865648551534,0.5973835221221397,1.0935622506672822,0.0,1.0935622506672822,0.49617872754050063,0.49617872854514244,0.5921656450990214,1.0898686118550127,1.0927450263885579,0.0,0.0008172242787243267,1.0,-5.583044848801256,0.6739664921505827,0.0,1.0,0.19481136196262974,1.6091250215792354,42
2117Q4,351,-0.40902935710681143,0.8459732974992992,0.9292382889730696,0.27764500463997777,-0.26489916713211153,0.001137992729542923,0.005535120166054084,0.021957332724240164,0.005535120166054084,0.002490804074724338,0.009963216298897352,0.005324955635521235,0.0023962300359845557,0.009584920143938223,0.16002983722096015,0.09430306151422892,0.5558665520419505,1.0800657394630266,0.0,1.0800657394630266,0.5241991765091438,0.5241991874210762,0.5512370038881375,1.0787663977185369,1.0793989099965782,0.0,0.0006668294664484709,1.0,-6.845891455381192,0.7989929155021347,0.0,1.0,0.6264594601539387,1.6639187720534723,42
2118Q1,352,-0.16814476953544738,0.5666958847370466,1.3775980590388812,-0.572019223059933,-1.1504005026190192,0.0023962300359845557,0.006700066853666352,0.026532123112424255,0.006700066853666352,0.0030150300841498587,0.012060120336599435,0.005870081289034854,0.0026415365800656846,0.010566146320262738,0.1518451657007139,0.09932877553428912,0.5400433696226241,1.0764618429397999,0.0,1.0764618429397999,0.5364184664002676,0.5364184733171757,0.5342330309390241,1.0735308042203278,1.075639188262708,0.0,0.0008226546770917498,1.0,-7.375446577236136,0.851703121143548,0.0,1.0,0.8346130331628296,1.636403486045882,42
2118Q2,353,-0.8847258962938909,0.6475831402901808,0.31481142370223086,0.48855012444851253,-0.6334436735465191,0.0026415365800656846,0.004364471090004573,0.01734392489818981,0.004364471090004573,0.001964011990502058,0.007856047962008231,0.0031200773041694585,0.0014040347868762564,0.005616139147505026,0.17041534020294805,0.0882163595418379,0.5786354030802572,1.0890865053690548,0.0,1.0890865053690548,0.5104510876176427,0.5104511022887976,0.5728719410517463,1.0848838625645116,1.0881991647600735,0.0,0.000887340608981324,1.0,-6.128079780740179,0.7282039432871417,0.0,1.0,0.38848899559113975,1.747310816038977,42
2118Q3,354,-1.3018388865894681,0.47759121282373523,0.07832148048161897,-0.6937174699911792,-0.524587512268925,0.0014040347868762564,0.00255651363834215,0.010186906773812954,0.00255651363834215,0.0011504311372539675,0.00460172454901587,0.0033403829551860065,0.001503172329833703,0.006012689319334812,0.19210665944914362,0.0743438201935848,0.6287449847075343,1.096178036795525,0.0,1.096178036795525,0.4674330409071516,0.4674330520879907,0.6271024236034306,1.0980435616174187,1.095926777054053,0.0,0.00025125974147188757,1.0,-4.751730975640188,0.5904699252341852,0.0,1.0,-0.1334751012329954,0.7441243427118837,42
2118Q4,355,0.0829914856851107,0.19729559400447932,1.4153243618726643,-0.13597550849048934,0.13146606585186005,0.001503172329833703,0.00431511598412963,0.017149063627805217,0.00431511598412963,0.0019418021928583335,0.007767208771433334,0.0035740742798905114,0.0016083334259507302,0.006433333703802921,0.17090894075096127,0.08792578962096495,0.5789244072669274,1.0879482656677826,0.0,1.0879482656677826,0.5090238563979369,0.5090238584008552,0.5739344865623992,1.0851691874589642,1.0871902135520413,0.0,0.0007580521157413145,1.0,-6.1214956389510755,0.7273412304691569,0.0,1.0,0.380454152627854,1.179447441306798,42
2119Q1,356,-0.4695819933612969,1.1835853485778633,1.2106506185947166,-0.5240064052436106,-1.21513841194096,0.0016083334259507302,0.007280235541294045,0.028804471841974655,0.007280235541294045,0.0032761059935823202,0.013104423974329281,0.005741955545725471,0.002583879995576462,0.010335519982305847,0.14842497473151406,0.1015987846508435,0.5336672889844385,1.0758667822263814,0.0,1.0758667822263814,0.5421994796872943,0.5421994932419429,0.5268038682489591,1.0711309682780474,1.0748910700982173,0.0,0.0009757121281641634,1.0,-7.596105264597762,0.8738266464641997,0.0,1.0,0.9384904176063612,0.6981371542681423,42
2119Q2,357,-0.6181449052871869,1.276898199686661,0.3015913651657979,0.45881313601056606,0.1940515411180031,0.002583879995576462,0.004690057504771668,0.018628662360861026,0.004690057504771668,0.002110525877147251,0.008442103508589004,0.003534005012391446,0.0015903022555761508,0.006361209022304603,0.16727864079713117,0.09005382740842466,0.5719379801030273,1.0869900380592334,0.0,1.0869900380592334,0.5150520414852103,0.5150520579562061,0.5662169159243291,1.0830656344877583,1.086119881489889,0.0,0.0008701565693445268,1.0,-6.332315988955843,0.7484412966400081,0.0,1.0,0.4663221435634143,0.3598485703625898,42
2119Q3,358,-0.8292477148089106,0.7689534894191432,0.8261467696567211,0.034472639969064384,0.10714310803110072,0.0015903022555761508,0.004822785040887844,0.019152032786813655,0.004822785040887844,0.0021702532683995296,0.008681013073598118,0.005134999321042244,0.00231074969446901,0.00924299877787604,0.16605747639792473,0.09076682998594965,0.5672871083671576,1.0821956490823263,0.0,1.0821956490823263,0.5149085251838278,0.5149085407151688,0.5636638691913527,1.082353468763257,1.081670668888976,0.0,0.000524980193350455,1.0,-6.482865464986556,0.7627757968041866,0.0,1.0,0.4940260940069792,0.3381982826891619,42
2119Q4,359,-0.13412595383339287,1.0852472488240195,1.1842712851864492,-1.065958903608087,-0.2189362745594361,0.00231074969446901,0.007102843701736763,0.028110103294698652,0.007102843701736763,0.0031962796657815434,0.012785118663126174,0.0064140229788499465,0.002886310340482476,0.011545241361929904,0.14942917643656842,0.10091732941601546,0.5347489407409912,1.0744033080722588,0.0,1.0744033080722588,0.5396543500762394,0.5396543673312676,0.5290176072189924,1.0718527253824974,1.073605868112656,0.0,0.000797439959602908,1.0,-7.561227079054618,0.8700363975649794,0.0,1.0,0.9120732618917412,0.0021078569405238593,42
2120Q1,360,-1.1460242378528578,0.9294091583346873,1.7800090630394283,-1.0383825792649723,-0.45581393489630967,0.002886310340482476,0.007673735589829951,0.030343429093381835,0.007673735589829951,0.0034531810154234776,0.01381272406169391,0.008363656762453972,0.0037636455431042876,0.01505458217241715,0.146319767902205,0.10307626737627869,0.5262052425940715,1.0685979805953312,0.0,1.0685979805953312,0.5423927228042611,0.5423927380012596,0.5220529872328175,1.0695639685520566,1.0680566778684826,0.0,0.0005413027268486026,1.0,-7.8736277473693415,0.9003991291938298,0.0,1.0,1.012418580962015,-0.7057409549692523,42
2120Q2,361,-1.2645854522327498,1.3004975916497177,1.0327580715546332,-0.16594991421555672,-0.5207355820409884,0.0037636455431042876,0.008459083312931567,0.03340941278420562,0.008459083312931567,0.0038065874908192053,0.015226349963276821,0.009244526216277518,0.004160036797324883,0.016640147189299532,0.14257901880403778,0.10590942098867134,0.5174123260090868,1.065400727613654,0.0,1.065400727613654,0.5479883986002404,0.5479884016045671,0.5131305633027976,1.0665599173668034,1.0648595143831532,0.0,0.0005412132305007145,1.0,-8.200546146572872,0.9326945778599622,0.0,1.0,1.145065684582276,-0.5161215679262745,42
2120Q3,362,-1.169593833535689,1.9365307076982798,0.8102718702484389,-0.7174821334689054,-0.6894360020103295,0.004160036797324883,0.006522001164973277,0.025833893547753006,0.006522001164973277,0.0029349005242379745,0.011739602096951898,0.007621552171496225,0.0034296984771733014,0.013718793908693206,0.15297656195692594,0.09860590473100511,0.5398530131926386,1.0721799756439212,0.0,1.0721799756439212,0.5323269478761936,0.5323269624512826,0.5366316842767982,1.074291641210875,1.0717492742548314,0.0,0.00043070138908984923,1.0,-7.389857305589574,0.8523560320817841,0.0,1.0,0.8153777847700978,-0.5474978327219244,42
2120Q4,363,-0.30320298537320706,0.3149365839379559,0.9743777245189169,-0.4154442751095781,-1.2959485989458792,0.0034296984771733014,0.005962943395373293,0.023639280243809235,0.005962943395373293,0.002683324527917982,0.010733298111671927,0.005176933884645357,0.0023296202480904108,0.009318480992361643,0.15680109979976842,0.09623780204307752,0.5501535835796088,1.0796093127627087,0.0,1.0796093127627087,0.5294557166982409,0.5294557291830999,0.5446004207724965,1.0767674067268325,1.0788057490162777,0.0,0.0008035637464309797,1.0,-7.032038431597698,0.8176742229116793,0.0,1.0,0.7169530257057395,-0.5959680476332093,42
2121Q1,364,-2.1635558633093006,0.9273932544589198,1.641228827903468,-1.0645074561671115,-0.4150701727788293,0.0023296202480904108,0.009691806002204574,0.03820727001239377,0.009691806002204574,0.004361312700992059,0.017445250803968235,0.00922900483509049,0.0041530521757907205,0.016612208703162882,0.13776318828781398,0.110132143576002,0.5063670669760839,1.0640399787594441,0.0,1.0640399787594441,0.557672905223691,0.5576729117833602,0.5002903900231104,1.0621175714160604,1.063271464595756,0.0,0.000768514163688172,1.0,-8.62205009693718,0.9748519575179273,0.0,1.0,1.3659805744337747,-0.5075722948636302,42
2121Q2,365,-1.3427031475048818,1.0577812398741608,0.8681992909758053,-0.648257684158537,-0.025228474819899316,0.0041530521757907205,0.00883351215533328,0.0348686140594372,0.00883351215533328,0.0039750804698999755,0.015900321879599902,0.007112491550491808,0.0032006211977213136,0.012802484790885254,0.14099031287880262,0.1072167082598511,0.516482692534795,1.070238437806015,0.0,1.070238437806015,0.5537557416676548,0.5537557452712201,0.5090969171478489,1.0651782956746183,1.0692340182336588,0.0,0.0010044195723561966,1.0,-8.225739157734454,0.9361732945757242,0.0,1.0,1.2173492042546485,-1.8935727575057255,42
2121Q3,366,-1.2250620873723457,0.20888677824314833,1.1264998182836834,-0.28251858477335134,-0.17818994953482598,0.0032006211977213136,0.006569769642481489,0.026021239722302747,0.006569769642481489,0.00295639633911667,0.01182558535646668,0.009981365916396194,0.004491614662378287,0.01796645864951315,0.15266910260185723,0.09880117019703784,0.5362137679654893,1.0659992567945733,0.0,1.0659992567945733,0.5297854775075327,0.529785488829084,0.5359821834263646,1.0740863215477603,1.0659707524771154,0.0,2.850431745793358e-05,1.0,-7.526194632565396,0.8649278485941613,0.0,1.0,0.8292191509560728,-1.600379311145177,42
2121Q4,367,-0.524204884901334,0.16068192771266554,-0.49051176244725736,0.7939031503521634,-0.41587039630832834,0.004491614662378287,0.005034256160394356,0.019985471936159516,0.005034256160394356,0.00226541527217746,0.00906166108870984,0.0058862472807988085,0.002648811276359464,0.010595245105437856,0.16417761204638656,0.09186463178391432,0.5627036238777413,1.0796292517697035,0.0,1.0796292517697035,0.5169256121100293,0.5169256278919622,0.559764423159751,1.0812496123328694,1.079213319929134,0.0,0.0004159318405694279,1.0,-6.629832418790973,0.7771344306027379,0.0,1.0,0.5396101368962876,-0.1855342151271429,42
2122Q1,368,0.05223534699535448,0.12432520052201479,0.5533966566207198,-0.3667865902647208,-1.2886355710517747,0.002648811276359464,0.004682169402296696,0.01859755145008457,0.004682169402296696,0.002106976231033513,0.008427904924134052,0.004280828019161864,0.001926372608622839,0.007705490434491356,0.1673522421061575,0.09001083331959692,0.5709808935171836,1.084925570577702,0.0,1.084925570577702,0.5139446603504972,0.5139446770605183,0.5663713782426019,1.0831084583963237,1.084239968451212,0.0,0.000685602126489826,1.0,-6.3649843189082045,0.7513720592821975,0.0,1.0,0.46227862710147294,0.807842846062565,42
2122Q2,369,-0.5022755089514926,0.5137786769118562,0.6405009114994116,-0.4111275770072965,0.0741479952683799,0.001926372608622839,0.0047381312470735105,0.018818250640067702,0.0047381312470735105,0.0021321590611830797,0.008528636244732319,0.003228758821176043,0.0014529414695292195,0.005811765878116878,0.1668325845058374,0.09031432708350387,0.5715354658883613,1.0877138824722856,0.0,1.0877138824722856,0.5161784100606424,0.5161784165839243,0.5652822665881508,1.0828058751803762,1.0867542003156554,0.0,0.000959682156630226,1.0,-6.3432562699986,0.7496726855303308,0.0,1.0,0.4748722807414948,0.6438542886850369,42
2122Q3,370,-0.39344328272563933,-0.36324934343158416,-0.13236837791349315,-0.01923432477962113,-0.7554676308597681,0.0014529414695292195,0.004521670399121271,0.017964377950583366,0.004521670399121271,0.002034751679604572,0.008139006718418287,0.0051163007410424425,0.002302335333469099,0.009209341333876396,0.16887533366819057,0.08912008530957709,0.5726641416143071,1.0830229269167098,0.0,1.0830229269167098,0.5103587715440279,0.5103587853024026,0.5695850343794164,1.0839926411972411,1.0825765282750726,0.0,0.00044639864163720233,1.0,-6.317265417639309,0.7462242064304618,0.0,1.0,0.42968935402777014,0.4965744868489629,42
2122Q4,371,-1.894989999609403,0.5711049493244194,1.0948257937346015,-1.0631727933249049,-0.39631690966977984,0.002302335333469099,0.008013797694252978,0.03167191954669013,0.008013797694252978,0.00360620896241384,0.01442483584965536,0.010740088664528925,0.004833039899038017,0.019332159596152067,0.14462828958754267,0.10431998894639963,0.5198774350050188,1.0622135252209552,0.0,1.0622135252209552,0.5423360827320616,0.5423360902159364,0.5181057187376312,1.0682443330370297,1.0620015046421347,0.0,0.0002120205788205265,1.0,-8.115633283534144,0.9235302884543763,0.0,1.0,1.0731277077890478,-1.3018639858980943,42
2123Q1,372,-0.6680589955892156,-0.34329784454718404,-0.13517206272552626,-1.2751178024156864,-0.25314261150677075,0.004833039899038017,0.00380255880788657,0.015123698233234895,0.00380255880788657,0.0017111514635489565,0.006844605854195826,0.0041970374833000205,0.0018886668674850092,0.007554667469940037,0.17633448281914152,0.08468677283213166,0.5890133463916407,1.087829742275432,0.0,1.087829742275432,0.49881639460962557,0.49881639588379123,0.5859736160245165,1.0883120887315565,1.0873764779540598,0.0,0.0004532643213721599,1.0,-5.828430638636519,0.6977543969961668,0.0,1.0,0.27174029772090025,-1.3600913255303753,42
2123Q2,373,-0.7722775029097753,0.03857521123519245,-0.19384649091041506,0.18742173273838142,-0.4352963588477327,0.0018886668674850092,0.0038372608780875574,0.015260921877339961,0.0038372608780875574,0.001726767395139401,0.006907069580557604,0.0037984658513980293,0.0017093096331291132,0.006837238532516453,0.1759492846366638,0.08492015871968517,0.5888259600447865,1.0888579024301137,0.0,1.0888579024301137,0.5000319398527427,0.5000319423853272,0.5850938927557917,1.0880877886663318,1.0882947077112481,0.0,0.0005631947188655673,1.0,-5.8320399316127185,0.6982946835281427,0.0,1.0,0.27594734193434767,-0.5077749086920742,42
2123Q3,374,-0.3567007866811669,0.5321198572007138,0.1001628746035309,0.15840279000866098,0.38153151672941066,0.0017093096331291132,0.00460675173031289,0.0183000645627599,0.00460675173031289,0.0020730382786408007,0.008292153114563203,0.003792158436104352,0.0017064712962469586,0.006825885184987834,0.1680618399803961,0.08959611942138052,0.5730573930744901,1.086494582112677,0.0,1.086494582112677,0.5134371862520701,0.5134371890381869,0.5678644011485905,1.083520835080787,1.0857107763857579,0.0,0.0007838057269191623,1.0,-6.299323784725217,0.7450259071762747,0.0,1.0,0.4540639937810305,-0.6490639604439299,42
2123Q4,375,-0.7297355619916353,0.9614395179715028,1.6234384772096675,-1.0829479865373648,-0.7255905838421131,0.0017064712962469586,0.006634881164982204,0.026276561147197453,0.006634881164982204,0.0029856965242419918,0.011942786096967967,0.0052344764037334105,0.0023555143816800348,0.009422057526720139,0.152254697302372,0.0990657239383932,0.541649485187245,1.0782384819895756,0.0,1.0782384819895756,0.5365889837093242,0.5365889968023306,0.5351040654070465,1.0738079037810007,1.0772930297707664,0.0,0.0009454522188092618,1.0,-7.317678975824124,0.8462123832007323,0.0,1.0,0.8305804323690278,0.27257514367054886,42
2124Q1,376,-0.7582568420413531,0.9174302299546887,1.2155141944694203,-0.4532021602517179,-0.539735904130186,0.0023555143816800348,0.006891293731625548,0.027281542163643868,0.006891293731625548,0.0031010821792314966,0.012404328716925987,0.005895377651346723,0.0026529199431060257,0.010611679772424103,0.1506739768218529,0.10009056131863137,0.5377978149485503,1.0760826874249978,0.0,1.0760826874249978,0.5382848517413383,0.5382848724764475,0.5317224163920103,1.0727269988820942,1.0752231959274288,0.0,0.0008594914975690315,1.0,-7.452877325604798,0.8594348126173739,0.0,1.0,0.8712178355062226,0.9147375560765828,42
2124Q2,377,-0.6411495578050865,1.1004173205566061,0.019676637933861096,0.17582635045514167,-0.35849591754721477,0.0026529199431060257,0.007296858169283751,0.028869519067067362,0.007296858169283751,0.003283586176177688,0.013134344704710752,0.0072630663730785016,0.0032683798678853257,0.013073519471541303,0.14833267661979416,0.1016621222579127,0.5315459132776246,1.0719267738125078,0.0,1.0719267738125078,0.5403808562132373,0.5403808605348832,0.5265988330403832,1.0710638432502582,1.0712573537071735,0.0,0.0006694201053343285,1.0,-7.677734011258656,0.8813050212579803,0.0,1.0,0.9434609799999346,0.2890558359188278,42
2124Q3,378,-1.2977577953612087,0.9686309096735779,1.4715248106721441,-1.6078631133508656,-1.368486163627718,0.0032683798678853257,0.008648698259672166,0.0341485752440126,0.008648698259672166,0.0038919142168524746,0.015567656867409898,0.005817061890565815,0.0026176778507546166,0.010470711403018466,0.1417597727961845,0.10657450289447203,0.5197716436066344,1.073715688635608,3.011124682927857e-11,1.0737156889367205,0.5539440453601974,0.5539440453300861,0.5110718691352893,1.0658564708119111,1.0724818588949365,0.0,0.0012338297406715437,1.0,-8.097394853030213,0.9239218074522666,0.0,1.0,1.1735342388945906,0.30807918219340547,42
2124Q4,379,-1.216371691646,1.1154121955867624,1.40587093231718,-0.17080914978640754,-1.1137239903190514,0.0026176778507546166,0.008413586649220685,0.03323199328276072,0.008413586649220685,0.0037861139921493083,0.015144455968597233,0.009300514853082238,0.004185231683887007,0.01674092673554803,0.1427802077687844,0.10574885312682233,0.5177749904325618,1.0653161154418438,0.0,1.0653161154418438,0.5475411141599482,0.547541125009282,0.5136296314975607,1.066729893760411,1.0647931880163222,0.0,0.0005229274255216243,1.0,-8.187260797909804,0.9313408481070935,0.0,1.0,1.1276439456505527,1.3121007794855946,42
2125Q1,380,-1.2939210825225909,-0.1688270740059648,-0.1283495462661099,0.004127438584240736,-0.04782247837533983,0.004185231683887007,0.003387625221939754,0.01348180023380574,0.003387625221939754,0.0015244313498728893,0.006097725399491557,0.0032833333776626224,0.0014775000199481801,0.0059100000797927205,0.18115439494474517,0.08170610913957843,0.6010207346573184,1.0920914019479748,0.0,1.0920914019479748,0.4910706574106046,0.4910706672906564,0.5973847934250864,1.0911518823835737,1.0915342848533915,0.0,0.0005571170945832815,1.0,-5.485135916152144,0.6638360915952661,0.0,1.0,0.1529166085435239,-0.034960519354757164,42
2125Q2,381,0.15803934696424785,-0.2310064595004428,-0.29449370185422935,-0.23474976603590741,0.0406492664060433,0.0014775000199481801,0.0021973184523837713,0.008760346972381927,0.0021973184523837713,0.0009887933035726971,0.0039551732142907884,0.0018350164563021366,0.0008257574053359615,0.003303029621343846,0.1974377504931849,0.07034204770111643,0.6478034683599623,1.1034816975724682,0.0,1.1034816975724682,0.4556782247232513,0.4556782292125059,0.6442898377346179,1.101778612794372,1.102920421692495,0.0,0.0005612758799731221,1.0,-4.2770380846985985,0.5436780510645238,0.0,1.0,-0.2931951096451276,-0.27920716137469564,42
2125Q3,382,0.09249388669733383,-0.5906195629257669,-0.8321769798282812,0.01965719170036692,0.14853965270778635,0.0008257574053359615,0.002060190951652434,0.008215332445040135,0.002060190951652434,0.0009270859282435953,0.003708343712974381,0.0022450867565910744,0.0010102890404659836,0.004041156161863934,0.19957700112648324,0.06863681656013436,0.6542485549644653,1.103303955785817,0.0,1.103303955785817,0.4490553805182899,0.44905540082135176,0.6518603282415789,1.1033795275852432,1.102926861689215,0.0,0.00037709409660213744,1.0,-4.126813450464695,0.5284710560060035,0.0,1.0,-0.3629351811559485,-1.2935669132929888,42
2125Q4,383,0.2990085569342557,-1.461446524375691,-0.40495289117610606,0.17990253772405762,0.16087256797913563,0.0010102890404659836,0.0015992271959051345,0.006381579971605711,0.0015992271959051345,0.0007196522381573106,0.0028786089526292424,0.0016259153646374272,0.0007316619140868422,0.002926647656347369,0.20721817553255673,0.06197186540732475,0.6853843728820211,1.110129878222699,0.0,1.110129878222699,0.424745481085283,0.4247455053406778,0.6830126981013317,1.109747865444055,1.1097487895006393,0.0,0.0003810887220596637,1.0,-3.4296693512820298,0.4590352732141161,0.0,1.0,-0.7065859777317093,-1.5846595982098037,42
2126Q1,384,-0.46532786506850904,0.26948924543868347,-0.02164106196591381,-0.8335084290626297,-0.3616483535225257,0.0007316619140868422,0.0038436333708373113,0.015286119296095024,0.0038436333708373113,0.00172963501687679,0.00691854006750716,0.003243304458331181,0.0014594870062490314,0.005837948024996126,0.17587884014376454,0.08496277326280073,0.5895452604533742,1.090439267283893,0.0,1.090439267283893,0.5008940029205884,0.5008940068305188,0.5849334713358328,1.0880467994336904,1.089731795175072,0.0,0.000707472108820939,1.0,-5.808820896967466,0.6962226026904976,0.0,1.0,0.27413164142672886,0.1314147676899948,42
2126Q2,385,0.34970593696546864,0.9884341161403022,-0.0687960694691511,0.41720892541177546,-0.2349638628574654,0.0014594870062490314,0.0032606907824942076,0.012979109062680072,0.0032606907824942076,0.0014673108521223934,0.0058692434084895734,0.003847687645453925,0.0017314594404542662,0.006925837761817065,0.18271096355239164,0.08071551210513223,0.6036934976542916,1.0909677995493772,0.0,1.0909677995493772,0.4872742981770459,0.4872743018950856,0.6012520205681984,1.092086937270937,1.0905999045844073,0.0,0.000367894964969917,1.0,-5.4140117489631905,0.6564697154558649,0.0,1.0,0.1163569913794038,-0.15466009929691635,42
2126Q3,386,-0.31351033751529944,-1.057844465604394,-0.8791009985501126,-0.32862985025338914,0.5721018889279951,0.0017314594404542662,0.0021464960903307007,0.008558379226754065,0.0021464960903307007,0.0009659232406488154,0.0038636929625952615,0.002159736505720683,0.0009718814275743074,0.0038875257102972296,0.19822370866370687,0.06972273164224539,0.6497953212946707,1.102850373932595,0.0,1.102850373932595,0.45305504809014946,0.45305505263792434,0.6470216446288303,1.1023591276030904,1.1024113531011102,0.0,0.0004390208314848376,1.0,-4.2311801212577125,0.538946130698197,0.0,1.0,-0.3135484509345274,-1.4913453244058443,42
2126Q4,387,0.7877464675630894,-0.45421321914098534,0.19300570127610972,0.4568692934500667,1.0241387088553129,0.0009718814275743074,0.0021131220002799647,0.008425734016416886,0.0021131220002799647,0.0009509049001259841,0.0038036196005039363,0.0021090906044267314,0.0009490907719920292,0.003796363087968117,0.19874423289629906,0.06930803069882009,0.6516478203118972,1.1032921044839312,0.0,1.1032921044839312,0.45164427134996166,0.45164428417203406,0.6488621087313523,1.1027484059051198,1.102850543869945,0.0,0.00044156061398625823,1.0,-4.187203054801133,0.5345712147081213,0.0,1.0,-0.3299740421003702,-1.8325327758535193,42
2127Q1,388,-0.24645315425059797,-1.26880587054987,-1.669960047298388,-1.1743411313154426,1.2390042601331999,0.0009490907719920292,0.0021002220077725848,0.00837445947249238,0.0021002220077725848,0.0009450999034976632,0.003780399613990653,0.0011484616092262976,0.000516807724151834,0.002067230896607336,0.19894637063000803,0.06914599216940841,0.6541813915342829,1.1065216138163465,0.0,1.1065216138163465,0.45234021376402217,0.4523402222820636,0.6495837117432511,1.1029006422156356,1.1057729647757448,0.0,0.0007486490406016788,1.0,-4.123448066597543,0.5286279989356025,0.0,1.0,-0.3334163454298383,-2.5260395278723355,42
2127Q2,389,-0.1668244971828476,-0.08837671571822237,-0.7247304173734201,-0.3965825050831838,2.086045129349138,0.000516807724151834,0.0017220785454986484,0.006870541273770181,0.0017220785454986484,0.0007749353454743917,0.003099741381897567,0.0013395391531614584,0.0006027926189226563,0.002411170475690625,0.20511171426923724,0.06390880037017478,0.6769949298776184,1.109654272751657,0.0,1.109654272751657,0.43265933825169195,0.4326593428740385,0.673689436014159,1.1078742265250803,1.1091188750556236,0.0,0.0005353976960333906,1.0,-3.6091872250989696,0.4771159298909743,0.0,1.0,-0.593797853285717,-1.7756248057673545,42
2127Q3,390,-0.005983948363283642,0.2745576701351582,-1.77229208895896,-0.4452035097310474,1.0859317815344611,0.0006027926189226563,0.0019798824296567968,0.00789604114068676,0.0019798824296567968,0.0008909470933455586,0.0035637883733822344,0.002240516936452434,0.0010082326214035952,0.004032930485614381,0.2008576083206981,0.06758534500416107,0.6587893952156062,1.1040344888073106,0.0,1.1040344888073106,0.4452450856072936,0.4452450935917044,0.6566059802884142,1.1043711384349848,1.103689689001099,0.0,0.0003447998062116042,1.0,-4.021440088770503,0.5179357762556467,0.0,1.0,-0.4127765289456928,-1.0174952572827276,42
2127Q4,391,0.6453629874274102,-0.3754945045701162,-0.3010471186453229,0.1035352791316918,0.5328420824892621,0.0010082326214035952,0.0014526873679818367,0.005798099926367595,0.0014526873679818367,0.0006537093155918265,0.002614837262367306,0.0011391439175309564,0.0005126147628889304,0.0020504590515557216,0.20980015904990584,0.05947784239438962,0.698370549091306,1.113746301713029,0.0,1.113746301713029,0.4153757345173604,0.4153757526217229,0.6953673497789195,1.1121956800442703,1.1132571590715823,0.0,0.000489142641446616,1.0,-3.1561718633567457,0.4319045715727856,0.0,1.0,-0.8812640677781188,-0.13125787793309904,42
2128Q1,392,1.1227580464358704,-0.3847745487793458,-0.8498680104402792,1.7509460615730468,1.2440951263357367,0.0005126147628889304,0.0012990031294364082,0.005185896827915593,0.0012990031294364082,0.0005845514082463837,0.002338205632985535,0.0016227756564543962,0.0007302490454044783,0.0029209961816179133,0.21259145894530132,0.05661499282813751,0.7115146554719622,1.1143386331397926,0.0,1.1143386331397926,0.40282397116659874,0.4028239776678304,0.7100631063061347,1.1150626014052705,1.1141053728038606,0.0,0.00023326033593207285,1.0,-2.893826677808243,0.4054524187354198,0.0,1.0,-1.128772284783571,0.3722600095526368,42
2128Q2,393,1.5814379180334828,-1.1004631589234004,-0.3392129475203752,0.13172343376141515,1.485400731472541,0.0007302490454044783,0.0013303665613508449,0.005310856409476816,0.0013303665613508449,0.0005986649526078802,0.002394659810431521,0.0011321737317103364,0.0005094781792696514,0.0020379127170786055,0.21201475294659405,0.057221785724063785,0.7095657561634393,1.1155919643402354,0.0,1.1155919643402354,0.4060261965631762,0.40602620817679613,0.7069006722641877,1.1144493813265475,1.115157808266087,0.0,0.0004341560741485395,1.0,-2.930221172126042,0.4093126390333345,0.0,1.0,-1.0640956274528257,-0.7098386484308592,42
2128Q3,394,0.911425321857988,-1.310342885834924,-0.784667216496165,0.48284916959875107,1.0324019170592718,0.0005094781792696514,0.0013023934123853156,0.005199405111688371,0.0013023934123853156,0.0005860770355733921,0.0023443081422935682,0.0018852273239649603,0.0008483522957842321,0.0033934091831369284,0.21252894247481505,0.056681173521875496,0.710582931942309,1.1133496859497245,0.0,1.1133496859497245,0.40276674467105067,0.40276675400741546,0.7097169208021981,1.1149955671939582,1.1132115429035747,0.0,0.00013814304614978568,1.0,-2.9134361047238135,0.4072952581765972,0.0,1.0,-1.1186768893217123,-0.2560127846575307,42
2128Q4,395,0.924743619279973,-1.3084521339781183,0.4339075332426603,0.2626026883161129,0.1751492280416343,0.0008483522957842321,0.001503176784798986,0.005999163477367064,0.001503176784798986,0.0006764295531595437,0.0027057182126381746,0.0011850277142907025,0.0005332624714308161,0.0021330498857232644,0.20890190482681856,0.060361338961829575,0.6939885135659524,1.112889289980192,0.0,1.112889289980192,0.41890075902970714,0.41890077641423973,0.6909444601221558,1.1113236377601572,1.1123941217962605,0.0,0.0004951681839315825,1.0,-3.2467927680403483,0.44094601433260405,0.0,1.0,-0.8177157586507303,-0.2835129638502007,42
2129Q1,396,0.63187765126522,-0.13553222847484486,0.6711895413964217,-0.04019378240975546,0.4432923122234999,0.0005332624714308161,0.0024374803201123152,0.009714331310592073,0.0024374803201123152,0.0010968661440505418,0.004387464576202167,0.002422210157164073,0.001089994570723833,0.004359978282895332,0.1938307400890198,0.07308533447571458,0.6354236097381828,1.099825083588771,0.0,1.099825083588771,0.4644014705148102,0.4644014738505883,0.6324232386773255,1.0992162116261186,1.099353725132212,0.0,0.0004713584565589901,1.0,-4.58043285035108,0.5737532904643842,0.0,1.0,-0.18291920123478694,0.5302577768771127,42
2129Q2,397,0.5402784862871903,0.2204160670334116,-0.3699993481060804,0.03718879566924238,0.057626615457661214,0.001089994570723833,0.002278506851912901,0.00908292513617881,0.002278506851912901,0.0010253280833608055,0.004101312333443222,0.0029732406460527203,0.0013379582907237242,0.005351833162894897,0.19619878258369963,0.07130214847220198,0.6416833386929992,1.0992173444794267,9.907613618409528e-11,1.0992173454701881,0.45753400687626505,0.4575340067771889,0.6400938680483163,1.1008803821558693,1.0989715808561504,0.0,0.00024576362327621837,1.0,-4.429390259199807,0.558401067629257,0.0,1.0,-0.25894993635570657,0.9535901558325519,42
2129Q3,398,0.7783242744835839,0.8413323917671687,1.3108427999408603,0.6206339241660016,-1.8028182493000755,0.0013379582907237242,0.004901896659643561,0.01946388565870727,0.004901896659643561,0.0022058534968396027,0.00882341398735841,0.004345885502452023,0.0019556484761034105,0.007822593904413642,0.16534488858507546,0.09118280886024839,0.5670912696671594,1.0841810215307215,0.0,1.0841810215307215,0.5170897484837617,0.5170897518635621,0.562181830908431,1.0819362435194992,1.0834522471835255,0.0,0.0007287743471959818,1.0,-6.485402218396215,0.7633845733635181,0.0,1.0,0.5005576440256133,2.150430222940012,42
2129Q4,399,-0.032274383225947945,0.020031938258366244,0.42574489746647376,-0.15880093706339143,0.03808989831616891,0.0019556484761034105,0.0029793907911362643,0.011864408258291381,0.0029793907911362643,0.001340725856011319,0.005362903424045276,0.00235442813049564,0.001059492658723038,0.004237970634892152,0.18630539920622918,0.07836435697042127,0.6149159528569893,1.0967908907021375,0.0,1.0967908907021375,0.4818749323649184,0.48187493784514823,0.6105885216226676,1.0942935172257193,1.0961097310710104,0.0,0.0006811596311271373,1.0,-5.10497988950166,0.626238496291443,0.0,1.0,0.021522515039319935,0.9506127650924309,42
2130Q1,400,-0.7722499804117785,1.207120527666274,0.6345064950189072,-0.12580473204284934,-0.1122307882081092,0.001059492658723038,0.00532954892452639,0.021148375864866065,0.00532954892452639,0.0023982970160368756,0.009593188064147502,0.0047647073483725174,0.002144118306767633,0.008576473227070532,0.16168214874664827,0.09332738775050514,0.559686325081998,1.0820269656572175,0.0,1.0820269656572175,0.5223406267958289,0.5223406405752195,0.5546270490963008,1.0797650689893372,1.0812854841542197,0.0,0.0007414815029977984,1.0,-6.720591788794954,0.7867150605727277,0.0,1.0,0.5965638676580386,-0.044966536284489704,42
2130Q2,401,-0.6731266118333076,-0.48319538953376,-0.4103856804702264,0.18318609214974702,0.09197415945521453,0.002144118306767633,0.0031280468256897104,0.012453601573067186,0.0031280468256897104,0.0014076210715603698,0.005630484286241479,0.002882241223781635,0.0012970085507017358,0.005188034202806943,0.1843805561334536,0.07963511556349996,0.6092652402481664,1.0944543380992198,0.0,1.0944543380992198,0.485189078159863,0.48518909785105335,0.605514249072111,1.0931028515523225,1.093872822257932,0.0,0.0005815158412878496,1.0,-5.258182496927188,0.641321241142017,0.0,1.0,0.0768300856487837,-0.37602409040972046,42
2130Q3,402,-0.3777252410277372,-0.14814370948028788,0.011302763920063436,-0.33385571283871374,-0.0021199365335909798,0.0012970085507017358,0.0037188097000570137,0.014792467053253322,0.0037188097000570137,0.0016734643650256561,0.0066938574601026245,0.004718861497360661,0.0021234876738122975,0.00849395069524919,0.17727523836643524,0.0841140810538121,0.5901878800496463,1.0866189969631521,0.0,1.0866189969631521,0.4964311117947348,0.49643111691350583,0.5881406261873909,1.0888611943095512,1.08631853149771,0.0,0.0003004654654421568,1.0,-5.796991749500563,0.6943756872762441,0.0,1.0,0.2448308978686283,-0.34548455349920004,42
2130Q4,403,-1.0624174604275216,0.2986474387836811,0.04973800592137469,-0.041227996708695314,0.1536667939492007,0.0021234876738122975,0.0028833438162938463,0.011483589051374476,0.0028833438162938463,0.0012975047173322308,0.005190018869328923,0.002293212081699347,0.0010319454367647063,0.004127781747058825,0.1875800141193002,0.07750675581788172,0.6182812098282876,1.0974909185199557,0.0,1.0974909185199557,0.4792097075694558,0.4792097086916681,0.6140513646928224,1.095095040269559,1.0968239542310552,0.0,0.0006669642889005623,1.0,-5.0161895798322895,0.6173870125464642,0.0,1.0,-0.0021590652387807625,-0.7380098185959417,42
2131Q1,404,0.3033342009511252,-1.1159642052543424,0.20706113846415192,-0.5674014634189944,0.3342177982387634,0.0010319454367647063,0.0022524839076741516,0.008979539215992483,0.0022524839076741516,0.0010136177584533683,0.004054471033813473,0.0035563102763125068,0.0016003396243406281,0.0064013584973625125,0.19659369648044497,0.07099822326171498,0.6418544420871145,1.0975596953033246,0.0,1.0975596953033246,0.4557052498082446,0.45570525321621014,0.6414170476764276,1.1011645180663516,1.097493212838398,0.0,6.648246492657606e-05,1.0,-4.427859684848968,0.5579856288605562,0.0,1.0,-0.26025557875974686,-1.1815542313875218,42
2131Q2,405,-0.9255207348937495,-0.013237517521353936,0.05584546221672482,-0.5622472802935354,0.6260355607690828,0.0016003396243406281,0.005495783432341296,0.02180257497445326,0.005495783432341296,0.0024731025445535832,0.009892410178214333,0.005932097563236375,0.002669443903456369,0.010677775613825475,0.16034078508589347,0.09411886071274089,0.5555916510374359,1.078508189917558,0.0,1.078508189917558,0.5229165321715418,0.522916538880122,0.5518747951586425,1.0789554438940692,1.0779829775125773,0.0,0.0005252124049806017,1.0,-6.857524900654289,0.7998830461619726,0.0,1.0,0.6313956841958515,-0.6590951221469821,42
2131Q3,406,-0.6015061564866225,0.7148507639440526,0.9038517155809958,-1.5215802613571316,-1.1715681470045975,0.002669443903456369,0.007293386052989988,0.02885593234405004,0.007293386052989988,0.0032820237238454946,0.013128094895381979,0.004893510555977234,0.0022020797501897554,0.008808319000759022,0.14835193057048468,0.10164889949826302,0.5346136102474144,1.078042468468549,0.0,1.078042468468549,0.5434288513844299,0.5434288582211346,0.5266416286711424,1.071077857207435,1.0768787249557152,0.0,0.0011637435128337703,1.0,-7.559118722347176,0.8705097924845278,0.0,1.0,0.9488156221016127,-0.8387153035454363,42
2131Q4,407,-0.6916770651138573,0.8856816997340573,-0.001369204206945307,-1.153452855107416,-0.21540772524951796,0.0022020797501897554,0.0066639877034341734,0.026390680205910733,0.0066639877034341734,0.0029987944665453782,0.011995177866181513,0.008327892073155404,0.0037475514329199317,0.014990205731679727,0.15207117759294073,0.09918340067079451,0.5372561493456954,1.0701250825668218,0.0,1.0701250825668218,0.5328689192340232,0.5328689332211264,0.5347141442849785,1.0736839741370479,1.0697932886636992,0.0,0.0003317939031226569,1.0,-7.482570724700642,0.8613095210371443,0.0,1.0,0.8430427324246568,-1.1365148922515929,42
2132Q1,408,-0.668988635579554,-0.11553303299481563,-0.033238519794257904,-0.24457831296495217,0.5283280715200046,0.0037475514329199317,0.002384759879453708,0.00950497125665406,0.002384759879453708,0.0010731419457541687,0.004292567783016675,0.0034360298186357266,0.001546213418386077,0.006184853673544308,0.1946076597795948,0.07250751271042091,0.635914979419453,1.0970011123178995,1.4832579608992091e-10,1.0970011138011575,0.46108613453003033,0.46108613438170454,0.6348916889888664,1.0997550170991246,1.0968450232627658,0.0,0.00015608905513375682,1.0,-4.57283474706456,0.5725372612880699,0.0,1.0,-0.19371423598005202,-1.842598062703482,42
2132Q2,409,1.1739243942774826,-0.5991902981138604,-0.6079737842842308,0.37363821203769615,1.0320109783197307,0.001546213418386077,0.0014574921271543727,0.005817235188805503,0.0014574921271543727,0.0006558714572194677,0.002623485828877871,0.0017506624247097685,0.0007877980911193958,0.0031511923644775832,0.20971428265762007,0.05956306720081807,0.6966171862833631,1.111543750399655,0.0,1.111543750399655,0.41492656279840756,0.4149265641162919,0.6949384470053573,1.1121113132726337,1.111274947276937,0.0,0.0002688031227180421,1.0,-3.1949645101049406,0.4355086529193747,0.0,1.0,-0.8592624658649816,-3.0055134149529703,42
2132Q3,410,0.4610800164311473,-1.049397818660476,-0.44314858801040424,0.5630314133458422,1.2648067882760565,0.0007877980911193958,0.0012363221596501824,0.004936125240206368,0.0012363221596501824,0.0005563449718425821,0.0022253798873703282,0.0010623413405222279,0.00047805360323500257,0.0019122144129400103,0.2137550453783728,0.05536479762149596,0.7192027333930247,1.1173878846284782,0.0,1.1173878846284782,0.39818513783131526,0.3981851512354535,0.7166621232363012,1.116336152285028,1.116973207600547,0.0,0.0004146770279311873,1.0,-2.741065658505447,0.3904285122473097,0.0,1.0,-1.257912482130316,-1.2806156313333374,42
2132Q4,411,0.568955672424936,-1.4610599210153037,-0.2554394323988324,0.8158163988264577,1.0055928454072203,0.00047805360323500257,0.0012641125799478807,0.005046870513658708,0.0012641125799478807,0.0005688506609765464,0.0022754026439061855,0.0012266080350157435,0.0005519736157570846,0.0022078944630283385,0.21323733364746322,0.055925410727554685,0.7159355057564512,1.1163253898694712,0.0,1.1163253898694712,0.4003898721386912,0.40038988411302,0.7136889623620587,1.1157633464965828,1.1159603709060169,0.0,0.00036501896345431106,1.0,-2.805258170488747,0.3967738434331176,0.0,1.0,-1.1996120898963678,-0.011928368501903736,42
2133Q1,412,0.6699273884869239,-0.9800283839584245,-0.5586023759805339,1.0021896504565584,0.1546735583118488,0.0005519736157570846,0.0013913028149113126,0.005553607687471818,0.0013913028149113126,0.0006260862667100906,0.0025043450668403625,0.0010212131779113848,0.00045954593006012316,0.0018381837202404926,0.21090466849163386,0.05836694492110627,0.7040939950828852,1.1150521558757236,0.0,1.1150521558757236,0.4109581543028443,0.4109581607928384,0.7010027972653007,1.1133004056893856,1.1145470401161301,0.0,0.0005051157595934441,1.0,-3.039244544417241,0.420264908511664,0.0,1.0,-0.9712992665813955,0.5705163645696834,42
2133Q2,413,1.3315006267711227,-1.2317442445044895,-0.04225680149675495,0.4179379360800857,0.2592080604536036,0.00045954593006012316,0.0012432546448542762,0.004963752171062263,0.0012432546448542762,0.0005594645901844243,0.002237858360737697,0.0011664289884033047,0.0005248930447814871,0.0020995721791259485,0.21362562657725542,0.05550560898980765,0.7182334154761009,1.1168932565568543,0.0,1.1168932565568543,0.3986598312283052,0.3986598410807535,0.7159131850779384,1.1161920108720595,1.116515636577946,0.0,0.00037761997890828347,1.0,-2.760299133906728,0.3923050203458913,0.0,1.0,-1.252537026668675,0.8194686854232464,42
2133Q3,414,0.2604726639503048,-0.46691007718679595,-0.20546216376354437,0.35362032246359665,0.46014478359849487,0.0005248930447814871,0.0014392703724940461,0.005744664416243883,0.0014392703724940461,0.0006476716676223208,0.002590686670489283,0.0017868063468621399,0.0008040628560879629,0.0032162514243518517,0.21004040571497012,0.0592385505510545,0.6981162736587577,1.1116702403258758,0.0,1.1116702403258758,0.4135539616764812,0.4135539666671181,0.696574205485794,1.1124328508016623,1.1114235720702124,0.0,0.0002466682556634403,1.0,-3.164301969275127,0.4324261340714247,0.0,1.0,-0.9009317904750628,0.20658719101651146,42
2133Q4,415,0.9464261266256575,-0.23149315646976792,-0.4440747567349015,0.2438853492369421,0.09266697529103923,0.0008040628560879629,0.0016932068335832329,0.006755645047178849,0.0016932068335832329,0.0007619430751124548,0.0030477723004498193,0.0012798919187167212,0.0005759513634225246,0.0023038054536900984,0.20560207216785553,0.06346527063780044,0.6791576289225669,1.1101868640354235,0.0,1.1101868640354235,0.43102922725297554,0.4310292351128566,0.6758040014152638,1.108301342863193,1.109642769877549,0.0,0.0005440941578744862,1.0,-3.561881713756522,0.4724122200122297,0.0,1.0,-0.6311439720672658,0.5772072699641727,42
2134Q1,416,0.6360944469514508,-0.9335780558030251,-0.6994948013427903,-0.5766401872846811,0.9019647642867765,0.0005759513634225246,0.0015214990985643632,0.006072120720692076,0.0015214990985643632,0.0006846745943539634,0.0027386983774158537,0.001672176213163235,0.0007524792959234558,0.003009917183693823,0.20857819371741337,0.060675501673867475,0.6914291313584237,1.1109572330087596,0.0,1.1109572330087596,0.4195280941709877,0.41952810165033594,0.6893840880127807,1.1110148832080937,1.1106290542544603,0.0,0.0003281787542992465,1.0,-3.302322889938328,0.44627980969790937,0.0,1.0,-0.7959802166059172,-0.3718713911530049,42
2134Q2,417,0.8346351790811185,-1.76749220533702,0.04137594211588591,-0.15084662116386416,0.4309144436333321,0.0007524792959234558,0.0012663764630665853,0.005055891717216321,0.0012663764630665853,0.0005698694083799634,0.0022794776335198536,0.0010112202830342373,0.0004550491273654068,0.0018201965094616272,0.21319528748255126,0.05597063060790359,0.7162006265747072,1.117062640563137,0.0,1.117062640563137,0.40086200711162034,0.4008620139884298,0.7134501462844379,1.1157172662376558,1.116613075910931,0.0,0.0004495646522060248,1.0,-2.7991184648005545,0.39625679735269004,0.0,1.0,-1.193529948264805,-0.20513063879064394,42
2134Q3,418,0.212017548581377,-0.8984441611457474,-0.7467946283379788,0.5008122826025724,0.547892776811225,0.0004550491273654068,0.001369909051174546,0.005468386579688955,0.001369909051174546,0.0006164590730285457,0.002465836292114183,0.0009071771739030578,0.000408229728256376,0.001632918913025504,0.21129284475215213,0.05796984910571402,0.7063240329077994,1.1157790128483613,0.0,1.1157790128483613,0.4094549760740452,0.4094549799405619,0.7030376334976414,1.113697622618512,1.1152403138068363,0.0,0.000538699041525037,1.0,-2.9938901806796028,0.4157807883397039,0.0,1.0,-0.9974065826312934,-0.7187002391592795,42
2134Q4,419,0.7620050164185384,-1.448839718120692,-0.13617326983377687,1.0165524569791233,0.5471688117249929,0.000408229728256376,0.0014203939367570136,0.005669482092030664,0.0014203939367570136,0.0006391772715406562,0.0025567090861626247,0.0011872013068169596,0.0005342405880676319,0.0021369623522705275,0.21037951504006022,0.05889858931508363,0.7011008586795666,1.1140393789078102,0.0,1.1140393789078102,0.4129385154382028,0.4129385202282436,0.6982954032836358,1.1127705385627058,1.113583050282699,0.0,0.00045632862511113537,1.0,-3.1006253961958006,0.4263282990315125,0.0,1.0,-0.9251638459273449,-0.1135985086177311,42
2135Q1,420,0.5351117068663946,-0.8960070763210579,-0.4691560640090395,0.745760068764987,0.22229609706161607,0.0005342405880676319,0.001695338161135836,0.006764127098169426,0.001695338161135836,0.0007629021725111262,0.003051608690044505,0.0011646792048838708,0.0005241056421977419,0.0020964225687909676,0.20556577580803756,0.06349825024669115,0.6792446566189445,1.110553142742316,0.0,1.110553142742316,0.4313084718471754,0.4313084861233716,0.6756463586507082,1.1082695460229215,1.109967487566327,0.0,0.0005856551759890749,1.0,-3.5594766453108666,0.4722235588888889,0.0,1.0,-0.6318942512004773,1.053183445104921,42
2135Q2,421,-0.8265774122899362,-0.02722604142323977,-0.3380534809096193,-0.4944905801156157,0.35631455371070386,0.0005241056421977419,0.0026228093185942693,0.010450034625296034,0.0026228093185942693,0.0011802641933674211,0.0047210567734696845,0.0033134546951105906,0.0014910546127997657,0.005964218451199063,0.19116420914736904,0.07501856020343971,0.626136379174742,1.0958548763372542,0.0,1.0958548763372542,0.46971849656684134,0.46971849716251224,0.6242802904674801,1.097415025531003,1.0955707287307215,0.0,0.0002841476065327253,1.0,-4.817872027751946,0.5970961481623949,0.0,1.0,-0.10313836324606779,0.07336500649222072,42
2135Q3,422,-0.3588566732805657,0.5620444858739712,0.7311231812178679,0.13036375235832925,-0.9303411540451619,0.0014910546127997657,0.0051010494212018085,0.02024860370815762,0.0051010494212018085,0.002295472239540814,0.009181888958163256,0.005365999592372467,0.00241469981656761,0.00965879926627044,0.1636001921464595,0.09220230726699866,0.5623759034029155,1.0808994618637993,0.0,1.0808994618637993,0.5185235584511158,0.5185235584608837,0.5585725762452355,1.0809082882715702,1.0803523418352088,0.0,0.0005471200285904754,1.0,-6.637847706522304,0.7781700708356627,0.0,1.0,0.5535722145336943,-0.31981027995022693,42
2135Q4,423,-1.204607352144604,0.5150678625256896,1.7600257487928443,-0.7750906014892889,-0.6556533368957808,0.00241469981656761,0.00723186066083025,0.02861515395605907,0.00723186066083025,0.0032543372973736122,0.013017349189494449,0.006790452311121216,0.0030557035400045475,0.01222281416001819,0.14869532004913633,0.10141396500929055,0.5328511549341516,1.0732366424246595,0.0,1.0732366424246595,0.5403854838165211,0.540385487490508,0.5274028619829895,1.0713268026216067,1.0724878128894426,0.0,0.0007488295352169327,1.0,-7.629523890329556,0.876696685492951,0.0,1.0,0.9349208395797574,-0.17953898469124696,42
2136Q1,424,-0.9622273635721035,0.5260216318479194,0.5727544146133328,-1.4114627170169571,-0.7622885345977618,0.0030557035400045475,0.006088829252724525,0.024133775531581803,0.006088829252724525,0.0027399731637260363,0.010959892654904145,0.0073573414523798435,0.0033108036535709298,0.013243214614283719,0.15590235765585675,0.09678542976824436,0.5455649376816492,1.073592325641151,0.0,1.073592325641151,0.5280273696000387,0.5280273879595019,0.5427425491853424,1.0761974666240925,1.0732116081152252,0.0,0.0003807175259258333,1.0,-7.194731378717238,0.8329623342181529,0.0,1.0,0.7439548601693546,-1.4370384981320123,42
2136Q2,425,-1.258100463371329,0.49821715214675666,0.25586224909179023,-0.5639628876343208,0.3610695446425257,0.0033108036535709298,0.005572230156902024,0.022103313235381394,0.005572230156902024,0.002507503570605911,0.010030014282423644,0.004146817694375547,0.0018660679624689963,0.007464271849875985,0.15973872213670665,0.0944757960205666,0.5569731636179179,1.0831779937219863,0.0,1.0831779937219863,0.5262048299489609,0.5262048301040684,0.550639858785744,1.0785889106542375,1.0822321822826197,0.0,0.0009458114393665618,1.0,-6.804847077928251,0.7954186398303561,0.0,1.0,0.6538898709239419,-2.1997607786527795,42
2136Q3,426,-1.0493360885433407,1.540757274227121,1.2341906557952922,-0.2899569232491639,-0.8901998344211302,0.0018660679624689963,0.007610049734486837,0.03009448132116721,0.007610049734486837,0.0034245223805190765,0.013698089522076306,0.00589982411878343,0.0026549208534525433,0.010619683413810173,0.1466494277270248,0.10284010083166195,0.5299556761665348,1.074962649835377,0.0,1.074962649835377,0.5450069517327804,0.5450069736688422,0.5228078967031647,1.0698145561690282,1.0739515907730628,0.0,0.0010110590623142457,1.0,-7.728051377045975,0.886950216851145,0.0,1.0,1.0007670823813357,-0.5369296534381339,42
2136Q4,427,-0.7713653689002256,0.8673124084082176,0.19633195890915284,0.5332154807511846,-0.009832592730467327,0.0026549208534525433,0.0056652055748620846,0.02246898123314478,0.0056652055748620846,0.002549342508687938,0.010197370034751753,0.004994779085838304,0.0022476505886272367,0.008990602354508947,0.15901876487773087,0.09490426060729942,0.5544715249666204,1.0806886336997095,0.0,1.0806886336997095,0.5262171010475888,0.526217108733089,0.5491625792751588,1.0781477985322803,1.079916057372628,0.0,0.0007725763270813868,1.0,-6.889667625478938,0.8035191119592666,0.0,1.0,0.6604106223318532,-0.17238669244677793,42
2137Q1,428,-0.5594743596750067,-0.03090461512159809,0.2950536646667251,-0.5289544503776002,-0.15618188414374973,0.0022476505886272367,0.004202848024557556,0.016705705152389116,0.004202848024557556,0.0018912816110509003,0.007565126444203601,0.003565776622826446,0.0016045994802719008,0.006418397921087603,0.17205008796986326,0.08725193006356323,0.5812043177618753,1.08831632392187,0.0,1.08831632392187,0.5071119848600012,0.5071120061599947,0.5764095049768766,1.0858286451995032,1.0875877329150185,0.0,0.00072859100685152,1.0,-6.0536989491862325,0.7205652954383513,0.0,1.0,0.36422870489650583,-0.5749647642498973,42
2137Q2,429,-0.8049485572349637,0.35284794693428667,0.2980958207483765,0.21126937972426574,0.07301304708201911,0.0016045994802719008,0.005613984794172105,0.022267544971674158,0.005613984794172105,0.002526293157377447,0.010105172629509789,0.005558036872812855,0.0025011165927657847,0.010004466371063139,0.15941374030437233,0.09466896760771039,0.5544156590916293,1.0792752486849613,0.0,1.0792752486849613,0.5248595807175286,0.524859589593332,0.5499731359831819,1.0783901873775774,1.0786400174853448,0.0,0.0006352311996165039,1.0,-6.894019585975274,0.8037008420047617,0.0,1.0,0.6523789968232073,-0.44829625419286967,42
2137Q3,430,-1.4521449416907801,1.212446016135286,0.6484678130345034,-0.9060762988474788,-0.6877961945451065,0.0025011165927657847,0.009290958588640888,0.0366491034873363,0.009290958588640888,0.0041809313648884,0.0167237254595536,0.010801421899327956,0.00486063985469758,0.01944255941879032,0.13920242490924162,0.10878322985083129,0.5080168289394699,1.0606539588058281,0.0,1.0606539588058281,0.552637114706128,0.5526371298663583,0.5043326398589207,1.063529577562771,1.0602140902030677,0.0,0.0004398686027604626,1.0,-8.564993369099863,0.9684386970552887,0.0,1.0,1.2926009941161536,-0.6756431986784185,42
2137Q4,431,-0.9179113039849012,1.7367052624528592,2.6175872164673635,-0.6410872488894171,-0.5390116818416677,0.00486063985469758,0.010919827680131906,0.04296904911851218,0.010919827680131906,0.004913922456059358,0.019655689824237432,0.011748813312908375,0.005286965990808769,0.021147863963235074,0.13399974740365528,0.11415370508034259,0.4934843492705769,1.0568150209615574,0.0,1.0568150209615574,0.5633306686839821,0.5633306716909805,0.4885650722941681,1.0579613730639257,1.0562486629302572,0.0,0.0005663580313002292,1.0,-9.148936767023223,1.0264067107115136,0.0,1.0,1.6197074834567726,-0.4250348160269352,42
2138Q1,432,-1.3905401673198579,1.5908835926558016,2.0832707586513615,-0.26428497426224673,-0.7095680195665899,0.005286965990808769,0.011815036692297911,0.04642915401469783,0.011815036692297911,0.0053167665115340604,0.021267066046136242,0.01198268280740941,0.005392207263334234,0.021568829053336937,0.13177565237832492,0.1170004048477782,0.48639879578792206,1.0554873664971243,0.0,1.0554873664971243,0.5690885602465867,0.5690885707092022,0.48055275101059036,1.0550751462113712,1.0548204618256336,0.0,0.0006669046714906646,1.0,-9.445183283744585,1.0559261211111244,0.0,1.0,1.8531653391857346,-0.6327149082946572,42
2138Q2,433,-1.2591112913501397,1.4735566854341187,1.7636219467587495,-0.8028171185933715,-1.1289075151299701,0.005392207263334234,0.011462120625109352,0.045066207567554084,0.011462120625109352,0.005157954281299209,0.020631817125196836,0.010744787755088104,0.004835154489789647,0.019340617959158587,0.13260610681504156,0.11588570132300087,0.49038632105413915,1.0586739657173319,0.0,1.0586739657173319,0.5682876273456519,0.5682876446631927,0.4836624289019317,1.0561995234672585,1.057869462409047,0.0,0.0008045033082848541,1.0,-9.272437126176948,1.0392085581279051,0.0,1.0,1.7539667068961222,-0.5475215276189419,42
2138Q3,434,-0.5011090860525184,1.7992224560495214,1.347787262262347,-0.21348278609295895,-0.859113062667173,0.004835154489789647,0.009682186528619477,0.038169899526631856,0.009682186528619477,0.004356983937878765,0.01742793575151506,0.00962034738227304,0.004329156322022867,0.01731662528809147,0.1377964102649335,0.11010000807783457,0.5059981870904499,1.0631022429254482,0.0,1.0631022429254482,0.5571040448602818,0.5571040558349983,0.5003860438373954,1.0621511165605495,1.0624023613133757,0.0,0.0006998816120724616,1.0,-8.638208003205973,0.9762916439985745,0.0,1.0,1.3610860559767175,0.08129352717174347,42
2138Q4,435,-1.4246408208233032,1.4542208790919713,1.4471029046568509,-0.007647352284699038,-1.0428249885727647,0.004329156322022867,0.010640077795704028,0.0418858491392996,0.010640077795704028,0.004788035008066813,0.019152140032267253,0.009876115929181974,0.004444252168131889,0.017777008672527555,0.13477888223525847,0.11325048915461698,0.49777310516376805,1.061503589648895,0.0,1.061503589648895,0.5637304764780933,0.5637304844851269,0.4911565145121372,1.05888714507309,1.0606860603929125,0.0,0.000817529255982441,1.0,-8.965916653956207,1.0089474132274887,0.0,1.0,1.5522160373503648,0.503119377556273,42
2139Q1,436,-1.260747377243235,1.2066214082434632,2.8145039526092073,-0.0631348402984826,-0.8449418876543086,0.004444252168131889,0.012481520558900908,0.04899910573506461,0.012481520558900908,0.005616684251505409,0.022466737006021635,0.014949736324806295,0.006727381346162833,0.02690952538465133,0.13035569340624742,0.1190806505499235,0.47845051140875167,1.0481924954615371,0.0,1.0481924954615371,0.5697419815449775,0.5697419840527855,0.4748429338729843,1.0529970331908411,1.0478291179337178,0.0,0.00036337752781934185,1.0,-9.800077003070262,1.0900803189608634,0.0,1.0,2.070485475411442,1.441228915612281,42
2139Q2,437,-1.5250110780193242,2.8832188352877184,1.2627997230394024,-0.8624533961789619,-0.5094654159402264,0.006727381346162833,0.011794822222868817,0.046351126030441,0.011794822222868817,0.005307670000290968,0.021230680001163873,0.012944765996985514,0.005825144698643482,0.023300578794573926,0.1318216836340103,0.1169368095865627,0.48552655817719553,1.0532858372096037,0.0,1.0532858372096037,0.5677592668278587,0.5677592790324082,0.48072921215405556,1.055139090456234,1.0527593354252587,0.0,0.0005265017843449904,1.0,-9.486446875507053,1.0596195428520618,0.0,1.0,1.8368682891309824,1.3628737167134797,42
2139Q3,438,-1.4577378683858098,1.3330562480720718,2.0404417231772936,0.3055607014852555,-0.7961825649937379,0.005825144698643482,0.010505973458444905,0.041366267188558625,0.010505973458444905,0.004727688056300207,0.01891075222520083,0.009926862509567803,0.004467088129305512,0.017868352517222047,0.13516785496187253,0.11281499688361074,0.4987976789253405,1.0615162781549319,0.0,1.0615162781549319,0.5627185859351456,0.5627185992295913,0.4924146095646918,1.0593351727598037,1.0607290598360377,0.0,0.0007872183188941673,1.0,-8.92487938258468,1.0048208501291624,0.0,1.0,1.5205145746796813,1.050048915646253,42
2139Q4,439,-0.11463672353240528,1.109264319428207,0.8586734751667214,-0.18410220882667208,-0.9294006483530055,0.004467088129305512,0.009014407149203586,0.03557299480237042,0.009014407149203586,0.004056483217141613,0.016225932868566453,0.007398038104250117,0.003329117146912553,0.013316468587650211,0.14026392076718844,0.10783992732145949,0.5144852073005259,1.069305699571918,0.0,1.069305699571918,0.5548204736325473,0.554820492271392,0.5071924866322984,1.0645213549460284,1.068323305713898,0.0,0.0009823938580197922,1.0,-8.30219561830633,0.9436904446837204,0.0,1.0,1.2290351212500858,1.9754598739069742,42
2140Q1,440,-1.258370102053947,1.457458005369465,0.7630010013221402,-0.6462832053280247,-1.3090313353776084,0.003329117146912553,0.009486579079654195,0.03740975210934416,0.009486579079654195,0.004268960585844388,0.017075842343377553,0.012082546517637583,0.005437145932936913,0.02174858373174765,0.13848582343130128,0.10944409071751092,0.5048433735509098,1.0573646158038281,0.0,1.0573646158038281,0.5525212397304002,0.5525212422529183,0.5023453166332945,1.062836826631296,1.0570807652417673,0.0,0.0002838505620608167,1.0,-8.694495124374154,0.9808123665044783,0.0,1.0,1.3179611729542007,1.3341202983739409,42
2140Q2,441,-0.3623583682292342,1.5290737962423768,2.5708638643777446,-0.9707447767087168,-1.3371026931071843,0.005437145932936913,0.011321446813540359,0.04452252439051341,0.011321446813540359,0.005094651066093162,0.020378604264372647,0.010423712674917963,0.0046906707037130835,0.018762682814852334,0.13295349354082936,0.11543870038517433,0.4918128557163955,1.0595552382201707,0.0,1.0595552382201707,0.5677423689662195,0.5677423825037753,0.48491940716271514,1.0566525145895114,1.0587204878349354,0.0,0.0008347503852352833,1.0,-9.21184381592587,1.033293710888874,0.0,1.0,1.7175707327587633,-0.5654580255841698,42
2140Q3,442,0.3741367359353315,1.1351397458978671,1.1600803691585022,0.5396633341489314,-0.5242802273861848,0.0046906707037130835,0.006914819890528854,0.027373711392254196,0.006914819890528854,0.003111668950737984,0.012446675802951937,0.005836740262274995,0.002626533118023748,0.010506132472094991,0.15053294220864322,0.1001833065740446,0.5376059633989608,1.0761974031778812,0.0,1.0761974031778812,0.5385914304723269,0.5385914397789203,0.5314179572862905,1.0726290146904827,1.075320348180847,0.0,0.0008770549970340547,1.0,-7.459249300387072,0.8600983969206835,0.0,1.0,0.879193198760448,0.1650170519346112,42
2140Q4,443,-1.6384454118434206,0.8471088064390205,0.29204055550326924,-0.6585938992462146,0.00404832536977362,0.002626533118023748,0.006868466247277865,0.02719210389435822,0.006868466247277865,0.0030908098112750393,0.012363239245100157,0.006716886816262712,0.0030225990673182204,0.012090396269272882,0.15081145535875776,0.10000037152250861,0.5369906764726072,1.0739833584687513,0.0,1.0739833584687513,0.5369926715138394,0.536992681996144,0.5320187314026293,1.072822259212603,1.0732983536623075,0.0,0.0006850048064437342,1.0,-7.484523049655864,0.8622297058982682,0.0,1.0,0.8704717305733736,0.3166403092139406,42
2141Q1,444,0.16259740129562505,0.5865932570023022,0.8158206164777246,0.33050435670874506,-1.0392913950539444,0.0030225990673182204,0.004098459638696557,0.016293329417569558,0.004098459638696557,0.0018443068374134506,0.0073772273496538025,0.0038656200866386357,0.001739529038987386,0.006958116155949544,0.17313443821080776,0.08660845996822819,0.5829272631682975,1.087791591193287,0.0,1.087791591193287,0.5048643253650031,0.5048643280249895,0.5787872423903055,1.086455516612016,1.0871680845662377,0.0,0.0006235066270492418,1.0,-6.004194191111431,0.7154798900721557,0.0,1.0,0.33557878137053293,0.23152646167974672,42
2141Q2,445,-1.151715323990157,0.747204235314225,1.4434665918148812,-0.4869248982903636,-0.34028437406905115,0.001739529038987386,0.008188149376125598,0.032352514191910764,0.008188149376125598,0.003684667219256519,0.014738668877026077,0.008508299576166174,0.0038287348092747786,0.015314939237099114,0.14380429515724036,0.10494723694197834,0.5208985193023392,1.0675671283132675,0.0,1.0675671283132675,0.5466686032794827,0.5466686090109283,0.5161330424665751,1.0675791732465667,1.0669489856752978,0.0,0.0006181426379696653,1.0,-8.067884523218058,0.9197597175125312,0.0,1.0,1.09183182093487,0.7833599444118168,42
2141Q3,446,-0.6090108130134555,0.09342040623824821,1.140785034862352,0.6588517615111226,-0.3445578351473584,0.0038287348092747786,0.008302176051780435,0.03279743164051219,0.008302176051780435,0.003735979223301196,0.014943916893204784,0.008096294167848815,0.003643332375531967,0.014573329502127868,0.14328059452974518,0.10535397076523606,0.5202986630106784,1.068453965746866,0.0,1.068453965746866,0.5481553013201842,0.5481553027361875,0.5148603560803131,1.0671481228442141,1.0677384657796394,0.0,0.0007154999672265294,1.0,-8.088163637832121,0.9219730314076802,0.0,1.0,1.1139573152087912,0.27946861618950386,42
2141Q4,447,-0.8653294809839162,0.8421983341892393,0.6377225922008851,-1.4983332190977579,-0.13238566931628298,0.003643332375531967,0.00711247429508285,0.028147810080884406,0.00711247429508285,0.0032006134327872827,0.012802453731149131,0.007358772428189272,0.0033114475926851726,0.01324579037074069,0.14937374472360565,0.10095459286710523,0.533429937471354,1.0719519766721304,0.0,1.0719519766721304,0.5385220216054595,0.5385220392007763,0.528896189465925,1.0718132818294455,1.0713404396964024,0.0,0.000611536975728022,1.0,-7.611718521905891,0.8746604045979038,0.0,1.0,0.9207135103334897,-1.3263565404573168,42
2142Q1,448,-2.0003527210963896,0.42617989508354814,0.4817750518241041,-1.2584924958276609,-0.6980587849104077,0.0033114475926851726,0.007520684734831364,0.029745073047667048,0.007520684734831364,0.003384308130674114,0.013537232522696455,0.009497527592206647,0.004273887416492992,0.017095549665971967,0.14711909494819672,0.10250685265634463,0.526369137735749,1.065933590797615,0.0,1.065933590797615,0.5395644364472559,0.5395644530618661,0.5238760326724116,1.0701681064359723,1.0656213016505562,0.0,0.0003122891470588307,1.0,-7.8728128814486915,0.8998074007283763,0.0,1.0,0.9847843691841177,-0.3695896378332062,42
2142Q2,449,-0.3564379764381389,-0.3937414432479953,-0.029690277160821704,-1.1007948369983085,-0.28099938954467857,0.004273887416492992,0.004135669188122457,0.01644033684411661,0.004135669188122457,0.0018610511346551055,0.007444204538620422,0.0029782028722991987,0.0013401912925346394,0.005360765170138558,0.17274531222191575,0.0868397592272043,0.5834988225940309,1.0902078017833499,0.0,1.0902078017833499,0.5067089726342283,0.506708979189319,0.5779309270511047,1.0862304980196913,1.089347015783382,0.0,0.0008607859999678613,1.0,-5.983396964899242,0.7137995051973895,0.0,1.0,0.3495430192754503,-0.746792521510904,42
2142Q3,450,0.46899491013009126,-0.15430402102043397,0.7573278475359586,-0.37141764279277756,-0.028293963354204865,0.0013401912925346394,0.0026249508217698557,0.010458533386198066,0.0026249508217698557,0.0011812278697964352,0.004724911479185741,0.0023230716265429455,0.0010453822319443256,0.004181528927777302,0.19113397519168673,0.07504005739453741,0.627803772462072,1.0989080846848334,0.0,1.0989080846848334,0.4711043111806099,0.4711043122227614,0.624190724506237,1.0973949997661299,1.0983388627896151,0.0,0.0005692218952182415,1.0,-4.7709977849676175,0.5928543962648174,0.0,1.0,-0.09515837740679049,-1.2505060228335565,42
2142Q4,451,-0.22006447154358866,-0.25013669672307426,-0.4584950603793989,-0.39156039692113487,-0.8993071354689779,0.0010453822319443256,0.002704860519765694,0.010775623560910885,0.002704860519765694,0.0012171872338945624,0.004868748935578249,0.0029029987572032315,0.0013063494407414542,0.005225397762965817,0.19001507421095154,0.07582932503549288,0.6236915145710554,1.0966325838353863,0.0,1.0966325838353863,0.47294106580287404,0.4729410692643309,0.6209168694670731,1.096659638870225,1.0962026900187158,0.0,0.000429893816670468,1.0,-4.8786309420308465,0.6033567447623432,0.0,1.0,-0.05781523882361752,-2.4412929666689016,42
2143Q1,452,0.4954698810752705,0.233367398696506,-0.37324547409903663,-1.1013332877137678,0.18499661818144708,0.0013063494407414542,0.0034978464213631347,0.01391814714185291,0.0034978464213631347,0.0015740308896134106,0.0062961235584536425,0.0025008488310642096,0.0011253819739788944,0.004501527895915578,0.17983461775513165,0.08253448491285058,0.5993052755361444,1.093938812750084,0.0,1.093938812750084,0.4946335222192967,0.49463353721393954,0.5941800523641544,1.0903669077899503,1.0931354535948934,0.0,0.0008033591551905861,1.0,-5.5292405084227365,0.6685986688682948,0.0,1.0,0.1905983539949054,-1.2723606523555508,42
2143Q2,453,-0.8254932461669359,0.2328494071215086,-0.10974160502902625,-1.7725433823979757,1.0915420082282659,0.0011253819739788944,0.0031550575821228726,0.012560629525996236,0.0031550575821228726,0.0014197759119552928,0.005679103647821171,0.0032015722252658704,0.0014407075013696416,0.005762830005478566,0.1840369503823867,0.07985905701090185,0.6079035978580165,1.0933696917047104,0.0,1.0933696917047104,0.48546608078475695,0.4854660938466939,0.6046269124666956,1.0928925764232669,1.0928664160111976,0.0,0.000503275693512828,1.0,-5.296383526240846,0.644997645122715,0.0,1.0,0.09799971681312038,-2.7456045058799563,42
2143Q3,454,0.892581286348847,-0.44024270480629196,-0.23246085480388656,-0.4154861755329865,0.4830177910243151,0.0014407075013696416,0.0022275071053004638,0.008880301878828933,0.0022275071053004638,0.0010023781973852088,0.004009512789540835,0.0018159080341145558,0.0008171586153515501,0.0032686344614062004,0.1969746886390667,0.07070316046971206,0.6463275144399157,1.1033015014582725,0.0,1.1033015014582725,0.456973979694355,0.4569739870183569,0.642706129713506,1.1014405438272135,1.1027227012815226,0.0,0.0005788001767499384,1.0,-4.312203494659877,0.5472031908506361,0.0,1.0,-0.27297359456173,-1.152561924629053,42
2143Q4,455,0.8606043825892521,-1.9326041929340543,-1.0317483969865457,0.9551473073575074,0.5528885517259231,0.0008171586153515501,0.0012196292913891837,0.004869599446466477,0.0012196292913891837,0.0005488331811251327,0.0021953327245005307,0.0017609473968774976,0.0007924263285948739,0.0031697053143794956,0.21406742105690196,0.055023062873332404,0.7193442899573284,1.1151495671659655,0.0,1.1151495671659655,0.39580526093894736,0.3958052772086371,0.7184857997358467,1.1166867256077284,1.1150121437112999,0.0,0.00013742345466560835,1.0,-2.7414731834786767,0.3901548920192728,0.0,1.0,-1.301881893791175,-1.1059749549846314,42
2144Q1,456,0.7042024447576298,-1.2230311767407098,-0.5393073959221373,-0.194874592483276,1.042101797679529,0.0007924263285948739,0.00111773947866544,0.004463467449601355,0.00111773947866544,0.0005029827653994479,0.0020119310615977918,0.0012298012340082496,0.0005534105553037124,0.0022136422212148494,0.2159971372107637,0.0528511091002781,0.732040196876356,1.118931565356648,0.0,1.118931565356648,0.3868913631090135,0.38689136848029204,0.7302818626250087,1.1189409364469096,1.118645896009766,0.0,0.0002856693468820115,1.0,-2.4979860711112196,0.36604519655581824,0.0,1.0,-1.6725692646596717,-0.23402701589761501,42
2144Q2,457,1.7268489929814665,-1.3973718910639925,-0.7767624970064744,0.4860857507491971,1.7688807691795656,0.0005534105553037124,0.001089912711839461,0.004352528566501701,0.001089912711839461,0.0004904607203277575,0.00196184288131103,0.0007674547239890435,0.0003453546257950696,0.0013814185031802784,0.21653110755261787,0.05223064450368069,0.7365071814838755,1.1211896448687235,0.0,1.1211896448687235,0.3846824477049214,0.384682463384848,0.7337184421863654,1.119593560016452,1.1207307677069072,0.0,0.0004588771618163623,1.0,-2.413053459205526,0.35775999129475755,0.0,1.0,-1.8330112476234408,0.12888216671302438,42
2144Q3,458,2.1930598117256417,-1.6510863940826621,0.6594066649452651,1.606286161778304,0.19794568400509438,0.0003453546257950696,0.0011566322238045943,0.00461850829418331,0.0011566322238045943,0.0005204845007120675,0.00208193800284827,0.0007350935069150167,0.0003307920781117575,0.00132316831244703,0.21525584034383896,0.05369819215552283,0.7287090122404298,1.1200126023714145,0.0,1.1200126023714145,0.39130356564747837,0.3913035901309847,0.7256385163033671,1.118056278941702,1.1195069160113065,0.0,0.0005056863601080597,1.0,-2.558206344144576,0.3722898423363459,0.0,1.0,-1.5143715495332166,1.4416239869749026,42
2144Q4,459,1.4873719028891959,-0.46752474988959514,0.06747778674284413,0.9779045940779929,0.33453510130691133,0.0003307920781117575,0.001159463616332335,0.004629794563183465,0.001159463616332335,0.0005217586273495508,0.002087034509398203,0.000659189042035992,0.00029663506891619643,0.0011865402756647857,0.21520210135618398,0.05375896977249389,0.7285676909325475,1.120238184804569,0.0,1.120238184804569,0.3916704847405849,0.3916704938720216,0.7253074881832591,1.1179930803959564,1.1197001416473609,0.0,0.000538043157208179,1.0,-2.5605268348301715,0.37255604841410095,0.0,1.0,-1.503434571054832,1.365343775624464,42
2145Q1,460,1.9677410919854184,-1.9220983870130937,-0.37951075691242264,1.4961767580271217,1.077759330759839,0.00029663506891619643,0.0010712465412189855,0.00427810566596476,0.0010712465412189855,0.00048206094354854347,0.0019282437741941739,0.0006842582772281486,0.0003079162247526669,0.0012316648990106675,0.2168909829624554,0.05180746086997655,0.7390143002286227,1.1218788575047622,0.0,1.1218788575047622,0.3828645444144747,0.38286455727613955,0.7360798027671002,1.1200409855778213,1.1213948977250254,0.0,0.0004839597797368089,1.0,-2.3666168717204483,0.35315377094729217,0.0,1.0,-1.97987689583104,1.8997810562451785,42
2145Q2,461,1.9268128908046642,-1.4395508604520908,0.03997912264372649,0.6372076236438458,1.4629703646438388,0.0003079162247526669,0.0010522931874212501,0.004202533483650406,0.0010522931874212501,0.00047353193433956255,0.0018941277373582502,0.0006057821147182419,0.00027260195162320886,0.0010904078064928355,0.21725778868519788,0.051371871284055765,0.7415950921961887,1.122566372794491,0.0,1.122566372794491,0.38097127621190074,0.3809712805983023,0.738525342802073,1.1205035219692165,1.1220590230930378,0.0,0.0005073497014531636,1.0,-2.3191733430841284,0.34844473235678963,0.0,1.0,-2.157378868018428,1.0283679871501539,42
2145Q3,462,0.5979244730447341,-1.6001903343486645,0.44312844410173585,1.0788019099432777,1.354248261155374,0.00027260195162320886,0.0010623643100491696,0.004242690327372789,0.0010623643100491696,0.0004780639395221263,0.0019122557580885052,0.001195395071066762,0.0005379277819800429,0.0021517111279201716,0.21706270630699986,0.05160407621180078,0.7388689142531627,1.1201553964323492,0.0,1.1201553964323492,0.381286477616507,0.3812864821791865,0.7372197699424498,1.1202566983135913,1.1198872113935618,0.0,0.00026818503878733857,1.0,-2.3715796771978814,0.35342003993780813,0.0,1.0,-2.045679989984937,-0.35324950646989733,42
2145Q4,463,2.4567166649766827,-2.021381003032198,-0.07129788675358859,1.187146539041399,0.4194058681963464,0.0005379277819800429,0.0010884793331275655,0.004346813766020641,0.0010884793331275655,0.0004898156999074045,0.001959262799629618,0.0014750067812773935,0.0006637530515748271,0.0026550122062993084,0.21655869429474228,0.052198349207012246,0.7349584994820414,1.1185947184448624,0.0,1.1185947184448624,0.38363620408625326,0.38363621896282096,0.7338981520199483,1.1196276387804545,1.1184236181598677,0.0,0.0001711002849946741,1.0,-2.4448477563744566,0.3606210225858708,0.0,1.0,-1.8442518579669154,0.44886263787676317,42
2146Q1,464,2.0383323751006124,-1.74314592573054,-0.45674173772672705,1.0391102707664994,0.8473033316396787,0.0006637530515748271,0.0011262234826133956,0.004497289366762303,0.0011262234826133956,0.000506800567176028,0.002027202268704112,0.001964660435542279,0.0008840971959940255,0.003536388783976102,0.21583493403885404,0.053037860976076566,0.7292777940129885,1.116071144866306,0.0,1.116071144866306,0.3867933425180069,0.38679335085331756,0.7292533968051829,1.1187452798169262,1.1160672618304248,0.0,3.88303588128025e-06,1.0,-2.5530367891670007,0.371219581720706,0.0,1.0,-1.628531441874096,-0.8067773844788747,42
2146Q2,465,1.9315585206888413,-1.1888755238008453,-0.22457752796314426,1.1964732622600363,0.6303633724010248,0.0008840971959940255,0.0011376544219751142,0.0045428580303937816,0.0011376544219751142,0.0005119444898888015,0.002047777959555206,0.0010392142267611612,0.00046764640204252254,0.0018705856081700902,0.21561682910829463,0.053287729108601765,0.7301648324652067,1.1192531022861514,0.0,1.1192531022861514,0.38908825797033525,0.3890882698209447,0.7278815773503329,1.1184840498827096,1.1188801929872467,0.0,0.00037290929890465563,1.0,-2.532214015084854,0.36955375510644284,0.0,1.0,-1.5818389411351208,-0.05506579537406129,42
2146Q3,466,1.8351707203297454,-1.6489442492721773,-0.6767065057449084,0.8439294207982476,0.8753653106388727,0.00046764640204252254,0.0010475186164863506,0.004183495290978723,0.0010475186164863506,0.00047138337741885775,0.001885533509675431,0.0010478025614598983,0.0004715111526569543,0.001886044610627817,0.21735041338936834,0.05126118708653502,0.7411101909130858,1.121012094869766,0.0,1.121012094869766,0.3799018814813338,0.3799019039566801,0.7391491962052184,1.1206213799103457,1.120691894067595,0.0,0.000320200802170989,1.0,-2.329984935445768,0.34932698239191984,0.0,1.0,-2.203562090162349,-0.8112019486323019,42
2146Q4,467,1.3842974342965433,-1.8967378116361484,-0.13403968536125757,1.0973240122715076,0.3622606845598856,0.0004715111526569543,0.0011033354151869887,0.004406042937613042,0.0011033354151869887,0.000496500936834145,0.00198600374733658,0.0006843903411450699,0.00030797565351528143,0.0012319026140611257,0.21627316272472671,0.05253146900943,0.7350809117954408,1.121229722939666,0.0,1.121229722939666,0.3861488013740575,0.38614881114422517,0.7320484811299274,1.1192766460537806,1.1207296137360192,0.0,0.0005001092036467369,1.0,-2.4390242228296817,0.36039444662945286,0.0,1.0,-1.7482731811348418,-0.40124864707550817,42
2147Q1,468,1.210996767189441,-1.4986997991567308,-0.7783325896259171,0.3751498472525546,0.5176017804913078,0.00030797565351528143,0.001162091564683507,0.004640269793499852,0.001162091564683507,0.0005229412041075782,0.002091764816430313,0.0011585682292939094,0.0005213557031822592,0.002085422812729037,0.21515225121520082,0.053815274198245,0.7270790282507718,1.118358608765702,0.0,1.118358608765702,0.39127957269108804,0.3912795805149303,0.7250010640561674,1.1179345656276822,1.1180203443658472,0.0,0.00033826439985484846,1.0,-2.590876547174549,0.37536629901427265,0.0,1.0,-1.4921517672167552,1.0609310166760502,42
2147Q2,469,1.8877011049664287,-1.4900836099325834,-0.0453729199917928,0.7017616022890377,0.16017780859193426,0.0005213557031822592,0.0012550220358109598,0.005010645565942773,0.0012550220358109598,0.0005647599161149319,0.0022590396644597277,0.000763989764032064,0.0003437953938144288,0.0013751815752577152,0.21340636255466405,0.05574315531577778,0.7179423342256827,1.1181460594746029,0.0,1.1181460594746029,0.4002037104451427,0.40020372524892023,0.7146530220537685,1.1159492547857324,1.1176047635334565,0.0,0.0005412959411463802,1.0,-2.764133024897365,0.39286950709592205,0.0,1.0,-1.2273519283233993,1.2845862977712184,42
2147Q3,470,0.5944259973075319,0.48175875279935565,0.6838091647582443,0.6202346137839334,-0.3152705052034388,0.0003437953938144288,0.00257973607872508,0.010279082714164556,0.00257973607872508,0.001160881235426286,0.004643524941705144,0.0035070623506362926,0.0015781780577863317,0.006312712231145327,0.19177509912613017,0.07458223101480775,0.6275084217024938,1.0955182146239488,0.0,1.0955182146239488,0.46800978071152793,0.46800979292145506,0.6261028447721486,1.097821476268819,1.095304260206351,0.0,0.00021395441759786138,1.0,-4.783822687837272,0.5936040907259409,0.0,1.0,-0.12440710745890217,0.8190343090284408,42
2147Q4,471,-0.05335219407815994,0.07974520740495628,-0.1592783337104678,-0.4895020395404623,-0.5633872596259353,0.0015781780577863317,0.002003350954558223,0.00798935547295787,0.002003350954558223,0.0009015079295512003,0.003606031718204801,0.0012208621431801482,0.0005493879644310667,0.002197551857724267,0.20048122835812765,0.06789686560218587,0.6594294057686546,1.1071613143799217,0.0,1.1071613143799217,0.4477318973760363,0.4477319086112671,0.6551936858823073,1.1040769512303914,1.106472983974278,0.0,0.0006883304056437556,1.0,-4.002119236306005,0.5164625356661695,0.0,1.0,-0.40887385129587445,0.9359998883255346,42
2148Q1,472,0.00892120258856463,-0.2045912045672307,0.18221200105498855,-0.44561723714016926,0.12160254586880774,0.0005493879644310667,0.0023759652074866458,0.00947004318537148,0.0023759652074866458,0.0010691843433689907,0.004276737373475963,0.002289287978682159,0.0010301795904069716,0.004120718361627886,0.19473806870270444,0.07240984648427765,0.638406425449878,1.1006755467767482,0.0,1.1006755467767482,0.46226911261402104,0.46226912132687015,0.6353105244246346,1.0998461247369686,1.1001873287450086,0.0,0.00048821803173959566,1.0,-4.506304403372531,0.5664002607468461,0.0,1.0,-0.20946282586703766,0.33026162274560755,42
2148Q2,473,0.9135917088840568,-0.8448859518155086,-0.30593435582153966,0.4288202522552026,0.06818960529334261,0.0010301795904069716,0.0017656322915314535,0.007043846429207745,0.0017656322915314535,0.0007945345311891541,0.0031781381247566166,0.0011765127699336598,0.0005294307464701469,0.0021177229858805875,0.20437738549460277,0.06456498428494947,0.6743342244744683,1.1097180169933718,0.0,1.1097180169933718,0.4353837860599764,0.43538379251890347,0.6705827177812953,1.1072442755663383,1.1091076254988084,0.0,0.0006103914945634337,1.0,-3.6667358106066645,0.48294415031419624,0.0,1.0,-0.5787243974590729,1.9367472596089197,42
2148Q3,474,0.22374805015197013,-0.35063568907024695,0.07636909935658895,0.708349797503572,-0.3803224801849213,0.0005294307464701469,0.0019959229528478772,0.007959821349619811,0.0019959229528478772,0.0008981653287815448,0.003592661315126179,0.0014762439030259905,0.0006643097563616957,0.0026572390254467827,0.20060016327871627,0.0677986528137133,0.6593567519903282,1.1063917631016738,0.0,1.1063917631016738,0.44703499508569927,0.4470350111113456,0.6556383654939094,1.1041696614013643,1.1057917757745503,0.0,0.000599987327123408,1.0,-4.004939354571118,0.5166296257007501,0.0,1.0,-0.41340449264865226,0.9314734789235346,42
2148Q4,475,0.43812721483566336,0.028432859750527766,-0.3781414092976914,0.3800113975523842,-0.2890310703795446,0.0006643097563616957,0.0028178655054566875,0.011223909262270237,0.0028178655054566875,0.0012680394774555095,0.005072157909822038,0.003254979345877576,0.0014647407056449092,0.005858962822579637,0.18846319349842452,0.07690448585299219,0.6189297418105264,1.0949144807565268,0.0,1.0949144807565268,0.4759847357306373,0.47598473894600035,0.6165021427646888,1.0956571861466375,1.0945422021482203,0.0,0.0003722786083064644,1.0,-5.003570062920159,0.615692265586371,0.0,1.0,-0.03266790580123874,0.6302358101281685,42
2149Q1,476,1.1349591962346024,0.17379764182155955,-1.075526038423541,-0.26760868454930803,-0.32853766932283845,0.0014647407056449092,0.0026046374686366355,0.010377915691326511,0.0026046374686366355,0.001172086860886486,0.004688347443545944,0.001994535762591449,0.0008975410931661522,0.0035901643726646087,0.1914212867178402,0.07483540135149987,0.6291961665740962,1.1000576618328195,0.0,1.1000576618328195,0.47086147654397653,0.47086149525872334,0.6250442746599534,1.0975856443345624,1.0993974089273169,0.0,0.0006602529055026451,1.0,-4.734269655398264,0.5893294244466603,0.0,1.0,-0.11477868183024974,0.8920995296238088,42
2149Q2,477,1.5134334647481773,-1.1625473835701152,-0.10272499303504018,0.596104788008858,0.8187423330756188,0.0008975410931661522,0.001748030655097473,0.006973810309234052,0.001748030655097473,0.0007866137947938629,0.0031464551791754516,0.0019114940640609765,0.0008601723288274394,0.0034406893153097577,0.20467337667866353,0.06430163282120675,0.674027913764541,1.1074388879096675,0.0,1.1074388879096675,0.43341095422131526,0.4334109741451265,0.67182647236411,1.1074968257775717,1.1070879819441568,0.0,0.00035090596551068387,1.0,-3.6767822382916955,0.4836180515003421,0.0,1.0,-0.5873038318403877,0.9361876253622194,42
2149Q3,478,0.3298629349873765,0.5478436346889819,0.576232398251019,0.793587067137586,-0.12094257536129585,0.0008601723288274394,0.0035070926600032776,0.01395474483991066,0.0035070926600032776,0.001578191697001475,0.0063127667880059,0.0027363589191037835,0.0012313615135967025,0.00492544605438681,0.1797252274078283,0.0826026991850206,0.5986802847637731,1.0932063692242417,0.0,1.0932063692242417,0.49452607470344423,0.49452608446046864,0.5939173162798365,1.0903021330923508,1.0924648398797563,0.0,0.0007415293444854587,1.0,-5.547719684997698,0.6703406069861731,0.0,1.0,0.18070877083289327,1.0517492512414854,42
2149Q4,479,-0.3671942795269471,-0.034722268709363305,-0.05979854138098238,0.7210495802407699,0.2670452649174099,0.0012313615135967025,0.003030170828205668,0.012065702908355402,0.003030170828205668,0.0013635768726925506,0.0054543074907702025,0.0025124831500592418,0.0011306174175266589,0.004522469670106635,0.18564140019111997,0.07880592489915092,0.6129834457603205,1.0960507212834125,0.0,1.0960507212834125,0.4830672739101057,0.48306727552309203,0.6088176866751523,1.093880232966508,1.0953979725548935,0.0,0.0006527487285190592,1.0,-5.156960405843025,0.6313654231667758,0.0,1.0,0.041099168925457605,0.43132058888734565,42
2150Q1,480,0.5505330016721217,0.30943231167999985,-0.36647486141974367,-0.8140156961518159,0.4645433313596532,0.0011306174175266589,0.0026204413161133693,0.010440636916425161,0.0026204413161133693,0.0011791985922510162,0.004716794369004065,0.0022438010829687258,0.0010097104873359266,0.0040388419493437066,0.19119765603083513,0.07499476791017869,0.6281230248055844,1.0991824441125044,0.0,1.0991824441125044,0.47105940464334206,0.4710594193069201,0.6243794455752465,1.097437189193107,1.0985913221138983,0.0,0.0005911219986061145,1.0,-4.762544944624819,0.592044783975146,0.0,1.0,-0.10448867615124638,0.14990974787584668,42
2150Q2,481,-0.24530961721813382,0.09050702499676691,-0.08090151812048654,0.083694750102212,0.4598177840315578,0.0010097104873359266,0.002336090190208886,0.00931166782193471,0.002336090190208886,0.0010512405855939986,0.004204962342375994,0.002290680217173635,0.001030806097728136,0.004123224390912544,0.1953322516358781,0.07196233534145711,0.640232961014478,1.1009595770486296,0.0,1.1009595770486296,0.46072659037177904,0.46072661603415155,0.637235661486935,1.1002637423994994,1.1004869270742996,0.0,0.0004726499743299417,1.0,-4.461622204895809,0.5619314143918527,0.0,1.0,-0.23044382773303074,0.7890675769593974,42
2150Q3,482,0.6590161123866106,-1.067927679770921,0.011668409875735197,1.2193534820307905,0.5250649347594355,0.001030806097728136,0.0014713591137163402,0.00587245980569695,0.0014713591137163402,0.0006621116011723531,0.0026484464046894122,0.0014674969007950854,0.0006603736053577884,0.0026414944214311537,0.20946690250717503,0.05980766517362394,0.6960490268084012,1.112339712450419,0.0,1.112339712450419,0.4162906713978365,0.4162906856420179,0.6937101694852805,1.1118694738656976,1.1119622296165637,0.0,0.0003774828338554137,1.0,-3.20540761395175,0.4366803877898172,0.0,1.0,-0.8647623197842408,1.2289781752573785,42
2150Q4,483,0.6387498810006342,-0.7411384258492123,0.4579284503226564,1.355549431587628,-0.7573095517293083,0.0006603736053577884,0.0014057170482412913,0.0056110230575571185,0.0014057170482412913,0.0006325726717085811,0.0025302906868343244,0.0012944659696202214,0.0005825096863290996,0.0023300387453163984,0.21064407646110261,0.058631551050804843,0.7021778413003846,1.1138756233976332,0.0,1.1138756233976332,0.41169775948947446,0.4116977820972486,0.6996528850214634,1.113036409924713,1.1134661388576748,0.0,0.00040948453995848233,1.0,-3.0792311705766853,0.4241406073713394,0.0,1.0,-0.953417642740444,1.2065157577319183,42
2151Q1,484,1.239604878512249,-1.199961450044072,0.29232881562174823,0.9362433575933329,0.5166348669369015,0.0005825096863290996,0.001218513181613814,0.004865151314876637,0.001218513181613814,0.0005483309317262162,0.002193323726904865,0.002116729664876828,0.0009525283491945726,0.0038101133967782903,0.2140883445969411,0.05500007799855823,0.7186354735492791,1.1138855529433533,0.0,1.1138855529433533,0.3952500709774118,0.3952500793940742,0.7186087710932317,1.116710343736579,1.1138813212792011,0.0,4.2316641521988885e-06,1.0,-2.756785918267226,0.39152606347752805,0.0,1.0,-1.3213986634857835,1.8810764542736467,42
2151Q2,485,1.0840528792568502,-0.4102812951240985,0.24260838852514688,0.7508671030174048,0.27679005896107756,0.0009525283491945726,0.0015573130281300181,0.006214715870763721,0.0015573130281300181,0.0007007908626585082,0.0028031634506340327,0.0011326368550478912,0.000509686584771551,0.002038746339086204,0.20794889870229796,0.06128000166164617,0.6897042141525045,1.1123549781234814,0.0,1.1123549781234814,0.4226507538930984,0.4226507639709769,0.686399690084066,1.1104226872764023,1.111816660795851,0.0,0.0005383173276303221,1.0,-3.336065690489488,0.44989688246417725,0.0,1.0,-0.7700699234591074,2.1188852986170468,42
2151Q3,486,1.856313496938335,-1.2776914097207333,-0.44014535217271683,1.6023156907985483,0.04446587697185772,0.000509686584771551,0.001229465394379008,0.004908799498061667,0.001229465394379008,0.0005532594274705537,0.002213037709882215,0.0011721500655379588,0.0005274675294920815,0.002109870117968326,0.21388322923614714,0.055224886047200265,0.7196711407493961,1.1171087200593202,0.0,1.1171087200593202,0.3974375673934402,0.39743757930992407,0.7174077164693101,1.1164795523426267,1.1167404036083979,0.0,0.00036831645092227916,1.0,-2.732510032964154,0.38952353576692333,0.0,1.0,-1.2944576265838914,2.2024545561378335,42
2151Q4,487,1.0712490107745674,-1.0960236336258204,-0.6094734576947144,1.4609190296414787,0.9873762541019259,0.0005274675294920815,0.0013343181575728915,0.005326599699954526,0.0013343181575728915,0.0006004431709078012,0.002401772683631205,0.001178351844304067,0.0005302583299368302,0.0021210333197473207,0.21194235069737996,0.057297382161617866,0.7090808548803365,1.1153656233209062,0.0,1.1153656233209062,0.4062847672556534,0.4062847684405697,0.7065085100337556,1.1143732018361803,1.1149471094595043,0.0,0.0004185138614019035,1.0,-2.9400666324548377,0.41027640491554696,0.0,1.0,-1.0637292007542192,0.49652090828126194,42
2152Q1,488,0.16741204010318467,-1.0407313840028038,-1.4333310730747524,0.42691314922137297,0.40840465159506784,0.0005302583299368302,0.0013682988964419463,0.005461972378188462,0.0013682988964419463,0.0006157345033988758,0.002462938013595503,0.0016273819419768537,0.0007323218738895841,0.0029292874955583366,0.21132212798270433,0.05793974870856179,0.7048603670697767,1.113254695019292,0.0,1.113254695019292,0.40839432542647486,0.40839432794951536,0.7031923280988828,1.113727783583251,1.1129866798864307,0.0,0.0002680151328613434,1.0,-3.026530276984034,0.4187207058245138,0.0,1.0,-1.007491057289845,0.648154422179735,42
2152Q2,489,0.9666604391398391,-1.3223208142755731,-0.33433281830208467,-0.22561395871806156,0.18448292411281167,0.0007323218738895841,0.0015843228122120164,0.006322246677007981,0.0015843228122120164,0.0007129452654954074,0.0028517810619816297,0.0013742552540525472,0.0006184148643236463,0.002473659457294585,0.20747730680546475,0.061727732139875174,0.6870673037278126,1.111178380692112,0.0,1.111178380692112,0.4241110648657667,0.4241110769642995,0.6842043680017919,1.1099856329956785,1.1107151123102263,0.0,0.0004632683818857064,1.0,-3.3927988490631176,0.4554614700419881,0.0,1.0,-0.7336910104817737,0.6258237441459321,42
2152Q3,490,1.0591951178998404,-0.18254733181572222,0.021494953300154385,0.483021286512792,1.088489620021414,0.0006184148643236463,0.001768783223046291,0.007056383453075243,0.001768783223046291,0.000795952450370831,0.003183809801483324,0.0018655680005968892,0.0008395056002686002,0.0033580224010744007,0.20432451000407517,0.0646118686170441,0.6727149327995707,1.1073686291756324,0.0,1.1073686291756324,0.43465368854769515,0.43465369637606166,0.6703617215249242,1.1071993517730598,1.1069930450219285,0.0,0.00037558415370386733,1.0,-3.705532477733956,0.48651374217312704,0.0,1.0,-0.5741450590844244,1.5508871138659222,42
2152Q4,491,0.3014142468616893,0.5951334685458919,0.5987026931276346,0.18850672843487895,0.04211274856159139,0.0008395056002686002,0.002700760122832633,0.010759354605194171,0.002700760122832633,0.001215342055274685,0.00486136822109874,0.001755036713811761,0.0007897665212152924,0.0031590660848611696,0.19007205098871865,0.07578942575664098,0.6258637201662373,1.1002022428576224,0.0,1.1002022428576224,0.47433851953314166,0.4743385226913851,0.6210816903898664,1.096696820671975,1.0994366287254003,0.0,0.0007656141322220922,1.0,-4.817816892997781,0.5977919227785629,0.0,1.0,-0.06762173125299287,-0.9088532722666235,42
2153Q1,492,-0.279045413314735,-0.4058135571359709,-1.560626034191316,-1.3130413599461566,0.5055953630720196,0.0007897665212152924,0.0024449774200682173,0.009744100620494245,0.0024449774200682173,0.0011002398390306978,0.004400959356122791,0.0032089223950613963,0.0014440150777776284,0.005776060311110514,0.19372092732644738,0.07316645697665138,0.6336715043320423,1.097306500661648,0.0,1.097306500661648,0.4636349885904033,0.4636349963296057,0.6320779751595118,1.099140592382197,1.097061798562183,0.0,0.00024470209946492183,1.0,-4.627487356220677,0.5781047205442901,0.0,1.0,-0.17249785227038122,-0.7903348324209241,42
2153Q2,493,0.5050424530484999,-0.6190363373708491,-0.6088951411432879,-0.22090059499767412,1.5839073710370315,0.0014440150777776284,0.0015028138577150144,0.005997718304930566,0.0015028138577150144,0.0006762662359717565,0.002705064943887026,0.0010169747640087707,0.0004576386438039468,0.0018305545752157872,0.20890832898803666,0.06035508192432077,0.6943831023030406,1.1134785957747273,0.0,1.1134785957747273,0.41909549026364024,0.41909549347168673,0.6909756027959526,1.1113297940725184,1.1129217298920684,0.0,0.0005568658826589079,1.0,-3.2378484432505132,0.4401272056812473,0.0,1.0,-0.8168861801221908,-0.5134004266478345,42
2153Q3,494,-0.13761570481293747,-0.5420213702894573,-0.9960199198729857,0.047137591932585626,0.7773066391306196,0.0004576386438039468,0.00219503492761218,0.008751272921512232,0.00219503492761218,0.000987765717425481,0.003951062869701924,0.002509203839771336,0.0011291417278971013,0.004516566911588405,0.1974728921688764,0.07031453001423578,0.6466478593467384,1.1013352695578147,0.0,1.1013352695578147,0.4546874031467755,0.4546874102110763,0.644410797515478,1.1018043866128342,1.1009847027687785,0.0,0.00035056678903622185,1.0,-4.307658591492258,0.5464367174213287,0.0,1.0,-0.2895972984913897,-1.1635270821649482,42
2153Q4,495,0.27702418549731206,-1.2678146252445646,-0.3818318091971614,-0.7298644609322589,-0.06858508132180569,0.0011291417278971013,0.002523030383209688,0.010053991641668758,0.002523030383209688,0.0011353636724443597,0.004541454689777439,0.0021883721230278484,0.0009847674553625319,0.0039390698214501274,0.1925874586251687,0.07399606563965647,0.6321878359023796,1.0999819763668723,0.0,1.0999819763668723,0.4677941260202485,0.46779414046449275,0.6285652091431126,1.0983675229166745,1.09940904952067,0.0,0.0005729268462022485,1.0,-4.659930984055526,0.58180833095019,0.0,1.0,-0.1351046739632501,-1.5270745566375292,42
2154Q1,496,-0.5495318897286317,-0.7330680776905519,-0.563370174406675,0.024010429429530966,-0.5007671361417751,0.0009847674553625319,0.00205745638055503,0.008204461581647893,0.00205745638055503,0.0009258553712497634,0.0037034214849990536,0.002064375896114225,0.0009289691532514013,0.0037158766130056054,0.1996202664191157,0.06860167893138863,0.6547474310005644,1.1039151667423936,0.0,1.1039151667423936,0.4491677304265225,0.4491677357418292,0.6520179457303396,1.1034126046647033,1.1034819692931988,0.0,0.0004331974491948998,1.0,-4.114354499996518,0.5273064808464004,0.0,1.0,-0.37120407939833744,-0.06103877479251247,42
2154Q2,497,0.27323803625117593,0.1801290227486801,0.7749443039284742,0.4599133315531827,-0.49740375918707563,0.0009289691532514013,0.001795928677571852,0.007164385711059595,0.001795928677571852,0.0008081679049073334,0.0032326716196293334,0.002149962640664739,0.0009674831882991327,0.0038699327531965307,0.20387037542248065,0.06501256684600128,0.6703309181809475,1.1061302553150274,0.0,1.1061302553150274,0.4357993362718026,0.4357993371340799,0.6684783050444051,1.1068158631269478,1.1058369400287285,0.0,0.0002933152862989452,1.0,-3.7596798353130323,0.49180050034300415,0.0,1.0,-0.5463813165447858,0.3009487127823662,42
2154Q3,498,1.8246691735516967,-0.0605973609987579,0.43542087249446904,0.9917718178833363,0.6943608786052006,0.0009674831882991327,0.0012601634151430123,0.005031133591670733,0.0012601634151430123,0.0005670735368143555,0.002268294147257422,0.0020109368375675553,0.0009049215769053999,0.0036196863076215996,0.21331072595019904,0.055846367717507436,0.7145343227717263,1.1135757909644939,0.0,1.1135757909644939,0.39904146536289975,0.39904146819276753,0.7141067745720664,1.1158439372240632,1.1135078318428613,0.0,6.79591216325992e-05,1.0,-2.836178145210339,0.3995128929441285,0.0,1.0,-1.2173064573915973,1.5896297956762986,42
2154Q4,499,0.682373541216708,-0.7211856255921364,-0.1430182821873361,0.5714494155997276,0.5950259061763573,0.0009049215769053999,0.0014321591286553927,0.005716341781686229,0.0014321591286553927,0.0006444716078949268,0.002577886431579707,0.0011066187029291224,0.0004979784163181051,0.0019919136652724206,0.2101680051177516,0.05911093452030004,0.7002363874184201,1.1141526870137453,0.0,1.1141526870137453,0.41391627245421686,0.41391629959532517,0.6972194022633769,1.1125595108684905,1.1136608574425937,0.0,0.0004918295711515697,1.0,-3.1178710778249945,0.4280891293661814,0.0,1.0,-0.915329781589471,1.0705601242024134,42
