date,t,x_growth,x_unemployment,x_credit_spread,x_yield_curve,x_house_price_growth,c_lag1,PD_quarterly_true,PD_annual_true,PD_true,expected_c_quarterly,expected_c_annualised,default_rate,c,c_annualised_sim,R_true,K_IRB_true,alpha_oracle,utility_oracle,shortfall_oracle,terminal_capital_oracle,required_capital_oracle,available_buffer_oracle,alpha_bayes,expected_utility_bayes,utility_bayes_realised,shortfall_bayes_realised,regret_bayes_vs_oracle,alpha_full,utility_full,shortfall_full,alpha_zero,utility_zero,latent_state,latent_cycle,simulation_seed
2030Q1,0,-0.6925579502307466,-0.1139003265928763,-0.35928309671668934,0.4132144768665102,-1.6497565337504754,0.0016953135136667703,0.0040384977621992346,0.01605639746068488,0.0040384977621992346,0.0018173239929896556,0.007269295971958622,0.004565307639986286,0.002054388437993829,0.008217553751975316,0.17376764379248874,0.08623108215632659,0.5831397756488841,1.0859875261807388,0.0,1.0859875261807388,0.5028477390260078,0.5028477505318547,0.5801883132398151,1.0868219047856822,1.0855523149984987,0.0,0.0004352111822401028,1.0,-6.001090943811979,0.7148547059432041,0.0,1.0,0.3245300130971321,-0.3673386739716245,45
2030Q2,1,-0.15316475471282484,0.5539947053942479,0.4298203862240167,0.07117377175629797,0.07561234425408708,0.002054388437993829,0.004766656937482557,0.018930734336726873,0.004766656937482557,0.002144995621867151,0.008579982487468604,0.00426909941242421,0.0019210947355908948,0.007684378942363579,0.16656992869912204,0.09046767990209371,0.5695124871209456,1.0847372234277055,0.0,1.0847372234277055,0.5152247338510298,0.5152247363067599,0.564733061154312,1.082652724407218,1.0840260971659477,0.0,0.000711126261757844,1.0,-6.410088411124368,0.755887746376846,0.0,1.0,0.48094258402832557,0.6180476326802994,45
2030Q3,2,0.0012940208100498674,0.2728446156310846,1.0815344512848832,0.34972395429546255,0.03081354267348535,0.0019210947355908948,0.00540598800438148,0.02144923487926842,0.00540598800438148,0.002432694601971666,0.009730778407886664,0.006824046370155036,0.003070820866569766,0.012283283466279065,0.1610598188119748,0.09369400832625356,0.5556641180248291,1.076288122143824,0.0,1.076288122143824,0.5206239850081867,0.520624004118995,0.5533497822795019,1.0793905833658153,1.075970382843599,0.0,0.0003177393002251616,1.0,-6.85919112794803,0.7996482919282333,0.0,1.0,0.6070317699878107,0.732372220778867,45
2030Q4,3,-0.8072447791350497,0.5343259469852257,0.7476732455623856,0.0707020378575167,0.10152155633716375,0.003070820866569766,0.004446078826322341,0.017666060766483693,0.004446078826322341,0.0020007354718450535,0.008002941887380214,0.0061124151335475154,0.002750586810096382,0.011002347240385528,0.1696098153591123,0.08868954996356399,0.5726060470886692,1.0804477895058613,0.0,1.0804477895058613,0.507841726227094,0.507841742417192,0.5711475702017057,1.0844179446442723,1.0802428820617325,0.0,0.00020490744412882123,1.0,-6.323519545467,0.7464013677366036,0.0,1.0,0.4116338966340918,0.7929096020861123,45
2031Q1,4,-0.48937054361906984,1.1494539472477623,1.3764036564518942,0.08335269184957234,-0.32608810591507204,0.002750586810096382,0.005677794475014482,0.02251848490840136,0.005677794475014482,0.0025550075137565167,0.010220030055026067,0.003476323068362992,0.0015643453807633464,0.0062573815230533856,0.15892230569081317,0.09496181319778986,0.556402025897528,1.084771490960183,0.0,1.084771490960183,0.5283694524615289,0.5283694650626551,0.5489645667846306,1.0780884551222536,1.083638345377295,0.0,0.0011331455828880177,1.0,-6.820259311662953,0.797261585785532,0.0,1.0,0.657942915605679,0.7319201357319619,45
2031Q2,5,-0.11665367432817719,0.7419082715493424,1.1585046375550587,0.37528178573728793,-1.6878561782587669,0.0015643453807633464,0.006909821332165957,0.02735412891907807,0.006909821332165957,0.003109419599474681,0.012437678397898723,0.004770228445292599,0.00214660280038167,0.00858641120152668,0.150562852375219,0.10016361845828135,0.5390538472142363,1.0789897013521257,0.0,1.0789897013521257,0.5399358388083546,0.5399358541378894,0.5314825637538464,1.0726498169989394,1.077880251113566,0.0,0.0011094502385597949,1.0,-7.404488153870117,0.8551022125866301,0.0,1.0,0.8683672764949616,2.0546667861020835,45
2031Q3,6,0.7371217036456825,0.7485649419294218,0.9359264393623414,0.47799800991936225,-0.4886704273499104,0.00214660280038167,0.004111994694533652,0.01634680560068502,0.004111994694533652,0.0018503976125401433,0.007401590450160573,0.00553518368348194,0.002490832657566873,0.009963330630267492,0.17299255663009655,0.08669284759375104,0.5801013173561196,1.083007667807585,4.4856118819325275e-11,1.0830076682561462,0.5029063509448828,0.5029063509000267,0.5784746093529309,1.0863734608682867,1.0827748998857971,0.0,0.00023276792178794636,1.0,-6.09527635170746,0.7238368025131792,0.0,1.0,0.33272630048878804,1.3633087574508218,45
2031Q4,7,-0.1415091507702854,1.4554132561613067,0.972582029883015,0.5446022757579944,-1.1537887213602307,0.002490832657566873,0.004753649525910025,0.018879444166484904,0.004753649525910025,0.0021391422866595114,0.008556569146638045,0.0048326006844313435,0.0021746703079941047,0.008698681231976419,0.16668951094698697,0.0903978641361161,0.5689170923809922,1.0832060004348938,0.0,1.0832060004348938,0.5142889002177115,0.5142889080539016,0.5649829993492959,1.082722469699144,1.082630626358618,0.0,0.0005753740762757253,1.0,-6.431000147490962,0.7577253444411021,0.0,1.0,0.46643980781144156,2.83525493379366,45
2032Q1,8,-0.06307819238677942,-0.3176363357946709,0.7586042851210861,0.3842363941200931,-0.15708068071392783,0.0021746703079941047,0.0033072309064944463,0.013163441543736387,0.0033072309064944463,0.0014882539079225008,0.005953015631690003,0.0038450089845473655,0.0017302540430463144,0.006921016172185258,0.18213563554098644,0.08108344405023606,0.6023599257105121,1.090774110551069,0.0,1.090774110551069,0.4884141733445266,0.488414184840557,0.5998111448043866,1.091740066687456,1.0903900157435167,0.0,0.0003840948075524153,1.0,-5.450672349758701,0.6601369809328238,0.0,1.0,0.11861025121851539,2.0040819028275054,45
2032Q2,9,0.7398077456757879,0.13514446989935552,0.3909104145747456,-0.06003506073986353,-0.8264324858504439,0.0017302540430463144,0.004098937214188927,0.01629521632642794,0.004098937214188927,0.0018445217463850174,0.0073780869855400695,0.004041689931572093,0.001818760469207442,0.007275041876829768,0.17312942545516952,0.08661144246841115,0.5826480236069231,1.087287896037982,0.0,1.087287896037982,0.5046398577596449,0.5046398724310588,0.5787761889332073,1.0864526173155538,1.0867078472112763,0.0,0.0005800488267055925,1.0,-6.013207898453933,0.7163020293761859,0.0,1.0,0.32512217367305807,2.211345213932897,45
2032Q3,10,-0.1592226686945979,-0.22087136710003893,0.7244726960566703,1.3881380199525966,0.2753575779425296,0.001818760469207442,0.0023982712151340404,0.009558629775118455,0.0023982712151340404,0.0010792220468103181,0.0043168881872412725,0.0022436131963493424,0.0010096259383572041,0.0040385037534288164,0.19440776123150702,0.07265684068647325,0.6374848657742338,1.100661244892113,0.0,1.100661244892113,0.4631763633259629,0.4631763791178791,0.6342522023688433,1.0996157385852556,1.100150795248248,0.0,0.0005104496438648187,1.0,-4.528742921866619,0.5686646662483047,0.0,1.0,-0.20435424578142009,1.262305267538334,45
2032Q4,11,0.362423007728903,-0.3115075017066523,0.39486978686297963,-0.16074859913670053,-0.13351711953150752,0.0010096259383572041,0.002457340943784573,0.00979319194644468,0.002457340943784573,0.001105803424703058,0.004423213698812232,0.0026465591133414132,0.001190951601003636,0.004763806404014544,0.1935401963216669,0.07329967757798198,0.6341530837411697,1.0989852617648872,0.0,1.0989852617648872,0.4648321657331075,0.46483217802371746,0.6315116716807552,1.0990164209412996,1.09857296247796,0.0,0.00041229928692709805,1.0,-4.612972433908599,0.5769062917898562,0.0,1.0,-0.1720990555352804,0.13624525365976578,45
2033Q1,12,0.5657578296660448,0.18583283728538635,0.34409562891678097,-0.19608988129960503,-0.6444789539697405,0.001190951601003636,0.0020181802201674195,0.008048315436280595,0.0020181802201674195,0.0009081810990753388,0.0036327243963013554,0.0013651747891183208,0.0006143286551032444,0.0024573146204129774,0.2002443192199473,0.06809187877675722,0.6583009403024562,1.1065504266577206,0.0,1.1065504266577206,0.4482494782570014,0.4482494863552644,0.6543122933427942,1.1038929653417124,1.1059048373697213,0.0,0.000645589287999293,1.0,-4.0287640297370775,0.5190620743186045,0.0,1.0,-0.40375646780644886,1.6520973271930837,45
2033Q2,13,1.3385043181800493,0.17797681044102495,0.8033944489914752,0.7023672198597772,-0.1907692234639173,0.0006143286551032444,0.002117688067065786,0.008443882619614151,0.002117688067065786,0.0009529596301796038,0.003811838520718415,0.002622566031943327,0.0011801547143744972,0.004720618857497989,0.1986728104148115,0.06936515070198436,0.6504263513468356,1.1015955897773146,0.0,1.1015955897773146,0.4511692188171508,0.45116923843047907,0.6486080650470556,1.1026947592376624,1.1013115762704393,0.0,0.0002840135068753469,1.0,-4.218332088779631,0.5374530541635886,0.0,1.0,-0.34665150955271656,1.713983071440426,45
2033Q3,14,0.9596600374634977,0.005086465182225372,0.16567546200760133,-0.13410224862971998,0.26011991048853633,0.0011801547143744972,0.002134566302872529,0.008510965854445218,0.002134566302872529,0.0009605548362926382,0.0038422193451705527,0.002878226955617886,0.0012952021300280487,0.005180808520112195,0.19840937113996918,0.06957523524597507,0.6490537778727681,1.1006344763265894,0.0,1.1006344763265894,0.45158069282786695,0.4515806984538213,0.6476751977147109,1.102497527993042,1.1004207302596072,0.0,0.0002137460669822122,1.0,-4.251995758900594,0.5407043737600313,0.0,1.0,-0.33844385005475924,1.9105084181496268,45
2033Q4,15,0.7158091334335661,-0.8174311709512814,0.5908961699645757,1.0422365076722666,-0.8888621579439961,0.0012952021300280487,0.0018512136970327301,0.0073843181998536345,0.0018512136970327301,0.0008330461636647286,0.0033321846546589145,0.0017200348120776881,0.0007740156654349597,0.003096062661739839,0.20295313690919647,0.06581127805020562,0.6676222721213146,1.106993040744229,0.0,1.106993040744229,0.4393707498308588,0.43937076862291435,0.664752094944261,1.106053787336256,1.1065330665994602,0.0,0.0004599741447688377,1.0,-3.8182695282184076,0.4978529371564058,0.0,1.0,-0.5135276494444165,1.739152317001587,45
2034Q1,16,0.34937118940373846,0.4624249292018259,0.9117407216817448,-0.3399044555537978,-0.4315446829808422,0.0007740156654349597,0.00448704823235054,0.017827752274773956,0.00448704823235054,0.002019171704557743,0.008076686818230972,0.003358422577453023,0.0015112901598538604,0.0060451606394154415,0.16921035796298428,0.0889237999405906,0.5759204544144677,1.088050807185479,0.0,1.088050807185479,0.5121303527004616,0.5121303527710114,0.5702966612366188,1.0841867061714772,1.087191001764508,0.0,0.0008598054209711936,1.0,-6.210621911642985,0.7363509010044447,0.0,1.0,0.4190464567478534,1.0831346570831755,45
2034Q2,17,-0.9321346158190952,0.9192432467675056,0.5086124581846393,-0.4579139868425184,-0.5814200293136833,0.0015112901598538604,0.00718831397782121,0.028444707828393256,0.00718831397782121,0.0032347412900195446,0.012938965160078178,0.011778659534590539,0.005300396790565743,0.02120158716226297,0.14894091539127968,0.10124695025006136,0.5270165905821532,1.0606048167648363,0.0,1.0606048167648363,0.5335882252762822,0.5335882261826831,0.5279450482149354,1.0715037198851642,1.0430943575065792,0.001761722820199485,0.017510459258257116,1.0,-7.859738671968367,0.897473470406271,0.0,1.0,0.9258397914999897,0.14270517794293985,45
2034Q3,18,-1.0256628772245693,1.6599826914153972,1.4673449405244734,-1.2012752276541523,-1.6266100999361197,0.005300396790565743,0.010115217100063384,0.039851092089105866,0.010115217100063384,0.004551847695028523,0.018207390780114092,0.008955140781962708,0.004029813351883219,0.016119253407532876,0.13636160020326357,0.11153611702986492,0.5031043247543803,1.064247361305882,0.0,1.064247361305882,0.5611430284403572,0.5611430365515018,0.4961418724946768,1.0606568743022573,1.0633582431570319,0.0,0.0008891181488501765,1.0,-8.748891171693646,0.9876593038174815,0.0,1.0,1.445940832444898,-0.07533994360548099,45
2034Q4,19,-1.881797791278959,1.4147333151783092,1.8561973824815297,-2.1922442182911146,-1.2307917852557253,0.004029813351883219,0.01059611936516483,0.04171555721433984,0.01059611936516483,0.004768253714324174,0.019073014857296695,0.010357331249228696,0.004660799062152913,0.018643196248611653,0.1349052556964997,0.11310792212939984,0.49758986000161914,1.0604034329519485,0.0,1.0604034329519485,0.562813551374421,0.5628135729503294,0.49156775343018033,1.0590336984950603,1.0596723973345503,0.0,0.0007310356173981791,1.0,-8.975480109776804,1.0096872119155276,0.0,1.0,1.5451012763633494,0.03771726453436407,45
2035Q1,20,-1.468680273204038,2.1943537981355536,3.1390421771573376,-0.36214750723311073,-1.7899808559187067,0.004660799062152913,0.011825293712902404,0.04646874435010029,0.011825293712902404,0.005321382170806082,0.02128552868322433,0.010244962265154069,0.004610233019319331,0.018440932077277324,0.13175236533311532,0.117032662135772,0.48817899591974545,1.0595078820512436,0.0,1.0595078820512436,0.5713288749125598,0.5713288861314981,0.48046328747457734,1.0550427213111029,1.0585673551708688,0.0,0.0009405268803748257,1.0,-9.362391845702327,1.0484289515509133,0.0,1.0,1.8520447513192626,0.1737830765306553,45
2035Q2,21,-1.3907479906525984,0.916762735171579,1.6990407461196795,-1.1249024974545623,-1.4367908332673078,0.004610233019319331,0.010289869825864204,0.04052853759053976,0.010289869825864204,0.004630441421638892,0.01852176568655557,0.008434712490366605,0.0037956206206649725,0.01518248248265989,0.1358166765816198,0.11210960999317678,0.5022469687756596,1.0653141012407972,0.0,1.0653141012407972,0.5630671178969443,0.5630671324651376,0.49446438920995733,1.060063091107742,1.0643020250685746,0.0,0.0010120761722225424,1.0,-8.780479267590826,0.9910523061384175,0.0,1.0,1.487125001615379,-1.1982838135369667,45
2035Q3,22,-1.6569293112697554,1.4991404879402992,1.9394410818446988,-1.0547387345303443,-1.061971958860343,0.0037956206206649725,0.011368306529039293,0.04470365594024883,0.011368306529039293,0.005115737938067682,0.02046295175227073,0.012232859355448336,0.005504786709951751,0.022019146839807005,0.13283670885586454,0.1155877738030448,0.48949408079262796,1.0552894004676885,0.0,1.0552894004676885,0.5657953108858762,0.5657953196750605,0.4844995696222172,1.0565013098234213,1.0547252597781953,0.0,0.0005641406894931755,1.0,-9.316303918399175,1.0429256051299656,0.0,1.0,1.7367422159230244,-1.94998575704459,45
2035Q4,23,-1.9188251891840515,0.5153576291683278,1.803179952040686,-0.011105215978180816,-0.8950961978544563,0.005504786709951751,0.009691065012246602,0.038204391395176396,0.009691065012246602,0.004360979255510971,0.017443917022043884,0.008156156823924359,0.0036702705707659616,0.014681082283063846,0.1377657451427968,0.11012966856598538,0.5076143641383957,1.066648392555298,0.0,1.066648392555298,0.5590340168189493,0.5590340284169024,0.500297756056267,1.0621201548243069,1.0656877417107171,0.0,0.0009606508445809681,1.0,-8.568696619382797,0.9699993913675136,0.0,1.0,1.3732529135502274,-1.9268777053720179,45
2036Q1,24,-0.48512691499277083,0.6755262575057799,1.1252623491358023,-1.3579292392523497,-0.8951352936783274,0.0036702705707659616,0.008093772813751874,0.03198415287837397,0.008093772813751874,0.0036421977661883435,0.014568791064753374,0.007773750308953173,0.003498187639028928,0.013992750556115712,0.14424678663880613,0.10460853209959758,0.5227207849232878,1.0695313379822908,0.0,1.0695313379822908,0.546810540087746,0.5468105530590031,0.5171967539526465,1.0679382977610563,1.0687965417478142,0.0,0.0007347962344765868,1.0,-7.99765385025294,0.913067197386265,0.0,1.0,1.0880096725132447,-1.5482602583401852,45
2036Q2,25,-1.7308721114324763,0.799491495205211,1.5810405279582205,-1.0837982494448772,-0.23312484978325432,0.003498187639028928,0.008206253566944632,0.0324231646688502,0.008206253566944632,0.0036928141051250844,0.014771256420500338,0.008191844894454297,0.003686330202504434,0.014745320810017736,0.14372035426582697,0.10501199398990974,0.521109291639361,1.068336551789654,0.0,1.068336551789654,0.5472272580171871,0.5472272601502929,0.5159300772609295,1.067510528568949,1.067657366717962,0.0,0.0006791850716918457,1.0,-8.05869572126646,0.9189832419241415,0.0,1.0,1.1075746910148045,-1.6261179242581056,45
2036Q3,26,-0.43824523970537244,1.0281194605256176,1.953651314259179,-0.7358605603628298,-0.5940896193615745,0.003686330202504434,0.009983964437837053,0.039341751328125785,0.009983964437837053,0.004492783997026674,0.017971135988106696,0.01088460270781931,0.00489807121851869,0.01959228487407476,0.13678363284934672,0.11110303080073165,0.5020052487241833,1.0597483071824505,0.0,1.0597483071824505,0.5577430461113189,0.5577430584582672,0.4974152153617814,1.0611064159417776,1.059202004680611,0.0,0.0005463025018395129,1.0,-8.80109091411022,0.9920110201925034,0.0,1.0,1.4248897265199383,-1.018527230712642,45
2036Q4,27,-1.631292383540869,1.0775461623601787,2.219695824402778,-0.43381000147752746,-1.601559151406435,0.00489807121851869,0.01084043421148663,0.042661728607914506,0.01084043421148663,0.004878195395168984,0.019512781580675934,0.012462724005800972,0.005608225802610438,0.02243290321044175,0.13421652915117477,0.11389807370949517,0.49332457794679463,1.0552117728240302,0.0,1.0552117728240302,0.5618871914168961,0.5618871948772356,0.48929607387940266,1.05822291092718,1.0547609117452752,0.0,0.0004508610787550271,1.0,-9.158712209236667,1.0270629951210561,0.0,1.0,1.6043625014630731,-0.9651598019493507,45
2037Q1,28,-1.3298143617420328,1.4161854727316618,1.625226124521696,-0.7293197719596075,-0.7854042759524891,0.005608225802610438,0.010568283813484191,0.041607712471270486,0.010568283813484191,0.004755727716067886,0.019022910864271544,0.008055648546317726,0.0036250418458429767,0.014500167383371907,0.13498584545432107,0.1130175527887475,0.5003938124546573,1.0659266753968921,0.0,1.0659266753968921,0.5655328411425685,0.5655328629422348,0.4918287446174488,1.059126654007197,1.0647982312934647,0.0,0.001128444103427384,1.0,-8.852509881917479,0.9984259463459049,0.0,1.0,1.5444684860535505,-0.9933517549247228,45
2037Q2,29,-1.2426108416375512,0.5750790032657547,0.32609608440716187,-1.4944847895662203,-0.25726478708228706,0.0036250418458429767,0.007962418670324992,0.03147128926814935,0.007962418670324992,0.0035830884016462465,0.014332353606584986,0.008989310417196595,0.004045189687738468,0.016180758750953872,0.14487659195964606,0.10413385675542311,0.5225232380906657,1.0666468478559512,0.0,1.0666468478559512,0.5441236002671324,0.5441236097652855,0.5186934269118797,1.0684417861715787,1.0661583627047793,0.0,0.0004884851511719468,1.0,-8.010356541193541,0.9137904644316157,0.0,1.0,1.0657303631131405,-1.5529139937876015,45
2037Q3,30,-1.1350584495181901,0.6217516602455297,0.6265190688163134,-0.9867067976968293,-0.7607849567895012,0.004045189687738468,0.006368685338812162,0.025232412051859554,0.006368685338812162,0.002865908402465473,0.011463633609861893,0.00649197662132333,0.0029213894795954982,0.011685557918381993,0.15398336500026577,0.09797215733455782,0.5432020918526742,1.0753889026669226,0.0,1.0753889026669226,0.5321868080745112,0.5321868108142483,0.5387476304342012,1.0749568980580826,1.074770685315871,0.0,0.0006182173510516087,1.0,-7.270568576211285,0.8409354681415331,0.0,1.0,0.7905822995131757,-0.9105899873080444,45
2037Q4,31,-0.20342990845849096,1.0598799434041966,0.6160331288826426,-1.2294456326183605,-1.0442972732940077,0.0029213894795954982,0.006270401091829249,0.024846681399064208,0.006270401091829249,0.0028216804913231623,0.01128672196529265,0.005518409231086601,0.0024832841539889705,0.009933136615955882,0.15464514751004516,0.09755996886038024,0.5457226778132369,1.0781295650897633,0.0,1.0781295650897633,0.5324068745386271,0.5324068872765264,0.5401303653605504,1.0753885907855345,1.0773289296066912,0.0,0.0008006354830720763,1.0,-7.181158142976807,0.8324325301436919,0.0,1.0,0.7733203033734006,-0.9084210204628246,45
2038Q1,32,-0.8768574809718772,1.0605077045993792,1.1001146681890581,-0.3862439523988781,-0.5972922777042267,0.0024832841539889705,0.007412408728944425,0.029321598141671346,0.007412408728944425,0.0033355839280249915,0.013342335712099966,0.009408394128556024,0.004233777357850211,0.016935109431400842,0.14769943000925817,0.10210006506155961,0.5276102574957249,1.0663006796397325,0.0,1.0663006796397325,0.5386904161745972,0.5386904221440076,0.5251844981723496,1.0705995579579952,1.0659958533223945,0.0,0.0003048263173379695,1.0,-7.827722015519483,0.895338424194098,0.0,1.0,0.9700600144461793,-1.0490612672846527,45
2038Q2,33,0.3331902774937482,0.992875993896378,1.1662716810081273,-0.21545192283259312,-0.11915440110023848,0.004233777357850211,0.005698808360200609,0.022601114193227745,0.005698808360200609,0.002564463762090274,0.010257855048361096,0.0062208603233753264,0.002799387145518897,0.011197548582075587,0.1587618313020227,0.09505764216415041,0.5523121580503417,1.077327086996858,0.0,1.077327086996858,0.5250149148285908,0.5250149289465164,0.5486350962976773,1.0779895966283215,1.0768122758164473,0.0,0.0005148111804107458,1.0,-6.96569680242212,0.810570293096693,0.0,1.0,0.6687505109903431,-0.5755912494160467,45
2038Q3,34,-1.1388994163676818,1.1084119189262265,1.0610338592753579,0.06321065782493518,-0.6112361637633085,0.002799387145518897,0.007253475392022236,0.02869974787404972,0.007253475392022236,0.0032640639264100066,0.013056255705640027,0.008281259965765904,0.003726566984594657,0.014906267938378627,0.14857420389440748,0.10149663739895706,0.5307201864372103,1.069383348073103,0.0,1.069383348073103,0.5386631432312442,0.5386631616358927,0.5271347985626285,1.0712392102285533,1.0689146147909772,0.0,0.00046873328212582166,1.0,-7.71158610820112,0.8842320438355173,0.0,1.0,0.9386834640083485,-0.1985734232616442,45
2038Q4,35,-0.9497263351735702,1.2828787485429882,0.8526648223153033,-0.5595755310560051,-0.6014100701733546,0.003726566984594657,0.006102244186816272,0.024186459982392106,0.006102244186816272,0.0027460098840673226,0.01098403953626929,0.00578774296706828,0.002604484335180726,0.010417937340722903,0.15580790731229097,0.09684325980104824,0.5475019670494681,1.077720727497701,0.0,1.077720727497701,0.5302187523655659,0.5302187604482329,0.5425468881970452,1.0761371826182284,1.0770173285030011,0.0,0.0007033989946998442,1.0,-7.122819256974704,0.8264774413622897,0.0,1.0,0.7398240034634248,-0.20476214143633015,45
2039Q1,36,-0.558550868766498,0.6256266887854915,2.0201102387458456,-1.2982074558981906,-0.9227954670183043,0.002604484335180726,0.00920125468162768,0.03630014905890411,0.00920125468162768,0.004140564606732456,0.016562258426929825,0.009898751838384763,0.004454438327273143,0.017817753309092573,0.1395404033727253,0.10847845364288103,0.5098583843120612,1.0629448812788143,0.0,1.0629448812788143,0.5530864910703015,0.553086496966753,0.5052536545892898,1.0638496531773913,1.062376401531027,0.0,0.0005684797477871761,1.0,-8.489833580288149,0.9613289197015418,0.0,1.0,1.2784817932546326,-1.0803352162993594,45
2039Q2,37,-2.051675279717585,0.9952818935212812,1.138955820668071,-0.8679079164346322,-0.5524346126370137,0.004454438327273143,0.009170399451243275,0.03618009816016843,0.009170399451243275,0.004126679753059474,0.016506719012237894,0.009872598356005832,0.004442669260202625,0.0177706770408105,0.13965804825315978,0.10837335940271263,0.5101623582735652,1.0630424499218145,0.0,1.0630424499218145,0.5528800860691653,0.5528800916482494,0.5055719049738221,1.0639601054972687,1.0624751924251092,0.0,0.0005672574967052757,1.0,-8.478029558893551,0.9601602866291525,0.0,1.0,1.2791539264490832,-2.270637104766324,45
2039Q3,38,-0.2614080537975503,1.2539798728044595,0.49767805274866034,-1.8832284446125116,-0.18585118485254928,0.004442669260202625,0.007713605051492747,0.030499254277249088,0.007713605051492747,0.003471122273171736,0.013884489092686945,0.00946249590313517,0.004258123156410827,0.017032492625643308,0.1461155005518202,0.1032235711999958,0.5244341832269032,1.065773889386001,0.0,1.065773889386001,0.5413396925203389,0.5413397061590978,0.521582999721208,1.069407661848744,1.065416297462132,0.0,0.00035759192386897176,1.0,-7.942750667204771,0.9068169435640663,0.0,1.0,1.024746221366864,-1.7679563776465523,45
2039Q4,39,-0.2992180599919888,0.8341003365838624,1.3154005467249357,-0.7113824925172065,0.215405424370939,0.004258123156410827,0.008014865069435965,0.0316760872163272,0.008014865069435965,0.0036066892812461845,0.014426757124984738,0.008329287926266771,0.003748179566820047,0.014992718267280188,0.14462315799349462,0.10432384937022636,0.5228155941584192,1.0682369525462196,0.0,1.0682369525462196,0.5454213529338832,0.5454213583878005,0.5180935414690916,1.0682402380939315,1.0676206387084486,0.0,0.0006163138377710542,1.0,-7.99668468937284,0.912720289370464,0.0,1.0,1.073018335384075,-1.2465741825022667,45
2040Q1,40,-1.9468268493896135,0.9280930696816073,0.6369903027872534,-1.5035979136233266,-0.9656568576065417,0.003748179566820047,0.008810296171277106,0.03477818621551099,0.008810296171277106,0.003964633277074698,0.01585853310829879,0.008753403869369543,0.003939031741216295,0.01575612696486518,0.141085433191726,0.1071363480385514,0.5147332566660265,1.0661996807572214,0.0,1.0661996807572214,0.5514664133318843,0.5514664240911948,0.5093433485929526,1.0652630925589386,1.0655064863907657,0.0,0.0006931943664556517,1.0,-8.298928295388931,0.942753797797677,0.0,1.0,1.215971021993844,-2.407888970386681,45
2040Q2,41,-0.41530505142014773,1.3048713363036264,1.2017887748291645,-0.5077209647289511,-0.5239985692933616,0.003939031741216295,0.008454002101597927,0.033389599224451505,0.008454002101597927,0.003804300945719067,0.015217203782876268,0.008040163422843562,0.003618073540279603,0.014472294161118412,0.1426013984246193,0.10589150770127047,0.518915556470866,1.0684030670420384,0.0,1.0684030670420384,0.5494875064434376,0.5494875105711724,0.5131862030121159,1.0665788776861922,1.0676478278824886,0.0,0.0007552391595497809,1.0,-8.139138859557804,0.9270958124155009,0.0,1.0,1.1473751401089052,-1.1229723567108754,45
2040Q3,42,-0.7517629099428282,0.7355391371272461,0.5386858187273205,-0.9409528005043166,-1.2387450939391225,0.003618073540279603,0.007725324646654964,0.03054505538876795,0.007725324646654964,0.003476396090994734,0.013905584363978936,0.008869926048252867,0.00399146672171379,0.01596586688685516,0.1460557630313909,0.10326679268106952,0.5250494215015252,1.067251129880472,0.0,1.067251129880472,0.5422016975751349,0.5422017083789469,0.5214452230687383,1.0693617981107386,1.0667894849247932,0.0,0.0004616449556789082,1.0,-7.917740607495467,0.9045825940278329,0.0,1.0,1.0257721228831636,-1.5863617322770875,45
2040Q4,43,-0.7681752076961335,0.7871153770976476,0.6986228221283752,-1.2636941182463493,-0.6472787106611533,0.00399146672171379,0.0047088843737379035,0.018702913102536578,0.0047088843737379035,0.0021189979681820567,0.008475991872728227,0.0050310718596310216,0.00226398233683396,0.00905592934733584,0.16710344250620607,0.09015615639547758,0.569410778902308,1.0827696513972107,0.0,1.0827696513972107,0.5133588723598719,0.5133588724949028,0.565849506859225,1.0829636558892488,1.0822519842639948,0.0,0.0005176671332158822,1.0,-6.416653696599495,0.7562013873231155,0.0,1.0,0.4835570066772381,-2.1364393184872355,45
2041Q1,44,-0.5270120593819883,1.0356018022396483,0.5506010255952067,-1.329840125640429,0.5563427384635562,0.00226398233683396,0.004694673592992377,0.018646868007016648,0.004694673592992377,0.00211260311684657,0.00845041246738628,0.004266960631937453,0.001920132284371854,0.007680529137487416,0.16723562346880447,0.0900789543876417,0.57077922780216,1.0849311940452453,0.0,1.0849311940452453,0.5141519602660413,0.5141519662430853,0.5661266654697164,1.0830406006782025,1.0842388989247904,0.0,0.0006922951204548777,1.0,-6.371109990045073,0.7519908667201355,0.0,1.0,0.481026082016515,-2.22073292202976,45
2041Q2,45,0.12808200470808206,-0.3667165713118678,-0.07451721911510885,-0.6338704059741999,-0.10557089457184879,0.001920132284371854,0.0037470639793569273,0.014904223231934521,0.0037470639793569273,0.0016861787907106174,0.00674471516284247,0.003636446955819395,0.0016364011301187279,0.0065456045204749114,0.1769560877844465,0.08430880840146307,0.5912079882623714,1.0896484078268007,0.0,1.0896484078268007,0.498440410078267,0.4984404195644293,0.5874024683433094,1.0886746889483596,1.0890713540513608,0.0,0.0005770537754399285,1.0,-5.762884964459365,0.6914520953158179,0.0,1.0,0.25649250731321993,-1.1605778623133625,45
2041Q3,46,0.29298203202817286,-0.42858027846979224,-0.48999349927562486,0.22367279147757713,0.5341181090751013,0.0016364011301187279,0.002283555427629159,0.009102981562522428,0.002283555427629159,0.0010275999424331217,0.004110399769732487,0.0032364386726194613,0.0014563974026787576,0.005825589610715031,0.1961224071220526,0.07136070408496649,0.6409553679243426,1.0983456444805093,0.0,1.0983456444805093,0.4573902634211983,0.4573902765561667,0.6398394805875384,1.100825659062549,1.0981744271621163,0.0,0.00017121731839297993,1.0,-4.448274122791313,0.5601710148764525,0.0,1.0,-0.24955618104742056,-0.32798461262873907,45
2041Q4,47,0.2388859139994065,-0.6292552105884399,-0.6919064240556878,0.3828196049297517,0.2926289493686205,0.0014563974026787576,0.0024896448362185172,0.009921451044566765,0.0024896448362185172,0.0011203401762983328,0.004481360705193331,0.0029554129171721556,0.0013299358127274701,0.005319743250909881,0.19307009533818717,0.0736445174101488,0.6322133402833134,1.0978038095423284,0.0,1.0978038095423284,0.46559046345422805,0.4655904692590149,0.6300497500609137,1.0986950634520483,1.0974691007461734,0.0,0.00033470879615493665,1.0,-4.662744680414901,0.5817445322287627,0.0,1.0,-0.1549036934443889,-0.47124712671500524,45
2042Q1,48,0.4575222378016313,-0.46687280615369586,-0.8412175076767695,0.18184206121698931,-0.07037990690764062,0.0013299358127274701,0.0016432098697344536,0.006556656387169069,0.0016432098697344536,0.0007394444413805041,0.0029577777655220164,0.0015444505966150375,0.0006950027684767669,0.0027800110739070677,0.20645801526293858,0.06268047930155175,0.6822423282026832,1.1098751080693217,0.0,1.1098751080693217,0.4276327613155076,0.4276327798666385,0.679574975520396,1.1090598343640339,1.1094455309936844,0.0,0.00042957707563728853,1.0,-3.4964982346876194,0.4657548207002852,0.0,1.0,-0.6695280090817133,-0.6155357227404787,45
2042Q2,49,0.17732364766492775,-0.3061988626842609,-0.4616320352241154,0.7611704587375568,0.8910988883230861,0.0006950027684767669,0.0018306293242121834,0.0073024346025294395,0.0018306293242121834,0.0008237831958954826,0.0032951327835819303,0.0017442201032172163,0.0007848990464477474,0.0031395961857909895,0.20329345816500516,0.06551656405173067,0.668889767037281,1.107123371459001,0.0,1.107123371459001,0.4382335926564523,0.43823360442172,0.6661227014301165,1.106334632269977,1.1066802231085626,0.0,0.0004431483504383493,1.0,-3.78999530028232,0.4950146309817842,0.0,1.0,-0.5096561801785515,-1.7033592224860867,45
2042Q3,50,-0.17422214029228567,-1.5332422006017203,-1.0287433435725908,0.050116006971075516,0.8676805822024496,0.0007848990464477474,0.0017811782462324823,0.0071057000030309014,0.0017811782462324823,0.0008015302108046171,0.0032061208432184684,0.0011833169880752174,0.0005324926446338478,0.002129970578535391,0.2041168364573676,0.06479554443275341,0.6732735469925695,1.1095248237787507,0.0,1.1095248237787507,0.4362512602955453,0.43625127678618125,0.6694972090974962,1.1070234644959784,1.1089105077339063,0.0,0.0006143160448444096,1.0,-3.6901286341850645,0.48528037077387265,0.0,1.0,-0.5484834424435743,-1.390140623224404,45
2042Q4,51,0.6949390582249414,-1.6660136076651801,-1.0008022141730308,-0.24057756494250976,0.5101361843696902,0.0005324926446338478,0.001235086499486257,0.004931200899845445,0.001235086499486257,0.0005557889247688157,0.0022231556990752626,0.0011914945568775725,0.0005361725505949076,0.0021446902023796303,0.2137781323081535,0.055339631138553065,0.7190323320616427,1.116942177791939,0.0,1.116942177791939,0.3979098403298491,0.3979098457302963,0.7167961292144555,1.1163619330088506,1.1165784856194538,0.0,0.00036369217248521934,1.0,-2.744942094420747,0.3907580368914798,0.0,1.0,-1.258105669029493,-1.8026526931118778,45
2043Q1,52,0.5167136435757044,-1.2166452016898752,-1.1612900504359516,0.289632568310243,1.5999211829888016,0.0005361725505949076,0.0013186393656330587,0.005264133772301172,0.0013186393656330587,0.0005933877145348764,0.0023735508581395055,0.0017193216506116908,0.0007736947427752609,0.0030947789711010436,0.21222996282388004,0.056996318094466744,0.7093707093411956,1.1136859152843606,0.0,1.1136859152843606,0.4043151859650829,0.40431520594316495,0.7080726952831343,1.114676872507844,1.113477891589134,0.0,0.00020802369522665565,1.0,-2.9367382311519528,0.40970012837242,0.0,1.0,-1.0803090103885964,-1.6307410687814021,45
2043Q2,53,0.5194021829972478,-0.7237140300638987,0.018566849283463027,-0.40080274638793556,1.326078291291756,0.0007736947427752609,0.0017036812737055561,0.006797329687046605,0.0017036812737055561,0.0007666565731675002,0.003066626292670001,0.002013408618933286,0.0009060338785199788,0.003624135514079915,0.2054238433899227,0.06362698244930436,0.6768967473610982,1.1075857397029731,0.0,1.1075857397029731,0.430688974643358,0.43068899234187497,0.6750316468182574,1.1081454890089832,1.1072893012545624,0.0,0.00029643844841076294,1.0,-3.614361971567634,0.4773301632782434,0.0,1.0,-0.6171894757206238,-0.3300917387424236,45
2043Q3,54,0.008075287245340679,-1.2392249012966519,-1.2317403556832036,0.620912469507907,0.4560509620619764,0.0009060338785199788,0.0013875076563009282,0.005538490241313698,0.0013875076563009282,0.0006243784453354177,0.002497513781341671,0.0013080707475306532,0.000588631836388794,0.002354527345555176,0.21097340678862087,0.058296884865442655,0.7038014915485564,1.1140958509359236,0.0,1.1140958509359236,0.41029434520933006,0.41029435938736714,0.7013610214713044,1.1133703961335797,1.1137002173467774,0.0,0.00039563358914618263,1.0,-3.0464379885470314,0.4208551670183144,0.0,1.0,-0.9662241237123207,-1.4019007286036134,45
2043Q4,55,0.36266309368775895,-0.3016660871909445,0.7045014575113558,0.5314879130190544,0.009236332560928151,0.000588631836388794,0.001611113115040138,0.006428895068377849,0.001611113115040138,0.0007250009017680621,0.0029000036070722483,0.001914640121718362,0.0008615880547732629,0.0034463522190930516,0.20701208259058512,0.062165088154581424,0.6838697401829873,1.1089979763591162,0.0,1.1089979763591162,0.42512822684726104,0.42512823617612894,0.6820721919352059,1.1095599477542069,1.1087114757144707,0.0,0.0002865006446455265,1.0,-3.4632835014832017,0.4622667620935469,0.0,1.0,-0.6981605868593992,-0.9790370989203399,45
2044Q1,56,-0.1681402640552045,-0.554355817080894,-0.3489566714605023,-0.30348252411626364,-0.13530924695639646,0.0008615880547732629,0.0019189779436214632,0.007653845169200313,0.0019189779436214632,0.0008635400746296585,0.003454160298518634,0.00199318376170982,0.0008969326927694191,0.0035877307710776764,0.20184273044716872,0.06675987642729495,0.6628802481838353,1.1054182920350124,0.0,1.1054182920350124,0.44253803454847446,0.4425380438511771,0.6603742868192547,1.1051524554807992,1.10501976731251,0.0,0.00039852472250245796,1.0,-3.9266502389341307,0.5085680912006436,0.0,1.0,-0.45545712271170263,-0.3747830286358964,45
2044Q2,57,-0.06230070135114937,-0.22666685869991432,-1.1635299233078917,-0.023355710273163237,0.1833837605077445,0.0008969326927694191,0.002026498979899264,0.008081389002916994,0.002026498979899264,0.0009119245409546688,0.003647698163818675,0.0022919569757228683,0.0010313806390752909,0.0041255225563011635,0.20011173058769105,0.0682006625525564,0.6560300357677411,1.1034468792335532,0.0,1.1034468792335532,0.44741683093737217,0.4474168434658121,0.65382153546977,1.1037903902835549,1.1030986292279814,0.0,0.0003482500055718152,1.0,-4.085518125553922,0.5243204319163169,0.0,1.0,-0.38514529002441844,-0.8588291979856111,45
2044Q3,58,0.15916398729457393,0.29355779869763354,0.00259302542681962,-0.24589067455748986,-0.08382036847086385,0.0010313806390752909,0.002449353901893542,0.009761478342335428,0.002449353901893542,0.001102209255852094,0.004408837023408376,0.0023656284726211257,0.0010645328126795066,0.004258131250718026,0.1936569000582294,0.07321369421778455,0.6350084095711669,1.0999215399247966,0.0,1.0999215399247966,0.46491311524065104,0.4649131303536297,0.6318770812389602,1.099096562177804,1.099428810782555,0.0,0.0004927291422416324,1.0,-4.590468031173202,0.5747822703046407,0.0,1.0,-0.1777578676409415,0.5393305497487353,45
2044Q4,59,0.18503348318936103,-0.4853999679111162,-0.24043861600485694,-0.12971785038039885,-0.07440838493741485,0.0010645328126795066,0.0019636270043055684,0.00783140330193799,0.0019636270043055684,0.0008836321519375058,0.0035345286077500234,0.001767775307963261,0.0007954988885834675,0.00318199555433387,0.20111935411233656,0.06736745837178965,0.6606636176680986,1.1057359160324154,0.0,1.1057359160324154,0.4450722876101158,0.44507229836431683,0.6575969622955771,1.1045771145073218,1.105245113139237,0.0,0.000490802893178488,1.0,-3.9762507149231454,0.5136295726037311,0.0,1.0,-0.4366351091467881,1.4934775502143096,45
2045Q1,60,1.2522794890436462,-0.31814677782873196,-0.8244884491494738,-0.12061412995412335,-0.21536279612666312,0.0007954988885834675,0.0018741613562988872,0.007475596859944589,0.0018741613562988872,0.0008433726103344992,0.003373490441337997,0.0018357813921888776,0.0008261016264849949,0.0033044065059399798,0.20257540697254794,0.06613617618257774,0.6659461952030946,1.1063775684440322,0.0,1.1063775684440322,0.4404313489406917,0.4404313732409376,0.6632469093881519,1.105744636847721,1.1059463872711426,0.0,0.00043118117288964974,1.0,-3.8564887971711217,0.5016227780906272,0.0,1.0,-0.4948905075927424,1.2826734863478415,45
2045Q2,61,0.9704263319839315,-0.4143353310488027,-0.8912077502476939,0.35158982171369846,1.014726497471214,0.0008261016264849949,0.0016763770686906532,0.006688665670494531,0.0016763770686906532,0.000754369680910794,0.003017478723643176,0.0011787251014599828,0.0005304262956569922,0.002121705182627969,0.20588923141498613,0.06320349991852209,0.6805780047276722,1.1107271400947156,0.0,1.1107271400947156,0.4301491186635335,0.43014913536704347,0.6770576247280551,1.1085539443892036,1.110154389276005,0.0,0.0005727508187105546,1.0,-3.5306968843744775,0.4693392621417908,0.0,1.0,-0.6444807133601853,0.3172205305404697,45
2045Q3,62,0.721326153114588,-0.020105329044903197,0.7058497565412017,0.3983288728070099,0.18715804424478116,0.0005304262956569922,0.0021636601310948316,0.008626592467538052,0.0021636601310948316,0.0009736470589926743,0.003894588235970697,0.0032688604813589017,0.0014709872166115058,0.005883948866446023,0.19795736848635437,0.06993351530273176,0.6468116843705662,1.0991498457816145,0.0,1.0991498457816145,0.452338148269147,0.4523381614110482,0.6460896349619463,1.102161442215399,1.0990391627354648,0.0,0.00011068304614969549,1.0,-4.307160124100441,0.5460450251934326,0.0,1.0,-0.30941241566897,-0.5541029505054362,45
2045Q4,63,0.787714007169021,-0.6355295435763331,-0.6233583842430738,-0.3261293808422253,0.15235495971676338,0.0014709872166115058,0.0023292911196446772,0.00928466141760187,0.0023292911196446772,0.0010481810038401047,0.004192724015360419,0.0021828667393707793,0.0009822900327168507,0.003929160130867403,0.1954340430082343,0.07188525235500348,0.6407482040930134,1.1013516925440083,0.0,1.1013516925440083,0.46060346347241543,0.46060348845099497,0.6375682617221041,1.1003357047705653,1.100848698482651,0.0,0.0005029940613572315,1.0,-4.448577139099202,0.5606754238772033,0.0,1.0,-0.22567542422173512,-0.6865059945815641,45
2046Q1,64,-0.8129278592090888,0.33751959680820065,-0.10784700859066773,-0.14274203762847273,1.1481624808368511,0.0009822900327168507,0.00402218865990859,0.01599194665210968,0.00402218865990859,0.0018099848969588654,0.007239939587835462,0.003921015208948331,0.0017644568440267488,0.007057827376106995,0.17394119168072444,0.08612742488178526,0.5844812628261119,1.0878799325107975,0.0,1.0878799325107975,0.5033986605886694,0.5033986696846856,0.5805740165544374,1.086922384612396,1.0872924568114097,0.0,0.0005874756993877739,1.0,-5.95883274102147,0.7109188172581202,0.0,1.0,0.32325198986580767,-0.860084807089987,45
2046Q2,65,0.10547669752176797,0.4423637619217336,0.43424574681699335,-0.03525622271088442,0.5476785131163605,0.0017644568440267488,0.003379236053078894,0.013448583017282023,0.003379236053078894,0.0015206562238855024,0.0060826248955420095,0.003286667805692751,0.001479000512561738,0.005916002050246952,0.18125604827630892,0.08164187923333001,0.6012474131636948,1.0921171130890455,0.0,1.0921171130890455,0.4908696869486244,0.4908696999253507,0.5976343824232547,1.0912126262202622,1.0915635606678218,0.0,0.0005535524212236798,1.0,-5.478877979714793,0.6632087974589175,0.0,1.0,0.14867612898558058,0.3066868431842541,45
2046Q3,66,0.041646114547497046,0.3937868059093268,-0.6292305474396422,-0.3311625076971183,0.6228598767243925,0.001479000512561738,0.0029888221143962988,0.011901796829277611,0.0029888221143962988,0.0013449699514783344,0.0053798798059133375,0.0036981938883539466,0.0016641872497592761,0.0066567489990371044,0.18618156178864673,0.07844697415782755,0.612328017575031,1.0926808221574178,0.0,1.0926808221574178,0.48035280170822225,0.4803528045823868,0.6102565768977469,1.0942162251309766,1.0923672927752717,0.0,0.00031352938214612713,1.0,-5.179758013256276,0.6331116140758682,0.0,1.0,0.03131382913755494,-0.2863689840325197,45
2046Q4,67,-0.06108532305717325,0.34755049836552987,0.2575346671495896,-0.6240042032509476,-0.495776536820275,0.0016641872497592761,0.0036079077811945587,0.014353716820512008,0.0036079077811945587,0.0016235585015375515,0.006494234006150206,0.004118019448354048,0.0018531087517593217,0.007412435007037287,0.17854559789127528,0.08333420466108482,0.5938689677170952,1.0887649487617237,0.0,1.0887649487617237,0.4948959809760359,0.4948959810446285,0.5911108294859028,1.0896061401146337,1.0883526928398313,0.0,0.00041225592189242377,1.0,-5.689262428802008,0.6838731341284415,0.0,1.0,0.2130139570906624,0.1376465104949172,45
2047Q1,68,-0.06893864174006403,-0.4084108522599953,-0.2859806823879374,-0.40736217920431506,0.2953331931062481,0.0018531087517593217,0.0036165135854232446,0.014387768351538432,0.0036165135854232446,0.00162743111344046,0.00650972445376184,0.002496345281501796,0.001123355376675808,0.004493421506703232,0.17844600433600666,0.08339563185144916,0.5962354110516861,1.0934697065089891,0.0,1.0934697065089891,0.49723428836863875,0.497234295457303,0.5908760684085976,1.0895475770247673,1.0926295414086857,0.0,0.0008401651003033805,1.0,-5.6151322765792555,0.6771898722812497,0.0,1.0,0.21798389138928673,-0.3609192649280771,45
2047Q2,69,-0.4108605605495581,0.38175400622588673,0.025282564134810226,-0.01258778764449621,0.37334702408443865,0.001123355376675808,0.003668628013417412,0.01459395638530947,0.003668628013417412,0.0016508826060378354,0.0066035304241513415,0.0030259054946633218,0.001361657472598495,0.00544662989039398,0.1778465562848813,0.08376431433101064,0.5940853829584728,1.091716936326354,0.0,1.091716936326354,0.4976315475759235,0.4976315533678811,0.5894699687998322,1.0891956842563661,1.0910043928794848,0.0,0.0007125434468691072,1.0,-5.678213755086898,0.6832597180360913,0.0,1.0,0.22822195785868946,0.30800855893344226,45
2047Q3,70,-0.613134373988097,0.06895220371017302,-0.2896858005189096,-0.5573197885349265,-0.8874698234082408,0.001361657472598495,0.0036255905697208848,0.01442368329642263,0.0036255905697208848,0.0016315157563743983,0.006526063025497593,0.003191045708756866,0.0014359705689405897,0.005743882275762359,0.1783411442640564,0.08346025323384294,0.5948973549769712,1.0914002047032558,0.0,1.0914002047032558,0.4965028389452137,0.49650284972628467,0.5906292484443884,1.0894859483208632,1.0907444515594409,0.0,0.0006557531438149411,1.0,-5.655982085967759,0.6809622380278353,0.0,1.0,0.21149174913411356,1.3046843740092882,45
2047Q4,71,-0.44259510848018785,-0.19734197624082417,0.01920612171864372,-0.40720978189945534,-0.18250162169578724,0.0014359705689405897,0.0027847702690669556,0.011092637726386023,0.0027847702690669556,0.00125314662108013,0.00501258648432052,0.0021896469191627207,0.0009853411136232244,0.0039413644544928975,0.1889140348739839,0.07659440019188707,0.6219688927236,1.098362258763612,0.0,1.098362258763612,0.47639334276176293,0.4763933660400119,0.6177701283798385,1.0959464232760898,1.0976982385052034,0.0,0.0006640202584085042,1.0,-4.919827541687263,0.607797413055103,0.0,1.0,-0.03616907466704571,-0.9440722224507477,45
2048Q1,72,-0.4227335326397866,0.053839066496623234,0.36089775012711617,-0.20836537301682423,-0.9423530049409985,0.0009853411136232244,0.0035696475549853455,0.014202317698846945,0.0035696475549853455,0.0016063413997434055,0.006425365598973622,0.004698247172402678,0.002114211227581205,0.00845684491032482,0.17899046719230996,0.08305919802771887,0.5939180044660632,1.0872215436172508,0.0,1.0872215436172508,0.4933035314517437,0.4933035391511875,0.5921635698403324,1.0898680963747243,1.0869638910539658,0.0,0.0002576525632849158,1.0,-5.690483037805819,0.6837340925530008,0.0,1.0,0.2025101977286664,0.17484200689999377,45
2048Q2,73,-0.14417728838658056,0.11145791712736564,0.5232906164945645,0.3664167444139224,-0.8625225647499735,0.002114211227581205,0.00350798129160643,0.013958262094463603,0.00350798129160643,0.0015785915812228934,0.006314366324891574,0.002672062671590711,0.00120242820221582,0.00480971280886328,0.1797147248899548,0.08260924492527212,0.5987605418279047,1.093392105408409,0.0,1.093392105408409,0.49463156251450024,0.4946315635805043,0.5938921138900676,1.0902959162927144,1.0926327488653815,0.0,0.0007593565430275007,1.0,-5.545191594770952,0.6701167312748794,0.0,1.0,0.18120264408098555,1.0053382682892973,45
2048Q3,74,0.43887772155705107,-0.3590122759286104,-0.26882787859075674,-0.4113482481292259,0.0958251549023865,0.00120242820221582,0.0023051078463132294,0.009188599216887194,0.0023051078463132294,0.0010372985308409533,0.004149194123363813,0.003108054001130592,0.0013986243005087665,0.005594497202035066,0.1957972325386548,0.07160920970194408,0.6401727550074747,1.0985954111244847,0.0,1.0985954111244847,0.45842265058801535,0.45842265611700994,0.6387617688147271,1.100593485541871,1.0983780998398718,0.0,0.00021731128461288662,1.0,-4.466769643250373,0.5620783400245285,0.0,1.0,-0.24627396647575409,0.9940047095700865,45
2048Q4,75,-0.08320183150639177,0.4947612069130706,-0.1230159622148656,0.028695501471121182,0.12291973280463366,0.0013986243005087665,0.002114596252985953,0.008431593709885443,0.002114596252985953,0.000951568313843679,0.003806273255374716,0.002719685901018198,0.001223858655458189,0.004895434621832756,0.19872116542231277,0.06932648649643387,0.6504050385177744,1.10130800811155,0.0,1.10130800811155,0.45090296120015044,0.4509029695937756,0.6487800064835367,1.1027310713486418,1.1010548908250033,0.0,0.0002531172865467557,1.0,-4.219273101743787,0.5375034515189205,0.0,1.0,-0.34128200444214124,0.4065407558790435,45
2049Q1,76,-0.5518499451721568,0.0650697790753616,0.40449130026873337,0.25290011777725485,-0.08918999057376839,0.001223858655458189,0.0032256510373011396,0.012840309342590617,0.0032256510373011396,0.0014515429667855129,0.0058061718671420515,0.003404411092276075,0.0015319849915242337,0.006127939966096935,0.18314769044819137,0.0804347584691066,0.6054487591092383,1.0924400074094287,0.0,1.0924400074094287,0.48699124704371893,0.48699124830019036,0.6023551022787885,1.0923512988331407,1.091967667420245,0.0,0.0004723399891837232,1.0,-5.363994195978325,0.6516674346063083,0.0,1.0,0.10215764351742251,0.5231503521418907,45
2049Q2,77,0.34633909146720754,-0.3990781535877836,-0.5506396031598418,1.5959767016819009,-0.6367010888393401,0.0015319849915242337,0.0018098818976170338,0.007219897259159391,0.0018098818976170338,0.0008144468539276653,0.003257787415710661,0.0013945058912838728,0.0006275276510777427,0.002510110604310971,0.20363790946637741,0.06521632138627652,0.6709434796941646,1.1085081487304356,0.0,1.1085081487304356,0.4375646560376133,0.437564669036271,0.6675242023625093,1.106621165072292,1.1079551670494407,0.0,0.000552981680994824,1.0,-3.7426601802462045,0.4904384903735427,0.0,1.0,-0.538263195403187,0.7409477041165764,45
2049Q3,78,-0.4316099548681319,-0.20290329156840756,-0.29303500586552916,-0.4542771391250789,0.12639264686247195,0.0006275276510777427,0.002983043147124608,0.011878887409800254,0.002983043147124608,0.0013423694162060737,0.005369477664824295,0.0037004916552026,0.00166522124484117,0.00666088497936468,0.1862574142818016,0.07839638424002444,0.6125138775742447,1.0927026202155063,0.0,1.0927026202155063,0.48018873298657777,0.48018874264126166,0.6104598061913259,1.0942635560252962,1.0923917410562285,0.0,0.0003108791592778548,1.0,-5.174812760934973,0.6326160548486561,0.0,1.0,0.03142426856222679,-0.6652313561402659,45
2049Q4,79,0.2788573169582632,-0.44310162328201025,-0.5319272795920138,-0.09633752237301392,0.41463208020658643,0.00166522124484117,0.0018938426607395691,0.007553877960079891,0.0018938426607395691,0.0008522291973328062,0.0034089167893312246,0.0014931363124932333,0.000671911340621955,0.00268764536248782,0.20225283398347627,0.06641181700599724,0.6654080268239985,1.1073175965127926,0.0,1.1073175965127926,0.4419095611175709,0.44190956968879413,0.6619746468054942,1.1054827212424398,1.1067638579393948,0.0,0.0005537385733977995,1.0,-3.867091948068139,0.5028372834661919,0.0,1.0,-0.4689317469972362,-1.0033661945642873,45
2050Q1,80,-0.15695302991474291,-0.6930947090067203,0.6789478895565638,-0.3408807613591982,0.6045047746634512,0.000671911340621955,0.0014483374871496802,0.005780776007941246,0.0014483374871496802,0.0006517518692173561,0.0026070074768694243,0.0009096019456110439,0.00040932087552496976,0.001637283502099879,0.2098779772794595,0.059400473840204644,0.699252786470634,1.1146122804993521,0.0,1.1146122804993521,0.415359468504391,0.4153594940287181,0.6957571295582955,1.1122723161807733,1.1140393185915582,0.0,0.0005729619077938786,1.0,-3.1370726803282114,0.4300979471572962,0.0,1.0,-0.8828692331116049,-0.8818006382198268,45
2050Q2,81,0.6407022474115871,-0.9365371433019286,-0.07792322742987551,1.142205738655564,0.24203455270736168,0.00040932087552496976,0.0014758310939017676,0.005890268764254358,0.0014758310939017676,0.0006641239922557954,0.0026564959690231816,0.0010759190372545138,0.0004841635667645312,0.0019366542670581249,0.2093872723477413,0.059886115695932766,0.6965229844195543,1.1136435508577847,0.0,1.1136435508577847,0.417120560298258,0.41712056643823037,0.6933170602383826,1.1117920003392805,1.1131204775122112,0.0,0.0005230733455734438,1.0,-3.193869561937375,0.435702792626973,0.0,1.0,-0.8546490879248307,0.4050504195055965,45
2050Q3,82,-0.062441106774349914,0.15201335265805543,-1.2402270688563253,0.8032675017767359,-0.6723366342976994,0.0004841635667645312,0.002419069739497917,0.009641224157921013,0.002419069739497917,0.0010885813827740628,0.004354325531096251,0.0021796517947206095,0.0009808433076242743,0.003923373230497097,0.19410111169981015,0.0728850261282556,0.6366755473829722,1.1007167024625533,0.0,1.1007167024625533,0.46404113906229366,0.4640411550795811,0.6332771202885832,1.099402956371414,1.1001790999554157,0.0,0.0005376025071375246,1.0,-4.548395376664231,0.5706586943587988,0.0,1.0,-0.1842947029837373,-0.7256207550904874,45
2050Q4,83,-0.3709339814076649,0.30556430249025734,-0.436313987866807,-0.6637635259261905,-0.15579339945877557,0.0009808433076242743,0.003400746263741114,0.01353375178985572,0.003400746263741114,0.0015303358186835013,0.006121343274734005,0.004354422702196843,0.0019594902159885794,0.007837960863954318,0.18099574778428745,0.08180622608512635,0.5989253444390167,1.0888835743403964,0.0,1.0888835743403964,0.4899582213529037,0.4899582299013797,0.5969960726151123,1.091057165702364,1.0885972605666097,0.0,0.0002863137737867394,1.0,-5.548166532271379,0.6696571630111493,0.0,1.0,0.15746072268442948,-0.18218547251593387,45
2051Q1,84,0.13647241497144402,0.10463693251197717,-0.2237601112010516,0.4978110514446604,0.8303098416402055,0.0019594902159885794,0.0034133902450431248,0.013583812527451444,0.0034133902450431248,0.001536025610269406,0.006144102441077624,0.003796155845840901,0.0017082701306284055,0.006833080522513622,0.18084326409383528,0.08190231147075124,0.5994823524228704,1.0904722572422139,0.0,1.0904722572422139,0.49098990349356597,0.49098990481934346,0.5966233668759973,1.0909662241976703,1.0900407868664754,0.0,0.0004314703757384297,1.0,-5.530140861444248,0.6681058160137964,0.0,1.0,0.15730605152854377,0.5191880031963629,45
2051Q2,85,0.5348661737608105,-0.5893242602611996,0.3119893027741471,-0.17178688272866297,0.3428372143664429,0.0017082701306284055,0.002631711927815996,0.010485365125245005,0.002631711927815996,0.0011842703675171982,0.004737081470068793,0.003219535066865977,0.0014487907800896898,0.005795163120358759,0.1910386067655232,0.07510780743185426,0.6259522213188972,1.0960912351113399,0.0,1.0960912351113399,0.4701389890036115,0.4701390137924427,0.6239085844977467,1.0973318863522228,1.09577751214723,0.0,0.0003137229641099193,1.0,-4.822147728995292,0.5975659821194395,0.0,1.0,-0.10184410029503095,0.48556639748656294,45
2051Q3,86,0.12790410740391844,0.1180940469910303,0.351625837734614,0.5928916388087595,0.03017574718219343,0.0014487907800896898,0.0022419069089663563,0.008937515803683294,0.0022419069089663563,0.0010088581090348604,0.004035432436139442,0.0023334938191248737,0.0010500722186061932,0.004200288874424773,0.19675480210074447,0.07087367717289457,0.6446466020261526,1.1015313742643282,0.0,1.1015313742643282,0.45688475162604986,0.4568847722381756,0.6419606255189154,1.1012810067717993,1.101108334904213,0.0,0.00042303936011522936,1.0,-4.354875661336138,0.5512374939150075,0.0,1.0,-0.2731313717978367,0.22095949943848575,45
2051Q4,87,0.08727427026427721,-0.02382275582576554,-0.09555504586031638,0.326655654665081,-0.13044168401766007,0.0010500722186061932,0.0035578019504974275,0.014155440051435875,0.0035578019504974275,0.0016010108777238423,0.006404043510895369,0.0036553405105898525,0.0016449032297654338,0.006579612919061735,0.17912889607552734,0.08297341458902867,0.5958824980701016,1.090306569219415,0.0,1.090306569219415,0.4944240555871662,0.4944240711493133,0.5924925322412383,1.0899497338928874,1.089792816617573,0.0,0.0005137526018419436,1.0,-5.630280814177064,0.678183178187941,0.0,1.0,0.1975113700189626,0.5081810445018016,45
2052Q1,88,-0.41306404858736623,-0.2555608312897397,0.05668842741690575,-0.671805608179393,0.2941007898959778,0.0016449032297654338,0.0031457504092315663,0.012523751583361054,0.0031457504092315663,0.001415587684154205,0.00566235073661682,0.0035352176625787564,0.0015908479481604404,0.006363391792641762,0.18415513685989113,0.07978212580478698,0.6076331791942925,1.0924158541410867,0.0,1.0924158541410867,0.4847826674564172,0.48478267494679417,0.6049315114687371,1.0929648295062082,1.0920049533887715,0.0,0.00041090075231520196,1.0,-5.305205854776348,0.6457297375294744,0.0,1.0,0.08189557202382276,-0.285503289626153,45
2052Q2,89,-0.3855935522808086,0.17864863278694504,0.20088455468273655,-0.17857231109314992,0.1799692995749752,0.0015908479481604404,0.003969642639445882,0.015784272148867684,0.003969642639445882,0.0017863391877506471,0.0071453567510025885,0.002746840992530206,0.0012360784466385927,0.004944313786554371,0.17450422029838025,0.0857904307164688,0.5874525674220386,1.0914306567567735,0.0,1.0914306567567735,0.5039780878463211,0.503978089334735,0.5818305458883901,1.087248583945388,1.0905556497355635,0.0,0.0008750070212100169,1.0,-5.867011700777125,0.7022650916310739,0.0,1.0,0.3075264797006223,-0.2930682810122445,45
2052Q3,90,0.36876196876858713,0.18968237344400943,0.7183793243453834,0.2738046818218363,0.5288973202474323,0.0012360784466385927,0.002775028126385392,0.011053993239162896,0.002775028126385392,0.0012487626568734264,0.0049950506274937054,0.0018702710769074656,0.0008416219846083596,0.003366487938433438,0.18904732097885388,0.07650237722114518,0.6228821865309134,1.09940189391714,0.0,1.09940189391714,0.47651967998319655,0.4765197073862265,0.6181472429660277,1.096032237820436,1.0986462737242402,0.0,0.0007556201928997641,1.0,-4.894816140421438,0.6054399920575354,0.0,1.0,-0.04658476842471063,0.329908276704187,45
2052Q4,91,-0.2588341368210636,-0.5605520977778071,0.49074072225922527,0.3179206426327914,0.03514517009911808,0.0008416219846083596,0.0020750375349241276,0.008274351175155514,0.0020750375349241276,0.0009337668907158575,0.00373506756286343,0.0018797267731701683,0.0008458770479265758,0.003383508191706303,0.19934252058758573,0.06882678819847081,0.654139169411346,1.104362167365558,0.0,1.104362167365558,0.45022298065398325,0.45022299795421195,0.6510093059378901,1.1032007639552186,1.1038628250987708,0.0,0.0004993422667871616,1.0,-4.127725295119003,0.5287266524639738,0.0,1.0,-0.3641421384785163,0.5097188597899763,45
2053Q1,92,0.025266539893092854,-0.24480092052985278,-0.21135199622980655,0.49477360395810666,-0.27380236085271126,0.0008458770479265758,0.0023820967861846575,0.009494394869685396,0.0023820967861846575,0.0010719435537830959,0.0042877742151323835,0.0022986146593840908,0.0010343765967228409,0.0041375063868913636,0.1946471241874791,0.07247797767059848,0.6381117826933331,1.1006023005513692,0.0,1.1006023005513692,0.4624905153739319,0.4624905178580361,0.6350182979237718,1.099782567557567,1.1001145933925625,0.0,0.0004877071588067494,1.0,-4.5135791926993605,0.5671235426732132,0.0,1.0,-0.20722949520186665,0.43561962360083295,45
2053Q2,93,-0.3528932398866319,0.7484685138917047,0.33422677038775706,0.06422702086709209,-0.41059140768631397,0.0010343765967228409,0.003365988586284033,0.013396127486767662,0.003365988586284033,0.0015146948638278149,0.006058779455311259,0.002802317725593272,0.0012610429765169725,0.00504417190606789,0.1814169200749557,0.08154010341975568,0.6024054721807995,1.0936075274292845,0.0,1.0936075274292845,0.49120204502249143,0.4912020552484849,0.5980301961443765,1.0913088441177186,1.0929276551663258,0.0,0.0006798722629586251,1.0,-5.444725069392436,0.6600114639627266,0.0,1.0,0.146758013343953,-0.04793828383915911,45
2053Q3,94,-1.000079889326705,-0.5476915681377574,0.06668152915694465,-1.1633323182559436,1.014668722001538,0.0012610429765169725,0.002823934767542989,0.011247981440235755,0.002823934767542989,0.001270770645394345,0.00508308258157738,0.002686815197641505,0.0012090668389386774,0.0048362673557547095,0.18838084016007278,0.07696093269035278,0.6196938646881712,1.0966160562467306,0.0,1.0966160562467306,0.4769221780889093,0.4769221915585594,0.6162717757287155,1.0956045216819623,1.0960825206443499,0.0,0.0005335356023807858,1.0,-4.981090621318532,0.6136999952929145,0.0,1.0,-0.02879571320851164,0.31485079124433074,45
2053Q4,95,0.45074799460828485,-0.3055826425558644,0.8198928893517912,-0.5327978604831349,0.30695292232575677,0.0012090668389386774,0.003241758400610914,0.01290411577736117,0.003241758400610914,0.0014587912802749114,0.005835165121099646,0.005328820277488627,0.0023979691248698825,0.00959187649947953,0.18294655002055923,0.08056422217383477,0.6018216214793463,1.0866745357386642,0.0,1.0866745357386642,0.48485290821879545,0.484852914259318,0.6018460466078607,1.092229427540713,1.0862722605707678,4.0579288244635414e-05,0.000402275167896482,1.0,-5.472198821119163,0.6616219129870464,0.0,1.0,0.10475603579044707,0.9471292975311402,45
2054Q1,96,1.0475723274306312,0.11277473011174603,0.12499671656466535,-1.1765180745862645,-0.5210141204149794,0.0023979691248698825,0.003278617870028217,0.013050116325587946,0.003278617870028217,0.0014753780415126979,0.005901512166050791,0.003418878697106528,0.0015384954136979376,0.0061539816547917505,0.1824887116295595,0.0808579018511977,0.6038778647511152,1.0921608480246543,0.0,1.0921608480246543,0.4882829711815651,0.48828298327353914,0.6006937685203968,1.0919527561883429,1.091674907032371,0.0,0.0004859409922832736,1.0,-5.4070246806265425,0.6559639726489563,0.0,1.0,0.11549966272847413,1.0034845629247306,45
2054Q2,97,0.8447189573702347,0.8411776234375017,0.2013275560140534,0.5021992311045755,-1.360817448975678,0.0015384954136979376,0.005006173940001742,0.019874826321278793,0.005006173940001742,0.0022527782730007843,0.009011113092003137,0.004866211149589999,0.0021897950173154998,0.008759180069261999,0.16442269230013304,0.09172140368536948,0.5646170333626777,1.0824917059414394,0.0,1.0824917059414394,0.5178746684469389,0.5178746725787617,0.560271027049983,1.0813941349672218,1.0818567455105943,0.0,0.0006349604308450996,1.0,-6.5650178204416525,0.7711119870268497,0.0,1.0,0.532193375675226,0.15489818491715165,45
2054Q3,98,0.36845548105696097,0.5096926633303555,0.08840049828943469,-0.08844164815267348,-0.019285278480684453,0.0021897950173154998,0.004288389781659757,0.017043532525793936,0.004288389781659757,0.0019297754017468906,0.0077191016069875626,0.003506282072931748,0.0015778269328192867,0.006311307731277147,0.1711782745343195,0.08776702104385468,0.5795594649623317,1.0882215447837926,0.0,1.0882215447837926,0.5086620775751413,0.5086620798214609,0.5745162535426687,1.085324842614536,1.0874538584133477,0.0,0.0007676863704448866,1.0,-6.102263066995589,0.7254484797667397,0.0,1.0,0.37697015629142294,0.7008086451962651,45
2054Q4,99,-0.07897052675819284,0.8148121987512398,-0.5063755728903359,0.18343592310297707,0.49645417716910345,0.0015778269328192867,0.0035348215538069504,0.014064492948464014,0.0035348215538069504,0.0015906696992131278,0.006362678796852511,0.0028606692545948063,0.001287301164567663,0.005149204658270652,0.17939838843988232,0.08280611992634535,0.5977521298056662,1.0927274876791355,0.0,1.0927274876791355,0.4949753454691634,0.49497535787346936,0.5931348604071555,1.0901088424679686,1.092011224582924,0.0,0.0007162630962114225,1.0,-5.574215120736977,0.6729342109091301,0.0,1.0,0.19498385078737634,-0.19056138023087835,45
2055Q1,100,0.1464696882015136,0.6136399982989282,0.04772585807262662,-0.007632057574495098,-0.31244870584295414,0.001287301164567663,0.002825448827328253,0.011253986503179547,0.002825448827328253,0.001271451972297714,0.005085807889190856,0.003787245652073808,0.0017042605434332136,0.006817042173732854,0.1883603116796319,0.07697499406300815,0.617744375702838,1.0932530814636954,0.0,1.0932530814636954,0.47550869652182626,0.47550870576085735,0.616214408171121,1.095591401878935,1.0930221215513374,0.0,0.0002309599123579975,1.0,-5.036968066078466,0.6187925460644135,0.0,1.0,-0.026094844083324645,-0.08650886082035171,45
2055Q2,101,-0.26886145459482225,0.10338958208163798,-0.2516406962738883,0.1827244269667031,-0.26306482843904005,0.0017042605434332136,0.0037997767591865087,0.015112696457082686,0.0037997767591865087,0.0017098995416339289,0.0068395981665357155,0.004928732839264175,0.002217929777668879,0.008871719110675516,0.1763654803125283,0.08466796469468703,0.5879382300109127,1.085733565564122,0.0,1.085733565564122,0.4977953330122074,0.4977953355532093,0.5860445979705875,1.088330151181942,1.0854574348102493,0.0,0.0002761307538727831,1.0,-5.86276874501228,0.7008589447235591,0.0,1.0,0.2625297127578519,0.2308197757303904,45
2055Q3,102,-0.7056268416210627,-0.12831677647836026,0.4250143975310657,-0.5480782244168507,-0.5971621658044609,0.002217929777668879,0.004867589842270208,0.019328659542080517,0.004867589842270208,0.0021904154290215937,0.008761661716086375,0.005730547134839029,0.002578746210677563,0.010314984842710252,0.16565251806122677,0.09100321899114379,0.5656685525386472,1.0804451604629077,0.0,1.0804451604629077,0.5147765916307784,0.5147766079242605,0.5628210001862012,1.0821165284619345,1.0800402028160825,0.0,0.0004049576468252436,1.0,-6.53598398228891,0.7678196520182134,0.0,1.0,0.5000507381923107,0.9318083197995464,45
2055Q4,103,-1.1638735708143224,0.3383858720855293,1.208916189029238,0.37808641750109295,-0.7551571396683785,0.002578746210677563,0.0057915547428861805,0.02296574225221293,0.0057915547428861805,0.0026061996342987815,0.010424798537195126,0.005687130088619305,0.002559208539878687,0.010236834159514749,0.15806155167325658,0.09547707896805144,0.5517658788482597,1.0785758281548863,0.0,1.0785758281548863,0.5268099438667159,0.5268099493066266,0.5471963068386093,1.0775562083153465,1.0779250849343718,0.0,0.0006507432205145047,1.0,-6.981220836191801,0.8123628750793013,0.0,1.0,0.6775338146034922,0.9782738160459602,45
2056Q1,104,0.002561432298018307,0.7750702812703366,0.39481422008504474,0.59729226977618,-0.7169683766203178,0.002559208539878687,0.005076766687104411,0.0201529481095728,0.005076766687104411,0.002284545009196985,0.00913818003678794,0.008115646506710613,0.003652040928019776,0.014608163712079104,0.1638092217431863,0.09208002630949828,0.5588713162558979,1.0734801719263627,0.0,1.0734801719263627,0.5146088550446701,0.5146088556704648,0.5590037642470109,1.0810319870632104,1.071127673106841,0.00023699130271848112,0.002352498819521598,1.0,-6.761727133032003,0.7893206723751806,0.0,1.0,0.5421101424924665,0.9334006436734981,45
2056Q2,105,-0.43812528840243486,0.7359046624511061,1.0011679328563365,-0.10479682500852562,-0.08576674625823644,0.003652040928019776,0.007160194647031121,0.028334634001908277,0.007160194647031121,0.0032220875911640047,0.012888350364656019,0.006184358189350928,0.0027829611852079176,0.01113184474083167,0.1491006363805756,0.10113877507179031,0.5344114564709886,1.0749086612842342,0.0,1.0749086612842342,0.5404972009180717,0.5404972048132456,0.5282966750243021,1.071618280976801,1.0740515499954124,0.0,0.0008571112888218213,1.0,-7.572003237551902,0.8712173625699822,0.0,1.0,0.9128244292814843,1.7065030648788542,45
2056Q3,106,-1.2358062505546838,0.637118599126721,1.236041581495145,-0.33646283484333295,-0.373725686504575,0.0027829611852079176,0.008013366729081848,0.03167023679768477,0.008013366729081848,0.0036060150280868316,0.014424060112347327,0.009016297950448877,0.004057334077701995,0.01622933631080798,0.14463036183620867,0.10431843018216481,0.5219866916041905,1.066515020269978,0.0,1.066515020269978,0.5445283224413094,0.5445283286657875,0.5181106358751122,1.0682459864990352,1.0660211074374595,0.0,0.0004939128325185393,1.0,-8.030149766763703,0.9157576425986682,0.0,1.0,1.0607385729528136,1.0414235925617712,45
2056Q4,107,-1.2773443858558196,1.1040259098994778,0.7239020359215393,-0.2937687390350176,-0.7097796088312952,0.004057334077701995,0.007392115113638155,0.02924221299373775,0.007392115113638155,0.00332645180113717,0.01330580720454868,0.009281214009582024,0.0041765463043119105,0.016706185217247642,0.14780959466801252,0.10202344264316392,0.5279831353358562,1.066649706610164,0.0,1.066649706610164,0.5386665712449558,0.5386665712743077,0.5254315213408787,1.0706808070015605,1.0663276047990153,0.0,0.0003221018111485563,1.0,-7.813764357790701,0.8939998894747583,0.0,1.0,0.9569152275163407,0.794929989941861,45
2057Q1,108,-0.7341395612015333,0.9578725480406085,2.2713173108047826,0.3708676164140252,-0.7796014177061168,0.0041765463043119105,0.009257159145115077,0.036517632433042846,0.009257159145115077,0.004165721615301785,0.01666288646120714,0.010624091850435566,0.0047808413326960045,0.019123365330784018,0.13932906885592156,0.10866852480660241,0.5085193100740325,1.0611197427316776,0.0,1.0611197427316776,0.5526004326141635,0.5526004326576451,0.5046789385894878,1.0636499983171945,1.0606581623895361,0.0,0.0004615803421414988,1.0,-8.544745027256804,0.9664936613929842,0.0,1.0,1.2725542351908128,1.9835750838064024,45
2057Q2,109,-1.6084391020220181,1.1124010681622054,1.3235304676310555,-0.6454381042819017,-0.8598326700147692,0.0047808413326960045,0.01076376753310062,0.04236489286421452,0.01076376753310062,0.004843695389895279,0.019374781559581115,0.009057700025019762,0.004075965011258893,0.016303860045035572,0.1344291014254942,0.11365069833833415,0.4976940200116125,1.0633267612431498,0.0,1.0633267612431498,0.5656327293313261,0.5656327412315374,0.49000529624005024,1.058476362463668,1.0623484453402685,0.0,0.0009783159028813326,1.0,-8.965425985071892,1.0092666334959304,0.0,1.0,1.5811868240377873,0.17600534558139289,45
2057Q3,110,-1.6098343394071382,1.9620610805938141,2.854601002720793,-1.9434700939980307,-1.3528306087177846,0.004075965011258893,0.010828753593185251,0.042616508397168906,0.010828753593185251,0.004872939116933363,0.01949175646773345,0.012352084539145793,0.005558438042615607,0.022233752170462428,0.1342487092394393,0.11386041806770837,0.4935374780419131,1.055481321376994,0.0,1.055481321376994,0.5619438358193467,0.561943843335081,0.48940391224767354,1.0582614686817335,1.0550166440171853,0.0,0.0004646773598087073,1.0,-9.149469991458554,1.0261885611032397,0.0,1.0,1.5955097988146876,0.22920689448495352,45
2057Q4,111,-0.7713901783735343,1.8547186431403686,1.9260893382337831,-0.8106566877593155,-0.4970161860331438,0.005558438042615607,0.010093692130844593,0.0397675759055488,0.010093692130844593,0.004542161458880067,0.018168645835520268,0.0113335901904008,0.005100115585680361,0.020400462342721443,0.13643006597406515,0.11146521842461733,0.5005873447769263,1.058568140731612,0.0,1.058568140731612,0.5579807772615932,0.5579807959546857,0.49634993780746,1.0607304009580574,1.0580723690140201,0.0,0.000495771717591964,1.0,-8.859534556886572,0.997653340102977,0.0,1.0,1.4355219896169367,1.0994972107157681,45
2058Q1,112,-1.0237037716840918,0.9504021124785871,1.3293765880923478,-0.09303005737177239,-1.5043883414947952,0.005100115585680361,0.009057175388793068,0.03573947219799334,0.009057175388793068,0.004075728924956881,0.016302915699827523,0.010556237224094921,0.0047503067508427145,0.019001227003370858,0.14009594659689203,0.10798653551778753,0.5103685362150745,1.0614978430541306,0.0,1.0614978430541306,0.5511293006315038,0.5511293068390561,0.5067462192370084,1.0643670007924735,1.0610613649697616,0.0,0.0004364780843690852,1.0,-8.473187294371453,0.9593684226863026,0.0,1.0,1.2458421334210499,0.22021745539321544,45
2058Q2,113,-1.3801511195100897,0.854128945493227,2.204221836998128,0.09252285938388088,-0.7729181475872035,0.0047503067508427145,0.008015546234329436,0.031678746883502806,0.008015546234329436,0.0036069958054482463,0.014427983221792985,0.007741173259240496,0.0034835279666582232,0.013934111866632893,0.14461988374095622,0.10432631283510468,0.5235332313386227,1.0697161563364581,0.0,1.0697161563364581,0.5461829167220639,0.5461829249978354,0.5180857711244897,1.0682376249808638,1.0689907468205158,0.0,0.0007254095159423546,1.0,-7.967819359842873,0.9100984080176291,0.0,1.0,1.0591933070131236,1.4057900071904579,45
2058Q3,114,-1.2964224940148834,1.331158080985214,1.6820613809649376,0.04182024796058037,-0.15963106710035657,0.0034835279666582232,0.00981558057712123,0.03868802204647659,0.00981558057712123,0.004417011259704554,0.017668045038818216,0.009179220700924237,0.004130649315415907,0.016522597261663628,0.1373412948106355,0.11054465845594039,0.5053687580592988,1.0640269402088598,0.0,1.0640269402088598,0.5586581675396796,0.558658182149561,0.49906528359043706,1.0616873911827691,1.0632283309230866,0.0,0.0007986092857732441,1.0,-8.66083727028979,0.9787530777135631,0.0,1.0,1.3790007709992491,1.515395149237814,45
2058Q4,115,-1.0859950901513884,1.009176935559829,1.4930413991868814,-0.3014893547265951,-0.8620247445050331,0.004130649315415907,0.010324453933934514,0.04066264039296419,0.010324453933934514,0.004646004270270531,0.018584017081082125,0.011003644833834732,0.004951640175225629,0.019806560700902517,0.13571097830576934,0.11222280396649179,0.49906563394782577,1.0591310920719297,0.0,1.0591310920719297,0.560065448049398,0.5600654581241039,0.49413445647173093,1.0599460990216782,1.0585468284209638,0.0,0.0005842636509658661,1.0,-8.918960815923997,1.0037444414171741,0.0,1.0,1.482777377262293,1.000824635250047,45
2059Q1,116,-0.9625057891938255,0.9650995616415922,1.510598830452079,-0.93444382233998,-1.4690225407334085,0.004951640175225629,0.00792461273257147,0.031323640711198975,0.00792461273257147,0.0035660757296571617,0.014264302918628647,0.006800101959490955,0.0030600458817709297,0.012240183527083719,0.14506092116624952,0.10399650653938214,0.5256060691106635,1.0722180327384325,0.0,1.0722180327384325,0.5466119500340606,0.546611963627769,0.5191277927509548,1.0685875052060552,1.0713279205389565,0.0,0.0008901121994759897,1.0,-7.888255700933016,0.9025655242115307,0.0,1.0,1.0468713616264556,0.8152655581143434,45
2059Q2,117,-1.035897541420769,0.6627238431627129,1.8384549954777962,-0.9456144696814545,-1.3340913553034086,0.0030600458817709297,0.008169920923849005,0.03228137488345506,0.008169920923849005,0.0036764644157320525,0.01470585766292821,0.006594239818838603,0.0029674079184773714,0.011869631673909486,0.14388911697673748,0.10488196577334276,0.5234249015267673,1.0724032314813092,0.0,1.0724032314813092,0.5489783260684572,0.5489783299545419,0.516337755602646,1.0676483685551756,1.0714228954954033,0.0,0.0009803359859059668,1.0,-7.966611448366788,0.9104937369182013,0.0,1.0,1.094002962138911,-0.22152622418401466,45
2059Q3,118,-0.8362489013384984,0.48080446109218444,1.1840185449107636,-0.10420329649745003,-0.026426818482825354,0.0029674079184773714,0.006831499388475283,0.027047254359971462,0.006831499388475283,0.003074174724813877,0.012296698899255509,0.005900865996527346,0.0026553896984373056,0.010621558793749222,0.15103541664512238,0.09985389713538145,0.5384760243514266,1.0761653352118572,0.0,1.0761653352118572,0.5376892954545651,0.5376893108604306,0.5325004988151286,1.0729769163118692,1.0753201204112774,0.0,0.0008452148005797522,1.0,-7.429482580366249,0.8570928683381877,0.0,1.0,0.8616242890840504,0.7942953883627937,45
2059Q4,119,-1.1907757907127805,0.45578413592593786,1.5924515447516174,0.21385742732320656,-0.9797397152297813,0.0026553896984373056,0.007804464448728295,0.0308542975622077,0.007804464448728295,0.0035120090019277327,0.01404803600771093,0.007150228955073534,0.0032176030297830904,0.012870412119132361,0.14565598466492097,0.10355774349542614,0.5263840905387687,1.0714955762190739,5.459677154817655e-11,1.0714955767650416,0.5451114862808697,0.5451114862262729,0.5205192575581534,1.0690530596935184,1.0706989918679741,0.0,0.0007965843510997495,1.0,-7.861710682818755,0.8997534652520924,0.0,1.0,1.0304286327331513,0.07295530516159537,45
2060Q1,120,0.07197784336077073,0.5318963190587398,1.3663889449736981,0.18607582606391326,-0.36903073942085624,0.0032176030297830904,0.007698418387870947,0.03043990117196471,0.007698418387870947,0.003464288274541926,0.013857153098167704,0.007922326627012755,0.0035650469821557397,0.014260187928622959,0.14619311746767077,0.10316751052136501,0.5265026697385035,1.0696823809775866,0.0,1.0696823809775866,0.5431796971977383,0.5431797112390832,0.5217617899501383,1.069467149312833,1.0690549277649641,0.0,0.0006274532126224752,1.0,-7.860906220173634,0.8993255750352076,0.0,1.0,1.0153697724355777,-0.47367856495257515,45
2060Q2,121,-1.6710049484447844,1.4498816595944666,0.49074213827956664,-1.4277033099851617,-0.7308438792374397,0.0035650469821557397,0.00798616316067216,0.03156401315445645,0.00798616316067216,0.0035937734223024723,0.014375093689209889,0.008598248413166176,0.0038692117859247793,0.015476847143699117,0.14476152618516686,0.10421995172190181,0.5227687662587234,1.067598121449278,5.649714029942743e-11,1.0675981220142494,0.5448293558120232,0.544829355755526,0.5184214493725425,1.068350451573278,1.0670359796747027,0.0,0.0005621417745753643,1.0,-7.999608468641906,0.9128916350782659,0.0,1.0,1.0686471090081282,-1.3416157620778084,45
2060Q3,122,-0.8293099106236785,-0.03018659643736399,0.932665333107389,-1.6685027441500218,-0.5344175763588486,0.0038692117859247793,0.006802436714809793,0.02693336492705034,0.006802436714809793,0.003061096521664407,0.012244386086657628,0.005088737836167769,0.0022899320262754963,0.009159728105101985,0.1512126510945735,0.09973837105872962,0.5398742970383246,1.0783361274729282,0.0,1.0783361274729282,0.5384618296307924,0.5384618304346036,0.5328809345595726,1.073098849094575,1.0773213858236124,0.0,0.001014741649315809,1.0,-7.377729628763268,0.8522830308500513,0.0,1.0,0.8694570670445503,-1.632989893416962,45
2060Q4,123,-0.8629122523976379,0.7806095350033827,0.42824623286964014,-0.9889332005433561,-0.3137897997755418,0.0022899320262754963,0.006971304650636846,0.027594976905691793,0.006971304650636846,0.0031370870927865807,0.012548348371146323,0.007292961159617108,0.003281832521827699,0.013127330087310795,0.15019700953619292,0.1004051460227568,0.5350827489562379,1.0723333821507124,0.0,1.0723333821507124,0.5372506154320918,0.5372506331944745,0.5306907843891773,1.0723945464871778,1.0717396690249552,0.0,0.0005937131257571782,1.0,-7.553516179676729,0.8688697854458451,0.0,1.0,0.8919650166659933,-0.42921533632419034,45
2061Q1,124,-1.4737905301949947,1.1968966531415877,1.0590193871266782,-0.9540757595498224,-0.4825141188459758,0.003281832521827699,0.010018860498598958,0.039477189199908946,0.010018860498598958,0.004508487224369531,0.018033948897478124,0.010041381710761936,0.004518621769842871,0.018074487079371485,0.1366703598429021,0.11121835583461778,0.5026717499597264,1.0617350188687038,0.0,1.0617350188687038,0.5590632555503088,0.5590632689089774,0.49707559230147297,1.0609866156992642,1.0610477335803377,0.0,0.0006872852883661462,1.0,-8.770883978144493,0.9893697760446065,0.0,1.0,1.4295641446303597,-0.5997811744832489,45
2061Q2,125,-0.7350543897061186,0.5494800391681767,1.169004399033452,-0.19558088050946765,-0.4741679197033113,0.004518621769842871,0.0073782699686526345,0.029188050363289975,0.0073782699686526345,0.0033202214858936855,0.013280885943574742,0.00485346979876168,0.002184061409442756,0.008736245637771024,0.14788500877753097,0.10197109726841615,0.5337456392930522,1.0780119348688497,0.0,1.0780119348688497,0.5442662850094478,0.5442662955757975,0.525600386907059,1.0707363090863842,1.076821429782067,0.0,0.001190505086782645,1.0,-7.58935648188032,0.8735515867785892,0.0,1.0,0.9621233942342662,-0.6383128013191892,45
2061Q3,126,-0.8661266946516333,1.5255098335640662,1.8531672876940068,-1.7064764611740864,-0.9289901059116961,0.002184061409442756,0.009516170993113894,0.037524777752585226,0.009516170993113894,0.0042822769469012525,0.01712910778760501,0.009685994367850169,0.004358697465532576,0.017434789862130304,0.1383798113895477,0.10954362586468715,0.5073506866451504,1.063121033836221,0.0,1.063121033836221,0.5557703380004848,0.5557703471910705,0.5020471576414047,1.06273264779013,1.0624612057478617,0.0,0.0006598280883591823,1.0,-8.5858193076773,0.9710232333021973,0.0,1.0,1.335506419258149,-0.9729886645583481,45
2061Q4,127,-1.3632890035395917,1.2763431334884534,1.5608433637402452,-1.172597405180855,-0.7015703696208485,0.004358697465532576,0.010653769882481675,0.04193888670217549,0.010653769882481675,0.004794196447116754,0.019176785788467016,0.01009169508272066,0.004541262787224297,0.018165051148897188,0.1347397423604957,0.11329485939934454,0.4974230351878383,1.06097778271949,0.0,1.06097778271949,0.5635547283360135,0.5635547475316516,0.4910286484351615,1.058841557621527,1.0601939116511108,0.0,0.0007838710683791827,1.0,-8.981024846529126,1.0103612218656883,0.0,1.0,1.5639899248057363,-1.1861039263422701,45
2062Q1,128,-1.5558555066821391,1.0068501229726086,1.7530869967617568,-1.6621569122287996,-0.4676242574333377,0.004541262787224297,0.00881302580466559,0.034788818653666675,0.00881302580466559,0.003965861612099515,0.01586344644839806,0.008978418178092718,0.004040288180141723,0.016161152720566892,0.14107422669258035,0.10714580099885201,0.5144400994923377,1.0656410741810145,0.0,1.0656410741810145,0.5512009652603564,0.5512009746886768,0.5093143502083634,1.0652531167057817,1.064987043343771,0.0,0.0006540308372435799,1.0,-8.31101179970079,0.9438608917899374,0.0,1.0,1.2110434342920153,-1.3761190859499166,45
2062Q2,129,-1.1559946105302257,1.16296025216547,1.4453075344959503,-0.5903487793280162,-0.02296643042565527,0.004040288180141723,0.008732356082517857,0.034474557768697345,0.008732356082517857,0.003929560237133036,0.015718240948532143,0.007071541427246807,0.003182193642261063,0.012728774569044253,0.14140798223995968,0.10686591537343593,0.5174694786903703,1.0704679915684558,0.0,1.0704679915684558,0.5529984951806112,0.5529985128780855,0.5101741251755295,1.065548593969926,1.0694745244536923,0.0,0.0009934671147635576,1.0,-8.18863283799231,0.93248109015697,0.0,1.0,1.1943808535511575,-0.8894592130927816,45
2062Q3,130,-1.478269578550519,1.3973409320141579,1.6488551692767255,-1.6678358914959341,-0.6333793664994644,0.003182193642261063,0.00894057046134366,0.03528553127000755,0.00894057046134366,0.004023256707604647,0.016093026830418588,0.010023748579251706,0.004510686860663268,0.018042747442653072,0.14055728088738376,0.10758616316192507,0.5120410184462569,1.0629263241587095,0.0,1.0629263241587095,0.5508852855615728,0.5508853057124525,0.5079664942890467,1.0647886987430242,1.062425593126092,0.0,0.0005007310326174963,1.0,-8.406791870865467,0.9529685002258834,0.0,1.0,1.229696733115629,-0.6500931851361044,45
2062Q4,131,-1.4392606233068945,1.467672222463463,1.0178880405640418,-1.144859287545704,-1.4230752069882375,0.004510686860663268,0.00950399332644215,0.03747744363869865,0.00950399332644215,0.004276796996898967,0.01710718798759587,0.009401737015936594,0.004230781657171468,0.01692312662868587,0.13842336250983767,0.10950267864965024,0.5077857250076321,1.063824696489924,0.0,1.063824696489924,0.556038970683904,0.556038971482292,0.5021697821373945,1.0627755001501722,1.0631188163685554,0.0,0.0007058801213686294,1.0,-8.567653847253887,0.9693346030682171,0.0,1.0,1.331680377379966,-0.6731736173866407,45
2063Q1,132,-1.0665772143107866,1.2902190908157856,1.8885618282438574,-0.7476436440396833,-1.077674301484041,0.004230781657171468,0.010331404003018772,0.04068958817688029,0.010331404003018772,0.004649131801358447,0.01859652720543379,0.008829313042389498,0.003973190869075274,0.015892763476301097,0.13568982375824942,0.11224553722344086,0.5014574062784669,1.0643209843762247,0.0,1.0643209843762247,0.5628635596239977,0.5628635780977578,0.49406824058409854,1.059922611301295,1.0633731901962402,0.0,0.0009477941799844736,1.0,-8.813604717942367,0.9941872809251613,0.0,1.0,1.488796258167213,0.1207391112222209,45
2063Q2,133,-0.9113058898007484,1.7521771064765084,1.7934141789580296,-0.07502836831015247,-1.7244878182553283,0.003973190869075274,0.010281005180469129,0.04049416191510169,0.010281005180469129,0.004626452331211108,0.01850580932484443,0.013367668014531408,0.0060154506065391335,0.024061802426156534,0.13584388540499737,0.1120805767182362,0.4967807879032063,1.0535755694486453,0.0,1.0535755694486453,0.5567947721073113,0.556794781545439,0.4945490755902601,1.0600931096620247,1.0533348893319356,0.0,0.00024068011670963507,1.0,-9.021757238542923,1.0129602732477532,0.0,1.0,1.480644112690699,-0.302947164493472,45
2063Q3,134,-1.4639361463940632,1.0301498920981345,1.0282909994965053,-0.3839146849217224,-0.9906210993760506,0.0060154506065391335,0.00866925130653836,0.03422867025061482,0.00866925130653836,0.003901163087942262,0.015604652351769048,0.007569777512995916,0.0034063998808481623,0.013625599523392649,0.141672804598089,0.10664620855387316,0.5174574300839233,1.0693061789722804,0.0,1.0693061789722804,0.5518487300648133,0.5518487488883571,0.5108507267958645,1.0657806929805484,1.068421303552819,0.0,0.0008848754194614727,1.0,-8.191324842280615,0.9325260843472134,0.0,1.0,1.17830749719082,0.0792129185873609,45
2063Q4,135,-1.2651911984371116,0.9110528338190967,0.5461805097628953,-0.2776983478617562,-0.8845868810060838,0.0034063998808481623,0.00847975341799472,0.033490010181287055,0.00847975341799472,0.0038158890380976243,0.015263556152390497,0.010550990654388047,0.0047479457944746215,0.018991783177898486,0.14248821139074508,0.10598224138040949,0.515649474333945,1.0621463541572338,0.0,1.0621463541572338,0.5464968705654143,0.5464968798232888,0.512904489191075,1.0664828475475046,1.0618155270598815,0.0,0.0003308270973523264,1.0,-8.272498175433157,0.939301871748841,0.0,1.0,1.1541986110321427,-1.5782283863403488,45
2064Q1,136,-1.4564243791097389,0.1509133497658689,-0.11184254778823333,-1.657213795179547,-1.0474926627855115,0.0047479457944746215,0.006274790839768763,0.024863912037705993,0.006274790839768763,0.0028236558778959434,0.011294623511583774,0.005951252762498218,0.002678063743124198,0.010712254972496792,0.15461531246294158,0.0975784814567375,0.5450882060738207,1.0769770090054929,0.0,1.0769770090054929,0.5318887940866063,0.5318888029316722,0.5400681489525048,1.0753692198546694,1.0762680797387618,0.0,0.0007089292667310509,1.0,-7.204435157417411,0.834565451998617,0.0,1.0,0.7770101057324278,-1.4600354787639296,45
2064Q2,137,-0.4802894345570706,0.4899123613425225,0.24880148576705013,-0.08974277177932255,0.01012419393611097,0.002678063743124198,0.004843967120904666,0.01923553846396453,0.004843967120904666,0.0021797852044071,0.0087191408176284,0.003466933765940087,0.0015601201946730393,0.006240480778692157,0.16586557426193227,0.09087884913750217,0.5693497260997069,1.0867682139295536,0.0,1.0867682139295536,0.5174184786469345,0.5174184878298467,0.5632642346170575,1.0822412398784995,1.0858407923420343,0.0,0.0009274215875192393,1.0,-6.411498135164253,0.7563896933217522,0.0,1.0,0.504087921565932,-0.7358359022516066,45
2064Q3,138,-0.7146206185168302,-0.04393950838805388,0.39268653151036803,-0.1478966074144349,-0.19525268457221046,0.0015601201946730393,0.0040031504694091015,0.015916706944111403,0.0040031504694091015,0.0018014177112340957,0.007205670844936383,0.004346983064238591,0.0019561423789073657,0.007824569515629463,0.17414449983766328,0.08600586352661949,0.5842418018711383,1.0867240212326579,0.0,1.0867240212326579,0.5024822067827538,0.5024822193615196,0.5810268199328913,1.0870401335945028,1.0862467938912006,0.0,0.00047722734145727586,1.0,-5.9677620143417585,0.7116200590552685,0.0,1.0,0.31972414976961794,-1.0574929698117903,45
2064Q4,139,-0.5633659509107403,0.8430326148450135,1.4101732553990936,-0.23262659569866517,-0.434169311028478,0.0019561423789073657,0.006855337616501266,0.027140663018690447,0.006855337616501266,0.00308490192742557,0.01233960770970228,0.005352959792352718,0.0024088319065587232,0.009635327626234893,0.15089080577359637,0.09994841166747359,0.538917244463325,1.077556486535259,0.0,1.077556486535259,0.538639226043209,0.5386392420719339,0.5321895529832718,1.0728771292698767,1.0765882931455564,0.0,0.0009681933897025541,1.0,-7.411812676468819,0.8555724357403232,0.0,1.0,0.8769362029164461,-1.3338363130268276,45
2065Q1,140,-0.6979513547835065,0.7985586045258548,0.8506210288265599,0.5361428240486301,-0.567188638801422,0.0024088319065587232,0.006708973150815267,0.02656703654503545,0.006708973150815267,0.00301903791786687,0.01207615167146748,0.004703679856004281,0.0021166559352019266,0.008466623740807706,0.15178962299214993,0.09936457914531674,0.5414735276564014,1.079506421085589,0.0,1.079506421085589,0.5380328919390835,0.5380328934291875,0.5341146401324036,1.0734930691395284,1.0784258903110988,0.0,0.0010805307744901071,1.0,-7.3212900674038845,0.8468123508051866,0.0,1.0,0.8522280562313325,-1.4091254120107535,45
2065Q2,141,-0.6828430220491789,1.5722013055359094,0.9490778066318395,-1.113054044802007,0.16018492751212063,0.0021166559352019266,0.006061309965094813,0.024025692397100618,0.006061309965094813,0.0027275894842926657,0.010910357937170663,0.006192303656729466,0.00278653664552826,0.01114614658211304,0.1560969048316288,0.09666648488263355,0.547486144568551,1.076721770239924,0.0,1.076721770239924,0.5292356111738716,0.5292356256713731,0.543145309304897,1.0763214010888014,1.076113468880974,0.0,0.0006083013589501807,1.0,-7.125167519271464,0.8265302152816181,0.0,1.0,0.7389643105831413,-1.4219485970933194,45
2065Q3,142,-1.2068219844645707,0.42106695904700386,1.2638984907415622,-0.23868235937447174,-0.49262392921158127,0.00278653664552826,0.006104698546054624,0.024196098752945705,0.006104698546054624,0.0027471143457245806,0.010988457382898323,0.004758339211175223,0.0021412526450288504,0.008565010580115402,0.15579065425995084,0.09685382948510884,0.5488622337785463,1.0804563281764483,0.0,1.0804563281764483,0.5315940920120327,0.5315940943979021,0.5425111374945062,1.0761261624465506,1.0795253370178999,0.0,0.0009309911585484443,1.0,-7.072920739464058,0.821950821301377,0.0,1.0,0.7438356617459642,-0.8802250650978345,45
2065Q4,143,-0.8880890871282789,0.3605605494085152,1.382301361003675,-0.5046425142299973,-0.2560214996512359,0.0021412526450288504,0.007742400371768736,0.030611785778037137,0.007742400371768736,0.0034840801672959315,0.013936320669183726,0.007528084584255077,0.0033876380629147846,0.013550552251659138,0.14596897234083095,0.10332970431106427,0.5265448469944723,1.07062210063997,0.0,1.07062210063997,0.544077233464534,0.5440772536454977,0.5212447876418991,1.0692950402217518,1.0699112374967228,0.0,0.0007108631432473089,1.0,-7.857610618027055,0.8991734237397906,0.0,1.0,1.0257479184910523,-1.0329372479494003,45
2066Q1,144,-1.6780241306156727,1.0189708193900429,1.0120310998492936,-0.3336796923890266,0.3404582460140762,0.0033876380629147846,0.009356997476745052,0.03690593877854109,0.009356997476745052,0.004210648864535273,0.016842595458141093,0.008698269852206212,0.003914221433492795,0.01565688573397118,0.1389574084783785,0.10900689607354318,0.5098889907924985,1.0657031662885197,0.0,1.0657031662885197,0.5558141622836169,0.5558141754960212,0.5036585425562514,1.0632949168170174,1.064900324525096,0.0,0.0008028417634236007,1.0,-8.483253965038523,0.9612111750703596,0.0,1.0,1.312783988305597,-2.2337851000397917,45
2066Q2,145,-1.8144355403751136,0.8346461325449931,1.6855480464168437,-1.142292972741745,0.05883549434165758,0.003914221433492795,0.010670242141399305,0.04200269060058204,0.010670242141399305,0.004801608963629688,0.019206435854518752,0.011762132499815477,0.005292959624916964,0.021171838499667858,0.13469279463530448,0.11334821631385478,0.49543904524958315,1.0570103709707954,0.0,1.0570103709707954,0.5615713207127944,0.5615713257212123,0.4908749611024284,1.058786751760645,1.0564851799652295,0.0,0.000525191005565917,1.0,-9.069047190126344,1.0184117593877176,0.0,1.0,1.5742345804276776,-2.4632160351254218,45
2066Q3,146,-2.020834536166239,1.470696392535305,1.1332868359993884,-0.4023847403263431,-0.5432614673625653,0.005292959624916964,0.009767530170746937,0.03850141117814143,0.009767530170746937,0.004395388576836122,0.01758155430734449,0.011230268658556952,0.005053620896350628,0.020214483585402513,0.13750385572624468,0.11038472944627035,0.5034274545074175,1.0591344973182932,0.0,1.0591344973182932,0.5557070336162587,0.5557070428108757,0.4995396376772459,1.061854073413308,1.0586778196145659,0.0,0.0004566777037273706,1.0,-8.746371243225605,0.9863835034262098,0.0,1.0,1.3827517891125907,-0.9642880975381927,45
2066Q4,147,-1.5538704591548484,1.0164802509702118,1.8883818634995193,-0.9906986411801529,-0.6199969980483029,0.005053620896350628,0.011713672536066672,0.046037839509813216,0.011713672536066672,0.0052711526412300026,0.02108461056492001,0.011769592651328455,0.005296316693097805,0.02118526677239122,0.13200832029317794,0.1166812044376988,0.4873828227448639,1.0560669764208097,0.0,1.0560669764208097,0.5686841478011618,0.5686841536759458,0.4814396093719338,1.0553963462675593,1.0553832879761342,0.0,0.0006836884446754787,1.0,-9.40271528001064,1.0517752113079661,0.0,1.0,1.8218068154327274,-0.28277334631792206,45
2067Q1,148,-1.5647485004103385,1.4390314780118496,1.5655445540382777,-1.6522647338489898,-1.2729919699861305,0.005296316693097805,0.012343977386575784,0.04846916725607919,0.012343977386575784,0.005554789823959103,0.022219159295836413,0.010853780062486074,0.004884201028118733,0.019536804112474934,0.13063375504752467,0.11865392551284445,0.48370371383510613,1.057637162160115,0.0,1.057637162160115,0.5739334443167691,0.5739334483250089,0.4760044153448629,1.0534211823467257,1.0567197292297725,0.0,0.000917432930342521,1.0,-9.554654664377507,1.067381265409632,0.0,1.0,2.026606331745852,-0.3407628535638615,45
2067Q2,149,-2.6727977926872084,2.7704139090046014,3.7581714593136293,-1.5518364237363675,-1.1263032399269624,0.004884201028118733,0.01340933593356394,0.052568094207781746,0.01340933593356394,0.0060342011701037725,0.02413680468041509,0.016113425592320933,0.00725104151654442,0.02900416606617768,0.12866322480330492,0.12192550807852728,0.4708617749411935,1.0449623954035967,0.0,1.0449623954035967,0.5741006114446219,0.5741006204624032,0.46722534553337036,1.0501970048063172,1.0446151542691635,0.0,0.00034724113443318494,1.0,-10.142165374672615,1.123765495950717,0.0,1.0,2.6308630868206184,-1.4470159000610898,45
2067Q3,150,-2.7259775857481467,2.755056294950082,4.473041873759984,-0.881066365677598,-1.6247509348609424,0.00725104151654442,0.013629513686098254,0.05341356584882051,0.013629513686098254,0.006133281158744215,0.02453312463497686,0.015870591544399484,0.0071417661949797675,0.02856706477991907,0.12830463215707164,0.12259216987556833,0.4696292239787372,1.0453578884685686,0.0,1.0453578884685686,0.5757286560453267,0.5757286644898314,0.4654711690407992,1.0495476243667743,1.0449562938009214,0.0,0.0004015946676472204,1.0,-10.196811269004609,1.1293393607054811,0.0,1.0,2.8881344197230137,-1.6447954591770968,45
2067Q4,151,-3.332775970839518,2.5503718420753967,4.733314169415477,-1.5018753333676684,-1.279659609122754,0.0071417661949797675,0.013623248041488227,0.05338951390978175,0.013623248041488227,0.0061304616186697025,0.02452184647467881,0.012087001342295038,0.005439150604032767,0.021756602416131067,0.12831462529004195,0.12257324284718103,0.47345705626995593,1.0537887431174096,0.0,1.0537887431174096,0.5803316673588876,0.5803316868474536,0.4655208131878169,1.0495660263100848,1.0528871184931499,0.0,0.0009016246242596893,1.0,-10.007630851161705,1.1121239345121379,0.0,1.0,2.8727320601325785,-0.40384537403995363,45
2068Q1,152,-1.7151593450838138,2.050843072067703,4.1419476685216345,-1.377672964375891,-1.635671736637067,0.005439150604032767,0.013353673184516447,0.05235426235411167,0.013353673184516447,0.006009152933032402,0.024036611732129606,0.011977836390812211,0.005390026375865495,0.02156010550346198,0.12875634539087313,0.12175646214279745,0.4754060753917547,1.0542437078097322,0.0,1.0542437078097322,0.5788376182089209,0.5788376324179775,0.4676719909287984,1.0503620688360065,1.0533612508124406,0.0,0.0008824569972916141,1.0,-9.92054911562495,1.1034648851866296,0.0,1.0,2.5701367432101,0.6155775389662428,45
2068Q2,153,-1.5305082971706878,2.759628313743756,3.5712853386091714,-1.8837859034568325,-1.671085160297647,0.005390026375865495,0.013456556054799212,0.05274946481801168,0.013456556054799212,0.0060554502246596455,0.024221800898638582,0.012870968473317056,0.005791935812992676,0.023167743251970702,0.12858501723467972,0.12206875301215105,0.47379736283668905,1.0521559178174107,0.0,1.0521559178174107,0.5783585326192031,0.5783585549807216,0.4668474531337332,1.050057261355828,1.0513908672963703,0.0,0.0007650505210403669,1.0,-9.9959882406443,1.1106068882514373,0.0,1.0,2.6662323051556887,0.6881007190531883,45
2068Q3,154,-1.766872014474942,3.3137989721480072,4.52107403625258,-1.13960463713737,-2.6602500755300484,0.005791935812992676,0.013619675979974141,0.05337580162693534,0.013619675979974141,0.0061288541909883636,0.024515416763953454,0.015460383829847334,0.0069571727234313,0.0278286908937252,0.12832032786939004,0.1225624513348644,0.47010237181863085,1.0462713644811605,0.0,1.0462713644811605,0.5761689906842528,0.5761689926625297,0.4655491264665983,1.0495765193333801,1.0458231964056817,0.0,0.00044816807547887194,1.0,-10.173534133063885,1.1271962405829572,0.0,1.0,2.8574020076760345,1.6092172280402568,45
2068Q4,155,-2.701021927332498,2.340685777336435,4.819757667520546,-2.1328826319388883,-1.7781968411528315,0.0069571727234313,0.013679772429591345,0.053606477577145206,0.013679772429591345,0.006155897593316105,0.02462359037326442,0.012241327656505738,0.0055085974454275825,0.02203438978171033,0.1282249141912709,0.12274389584071166,0.4729194649439948,1.0533992405457564,0.0,1.0533992405457564,0.5804797754613078,0.5804797756017617,0.4650735380820201,1.049400179851567,1.0525133253596335,0.0,0.0008859151861229098,1.0,-10.032335303068201,1.1145249328613924,0.0,1.0,2.9545626981498856,0.8463348201129004,45
2069Q1,156,-2.4931191735595917,2.937936143980755,5.144993847448971,-1.7271818870828048,-1.9698766515454371,0.0055085974454275825,0.01371910271500779,0.05375742125645733,0.01371910271500779,0.006173596221753505,0.02469438488701402,0.012983355928190887,0.005842510167685899,0.023370040670743598,0.12816307290807813,0.12286251361975775,0.47190952706786227,1.0517094384461825,0.0,1.0517094384461825,0.5797999069666867,0.5797999113783202,0.4647630910741144,1.0492849983882064,1.0509263684487948,0.0,0.000783069997387642,1.0,-10.080927480421224,1.1190502378744365,0.0,1.0,3.0256865254674277,0.7605548086802836,45
2069Q2,157,-3.1015161699936318,3.1251313933898937,3.6623649324520984,-1.402558379853915,-1.412715731644053,0.005842510167685899,0.013260870907422784,0.0519976762564629,0.013260870907422784,0.005967391908340253,0.02386956763336101,0.016820923018517578,0.0075694153583329106,0.030277661433331642,0.1289138650023657,0.1214741673351981,0.4711567613262857,1.0434905236491603,0.0,1.0434905236491603,0.5723337526645922,0.5723337623228746,0.4684195262212274,1.050638078703135,1.0432378608459463,0.0,0.0002526628032140099,1.0,-10.132052422936429,1.12243582693531,0.0,1.0,2.494278293505499,0.7101619027137247,45
2069Q3,158,-2.1085844186956706,2.2272029879720807,3.271336223108897,-1.5228876595912926,-1.9902711072567425,0.0075694153583329106,0.013191925037600364,0.05173269154640725,0.013191925037600364,0.005936366266920164,0.023745465067680657,0.015996907859659196,0.007198608536846638,0.02879443414738655,0.12903275274573053,0.12126407033366762,0.47244983904199306,1.0453617585134598,0.0,1.0453617585134598,0.5729119051071819,0.5729119194714667,0.46897723725387985,1.050843795835635,1.0450283404218266,0.0,0.0003334180916332308,1.0,-10.070253972419891,1.1166267887051426,0.0,1.0,2.4479606546116224,-0.10900578758256604,45
2069Q4,159,-1.1596636442563648,2.027609523564319,3.007204736544616,-2.118255672617833,-0.9922328719986325,0.007198608536846638,0.012865738110791468,0.050478280260397024,0.012865738110791468,0.005789582149856161,0.023158328599424644,0.011219761763172487,0.005048892793427619,0.020195571173710476,0.12961743627578984,0.12026577938147721,0.47958254896363667,1.0563562594727294,0.0,1.0563562594727294,0.5767736902886722,0.5767737105090927,0.4716432242476889,1.0518247874667004,1.0554233009138805,0.0,0.0009329585588488953,1.0,-9.73395614542476,1.0851467217490485,0.0,1.0,2.2579635117001393,-1.1846751252337329,45
2070Q1,160,-2.32722023446682,2.0610206460486826,2.6747697622401883,-1.03008956485608,-0.7923280628753745,0.005048892793427619,0.012590599588077334,0.04941921764322621,0.012590599588077334,0.005665769814634801,0.022663079258539203,0.013632731113348926,0.006134729001007017,0.024538916004028067,0.13014043463463576,0.1194181344885655,0.4790353401689029,1.0510904172099613,0.0,1.0510904172099613,0.5720550667706578,0.5720550770410584,0.4739278841215505,1.0526623628611154,1.0505456931813568,0.0,0.0005447240286045041,1.0,-9.768633638967321,1.0875286348957252,0.0,1.0,2.1300922291169946,-1.3831033081336668,45
2070Q2,161,-0.9590672452444955,1.0675046295804236,1.6225156627920168,-0.672348663828658,-0.9547003174356574,0.006134729001007017,0.010965236374063131,0.04314478626959428,0.010965236374063131,0.004934356368328409,0.019737425473313638,0.00880207349037239,0.003960933070667576,0.015843732282670303,0.13387727249024634,0.11429966764396911,0.4963749677268731,1.0637299143269054,0.0,1.0637299143269054,0.5673549383796749,0.5673549466000323,0.4881485362189065,1.0578122088610447,1.0626737172797018,0.0,0.0010561970472036109,1.0,-9.017669402170343,1.0146060071463667,0.0,1.0,1.6305796609835914,-0.49206314403013773,45
2070Q3,162,-1.4687866568137276,0.480021316169744,1.8123676579485355,-1.1148462335178748,0.37657064669839857,0.003960933070667576,0.009959251633927458,0.039245827840003855,0.009959251633927458,0.004481663235267356,0.017926652941069425,0.007224838561399261,0.0032511773526296677,0.01300470941051867,0.1368643234280252,0.111021279176662,0.5063997279725727,1.0686112010297697,0.0,1.0686112010297697,0.5622114557422869,0.562211473057197,0.4976562147014015,1.0611913804931281,1.0674265579235094,0.0,0.001184643106260319,1.0,-8.611757426455462,0.9747245652929166,0.0,1.0,1.4234138678689243,-1.6629539451987663,45
2070Q4,163,-1.9477222415133109,0.9364968382613938,1.0618110732794919,-1.6773097095675156,0.14441545075072598,0.0032511773526296677,0.010035315404643034,0.03954104867325969,0.010035315404643034,0.004515891932089365,0.01806356772835746,0.01164834635684121,0.005241755860578545,0.02096702344231418,0.13661721671035665,0.1112726905017806,0.5007148966368067,1.0578738501957339,0.0,1.0578738501957339,0.5571589372309845,0.5571589535589272,0.4969157143156169,1.060930195904041,1.057434731427749,0.0,0.0004391187679848585,1.0,-8.855862194841698,0.9971444636235913,0.0,1.0,1.4436710771162942,-2.682446952239527,45
2071Q1,164,-1.5325536979212664,1.2263542261500198,0.2794729201003029,-0.8621636310390983,-0.7495299512356333,0.005241755860578545,0.007207058882407587,0.028518080032779558,0.007207058882407587,0.0032431764970834143,0.012972705988333657,0.004887208091365883,0.0021992436411146475,0.00879697456445859,0.14883493696894146,0.10131891800881555,0.535566540260339,1.0781967656831237,0.0,1.0781967656831237,0.542630223809023,0.5426302254227847,0.5277113107277943,1.0714274913042183,1.0770498427576456,0.0,0.0011469229254781332,1.0,-7.525808601404166,0.867181616499302,0.0,1.0,0.9403694864245705,-2.0110005292545448,45
2071Q2,165,-0.7006851253592402,0.927857627327138,1.002330621033864,-0.6321738174139007,-0.5404809950982783,0.0021992436411146475,0.006159233068475392,0.024410248553206615,0.006159233068475392,0.0027716548808139267,0.011086619523255707,0.006729066539126574,0.003028079942606958,0.012112319770427833,0.15540947058897336,0.09708783508445176,0.5455063659740954,1.0751267006299423,0.0,1.0751267006299423,0.5296203209721156,0.5296203346558469,0.5417205075515619,1.0758820292152742,1.074605315234505,0.0,0.0005213853954373349,1.0,-7.193872302131941,0.8331591502705871,0.0,1.0,0.7559665657109012,-1.3412697962989608,45
2071Q3,166,-0.6458147945708905,0.7426437086929392,-0.21796816475547692,-0.6689131223787003,-0.7291116088216248,0.003028079942606958,0.00565854272393232,0.022442779961866277,0.00565854272393232,0.002546344225769544,0.010185376903078176,0.005552298996503022,0.00249853454842636,0.00999413819370544,0.1590699154378334,0.09487375618793097,0.5537948196530805,1.0792007748052899,0.0,1.0792007748052899,0.5254059469790556,0.5254059551522093,0.5492675669957918,1.0781792433809125,1.0785533113306023,0.0,0.0006474634746875818,1.0,-6.914214419119995,0.8057229073635732,0.0,1.0,0.6650010516862935,-1.2708185457157428,45
2071Q4,167,-1.0065693664685682,0.42970178345855226,0.9084312312951013,-1.0348200513318382,0.28142622455099,0.00249853454842636,0.006226606141947637,0.02467476495797072,0.006226606141947637,0.0028019727638764367,0.011207891055505747,0.005127568936706886,0.002307406021518099,0.009229624086072396,0.15494423464139861,0.09737473721226472,0.5468002349488931,1.0792455379245283,0.0,1.0792455379245283,0.5324452918575306,0.5324453029756352,0.5407534178140914,1.0755823165171916,1.07836919726856,0.0,0.0008763406559681997,1.0,-7.143288383593463,0.8288214323378282,0.0,1.0,0.7679246905640017,-1.3481215046163229,45
2072Q1,168,-0.8277513401292843,0.4168931227449073,0.2908688834179431,-0.8931499834537476,-0.16277972160422563,0.002307406021518099,0.00451515176771692,0.017938655276631743,0.00451515176771692,0.002031818295472614,0.008127273181890457,0.0031827199553138307,0.0014322239798912238,0.005728895919564895,0.16893823432245675,0.08908324450715414,0.5756539731995237,1.0884652132521597,0.0,1.0884652132521597,0.5128112364604793,0.512811240052636,0.5697185004185545,1.0840290863961046,1.0875530630894459,0.0,0.0009121501627138429,1.0,-6.21786908850345,0.7371546848704538,0.0,1.0,0.4379818492926835,-1.325190226298543,45
2072Q2,169,-0.5569262415072811,0.42623103628314213,-0.06135076665949879,0.6836267004727111,-1.1328537346619272,0.0014322239798912238,0.005150194012087782,0.020442174779879974,0.005150194012087782,0.0023175873054395017,0.009270349221758007,0.004914334893299156,0.0022114507019846204,0.008845802807938482,0.16318024088899777,0.09244813727901388,0.5622412584610209,1.0820228431643681,0.0,1.0820228431643681,0.5197815704612998,0.5197815847033472,0.5577071306990787,1.0806592771650672,1.081361379700582,0.0,0.0006614634637860384,1.0,-6.640073305119696,0.778595879809985,0.0,1.0,0.5628200479479195,-0.24011124909672968,45
2072Q3,170,-0.8222296743222839,0.5213122412232394,0.08185952283339032,-0.7145734913295727,-0.17961532286816176,0.0022114507019846204,0.004151976365937383,0.016504758022259702,0.004151976365937383,0.0018683893646718223,0.007473557458687289,0.003800381879123487,0.0017101718456055692,0.006840687382422277,0.17257568979274668,0.08694044554263572,0.5819007246271365,1.0878078193754108,0.0,1.0878078193754108,0.5059070826066583,0.5059070947482743,0.5775587356177729,1.0861324361996776,1.0871526206954152,0.0,0.0006551986799956389,1.0,-6.034163457280184,0.7185061738824128,0.0,1.0,0.35510329570218313,-1.0750960434302406,45
2072Q4,171,-0.9635703817201642,0.09851451849907206,0.7109262497265655,-0.621778433222614,-0.3976819793421546,0.0017101718456055692,0.004231535636982654,0.016819009941938856,0.004231535636982654,0.0019041910366421942,0.007616764146568777,0.004888175372691331,0.002199678917711099,0.008798715670844396,0.17175604545376413,0.0874258676052679,0.5786181564636377,1.0844801086841118,0.0,1.0844801086841118,0.5058619434099417,0.5058619522204741,0.5757691876612809,1.0856587210277848,1.0840641500914336,0.0,0.00041595859267817836,1.0,-6.136551441475009,0.7282554652297899,0.0,1.0,0.3662645754200222,0.2795526234367481,45
2073Q1,172,-0.6361423587669526,1.7540452736538366,0.10323803248883845,0.5221391598704358,-0.2881514514385942,0.002199678917711099,0.00513720235575232,0.02039100593877574,0.00513720235575232,0.0023117410600885444,0.009246964240354177,0.003978336094310646,0.0017902512424397908,0.007161004969759163,0.16329085647468822,0.09238336295888214,0.5637817054811801,1.0846222175338132,0.0,1.0846222175338132,0.5208404992704545,0.520840512052633,0.5579349920145373,1.0807249324550166,1.0837446405318958,0.0,0.0008775770019173734,1.0,-6.587263932556592,0.7737361420132194,0.0,1.0,0.5530131263314478,1.125715801634448,45
2073Q2,173,-0.60393426311496,0.8898671849626143,0.281171429987128,-0.206118397669875,-1.0673395321732966,0.0017902512424397908,0.0052777098799058056,0.020944301440308566,0.0052777098799058056,0.0023749694459576126,0.00949987778383045,0.0042862425563786775,0.001928809150370405,0.00771523660148162,0.16210963905958892,0.09307605913925195,0.561151895448253,1.0834499693284236,0.0,1.0834499693284236,0.5222980700684492,0.5222980738801707,0.5555050399197702,1.0800212396874476,1.0826102146657801,0.0,0.0008397546626435215,1.0,-6.671774920465939,0.7820486828962234,0.0,1.0,0.5778004863710854,1.6105505625310075,45
2073Q3,174,-0.9079926445111002,1.0319904440940086,0.8251920258304013,-0.858624562130977,0.03633809499851104,0.001928809150370405,0.006599290955492659,0.026137007692028646,0.006599290955492659,0.0029696809299716966,0.011878723719886786,0.005412275666219927,0.002435524049798967,0.009742096199195869,0.1524805470615812,0.098921344547222,0.5418384019485137,1.0778322469368478,0.0,1.0778322469368478,0.5359938324806509,0.535993844988334,0.5355830297512426,1.0739598832252026,1.0769336955019753,0.0,0.0008985514348724966,1.0,-7.312042100200088,0.8455686859702097,0.0,1.0,0.8171942681615387,1.6425831878850339,45
2073Q4,175,-0.5675100082544007,0.6529041618284065,0.9748127386433163,0.6275006475652305,-0.6879539010302248,0.002435524049798967,0.007939891585952248,0.03138331328186972,0.007939891585952248,0.0035729512136785115,0.014291804854714046,0.010092232469835897,0.004541504611426154,0.018166018445704615,0.1449862601225776,0.10405205531249782,0.5213939388206608,1.0639150519466343,0.0,1.0639150519466343,0.5425211096176851,0.5425211131259735,0.5189520535811563,1.068528570466479,1.0636157135571553,0.0,0.00029933838947893143,1.0,-8.056771038506659,0.9179355992392397,0.0,1.0,1.049010751143386,0.9009925325565066,45
2074Q1,176,-0.6533472848507069,0.5862722094882106,1.353741890584005,0.31193908253054603,-0.9601137022841936,0.004541504611426154,0.009218788961802924,0.03636836607961935,0.009218788961802924,0.004148455032811316,0.016593820131245263,0.007916242271013821,0.0035623090219562194,0.014249236087824878,0.1394738675041164,0.10853811608043525,0.5120316464083086,1.0677811670613218,0.0,1.0677811670613218,0.5557495027472137,0.5557495206530132,0.5050731392373078,1.0637869675285565,1.0668600213853396,0.0,0.0009211456759821157,1.0,-8.397665600458708,0.9530042510239147,0.0,1.0,1.2775573804232325,-0.29898914506679103,45
2074Q2,177,-0.6537764614762658,0.24741372207479473,1.2045567730569742,-0.7832574496536969,0.09934653816045053,0.0035623090219562194,0.007314929823900891,0.02894023287736791,0.007314929823900891,0.003291718420755401,0.013166873683021604,0.006300106575817961,0.0028350479591180825,0.01134019183647233,0.1482326779301879,0.1017308835388793,0.5325779740354427,1.07437425865435,0.0,1.07437425865435,0.5417962785197191,0.5417962846189074,0.526376378426389,1.0709909633258474,1.0735082088017762,0.0,0.0008660498525738802,1.0,-7.63694362939092,0.8776593149799738,0.0,1.0,0.9509103539867674,-0.54412578502872,45
2074Q3,178,-0.375113601217307,1.1246371503408865,1.1246544873981028,-1.0154690151911998,-0.14250076773104242,0.0028350479591180825,0.007488979094429192,0.029621084456764923,0.007488979094429192,0.0033700405924931365,0.013480162369972546,0.00585351353107105,0.0026340810889819728,0.010536324355927891,0.14728774007832948,0.10238808486261251,0.5312870462817348,1.0752616921610134,0.0,1.0752616921610134,0.54397463181101,0.5439746458792786,0.5242575359543431,1.0702940909832195,1.0742658974281933,0.0,0.0009957947328200767,1.0,-7.680557406049269,0.8822216595159449,0.0,1.0,0.9780129381689925,-0.10126562413251014,45
2074Q4,179,-1.9950638531424607,1.1164855975199233,0.8974188106999021,-0.6711434425983152,-0.6519353651071965,0.0026340810889819728,0.008070951866927085,0.03189506461596736,0.008070951866927085,0.0036319283401171887,0.014527713360468755,0.011799470422602367,0.005309761690171066,0.021239046760684263,0.14435503275080358,0.10452634099426641,0.5180378058064699,1.0595237784221723,0.0,1.0595237784221723,0.5414859633764864,0.5414859726157024,0.5174554095632399,1.0680254634051198,1.0594568597059175,0.0,6.69187162547491e-05,1.0,-8.188707885345458,0.9303610268443747,0.0,1.0,1.0790686554000894,-0.584967898200757,45
2075Q1,180,-0.9224762656334701,1.0706929653660917,0.9742319745007961,-0.7373517415504691,-0.024600811617147667,0.005309761690171066,0.007605121258679855,0.03007521392938417,0.007605121258679855,0.003422304566405935,0.01368921826562374,0.006443364184974256,0.002899513883238415,0.01159805553295366,0.14667511334565073,0.10282177924158893,0.5293209587183663,1.0735781863797558,0.0,1.0735781863797558,0.5442572276528607,0.5442572276613895,0.5228665322483215,1.0698339955931218,1.0726809897243705,0.0,0.0008971966553852351,1.0,-7.75312445131512,0.8892129312482735,0.0,1.0,0.9989991611619963,-0.3592739646792657,45
2075Q2,181,-0.42089757239770953,0.8215797207892682,0.18007651450070028,0.7275959198920869,-1.0008289548641323,0.002899513883238415,0.005382561502025761,0.021357037132394896,0.005382561502025761,0.0024221526759115927,0.00968861070364637,0.006175263570394682,0.002778868606677607,0.011115474426710428,0.16124953690459098,0.09358214347683687,0.5569137686048541,1.07808561124359,0.0,1.07808561124359,0.5211718419780539,0.5211718426387358,0.5537390692390759,1.0795049482161667,1.0776404824741712,0.0,0.00044512876941871227,1.0,-6.8158898944182225,0.7956101208351447,0.0,1.0,0.6017296470171821,0.8912276947989312,45
2075Q3,182,0.23773345266781443,0.9466253219988137,0.24513422943025787,-0.7206199856324794,-0.3433383254919756,0.002778868606677607,0.004991589895983941,0.019817360626202207,0.004991589895983941,0.0022462154531927734,0.008984861812771094,0.004861903587263992,0.002187856614268796,0.008751426457075185,0.1645505148920559,0.09164672109799077,0.5648613987098072,1.082538357510124,0.0,1.082538357510124,0.5176769506657866,0.5176769588003167,0.5605354412095939,1.0814694326258625,1.0819062423973869,0.0,0.0006321151127370861,1.0,-6.557336337368644,0.7703457771225957,0.0,1.0,0.5254461391608424,0.874641230901637,45
2075Q4,183,-0.506329768471544,0.026309354061475165,0.7335665387291268,-0.28596267326773456,-0.27571600563177856,0.002187856614268796,0.0037236262525698802,0.014811518981374894,0.0037236262525698802,0.0016756318136564462,0.006702527254625785,0.0037524497754519064,0.001688602398953358,0.006754409595813432,0.17722070415887903,0.08414738764543712,0.5915899838316722,1.0893975146247716,0.0,1.0893975146247716,0.49780751696641595,0.4978075307930995,0.5880142729887676,1.088829308553984,1.0888571747422364,0.0,0.0005403398825352124,1.0,-5.7524850284285804,0.6903599004439047,0.0,1.0,0.24007040605941304,0.7780997415065861,45
2076Q1,184,-0.203385710566507,-0.021110684198866844,-0.10294129969164745,1.277136113736683,-0.1337464187989823,0.001688602398953358,0.0027395586451774995,0.01091328567850025,0.0027395586451774995,0.001232801390329875,0.0049312055613195,0.003546956502584986,0.0015961304261632439,0.0063845217046529755,0.189534807800412,0.07616442676502484,0.6212702102162408,1.0944571124623788,0.0,1.0944571124623788,0.47318689427306465,0.4731869022461379,0.6195353910937902,1.0963473148598726,1.0941933528256593,0.0,0.0002637596367194295,1.0,-4.944017023380441,0.6096055719118809,0.0,1.0,-0.06450432165684195,1.2240632124122797,45
2076Q2,185,0.6497064016458248,-0.32633060464669994,-0.40880516186166227,-0.45135785421624514,-0.3607265461243582,0.0015961304261632439,0.002489940588800886,0.00992262524052745,0.002489940588800886,0.0011204732649603988,0.004481893059841595,0.0020630501707678884,0.0009283725768455499,0.0037134903073821994,0.19306580553357555,0.0736476530899202,0.6338098473944968,1.1005959375497183,0.0,1.1005959375497183,0.4667860776588516,0.46678609015522154,0.6300364836822735,1.0986921416411455,1.0999970433199937,0.0,0.0005988942297245892,1.0,-4.618886292445032,0.5777602566676576,0.0,1.0,-0.154359716176287,-0.548698121389094,45
2076Q3,186,0.20168529930052037,0.15156918467113378,0.03695359527912129,0.339930292585227,-0.048297943047300784,0.0009283725768455499,0.0019703552832227916,0.00785815791620681,0.0019703552832227916,0.0008866598774502563,0.003546639509801025,0.001068727620890178,0.0004809274294005801,0.0019237097176023205,0.2010109108110252,0.0674578554117678,0.6616435356228253,1.1079740887369687,0.0,1.1079740887369687,0.44633053960175384,0.4463305531141434,0.6571855022894667,1.1044916372495084,1.1072465790420765,0.0,0.0007275096948922144,1.0,-3.950687558410844,0.5113878284116838,0.0,1.0,-0.42359775433015046,-0.12479447855431398,45
2076Q4,187,0.4192703618080624,0.16279168199527067,0.5202740495834728,0.06291053556892298,0.4348215869328706,0.0004809274294005801,0.0024849340290867385,0.0099027480722923,0.0024849340290867385,0.0011182203130890324,0.00447288125235613,0.0016465676170288898,0.0007409554276630005,0.002963821710652002,0.19313845869651516,0.07359451957001881,0.634777656836317,1.1019392268465806,0.0,1.1019392268465806,0.46716156688651017,0.4671615700102636,0.6302613606926097,1.0987416519491235,1.1012139528358438,0.0,0.0007252740107368538,1.0,-4.5929570540448115,0.5753547499768181,0.0,1.0,-0.15783377718369093,-0.30120731005505386,45
2077Q1,188,0.7220240851413584,0.4096808103314646,-0.430760671788844,0.12095113571171716,-0.30264119902917413,0.0007409554276630005,0.002093332634469569,0.008347074961846723,0.002093332634469569,0.0009419996855113061,0.0037679987420452246,0.0015527136574005084,0.0006987211458302288,0.002794884583320915,0.19905454005362452,0.0690590495147739,0.653775213262619,1.1052661701668574,0.0,1.1052661701668574,0.45149094824235075,0.45149095690423835,0.649971468323875,1.1029823570627793,1.1046537185873688,0.0,0.0006124515794885266,1.0,-4.134764277518716,0.5295777066060414,0.0,1.0,-0.35055226910042797,-0.07793430095271901,45
2077Q2,189,-0.38410422849651016,-0.9829927961411868,-0.7106129739465972,-0.627052279298519,0.9305726408885381,0.0006987211458302288,0.0020264520394730175,0.008081202380384012,0.0020264520394730175,0.0009119034177628579,0.0036476136710514315,0.0016245625680641365,0.0007310531556288614,0.0029242126225154457,0.2001124781238829,0.06820004994364001,0.6573277709674569,1.1056256501100503,0.0,1.1056256501100503,0.44829786809322125,0.44829787914259345,0.6538242974649647,1.1037909678150437,1.1050626788152282,0.0,0.0005629712948220789,1.0,-4.052420841483176,0.5213110309926887,0.0,1.0,-0.3842536564269245,-1.0284773638760516,45
2077Q3,190,0.4934545701403794,-0.8153734770529814,-0.11506559724766163,-1.1300296783712178,1.0681770636155645,0.0007310531556288614,0.002034484276570362,0.008113136015468703,0.002034484276570362,0.0009155179244566629,0.0036620716978266517,0.0019371208307460961,0.0008717043738357432,0.003486817495342973,0.19998466605652754,0.0683046750109898,0.6562696789329409,1.1045325745653178,0.0,1.1045325745653178,0.44826287139081145,0.448262895632377,0.6533528990908383,1.1036923519206012,1.1040679812493033,0.0,0.000464593316014561,1.0,-4.078354982220913,0.5237637938482556,0.0,1.0,-0.37328041349093327,-2.169666352921532,45
2077Q4,191,-0.22651686021913386,-0.8034263166108416,-0.5567031032386641,-0.008497731508283535,0.9473639694665784,0.0008717043738357432,0.001788475035615925,0.007134731157286689,0.001788475035615925,0.0008048137660271663,0.0032192550641086653,0.001984504870906981,0.0008930271919081414,0.0035721087676325656,0.20399482458968973,0.06490311201421921,0.671158324458271,1.106760972170822,0.0,1.106760972170822,0.4356026391159084,0.4356026477125511,0.6689918342279212,1.106920537156508,1.1064163491589905,0.0,0.0003446230118315796,1.0,-3.740544192531816,0.48996139206127354,0.0,1.0,-0.5345572166893315,-2.9179680284013063,45
2078Q1,192,0.9975951545586208,-1.0787599685682605,-1.249010804891081,-0.8594008634455979,0.5947102672753373,0.0008930271919081414,0.0017582986799680898,0.007014666768751621,0.0017582986799680898,0.0007912344059856404,0.0031649376239425617,0.0018524643281207303,0.0008336089476543286,0.0033344357906173144,0.20450058051541703,0.06445555991916424,0.6734497827606021,1.10752562585673,0.0,1.10752562585673,0.43407582825274127,0.434075843096128,0.6710990050813683,1.1073491681971588,1.1071502914996925,0.0,0.00037533435703762663,1.0,-3.6892529761584,0.48489168866818566,0.0,1.0,-0.5578890903560896,-2.9577563454536935,45
2078Q2,193,0.20711950746349578,-0.715655025056321,-0.36845152231119993,-0.8155203831301784,1.0746014885507869,0.0008336089476543286,0.0017207721121420313,0.006865342481043757,0.0017207721121420313,0.0007743474504639141,0.0030973898018556564,0.0015742886407325695,0.0007084298883296563,0.002833719553318625,0.20513384105298055,0.06388888002835674,0.6766022928704468,1.108875932334417,0.0,1.108875932334417,0.43227362716111073,0.43227363946397024,0.6737841526770213,1.1078933864519134,1.1084224493293469,0.0,0.0004534830050701988,1.0,-3.618815290551936,0.4779730991668639,0.0,1.0,-0.5944957288334143,-1.8474972796576323,45
2078Q3,194,0.4759485061492541,-0.4794455386664631,-0.1369341460751744,-0.39437035212714494,1.08687901396085,0.0007084298883296563,0.0013601152044176227,0.005429371398413596,0.0013601152044176227,0.0006120518419879302,0.0024482073679517207,0.0016969020593622867,0.000763605926713029,0.003054423706852116,0.211471108915194,0.057786293995678625,0.7054678673532239,1.1131316072691764,0.0,1.1131316072691764,0.4076637358737781,0.4076637399159525,0.7039819087319391,1.1138816608044597,1.1128933130889012,0.0,0.00023829418027521143,1.0,-3.014626051506297,0.41749899922391664,0.0,1.0,-1.0079469837314923,-1.680639107267536,45
2078Q4,195,0.2067274303594926,-0.9689980562335694,-1.0939900870235382,0.2217086399994268,1.042512029237299,0.000763605926713029,0.0011557909553786085,0.0046151548792009445,0.0011557909553786085,0.0005201059299203739,0.0020804237196814955,0.001532107188739573,0.0006894482349328079,0.0027577929397312314,0.21527181330100872,0.05368011088551089,0.7269049913701858,1.117108404917551,0.0,1.117108404917551,0.3902034053998291,0.3902034135473652,0.7257370543983838,1.118075087458395,1.1169202438271255,0.0,0.00018816109042552043,1.0,-2.5958503943936977,0.37569559120443696,0.0,1.0,-1.5042632071283808,-0.9461164215241049,45
2079Q1,196,1.1193942414879883,-2.072568961392607,-0.8938605065515466,0.4671009142897197,2.2220222356500914,0.0006894482349328079,0.0011457321056337379,0.004575058224484008,0.0011457321056337379,0.000515579447535182,0.002062317790140728,0.0016834514869224087,0.0007575531691150839,0.0030302126764603357,0.21546300894472056,0.05346309960292076,0.7276926462328196,1.1167397058641595,0.0,1.1167397058641595,0.38904704425858216,0.3890470596313399,0.7269216444391351,1.1183010795075796,1.1166160183113425,0.0,0.00012368755281699784,1.0,-2.5816408088947354,0.37420652772035845,0.0,1.0,-1.5402342061923657,-1.5192774590803917,45
2079Q2,197,0.1137207401396867,-1.0177601148756974,-1.0946045881436024,0.5866962383001089,0.9297236051701878,0.0007575531691150839,0.0012610475240784039,0.005034656670114046,0.0012610475240784039,0.0005674713858352817,0.002269885543341127,0.0015099489913230366,0.0006794770460953665,0.002717908184381466,0.21329429034748323,0.055864081027597115,0.7155964776329062,1.1153578944341458,0.0,1.1153578944341458,0.3997613960954776,0.39976141680123956,0.7140131001786139,1.1158258722222636,1.1151026457081796,0.0,0.00025524872596616177,1.0,-2.8131505778302026,0.39743558073692486,0.0,1.0,-1.1999278225206949,-1.1975643612410893,45
2079Q3,198,0.6371441082820617,-0.75220207234866,0.12466350989948694,1.108718712964484,0.5101960406258086,0.0006794770460953665,0.0013208726166588985,0.005273031454904431,0.0013208726166588985,0.0005943926774965043,0.0023775707099860173,0.001136983598141253,0.0005116426191635638,0.0020465704766542553,0.21218894030290508,0.057039384388349636,0.7104743861137681,1.1157246071095144,0.0,1.1157246071095144,0.40525021607619954,0.40525022099574626,0.7078485545273644,1.114633386620688,1.115296902276502,0.0,0.0004277048330123545,1.0,-2.912219126942957,0.4075102700751321,0.0,1.0,-1.0803841619600205,-0.8701057680526026,45
2079Q4,199,-0.07267044329205219,-0.23090721590759922,0.32031785581530003,-0.5236792922703633,1.0330672891021468,0.0005116426191635638,0.001310876178438964,0.005233203343091075,0.001310876178438964,0.0005898942802975339,0.0023595771211901355,0.0008147682585918783,0.00036664571636634523,0.001466582865465381,0.21237270879208958,0.056846133662511636,0.7121858774983406,1.1170360284073075,0.0,1.1170360284073075,0.4048501358482381,0.4048501509089669,0.7088553865949926,1.1148286431642576,1.1164887170377762,0.0,0.0005473113695313447,1.0,-2.87694439505146,0.4041277937887797,0.0,1.0,-1.103853714864322,0.008678124660992555,45
2080Q1,200,0.6898097292628155,-1.113652254950177,-0.9745793914306985,0.8537762691575312,1.8685011585426519,0.00036664571636634523,0.0013340621904809522,0.005325579924226886,0.0013340621904809522,0.0006003279857164285,0.002401311942865714,0.0016381635811824002,0.0007371736115320801,0.0029486944461283205,0.21194703884577965,0.057292491081337146,0.708066536742783,1.1137354985118306,0.0,1.1137354985118306,0.4056689574132918,0.40566896176904765,0.7065338696195973,1.1143781291973007,1.1134893088527202,0.0,0.00024618965911038515,1.0,-2.9623382054022436,0.4122966469286923,0.0,1.0,-1.0586401382797679,-0.5104361583828679,45
2080Q2,201,0.42466047733724316,-1.1785715954761842,-1.0229180982575445,0.22203448424712632,0.17954497117764445,0.0007371736115320801,0.0014711556028377173,0.0058716493499013644,0.0014711556028377173,0.0006620200212769728,0.0026480800851078914,0.002104344258248627,0.0009469549162118823,0.003787819664847529,0.20947052802911514,0.059804090079654405,0.6946806078618681,1.1101280299526752,0.0,1.1101280299526752,0.41544741649160244,0.4154474220908071,0.69372809253715,1.1118730054988213,1.1099770272688176,0.0,0.00015100268385759286,1.0,-3.2365740487487487,0.43951044995866295,0.0,1.0,-0.8576059645198326,-0.12417182941524404,45
2080Q3,202,1.1363529601932838,-0.6110758272608497,-0.6699961622307053,0.15155885689095971,1.1349961637388004,0.0009469549162118823,0.001478039660358209,0.005899063944943883,0.001478039660358209,0.0006651178471611941,0.0026604713886447763,0.0014226671702761552,0.0006402002266242699,0.0025608009064970795,0.20934797212910566,0.05992478302511628,0.6955796713553255,1.1124042821553255,0.0,1.1124042821553255,0.4168246088264957,0.4168246108,0.6931234538091158,1.1117538309230002,1.1120073623178595,0.0,0.00039691983746603654,1.0,-3.214900327440297,0.4376498325174054,0.0,1.0,-0.8499956923394115,0.05688578510331047,45
2080Q4,203,1.3833128828409051,-1.3985944058753632,-0.24438226548951997,0.8391985301286392,0.5179060616777208,0.0006402002266242699,0.0012921447167163543,0.0051585696659195435,0.0012921447167163543,0.0005814651225223594,0.0023258604900894377,0.0012471868350375655,0.0005612340757669046,0.002244936303067618,0.21271805850567502,0.05648066949436324,0.7130536313095542,1.1157911101026026,0.0,1.1157911101026026,0.4027374648175048,0.40273747879304833,0.7107667022448916,1.1151987733073354,1.1154197410449387,0.0,0.00037136905766388395,1.0,-2.861802697770684,0.40241903570130144,0.0,1.0,-1.1448476232377158,0.8120440150703749,45
2081Q1,204,0.9406049981627409,-1.2392725373460793,-0.16852898612777983,0.390453957674758,0.6508849583443981,0.0005612340757669046,0.001505001812090411,0.006006430696004816,0.001505001812090411,0.0006772508154406849,0.0027090032617627397,0.0010203635710339795,0.00045916360696529075,0.001836654427861163,0.2088696072160344,0.06039278310554621,0.6941940156884587,1.1134371083538888,0.0,1.1134371083538888,0.4192430862264123,0.41924309266543003,0.6907879866305889,1.111292703956622,1.112880534718043,0.0,0.0005565736358457141,1.0,-3.2417863073208015,0.4405194671251149,0.0,1.0,-0.8211948570708197,0.7451097863732612,45
2081Q2,205,0.43506394119248937,-0.2744541012687619,-0.01934677860896343,0.3749044290767201,0.08864612102705964,0.00045916360696529075,0.0017641849152387763,0.007038087523809966,0.0017641849152387763,0.0007938832118574493,0.0031755328474297973,0.00181673444570754,0.0008175305005683931,0.0032701220022735723,0.20440168506194636,0.06454342177917809,0.6731243752420624,1.1075818979663021,0.0,1.1075818979663021,0.43445750461094174,0.43445752272423976,0.6706844000918958,1.1072649401910937,1.107191929682133,0.0,0.00038996828416903995,1.0,-3.696270532980333,0.48560952279746483,0.0,1.0,-0.5809555837586332,2.1368245688219254,45
2081Q3,206,1.2249257116511738,-0.9478647060428069,0.33616311567613133,0.651546172495256,0.9763618394709024,0.0008175305005683931,0.0014372528130436391,0.005736628949723377,0.0014372528130436391,0.0006467637658696376,0.0025870550634785505,0.0010503994089881205,0.00047267973404465426,0.001890718936178617,0.2100765888164667,0.059202399805313784,0.6999121198965074,1.11427689339574,0.0,1.11427689339574,0.4143647715069774,0.41436477349923273,0.6967568670422847,1.1124687183049378,1.1137617251570304,0.0,0.0005151682387096734,1.0,-3.1242347512762922,0.4287507953935845,0.0,1.0,-0.9111628951349544,1.5754508934668177,45
2081Q4,207,1.027774028194675,-0.5109299673538961,-0.5174049365133914,0.20168241085436445,0.0226290972187439,0.00047267973404465426,0.001484663971752705,0.005925443609644532,0.001484663971752705,0.0006680987872887173,0.002672395149154869,0.0011704229255196355,0.000526690316483836,0.002106761265935344,0.20923020133770692,0.06004045732842702,0.6955691981962183,1.1131921296856209,0.0,1.1131921296856209,0.41762292763268244,0.41762293148940255,0.6925448632604709,1.1116397103479307,1.11269997029566,0.0,0.0004921593899609444,1.0,-3.213981667655924,0.43767147644910853,0.0,1.0,-0.8463969874384233,0.8906356324483592,45
2082Q1,208,1.54406557902183,-1.257835601439609,0.3210884761341285,1.3264650892928826,0.1954503517441445,0.000526690316483836,0.0011998562491134714,0.004790793973786234,0.0011998562491134714,0.0005399353121010622,0.0021597412484042487,0.0009791400557016949,0.0004406130250657627,0.0017624521002630508,0.21443880362989276,0.05461330183230418,0.723306818320648,1.1183285614251592,0.0,1.1183285614251592,0.3950217358630915,0.3950217431045112,0.7206839245683887,1.1171085174353195,1.1178994720862858,0.0,0.00042908933887342293,1.0,-2.661797615987652,0.3825391485736994,0.0,1.0,-1.3701691369907112,1.2270199549727188,45
2082Q2,209,0.9818081262630036,-1.8958872115769116,-0.56037422163486,1.9293919116976164,0.8447908793394372,0.0004406130250657627,0.0011256217403158278,0.004494890518604744,0.0011256217403158278,0.0005065297831421225,0.00202611913256849,0.000992641708288699,0.00044668876872991457,0.0017867550749196583,0.2158464294009784,0.05302465197835804,0.7316822914485726,1.1196542823446738,0.0,1.1196542823446738,0.38797198862788096,0.38797199089610124,0.7293260508914525,1.1187591069984995,1.1192689589930105,0.0,0.00038532335166330256,1.0,-2.503600962396095,0.36671340747087955,0.0,1.0,-1.6382230540226908,0.42911250086266045,45
2082Q3,210,1.9927961002998642,-0.9430150233858117,0.057295852032606814,1.1312119890250145,0.8411494319376059,0.00044668876872991457,0.0011033922701340077,0.004406269605450874,0.0011033922701340077,0.0004965265215603035,0.001986106086241214,0.0007598990505689971,0.0003419545727560487,0.0013678182910241948,0.21627207162942783,0.05253273710691802,0.7348905078724186,1.1209486136261464,0.0,1.1209486136261464,0.38605809852431233,0.3860581057537278,0.7320414565617579,1.119275312123693,1.1204797154671924,0.0,0.000468898158954012,1.0,-2.4428887136949657,0.36074691679674054,0.0,1.0,-1.7572359032494955,1.2607892186298686,45
2082Q4,211,2.0653055640854285,-0.8167256497173101,0.33410279307335494,1.0129167044591096,1.0968010171053901,0.0003419545727560487,0.0010856626290029342,0.0043355836530811764,0.0010856626290029342,0.0004885481830513204,0.0019541927322052816,0.0012745627821363864,0.0005735532519613739,0.0022942130078454958,0.21661292777162997,0.05213478952244228,0.7357900004842497,1.11939257260597,0.0,1.11939257260597,0.3836025680796406,0.3836025721217202,0.7342520681182627,1.1196947404494433,1.1191430208295823,0.0,0.00024955177638763537,1.0,-2.428569809959978,0.35908342774403645,0.0,1.0,-1.867932042723127,1.2796806342441192,45
2083Q1,212,2.1103762771273367,-2.140939335028542,-0.04125207583537685,1.0787761226098609,1.6324222413080876,0.0005735532519613739,0.0010534491064260773,0.004207142570635702,0.0010534491064260773,0.0004740520978917348,0.0018962083915669392,0.0006851811617457128,0.00030833152278557076,0.001233326091142283,0.21723537778723911,0.05139860963827701,0.7412516875707517,1.1222447708959256,0.0,1.1222447708959256,0.38099306133163136,0.3809930833251739,0.738374785315133,1.1204750705786455,1.1217703217135155,0.0,0.00047444918241001943,1.0,-2.325777431334116,0.349069411610626,0.0,1.0,-2.1441342166812754,0.9690349491802178,45
2083Q2,213,1.37293080367234,-2.591476243218056,0.9422758769258374,1.4181152264675243,1.7710682422194093,0.00030833152278557076,0.001038718365669409,0.004148404329296196,0.001038718365669409,0.000467423264551234,0.001869693058204936,0.0010207226998289957,0.00045932521492304807,0.0018373008596921923,0.21752136930199759,0.051056158957796506,0.7423051650345276,1.1212976729311208,0.0,1.1212976729311208,0.3789925050119621,0.3789925078965932,0.7403074215867234,1.1208400494754585,1.120971228171275,0.0,0.0003264447598458897,1.0,-2.3081416694211865,0.3471548417271956,0.0,1.0,-2.327779735568424,-0.2695971602416468,45
2083Q3,214,1.2472598214981716,-1.9924463742565983,-0.16444400963477612,0.731489195603184,0.9467448601424051,0.00045932521492304807,0.001047157964306814,0.004182057210212919,0.001047157964306814,0.0004712210839380663,0.0018848843357522653,0.0009910424451850088,0.00044596910033325397,0.0017838764013330159,0.21735741352888638,0.051252810677983734,0.7412965486806996,1.1212318666294048,0.0,1.1212318666294048,0.3799353166577465,0.37993531794870516,0.7391964485178598,1.1206303046415191,1.12088841559985,0.0,0.00034345102955479767,1.0,-2.3263376688350315,0.3489877977831699,0.0,1.0,-2.2119597539314615,-0.1211208292546711,45
2083Q4,215,1.0817522650140998,-1.8839714248253683,-0.18736178624445643,0.8025761115867981,0.7146758177427097,0.00044596910033325397,0.0011215394974823081,0.004478616526198076,0.0011215394974823081,0.0005046927738670386,0.0020187710954681546,0.001096764452839566,0.0004935440037778047,0.001974176015111219,0.21592445134309973,0.052934893937666275,0.7319120476212299,1.1193489159764047,0.0,1.1193489159764047,0.38743686612529954,0.3874368683551749,0.7298201145700061,1.1188531126543506,1.1190077958339364,0.0,0.000341120142468343,1.0,-2.4997792341821876,0.3662843794144409,0.0,1.0,-1.6548849619338317,-0.06101455687909144,45
2084Q1,216,1.2588852081153707,-1.3871058886514247,-0.2507110607580968,0.9104886042772677,1.8338508343407294,0.0004935440037778047,0.0010931264955756637,0.004365341652482035,0.0010931264955756637,0.0004919069230090487,0.001967627692036195,0.0013317388343406576,0.0005992824754532959,0.0023971299018131836,0.2164692842893597,0.05230293348259015,0.7347418855128096,1.1190334574064587,0.0,1.1190334574064587,0.3842915596484935,0.38429157189364904,0.7333164949429597,1.1195173185639753,1.1188025339066157,0.0,0.00023092349984299432,1.0,-2.4482144205588776,0.3610221595804345,0.0,1.0,-1.8073131481275877,-0.774090719191335,45
2084Q2,217,0.38621075513989445,-1.0341464623358547,-0.727496338536326,0.40535628984737127,1.222778911874537,0.0005992824754532959,0.001272549069701295,0.005080488232341862,0.001272549069701295,0.0005726470813655828,0.002290588325462331,0.0011231990722073463,0.0005054395824933059,0.0020217583299732235,0.21308074396636179,0.056093586134090066,0.7153125565739531,1.1165570367049544,0.0,1.1165570367049544,0.4012444650497721,0.40124448013100134,0.7128015274080828,1.1155920631430385,1.1161478755404206,0.0,0.00040916116453382223,1.0,-2.8169569674832697,0.3979902571658337,0.0,1.0,-1.1754256499920164,-1.0462999656765941,45
2084Q3,218,1.173745871078701,-0.7774940568509892,-0.6142015270235114,0.30097884281071985,0.5209230293703383,0.0005054395824933059,0.0013367889126165156,0.005336443175083305,0.0013367889126165156,0.0006015550106774321,0.0024062200427097283,0.0019101039213492033,0.0008595467646071415,0.003438187058428566,0.2118971102192627,0.057344553255763896,0.7071930640695292,1.112729779661945,0.0,1.112729779661945,0.40553670324641966,0.4055367155924159,0.7062640084146654,1.1143256910614363,1.1125816839797509,0.0,0.00014809568219420477,1.0,-2.9810054696831756,0.4140410002037104,0.0,1.0,-1.0549835003136767,-0.30459022786804135,45
2084Q4,219,0.6219604240666455,-1.4900640909629095,-0.8610797013985636,0.9007354205497483,1.2278098482922637,0.0008595467646071415,0.0013040001420984246,0.005205806936651403,0.0013040001420984246,0.0005868000639442911,0.0023472002557771644,0.0014735574024245769,0.0006631008310910596,0.0026524033243642384,0.21249932950980646,0.05671248770812292,0.71136106174254,1.1147916172602736,0.0,1.1147916172602736,0.4034305547011107,0.40343055551773366,0.7095532253893744,1.1149638622811144,1.1144998885308246,0.0,0.0002917287294490478,1.0,-2.8961898622323075,0.4057558853921397,0.0,1.0,-1.112962549253669,-0.7273213204481414,45
2085Q1,220,0.7957527937286396,-1.6309137858083527,0.3728279090301933,0.6258130636850294,0.7149457228176934,0.0006631008310910596,0.0011474928560997535,0.004582077027334597,0.0011474928560997535,0.0005163717852448891,0.0020654871409795566,0.00142343162672532,0.000640544232026394,0.002562176928105576,0.21542951302063118,0.053501195706902524,0.7281107576676062,1.1176587358271544,0.0,1.1176587358271544,0.38954796142275677,0.3895479781595481,0.7267134291883727,1.1182613730297013,1.1174329351496193,0.0,0.00022580067753508182,1.0,-2.5725794362131573,0.3734173993892893,0.0,1.0,-1.5386670053240523,-0.5339600017850962,45
2085Q2,221,0.47202850609133606,-1.190330092579178,-0.6507024440327415,0.1607492382798431,0.630317063767078,0.000640544232026394,0.001445200397223497,0.005768282033209338,0.001445200397223497,0.0006503401787505736,0.0026013607150022944,0.001282186112600699,0.0005769837506703145,0.002307935002681258,0.2099341414793396,0.05934455074197309,0.6987068694092686,1.1133513289594483,0.0,1.1133513289594483,0.41464445265423505,0.4146444595501797,0.6960391282467201,1.1123277375604252,1.112918540877158,0.0,0.00043278808229030297,1.0,-3.1499232867710427,0.431215344926434,0.0,1.0,-0.8876232139779417,-0.773001665795291,45
2085Q3,222,1.0058038661558137,0.04772861264634287,-0.7244695030404169,0.035921008495720885,0.9280457019351516,0.0005769837506703145,0.0017577039874465382,0.0070123005222659796,0.0017577039874465382,0.0007909667943509422,0.0031638671774037687,0.00143865662740643,0.0006473954823328935,0.002589581929331574,0.20451057856693566,0.06444666785852748,0.6743358184337989,1.1089227978725853,0.0,1.1089227978725853,0.4345869651571133,0.43458697943878644,0.6711409873582967,1.107357694719584,1.1084067494439518,0.0,0.0005160484286335087,1.0,-3.6678802889093665,0.4829406334086037,0.0,1.0,-0.5685351640355286,-1.0885224915784633,45
2085Q4,223,-0.582958562311081,-0.763570681261492,-0.17286108145714418,0.6919809521000387,0.5133136385511201,0.0006473954823328935,0.0021536776560933755,0.008586920596030168,0.0021536776560933755,0.000969154945242019,0.003876619780968076,0.0026457403427370308,0.001190583154231664,0.004762332616926656,0.19811215769032048,0.06981112903697369,0.6485012170634517,1.1012272582213152,0.0,1.1012272582213152,0.45272602145051105,0.4527260411578635,0.6466304979260016,1.102276209275986,1.100935249873137,0.0,0.0002920083481781077,1.0,-4.264077050662852,0.5420171219120535,0.0,1.0,-0.3125429684933543,-0.962454905811589,45
2086Q1,224,0.20458213639515818,0.3276773174200408,0.25024804282059765,-0.5172310194650398,0.2407143146911755,0.001190583154231664,0.003406561937422187,0.013556777757649408,0.003406561937422187,0.001532952871839984,0.006131811487359936,0.0019515971643231994,0.0008782187239454398,0.003512874895781759,0.180925563887142,0.08185046865695172,0.6026685413232981,1.095955566969084,0.0,1.095955566969084,0.49328702552113424,0.49328702564578586,0.5968244139894876,1.0910152964000763,1.0950250777975006,0.0,0.0009304891715833374,1.0,-5.43365092532917,0.6592868738089716,0.0,1.0,0.15854021984087077,-0.07398727055991551,45
2086Q2,225,0.5042065197817518,0.0653609476659838,0.5883532198781938,-0.16456687143260118,-0.41169593895166656,0.0008782187239454398,0.003144997041024549,0.01252076645668121,0.003144997041024549,0.001415248668461047,0.005660994673844188,0.004221269203470135,0.001899571141561561,0.007598284566246244,0.18416471313506766,0.07977588793995583,0.6065184012422966,1.0903738428904466,0.0,1.0903738428904466,0.4838554401102662,0.48385544164815,0.6049562201047052,1.0929706872782932,1.0901410712014,0.0,0.00023277168904667356,1.0,-5.338541619567355,0.648754590815174,0.0,1.0,0.07077782028285014,1.7418793423785828,45
2086Q3,226,0.5766947716867181,-0.44556025120378223,0.6743315451691407,-0.19304242329850124,-0.32576107801744314,0.001899571141561561,0.002600599934384218,0.010361891324362715,0.002600599934384218,0.001170269970472898,0.004681079881891592,0.002487328474480928,0.0011192978135164176,0.004477191254065671,0.19147853369381113,0.07479452440439034,0.6284809004783022,1.0985502183029328,0.0,1.0985502183029328,0.4700693004851759,0.4700693178246306,0.6252149938467747,1.0976237220280132,1.0980381012103544,0.0,0.000512117092578368,1.0,-4.754575199925839,0.5911382221790675,0.0,1.0,-0.11168267587226867,0.01787875878070054,45
2086Q4,227,-0.1040774418879631,-0.14708799037652728,-0.04830394754547096,0.49933942985769264,0.19909408249172286,0.0011192978135164176,0.0025643891069548307,0.010218167290252489,0.0025643891069548307,0.0011539750981296739,0.0046159003925186955,0.002858767613962568,0.0012864454262831557,0.005145781705132623,0.1919940429126927,0.0744249251417603,0.6292815817989742,1.0976239416147324,0.0,1.0976239416147324,0.46834234618477166,0.4683423598157582,0.626762080633024,1.0979680097089182,1.0972330774263674,0.0,0.00039086418836498105,1.0,-4.736001511067178,0.5891137056804346,0.0,1.0,-0.12268985509426746,-0.6580445052063729,45
2087Q1,228,-1.06444199118333,0.4061382079712322,-0.5607715646461824,-0.14507114972734053,0.7977449268262314,0.0012864454262831557,0.0027415901319991715,0.01092134499942643,0.0027415901319991715,0.0012337155593996271,0.0049348622375985085,0.0023450429629719187,0.0010552693333373635,0.004221077333349454,0.18950679327866138,0.07618390712472377,0.623289154269398,1.098135198614236,0.0,1.098135198614236,0.4748460304070744,0.474846044344838,0.6194552376236814,1.096329155866575,1.0975315587643837,0.0,0.0006036398498523443,1.0,-4.886470339139486,0.6043917645806113,0.0,1.0,-0.052332828122100834,-0.8963669558076279,45
2087Q2,229,-0.12280781483087115,0.3335954301395615,-0.01293665189630705,-0.14977647479337988,0.32403852864844435,0.0010552693333373635,0.0026029854522162826,0.01037135910982856,0.0026029854522162826,0.0011713434534973272,0.004685373813989309,0.0023105757126596115,0.0010397590706968253,0.004159036282787301,0.19144470453050308,0.07481868396591167,0.628699724221906,1.099084591259237,0.0,1.099084591259237,0.4703848597601461,0.47038486703733107,0.6251140848907007,1.0976012169321563,1.0985194858617833,0.0,0.0005651053974538023,1.0,-4.748241894367817,0.590584430366085,0.0,1.0,-0.1067837199189332,-0.7139715891713286,45
2087Q3,230,-0.9018831273169734,-0.2035088544532937,-0.40096833457600134,0.15792298169571933,-0.11928882244550293,0.0010397590706968253,0.0024853558172489346,0.00990442267771785,0.0024853558172489346,0.0011184101177620206,0.0044736404710480826,0.0025654449878104416,0.0011544502445146986,0.004617800978058795,0.19313233504989857,0.07359900019125881,0.6330979070057794,1.0990516480415253,0.0,1.0990516480415253,0.46595372978803906,0.46595374103574594,0.6302423965389112,1.0987374768015563,1.0986048877306582,0.0,0.00044676031086710033,1.0,-4.638889546022497,0.579534504357735,0.0,1.0,-0.15340944717537852,-1.0879135906289594,45
2087Q4,231,0.4360994191895317,-1.2609836397320575,-0.5241088620145647,0.028199888097180256,-0.015302285225025025,0.0011544502445146986,0.0025324596212047846,0.010091423299506852,0.0025324596212047846,0.001139606829542153,0.004558427318168612,0.0034966190960022147,0.0015734785932009967,0.006293914372803987,0.19245173223065676,0.07409448049870351,0.6294535400653484,1.0958438780239044,0.0,1.0958438780239044,0.4663903304921184,0.466390337958556,0.6281506639865623,1.0982758380897448,1.095645495318864,0.0,0.0001983827050404674,1.0,-4.73453069512246,0.588679590919045,0.0,1.0,-0.13679516708550865,-0.48395043135036847,45
2088Q1,232,0.4119946895524787,-0.32225704061027066,-0.8272171887997196,-0.07241898157078783,0.6191458408590702,0.0015734785932009967,0.002283847111839021,0.009104140324167509,0.002283847111839021,0.0010277312003275595,0.004110924801310238,0.00244638751266203,0.0011008743806979135,0.004403497522791654,0.19611799686352957,0.07136408315492568,0.6424053383644499,1.1008520210549375,0.0,1.1008520210549375,0.4584466798620877,0.4584466826904876,0.6398247997346712,1.1008225013446127,1.1004468990537941,0.0,0.0004051220011433987,1.0,-4.409504497369338,0.5566495753562359,0.0,1.0,-0.24755882516847139,-0.6711985739071857,45
2088Q2,233,-0.2511428455506248,-0.5625639457023924,-0.045155209314539424,0.4287104723422888,-0.46640101899917297,0.0011008743806979135,0.002491335192534177,0.009928162077752822,0.002491335192534177,0.0011211008366403797,0.004484403346561519,0.0022554876728657306,0.0010149694527895787,0.004059877811158315,0.19304558065965155,0.07366243400248788,0.6334028664225928,1.0999828359517128,0.0,1.0999828359517128,0.4665799684484089,0.46657996952911995,0.6299739479474249,1.0986783689337158,1.0994415801229684,0.0,0.0005412558287443137,1.0,-4.629890040055641,0.5787740345527745,0.0,1.0,-0.14916215294982635,-1.4020296330781437,45
2088Q3,234,0.06582359608576671,-0.5328359202279103,0.23420556284846417,0.05624143396316193,0.19236121664480582,0.0010149694527895787,0.0021437747574667458,0.008547563796665991,0.0021437747574667458,0.0009646986408600357,0.0038587945634401427,0.0022799916610166723,0.0010259962474575026,0.00410398498983001,0.19826602125601195,0.06968915789249668,0.6497085958323715,1.1024850582871895,0.0,1.1024850582871895,0.45277644919074445,0.45277646245481795,0.6471703039944733,1.1023906257689404,1.102084668037429,0.0,0.0004003902497604628,1.0,-4.233775376469993,0.5391515413995418,0.0,1.0,-0.3199223347890576,-0.585761423828467,45
2088Q4,235,0.7674309294773995,0.2603028666368522,0.16436808751912696,-0.004356234335141998,-0.15666131703713976,0.0010259962474575026,0.002074169261759948,0.008270899653555097,0.002074169261759948,0.0009333761677919767,0.0037335046711679067,0.0020862739950649033,0.0009388232977792065,0.003755293191116826,0.19935621439034512,0.06881571502968893,0.6537890311780011,1.1036986334948802,0.0,1.1036986334948802,0.4499095965908174,0.44990960231687904,0.6510588575975552,1.1032111807272764,1.1032655958390083,0.0,0.0004330376558718818,1.0,-4.136842065724604,0.5295453832746813,0.0,1.0,-0.3587559242736668,-0.57619692045467,45
2089Q1,236,-1.106768448935559,0.17087911125063313,0.6016201297410554,-0.04508677400750599,0.29499448043912596,0.0009388232977792065,0.004409032587674885,0.017519835401409223,0.004409032587674885,0.001984064664453698,0.007936258657814792,0.007080060101979385,0.003186027045890723,0.012744108183562893,0.1699738552020603,0.08847584499444766,0.571879956935948,1.0778555826672318,0.0,1.0778555826672318,0.5059756242529633,0.5059756257312839,0.5719254244823416,1.084628561181129,1.0770667333619564,7.950392447442223e-05,0.0007888493052754519,1.0,-6.350047474492744,0.7486187204033837,0.0,1.0,0.4096821228929086,-0.37215080565760517,45
2089Q2,237,-0.41120552620117923,0.11305846670948055,0.10589776074877397,0.08563352391780771,0.2216412305088981,0.003186027045890723,0.00402185867633492,0.01599064258026528,0.00402185867633492,0.0018098364043507141,0.007239345617402857,0.0037563544176893826,0.0016903594879602221,0.006761437951840889,0.17394470895485886,0.08612532303359474,0.5847416929815992,1.088352367733535,0.0,1.088352367733535,0.5036106719925131,0.5036106747519358,0.5805818406482726,1.0869244213308709,1.0877238290001376,0.0,0.0006285387333972992,1.0,-5.950471847035099,0.7101568252155497,0.0,1.0,0.32274764394142,-0.7804678735509416,45
2089Q3,238,-0.5050287533023394,-0.16241639399781765,-0.5128995407077059,-0.8521850310045757,-0.28992882960258837,0.0016903594879602221,0.003988884442760568,0.01586032419502803,0.003988884442760568,0.0017949979992422556,0.007179991996969022,0.003156835274488254,0.0014205758735197143,0.005682303494078857,0.1742973559851022,0.08591437493270565,0.5863900573101318,1.090183413949236,0.0,1.090183413949236,0.5037933524055342,0.5037933566391041,0.5813679411622419,1.0871286920720895,1.0894110414067275,0.0,0.0007723725425083927,1.0,-5.899700839357735,0.7053495080622537,0.0,1.0,0.32445107288046465,-2.5882846210751413,45
2089Q4,239,0.4838290813998056,0.2366869209865763,-0.6062737051925784,-0.6229415912238438,0.5009571236517094,0.0014205758735197143,0.002308309428524568,0.00920131712859118,0.002308309428524568,0.0010387392428360556,0.0041549569713442225,0.0028625851152923954,0.001288163301881578,0.005152653207526312,0.1957490487346709,0.07164592335518706,0.6404751279341201,1.0993494559372057,0.0,1.0993494559372057,0.45887431926871597,0.4588743280030856,0.6386028119576325,1.1005591936561228,1.0990590253404602,0.0,0.00029043059674549454,1.0,-4.45829029872568,0.5613408665706864,0.0,1.0,-0.23168439931503937,-1.421493486019949,45
2090Q1,240,0.5206247832680813,-1.1104726972445667,0.387866104396268,0.07735607675059644,0.2866846123574419,0.001288163301881578,0.0023834722508479416,0.009499857492746289,0.0023834722508479416,0.0010725625128815738,0.004290250051526295,0.00274769320268158,0.001236461941206711,0.004945847764826844,0.19462673851648593,0.0724932364892115,0.6372280112613123,1.0991752240539459,0.0,1.0991752240539459,0.4619472091791624,0.4619472127926335,0.6349528812631585,1.0997683339124218,1.0988211333307962,0.0,0.00035409072314962486,1.0,-4.537334462453886,0.569296984304182,0.0,1.0,-0.20263230033967325,-0.2995528055997666,45
2090Q2,241,0.9546306135982299,0.23853624660691686,0.10636265966338307,-0.15927362535551498,-0.6200221400991324,0.001236461941206711,0.002136843415486238,0.008520016070562964,0.002136843415486238,0.0009615795369688072,0.0038463181478752286,0.0020040061835725743,0.0009018027826076584,0.0036072111304306337,0.19837389807882258,0.06960345207930839,0.6505958345348322,1.103433008862487,0.0,1.103433008862487,0.45283715992042844,0.4528371743276549,0.6475500861071366,1.1024710467499437,1.1029487897707064,0.0,0.0004842190917806466,1.0,-4.211543514017682,0.5370525486191605,0.0,1.0,-0.329215504519261,0.435581514341087,45
2090Q3,242,0.5969269766573604,0.5779578451916244,-0.20137374036374658,0.4843008805819374,-0.819162336426581,0.0009018027826076584,0.0023275318131427266,0.009277673233899275,0.0023275318131427266,0.001047389315914227,0.004189557263656908,0.0027603273540827483,0.0012421473093372367,0.004968589237348947,0.19546040496101888,0.0718652692319644,0.6397648972866541,1.0995336802864275,0.0,1.0995336802864275,0.4597687658866545,0.4597687829997734,0.6376545326779947,1.1003543618770328,1.0992053528693764,0.0,0.000328327417051133,1.0,-4.475163127223536,0.5630741654130164,0.0,1.0,-0.24103130911136247,2.0014149571287674,45
2090Q4,243,1.5223794054312858,-0.24968586566867884,0.8220239722288377,0.6881586964657084,0.25238107474609683,0.0012421473093372367,0.0015562641684127396,0.006210539995640474,0.0015562641684127396,0.0007003188757857328,0.002801275503142931,0.001276840026934694,0.0005745780121206123,0.0022983120484824492,0.20796726380040054,0.06126247512678589,0.6894789817191177,1.1118708743016605,0.0,1.1118708743016605,0.4223918896800911,0.42239189258254284,0.6864858911820347,1.1104398225920977,1.1113852327315397,0.0,0.00048564157012087605,1.0,-3.3414510940118576,0.45037053138906513,0.0,1.0,-0.7702317853537124,1.9431815134304522,45
2091Q1,244,0.29570875502687843,-0.5399182237287093,-0.1133483942650666,1.0504965784978295,0.1416933405235718,0.0005745780121206123,0.0017216637136531804,0.006868890503081704,0.0017216637136531804,0.0007747486711439312,0.003098994684575725,0.0012894195613694754,0.000580238802616264,0.002320955210465056,0.20511873955531973,0.06390247658215903,0.6771273006379366,1.109828431165764,0.0,1.109828431165764,0.432701114721563,0.43270113052782744,0.6737194998977964,1.1078803086825597,1.1092756940236306,0.0,0.0005527371421334415,1.0,-3.6060739265036923,0.476827153847753,0.0,1.0,-0.60746590373449,0.6702712802193321,45
2091Q2,245,1.0076011355190837,-0.1758770248493978,0.426349189778539,0.13689299891280227,0.22973753085721527,0.000580238802616264,0.0021443198151225294,0.008549730033782232,0.0021443198151225294,0.0009649439168051382,0.003859775667220553,0.0020029887185836516,0.0009013449233626433,0.003605379693450573,0.19825754457707334,0.0696958858021786,0.6502067660992068,1.1033741285202963,2.50677478774719e-10,1.103374131027071,0.4531673651785417,0.45316736492786425,0.6471405077360097,1.1023843135500075,1.1028866371861479,0.0,0.0004874913341483822,1.0,-4.220736521787752,0.5379723072554126,0.0,1.0,-0.32994024661238147,1.3190114256221444,45
2091Q3,246,0.45336404219660525,0.6391201206775945,-0.4287381415594983,0.37727479784169055,-0.48471097035249733,0.0009013449233626433,0.0025711670594890245,0.010245070784879018,0.0025711670594890245,0.001157025176770061,0.004628100707080244,0.0023020958300630136,0.0010359431235283563,0.004143772494113425,0.1918972634525961,0.07449451968994696,0.6299987930652946,1.0993133680598979,0.0,1.0993133680598979,0.4693145749464541,0.4693145749946033,0.6264702836200738,1.0979031807924848,1.0987571318240617,0.0,0.0005562362358362272,1.0,-4.715405712582815,0.5873046281347531,0.0,1.0,-0.1327368469581411,1.7183900099091913,45
2091Q4,247,0.10612158519572029,0.16712963678952153,-0.21324108265669944,1.2544645184631436,-0.5462116971696869,0.0010359431235283563,0.002387130677732323,0.00951438673245597,0.002387130677732323,0.0010742088049795454,0.0042968352199181815,0.0019287293000868518,0.0008679281850390834,0.0034717127401563334,0.1945725447151047,0.07253377760325258,0.6385626396541423,1.101736258333208,0.0,1.101736258333208,0.46317360490419474,0.4631736186790657,0.6347791378689441,1.099730517919642,1.10113346811167,0.0,0.0006027902215379743,1.0,-4.500849860679557,0.5660170578829166,0.0,1.0,-0.2157138384904714,2.430982114030962,45
2092Q1,248,0.747221463146016,0.04160018576989355,0.3884068384989544,1.2135906427514838,0.3387143178418383,0.0008679281850390834,0.002024251269536527,0.008072452680375486,0.002024251269536527,0.0009109130712914372,0.003643652285165749,0.0018824583327486763,0.0008471062497369044,0.0033884249989476175,0.20014753379901598,0.06817131258062338,0.656950721184781,1.1048026477209714,2.8212238101232856e-10,1.1048026505421953,0.44785192963953663,0.44785192935741425,0.6539538789026119,1.1038180611410908,1.1043245674770579,0.0,0.00047808024391349235,1.0,-4.062312945533397,0.5221841883036028,0.0,1.0,-0.40094694387479723,1.8071148210665107,45
2092Q2,249,0.19933216460765946,-0.6536849253126329,-0.4771541119605123,0.3344603403109926,0.05909267772121683,0.0008471062497369044,0.001804347909626955,0.007197881097089742,0.001804347909626955,0.0008119565593321297,0.003247826237328519,0.002394341600465874,0.0010774537202096434,0.0043098148808385734,0.20373002944878546,0.06513568803334732,0.6692851584746092,1.1052286687849386,0.0,1.1052286687849386,0.4359434928775157,0.4359435103103294,0.6679014813356519,1.1066981902140856,1.1050111195064032,0.0,0.00021754927853545603,1.0,-3.7840887125577947,0.4941314175355698,0.0,1.0,-0.5440973469018421,1.0508172400235374,45
2092Q3,250,0.3973795238898656,-0.2570070836244546,-0.7261092216000196,-0.3516867895145951,0.281558056318797,0.0010774537202096434,0.0017141690540862509,0.006839066101924862,0.0017141690540862509,0.0007713760743388129,0.0030855042973552517,0.0015174430329151641,0.0006828493648118239,0.0027313974592472956,0.20524576501496022,0.06378798238650135,0.677181788111394,1.109142408863974,0.0,1.109142408863974,0.4319605997250909,0.4319606207525801,0.6742642631866892,1.1079904658195212,1.1086721869770404,0.0,0.00047022188693368605,1.0,-3.605911668779436,0.4767083175131318,0.0,1.0,-0.6110411116581232,0.17380589641927469,45
2092Q4,251,0.4538181888134635,-0.7588268679489859,-0.888217272966249,0.43263436670974764,-0.5127205301506299,0.0006828493648118239,0.0016399862370290903,0.0065438252550685805,0.0016399862370290903,0.0007379938066630906,0.0029519752266523626,0.002118405690777336,0.0009532825608498011,0.0038131302433992045,0.20651350077033157,0.06262913181391826,0.6812805166461877,1.107960598440904,0.0,1.107960598440904,0.4266800727928842,0.4266800817947163,0.6798230256828485,1.1091095873678067,1.1077296339662426,0.0,0.00023096447466142145,1.0,-3.5197742630853037,0.46782414374768055,0.0,1.0,-0.6771793077612747,0.23560628109551932,45
2093Q1,252,1.5188836658024212,-1.7082066051723328,-0.5920119328183808,0.010909592048741978,0.37048346517462044,0.0009532825608498011,0.001539689374242155,0.0061445482313515765,0.001539689374242155,0.0006928602184089697,0.002771440873635879,0.0016591739339055522,0.0007466282702574985,0.002986513081029994,0.20825799893663155,0.06098409890185749,0.6899848040899175,1.11076582547929,0.0,1.11076582547929,0.4207810153339829,0.42078102138937257,0.687857609499895,1.1107122592720016,1.1104243390243387,0.0,0.0003414864549513563,1.0,-3.3325389999140738,0.4493072717211499,0.0,1.0,-0.7817676500851597,0.7584615267085302,45
2093Q2,253,0.6878990925143593,-0.4013224204153013,-0.13557293733336678,0.46048968494783454,0.3631765035420018,0.0007466282702574985,0.0014039128778442537,0.005603836747569146,0.0014039128778442537,0.0006317607950299142,0.0025270431801196567,0.0011250460538488527,0.0005062707242319837,0.002025082896927935,0.2106766521348255,0.05859855944991317,0.7027168308918901,1.1144987780007811,0.0,1.1144987780007811,0.41178193991473,0.41178194710889104,0.6998209328336408,1.113069295607226,1.1140269282110677,0.0,0.00047184978971337443,1.0,-3.0675457246568345,0.42304830174145147,0.0,1.0,-0.9496879989748576,0.04712932574019647,45
2093Q3,254,0.44851218038987317,-0.913266260545673,-0.11069621720608575,0.9913225782875588,-0.10080351196848508,0.0005062707242319837,0.0015146877931920175,0.006044999393305384,0.0015146877931920175,0.0006816095069364079,0.0027264380277456316,0.0010817180845177766,0.0004867731380329995,0.001947092552131998,0.2086983931077257,0.060559104922377004,0.6932607067876799,1.1130931918431501,0.0,1.1130931918431501,0.41983247880916347,0.4198324850554702,0.6899614528886358,1.1111291963672782,1.1125549770698466,0.0,0.0005382147733035136,1.0,-3.261455537421332,0.44245878060410015,0.0,1.0,-0.8077297223273988,0.34736028865776497,45
2093Q4,255,0.6191250359918316,-0.761951414851161,-0.378379601913929,0.3544683012255523,1.4239724237614264,0.0004867731380329995,0.0012490578636973493,0.00498687837392231,0.0012490578636973493,0.0005620760386638072,0.0022483041546552287,0.0009153064356712785,0.00041188789605207536,0.0016475515842083014,0.21351742888270053,0.05562298778727893,0.7182108511630314,1.1177011994313162,0.0,1.1177011994313162,0.39949033402932504,0.3994903482682848,0.7152899786784419,1.1160719940068748,1.1172225235741282,0.0,0.00047867585718797123,1.0,-2.759606447293621,0.39234875683331005,0.0,1.0,-1.231854894570672,-0.4175704976606526,45
2094Q1,256,0.801036747178686,-1.3784753306508657,-0.7796090122081962,-0.022505891548229295,0.8909777481977978,0.00041188789605207536,0.0013489705370374108,0.005384973634782297,0.0013489705370374108,0.0006070367416668349,0.0024281469666673394,0.0012746158850997975,0.0005735771482949089,0.0022943085931796357,0.21167439009609582,0.057576050060197725,0.7074656042658605,1.1147963604785491,0.0,1.1147963604785491,0.40733075047079215,0.40733075621268866,0.7050663625742368,1.1140927944861876,1.1144070493764318,0.0,0.0003893111021173734,1.0,-2.9726984923322135,0.41349627208492645,0.0,1.0,-1.0299484819323774,-1.0495564657662262,45
2094Q2,257,0.8487541623853294,-0.7733054240993422,-1.3019430220298278,0.07170579736781446,1.193942053431089,0.0005735771482949089,0.0012770587522520636,0.00509845806292164,0.0012770587522520636,0.0005746764385134286,0.0022987057540537143,0.0013150485353312573,0.0005917718408990658,0.0023670873635962633,0.21299714926658456,0.056183104844343364,0.7144139117347313,1.1157938368143232,0.0,1.1157938368143232,0.40137991705249876,0.40137992507959186,0.7123299897230848,1.1155009922155301,1.1154560699800178,0.0,0.00033776683430541965,1.0,-2.8354053869332354,0.39974876685242444,0.0,1.0,-1.158973000399943,-2.2806373514003813,45
2094Q3,258,0.7755097408466038,-0.23299692621514945,-0.33839469346168016,-0.2333566987810188,-0.11328690865806212,0.0005917718408990658,0.0014850020773725654,0.005926790016699934,0.0014850020773725654,0.0006682509348176545,0.002673003739270618,0.0014683407855479902,0.0006607533534965956,0.0026430134139863825,0.20922419453126753,0.060046349190435735,0.6948927279162733,1.112150451287023,0.0,1.112150451287023,0.41725771390355,0.41725772337074973,0.6925154160360188,1.1116339001926343,1.1117667710591124,0.0,0.0003836802279106877,1.0,-3.2293177879282,0.4390710254393234,0.0,1.0,-0.8264510488772083,-2.676935601532954,45
2094Q4,259,0.614425404726715,-0.8496940697641773,-0.6710432831213521,0.24749936930678937,0.08195015902335406,0.0006607533534965956,0.0016178389601797347,0.0064556683546073135,0.0016178389601797347,0.0007280275320808807,0.0029121101283235227,0.0014700215965785263,0.0006615097184603369,0.0026460388738413477,0.20689568054996585,0.06227385545766022,0.6842970418659351,1.1104352115983973,0.0,1.1104352115983973,0.42613815075263706,0.4261381697324622,0.681543797981753,1.109454269111776,1.1099908796017215,0.0,0.00044433199667581746,1.0,-3.4521516147966596,0.4613536517612056,0.0,1.0,-0.691671680840034,-0.9693832697702703,45
2095Q1,260,0.8752666366526372,-0.2332320698819988,-0.23862466856365333,0.8414664266877319,0.8239429603196302,0.0006615097184603369,0.0016612393246070792,0.006628417332446013,0.0016612393246070792,0.0007475576960731857,0.0029902307842927427,0.0011964100615827432,0.0005383845277122344,0.0021535381108489376,0.20614835568664963,0.06296597596526686,0.6816429868403663,1.1108461614137974,0.0,1.1108461614137974,0.4292031592628322,0.42920317457343116,0.6781987631332134,1.1087834895966635,1.1102860749985348,0.0,0.0005600864152626173,1.0,-3.5078198945750314,0.4670436049297909,0.0,1.0,-0.6571921922598375,0.15904798530743383,45
2095Q2,261,-0.31451309759422674,-1.2328059519379413,-0.21959162062487175,-0.41485262933667894,1.381314091341677,0.0005383845277122344,0.0016456109947175198,0.0065662135837532,0.0016456109947175198,0.0007405249476228839,0.0029620997904915357,0.0013928347206385802,0.000626775624287361,0.002507102497149444,0.2064167103203039,0.06271866584117992,0.6823821824355302,1.110363201465183,0.0,1.110363201465183,0.4279810007614909,0.4279810190296528,0.6793906073286939,1.1090228438699334,1.1098793673107865,0.0,0.0004838341543964564,1.0,-3.492811902789601,0.46545441465467274,0.0,1.0,-0.6673911232600782,-0.5982909718479992,45
2095Q3,262,0.8390264372368312,-0.8908441544215994,-1.1058890099947547,-0.2564857525502148,1.0013447217326041,0.000626775624287361,0.001416002821782472,0.005651992255866767,0.001416002821782472,0.0006372012698021124,0.0025488050792084496,0.0011137488471838959,0.0005011869812327532,0.0020047479249310127,0.21045858575389814,0.058818945870613884,0.7016552487046347,1.1143614770227348,0.0,1.1143614770227348,0.4127062209339003,0.4127062283181001,0.6986997651949944,1.1128497765470395,1.1138797682916979,0.0,0.0004817087310369228,1.0,-3.08902515499699,0.42520132851846626,0.0,1.0,-0.9285267712651873,-0.6323768984211361,45
2095Q4,263,0.2807807236115061,0.012739045570777652,-0.5325335739521713,0.11683486122427955,-0.2719493243779566,0.0005011869812327532,0.001955383988490506,0.007798624685938282,0.001955383988490506,0.0008799227948207277,0.0035196911792829107,0.001687872257302543,0.0007595425157861444,0.0030381700631445774,0.20125241212692146,0.0672563000039231,0.6613063641391344,1.1060765661801384,0.0,1.1060765661801384,0.4447701922104524,0.44477020204100404,0.6581035382757217,1.1046822659261708,1.105562818259224,0.0,0.0005137479209142981,1.0,-3.961179677128787,0.5121584251970925,0.0,1.0,-0.43755040570234527,0.6944785605437618,45
2096Q1,264,0.4968709964096224,0.49238687663259306,0.11672814385855135,1.2538351558772285,0.060339110539245726,0.0007595425157861444,0.0021231821969983286,0.008465719636216895,0.0021231821969983286,0.0009554319886492479,0.0038217279545969918,0.0018701121634878877,0.0008415504735695495,0.003366201894278198,0.19858695831882095,0.06943371861903136,0.6515707696785957,1.1039805924081332,0.0,1.1039805924081332,0.4524098148224931,0.45240982272953745,0.6483033398844869,1.1026303729385916,1.1034591612736286,0.0,0.0005214311345045353,1.0,-4.187942413995787,0.5347526909260092,0.0,1.0,-0.3406932775849053,1.1737600035947475,45
2096Q2,265,-1.4226169293402444,0.43356756871708546,-0.4618935182367175,-0.5526152736013848,0.38823655304240534,0.0008415504735695495,0.0025931037549264905,0.010332139598047463,0.0025931037549264905,0.0011668966897169207,0.004667586758867683,0.0028777354095519425,0.0012949809342983742,0.005179923737193497,0.19158494330952597,0.07471845501334784,0.6280876887580388,1.0973851158912586,0.0,1.0973851158912586,0.46929741716905143,0.46929742713321987,0.6255328905577048,1.0976945818583799,1.0969889939432067,0.0,0.0003961219480519418,1.0,-4.766293404107604,0.5921343594764621,0.0,1.0,-0.11348615825694675,-0.20579335630299295,45
2096Q3,266,0.06931056707642352,0.08681615464469503,-0.24560299704674426,0.01470938200395594,-0.15488095770539073,0.0012949809342983742,0.0033246966093720977,0.013232611669605876,0.0033246966093720977,0.001496113474217444,0.005984453896869776,0.002660800883464991,0.001197360397559246,0.004789441590236984,0.181921110236809,0.0812200899827855,0.6038011068288739,1.0942089106140576,0.0,1.0942089106140576,0.4904078022834662,0.49040780378518367,0.5992773764425878,1.0916111159967063,1.0935030892652993,0.0,0.0007058213487582954,1.0,-5.405718642010068,0.6561745038034476,0.0,1.0,0.1384190971883828,-0.7331974135221261,45
2096Q4,267,-0.2543352029426583,0.30055780461867077,-0.13265767328347558,-0.6054385864633881,0.27965882835904937,0.001197360397559246,0.002712909168009125,0.01080755722764759,0.002712909168009125,0.0012208091256041063,0.004883236502416425,0.002873794127861789,0.0012932073575378051,0.0051728294301512205,0.18990337150928407,0.07590745812066063,0.6234388031445185,1.0966753624562686,0.0,1.0966753624562686,0.4732365484048733,0.4732365593117501,0.6205943135994507,1.0965868241913888,1.0962342733607784,0.0,0.00044108909549023245,1.0,-4.884998621395221,0.6040066547819843,0.0,1.0,-0.0657562289740148,-0.4005533114380109,45
2097Q1,268,-0.44190184958722367,0.9342819940301816,0.41646242287152196,0.0009448253890194103,-0.32832993927372134,0.0012932073575378051,0.006743859344449129,0.026703784309402567,0.006743859344449129,0.0030347367050021085,0.012138946820008434,0.00641841569804852,0.0028882870641218344,0.011553148256487338,0.1515730063882445,0.09950451100740658,0.538814005606377,1.0749582577182657,0.0,1.0749582577182657,0.5361442415180457,0.5361442521118887,0.5336522949369468,1.0733455453547593,1.0742401753473538,0.0,0.0007180823709118656,1.0,-7.42016267779406,0.8559279807152842,0.0,1.0,0.852944122951045,-0.4088519642651667,45
2097Q2,269,-1.4267642218966852,0.7047587735462315,0.9393711503824097,-0.09658501385489948,0.5102709343649112,0.0028882870641218344,0.007851729099705364,0.031038950924410003,0.007851729099705364,0.0035332780948674138,0.014133112379469655,0.008214991291819759,0.0036967460813188916,0.014786984325275566,0.1454202016017415,0.10373076363562231,0.524583253217055,1.0687374756839085,0.0,1.0687374756839085,0.5441542144666414,0.5441542224668535,0.5199698453998699,1.0688694669280945,1.0681329691433186,0.0,0.0006045065405899663,1.0,-7.931718432507309,0.906275097169412,0.0,1.0,1.0447979977308934,-1.138307425863661,45
2097Q3,270,-0.4148178656027267,0.591101122577633,1.4482030807475883,-0.9664387525658122,0.0986909350780647,0.0036967460813188916,0.00879155257064515,0.034705173974512005,0.00879155257064515,0.003956198656790318,0.01582479462716127,0.012484546606574599,0.00561804597295857,0.02247218389183428,0.1411625486017939,0.10707140431432517,0.5104920043610136,1.057082981239371,0.0,1.057082981239371,0.5465909579816833,0.5465909768783573,0.5095426520070002,1.0653316357757117,1.0569768250955904,0.0,0.00010615614378051141,1.0,-8.477125488457961,0.9588945028728375,0.0,1.0,1.2041454485778058,-0.7778922589235976,45
2097Q4,271,-1.4402250326237667,0.8132006299943147,1.2328930414410944,-0.5814319736123812,-0.22474305503290176,0.00561804597295857,0.008609249988729292,0.03399483179143592,0.008609249988729292,0.0038741624949281818,0.015496649979712727,0.008623736030383463,0.0038806812136725584,0.015522724854690233,0.1419276884976443,0.1064366686634774,0.5167495241107924,1.0667605183467033,0.0,1.0667605183467033,0.5500109787979004,0.5500109942359108,0.5114974023467567,1.0660021695400963,1.0660819799929613,0.0,0.0006785383537419865,1.0,-8.222541799851722,0.9351734987714997,0.0,1.0,1.1750900230936274,-1.2942387999724019,45
2098Q1,272,-0.7381080328166503,0.3818963759892685,0.49616408490819963,-0.3012967642116582,0.23665493045116187,0.0038806812136725584,0.00767502607194696,0.030348473087754457,0.00767502607194696,0.003453761732376132,0.013815046929504528,0.006841930463226174,0.0030788687084517784,0.012315474833807113,0.14631313090110573,0.10308104175997765,0.5280948761540775,1.0724605913010399,0.0,1.0724605913010399,0.5443656998206868,0.5443657151469624,0.5220377488177362,1.069558902441533,1.0716294849067243,0.0,0.0008311063943156061,1.0,-7.798779733927461,0.8935991046842944,0.0,1.0,1.018568886105658,-1.833205032648801,45
2098Q2,273,-0.31574262763959704,0.9406824710251789,0.3217137239752862,0.20144730652601228,-0.35687703098218315,0.0030788687084517784,0.00629501784898585,0.02494330414428747,0.00629501784898585,0.002832758032043633,0.011331032128174531,0.008015172364584423,0.0036068275640629903,0.014427310256251961,0.15447817570360717,0.09766365794824049,0.5420921284494122,1.071519149267972,0.0,1.071519149267972,0.5294270020931704,0.5294270208185599,0.5397820401069017,1.075280072433625,1.0712143753295222,0.0,0.0003047739384498538,1.0,-7.3151168268709785,0.8447048551230348,0.0,1.0,0.7821122920153466,-1.7521570015921972,45
2098Q3,274,-0.3514745863432812,0.12006221932851646,-0.23873337192675276,-0.41463333684796244,-0.002047640260716632,0.0036068275640629903,0.004165602205293854,0.016558584199824256,0.004165602205293854,0.0018745209923822343,0.007498083969528937,0.003485416713810256,0.0015684375212146153,0.006273750084858461,0.17243438260796135,0.08702426201097681,0.5820969048437848,1.088662453748357,0.0,1.088662453748357,0.5065655356290416,0.5065655489045721,0.5772491697129988,1.086050753433339,1.0879240679431053,0.0,0.0007383858052516512,1.0,-6.026954328431287,0.7179269953219142,0.0,1.0,0.35866107598435293,-1.1474639587823436,45
2098Q4,275,-0.19001310426115559,0.8235527737778986,0.6047712728701948,-0.6244354122263798,-0.5829610692747557,0.0015684375212146153,0.005476720807108943,0.021727572589342548,0.005476720807108943,0.0024645243631990243,0.009858097452796097,0.0038752000452342015,0.0017438400203553907,0.006975360081421563,0.16049235185993788,0.09402918229973736,0.5587434252573737,1.0841253039824963,0.0,1.0841253039824963,0.5253818739230528,0.5253818787251225,0.5521856759667272,1.079047397421261,1.0831379587582324,0.0,0.0009873452242639136,1.0,-6.74674063221283,0.7897302232009276,0.0,1.0,0.6230450814361095,0.23818206213470655,45
2099Q1,276,-0.7768713041584715,1.0629990180948694,1.2165887886060496,-1.4267412366149932,-0.9714522535422128,0.0017438400203553907,0.009192135427026519,0.03626466921732574,0.009192135427026519,0.004136460942161933,0.016545843768647733,0.008642126121040197,0.0038889567544680885,0.015555827017872354,0.13957509865900994,0.10844740714902829,0.5114138178052482,1.0660288591804614,0.0,1.0660288591804614,0.5546150252116472,0.5546150413752132,0.5053476342854523,1.0638822782039221,1.0652456516028672,0.0,0.0007832075775942027,1.0,-8.424525957894318,0.9553636390349636,0.0,1.0,1.2696496672770934,0.29329769625762203,45
2099Q2,277,-0.5878995813085854,0.8121532756514601,0.9729968647718336,-1.0626049379696902,-0.6071221849226419,0.0038889567544680885,0.007497039563753776,0.029652606985116736,0.007497039563753776,0.0033736678036891993,0.013494671214756797,0.005336749081275136,0.002401537086573811,0.009606148346295244,0.14724476502626957,0.10241830602038028,0.5318587514459437,1.0765794850787558,0.0,1.0765794850787558,0.5447207236520805,0.544720733632812,0.5241604170805257,1.0702620345853042,1.0754710432601995,0.0,0.0011084418185562939,1.0,-7.657999681561148,0.880198431069541,0.0,1.0,0.9776106660361371,0.23386169468781276,45
2099Q3,278,-0.6261456959696767,1.1630465364978457,1.548688943125951,-0.374738345902199,0.07196266481722013,0.002401537086573811,0.006431155112192454,0.025477524165705034,0.006431155112192454,0.0028940198004866044,0.011576079201946417,0.004515242284367526,0.002031859027965387,0.008127436111861548,0.15356942003306773,0.09823170626503415,0.5450673523164522,1.0804963149826303,0.0,1.0804963149826303,0.535428960474096,0.5354289626661781,0.5378795776610544,1.0746846591903778,1.0794348142887689,0.0,0.0010615006938614613,1.0,-7.198675119579607,0.8346356529299954,0.0,1.0,0.7925060334120906,0.7898720333674069,45
2099Q4,279,-0.7619697130845321,0.3313872084146796,0.6788859029161782,-0.35614546261944513,-0.7839545059911966,0.002031859027965387,0.007088537845682918,0.02805408936669651,0.007088537845682918,0.0031898420305573128,0.012759368122229251,0.007471424951535591,0.003362141228191016,0.013448564912764064,0.14951171415266312,0.10086191772910749,0.5335494304676166,1.0716976189440295,0.0,1.0716976189440295,0.538148187602369,0.5381481884764129,0.529198233666974,1.071911373304292,1.0711129112630757,0.0,0.0005847076809537555,1.0,-7.608027308011759,0.874240589572985,0.0,1.0,0.9086903918790332,0.18264190822675694,45
2100Q1,280,-0.6356127065525445,1.312081794517827,0.3591479977829151,-1.0371775008983801,0.16428943191376189,0.003362141228191016,0.006909331000834587,0.027352207969265296,0.006909331000834587,0.0031091989503755644,0.012436795801502257,0.00820121333017288,0.003690545998577796,0.014762183994311184,0.1505657880014739,0.10016168666030997,0.5346100249058986,1.0700844553020306,0.0,1.0700844553020306,0.5354744180008513,0.535474430396132,0.5314889028959475,1.0726518580620383,1.0696752932478077,0.0,0.0004091620542228114,1.0,-7.574128725874556,0.8705223265888777,0.0,1.0,0.8797058354618431,-0.10977568601781162,45
2100Q2,281,-0.48414516142618425,-0.2260725373327396,0.17967931327141173,0.7020444983696144,-0.2734409473419226,0.003690545998577796,0.003438086112618532,0.013681584252753787,0.003438086112618532,0.0015471387506783394,0.006188555002713357,0.0040271537118750445,0.00181221917034377,0.00724887668137508,0.18054655238994935,0.08208888610524401,0.5984400810151973,1.089692887739375,0.0,1.089692887739375,0.49125279651269527,0.4912528067241777,0.5959006794323278,1.0907895269693273,1.0893122877957497,0.0,0.0003805999436252705,1.0,-5.560232719262217,0.6710110527558779,0.0,1.0,0.16748244497426779,-0.07447312788768651,45
2100Q3,282,-0.05533974299793353,-0.17536858662220237,0.20926154725235013,-0.10094933956742118,-0.13249991122394353,0.00181221917034377,0.003317127494681259,0.013202635846613742,0.003317127494681259,0.0014927073726065667,0.005970829490426267,0.0029288311934671653,0.0013179740370602244,0.005271896148240898,0.1820139866325795,0.08116096657348586,0.6035770073649931,1.093445948986583,0.0,1.093445948986583,0.4898689331927483,0.48986894162159,0.5995082357270005,1.0916669184785124,1.0928160207052164,0.0,0.000629928281366654,1.0,-5.413073801425211,0.6567894061054609,0.0,1.0,0.12979779556338827,0.460796833756183,45
2100Q4,283,-0.5829901744994965,-0.03788892814890399,0.3898264882223939,-0.6930756762931202,0.4836484307535935,0.0013179740370602244,0.0031834109512708392,0.012672968114762262,0.0031834109512708392,0.0014325349280718777,0.005730139712287511,0.004668481089680534,0.0021008164903562406,0.008403265961424962,0.1836782676415011,0.08009192844902564,0.6046214383217413,1.0888744147575604,0.0,1.0888744147575604,0.48425296976811877,0.4842529764358191,0.6037063529610053,1.0926737559526796,1.088739904681116,0.0,0.00013451007644449398,1.0,-5.392282658841749,0.6539274493938187,0.0,1.0,0.09248997995846,-0.0820427576808971,45
2101Q1,284,-0.4303418289124955,1.1102079065683552,0.42165785973774206,-0.16688409170861598,-1.2533430763099986,0.0021008164903562406,0.004236920779643622,0.016840278046454937,0.004236920779643622,0.00190661435083963,0.00762645740335852,0.003694756240162048,0.0016626403080729215,0.006650561232291686,0.17170103705785325,0.0874583828817627,0.5803122444730194,1.087843951782176,0.0,1.087843951782176,0.5075317046809642,0.5075317073091566,0.5756496031956368,1.085626933316589,1.0871381510008744,0.0,0.0007058007813016687,1.0,-6.080728722064292,0.7232102318983562,0.0,1.0,0.3641572065842801,0.9058205228093635,45
2101Q2,285,-0.15590373978069502,0.5467456312637992,0.0018040486774469205,0.4163239029631353,-0.5674502498452504,0.0016626403080729215,0.0027208375503707753,0.010839012973799633,0.0027208375503707753,0.001224376897666849,0.004897507590667396,0.002215830428926785,0.0009971236930170532,0.003988494772068213,0.1897935147870905,0.07598418515926439,0.6242925535273544,1.098656180027633,0.0,1.098656180027633,0.4743636098077247,0.47436362650027875,0.6202778238594665,1.096515315617049,1.098021737264157,0.0,0.0006344427634761285,1.0,-4.860102122158317,0.6018130885228146,0.0,1.0,-0.07037094253267862,1.0115638531290838,45
2101Q3,286,0.42399032653113117,0.8729117384629603,0.08490069752581839,-0.08668426910799046,-0.252441319630056,0.0009971236930170532,0.0031848473795154895,0.01267865911704047,0.0031848473795154895,0.0014331813207819704,0.0057327252831278815,0.004953372352564764,0.002229017558654144,0.008916070234616576,0.183660150560921,0.08010366681485032,0.60411029006298,1.0880248042914404,0.0,1.0880248042914404,0.48391449394627534,0.48391451422846044,0.603660015537203,1.0926627213972495,1.0879591948693514,0.0,6.56094220889969e-05,1.0,-5.407558612936988,0.6553268437350447,0.0,1.0,0.09040269577974698,0.3894115148251885,45
2101Q4,287,0.23919733624708744,-0.5034051371135098,0.3923209740435702,-0.49777637235901734,-0.4747747754430422,0.002229017558654144,0.0022280488991741564,0.008882454602608947,0.0022280488991741564,0.0010026220046283705,0.004010488018513482,0.0027934269030466265,0.001257042106370982,0.005028168425483928,0.19696640382281308,0.07070959626704051,0.6444684272112459,1.100169456279177,0.0,1.100169456279177,0.4557010229496178,0.4557010290679312,0.6426779653422477,1.1014345213209957,1.0998911655447772,0.0,0.0002782907343998886,1.0,-4.361234258404858,0.5516663837341149,0.0,1.0,-0.27762399116085695,-0.24188969108073916,45
2102Q1,288,0.34930930668952676,-1.021243112612721,-0.24113654621842182,0.6404363696001696,0.9997307951289018,0.001257042106370982,0.0016959469815963778,0.006766550012902606,0.0016959469815963778,0.0007631761417183701,0.0030527045668734803,0.0013153381829704377,0.000591902182336697,0.002367608729346788,0.2055554105069632,0.06350766395452889,0.678888617431251,1.1100349311862392,0.0,1.1100349311862392,0.4311463017837861,0.43114631375498824,0.675601371718737,1.1082604710476913,1.1095021311856479,0.0,0.0005328000005913047,1.0,-3.567875635509926,0.4729956613686559,0.0,1.0,-0.6281966340990135,0.471221787229763,45
2102Q2,289,0.6358338649673216,-0.03978691700680548,0.03662492433130299,-0.22293072192276614,-0.028792889642623998,0.000591902182336697,0.0017296481908031195,0.0069006633553140295,0.0017296481908031195,0.0007783416858614038,0.003113366743445615,0.001387689336039589,0.0006244602012178151,0.0024978408048712602,0.2049836236524724,0.06402394615004955,0.6763684535180429,1.1094062483852185,0.0,1.1094062483852185,0.4330377744563147,0.43303779486717564,0.6731424095303493,1.1077635183478147,1.108884418356063,0.0,0.0005218300291554012,1.0,-3.6230852371389153,0.4784840635126737,0.0,1.0,-0.5968891233878411,-0.05576067946129526,45
2102Q3,290,0.9029744915982707,-0.7262481261862812,-0.8038264156925445,-0.07448300126021273,-0.020184921297957237,0.0006244602012178151,0.001533433444688686,0.006119639687422684,0.001533433444688686,0.0006900450501099087,0.0027601802004396346,0.0021655704750770115,0.0009745067137846552,0.0038980268551386207,0.20836798632523687,0.06087833474207003,0.6894039242102012,1.1091015717407906,0.0,1.1091015717407906,0.4196976287056531,0.41969764753058936,0.6883800834391594,1.1108159032616847,1.1089395438883076,0.0,0.00016202785248298213,1.0,-3.3470292127233154,0.45052841455854686,0.0,1.0,-0.7794248068784893,-0.9386765166497636,45
2102Q4,291,0.5246940269859678,-1.0173459089593928,-0.0006657976926301434,-0.1437308719007392,0.5666219011481888,0.0009745067137846552,0.001407305196400394,0.0056173488829006635,0.001407305196400394,0.0006332873383801773,0.0025331493535207094,0.001517856085435469,0.000683035238445961,0.002732140953783844,0.21061541106484283,0.05866056224916884,0.7015397454529145,1.113066913562942,0.0,1.113066913562942,0.4115271590840675,0.41152716811002754,0.6995051727788385,1.113007498846961,1.1127390022020132,0.0,0.00032791136092891193,1.0,-3.093190101145939,0.4254359748761479,0.0,1.0,-0.9411995681120546,-0.5989877597840523,45
2103Q1,292,0.7787030230682017,-1.0406567578687316,-0.5729491929643123,0.7824819983039556,0.007671509640196916,0.000683035238445961,0.0014010649693156592,0.005592492976187136,0.0014010649693156592,0.0006304792361920467,0.0025219169447681868,0.0012045539481237608,0.0005420492766556923,0.0021681971066227694,0.2107280974836284,0.05854640742148987,0.7027976924241788,1.114260502519124,0.0,1.114260502519124,0.411462800355489,0.4114628100949451,0.7000867274526689,1.1131212974731817,1.1138197551699287,0.0,0.0004407473491951919,1.0,-3.0662661625811145,0.4228845669814557,0.0,1.0,-0.9499546884773329,-0.6660199190128447,45
2103Q2,293,0.2701676254743932,-0.7774863920285369,-0.35799701407026996,-0.9918433348039661,0.5703501670205364,0.0005420492766556923,0.0013264332259998578,0.005295185685325499,0.0013264332259998578,0.000596894951699936,0.002387579806799744,0.0012770276429249145,0.0005746624393162115,0.002298649757264846,0.21208687808979856,0.057146350378555213,0.7096173693934642,1.1151378135733339,0.0,1.1151378135733339,0.40552042826067547,0.40552044417986965,0.7072924052140358,1.1145254461267986,1.1147605802870568,0.0,0.00037723328627703445,1.0,-2.9298479061803047,0.40921012817871427,0.0,1.0,-1.0729763699595154,-0.37789436238949087,45
2103Q3,294,0.40074655957684946,-0.9809732760822272,-0.27649569978648686,0.9266085331855957,0.6756698003712787,0.0005746624393162115,0.0013691139551682244,0.005465219244494612,0.0013691139551682244,0.000616101279825701,0.002464405119302804,0.001613778498701834,0.0007262003244158252,0.002904801297663301,0.21130730364903497,0.05795498927098802,0.7048150509783125,1.1132905593776203,0.0,1.1132905593776203,0.4084754871747898,0.4084755083993078,0.7031139919039767,1.1137125114422974,1.1130171345496485,0.0,0.00027342482797187984,1.0,-3.0273809627845427,0.41881189595403845,0.0,1.0,-1.0040589693528772,0.2609497970500975,45
2103Q4,295,0.3338080675987703,-1.2163769124093928,-0.7273088987475416,0.8264524139452737,0.6512705139590297,0.0007262003244158252,0.0016357230705260888,0.006526856241261703,0.0016357230705260888,0.00073607538173674,0.00294430152694696,0.002121046618779763,0.0009544709784508932,0.003817883913803573,0.206586934357768,0.06256108470167564,0.6815909704424999,1.1080016950297245,0.0,1.1080016950297245,0.4264107043375054,0.4264107245872245,0.6801520030231979,1.1091755458688555,1.1077736830296883,0.0,0.00022801200003619293,1.0,-3.5131002777971636,0.4671555568012654,0.0,1.0,-0.6777049955440964,-0.4012642182363901,45
2104Q1,296,0.553678672168331,-0.6893457718059657,-0.43232472755109397,0.3571691805523901,0.4534400667183689,0.0009544709784508932,0.001679804567808175,0.006702306762863874,0.001679804567808175,0.0007559120555136788,0.003023648222054715,0.001422910121157916,0.0006403095545210622,0.002561238218084249,0.20583067024125265,0.0632570068114168,0.6798220503633802,1.10985713891883,0.0,1.10985713891883,0.43003508070387675,0.4300350885554499,0.6768010405340482,1.1085022799018132,1.1093689530820825,0.0,0.00048818583674759,1.0,-3.5481347321389958,0.4709731636593786,0.0,1.0,-0.6382345383949825,-0.27219507451379554,45
2104Q2,297,0.39691497750747573,-1.2866631923168115,-0.1910838137448235,0.025074320897472135,1.278132189761258,0.0006403095545210622,0.0014707173026314623,0.005869903874243132,0.0014707173026314623,0.0006618227861841581,0.0026472911447366324,0.0016137630280633893,0.0007261933626285252,0.0029047734505141007,0.20947833680130096,0.05979638894922224,0.6957848630850746,1.1118391135043948,0.0,1.1118391135043948,0.41605422298016465,0.4160542504193202,0.6937667071539634,1.1118806133250936,1.1115147190223873,0.0,0.0003243944820074951,1.0,-3.211520164811362,0.43722582311850766,0.0,1.0,-0.8594008857989304,0.1027718708833049,45
2104Q3,298,1.1214776221627658,-1.1269423218339107,-0.020614369544542765,0.44579111988545794,0.18584073844361432,0.0007261933626285252,0.0016273258138922958,0.006493431350595991,0.0016273258138922958,0.0007322966162515331,0.0029291864650061324,0.001539170988241908,0.0006926269447088587,0.0027705077788354347,0.20673176328703588,0.06242657720172496,0.6834372847834684,1.1100837930590257,0.0,1.1100837930590257,0.4266465042107248,0.4266465082755573,0.6808031306464888,1.1093060073325935,1.109659500025331,0.0,0.0004242930336946227,1.0,-3.4708466840904695,0.4631920414643381,0.0,1.0,-0.6931113628021559,0.9640364293795451,45
2104Q4,299,0.2970415483444345,-0.5704923163945829,-0.5675498323576889,1.7486695460705937,-0.437974282357077,0.0006926269447088587,0.0012620445871187442,0.005038629847218035,0.0012620445871187442,0.0005679200642034349,0.0022716802568137394,0.0010705165278067851,0.0004817324375130533,0.0019269297500522132,0.2132757584513897,0.055884045092545784,0.7165080136209,1.1169216947693188,0.0,1.1169216947693188,0.40041366142360785,0.4004136811484188,0.7139075637330249,1.115805515139871,1.116497346398787,0.0,0.00042434837053173524,1.0,-2.793395077381014,0.3956577753005883,0.0,1.0,-1.2076619198527645,0.6095681300290637,45
2105Q1,300,0.6317625264646776,-1.074163371682654,-0.18393164851793567,0.07566847329766357,0.1918935880881693,0.0004817324375130533,0.0016186018817253658,0.006458705249847929,0.0016186018817253658,0.0007283708467764146,0.0029134833871056584,0.0012787606550083636,0.0005754422947537636,0.0023017691790150545,0.20688248689775007,0.06228616717678655,0.6846425920091962,1.1110802324152256,0.0,1.1110802324152256,0.4264376294223326,0.4264376404060294,0.6814840416972954,1.1094423116198093,1.110567771597222,0.0,0.0005124608180036017,1.0,-3.4439153701015677,0.460616094715403,0.0,1.0,-0.6985359706877765,0.42343139027674404,45
2105Q2,301,0.9909292639797135,-1.1465165118947658,0.32591757813266625,1.2720329625676898,0.2740958459879586,0.0005754422947537636,0.0014541067002659075,0.005803752537224094,0.0014541067002659075,0.0006543480151196584,0.0026173920604786335,0.0020698677098936412,0.0009314404694521386,0.0037257618778085543,0.20977478236848934,0.05950304346914089,0.6962116424331757,1.1104787589381135,0.0,1.1104787589381135,0.4142671162342323,0.41426711650493786,0.695240470229138,1.112170727108539,1.1103246478987716,0.0,0.00015411103934193093,1.0,-3.2047627985538236,0.43634483938593027,0.0,1.0,-0.8858569446434327,1.045142243219681,45
2105Q3,302,0.9789411176466428,-0.29321890112356286,-0.7438739357520294,0.931388901120173,-0.39783609336501685,0.0009314404694521386,0.0015885461060462403,0.006339059580079853,0.0015885461060462403,0.0007148457477208081,0.0028593829908832324,0.0012011283587913188,0.0005405077614560935,0.002162031045824374,0.20740380033220837,0.061797119038625545,0.6871075256553448,1.1117201948043818,0.0,1.1117201948043818,0.424612655552588,0.42461266914903695,0.6838652969977922,1.1099180167305387,1.1111930248874513,0.0,0.00052716991693047,1.0,-3.3911677576227253,0.45537626800081643,0.0,1.0,-0.7351722076137607,1.6837515577174809,45
2105Q4,303,0.33107141572875093,0.42243805174751153,-0.2672940828090776,0.7635617457416408,0.04997839943369639,0.0005405077614560935,0.0016891806409580269,0.006739621847431376,0.0016891806409580269,0.0007601312884311122,0.0030405251537244486,0.0012057878549422325,0.0005426045347240047,0.0021704181388960187,0.2056706806024092,0.06340286581247127,0.6795995723601499,1.110485190058914,0.0,1.110485190058914,0.4308856049256345,0.4308856176987642,0.6761024762497224,1.1083615264194244,1.1099166533144411,0.0,0.0005685367444729916,1.0,-3.5519730800667673,0.47145470347195273,0.0,1.0,-0.6411435376472849,1.7698494946483527,45
2106Q1,304,-0.1695119923692065,-0.10687783523271932,-0.2943275928681151,0.3244478230140563,-0.18914118920860817,0.0005426045347240047,0.0019437726724987347,0.007752450538759392,0.0019437726724987347,0.0008746977026244307,0.0034987908104977226,0.0020783602965069835,0.0009352621334281426,0.0037410485337125705,0.20144021687841818,0.06709894747589443,0.6612260400973454,1.1049017779669572,0.0,1.1049017779669572,0.44367571334185446,0.4436757378696118,0.6588218116159336,1.1048311970371547,1.1045203534206678,0.0,0.0003814245462894217,1.0,-3.964773582266538,0.5123420960932257,0.0,1.0,-0.4431312512636059,0.3465003163551861,45
2106Q2,305,-0.08630402229707912,0.18718295656727724,-0.6651830576209927,-0.6417054602533804,0.07200645482828026,0.0009352621334281426,0.0026350954396767924,0.010498792532178225,0.0026350954396767924,0.0011857929478545565,0.004743171791418226,0.002066167919128118,0.0009297755636076532,0.0037191022544306126,0.19099092955779529,0.07514164363077203,0.6278590375197003,1.0996426383985494,0.0,1.0996426383985494,0.4717836004766484,0.4717836008788491,0.6237677553665275,1.0973003653769469,1.0989933427385146,0.0,0.0006492956600347988,1.0,-4.7684396750740445,0.5927141919437968,0.0,1.0,-0.09652472527376,-0.2545575240249542,45
2106Q3,306,0.7420294912800357,-0.1691595128609521,-0.4593112167869953,-0.8136752823715705,0.24174039268563158,0.0009297755636076532,0.002406792297872781,0.009592469029759298,0.002406792297872781,0.0010830565340427516,0.0043322261361710065,0.0028022507949423577,0.001261012857724061,0.005044051430896244,0.1942819725174451,0.07275057255522552,0.6360854292163232,1.0988412330598152,0.0,1.0988412330598152,0.4627557916952389,0.462755803843492,0.6338513627725831,1.0995283273362346,1.0984940817623725,0.0,0.0003471512974426716,1.0,-4.565768669872201,0.572115854129496,0.0,1.0,-0.19228981299324932,-0.2616089960818933,45
2106Q4,307,0.0263860841494361,-0.15491825739801937,-0.16943221343177833,0.8888456396958603,-0.05135065444081573,0.001261012857724061,0.0028685568323813812,0.011424949969048859,0.0028685568323813812,0.0012908505745716217,0.005163402298286487,0.002606095700239363,0.0011727430651077135,0.004690972260430854,0.18777844637486032,0.07737202457503421,0.6182580193179865,1.0966167691993978,0.0,1.0966167691993978,0.47835874664383227,0.47835874988141125,0.6145982561582538,1.0952208426104255,1.0960448486072178,0.0,0.0005719205921799198,1.0,-5.01820419466527,0.6174476764014193,0.0,1.0,-0.012214574680324875,0.1710092686838734,45
2107Q1,308,0.7458216868414167,-0.6412930748389076,-0.03514385028406922,0.20292484528575208,0.12238485117288908,0.0011727430651077135,0.002068132008040857,0.008246900376862043,0.002068132008040857,0.0009306594036183856,0.0037226376144735424,0.001877125917068319,0.0008447066626807436,0.0033788266507229743,0.19945149613355836,0.0687385947254267,0.6545217879609729,1.10443087122584,0.0,1.10443087122584,0.4499090792161099,0.449909083264867,0.6514041499783447,1.1032837400644906,1.1039334429405159,0.0,0.0004974282853240641,1.0,-4.118777205437551,0.5278330138810744,0.0,1.0,-0.365503407068686,0.028257204006239565,45
2107Q2,309,-0.1272205406728808,-0.19413730112709432,-0.6794514740400597,0.6112659557513723,0.8439287205343617,0.0008447066626807436,0.0018917733998614198,0.007545647828223978,0.0018917733998614198,0.000851298029937639,0.003405192119750556,0.0015852691918343082,0.0007133711363254388,0.002853484545301755,0.20228668853214382,0.0663829658630279,0.6653521991598011,1.107032738915134,0.0,1.107032738915134,0.4416805232371562,0.44168053975533283,0.6621076108933351,1.1055101203953397,1.1065107940425534,0.0,0.0005219448725806153,1.0,-3.8687674112985886,0.5029633699935334,0.0,1.0,-0.473273910608048,-0.4635376405565612,45
2107Q3,310,0.9880258043907875,-0.6745839842280499,-0.5456510341760591,0.16417259706059933,0.5637534654396141,0.0007133711363254388,0.001550871844507251,0.00618907107202471,0.001550871844507251,0.0006978923300282629,0.0027915693201130518,0.0022924026543247353,0.0010315811944461308,0.004126324777784523,0.2080617426236552,0.06117220189525798,0.6877400113413952,1.1084457252816748,0.0,1.1084457252816748,0.4207057082522284,0.42070571394027967,0.6869301738556963,1.1105281130511337,1.1083180267152855,0.0,0.00012769856638938926,1.0,-3.3826941209148735,0.4540378308970412,0.0,1.0,-0.7615347628850562,-0.7091936044323252,45
2107Q4,311,-0.2834811100034229,-0.651171929587147,-1.1083726353167767,-0.07282813524315374,0.8603249800236694,0.0010315811944461308,0.001540325965740288,0.006147082851182151,0.001540325965740288,0.0006931466845831296,0.0027725867383325184,0.0014558713405516735,0.0006551421032482531,0.0026205684129930124,0.2082468146216306,0.06099483980333358,0.6903694255386496,1.1114591627158363,0.0,1.1114591627158363,0.42108972515849363,0.4210897371771868,0.6878045903473907,1.110701737912212,1.1110450737189217,0.0,0.00041408899691464107,1.0,-3.323549611690665,0.44849981906581826,0.0,1.0,-0.7786444300461379,0.31561083953516245,45
2108Q1,312,1.3535083345285266,-0.9251837177907323,-0.9815350378578613,0.8099932608301357,0.054045051834484326,0.0006551421032482531,0.0014757907624599973,0.00589010815169233,0.0014757907624599973,0.0006641058431069988,0.0026564233724279953,0.0017861325774744517,0.0008037596598635033,0.003215038639454013,0.20938799018656484,0.05988540910595363,0.6949793404462137,1.1111705656120718,0.0,1.1111705656120718,0.4161912212280733,0.41619122516585816,0.6933205991311338,1.1117926979309851,1.1109052293646904,0.0,0.00026533624738145356,1.0,-3.228954473180348,0.4388916876581713,0.0,1.0,-0.8519117698755161,-0.10391669733325594,45
2108Q2,313,0.9361821991737141,-0.8441464492353566,-0.8428692822114344,1.8896696679130074,1.024185179001961,0.0008037596598635033,0.0012634694670698241,0.005044307802949177,0.0012634694670698241,0.0005685612601814209,0.0022742450407256835,0.0016601252233509256,0.0007470563505079165,0.002988225402031666,0.21324928142858784,0.05591255266989744,0.7150027045794586,1.1147789812584847,0.0,1.1147789812584847,0.39977626378918096,0.39977627667902615,0.7137568986259288,1.1157764525254823,1.1145789927307828,0.0,0.0001999885277019775,1.0,-2.8254314655456154,0.3985960902040536,0.0,1.0,-1.2003974126861123,-0.12923059699208247,45
2108Q3,314,1.0041662638018385,-1.2643117090021194,-0.7811186974289923,-0.13551804272839799,0.5694398054719688,0.0007470563505079165,0.001650459651979973,0.0065855124816437405,0.001650459651979973,0.0007427068433909879,0.0029708273735639516,0.002446770874009774,0.0011010468933043982,0.004404187573217593,0.20633336317604636,0.06279562216742919,0.6798250421799882,1.1067254145794099,0.0,1.1067254145794099,0.42690036488691147,0.4269003723994217,0.6790193326871379,1.1089483243473537,1.106598926623951,0.0,0.0001264879554587761,1.0,-3.552677375006403,0.47096669060733587,0.0,1.0,-0.6619856745254574,-0.7678162944233938,45
2108Q4,315,0.8469758997785299,-0.4717005828793017,-1.0487901830975774,-0.19384110504930283,-0.07331243643882623,0.0011010468933043982,0.0015545360858458435,0.006203659869548961,0.0015545360858458435,0.0006995412386306296,0.0027981649545225184,0.0015313451274811608,0.0006891053073665224,0.0027564212294660896,0.2079975302993789,0.061233575669297234,0.6890721575848279,1.111015689664749,0.0,1.111015689664749,0.42194352103076466,0.4219435320799211,0.6866280655660053,1.1104680814116648,1.1106219245734055,0.0,0.0003937650913434787,1.0,-3.3511591507400422,0.45122680976663765,0.0,1.0,-0.7515566834924716,-1.812555638288562,45
2109Q1,316,0.9903142280325234,-0.8218477050808395,-0.5491099024845554,-0.3109302081876771,0.5688581075337737,0.0006891053073665224,0.0013970208860853814,0.005576384442475879,0.0013970208860853814,0.0006286593987384217,0.0025146375949536867,0.001952849567024959,0.0008787823051612316,0.0035151292206449265,0.21080120175058378,0.05847219374045965,0.7015034242843263,1.1116878873170561,0.0,1.1116878873170561,0.41018444134348997,0.4101844630327298,0.7004652920136792,1.1131953340494056,1.111522604018286,0.0,0.00016528329877019132,1.0,-3.095885427613702,0.4255097604562089,0.0,1.0,-0.9484148638690132,-2.037306782475178,45
2109Q2,317,0.9979587950867841,-0.986285863982916,-1.2346184690717679,0.24598804274472494,1.073680340828381,0.0008787823051612316,0.0014838151684397683,0.0059220634918946136,0.0014838151684397683,0.0006677168257978957,0.002670867303191583,0.001217277977689956,0.0005477750899604803,0.002191100359841921,0.20924528304148787,0.060025660800580964,0.6955387779819786,1.1130405265341716,0.0,1.1130405265341716,0.4175017476079684,0.417501748552193,0.6926188263826015,1.1116543027767825,1.1125659694329766,0.0,0.0004745571011950389,1.0,-3.2148213399537484,0.43773435890541434,0.0,1.0,-0.8356508248239781,-1.2618966537241678,45
2109Q3,318,0.7956769469747862,-0.4618241253632346,-0.1772790780340121,0.10496193924522965,0.7733606714173953,0.0005477750899604803,0.0014271771291262721,0.0056964991327039805,0.0014271771291262721,0.0006422297081068224,0.0025689188324272898,0.0014906016785239532,0.000670770755335779,0.002683083021343116,0.21025750811357222,0.05902120146191566,0.6998293775148298,1.1128770846208735,0.0,1.1128770846208735,0.413047706792698,0.41304770710604377,0.6976737277022238,1.1126486453687259,1.112529394920886,0.0,0.00034768969998744126,1.0,-3.1279049292785013,0.4289197221725144,0.0,1.0,-0.9086199205977883,-1.4039396955447967,45
2109Q4,319,0.32847431315900616,-0.18508297383078265,-0.4965867667830532,-0.15793415615963,0.6422892915025241,0.000670770755335779,0.0014016394423551886,0.005594781221407663,0.0014016394423551886,0.0006307377490598349,0.0025229509962393397,0.0013548431304575633,0.0006096794087059034,0.002438717634823614,0.21071771767065692,0.05855693473595464,0.7024118674437219,1.1137227332104342,0.0,1.1137227332104342,0.41131085879662044,0.4113108657667124,0.7000330590830796,1.1131107987636573,1.1133375965105938,0.0,0.000385136699840416,1.0,-3.074758208553113,0.4236661414466054,0.0,1.0,-0.9478126306402405,-0.9022278634513058,45
2110Q1,320,0.5309843521147477,-0.6556295069850433,-1.2829632323649172,-0.2957521634964072,0.4081186187730344,0.0006096794087059034,0.0014403411716946324,0.00574892913875702,0.0014403411716946324,0.0006481535272625846,0.0025926141090503382,0.0013940083850529626,0.0006273037732738332,0.0025092150930953326,0.21002120789461007,0.059257719316318604,0.6988851545983402,1.1130285730268752,0.0,1.1130285730268752,0.4141434032553038,0.41414341842853497,0.6964773883112578,1.1124138362025475,1.1126391722994158,0.0,0.00038940072745941023,1.0,-3.1467753466919812,0.43085023089592434,0.0,1.0,-0.8904568850683023,-1.4412917998884074,45
2110Q2,321,0.09523133159882424,-1.3695260145279573,0.06374574500381958,0.19422038357595664,1.1564089787090752,0.0006273037732738332,0.0014947175025922929,0.005965478280776759,0.0014947175025922929,0.0006726228761665318,0.002690491504666127,0.002011532431060523,0.0009051895939772354,0.0036207583759089415,0.2090517649001104,0.060215149117861216,0.6929030209570933,1.1101356214787341,0.0,1.1101356214787341,0.4172325873114789,0.4172326005216408,0.6916727442896041,1.1114675462276475,1.1099400713349672,0.0,0.00019555014376693158,1.0,-3.273085767123617,0.4432033871183845,0.0,1.0,-0.8198061162494154,-1.7408899260507387,45
2110Q3,322,-0.2948658613306959,-0.34277092703867956,-0.7094687316167725,-0.8815046317238512,0.2800646420150833,0.0009051895939772354,0.0018638698159652639,0.007434661088062011,0.0018638698159652639,0.0008387414171843688,0.0033549656687374752,0.0014916895336254147,0.0006712602901314367,0.0026850411605257468,0.20274459446013948,0.06599093781450237,0.667279677267137,1.1076238022832676,0.0,1.1076238022832676,0.4403441168741685,0.4403441250161306,0.6639190170079744,1.105882777177437,1.1070817701375342,0.0,0.0005420321457334509,1.0,-3.8249324133646945,0.49862198104633804,0.0,1.0,-0.48760355827358365,-1.3823259753139736,45
2110Q4,323,0.16804134521628977,-0.29133595952909747,-0.4065260390791872,-0.45017547280207737,0.34750427226242364,0.0006712602901314367,0.0020034785580706734,0.007989862825436678,0.0020034785580706734,0.000901565351131803,0.003606261404527212,0.0024986882907515632,0.0011244097308382036,0.004497638923352814,0.20047918676648765,0.06789854966593852,0.6569311127698106,1.1029778295884407,0.0,1.1029778295884407,0.44604669787501244,0.44604671681863006,0.6551860670189269,1.1040753618208732,1.1027042833665228,0.0,0.00027354622191788636,1.0,-4.065540036986055,0.5222295939677672,0.0,1.0,-0.4002008021970503,-0.6487456183573469,45
2111Q1,324,1.1363520145208943,-1.348953965646499,-0.4160636491432754,0.5983795085448258,0.6967079378579045,0.0011244097308382036,0.001426262846801024,0.00569285763417926,0.001426262846801024,0.0006418182810604609,0.0025672731242418435,0.0017008102838282724,0.0007653646277227226,0.0030614585108908903,0.21027394323887094,0.059004704449240386,0.6994470856807907,1.1121537898109346,0.0,1.1121537898109346,0.41270668568477575,0.4127067041301439,0.6977573134400534,1.1126650389843524,1.1118828409935104,0.0,0.000270948817424177,1.0,-3.136660553973539,0.42970069076963113,0.0,1.0,-0.9242921857657118,1.2224901409124234,45
2111Q2,325,0.511711057248545,-0.5987494760366577,0.17879917945872104,0.8397142163639921,0.15548569322747502,0.0007653646277227226,0.0014442610240307542,0.00576454080261668,0.0014442610240307542,0.0006499174608138394,0.0025996698432553577,0.0013586245600105613,0.0006113810520047525,0.00244552420801901,0.20995096627099752,0.059327784525797005,0.6986208083217648,1.1130970605506147,0.0,1.1130970605506147,0.4144762478135179,0.41447625222885,0.6961237058953148,1.1123443578964671,1.1126928141540557,0.0,0.00040424639655900485,1.0,-3.1520303683002213,0.4313916557780174,0.0,1.0,-0.8950335882538838,0.35072469451786575,45
2111Q3,326,0.7143062715608097,-1.2453961575289145,0.17397470501199333,0.6691099497868805,0.42979801389069916,0.0006113810520047525,0.0013127635956090842,0.005240723339314024,0.0013127635956090842,0.0005907436180240879,0.0023629744720963515,0.0012107744484754625,0.0005448485018139581,0.0021793940072558325,0.21233798319984573,0.05688271563860623,0.711098137996506,1.115590079632112,0.0,1.115590079632112,0.40449193174797626,0.4044919416356061,0.7086645849517945,1.1147916571591232,1.1151945018979055,0.0,0.00039557773420662024,1.0,-2.9002048990601583,0.4062756414042019,0.0,1.0,-1.1064589699639755,1.1286980916248248,45
2111Q4,327,0.8121021437798196,0.027737803196680733,-0.17036893768484873,0.906436570242305,0.4240087545405865,0.0005448485018139581,0.001683388865824185,0.006716571748361377,0.001683388865824185,0.0007575249896208833,0.003030099958483533,0.0023652625322626818,0.0010643681395182069,0.0042574725580728275,0.205769473404835,0.06331285423818436,0.6776113406713772,1.106626426012923,0.0,1.106626426012923,0.4290150804206759,0.42901508534154587,0.6765334206793279,1.1084483729762338,1.1064568084912236,0.0,0.00016961752169941668,1.0,-3.600365919165438,0.47577222377702566,0.0,1.0,-0.6471050430411681,1.9338327737079024,45
2112Q1,328,-0.3097739811132304,-0.8205374771888908,0.010458363764187933,0.7208086209121051,0.7651648393259817,0.0010643681395182069,0.0017552573877856264,0.007002565601956001,0.0017552573877856264,0.0007898658245035319,0.0031594632980141276,0.0014175423478673124,0.0006378940565402905,0.002551576226161162,0.20455172376713943,0.06441005581529555,0.6745455807939182,1.1090207714048386,0.0,1.1090207714048386,0.4344751850889722,0.4344751906109203,0.6713139131259975,1.1073928060286125,1.1084984658526087,0.0,0.0005223055522298736,1.0,-3.6631739277489883,0.4824794987183585,0.0,1.0,-0.5825677030608047,1.1309315491380865,45
2112Q2,329,0.560942036782086,0.0548029522762451,0.3283022038570492,0.4536639447596895,0.2656926211576135,0.0006378940565402905,0.002564156263434878,0.010217243062707104,0.002564156263434878,0.001153870318545695,0.00461548127418278,0.002306640513522258,0.0010379882310850162,0.004151952924340065,0.19199736993344338,0.07442253094726771,0.6302765195343778,1.0993442591857163,0.0,1.0993442591857163,0.4690677378038341,0.4690677396513385,0.6267721227109553,1.0979702399658364,1.098791895745979,0.0,0.0005523634397373023,1.0,-4.708431800146123,0.5866051917835272,0.0,1.0,-0.1326046055399363,1.1633485750291124,45
2112Q3,330,0.5549767607639708,-0.23591236708963445,-0.14681421258660468,-0.14814201701025193,-0.198283817128571,0.0010379882310850162,0.0021562073075124134,0.008596973927530893,0.0021562073075124134,0.000970293288380586,0.003881173153522344,0.0019966564268120066,0.000898495392065403,0.003593981568261612,0.19807290318633566,0.06984219633249743,0.649600811309602,1.103296302943577,0.0,1.103296302943577,0.4536954740123484,0.45369549163397493,0.6464931291455878,1.1022470724393654,1.1028021347210661,0.0,0.0004941682225108046,1.0,-4.235054126376937,0.5394069172456283,0.0,1.0,-0.3177166766561635,0.24408751003739707,45
2112Q4,331,0.691110946692252,0.028129826562821883,0.00239332784609108,-0.03630491028936356,-0.7202755782818405,0.000898495392065403,0.0026230505868142565,0.010450992124121261,0.0026230505868142565,0.0011803727640664155,0.004721491056265662,0.003554129438756339,0.0015993582474403527,0.006397432989761411,0.19116080224658946,0.07502098306100455,0.6257025716164981,1.0951108063479769,0.0,1.0951108063479769,0.46940822026468293,0.46940823473147875,0.6242701988926994,1.097412768516553,1.094893076501671,0.0,0.0002177298463059696,1.0,-4.830027713318895,0.5982034130844491,0.0,1.0,-0.10704383157912034,0.8158472973022419,45
2113Q1,332,0.23365930781568162,-0.6551170381377566,-0.19490246502971373,-0.3400749014954739,0.3998571838971531,0.0015993582474403527,0.0018051901472888243,0.00720123184010435,0.0018051901472888243,0.0008123355662799709,0.0032493422651198836,0.0019991141171552414,0.0008996013527198586,0.0035984054108794345,0.20371600273325186,0.06514797494978736,0.6700276179639252,1.1065370623031392,0.0,1.1065370623031392,0.4365094247077949,0.436509444339214,0.6678439748828873,1.1066864510773495,1.1061898543482205,0.0,0.0003472079549187157,1.0,-3.76575364377792,0.4924757630250721,0.0,1.0,-0.541074643219739,0.6115488401756022,45
2113Q2,333,0.5691342497320915,-0.5937913089872133,-0.21811170950343256,0.5207514091365486,0.21695434976204844,0.0008996013527198586,0.0023009568397112917,0.009172109645310789,0.0023009568397112917,0.0010354305778700814,0.0041417223114803255,0.0021194333889249023,0.000953745025016206,0.003814980100064824,0.19585975150244847,0.07156153140734585,0.6421977383404254,1.101764291061003,0.0,1.101764291061003,0.45956653621974825,0.45956655272057767,0.638968296260628,1.100638022149809,1.101252545434769,0.0,0.000511745626234017,1.0,-4.4130650934863676,0.5571527643236205,0.0,1.0,-0.24074320478474173,-0.3986636673664098,45
2113Q3,334,0.17517300089691332,-0.021481822151493177,-0.5354634257393404,-0.2126817092576606,-0.7843668435852338,0.000953745025016206,0.002940428636054779,0.011709939439283445,0.002940428636054779,0.0013231928862246505,0.005292771544898602,0.002817780905537712,0.0012680014074919704,0.005072005629967882,0.18681948775244406,0.07802006883997428,0.6154297853745158,1.095588545602245,0.0,1.095588545602245,0.4801587422109032,0.4801587602277292,0.6119749324359279,1.0946154608278815,1.0950519378924504,0.0,0.0005366077097945787,1.0,-5.093487038821545,0.6248807024746625,0.0,1.0,0.01414374186166285,-0.11853735232110352,45
2113Q4,335,0.474413035857675,0.18915602702383075,-0.05568992341075507,-0.13683892494507127,-0.072223294470001,0.0012680014074919704,0.002582230680370675,0.010288984057683415,0.002582230680370675,0.0011620038061668039,0.0046480152246672155,0.0029500275886360314,0.0013275124148862142,0.005310049659544857,0.1917395744247851,0.07460770826343782,0.6283963846863871,1.0972285526059051,0.0,1.0972285526059051,0.46883214142481017,0.468832167919518,0.6259961860414767,1.0977977438710007,1.0968571821685533,0.0,0.0003713704373518034,1.0,-4.758797191981265,0.5913522067832403,0.0,1.0,-0.12225486773599305,0.6071841725282487,45
2114Q1,336,-0.09704817443076534,-0.2177530559899995,-0.8816615604697411,0.17602390853480057,-0.10703486215951524,0.0013275124148862142,0.002921910657390913,0.011636516969307231,0.002921910657390913,0.001314859795825911,0.005259439183303644,0.0029942976729616733,0.0013474339528327531,0.0053897358113310125,0.18706524116366743,0.07785472518041661,0.6157553560307647,1.0951500030796237,0.0,1.0951500030796237,0.47939464022144773,0.47939464704885904,0.6126425414324086,1.0947699904740107,1.0946689933478868,0.0,0.0004810097317369255,1.0,-5.085690252853263,0.6240215913324936,0.0,1.0,0.010895063429297731,-0.6890067948730032,45
2114Q2,337,0.9089972554112888,-0.4761079831218464,0.24555199828966717,-0.20494136033700366,-0.34805221863478536,0.0013474339528327531,0.002821484134454483,0.01123826168289388,0.002821484134454483,0.0012696678605045174,0.00507867144201807,0.0025972145752931742,0.0011687465588819284,0.0046749862355277136,0.18841408049527783,0.07693815621749155,0.6199362610559606,1.0969038081390485,0.0,1.0969038081390485,0.47696752898011113,0.476967547083088,0.6163647136517313,1.0956257724562997,1.0963455305125238,0.0,0.0005582776265247169,1.0,-4.974377743226167,0.6130690277637348,0.0,1.0,-0.028580294854652837,0.11167554947017017,45
2114Q3,338,0.39978972516130856,-0.3691936508984702,-0.18411283128609868,-0.2708925723359754,-0.11067399106251363,0.0011687465588819284,0.0023695458752390425,0.009444548201110292,0.0023695458752390425,0.0010662956438575691,0.0042651825754302765,0.0035976377394350664,0.00161893698274578,0.00647574793098312,0.1948334017469208,0.072338324594572,0.6363052981858613,1.096597908299723,0.0,1.096597908299723,0.46029259201414763,0.4602926101138617,0.6356175423330045,1.0999128511535692,1.096493499650296,0.0,0.00010440864942706796,1.0,-4.563915527559237,0.5715726157731779,0.0,1.0,-0.21299545741280526,0.43890512073873805,45
2114Q4,339,0.2468812530245353,-0.2818871489691466,0.06721390588141288,-0.10068296453752076,-0.01005160133722828,0.00161893698274578,0.0025961985419582926,0.010344422637262873,0.0025961985419582926,0.0011682893438812317,0.004673157375524927,0.002945638162586608,0.0013255371731639735,0.005302148692655894,0.19154099277376607,0.07474988798533996,0.6278432449921022,1.097155369557104,0.0,1.097155369557104,0.46931212235511993,0.4693121245650017,0.6254014977399766,1.0976653015926594,1.0967775222862484,0.0,0.0003778472708555469,1.0,-4.772797887582034,0.5927542515850395,0.0,1.0,-0.11392540319306536,0.10647193501269309,45
2115Q1,340,-0.13644615870878807,0.05378934864091911,-0.2518201202086129,-0.623211980253305,0.19897070561021812,0.0013255371731639735,0.0031089120821850722,0.012377776424011944,0.0031089120821850722,0.0013990104369832825,0.00559604174793313,0.003539964945951503,0.0015929842256781764,0.006371936902712706,0.18462510267323484,0.07947521457939341,0.6087605546843932,1.0925743135787047,0.0,1.0925743135787047,0.48381375711012703,0.48381375889431155,0.6061490784893163,1.0932529055510762,1.0921771859817766,0.0,0.00039712759692811517,1.0,-5.274749722763941,0.642681988050716,0.0,1.0,0.06858245662480951,0.03468860054330149,45
2115Q2,341,0.3185036983932359,-0.8361726522385424,-1.0840630516154852,-0.46476627348067595,1.0473837101697174,0.0015929842256781764,0.0018122843254732772,0.0072294548531295355,0.0018122843254732772,0.0008155279464629748,0.003262111785851899,0.0025763229361759434,0.0011593453212791745,0.004637381285116698,0.2035979501560499,0.06525125373505558,0.6684018346731315,1.104542422827459,0.0,1.104542422827459,0.4361405771123318,0.43614058815432744,0.6673608722490374,1.1065878056626102,1.1043796094893712,0.0,0.00016281333808776388,1.0,-3.8046533588462683,0.4961059905633476,0.0,1.0,-0.5287503767719024,-0.6785394809622163,45
2115Q3,342,0.6118409648159617,-0.3467546376579609,0.255320553176152,0.7234375434092404,-0.27083606058284115,0.0011593453212791745,0.0016373806915755138,0.006533454225311486,0.0016373806915755138,0.0007368213112089812,0.002947285244835925,0.001217519611137853,0.0005478838250120338,0.0021915353000481353,0.20655837410843816,0.06258756222256576,0.683361424574312,1.11106069261687,0.0,1.11106069261687,0.42769925681045934,0.427699268042558,0.6800239630009777,1.1091498777195092,1.1105182844846762,0.0,0.0005424081321938612,1.0,-3.4710234430079008,0.463354460475778,0.0,1.0,-0.6823277728950509,0.7316282480745179,45
2115Q4,343,1.0435746031023296,-0.5696815881408067,-0.6074777116018553,1.0373720097016994,0.1475703053762218,0.0005478838250120338,0.001507586162766428,0.006016721455535223,0.001507586162766428,0.0006784137732448926,0.0027136550929795704,0.002493716657880321,0.0011221724960461445,0.004488689984184578,0.20882389219023034,0.06043725237548615,0.6908013077370888,1.1083026365697406,8.523376449076636e-11,1.1083026374220781,0.4175013297702231,0.4175013296849893,0.6905668221558937,1.1112489682388282,1.1082658751771368,0.0,3.6761392603779086e-05,1.0,-3.319164212113691,0.44759424871532294,0.0,1.0,-0.8198272259705436,1.049307876008822,45
2116Q1,344,0.45046104462624237,0.2387366509320456,0.7315670748001659,0.5922471537818533,0.6983577588768111,0.0011221724960461445,0.0020898255550573855,0.008333134484225235,0.0020898255550573855,0.0009404214997758235,0.003761685999103294,0.002411570343263168,0.0010852066544684257,0.004340826617873703,0.19910966216443132,0.0690146819963598,0.6523161793292578,1.10251013954106,0.0,1.10251013954106,0.4501939367748914,0.45019396021180214,0.6501694927795874,1.1030240654449177,1.102172792186003,0.0,0.00033734735505697167,1.0,-4.172840931627505,0.5329988865082821,0.0,1.0,-0.3559721014991944,0.5565837763264724,45
2116Q2,345,-0.14154731012008193,-0.7148137175168534,0.5413995499982321,-0.4090509535327321,0.3878688416504239,0.0010852066544684257,0.0021492208397427305,0.00856920814662232,0.0021492208397427305,0.0009671493778842287,0.003868597511536915,0.0019382348772771139,0.0008722056947747012,0.003488822779098805,0.19818136621417026,0.06975630506481303,0.650074533664334,1.1035425345527077,0.0,1.1035425345527077,0.45346797485155355,0.4534680008883737,0.6468730379169633,1.102327632723029,1.103032606895376,0.0,0.0005099276573317102,1.0,-4.22357313290652,0.5382851075958772,0.0,1.0,-0.319699538284748,-0.0834373614630001,45
2116Q3,346,0.4063266343376587,0.2620887692810438,0.7643323918406084,0.39300211234751525,0.79944567356802,0.0008722056947747012,0.0021784541588837883,0.008685383990712503,0.0021784541588837883,0.0009803043714977048,0.003921217485990819,0.0018431718150840905,0.0008294273167878407,0.003317709267151363,0.19772854335378245,0.07011385795203547,0.6487470380444667,1.1036086172410775,0.0,1.1036086172410775,0.4548615767225348,0.45486157919661085,0.645294065291753,1.101992395802024,1.103057157717874,0.0,0.0005514595232034569,1.0,-4.2546228000502095,0.541432852688233,0.0,1.0,-0.3032904983502027,-0.23686768840032255,45
2116Q4,347,1.0168722268537378,0.06820442015335326,-0.6563437304555574,0.685692094456249,0.48633802962324113,0.0008294273167878407,0.001813881326536682,0.007235808174399838,0.001813881326536682,0.0008162465969415069,0.0032649863877660277,0.0014975223895612865,0.0006738850753025789,0.0026955403012103155,0.2035713981418661,0.06527445064479678,0.6704734413541248,1.10812131769234,0.0,1.10812131769234,0.43764785556316865,0.4376478763382151,0.6672524520622395,1.1065656565167985,1.1076018972574182,0.0,0.0005194204349217024,1.0,-3.7535724227629617,0.49148335720099356,0.0,1.0,-0.5334374223384676,0.4018487864661755,45
2117Q1,348,-0.1514517103292381,-0.40948728456482003,0.008460468961723422,0.7257562758686601,-0.2212139659752174,0.0006738850753025789,0.0018302950893887729,0.007301104991456087,0.0018302950893887729,0.0008236327902249478,0.003294531160899791,0.001655385762266689,0.00074492359302001,0.00297969437208004,0.20329899574428947,0.06551175280190308,0.6690902079300171,1.1074229441147856,0.0,1.1074229441147856,0.4383327230408521,0.43833273618476853,0.666145118788779,1.1063392204553244,1.106950107802906,0.0,0.0004728363118795542,1.0,-3.785116875422509,0.49456676394923094,0.0,1.0,-0.5242300162745566,0.9323351666040183,45
2117Q2,349,0.8376124130278715,-0.14314930590428615,-0.2148794624837876,0.8942072803585224,-0.06933498329528393,0.00074492359302001,0.0016334577630571973,0.006517839372992773,0.0016334577630571973,0.0007350559933757388,0.0029402239735029554,0.001611701978776062,0.0007252658904492279,0.0029010635617969117,0.2066259803079571,0.0625248609417896,0.6828263057884318,1.1097625130855584,0.0,1.1097625130855584,0.4269361981681761,0.42693620729712656,0.6803272469145792,1.1092106691983494,1.1093607960163456,0.0,0.0004017170692127703,1.0,-3.4842653421283774,0.46450126832238847,0.0,1.0,-0.6845639027637985,0.4642705095537942,45
2117Q3,350,0.35805665235660594,-0.853437082260668,-0.12144887358446749,0.3852687695915547,1.2582375519075313,0.0007252658904492279,0.0015389933611679365,0.0061417770160941965,0.0015389933611679365,0.0006925470125255715,0.002770188050102286,0.001624797306258586,0.0007311587878163638,0.002924635151265455,0.20827022887956909,0.060972350881049735,0.6901144077703066,1.110893388367012,0.0,1.110893388367012,0.4207789781863897,0.4207789805967054,0.687915611326513,1.1107237680565276,1.1105400672578798,0.0,0.0003533211091322208,1.0,-3.3296625547647727,0.44903509668866093,0.0,1.0,-0.7795152109412624,0.20609667859294073,45
2117Q4,351,0.4661278261105808,-1.132408495146695,0.09348142020978945,0.7824577895537361,0.7329786528836413,0.0007311587878163638,0.0014476000575554806,0.005777839084320502,0.0014476000575554806,0.0006514200258999663,0.002605680103599865,0.0011732825989636965,0.0005279771695336634,0.0021119086781346535,0.20989117648628516,0.05938733759257309,0.6987372297168704,1.1136986815444971,0.0,1.1136986815444971,0.41496143749695075,0.4149614518276268,0.6958233482928057,1.1122853324844357,1.1132245340939206,0.0,0.0004741474505765009,1.0,-3.1488112479060124,0.4311531476210676,0.0,1.0,-0.8907056120567375,0.3700817042136563,45
2118Q1,352,-0.0813053160483356,-0.25130104465675307,0.46183719804160206,0.4120342365939851,-0.15108984234584705,0.0005279771695336634,0.002048105623341465,0.008167288420958707,0.002048105623341465,0.0009216475305036593,0.003686590122014637,0.0013065392846269043,0.000587942678082107,0.002351770712328428,0.19976839088071902,0.06848117909016091,0.6567319571495618,1.1064697613444403,0.0,1.1064697613444403,0.44973778771791023,0.4497378041948785,0.6525589859756122,1.1035260683288362,1.1057932368656924,0.0,0.0006765244787478863,1.0,-4.064791603605123,0.5226912176824301,0.0,1.0,-0.37492343099926084,-0.3830380479908245,45
2118Q2,353,0.034255594065004724,0.37989493888408943,0.04327689032927429,0.38703668310549005,-1.1185363917517714,0.000587942678082107,0.003463085791476825,0.013780551373523076,0.003463085791476825,0.0015583886061645712,0.006233554424658285,0.00429651808726518,0.0019334331392693311,0.0077337325570773245,0.18024768654895798,0.08227629734967375,0.5973368416009445,1.0888034809403813,0.0,1.0888034809403813,0.4914666359747427,0.4914666393394368,0.5951760905171908,1.0906118871410515,1.088482251435821,0.0,0.0003212295045602609,1.0,-5.592307380287001,0.6740973048894308,0.0,1.0,0.17264049188812886,0.2741043551925993,45
2118Q3,354,0.5904200762767744,0.013627563448733199,-0.8166448875313239,0.505046541671105,0.5853761906834148,0.0019334331392693311,0.002403372397864239,0.009578887894223453,0.002403372397864239,0.0010815175790389075,0.00432607031615563,0.0028030117376205417,0.0012613552819292439,0.0050454211277169755,0.19433243132453507,0.07271299470077065,0.6362361211376066,1.098862470431607,0.0,1.098862470431607,0.4626263370471767,0.46262634929400037,0.6340120083072338,1.099563370070333,1.0985168734407662,0.0,0.00034559699084080187,1.0,-4.562048551089282,0.5717434998269989,0.0,1.0,-0.1961638408559083,0.171253565564782,45
2118Q4,355,-0.28561289809806706,0.38869936386348697,-0.4222613808418068,-0.9721810761873,-0.36633811393801574,0.0012613552819292439,0.0037020093900237603,0.014726011073410317,0.0037020093900237603,0.001665904225510692,0.006663616902042768,0.004101373581397353,0.0018456181116288089,0.0073824724465152355,0.17746586900901196,0.08399754581089434,0.591564878615793,1.0884648710656852,0.0,1.0884648710656852,0.49689997991646223,0.49689999244989225,0.5885830395392111,1.0889727115041508,1.0880189554628763,0.0,0.00044591560280893283,1.0,-5.754772573368603,0.6904316392252315,0.0,1.0,0.23885439441397976,-0.04505844588962108,45
2119Q1,356,-0.46670754952569304,-0.36115813766144333,-0.17280540241586445,0.08142327583479532,-0.07454862423289654,0.0018456181116288089,0.004072974244469084,0.01619263225572165,0.004072974244469084,0.0018328384100110878,0.007331353640044351,0.004092489425184187,0.0018416202413328842,0.007366480965331537,0.17340263717230864,0.08644877354526712,0.5831230410893642,1.0872257589464356,0.0,1.0872257589464356,0.5041027172816194,0.5041027178570714,0.5793795062315032,1.0866106642735358,1.0866657867859986,0.0,0.0005599721604370167,1.0,-5.999455581073329,0.714903937866,0.0,1.0,0.328899449814577,0.3529565361305435,45
2119Q2,357,-0.16469687377032693,-0.040715976031347356,0.41712150315542756,0.0007914158542273453,-0.04540836429863543,0.0018416202413328842,0.0034740369648564168,0.013823901828442398,0.0034740369648564168,0.0015633166341853875,0.00625326653674155,0.002553092292818619,0.0011488915317683787,0.004595566127073515,0.18011723974225322,0.08235793680205036,0.5998554440560206,1.0938840262018001,0.0,1.0938840262018001,0.49402856751931606,0.4940285821457795,0.5948608657169798,1.0905344562568489,1.0931023193284262,0.0,0.0007817068733739774,1.0,-5.514171748699559,0.6670682833381876,0.0,1.0,0.17473312216289244,0.45470596826850324,45
2119Q3,358,-0.08913133837019854,-0.3975545426496832,0.2711858105723335,0.07797896142372655,0.3557392987953706,0.0011488915317683787,0.003307312889147128,0.013163766231428897,0.003307312889147128,0.0014882908001162076,0.0059531632004648305,0.002941799089655981,0.0013238095903451916,0.005295238361380766,0.18213462681536818,0.08108408726412852,0.603835933421107,1.093450798818167,0.0,1.093450798818167,0.48961485518733533,0.48961486539706,0.5998086305415701,1.091739459860131,1.0928275257561564,0.0,0.0006232730620105986,1.0,-5.406027781350824,0.6560789685447372,0.0,1.0,0.12982652779870268,-0.08317161374597663,45
2119Q4,359,-0.6725590871812244,-0.1408257682642523,0.7998182266581063,0.0753621875573872,-0.2995082218596008,0.0013238095903451916,0.003196948845182083,0.012726603082189203,0.003196948845182083,0.0014386269803319373,0.005754507921327749,0.001764698760142484,0.0007941144420641178,0.003176457768256471,0.1835077273262769,0.08020233397909918,0.6090265674264197,1.097480095399698,0.0,1.097480095399698,0.48845352162878075,0.48845352797327823,0.6032706825174278,1.0925699528571238,1.096558815048318,0.0,0.0009212803513798384,1.0,-5.259585986536972,0.641964484211633,0.0,1.0,0.09351586487537643,0.5022458830474485,45
2120Q1,360,0.26940327656325375,0.060444610306834685,-0.19480823147893572,0.2722786608343828,0.7807363487576798,0.0007941144420641178,0.0032129463598247455,0.012789979856160927,0.0032129463598247455,0.0014458258619211356,0.005783303447684542,0.0031487605065070633,0.0014169422279281785,0.005667768911712714,0.18330680010338074,0.08033215352242566,0.6062476299245814,1.0932594231531145,0.0,1.0932594231531145,0.48701177679708174,0.48701179322853316,0.6027590265566092,1.0924478465969754,1.0927227692815809,0.0,0.0005366538715336766,1.0,-5.341078997314665,0.6494909575035384,0.0,1.0,0.10054049434034255,0.10444624275167455,45
2120Q2,361,-0.6791648110279134,-0.22567778284262374,-0.26892989420031455,0.362549933808824,-0.4055307234074705,0.0014169422279281785,0.0029934130507221495,0.011919996282614753,0.0029934130507221495,0.0013470358728249674,0.0053881434912998695,0.002949250187708289,0.0013271625844687301,0.005308650337874921,0.18612136576888924,0.07848708945696448,0.613443291330784,1.094917083104096,0.0,1.094917083104096,0.4814737848345397,0.48147379177331195,0.6100955022150384,1.0941786901006696,1.0943990851372019,0.0,0.0005179979668941126,1.0,-5.1466968299880085,0.630142520414332,0.0,1.0,0.03816149658749234,-1.276922598258033,45
2120Q3,362,-0.87076144165758,1.1565230245530729,0.4950631720458088,-1.3250698956537514,0.22034417825737132,0.0013271625844687301,0.004159755573648463,0.016535488511013052,0.004159755573648463,0.0018718900081418084,0.0074875600325672335,0.003025747819875021,0.0013615865189437594,0.005446346075775038,0.17249496799194408,0.08698833258330112,0.5829206978390563,1.089993707599052,0.0,1.089993707599052,0.5070729953331381,0.5070730097599957,0.5773818385830466,1.0860857739080447,1.0891385956049755,0.0,0.0008551119940765073,1.0,-6.000607775413926,0.7154991910224489,0.0,1.0,0.3611321231944373,-1.865480945505305,45
2120Q4,363,0.23589560255871322,0.2767502088193775,0.08428916726010514,-0.7906948857303002,0.40700609485466355,0.0013615865189437594,0.003767312533776495,0.014984307943810338,0.003767312533776495,0.0016952906401994227,0.006781162560797691,0.0047723923777806595,0.002147576570001297,0.008590306280005188,0.17672847819578758,0.08444740231714123,0.5889455573087896,1.0862947968290495,0.0,1.0862947968290495,0.49734922420948313,0.4973492395202599,0.5868779311147004,1.0885418209000455,1.085991839484142,0.0,0.00030295734490759507,1.0,-5.832973654414266,0.6979497888714252,0.0,1.0,0.26274053902653527,-1.3568173073461385,45
2121Q1,364,-1.2835517870492916,0.2769117996224328,0.6691534802508472,0.15907543725194395,0.5339892772606979,0.002147576570001297,0.004242024318432236,0.016860433665021324,0.004242024318432236,0.0019089109432945063,0.007635643773178025,0.0032172899202093166,0.0014477804640941926,0.0057911218563767705,0.17164895998428034,0.08748915854871557,0.5809328326126368,1.0891860838188483,0.0,1.0891860838188483,0.5082532469860143,0.5082532512062115,0.5755364475593151,1.0855968396830988,1.0883576189384594,0.0,0.0008284648803889016,1.0,-6.0601717059219204,0.7213693901280978,0.0,1.0,0.3717286391481416,-0.29468442700362296,45
2121Q2,365,-0.5971845474992412,-0.16072789784637714,1.0713105822044815,-0.12789392774125447,-0.03458517285998569,0.0014477804640941926,0.0045923717790210174,0.01824333481021312,0.0045923717790210174,0.002066567300559458,0.008266269202237832,0.004650403936456073,0.002092681771405233,0.008370727085620932,0.16819836032244515,0.08951628196141038,0.572053035725911,1.0841336604005467,0.0,1.0841336604005467,0.5120806084292142,0.5120806246746357,0.5681524631105209,1.0836000783319126,1.0835599907732638,0.0,0.0005736696272828912,1.0,-6.333823190995614,0.7480896373281561,0.0,1.0,0.4437959517757792,0.7028552575556897,45
2121Q3,366,-0.23699451296126894,0.38370296317177893,-0.13176860734418672,-0.3850138523583092,-0.03870216023553019,0.002092681771405233,0.004871667559718939,0.019344733286705607,0.004871667559718939,0.002192250401873523,0.008769001607494092,0.005794587214907949,0.0026075642467085773,0.01043025698683431,0.16561584245521857,0.09102462866276248,0.5655078744149017,1.0802593417561388,0.0,1.0802593417561388,0.5147514427448454,0.5147514673412371,0.5627447444955092,1.0820950484504592,1.079867186317549,0.0,0.00039215543858972524,1.0,-6.541294933414191,0.7683219290947105,0.0,1.0,0.5032297717413564,0.4906630617258737,45
2121Q4,367,-0.57493841140951,0.337554158889357,0.5940844722238116,-0.4457588502419325,0.2203045622952569,0.0026075642467085773,0.004028030816677739,0.016015034229618252,0.004028030816677739,0.0018126138675049824,0.0072504554700199295,0.004418577069733731,0.001988359681380179,0.007953438725520717,0.17387895903546918,0.0861646069329481,0.5835907051446999,1.08643935617893,0.0,1.08643935617893,0.5028486371851508,0.5028486510342302,0.5804356246229407,1.0868863501178094,1.0859720370002843,0.0,0.0004673191786457309,1.0,-5.987180258246631,0.7135296661432828,0.0,1.0,0.3230249689934503,-0.5549986008628147,45
2122Q1,368,-0.901001469903761,0.040941222820711,0.46133677660188954,-0.805162963783102,0.056520020132271365,0.001988359681380179,0.005059927665886271,0.020086610994774268,0.005059927665886271,0.002276967449648822,0.009107869798595288,0.005304749116141494,0.0023871371022636725,0.00954854840905469,0.16395477186272212,0.09199490845607802,0.5631199875771565,1.0811617117592454,0.0,1.0811617117592454,0.5180417170694831,0.5180417241820888,0.5593041828286239,1.081118027154015,1.080611745052394,0.0,0.0005499667068513681,1.0,-6.614075926856806,0.775820455583417,0.0,1.0,0.5456862122664189,-0.36798578487143196,45
2122Q2,369,1.1122799055496604,0.05123847448213699,-0.40980262786596916,1.3586779512349396,-0.033814748706129126,0.0023871371022636725,0.003089283980594468,0.012299991710715164,0.003089283980594468,0.0013901777912675105,0.005560711165070042,0.0028983137129636495,0.0013042411708336424,0.00521696468333457,0.18487693432628183,0.07931009123284913,0.6104471855589657,1.094593423653651,0.0,1.094593423653651,0.4841462197951755,0.48414623809468527,0.6068057398937786,1.0934077855099522,1.0940291540154785,0.0,0.0005642696381724654,1.0,-5.226475652076614,0.6381433240368277,0.0,1.0,0.0638365246925308,-0.24465861420646878,45
2122Q3,370,-0.21823225832152132,-0.021826782187450655,-0.7242001383477448,0.6491096778412782,-0.43913605872517136,0.0013042411708336424,0.003166488001458983,0.012605919024742507,0.003166488001458983,0.0014249196006565423,0.005699678402626169,0.004336513855343824,0.0019514312349047207,0.007805724939618883,0.18389210437515607,0.07995320619116676,0.6056765002224668,1.0899342916295554,0.0,1.0899342916295554,0.4842577810743115,0.4842577914070886,0.6042544673302684,1.0928041280901297,1.089723140097695,0.0,0.00021115153186035407,1.0,-5.361978054956195,0.6510463742607148,0.0,1.0,0.09235547714261381,-1.0317771932430906,45
2122Q4,371,0.05973955375150075,-0.3171403297829834,-0.5105061769608679,0.24250043377468977,0.18119646967745714,0.0019514312349047207,0.0027304956277452996,0.010877330247158756,0.0027304956277452996,0.001228723032485385,0.00491489212994154,0.0021536936344478735,0.0009691621355015431,0.0038766485420061725,0.18965992793580966,0.0760773333651353,0.6240386032111843,1.0987905394862434,0.0,1.0987905394862434,0.47475192849210657,0.47475193627505907,0.6198939546548894,1.096428496720066,1.098134406893243,0.0,0.000656132593000347,1.0,-4.866341171418699,0.6024649550063683,0.0,1.0,-0.05493532502163341,-1.1823106619717987,45
2123Q1,372,0.7468931397868148,-0.06087811206928999,-0.21001701922205215,-0.2323619154382428,1.1808600825983528,0.0009691621355015431,0.0034134667842499818,0.013584115559834964,0.0034134667842499818,0.0015360600529124918,0.006144240211649967,0.003330871306302462,0.001498892087836108,0.005995568351344432,0.1808423422268522,0.08190289195129158,0.6002336657506725,1.0918424009216474,0.0,1.0918424009216474,0.49160873071504996,0.4916087351709749,0.5966211163247273,1.090965674675967,1.0912896408356034,0.0,0.0005527600860439907,1.0,-5.507167324791132,0.666017840391277,0.0,1.0,0.16659395088750578,-1.2102818818372894,45
2123Q2,373,0.014097988339664358,0.050180286991269,-0.1735548719723854,-0.11741029236899359,-0.11234501490717902,0.001498892087836108,0.003443216813003212,0.013701895946887088,0.003443216813003212,0.0015494475658514454,0.0061977902634057815,0.004199930361080613,0.0018899686624862758,0.007559874649945103,0.18048509345096253,0.0821274675929877,0.5980237592341333,1.0891655299075869,0.0,1.0891655299075869,0.4911417690633796,0.49114177067345355,0.5957514030689677,1.0907529695096752,1.0888267208912608,0.0,0.0003388090163261026,1.0,-5.572643312172262,0.6721743625547398,0.0,1.0,0.17629360641347158,-1.4493834179491352,45
2123Q3,374,-0.07491063278230195,0.3565389279324741,0.4427012107822109,-0.14882579140170196,-0.27075073405987166,0.0018899686624862758,0.003668623963106909,0.014593940361722901,0.003668623963106909,0.0016508807833981092,0.006603523133592437,0.003440314985546743,0.0015481417434960343,0.006192566973984137,0.177846602630365,0.08376428589488163,0.5934280360222062,1.0905088029084622,0.0,1.0905088029084622,0.4970807566740219,0.497080766886256,0.5894700770533635,1.0891957114243858,1.0899051406166838,0.0,0.0006036622917784396,1.0,-5.698724181272726,0.6851242763837766,0.0,1.0,0.23160923493431584,-0.3253271696389942,45
2123Q4,375,-0.3465749451086008,0.3813351540746419,0.6161613198227385,0.2410837432264369,-0.5624024131214733,0.0015481417434960343,0.005884474719607063,0.02333095047087219,0.005884474719607063,0.0026480136238231783,0.010592054495292713,0.007849856338987717,0.003532435352544473,0.014129741410177891,0.1573728393213012,0.09589175459929522,0.5475725781537931,1.0726495457982934,0.0,1.0726495457982934,0.5250769528962693,0.5250769676445003,0.5457790948368928,1.0771266597427944,1.0724115942397823,0.0,0.00023795155851114025,1.0,-7.129743348709414,0.8262418995183969,0.0,1.0,0.7050796052086429,-1.0299714758357503,45
2124Q1,376,-1.6098280606783288,0.22276091790983743,1.1058246285905962,-0.6760741104571822,-1.0086628651599507,0.003532435352544473,0.007573211972721999,0.02995046076600738,0.007573211972721999,0.0034079453877249,0.0136317815508996,0.006378732112206269,0.0028704294504928213,0.011481717801971285,0.14684202360771212,0.10270299675788681,0.5297355693788259,1.0737898898624572,0.0,1.0737898898624572,0.5440543046445089,0.5440543204836312,0.5232469333911157,1.0699600210343054,1.0728860507348483,0.0,0.0009038391276088298,1.0,-7.738046915342891,0.8877342620837962,0.0,1.0,0.9957007339840045,-0.7570683790538881,45
2124Q2,377,-1.1900897601442084,1.3730340605255422,1.2462282856526248,-1.131026324155282,-0.7333788010736971,0.0028704294504928213,0.009019158476682852,0.03559149063363021,0.009019158476682852,0.004058621314507284,0.016234485258029136,0.009882839243026426,0.004447277659361892,0.017789110637447567,0.14024518952681136,0.10785622831728602,0.5114997710697075,1.0631841464932406,0.0,1.0631841464932406,0.551684360927339,0.5516843754235331,0.5071428350495424,1.064504189038062,1.0626459462841102,0.0,0.0005382002091303129,1.0,-8.426823374258408,0.955035059766479,0.0,1.0,1.24716784710014,-1.3256669700982855,45
2124Q3,378,-0.9224368484573693,1.3800756819422253,0.9887041157206018,-0.48938999551340867,-1.4486008506882826,0.004447277659361892,0.008873129351163193,0.03502291107090971,0.008873129351163193,0.003992908208023437,0.015971632832093748,0.01015795286861293,0.004571078790875818,0.018284315163503272,0.14082899880852529,0.10735363855844726,0.5124927342076232,1.0626723326687364,0.0,1.0626723326687364,0.5501795975195556,0.5501795984611132,0.5086774585860242,1.065033850475762,1.0622057656190602,0.0,0.0004665670496761809,1.0,-8.390182522841066,0.9512471734932308,0.0,1.0,1.2204134070481363,-1.149145485939671,45
2124Q4,379,-0.8296664461678334,0.9414359350742962,0.8091304568192536,-1.739327572896175,-0.28604310568233426,0.004571078790875818,0.008281941808804927,0.032718491421918516,0.008281941808804927,0.003726873813962217,0.014907495255848868,0.008095928739127274,0.003643167932607273,0.014572671730429093,0.1433726648725989,0.10528198898466326,0.5204940426736444,1.0684805271153548,0.0,1.0684805271153548,0.5479864806734948,0.5479864844417104,0.5150852192232277,1.0672243896393803,1.0677688972971617,0.0,0.0007116298181930603,1.0,-8.080947371053124,0.9212515691727052,0.0,1.0,1.1183643681776374,-1.219190946559598,45
2125Q1,380,-0.957936978791124,1.0490166999252213,0.19269239635054514,-0.49358606578707587,-0.39746753588360756,0.003643167932607273,0.006432949499050006,0.02548456410297706,0.006432949499050006,0.0028948272745725027,0.011579309098290011,0.006508631044974074,0.0029288839702383334,0.011715535880953334,0.15355760578191485,0.09823913429095789,0.5423934159612165,1.0752360200657682,0.0,1.0752360200657682,0.5328425962914533,0.5328426041045518,0.5378547638723109,1.0746768635150794,1.0746064583683288,0.0,0.0006295616974394402,1.0,-7.298090665822005,0.8436801826119621,0.0,1.0,0.8023617348941864,-1.015494200481009,45
2125Q2,381,-0.9758443157939346,0.06448574375222904,0.6266743429970127,-0.7236110017578624,-0.6553952025428298,0.0029288839702383334,0.005270853306878562,0.020917306825348647,0.005270853306878562,0.002371883988095353,0.009487535952381412,0.005012412207234658,0.002255585493255596,0.009022341973022385,0.16216651410858138,0.09304264976209217,0.5602296229323255,1.0814821185488486,0.0,1.0814821185488486,0.5212524859284132,0.5212524956165231,0.5556218971381645,1.080055258792,1.0808119518100117,0.0,0.0006701667388369081,1.0,-6.704379380467334,0.7849823525534778,0.0,1.0,0.5916266680592042,-1.2427286095380894,45
2125Q3,382,-0.9155615437062371,0.09633982446996842,0.7332292184665989,-0.44118102560213673,-0.4916311213848876,0.002255585493255596,0.004319137819968564,0.017164943516045916,0.004319137819968564,0.0019436120189858538,0.007774448075943415,0.0030943037912495855,0.0013924367060623136,0.005569746824249254,0.1708685353794247,0.08794959432681927,0.5795689230470769,1.0892974486504714,0.0,1.0892974486504714,0.5097285166642195,0.5097285256033945,0.5738473332840567,1.0851458345352774,1.0884158910863146,0.0,0.0008815575641567541,1.0,-6.100127470348781,0.7254203103288158,0.0,1.0,0.3898702859708111,-0.41661171591642454,45
2125Q4,383,-0.034921229754250216,1.0145058068627302,0.2360051990663758,-0.2722148707961918,-0.2952401389346868,0.0013924367060623136,0.004901673723473521,0.01946300696327541,0.004901673723473521,0.0022057531755630844,0.008823012702252338,0.005067444438110071,0.002280349997149532,0.009121399988598127,0.1653468808461628,0.09118164572836458,0.5660526941582003,1.0821888700234763,0.0,1.0821888700234763,0.5161361622231933,0.516136175865276,0.5621859673572522,1.0819374119204475,1.0816274348254122,0.0,0.0005614351980640642,1.0,-6.521003072522907,0.7666199572551411,0.0,1.0,0.5100505041262312,0.3570884510968681,45
2126Q1,384,0.09612069738403073,0.7672500485897543,0.7234149389849028,-0.9858003793669605,-0.5050425230211928,0.002280349997149532,0.005579918449632232,0.022133554823661195,0.005579918449632232,0.0025109633023345044,0.010043853209338018,0.0049671656085279675,0.0022352245238375854,0.008940898095350341,0.15967867943912903,0.09451145806798028,0.555720159268124,1.0809393934731744,0.0,1.0809393934731744,0.5252192253020063,0.5252192342050503,0.5505166879982409,1.078552242433179,1.0801815195657494,0.0,0.0007578739074249885,1.0,-6.849020504420162,0.7994668259181786,0.0,1.0,0.6391459892347013,0.8511596819944177,45
2126Q2,385,-0.42060903288506596,0.523440518395581,0.7037103543926886,-0.7365748687140907,-0.8485615452403501,0.0022352245238375854,0.00527652199336306,0.020939624721253214,0.00527652199336306,0.002374434897013377,0.009497739588053508,0.005913471109561569,0.0026610619993027063,0.010644247997210825,0.16211948695851064,0.09307027385645217,0.5588735931022264,1.079018790830993,0.0,1.079018790830993,0.5201451836116362,0.5201451977287666,0.5555252724900019,1.080027131124529,1.0785453738555661,0.0,0.00047341697542679917,1.0,-6.751744205568515,0.7893133585575487,0.0,1.0,0.5837236937920101,0.45191555646355186,45
2126Q3,386,-0.35187017383015917,1.529029670299742,0.013150262505490007,-0.7214903150709844,-1.6077405599406354,0.0026610619993027063,0.0071250072018574084,0.028196878689211058,0.0071250072018574084,0.003206253240835834,0.012825012963343336,0.008618877949844448,0.0038784950774300017,0.015513980309720007,0.1493017666176014,0.10100303911971781,0.5316843039591531,1.068701613508614,0.0,1.068701613508614,0.5370173055212628,0.5370173095494609,0.5287383938058197,1.07176199675744,1.0683209575831365,0.0,0.00038065592547753546,1.0,-7.678938370489081,0.8808153419714781,0.0,1.0,0.9169761960646841,-0.21381163577817272,45
2126Q4,387,-1.579500789545303,2.028315306117899,1.8969672174773007,-0.6465629373895316,-0.7907867129802704,0.0038784950774300017,0.01113466465588955,0.04380028064694719,0.01113466465588955,0.0050105990951502975,0.02004239638060119,0.010102377684086006,0.004546069957838703,0.018184279831354812,0.13342982138083864,0.1148427420306949,0.4936106717192384,1.0604867063931178,0.0,1.0604867063931178,0.5668760303585053,0.5668760346738795,0.48660422885892735,1.057258322511067,1.0596281417865714,0.0,0.0008585646065464303,1.0,-9.13634189843175,1.0258881198853362,0.0,1.0,1.6623829091965463,1.135029627710403,45
2127Q1,388,-2.049186946865057,1.4219703280074518,1.0365559489033969,-0.46594035083360963,-1.6319317961378441,0.004546069957838703,0.011801167642727144,0.04637561990824923,0.011801167642727144,0.0053105254392272145,0.021242101756908858,0.014937533193978572,0.006721889937290357,0.02688755974916143,0.13180721455219588,0.11695677570910024,0.4833751164794251,1.0487150762545474,0.0,1.0487150762545474,0.5653399508144432,0.5653399597751223,0.48067379888292167,1.0551190121194536,1.0484428344940284,0.0,0.0002722417605189875,1.0,-9.587085464011963,1.068786656463906,0.0,1.0,1.8402773675710493,1.065649251087798,45
2127Q2,389,-1.3646342307401729,1.3439187315999814,1.9417063335124676,-0.9520673068045434,-0.620792218269759,0.006721889937290357,0.010815270910697679,0.042564309704184566,0.010815270910697679,0.004866871909813956,0.019467487639255824,0.011370217822480572,0.005116598020116258,0.02046639208046503,0.13428594601102278,0.11381693809046117,0.4947224502059456,1.0578004125422908,0.0,1.0578004125422908,0.5630779448705137,0.5630779623363453,0.4895284894052823,1.058306000510455,1.0571935812232718,0.0,0.0006068313190190633,1.0,-9.096519591258907,1.0213353611057745,0.0,1.0,1.595397471564906,-0.3349730159459158,45
2127Q3,390,-1.4153971721430079,1.209868197052376,2.2103277973624724,-0.872250832035516,-1.3943596011432646,0.005116598020116258,0.011008219433323349,0.04331111362146789,0.011008219433323349,0.004953698744995507,0.01981479497998203,0.011043505572012361,0.004969577507405563,0.019878310029622252,0.13376234255321934,0.1144376711847289,0.49356574829457267,1.058390913301983,0.0,1.058390913301983,0.5648251481137898,0.5648251650074104,0.4877552915520226,1.0576712930855314,1.05770351172059,0.0,0.0006874015813931322,1.0,-9.142420644287503,1.0260724869213447,0.0,1.0,1.6411950604142311,-0.5988213776987564,45
2127Q4,391,-0.5155781480204538,0.8315995507651945,1.8984260545764204,-0.6614114005595535,-0.7769637522044769,0.004969577507405563,0.010572615397882606,0.04162449515470923,0.010572615397882606,0.004757676929047173,0.019030707716188693,0.010271831043696033,0.004622323969663215,0.01848929587865286,0.13497327559394223,0.11303162020153888,0.49787421196211923,1.060629508571339,0.0,1.060629508571339,0.5627552883464273,0.5627552966092199,0.4917881018492566,1.0591121810011757,1.0598883617989452,0.0,0.0007411467723938969,1.0,-8.96361765681684,1.0085394417120208,0.0,1.0,1.5432026217605457,-0.5711125093542972,45
2128Q1,392,-0.6988652921711955,1.1677970967865727,1.4142078699501202,0.4275328201392786,-0.4094731422647285,0.004622323969663215,0.009598095542561691,0.03784316989349412,0.009598095542561691,0.004319142994152761,0.017276571976611043,0.008204345151827658,0.0036919553183224463,0.014767821273289785,0.13808952873812397,0.1098186112980705,0.5083610956743637,1.0666361995652611,0.0,1.0666361995652611,0.5582750956492418,0.5582751038908974,0.5012249907553505,1.0624450590546637,1.0657007957439455,0.0,0.0009354038213156279,1.0,-8.53997621482252,0.9671056661639295,0.0,1.0,1.3436811250056615,0.3852049866396388,45
2128Q2,393,-1.6854680378296596,0.8788057468061312,1.7425680582552914,-0.302837298356948,-1.0725947460859946,0.0036919553183224463,0.010082921183338363,0.03972578293279494,0.010082921183338363,0.004537314532502263,0.018149258130009054,0.0099085646562509,0.004458854095312905,0.01783541638125162,0.136464434936066,0.11142972286781018,0.5022889855954942,1.0619882165755126,0.0,1.0619882165755126,0.5596992246445942,0.5596992309800184,0.4964541652398973,1.0607672220027242,1.061268132882152,0.0,0.0007200836933605181,1.0,-8.78544623726544,0.990885769631231,0.0,1.0,1.434621021809766,0.8613576614558839,45
2128Q3,394,-1.8146890357793746,1.5265644050717626,2.0615744188373926,-0.20449433209806234,-0.8880733529938547,0.004458854095312905,0.010992248502889913,0.04324931500164508,0.010992248502889913,0.004946511826300461,0.019786047305201844,0.011906291340246058,0.005357831103110726,0.021431324412442904,0.13380493300888302,0.11438641242936883,0.4927461691061694,1.0563808489020796,0.0,1.0563808489020796,0.5636346652236981,0.5636346797959102,0.487901289441187,1.0577236204790947,1.0558264895879612,0.0,0.0005543593141184022,1.0,-9.180002664279062,1.0294424353247955,0.0,1.0,1.633099305141378,0.23795322580981024,45
2128Q4,395,-1.5027537018637394,1.5948629198065682,2.4073554509573953,-0.24892164530823924,-0.6535685920507857,0.005357831103110726,0.011766918612574,0.046243410045001654,0.011766918612574,0.0052951133756583,0.0211804535026332,0.013484726281036426,0.006068126826466392,0.024272507305865568,0.13188552461214792,0.11684897424081211,0.4851610979290952,1.0520668737170737,0.0,1.0520668737170737,0.5669057663456096,0.5669057757879785,0.48097311978594354,1.055227448243818,1.0516174252142154,0.0,0.0004494485028583295,1.0,-9.504391374992514,1.061171010672785,0.0,1.0,1.8344403903078197,0.250501765493495,45
2129Q1,396,-1.6466694770130448,1.6929903513600906,2.160924887798343,-1.1925420005629532,-0.8235330761372629,0.006068126826466392,0.011403476002810477,0.044839583109900216,0.011403476002810477,0.005131564201264715,0.02052625680505886,0.01088648246480898,0.0048989171091640416,0.019595668436656166,0.13274976177717868,0.11569954325785226,0.49068083693075726,1.058396333132577,0.0,1.058396333132577,0.567715487182693,0.5677154962018197,0.4841852102209922,1.0563880300202695,1.0576232832135686,0.0,0.000773049919008395,1.0,-9.260835207793269,1.037984603670163,0.0,1.0,1.7382672621730588,-0.48744323446758014,45
2129Q2,397,-2.229340026547114,1.082346872275503,1.7272715145721043,-1.2726458884047656,-1.0894199379813263,0.0048989171091640416,0.011338633987446767,0.044588962685429,0.011338633987446767,0.005102385294351045,0.02040954117740418,0.009151247214620222,0.0041180612465791,0.0164722449863164,0.1329105345322136,0.11549339768185568,0.4930687796099555,1.0625306806423744,0.0,1.0625306806423744,0.5694618864799984,0.5694619010324189,0.4847652879880701,1.056597019763823,1.0614776369204915,0.0,0.0010530437218829736,1.0,-9.154326505309271,1.028114589284348,0.0,1.0,1.7214596135583005,-0.47040800326416593,45
2129Q3,398,-1.4806071808019556,1.2570948593012714,2.1790262223640586,-0.633968225900359,-1.120566230549068,0.0041180612465791,0.01153520842882675,0.04534858935610997,0.01153520842882675,0.0051908437929720375,0.02076337517188815,0.008376828960421748,0.003769573032189787,0.015078292128759148,0.1324293706782439,0.1161173323689828,0.492400026284408,1.064161825814468,0.0,1.064161825814468,0.5717617751056248,0.5717617995300601,0.4830133334583118,1.0559652624045242,1.062938699661071,0.0,0.0012231261533970361,1.0,-9.178386270439157,1.030869054011726,0.0,1.0,1.7745460509042208,-0.7457429394506798,45
2129Q4,399,-1.8074004952741072,1.5091861285840753,2.500698805604768,-1.4560935887894977,-1.54969672776173,0.003769573032189787,0.012396554267780135,0.04867176624894409,0.012396554267780135,0.005578449420501061,0.022313797682004245,0.014906213623855049,0.006707796130734772,0.02683118452293909,0.13052657940280865,0.11881719975941499,0.479099297169204,1.048351677806533,0.0,1.048351677806533,0.5692523689634863,0.5692523806373289,0.47555941842278854,1.0532587639044912,1.0479944260267198,0.0,0.00035725177981316136,1.0,-9.771577550322323,1.0872499589014974,0.0,1.0,2.0480645003594407,-0.6585740925935468,45
2130Q1,400,-1.6571324122749342,0.9076616251331594,3.0378441195059325,-1.6175624775618629,-1.1578396669037927,0.006707796130734772,0.012617532236458548,0.049522925833602516,0.012617532236458548,0.005677889506406347,0.022711558025625387,0.00989957876253315,0.004454810443139918,0.017819241772559672,0.13008798842341432,0.11950133646681223,0.4827276480370361,1.0595936431935444,0.0,1.0595936431935444,0.5768659908990675,0.5768659951565083,0.47370276975743625,1.0525799595486012,1.058479504862652,0.0,0.0011141383308923558,1.0,-9.592162795426614,1.0715614690995214,0.0,1.0,2.139397384494159,-0.9383542187546161,45
2130Q2,401,-1.8322163259844129,1.7975449466079438,2.646492071540629,-1.2831587128188287,-1.4325678208904922,0.004454810443139918,0.012286173269885976,0.048246388365974835,0.012286173269885976,0.005528777971448689,0.022115111885794757,0.01265460382088366,0.005694571719397647,0.02277828687759059,0.13075286600850738,0.11847419512665006,0.4822326912720502,1.053554005674836,0.0,1.053554005674836,0.5713212996221447,0.5713213144027858,0.4764951169518107,1.0536001570434943,1.0529168234736557,0.0,0.0006371822011803641,1.0,-9.625822401798747,1.073687668460477,0.0,1.0,2.0060277715551615,-0.4594631237221709,45
2130Q3,402,-0.8418855647862771,1.2733484051157793,1.3960847359702098,-0.3070956618629646,-1.0568084971633858,0.005694571719397647,0.011159269223121167,0.043895444270851014,0.011159269223121167,0.005021671150404525,0.0200866846016181,0.01067852857915109,0.004805337860617991,0.019221351442471963,0.13336607164396516,0.11492140922046781,0.4927886605380564,1.059108334892726,0.0,1.059108334892726,0.5663196731690018,0.5663196743546695,0.48638123883378626,1.0571782338386397,1.0583397863074533,0.0,0.0007685485852726437,1.0,-9.17272808671476,1.029267470810858,0.0,1.0,1.67223938600454,0.38866090403087095,45
2130Q4,403,-0.8962943704267043,1.9490769027069073,2.2374486621947023,-1.098644953223016,-0.7230718011992942,0.004805337860617991,0.010348559662164449,0.04075610407757235,0.010348559662164449,0.004656851847974002,0.018627407391896007,0.013784528652920148,0.006203037893814067,0.024812151575256267,0.13563772929606993,0.112301631889239,0.4957743390520343,1.052537018841538,0.0,1.052537018841538,0.5567626732435232,0.5567626797895037,0.49390492540736736,1.0598646669446896,1.0523389177860045,0.0,0.00019810105553341728,1.0,-9.064497357243448,1.0170466978305308,0.0,1.0,1.4949725271885208,-0.3842754662024777,45
2131Q1,404,-1.2863959970189118,1.601772789864943,2.0939622538886584,-1.5245682711429172,-1.648044702182478,0.006203037893814067,0.010703662653578503,0.042132132328956406,0.010703662653578503,0.0048166481941103265,0.019266592776441306,0.011098527693165973,0.004994337461924688,0.019977349847698753,0.13459800866106583,0.1134563962202754,0.4959069410164456,1.0585450999592938,0.0,1.0585450999592938,0.562638143883466,0.5626381589428482,0.49056362204092957,1.0586756838488929,1.0579142857527113,0.0,0.0006308142065825084,1.0,-9.047016742839254,1.0165073368220008,0.0,1.0,1.569089610866164,-0.061653537302695745,45
2131Q2,405,-2.1805287358659293,1.8667736947066054,2.4968234741457147,-0.9104262617928364,-2.028438839832355,0.004994337461924688,0.012694124551579453,0.0498178096166223,0.012694124551579453,0.005712356048210754,0.022849424192843016,0.014153936887422558,0.006369271599340151,0.025477086397360606,0.12994034036417476,0.11973767865432533,0.477767210812651,1.0498346001472756,0.0,1.0498346001472756,0.5720673675985851,0.5720673893346246,0.4730643345684413,1.0523461119277535,1.0493440558992229,0.0,0.0004905442480527267,1.0,-9.826387741359952,1.093069502536655,0.0,1.0,2.166468877853767,0.42478813419780537,45
2131Q3,406,-2.3032162517785433,1.9981382031977983,4.753731731717497,-0.27968553363820314,-1.6865820446594337,0.006369271599340151,0.013481249058838636,0.0528442992959508,0.013481249058838636,0.006066562076477386,0.024266248305909545,0.012985348667726125,0.005843406900476756,0.023373627601907025,0.12854440581346754,0.1221436018452249,0.47351397035630266,1.0518809990013371,0.0,1.0518809990013371,0.5783670186335186,0.5783670286450344,0.46665021222520203,1.0499842884275716,1.0511289649515771,0.0,0.0007520340497599864,1.0,-10.009134943574933,1.1118700874570167,0.0,1.0,2.695495458352169,-0.01071753153345787,45
2131Q4,407,-1.056160747529772,2.015014268036625,3.2806110740556287,-1.341973470771389,-1.9873267214194115,0.005843406900476756,0.013115049815164669,0.0514371658771785,0.013115049815164669,0.005901772416824101,0.023607089667296403,0.015099857483998141,0.0067949358677991635,0.027179743471196654,0.12916721423477523,0.12102943670529803,0.47387891162607243,1.0474118888657515,1.5141221609837885e-11,1.0474118890171638,0.5735329774062325,0.5735329773910913,0.4696014563420992,1.051073840130691,1.046983926872776,0.0,0.00042796199297545634,1.0,-10.00238661598771,1.1102437257309719,0.0,1.0,2.3900222797236568,1.0876822655284206,45
2132Q1,408,-2.051506582632878,1.9972649511510254,2.583698077387211,-0.6136779503838887,-0.37517030681277685,0.0067949358677991635,0.012756208553971415,0.05005678540250913,0.012756208553971415,0.005740293849287137,0.022961175397148547,0.012254044581936675,0.005514320061871504,0.022057280247486016,0.1298222721226679,0.1199289585712994,0.47928693952254553,1.054090789979766,0.0,1.054090789979766,0.5748038351376424,0.5748038504572205,0.47254873472159487,1.0521570949794683,1.053330337752355,0.0,0.000760452227410946,1.0,-9.751471063935805,1.086432786331709,0.0,1.0,2.198172529424124,-0.11491928495132546,45
2132Q2,409,-1.495726893007981,2.1800318731652406,2.241693581101424,-0.7559118830889502,-1.2261086551052502,0.005514320061871504,0.011978516664571535,0.04706001184469766,0.011978516664571535,0.005390332499057191,0.021561329996228763,0.010740441574237983,0.004833198708407093,0.01933279483362837,0.13141001125794652,0.1175136122932981,0.4865071775310556,1.0582193472044785,0.0,1.0582193472044785,0.5717121583829121,0.5717121696734229,0.47913289562909395,1.0545600228350631,1.057336881542589,0.0,0.0008824656618895421,1.0,-9.435013087254589,1.0554681100170518,0.0,1.0,1.9008719515556742,-0.18621411798362,45
2132Q3,410,-1.6216855693310532,1.3094146797273007,2.7017052506970223,-1.771848537906276,-1.0588858789105493,0.004833198708407093,0.01165238779398281,0.045801192450644956,0.01165238779398281,0.005243574507292265,0.02097429802916906,0.013317990503452764,0.005993095726553744,0.023972382906214975,0.13215125091251828,0.11648784268993465,0.4861899231491783,1.0525420795818736,0.0,1.0525420795818736,0.566352152852329,0.5663521564326953,0.4819782468693811,1.0555912204284676,1.0520869277580085,0.0,0.00045515182386512976,1.0,-9.460024798914375,1.0568093841648838,0.0,1.0,1.8035051895332892,-0.1040007957903724,45
2132Q4,411,-1.5240940442346467,1.0742107442124096,1.8144465451648517,-0.9816961638591879,-0.6003420734218953,0.005993095726553744,0.01039166660972363,0.04092322301678453,0.01039166660972363,0.0046762499743756335,0.018704999897502534,0.009822127756951847,0.004419957490628331,0.017679829962513324,0.1355076056696697,0.1124424529354408,0.4998440175166473,1.061880901849112,0.0,1.061880901849112,0.5620368741467726,0.5620368843324647,0.4934953338970533,1.059719277691414,1.0610949321182208,0.0,0.0007859697308911784,1.0,-8.8824406175132,1.0006241042606916,0.0,1.0,1.5023603527027847,-0.08385158813367144,45
2133Q1,412,-0.4863154237963955,1.272048367631851,0.788796070728122,-1.3120971395413248,-1.3544989271781804,0.004419957490628331,0.00861745721327653,0.034026819674636055,0.00861745721327653,0.003877855745974439,0.015511422983897755,0.005522635876774794,0.0024851861445486572,0.009940744578194629,0.14189264551196223,0.10646536766536742,0.5204252475637774,1.0744979054455266,0.0,1.0744979054455266,0.5540726532421743,0.5540726578817492,0.5114087488483676,1.065971829108841,1.0732072104381365,0.0,0.001290695007390097,1.0,-8.071907242437094,0.9215055380991608,0.0,1.0,1.168938478502989,0.15017097273465208,45
2133Q2,413,-0.46303098140273474,1.1826950981758886,0.9146328695889778,-0.5725072699563925,-1.099192798308498,0.0024851861445486572,0.00682220439290651,0.027010830657801632,0.00682220439290651,0.00306999197680793,0.01227996790723172,0.007870012982176787,0.003541505841979554,0.014166023367918217,0.15109198938282975,0.09981698464551562,0.5360249166045277,1.0710688322535453,0.0,1.0710688322535453,0.5350439087032793,0.5350439156490177,0.5326220093462108,1.0730158804415564,1.0706176579934985,0.0,0.00045117426004681604,1.0,-7.523264107169314,0.8655849048749518,0.0,1.0,0.8675018603697994,-0.620831872249615,45
2133Q3,414,-0.22005257647528365,-0.04176261389879493,0.73822432179519,-1.5519643149057698,-0.4736943354421821,0.003541505841979554,0.005501647428367855,0.02182564614895144,0.005501647428367855,0.0024757413427655348,0.009902965371062139,0.004116563223588948,0.0018524534506150266,0.0074098138024601065,0.16029427645166577,0.0941463926213645,0.5580393065687821,1.0834131851132338,0.0,1.0834131851132338,0.5253738765437854,0.5253738785444517,0.5517793936337291,1.0789272024600116,1.0824774817133158,0.0,0.0009357033999179976,1.0,-6.770409141704103,0.7919884607197952,0.0,1.0,0.6343401226988116,-1.006263919897616,45
2133Q4,415,-1.2901246207549841,0.7828245843948733,-0.0924651759624498,-0.6747399544257756,-0.25076697590579716,0.0018524534506150266,0.004529345308694923,0.01799466267787664,0.004529345308694923,0.0020382053889127154,0.008152821555650861,0.0048296725848078785,0.0021733526631635453,0.008693410652654181,0.16880138086575708,0.08916339272377487,0.5729452501815491,1.0838026811772106,0.0,1.0838026811772106,0.510857423511589,0.5108574309956615,0.5694281956471713,1.083949786306483,1.083288254013823,0.0,0.0005144271633876762,1.0,-6.307408065325477,0.7453674538693842,0.0,1.0,0.4357407060854566,-0.32781808385339034,45
2134Q1,416,-0.6788890671248332,0.2457226636472249,0.45516422709952076,-0.2835589653337267,0.14143819390931595,0.0021733526631635453,0.004621630369101204,0.0183587590788169,0.004621630369101204,0.002079733666095542,0.008318934664382167,0.00426248653193986,0.0019181189393729368,0.007672475757491747,0.1679209984252307,0.08967846532404833,0.5720935513692711,1.0851382818702924,0.0,1.0851382818702924,0.5130447170858083,0.5130447305010213,0.5675675060839803,1.0834390533582745,1.0844647211941851,0.0,0.0006735606761072432,1.0,-6.330839615735856,0.7479658426342126,0.0,1.0,0.4534450581069537,0.06201640770485068,45
2134Q2,417,0.15530257842220252,0.8043805487021021,0.695565587302633,-0.5984878431476979,-0.9231114598189475,0.0019181189393729368,0.0067373980442166775,0.026678458232183733,0.0067373980442166775,0.003031829119897505,0.01212731647959002,0.005750454994277629,0.0025877047474249333,0.010350818989699733,0.15161301273288386,0.09947863137528115,0.5397634629206951,1.0767127770158127,0.0,1.0767127770158127,0.5369493055773307,0.5369493140951176,0.5337377568308692,1.073372834185854,1.0758563858752743,0.0,0.0008563911405383706,1.0,-7.3845106597448575,0.8526633612270609,0.0,1.0,0.8432316585867405,1.220308852149907,45
2134Q3,418,-1.0972250718570415,2.071973920330945,1.8636505278090663,-1.2320000324159444,-0.8001689948571453,0.0025877047474249333,0.00984680805556571,0.03880928401921324,0.00984680805556571,0.00443106362500457,0.01772425450001828,0.007338163783518982,0.003302173702583542,0.013208694810334168,0.13723647092959382,0.11064845214540259,0.5072263782404863,1.0684645354695774,0.0,1.0684645354695774,0.5612381363962832,0.5612381572290911,0.4987578425318809,1.0615792803756063,1.0673214672296951,0.0,0.0011430682398823055,1.0,-8.580084321824447,0.9715062584798613,0.0,1.0,1.3914445540721265,0.2822823554186155,45
2134Q4,419,-1.1124841211938705,0.8671387856694905,1.1377763984264482,-0.871241108581203,-0.6109900445316054,0.003302173702583542,0.009450683341991884,0.037270209263782994,0.009450683341991884,0.004252807503896348,0.017011230015585393,0.010169827964207774,0.004576422583893498,0.01830569033557399,0.13861525264948735,0.10932320155632742,0.5073576365097695,1.0620172534752998,0.0,1.0620172534752998,0.5546596115729944,0.5546596169655303,0.5027078554000717,1.0629634130802585,1.0614488838816765,0.0,0.0005683695936233857,1.0,-8.587726639861028,0.9709962414022093,0.0,1.0,1.3184034698649216,-0.01906139850294763,45
2135Q1,420,-1.7124729842773587,0.9563188439835169,0.1403153592236961,-0.7518011781093935,-1.160201127873586,0.004576422583893498,0.009146826821599237,0.036088374697840764,0.009146826821599237,0.004116072069719656,0.016464288278878626,0.008501956511910524,0.003825880430359736,0.015303521721438944,0.13974841051568626,0.10829297838346859,0.5119833250982232,1.0664253287748635,0.0,1.0664253287748635,0.5544419915755826,0.5544420036766403,0.5058155467372633,1.0640446124767229,1.0656251138355222,0.0,0.0008002149393413482,1.0,-8.402144685686428,0.9531885881382831,0.0,1.0,1.2658842779337023,-0.5443431239488601,45
2135Q2,421,-1.8066912418828172,1.263785987405769,1.8033178147726456,-0.7150126344292682,-0.8735578963006436,0.003825880430359736,0.010978453448048365,0.043195933400553055,0.010978453448048365,0.0049403040516217646,0.019761216206487058,0.009985052028122762,0.004493273412655243,0.017973093650620973,0.1338418286971012,0.11434211974616335,0.49496276970146474,1.0609137147763081,0.0,1.0609137147763081,0.5659509228309755,0.5659509450748434,0.4880275091716305,1.0577688490033272,1.0600602112247814,0.0,0.0008535035515266909,1.0,-9.080472050008414,1.020353931588186,0.0,1.0,1.6369088533274403,-1.117023617074328,45
2135Q3,422,-1.132383262148407,0.511362300915915,1.0657915283568005,-0.7658866620274366,-1.0680909573069213,0.004493273412655243,0.009854703324444894,0.03883994096579979,0.009854703324444894,0.0044346164960002024,0.01773846598400081,0.009613983726905263,0.004326292677107368,0.017305170708429473,0.13721007029040627,0.11067467676018063,0.5045383915905725,1.0629346422986379,0.0,1.0629346422986379,0.5583962340238804,0.5583962507080654,0.49868021544404467,1.0615519732470673,1.0622039105516605,0.0,0.0007307317469773533,1.0,-8.695359870499873,0.98200969437288,0.0,1.0,1.4014653299824633,-1.3459554632786612,45
2135Q4,423,-0.8313306462033414,0.5056012700896805,0.26795190060957197,0.06678872228167076,0.14270871313896932,0.004326292677107368,0.006906000297383386,0.02733915934135378,0.006906000297383386,0.003107700133822524,0.012430800535290096,0.008362363897425874,0.0037630637538416437,0.015052255015366575,0.15058573658803104,0.10014856204581513,0.5344403346725998,1.0696746457050221,0.0,1.0696746457050221,0.5352343101674506,0.5352343110324224,0.5315319821513041,1.0726657247402889,1.0692954856410073,0.0,0.0003791600640148385,1.0,-7.580793217504094,0.8711162579965677,0.0,1.0,0.8851409378716413,-1.2476767069119894,45
2136Q1,424,0.1102321302351893,0.48701949585825266,0.28764506905058806,-0.5837358959617233,-0.19351103894456315,0.0037630637538416437,0.005001782504756218,0.019857522958726004,0.005001782504756218,0.0022508021271402984,0.009003208508561194,0.00706138137907051,0.0031776216205817295,0.012710486482326918,0.16446114202799622,0.09169893749959082,0.5615562189209766,1.0764973129545699,0.0,1.0764973129545699,0.5149410862134118,0.5149410940335932,0.5603505546950082,1.0814167905028345,1.076333072811723,0.0,0.00016424014284677213,1.0,-6.671432128223072,0.7807655912017255,0.0,1.0,0.5419347844159093,-1.8432372062391085,45
2136Q2,425,-0.5182532601523283,0.16051683147966195,0.23211357474561206,-0.6782660223844008,-0.4678067056799948,0.0031776216205817295,0.005919369668444663,0.023468073456111238,0.005919369668444663,0.0026637163508000986,0.010654865403200394,0.008271462305326828,0.003722158037397073,0.014888632149588292,0.15711748194102187,0.09604609927493617,0.5465428810386649,1.0714760142400934,0.0,1.0714760142400934,0.5249331181024923,0.5249331332014285,0.5452529342426168,1.0769665127710824,1.0713073170367047,0.0,0.00016869720338874572,1.0,-7.166047311607294,0.8296825731233324,0.0,1.0,0.7081681674566213,-0.42100738172155977,45
2136Q3,426,-0.29867915549828294,0.7085155294779013,1.2312411713364622,-0.2123187888472468,-0.21065344408999465,0.003722158037397073,0.005164578338357359,0.020498826442003737,0.005164578338357359,0.002324060252260812,0.009296241009043247,0.003916590275809673,0.0017624656241143528,0.007049862496457411,0.1630581023336039,0.09251967923828576,0.5634369582371244,1.084727026281352,0.0,1.084727026281352,0.5212900664709416,0.5212900680442276,0.557455624577113,1.0805867267022708,1.0838275811760913,0.0,0.0008994451052606323,1.0,-6.597839142481155,0.7748214486240012,0.0,1.0,0.5594695995551212,0.9212278864173261,45
2136Q4,427,-1.2009306263322483,0.222202251533287,0.058724322901476056,-0.48902506055309397,0.467577481467421,0.0017624656241143528,0.00522671713065545,0.020743527490326485,0.00522671713065545,0.0023520227087949525,0.00940809083517981,0.0057986834047142775,0.002609407532121425,0.0104376301284857,0.16253449391468472,0.09282664084248794,0.5597974213013971,1.0794385707025747,0.0,1.0794385707025747,0.519641141716957,0.5196411494011776,0.5563782817192897,1.0802750166515094,1.0789533745385698,0.0,0.0004851961640048863,1.0,-6.721698912782151,0.7863604837460937,0.0,1.0,0.5796020790669866,-0.5878677405981292,45
2137Q1,428,0.35518320986939045,0.44781980939592686,1.156389122516094,-0.23840776479200282,-0.24616353541923808,0.002609407532121425,0.00678133626084266,0.026850671199977305,0.00678133626084266,0.003051601317379197,0.012206405269516787,0.006771962353293272,0.0030473830589819724,0.01218953223592789,0.15134197278519396,0.09965428811404987,0.537918771524076,1.0739779081015361,0.0,1.0739779081015361,0.5360591223941603,0.5360591365774602,0.5331580814073292,1.073187568064054,1.073323188626031,0.0,0.0006547194755051056,1.0,-7.452640947893003,0.8590167117303183,0.0,1.0,0.8576896828404798,-0.08908818648081158,45
2137Q2,429,-1.300463404223591,0.9960605615760398,0.9535963678526248,-0.258059183527233,-0.8288849562893472,0.0030473830589819724,0.007489269089212724,0.029622218568908343,0.007489269089212724,0.003370171090145726,0.013480684360582904,0.009707792848822323,0.0043685067819700454,0.017474027127880182,0.1472861927543314,0.1023891724625884,0.5264330462696132,1.0654434884444755,0.0,1.0654434884444755,0.539010439645052,0.5390104421748623,0.5242540370083453,1.070292937350202,1.0651726050559407,0.0,0.00027088338853475946,1.0,-7.871452992275545,0.8995767924455844,0.0,1.0,0.9803838755905615,-0.5422293759055942,45
2137Q3,430,-0.28407722971326954,0.16415655373101767,0.9380966021460961,-0.8460520435556651,0.565627917641132,0.0043685067819700454,0.0063923949364218585,0.02532544664018621,0.0063923949364218585,0.0028765777213898363,0.011506310885559345,0.0053058193364682,0.00238761870141069,0.00955047480564276,0.1538256506881733,0.0980708846130589,0.5444888062105977,1.0784738028792082,0.0,1.0784738028792082,0.5339849888698172,0.5339849966686105,0.5384172017557015,1.0748533799568063,1.0775987400942266,0.0,0.0008750627849816173,1.0,-7.221726518461067,0.836585033144696,0.0,1.0,0.7966293379678246,-1.2701956851129073,45
2137Q4,431,-1.2573518351120292,0.5776532981578772,0.683648964656895,-0.5606138887559876,-0.3039229753892562,0.00238761870141069,0.006366279090186596,0.02522296975005467,0.006366279090186596,0.002864825590583968,0.011459302362335872,0.003620856819562827,0.0016293855688032722,0.006517542275213089,0.15399941284761703,0.0979621225415619,0.5470713563605628,1.0829940861369791,0.0,1.0829940861369791,0.5359227125077194,0.5359227297764163,0.5387812272541005,1.0749674172736947,1.0817364226143895,0.0,0.0012576635225896027,1.0,-7.127444666724552,0.8279150811036519,0.0,1.0,0.7888015511818737,-0.6534083878531206,45
2138Q1,432,-0.059723975750777036,0.916789361684743,-0.09892363935507731,-0.10344582503339184,-0.05798806033274065,0.0016293855688032722,0.005936422002905112,0.023535076956818335,0.005936422002905112,0.0026713899013073006,0.010685559605229203,0.005844902129453896,0.0026302059582542533,0.010520823833017013,0.1569933399444674,0.0961212560384856,0.5495971220113484,1.0778767802483702,0.0,1.0778767802483702,0.5282796568286763,0.5282796582370218,0.5449969811423219,1.0768884793263347,1.0772249497615989,0.0,0.0006518304867713098,1.0,-7.053448259256528,0.8195146199673986,0.0,1.0,0.715451403002103,-1.215029380800898,45
2138Q2,433,-0.957746637301325,-0.22755605781905974,0.8472483330937789,-1.037108043850551,-0.05175929968255605,0.0026302059582542533,0.006072852272422557,0.02407102637711933,0.006072852272422557,0.0027327835225901508,0.010931134090360603,0.005810207965807506,0.002614593584613378,0.010458374338453511,0.15601517667506823,0.09671642493125564,0.5478520824005131,1.0777150444436716,0.0,1.0777150444436716,0.529862948009213,0.5298629620431585,0.5429761569333431,1.0762693756347261,1.0770233745996423,0.0,0.0006916698440293523,1.0,-7.111247787433037,0.8253101851586903,0.0,1.0,0.7351207148998657,-0.3063012442755729,45
2138Q3,434,-1.2679820262754515,0.8884064135376168,0.8806552723804311,-0.05048944014124024,-0.12890117529542572,0.002614593584613378,0.006395067572739359,0.025335933436323677,0.006395067572739359,0.0028777804077327117,0.011511121630930847,0.007363421635626812,0.0033135397360320655,0.013254158944128262,0.15380791920209233,0.09808199664077999,0.5417248998895907,1.0730595133636298,0.0,1.0730595133636298,0.5313345981119771,0.5313346134740391,0.5383800305597211,1.0748417259045175,1.0726084088905752,0.0,0.00045110447305463097,1.0,-7.324689035041526,0.8459553637681205,0.0,1.0,0.7940072704107403,-0.685811158283289,45
2138Q4,435,-1.6316665770512915,0.24256646970165918,0.34563034909704615,-1.0292903101883228,0.23205404279655442,0.0033135397360320655,0.005011124177555556,0.01989433123118789,0.005011124177555556,0.0022550058799,0.0090200235196,0.00461416120417582,0.0020763725418791188,0.008305490167516475,0.16437939038800078,0.0917467063516345,0.5648980934602618,1.0831734907991164,0.0,1.0831734907991164,0.5182753949929682,0.5182753973388546,0.560181484562733,1.081368614592442,1.0824790348763877,0.0,0.000694455922728654,1.0,-6.555071614770153,0.7702307889351362,0.0,1.0,0.5410398890972334,-1.3232498948520217,45
2139Q1,436,-0.09941867561500017,0.026023253906283128,0.8635307904493346,-1.1902275264438784,-1.2116209553454407,0.0020763725418791188,0.0062439801697311515,0.024742969172177554,0.0062439801697311515,0.0028097910763790184,0.011239164305516074,0.005458426276578362,0.0024562918244602633,0.009825167297841053,0.15482527040001642,0.09744833865996669,0.5461358224094374,1.0783361286084936,0.0,1.0783361286084936,0.5322002857649428,0.5322003061990562,0.540505724685677,1.0755053605876868,1.0775285638209997,0.0,0.0008075647874938863,1.0,-7.167025966687298,0.8310463048442696,0.0,1.0,0.7664081521675103,-0.48176553357090507,45
2139Q2,437,-0.24026369220727695,0.9752681961985541,-0.1036248357461016,0.029892566027098888,-0.712713828475997,0.0024562918244602633,0.007173719226120845,0.028387577473767522,0.007173719226120845,0.0032281736517543805,0.012912694607017522,0.006290257280498942,0.002830615776224524,0.011322463104898097,0.14902370381626248,0.10119083669619419,0.5341268207266168,1.0746142278295374,0.0,1.0746142278295374,0.5404873989120448,0.5404874071029206,0.5281274029502843,1.0715631488320188,1.0737761461091722,0.0,0.000838081720365258,1.0,-7.582451405004118,0.8722145247241873,0.0,1.0,0.9248736467323946,-0.14362630633652892,45
2139Q3,438,-0.18143423959232918,0.7971845490848363,0.3525255263948106,-0.8044197480056058,-0.6634252387236421,0.002830615776224524,0.006512428843991221,0.025796348014002324,0.006512428843991221,0.0029305929797960495,0.011722371919184198,0.0076041026186775985,0.0034218461784049194,0.013687384713619678,0.15303852623176933,0.09856665321201599,0.5399903297395814,1.0722407369342997,0.0,1.0722407369342997,0.5322503956928348,0.5322504071947183,0.536762385846014,1.0743328948436743,1.0718088976349434,0.0,0.00043183929935630694,1.0,-7.385068400826139,0.851884993904209,0.0,1.0,0.8087143927823054,0.3990631503657997,45
2139Q4,439,0.5797328614056679,0.8189075171689617,0.4188875305226353,-0.37315749255580505,-0.7769527223073173,0.0034218461784049194,0.005265796261327392,0.020897396667687973,0.005265796261327392,0.0023696083175973265,0.009478433270389306,0.005108382410841219,0.0022987720848785488,0.009195088339514195,0.16220851210697732,0.09301798349496651,0.5601714999096644,1.0812317459174547,0.0,1.0812317459174547,0.5210602333294779,0.5210602460077903,0.5557081964198393,1.0800803700948938,1.0805845121058517,0.0,0.0006472338116030318,1.0,-6.7066632788332905,0.7851675557984505,0.0,1.0,0.5888037681248335,-0.8950324076175229,45
2140Q1,440,-0.0647230277830646,-0.04932907953271992,0.9777390519395653,-0.34912605102090033,-0.2551889147515903,0.0022987720848785488,0.005508287288256332,0.02185176937215627,0.005508287288256332,0.0024787292797153492,0.009914917118861397,0.006435283031816848,0.0028958773643175816,0.011583509457270326,0.16024167998999,0.0941775363480179,0.5547129593473545,1.0771279701436793,0.0,1.0771279701436793,0.5224149989165207,0.5224150107963248,0.5516715185400665,1.0788952498870792,1.0767050844839423,0.0,0.00042288565973702674,1.0,-6.888300144876725,0.8027341371233548,0.0,1.0,0.6313627973127548,-0.2096565948879248,45
2140Q2,441,-0.0998816174457659,0.12548921958685055,0.08533867630309266,0.22478488195433202,-0.36750170092275114,0.0028958773643175816,0.005630977943652688,0.022334377479833467,0.005630977943652688,0.0025339400746437098,0.010135760298574839,0.004981982386834775,0.002241892074075649,0.008967568296302596,0.15928225415942254,0.09474723128025851,0.5549724528472871,1.0807934886446577,0.0,1.0807934886446577,0.5258210334409428,0.5258210357973706,0.5497033415673094,1.0783096038984692,1.0800264057377815,0.0,0.0007670829068762153,1.0,-6.873331256174173,0.8018912335433416,0.0,1.0,0.6509190678697679,0.4221657647514657,45
2140Q3,442,-1.4178336781013443,0.8183374208683076,-0.13944491969738992,0.06732948609061468,0.024124471120174684,0.002241892074075649,0.007215007596029646,0.028549192013990643,0.007215007596029646,0.0032467534182133405,0.012987013672853362,0.0061480516007049475,0.0027666232203172264,0.011066492881268906,0.14879011623866284,0.10134940121410432,0.5338571483459413,1.074918185092656,0.0,1.074918185092656,0.5410610231873041,0.5410610367467146,0.5276123529607689,1.0713952004775837,1.0740418294271346,0.0,0.0008763556655213556,1.0,-7.591268675645327,0.8731602443442155,0.0,1.0,0.9303378593793107,0.14802895962002205,45
2140Q4,443,-0.5210911357559603,0.7149374981195287,1.2173668539337692,0.49998785627570547,-1.133943250997052,0.0027666232203172264,0.0069006219808420725,0.027318088544886043,0.0069006219808420725,0.0031052798913789328,0.012421119565515731,0.0073996153456544434,0.0033298269055444998,0.013319307622177999,0.15061797685977718,0.10012736007966316,0.535741482372876,1.0721653050144282,0.0,1.0721653050144282,0.5364238031516148,0.5364238226415522,0.5316015804273526,1.0726881244187816,1.0716076530564256,0.0,0.000557651958002614,1.0,-7.531016967576211,0.8665718698520766,0.0,1.0,0.8771783895740382,0.08728834041661827,45
2141Q1,444,-0.636861244871687,0.7953520433109427,1.672128766602334,-0.556488638966823,-0.19184948434315705,0.0033298269055444998,0.006065587362307628,0.024042492639920088,0.006065587362307628,0.0027295143130384326,0.01091805725215373,0.006138675123272238,0.002762403805472507,0.011049615221890028,0.1560665957251096,0.09668500058247889,0.5475029821238298,1.0768562577835392,0.0,1.0768562577835392,0.5293532614555141,0.5293532756597095,0.5430825837532799,1.076302113819484,1.076235740110092,0.0,0.000620517673447285,1.0,-7.124364476849865,0.826474043879514,0.0,1.0,0.732834222145487,-0.11937909289796908,45
2141Q2,445,-1.129636299837258,0.11031972501612763,1.6854195975309612,-0.5531606762405197,-1.3275123044388866,0.002762403805472507,0.007684536950016886,0.03038564681652689,0.007684536950016886,0.0034580416275075986,0.013832166510030395,0.006817605418134318,0.003067922438160443,0.012271689752641772,0.14626426846558244,0.10311621558944471,0.5280273249999899,1.0725091218167053,0.0,1.0725091218167053,0.5444817948181675,0.5444817968167154,0.5219254653467599,1.0695215792303527,1.0716712097164092,0.0,0.0008379121002961565,1.0,-7.8010930271421195,0.8938413802760514,0.0,1.0,1.0115230841308167,-0.1885811922343024,45
2141Q3,446,-0.6695030329548489,1.318756372030518,0.6097031438954362,-0.2720196961392913,-0.6990105644450323,0.003067922438160443,0.008284521452592022,0.03272855570169053,0.008284521452592022,0.0037280346536664104,0.014912138614665641,0.00885500907749573,0.003984754084873079,0.015939016339492316,0.14336090637945137,0.1052911704618184,0.5195454930298621,1.0665810325727354,0.0,1.0665810325727354,0.547035530692767,0.5470355395428733,0.515056528766809,1.067214661129733,1.066005760763383,0.0,0.0005752718093523512,1.0,-8.11943999551788,0.9247592454669149,0.0,1.0,1.1123263516340434,0.01482008703654272,45
2141Q4,447,-0.4672520278394618,0.6281027542244099,1.1128063759432125,-1.1413792205962823,0.03560458286319956,0.003984754084873079,0.006697420417129659,0.026521748678010493,0.006697420417129659,0.0030138391877083466,0.012055356750833386,0.006049584638309172,0.0027223130872391275,0.01088925234895651,0.15186168876492745,0.099318130485413,0.539838912524766,1.0759968319384896,0.0,1.0759968319384896,0.5361579155523817,0.5361579194137236,0.5342682384240889,1.0735420226494106,1.075212609879666,0.0,0.0007842220588236692,1.0,-7.383267488137604,0.8524044357265212,0.0,1.0,0.8485737391787741,-1.0934930632029014,45
2142Q1,448,-0.5912035098112759,0.6651018595204509,0.4588404458409828,-0.7072420600831653,-0.4839706941406232,0.0027223130872391275,0.006973982515833685,0.027605465863554612,0.006973982515833685,0.0031382921321251585,0.012553168528500634,0.007994704906631452,0.0035976172079841538,0.014390468831936615,0.1501811769302138,0.10041563420508216,0.5341502156553252,1.0705205561551943,0.0,1.0705205561551943,0.5363703266581088,0.5363703404998691,0.5306564423625899,1.0723834579461538,1.070059294831202,0.0,0.00046126132399226805,1.0,-7.589301313386474,0.8721325141306633,0.0,1.0,0.8945977893769232,-0.8417826603107404,45
2142Q2,449,-0.8862367004119343,0.7620234006879171,1.0680606599401226,0.13077732593966934,-0.9411271749609313,0.0035976172079841538,0.005209354242637139,0.020675157477087924,0.005209354242637139,0.0023442094091867126,0.00937683763674685,0.007082457335910929,0.003187105801159918,0.012748423204639672,0.16268014692590094,0.09274120785425966,0.5582590301418558,1.0759952111286817,0.0,1.0759952111286817,0.5177361675090326,0.5177361809868258,0.5566778336726976,1.0803618396752632,1.0757799645262593,0.0,0.0002152466024223365,1.0,-6.776702423553555,0.7912831365541957,0.0,1.0,0.5720132411014978,0.20542880400318664,45
2142Q3,450,-0.34479274041681507,0.5626943652812116,1.4847187247623594,-0.6923660630195171,-0.006363970196765656,0.003187105801159918,0.005267935043751625,0.02090581733193353,0.005267935043751625,0.0023705707696882313,0.009482283078752925,0.00513339396876456,0.002310027285944052,0.009240109143776208,0.16219074466214412,0.09302841825249535,0.5601034390593767,1.0811588354901926,0.0,1.0811588354901926,0.5210553699347673,0.521055396430816,0.5556716862875808,1.080069747602416,1.080516675722805,0.0,0.0006421597673875734,1.0,-6.70894482670338,0.785384455384394,0.0,1.0,0.5795509348832204,0.9254228019390834,45
2142Q4,451,-0.9949655129693288,1.1205874421100694,1.1430282650398649,1.1959917320980342,0.1102040649740921,0.002310027285944052,0.003964072552289609,0.01576225589873581,0.003964072552289609,0.001783832648530324,0.007135330594121296,0.004069790742373291,0.0018314058340679808,0.007325623336271923,0.17456425226165265,0.08575443366725996,0.5855286350039497,1.0876454050990625,0.0,1.0876454050990625,0.5021167649072747,0.5021167700951128,0.5819649943079777,1.087283386331181,1.0871119781857506,0.0,0.0005334269133119296,1.0,-5.9288980084734755,0.7078583950132795,0.0,1.0,0.3040274309732178,0.10824875420515258,45
2143Q1,452,-0.7353171712422437,0.08767016907509065,0.16872104525441345,0.2430496274785694,0.2610218854173815,0.0018314058340679808,0.0038707656023916526,0.015393397207024928,0.0038707656023916526,0.0017418445210762438,0.006967378084304975,0.003073479431825462,0.001383065744321458,0.005532262977285832,0.1755799143021779,0.08514338047322077,0.5891833670701371,1.0908340123465963,0.0,1.0908340123465963,0.5016506359094598,0.5016506452764592,0.5842542979238844,1.0878729636127396,1.0900741009969015,0.0,0.0007599113496947751,1.0,-5.818475279197439,0.6972644621754224,0.0,1.0,0.28493257844367165,-0.6198805067469596,45
2143Q2,453,-1.011152444491822,0.2665756254660098,0.1139249104307315,0.727538579728242,-0.0640217685527661,0.001383065744321458,0.003983299918404136,0.015838252159378063,0.003983299918404136,0.0017924849632818612,0.007169939853127445,0.0034196461859356164,0.0015388407836710275,0.00615536313468411,0.1743573117214959,0.0858784675663751,0.586107004083964,1.0894467230713094,0.0,1.0894467230713094,0.5033397134064997,0.5033397189873454,0.5815019069861441,1.0871634352211395,1.0887439318711447,0.0,0.0007027912001646985,1.0,-5.909119242841323,0.7061730835004612,0.0,1.0,0.3134836601016404,-0.787669907564454,45
2143Q3,454,-0.12792918161757608,0.23982806253777905,-0.007477906351495728,-0.6703669817174079,-0.2610542215926542,0.0015388407836710275,0.003914110699554464,0.015564760848911896,0.003914110699554464,0.0017613498147995088,0.007045399259198035,0.002153512901900099,0.0009690808058550446,0.0038763232234201783,0.17510572982608524,0.08542915120149676,0.5896287806798384,1.0933436558148475,0.0,1.0933436558148475,0.5037148625745208,0.5037148751350091,0.5831820240375708,1.087597515310577,1.092323074980167,0.0,0.0010205808346805956,1.0,-5.801514008793732,0.6959823200735181,0.0,1.0,0.2957170902029172,-0.6275574448057968,45
2143Q4,455,0.7242668415315374,-0.3949903172499698,-0.11324893388865268,-0.46632475019702113,-0.24249268545618546,0.0009690808058550446,0.0031264835704560737,0.012447407033428615,0.0031264835704560737,0.001406917606705233,0.005627670426820932,0.002517752046872613,0.0011329884210926758,0.004531953684370703,0.1844004996171578,0.07962209147967701,0.6099231487704799,1.0955567303403073,0.0,1.0955567303403073,0.485633567469758,0.4856335815698274,0.6055659161911362,1.093115076314217,1.0948740822075815,0.0,0.0006826481327257827,1.0,-5.238837874287895,0.6395507990076968,0.0,1.0,0.07762988596756877,-0.6166925971924955,45
2144Q1,456,-0.765092326968553,0.6318899956715911,-0.5017367085721448,0.15939387430832086,-0.19515274200854887,0.0011329884210926758,0.0036502082692148404,0.014521083318675743,0.0036502082692148404,0.001642593721146678,0.006570374884586712,0.0040868323707645765,0.0018390745668440595,0.007356298267376238,0.17805771354072072,0.08363464677417388,0.5928605768063425,1.0886974288185751,0.0,1.0886974288185751,0.49583684927531446,0.4958368520122326,0.5899639308363638,1.0893195258608575,1.0882640637749441,0.0,0.0004333650436310066,1.0,-5.717762879770234,0.6867372134101793,0.0,1.0,0.22857322719112178,-0.6660336431727946,45
2144Q2,457,-0.350849085465752,-0.046581525691140935,0.12404107224859989,-0.6756933906576348,-0.1889778752382402,0.0018390745668440595,0.0029717440533930622,0.011834093536277623,0.0029717440533930622,0.001337284824026878,0.005349139296107512,0.0033941666607636306,0.0015273749973436339,0.006109499989374535,0.1864059768988403,0.07829716723429254,0.6134045641091258,1.0936829788255655,0.0,1.0936829788255655,0.4802783973833054,0.4802784147164397,0.6108586933703202,1.094356365466801,1.0932941575345756,0.0,0.000388821290989938,1.0,-5.149727973137055,0.6302454223163618,0.0,1.0,0.02320046440683187,0.16221791935694138,45
2144Q3,458,-0.23387052315117857,-0.5485263674376221,0.4015473989514676,-0.19795786794341858,-0.0867631016537236,0.0015273749973436339,0.0025525454765290704,0.010171155457528003,0.0025525454765290704,0.0011486454644380817,0.004594581857752327,0.0038643164342097515,0.0017389423953943883,0.006955769581577553,0.19216347055741229,0.07430285564023092,0.6279758219352444,1.0945798002846627,0.0,1.0945798002846627,0.46660396842809826,0.46660397834941836,0.6272744415497246,1.0980817218498644,1.094474164980772,0.0,0.0001056353038906277,1.0,-4.773569227516475,0.5924179803562531,0.0,1.0,-0.13431024338996425,0.5965461437850621,45
2144Q4,459,0.18239171465832177,-0.7710736219522077,-0.4519042226965295,0.8012882340309199,-0.5488425803449578,0.0017389423953943883,0.0023137445213879614,0.009222907120358004,0.0023137445213879614,0.0010411850346245827,0.004164740138498331,0.002000647602111316,0.0009002914209500923,0.003601165683800369,0.19566732178778387,0.07170813100268768,0.6418138209945273,1.102046527158195,0.0,1.102046527158195,0.46023269555211105,0.4602327061636676,0.6383336363386414,1.1005010944956097,1.1014931879398961,0.0,0.0005533392182988095,1.0,-4.42184515657328,0.5580842242363778,0.0,1.0,-0.24016041021474585,0.6280061443573369,45
2145Q1,460,0.8250987004603056,-0.03078773639586674,-0.2226230283374348,-0.10633673377525879,0.2892987636799519,0.0009002914209500923,0.0019447934223574327,0.007756509768948261,0.0019447934223574327,0.0008751570400608447,0.003500628160243379,0.0020952310409694673,0.0009428539684362603,0.0037714158737450413,0.20142368932635632,0.06711281672144045,0.6611322303275722,1.1048367032247774,0.0,1.1048367032247774,0.44370446202611513,0.44370447289720527,0.658758447626406,1.1048180661700173,1.1044602890353816,0.0,0.00037641418939582394,1.0,-3.9669956086720335,0.5125567068987671,0.0,1.0,-0.4400925795932857,-0.09171183635018834,45
2145Q2,461,0.4919924537921518,0.2384247606334718,0.08258440293560326,0.19727765517422297,0.4385687108465687,0.0009428539684362603,0.0019852734198044595,0.00791747709869195,0.0019852734198044595,0.0008933730389120068,0.003573492155648027,0.0018767503763357388,0.0008445376693510825,0.00337815067740433,0.2007709917319107,0.06765722178350295,0.659188127039079,1.1051765132978304,0.0,1.1051765132978304,0.44598837308134887,0.44598838625875137,0.6562796530027611,1.1043032295796433,1.104712452818569,0.0,0.0004640604792613967,1.0,-4.010621321978915,0.5170175945285405,0.0,1.0,-0.4139438443411441,-0.18314091112327802,45
2145Q3,462,1.796042889781777,-0.4514925245598203,-0.267855568119475,-0.71665071074657,0.3331226466945898,0.0008445376693510825,0.0016509760881925587,0.00658756801348559,0.0016509760881925587,0.0007429392396866515,0.002971756958746606,0.001399303447612889,0.0006296865514258001,0.0025187462057032002,0.20632449058315047,0.06280380670503298,0.6819724170801509,1.1102770774746782,0.0,1.1102770774746782,0.4283046386046593,0.4283046603945273,0.6789798680119079,1.1089404010444035,1.1097931729102408,0.0,0.0004839045644373652,1.0,-3.5016461911601366,0.4663349325645878,0.0,1.0,-0.6597771629337063,-1.0855967978582701,45
2145Q4,463,1.2550392199030895,-1.0887355289907517,-0.01873419748727312,1.043925016384117,1.697350411150043,0.0006296865514258001,0.0012046154681050563,0.004809762271820839,0.0012046154681050563,0.0005420769606472753,0.0021683078425891013,0.0013746772178188512,0.000618604748018483,0.002474418992073932,0.21434927892122302,0.05471242675925632,0.7218599116190971,1.1168070054646906,0.0,1.1168070054646906,0.3949470754490309,0.39494709384559346,0.7201510320942943,1.1170063374627748,1.116530484914402,0.0,0.0002765205502885948,1.0,-2.691289198207664,0.38531031507274793,0.0,1.0,-1.341520874480703,-1.4521754544758496,45
2146Q1,464,0.6339829212299497,-1.2710017175482242,-0.9817520855678852,-0.3456012902449374,1.0620608761819332,0.000618604748018483,0.0012981224506611664,0.005182387818401968,0.0012981224506611664,0.0005841551027975249,0.0023366204111900995,0.0014511796228672445,0.00065303083029026,0.00261212332116104,0.21260770558601605,0.05659777774593722,0.711993039642443,1.1149652966015444,0.0,1.1149652966015444,0.4029722381433725,0.40297225695910144,0.7101532078788388,1.1150800446904432,1.1146682195339008,0.0,0.0002970770676435919,1.0,-2.8836111659256494,0.4045080857622747,0.0,1.0,-1.1194383604030134,-1.6368006524656857,45
2146Q2,465,0.6346308114839367,-1.3507316700314855,-1.1158695364771078,-0.7862372111293303,1.0818287582366688,0.00065303083029026,0.001423955440266422,0.005683667411506943,0.001423955440266422,0.00064077994811989,0.00256311979247956,0.0014602295709397824,0.000657103306922902,0.002628413227691608,0.21031543465301789,0.058963029619476505,0.7001813819882646,1.1130295571585251,0.0,1.1130295571585251,0.41284815565180044,0.4128481751702605,0.6979685482033977,1.1127064618303033,1.1126723416866444,0.0,0.000357215471880723,1.0,-3.1205843257091708,0.4282013292639941,0.0,1.0,-0.9152801900889971,-1.0059319851113797,45
2146Q3,466,0.6014709247103771,-0.8826787144726344,0.1491462592907833,0.911108158773828,1.0092218464649565,0.000657103306922902,0.001287905306157522,0.005141677566407599,0.001287905306157522,0.0005795573877708849,0.0023182295510835397,0.001072232433793609,0.000482504595207124,0.001930018380828496,0.21279640171909334,0.056397342147738436,0.7138785496443988,1.1164870995340268,0.0,1.1164870995340268,0.40260852816226433,0.402608549889628,0.7112038311407386,1.1152833260451367,1.1160506524651008,0.0,0.0004364470689259825,1.0,-2.844809720246627,0.4007984674294556,0.0,1.0,-1.1440135986917113,-0.8989961940272361,45
2146Q4,467,0.373013279764531,-0.721186101380265,-1.052693153523672,1.1388060390504424,0.9829122583285067,0.000482504595207124,0.001340596290183471,0.005351611604294537,0.001340596290183471,0.000603268330582562,0.002413073322330248,0.0012080872810258578,0.000543639276461636,0.002174557105846544,0.21182743990178032,0.05741709884378046,0.7084122603998194,1.1151620524603665,0.0,1.1151620524603665,0.40674976777522376,0.40674979206054707,0.7058882897467226,1.1142526591468123,1.114751746686443,0.0,0.00041030577392353607,1.0,-2.9535102047888264,0.411607381202421,0.0,1.0,-1.0422916537448301,-1.4078891034999994,45
2147Q1,468,0.14332062370876564,-0.990933940127581,-0.7140136281050408,0.5061454630061901,0.8916225045396037,0.000543639276461636,0.0013126218382682753,0.005240158540026907,0.0013126218382682753,0.0005906798272207239,0.0023627193088828955,0.0013625835254276362,0.0006131625864424363,0.002452650345769745,0.2123405908580199,0.056879969626269025,0.7107667335118492,1.115050655543217,0.0,1.115050655543217,0.4042839021351643,0.40428392203136776,0.7086789038940551,1.1147944331042388,1.1147127019575125,0.0,0.00033795358570443135,1.0,-2.907444847135571,0.4069313221271147,0.0,1.0,-1.0985496405848683,-0.3559875556767029,45
2147Q2,469,0.7254815155018071,-0.7049596623784149,0.1613779125816247,0.6515313683241392,0.8001590434135084,0.0006131625864424363,0.0013475985305199346,0.005379507777058201,0.0013475985305199346,0.0006064193387339706,0.0024256773549358825,0.0013653727800390742,0.0006144177510175834,0.0024576710040703337,0.21169944747860248,0.05755006540597627,0.7073912505412958,1.1144953926784666,0.0,1.1144953926784666,0.4071041273626692,0.40710414213717083,0.7052006099161953,1.1141189142328567,1.1141408247383113,0.0,0.0003545679401553148,1.0,-2.9745924932095624,0.4136448315699386,0.0,1.0,-1.0412526032268075,0.5838730563412341,45
2147Q3,470,0.6882750492915584,-1.6642739590701312,0.0826461685894107,0.35763281013505505,1.3022008694708782,0.0006144177510175834,0.0013220588350171532,0.005277757542621053,0.0013220588350171532,0.000594926475757719,0.002379705903030876,0.0010219462039684564,0.0004598757917858054,0.0018395031671432215,0.2121671582256879,0.0570622346832164,0.7106203694863656,1.1161162510229428,0.0,1.1161162510229428,0.40549586294304946,0.4054958815365771,0.7077296753232161,1.114610320055629,1.1156439080062046,0.0,0.0004723430167381526,1.0,-2.9088098054180778,0.40722110475002204,0.0,1.0,-1.0839351443218923,0.1697037253874933,45
2147Q4,471,0.8840536521745644,-1.0153585404476089,0.27875200930281563,0.4953459340768243,0.7743433261058943,0.0004598757917858054,0.0013850789868926324,0.0055288159098754175,0.0013850789868926324,0.0006232855441016846,0.0024931421764067385,0.0013024327469598458,0.0005860947361319306,0.0023443789445277224,0.21101742277786148,0.05825196450781415,0.7040366448071452,1.114151834611946,0.0,1.114151834611946,0.4101151764550638,0.41011518980480066,0.7015908771818999,1.1134152922636427,1.1137552801662143,0.0,0.0003965544457316117,1.0,-3.0416668717559263,0.4203805924394607,0.0,1.0,-0.9788000303053817,0.21228222646471215,45
2148Q1,472,0.044085386837641405,-0.07309756627351638,-0.242734077885833,0.7253662586674634,0.4474331782202222,0.0005860947361319306,0.002268067559190804,0.009041452096524627,0.002268067559190804,0.0010206304016358617,0.004082521606543447,0.002508369143245608,0.0011287661144605235,0.004515064457842094,0.19635695628220678,0.07118065077784544,0.6430478623656646,1.1007735345072853,0.0,1.1007735345072853,0.4577256532449039,0.45772567214162074,0.6406222612551515,1.1009939477940214,1.1003934128841266,0.0,0.00038012162315870235,1.0,-4.3942293503752,0.5550941689230595,0.0,1.0,-0.2647461336634159,1.0774174939464471,45
2148Q2,473,0.41065552094671576,0.2646928645490314,0.2331837366259264,0.07802017490505365,0.31733153171870576,0.0011287661144605235,0.0023756303857881823,0.009468713421540875,0.0023756303857881823,0.001069033673604682,0.004276134694418728,0.003511444245459298,0.001580149910456684,0.006320599641826736,0.19474303806693113,0.07240612091757177,0.6361878674281422,1.0968268397104257,0.0,1.0968268397104257,0.46063895655294185,0.46063897228228357,0.6353265143008191,1.0998496003504064,1.0966957430557056,0.0,0.00013109665472010867,1.0,-4.566428581907412,0.5718627082802845,0.0,1.0,-0.20883766181176985,0.18611325346041346,45
2148Q3,474,0.0037363079704785807,-0.5864227983014396,0.12633176923157,0.07235059275713063,0.14647874787079335,0.001580149910456684,0.0022992596679780285,0.009165367694858206,0.0022992596679780285,0.001034666850590113,0.004138667402360452,0.00203421951422897,0.0009153987814030366,0.0036615951256121462,0.19588532794738311,0.07154201257753504,0.6424364679429466,1.1020484710155767,0.0,1.1020484710155767,0.4596119786984147,0.45961200307263006,0.6390528770201631,1.1006562559205317,1.1015110010906237,0.0,0.0005374699249529602,1.0,-4.406895123707837,0.5565741135893807,0.0,1.0,-0.2454449982901557,0.31996617353149037,45
2148Q4,475,-0.1677639558302484,0.13329312097776896,-0.265342462645277,0.04992392069027776,0.6122937946274639,0.0009153987814030366,0.0021175798874478,0.008443452644342653,0.0021175798874478,0.0009529109493515099,0.0038116437974060396,0.0020300502570651355,0.000913522615679311,0.003654090462717244,0.19867450180114368,0.0693637988246062,0.651562061458472,1.1035102595384139,0.0,1.1035102595384139,0.4519481975275114,0.4519481980799419,0.6486140759696709,1.102696028803665,1.1030419284904425,0.0,0.00046833104797139313,1.0,-4.188867370185343,0.534773214402855,0.0,1.0,-0.335159840745591,-0.41880306910340975,45
2149Q1,476,0.3612711426931969,-0.6463740461924639,0.066833205760915,0.0898389516021869,0.21294701786849712,0.000913522615679311,0.0018846606014551967,0.007517357496556021,0.0018846606014551967,0.0008480972706548385,0.003392389082619354,0.0027873627474220767,0.0012543132363399346,0.005017252945359738,0.20240316677844958,0.06628356304175197,0.6634032584568094,1.1031305925396098,0.0,1.1031305925396098,0.43972731704025597,0.4397273340828004,0.6625660808566931,1.1056045479660963,1.1030004475322401,0.0,0.00013014500736963086,1.0,-3.91833076017259,0.5073787627809191,0.0,1.0,-0.4766902171578698,-0.731277892219521,45
2149Q2,477,0.13501485666785568,0.4705432547708578,-0.34238035191301525,0.6978050474342599,0.07503056653571755,0.0012543132363399346,0.002546737138191562,0.010148099361617868,0.002546737138191562,0.0011460317121862029,0.004584126848744811,0.0018453508914436903,0.0008304079011496607,0.0033216316045986427,0.19224670892190576,0.07424277459122122,0.6318189753614968,1.1008989131683669,0.0,1.1008989131683669,0.46907993770219963,0.4690799378068701,0.6275268749565183,1.0981376905194513,1.1002134822412186,0.0,0.000685430927148234,1.0,-4.6676223282485845,0.5827318249237088,0.0,1.0,-0.13678241870938807,0.6110865326932718,45
2149Q3,478,1.52655452601181,-0.1815888915083304,0.22372870337268919,0.44414526946746613,-0.9837331647318966,0.0008304079011496607,0.002822835981875484,0.011243623420101656,0.002822835981875484,0.0012702761918439677,0.005081104767375871,0.0023430767271513196,0.0010543845272180938,0.004217538108872375,0.18839574203749107,0.07695072304100377,0.6203277390398514,1.097674420460217,0.0,1.097674420460217,0.4773466804150766,0.4773466814203655,0.6163134370328838,1.0956140475148672,1.0970423439022836,0.0,0.0006320765579332921,1.0,-4.963054602094368,0.6120510756822186,0.0,1.0,-0.03252905769148177,0.9356606388815932,45
2149Q4,479,-0.07404798577689559,0.21610783276921314,0.5793314953579833,0.00847084112618074,-0.1996566193285755,0.0010543845272180938,0.0026051885941111757,0.010380103010455222,0.0026051885941111757,0.0011723348673500292,0.004689339469400117,0.002347852467292591,0.001056533610281666,0.004226134441126664,0.1914134760876247,0.07484097593329123,0.6285453392333936,1.0989548242263505,0.0,1.0989548242263505,0.47040946606548784,0.47040948499295687,0.6250209987764171,1.0975804514876435,1.098399970871047,0.0,0.0005548533553034751,1.0,-4.752316290460106,0.5909750954357289,0.0,1.0,-0.11842963477160143,1.6103302028662094,45
2150Q1,480,0.5946527114012253,-0.06180842186103763,0.0067470366610187515,0.2087310079991465,-0.733829070585736,0.001056533610281666,0.002868543250211956,0.011424896106564608,0.002868543250211956,0.0012908444625953802,0.005163377850381521,0.0032673782167435728,0.0014703201975346078,0.005881280790138431,0.18777862891088115,0.07737190048217661,0.6171231089338464,1.0946029965865782,0.0,1.0946029965865782,0.47747987769680994,0.47747988765273186,0.6145987602184068,1.0952209584661396,1.0942160220114039,0.0,0.000386974575174337,1.0,-5.050925269946468,0.6204222067971121,0.0,1.0,-0.017839036625414143,1.215915292389963,45
2150Q2,481,0.0418122967388403,1.021716527247573,0.2988536089448938,0.3204671967472305,-0.4177535270066773,0.0014703201975346078,0.002788817203733922,0.0111086905061899,0.002788817203733922,0.001254967741680265,0.00501987096672106,0.0026829892506336573,0.001207345162785146,0.004829380651140584,0.1888587439749065,0.07663252684838028,0.6209642235746639,1.0968248080445884,0.0,1.0968248080445884,0.4758605753496904,0.4758605844699245,0.6176139980239564,1.0959108661502532,1.0963024189381985,0.0,0.0005223891063899089,1.0,-4.9480606527443936,0.6103987201116542,0.0,1.0,-0.04167274276247109,0.3526632641950621,45
2150Q3,482,0.9489570291396174,-0.4344722349017378,-0.19158130947684304,-1.5507046260469484,0.10710992404448338,0.001207345162785146,0.003293852654175067,0.013110456653305125,0.003293852654175067,0.00148223369437878,0.00592893477751512,0.0024325971751404415,0.0010946687288131986,0.0043786749152527945,0.18230046627509158,0.08097825188430925,0.6050597966124096,1.095026645446748,0.0,1.095026645446748,0.48996684615148633,0.4899668488343385,0.6002225479805858,1.0918392875431904,1.094266939524709,0.0,0.0007597059220390001,1.0,-5.370238748600376,0.6527292061312244,0.0,1.0,0.1282348521215798,-0.527909660602385,45
2150Q4,483,0.22051165656892352,-0.7047824082487494,-0.3424782167067658,0.025167122615504328,0.47378143791438726,0.0010946687288131986,0.0030635571504971162,0.012198031230038486,0.0030635571504971162,0.0013786007177237023,0.005514402870894809,0.002807146590394825,0.0012632159656776713,0.005052863862710685,0.1852085230020766,0.07909195175298489,0.6114144874636052,1.0949941484717791,0.0,1.0949941484717791,0.4835796514354745,0.48357966100817396,0.6076749662689664,1.0936122806584636,1.0944131471398504,0.0,0.0005810013319287322,1.0,-5.2001489315230325,0.6355516771866256,0.0,1.0,0.05589909582908491,-0.30467822749343415,45
2151Q1,484,-0.5533973946311065,0.21674623913588392,-0.04953865169513924,-0.1376709498426787,0.2903589971971745,0.0012632159656776713,0.003819179182002803,0.01518942256568101,0.003819179182002803,0.0017186306319012612,0.006874522527605045,0.003336179946867522,0.001501280976090385,0.00600512390436154,0.17614965935658872,0.08479883226085941,0.5899701037893852,1.090257868503806,0.0,1.090257868503806,0.5002877587015789,0.5002877647144208,0.58555097631301,1.0882044306010374,1.0895817986078868,0.0,0.0006760698959191735,1.0,-5.797024133455882,0.6950011323694978,0.0,1.0,0.26721732302022894,0.27305299449658466,45
2151Q2,485,0.2637254816525937,0.20913919505783862,-0.3472810982610014,-0.17943125163785395,0.4343643552174966,0.001501280976090385,0.0030053800147942463,0.011967434705478563,0.0030053800147942463,0.0013524210066574109,0.0054096840266296435,0.0027567761488801515,0.0012405492669960681,0.0049621970679842725,0.18596471695616315,0.07859134775745165,0.6133768926456459,1.0954380754188298,0.0,1.0954380754188298,0.48206116676299043,0.4820611827731839,0.6096771920753457,1.0940811211000994,1.0948624223313252,0.0,0.0005756530875045129,1.0,-5.147595195114732,0.6303189702444771,0.0,1.0,0.03216496908127702,0.5771353376016847,45
2151Q3,486,-0.9614994721486247,-0.06460927493952295,0.1197044776027148,-0.10788780754608597,-1.2338652692157623,0.0012405492669960681,0.0037546718132910693,0.014934313418720868,0.0037546718132910693,0.0016896023159809813,0.006758409263923925,0.002502624330519168,0.0011261809487336258,0.004504723794934503,0.1768704612475577,0.0843609744023477,0.5928133578163189,1.0929164930158661,0.0,1.0929164930158661,0.5001031250411226,0.5001031351995472,0.5872049539832935,1.0886246905214307,1.0920374419474135,0.0,0.000879051068452652,1.0,-5.71197734459547,0.6868715535108133,0.0,1.0,0.2473481790274412,0.9153987922108091,45
2151Q4,487,-0.23105656644149736,0.2725847653309029,-0.564534843525856,0.5096794021892435,0.772630759475664,0.0011261809487336258,0.003192223941146543,0.012707884017399196,0.003192223941146543,0.0014365007735159445,0.005746003094063778,0.0054162074650017916,0.0024372933592508063,0.009749173437003225,0.18356719541473504,0.08016385807591621,0.6031321112651705,1.0866260957971734,0.0,1.0866260957971734,0.48349396968488834,0.4834939845320029,0.6034224575015024,1.0926061322419476,1.0818539718166171,0.0004813825558723228,0.004772123980556264,1.0,-5.43648807710921,0.6580115143516702,0.0,1.0,0.09355141239937804,0.22540160630620884,45
2152Q1,488,0.01793926574131599,0.41154022253093553,0.4652126641410357,-0.40048216266245606,-0.6758069593142748,0.0024372933592508063,0.00392616544986751,0.015612414994846446,0.00392616544986751,0.0017667744524403797,0.007067097809761519,0.0028961825293026327,0.0013032821381861847,0.005213128552744739,0.17497458530308857,0.08550803380286047,0.5881961409926647,1.09115109644371,0.0,1.09115109644371,0.5029549550671285,0.5029549554510452,0.5828865470238742,1.0875213963073063,1.0903282836467585,0.0,0.0008228127969513999,1.0,-5.846164415486528,0.7001131594104666,0.0,1.0,0.29597289096477697,-0.12002267825860688,45
2152Q2,489,0.08468880020850977,0.5250653187700434,0.8980384907393452,-0.37028281017956044,-0.2595457527769738,0.0013032821381861847,0.004692201120856179,0.01863711671863777,0.004692201120856179,0.0021114905043852807,0.008445962017541123,0.0054592007410656914,0.002456640333479561,0.009826561333918245,0.1672586594934311,0.09006549888369388,0.5690802555366982,1.0816252278427823,0.0,1.0816252278427823,0.5125449711977271,0.5125449723060841,0.5661749921505518,1.083054006866888,1.0812085154660476,0.0,0.00041671237673468475,1.0,-6.4287803250521405,0.7572213921717345,0.0,1.0,0.4687328721137895,-0.008439256782537131,45
2152Q3,490,-0.3241180082444094,0.09909918137324603,0.7915089228953356,0.47976811481662407,-0.2286713655532268,0.002456640333479561,0.004959084206802708,0.019689268950832117,0.004959084206802708,0.0022315878930612184,0.008926351572244874,0.004845016767304828,0.0021802575452871727,0.008721030181148691,0.1648367580523184,0.0914795182194014,0.5654196894938193,1.0826629023922334,0.0,1.0826629023922334,0.5172432078665812,0.5172432128984141,0.5611280483202068,1.0816378634209505,1.0820354755055708,0.0,0.0006274268866626187,1.0,-6.539780151921728,0.7685977576468856,0.0,1.0,0.5248057287986233,-0.23367779208652736,45
2152Q4,491,-0.8287606709651959,0.7214257197716266,0.7828601424734877,0.5759962352927717,-0.263519351845542,0.0021802575452871727,0.006443070265771622,0.025524270301730767,0.006443070265771622,0.00289938161959723,0.01159752647838892,0.007320241344686091,0.003294108605108741,0.013176434420434964,0.15349104962283378,0.0982810019313186,0.5411984294093877,1.073093672106889,0.0,1.073093672106889,0.5318952388601063,0.5318952426975014,0.5377149449472394,1.0746329190629602,1.0726231964786734,0.0,0.0004704756282156719,1.0,-7.342452139693824,0.8477511053642736,0.0,1.0,0.7990774151425707,-0.060327605007490244,45
2153Q1,492,-0.223779767868782,0.860275213561123,0.5355648326073947,-0.5681657564365602,-0.47951658083837534,0.003294108605108741,0.006496868594222573,0.02573531369922366,0.006496868594222573,0.002923590867400158,0.011694363469600632,0.009232678055833367,0.004154705125125015,0.01661882050050006,0.15313950442226135,0.0985027599003624,0.5380467154760998,1.0680375937365325,0.0,1.0680375937365325,0.5299908642972087,0.5299908782604327,0.5369752312659786,1.074400033357809,1.067902101398625,0.0,0.0001354923379075501,1.0,-7.459293553799993,0.8585746502548742,0.0,1.0,0.8055234405902186,0.4914097719493448,45
2153Q2,493,-1.4048618793592875,1.0534585361321904,1.9443156325281579,-0.3548596856819725,-0.9178989141541785,0.004154705125125015,0.008486964720687648,0.033518127489350236,0.008486964720687648,0.0038191341243094417,0.015276536497237767,0.006633430078763987,0.002985043535443794,0.011940174141775176,0.14245661820545855,0.10600762788588343,0.5203112006419586,1.0718807658488962,0.0,1.0718807658488962,0.5515695614250997,0.5515695652069377,0.5128257212023215,1.0664559822642536,1.070846650123147,0.0,0.001034115725749185,1.0,-8.08111757748716,0.9219267142132721,0.0,1.0,1.1438703827540284,0.6271519544466456,45
2153Q3,494,-0.866644527438554,0.8828236034950462,1.526652712408815,0.7651412094973278,-1.1365199074856749,0.002985043535443794,0.009974198635296073,0.03930384593167169,0.009974198635296073,0.004488389385883233,0.017953557543532932,0.014327748895626456,0.0064474870030319055,0.025789948012127622,0.1368154725250589,0.11107073286589382,0.4982108658521518,1.0515773446396512,0.0,1.0515773446396512,0.5533664599195002,0.5533664787874994,0.49751040472664354,1.0611399792158644,1.0515048293105944,0.0,7.251532905683256e-05,1.0,-8.968296856922892,1.0071821986892573,0.0,1.0,1.4113533276263017,1.2091464701064896,45
2153Q4,495,-0.7258890106732806,1.5642914283356475,1.9744535289340843,0.27286403328486897,-0.9511905977484632,0.0064474870030319055,0.008893687109024093,0.035102970037021564,0.008893687109024093,0.0040021591990608415,0.016008636796243366,0.0089944950045286,0.00404752275203787,0.01619009100815148,0.14074578805831456,0.10742459404404793,0.5136842420478108,1.0655074660935138,0.0,1.0655074660935138,0.5518232116881053,0.5518232240457029,0.5084603321736655,1.0649590236341573,1.0648412881753593,0.0,0.0006661779181544869,1.0,-8.339686907128959,0.946721167960858,0.0,1.0,1.2168038137291741,0.23101254950279548,45
2154Q1,496,-0.9274674466639103,0.7291202977631219,0.7776324282904739,-0.507885136215066,-1.9506665311424607,0.00404752275203787,0.007534945846343242,0.029800838907008242,0.007534945846343242,0.003390725630854459,0.013562902523417837,0.009782671009072982,0.004402201954082842,0.017608807816331368,0.1470435842883225,0.10256018164666404,0.5258663538696864,1.0651958485441917,0.0,1.0651958485441917,0.5393294877474394,0.5393294946745053,0.5237048756170811,1.0701115333910243,1.0649278728356273,0.0,0.0002679757085644052,1.0,-7.892260379615516,0.9016238360074689,0.0,1.0,0.9841866145963146,0.20171945795313945,45
2154Q2,497,-0.596511310255965,0.933951132979463,0.18482220814529754,0.3475785293799341,0.18937688009844317,0.004402201954082842,0.004806831101703963,0.019089134380856354,0.004806831101703963,0.0021630739957667834,0.008652295983067134,0.004719921360885165,0.002123964612398324,0.008495858449593297,0.1662025514955543,0.09068214445529955,0.5681620961538365,1.0833836702904764,0.0,1.0833836702904764,0.51522157277448,0.5152215741366399,0.5639662538019983,1.0824382512732353,1.0827678869821127,0.0,0.0006157833083637598,1.0,-6.453850552893771,0.7600610906769788,0.0,1.0,0.4949797639177655,-0.45854987717299334,45
2154Q3,498,0.0033836991780456516,1.514900510920715,0.2226894250991915,-0.13082631601314257,0.15554423807845452,0.002123964612398324,0.004682862257705711,0.018600284122057276,0.004682862257705711,0.0021072880159675703,0.008429152063870281,0.004625127444528409,0.002081307350037784,0.008325229400151136,0.1673457726408983,0.0900146125832154,0.5704639265738605,1.0839648320313127,0.0,1.0839648320313127,0.5135008934324589,0.5135009054574522,0.5663577976523793,1.083104694636207,1.0833604635355487,0.0,0.0006043684957639517,1.0,-6.382405066825696,0.7529591993325319,0.0,1.0,0.4675763778444245,-0.15998676326078945,45
2154Q4,499,0.035274742076736365,-0.5712605462090345,-0.18903909919992556,0.08976127196889362,0.17122860894980246,0.002081307350037784,0.0030317280046281573,0.012071875148859212,0.0030317280046281573,0.0013642776020826707,0.005457110408330683,0.001942463530914126,0.0008741085889113567,0.003496434355645427,0.18562114559123793,0.07881934033436512,0.6138982175390982,1.0977687634998856,0.0,1.0977687634998856,0.483870525388743,0.4838705459607874,0.6087640091960145,1.093867669766721,1.0969510950543468,0.0,0.0008176684455387662,1.0,-5.13008597821676,0.6289344892327647,0.0,1.0,0.045917861694846594,-0.3709822093912398,45
