date,t,x_growth,x_unemployment,x_credit_spread,x_yield_curve,x_house_price_growth,c_lag1,PD_quarterly_true,PD_annual_true,PD_true,expected_c_quarterly,expected_c_annualised,default_rate,c,c_annualised_sim,R_true,K_IRB_true,alpha_oracle,utility_oracle,shortfall_oracle,terminal_capital_oracle,required_capital_oracle,available_buffer_oracle,alpha_bayes,expected_utility_bayes,utility_bayes_realised,shortfall_bayes_realised,regret_bayes_vs_oracle,alpha_full,utility_full,shortfall_full,alpha_zero,utility_zero,latent_state,latent_cycle,simulation_seed
2030Q1,0,-1.0034893668972449,-0.02791257419714749,0.5812071732826004,-0.6432621139490231,0.044947067684940285,0.0010500328515683555,0.00341723235553291,0.013599024042546648,0.00341723235553291,0.0015377545599898096,0.0061510182399592385,0.004022625517087446,0.0018101814826893506,0.0072407259307574025,0.18079700577603247,0.08193143316392358,0.5990118147537288,1.089790783928833,0.0,1.089790783928833,0.49077896464895704,0.4907789691751042,0.5965104781485271,1.090938653914106,1.0894158381112062,0.0,0.0003749458176267595,1.0,-5.544263279488187,0.6694161464661293,0.0,1.0,0.16257339487215486,-0.2600738090766116,44
2030Q2,1,-0.01765877023475043,0.3155514299415215,-0.21188770476244495,0.7192239168676706,0.8025495668785767,0.0018101814826893506,0.004159964245475439,0.01653631282504564,0.004159964245475439,0.0018719839104639475,0.00748793564185579,0.003816162331949633,0.0017172730493773347,0.006869092197509339,0.1724928044195932,0.08698961583977627,0.5817102509467975,1.0877377687940875,0.0,1.0877377687940875,0.5060275125992177,0.5060275178472899,0.5773770991667395,1.0860845232630916,1.0870842113427452,0.0,0.0006535574513422127,1.0,-6.039861619409133,0.719068888891536,0.0,1.0,0.3544156058526665,-0.5975194370287762,44
2030Q3,2,-0.49762961598475225,0.5646619424492441,0.12418483957620852,-1.1910081344866483,-0.5858430060877399,0.0017172730493773347,0.0070246198259569965,0.027803791694108515,0.0070246198259569965,0.0031610789216806484,0.012644315686722593,0.005903569667185061,0.0026566063502332774,0.01062642540093311,0.14988337058871662,0.10061347687190533,0.5362790457277633,1.07584805649849,0.0,1.07584805649849,0.5395689936421778,0.5395690107707267,0.5300092532224999,1.0721742373717984,1.074961295063447,0.0,0.0008867614350429598,1.0,-7.505574385716195,0.8647008322213863,0.0,1.0,0.9007027128123076,-0.3640826109528818,44
2030Q4,3,-0.8415379769453819,1.0424363903078886,1.0400302346157853,0.1963734460828101,-0.8493603799736661,0.0026566063502332774,0.006197013513272066,0.02455858665445443,0.006197013513272066,0.0027886560809724298,0.011154624323889719,0.007849035176845808,0.0035320658295806134,0.014128263318322454,0.15514781344987455,0.09724901372349277,0.5435341502952045,1.0721157532549161,0.0,1.0721157532549161,0.5285816004124533,0.5285816029597117,0.5411768974593251,1.0757137061897726,1.0718029945004213,0.0,0.00031275875449487955,1.0,-7.265428613603145,0.8398107955307339,0.0,1.0,0.7547142959321018,0.16046620803316106,44
2031Q1,4,-0.978419617605448,0.32798684698365094,0.4640031549388822,0.40602900534260616,-0.7879207816575466,0.0035320658295806134,0.005743977623857058,0.022778707783835395,0.005743977623857058,0.002584789930735676,0.010339159722942705,0.005828811520360595,0.0026229651841622676,0.01049186073664907,0.15841916230905229,0.09526262321029817,0.5522250601593115,1.0782891390405664,0.0,1.0782891390405664,0.5260640783324073,0.526064078881255,0.5479312849238273,1.0777779369850415,1.077680409030518,0.0,0.0006087300100483528,1.0,-6.966788491287666,0.8108558839446043,0.0,1.0,0.6722442348427718,0.33245798136178273,44
2031Q2,5,-0.9328936557257466,0.6719392166248137,1.680658103944662,-0.6199900425416324,-0.5092512741945969,0.0026229651841622676,0.008457513937591334,0.03340329323025637,0.008457513937591334,0.0038058812719161004,0.015223525087664402,0.007487617402884982,0.003369427831298242,0.013477711325192968,0.14258592853728064,0.1059038888360937,0.5195525366113909,1.0697788783839135,0.0,1.0697788783839135,0.5502263408180325,0.5502263417725226,0.5131477462812075,1.0665657728026816,1.0689186783963642,0.0,0.0008601999875492705,1.0,-8.113025945052176,0.9247331666739194,0.0,1.0,1.1437185724002916,-0.3108915933540947,44
2031Q3,6,-1.1980455338545315,0.9984610854999576,1.1052628373006321,-0.9631618733662344,-0.025158120026401276,0.003369427831298242,0.007626257493527739,0.03015784193794746,0.007626257493527739,0.0034318158720874825,0.01372726348834993,0.005391611671081958,0.002426225251986881,0.009704901007947525,0.1465651351094492,0.10290030689939009,0.5304293167211478,1.0762427151829228,0.0,1.0762427151829228,0.5458133947903989,0.545813398461775,0.5226152859388683,1.0697506757421718,1.0751195439995376,0.0,0.0011231711833852298,1.0,-7.708915467657567,0.8852653215137698,0.0,1.0,1.0026000338275587,-0.36477224084835735,44
2031Q4,7,-1.0983859907912341,1.1639264957667317,0.9565023526568112,-0.7501247845402025,-0.14125507435741735,0.002426225251986881,0.007529079576294539,0.029777900061079055,0.007529079576294539,0.0033880858093325427,0.01355234323733017,0.008026447123140488,0.0036119012054132197,0.014447604821652879,0.14707461951339465,0.1025382518122291,0.5281220907331174,1.0696492630819208,0.0,1.0696492630819208,0.5415271592719331,0.5415271723488033,0.5237752462937658,1.0701347974931088,1.069075996942812,0.0,0.0005732661391086857,1.0,-7.803134313818365,0.8935015301764233,0.0,1.0,0.9789745298110427,1.0033072283955151,44
2032Q1,8,-0.7114745872777332,0.597030823709595,1.4922792399916207,0.06897951896582188,-1.0815012796402255,0.0036119012054132197,0.00910379092275097,0.03592090081976784,0.00910379092275097,0.004096705915237937,0.016386823660951746,0.009967757287098507,0.004485490779194328,0.017941963116777312,0.13991447196396273,0.10814602182275067,0.5106430380586057,1.0628831840071291,0.0,1.0628831840071291,0.5522401313752167,0.5522401459485234,0.5062614958989714,1.0641991736486218,1.0623436185938675,0.0,0.0005395654132616112,1.0,-8.46000616798644,0.9583151260194498,0.0,1.0,1.2467616377170843,1.6349513504676108,44
2032Q2,9,0.4305745977437213,0.04420537499249655,0.8275144068469024,0.6273675644649237,0.12910170389840547,0.004485490779194328,0.004162867515920394,0.01654778152872427,0.004162867515920394,0.0018732903821641774,0.0074931615286567095,0.0029570659777660184,0.0013306796899947083,0.005322718759978833,0.17246271182753586,0.08700746298205271,0.5829607242962112,1.0901800617229078,0.0,1.0901800617229078,0.5072193363919323,0.5072193374266967,0.5773111901318931,1.0860671285409116,1.0893061171870062,0.0,0.0008739445359016162,1.0,-5.9991210641046875,0.7153814267204741,0.0,1.0,0.3435362114064748,1.5677827769833783,44
2032Q3,10,-0.3427853138460569,0.7487901707614337,1.5440259764434603,0.8512088444433247,-0.5249960043159183,0.0013306796899947083,0.004584864390112025,0.01821371674311001,0.004584864390112025,0.0020631889755504114,0.008252755902201645,0.005683483702310063,0.0025575676660395284,0.010230270664158114,0.16826979031336198,0.08947450205384314,0.5706717954057016,1.0812775443096543,0.0,1.0812775443096543,0.510605747300978,0.5106057489039527,0.5683032933048884,1.083641528780147,1.0809402120006175,0.0,0.00033733230903676414,1.0,-6.380782648648661,0.7523206971988265,0.0,1.0,0.4376817423811281,1.5493980849779847,44
2032Q4,11,-0.6707086260792596,0.013016080148948672,1.2884642365269117,-1.005386359661818,-0.17095404070207074,0.0025575676660395284,0.0045854382389918825,0.018215980708973345,0.0045854382389918825,0.0020634472075463472,0.008253788830185389,0.0040898826171796715,0.0018404471777308522,0.007361788710923409,0.16826432656473633,0.08947769802543101,0.5730063144262058,1.085719182281526,0.0,1.085719182281526,0.5127128596889321,0.5127128678553202,0.5682917532784947,1.0836383584593559,1.085013905016296,0.0,0.0007052772652300643,1.0,-6.302218992093495,0.7451814520316187,0.0,1.0,0.44220262450259024,0.723631105071417,44
2033Q1,12,-0.8811716389922429,0.38137191977251744,0.09938519957228298,0.4413260053458045,-0.6738865217484621,0.0018404471777308522,0.00578071168685978,0.02292311855268747,0.00578071168685978,0.002601320259086901,0.010405281036347604,0.005695159873170849,0.0025628219429268823,0.010251287771707529,0.15814275437861422,0.09542833275401179,0.5519033108383478,1.0785754570669372,0.0,1.0785754570669372,0.5266721279472265,0.5266721462285895,0.5473632457427926,1.0776066330773553,1.077929079915376,0.0,0.0006463771515612393,1.0,-6.976743689123135,0.8119115469693867,0.0,1.0,0.6785054183087987,0.4208679293095932,44
2033Q2,13,0.007564502444302068,-0.3305377683719063,0.30845705824421116,-0.24382186999783076,-0.3059021501755057,0.0025628219429268823,0.005681724303113139,0.022533937893478462,0.005681724303113139,0.0025567759364009124,0.01022710374560365,0.0038950253675408227,0.0017527614153933703,0.007011045661573481,0.1588922440154239,0.09497975703242649,0.5557639083733831,1.0836271212600774,0.0,1.0836271212600774,0.5278632098469566,0.5278632128866944,0.5489028550501913,1.078069948539531,1.0825947221971197,0.0,0.0010323990629577118,1.0,-6.842779458935919,0.7993251844781986,0.0,1.0,0.6629626365990005,-0.07811376134302886,44
2033Q3,14,-0.8824197030305005,0.9512309728106549,0.26562127644725364,-0.7713809557289346,-0.320759365781515,0.0017527614153933703,0.005260460722939653,0.020876389723171185,0.005260460722939653,0.002367207325322844,0.009468829301291375,0.004307073485892734,0.0019381830686517304,0.007752732274606921,0.16225286899156305,0.09299193551526311,0.561387370154456,1.0834323632280658,0.0,1.0834323632280658,0.5220449812448631,0.5220449930736099,0.5557993503746734,1.080106883306259,1.082601881958307,0.0,0.0008304812697588204,1.0,-6.6643936890780004,0.7813011858391483,0.0,1.0,0.5813834119619148,0.3082211126608651,44
2033Q4,15,-1.1309377957598181,0.1842021571742033,0.9334482985810757,0.12736058185293292,-0.4788652845246739,0.0019381830686517304,0.006715549539592049,0.02659281593845264,0.006715549539592049,0.0030219972928164224,0.01208798917126569,0.006488405759033901,0.0029197825915652557,0.011679130366261023,0.15174867352924248,0.09939099557324782,0.5390522347427368,1.074821622127318,0.0,1.074821622127318,0.5357693827706469,0.5357693873845811,0.5340273077512154,1.0734652247363003,1.0741241513362796,0.0,0.0006974707910383238,1.0,-7.41227564239696,0.8551077816481307,0.0,1.0,0.8447756049915796,0.21653902555652021,44
2034Q1,16,-0.39726225193820713,0.8996201812534317,0.9101869251311911,-0.5194738509084227,-0.2006521601995664,0.0029197825915652557,0.006740893572889889,0.026692159565106954,0.006740893572889889,0.00303340210780045,0.0121336084312018,0.005311741816947547,0.0023902838176263963,0.009561135270505585,0.15159136312883342,0.09949263420968402,0.5402983683641539,1.07785546141927,0.0,1.07785546141927,0.5375570792774387,0.537557093055116,0.5336915124267685,1.0733580691536186,1.0769034322301145,0.0,0.0009520291891553789,1.0,-7.3641946409073045,0.8508291802731041,0.0,1.0,0.8500948067360596,0.034306357461333384,44
2034Q2,17,-0.8695811554564463,1.6113723515648604,1.1968849520419587,-0.11097773098052621,-0.4759037106870029,0.0023902838176263963,0.008344211465351503,0.03296140971553718,0.008344211465351503,0.003754895159408176,0.015019580637632705,0.00895205286231669,0.004028423788042511,0.016113695152170045,0.14309049952612277,0.10550324687756177,0.5188560747452957,1.0662660990164665,0.0,1.0662660990164665,0.5474100054777558,0.5474100242711708,0.5143945416812796,1.0669899881142224,1.065696290920974,0.0,0.0005698080954925633,1.0,-8.145451304440854,0.9273167066560428,0.0,1.0,1.1239895888909033,-0.2601105879475454,44
2034Q3,18,-0.3046269238568592,0.8716077272096127,1.8914547928513776,-1.36880434431878,-0.25337046437746924,0.004028423788042511,0.007550043386341143,0.02985987287036873,0.007550043386341143,0.0033975195238535147,0.013590078095414059,0.007016820774432695,0.003157569348494713,0.012630277393978852,0.1469638774832078,0.10261657649965053,0.5291729152437261,1.0721920479886742,0.0,1.0721920479886742,0.5430191293865091,0.5430191327449481,0.5235239660795296,1.0700517057700991,1.07142139401641,0.0,0.0007706539722642791,1.0,-7.760990278299472,0.8897414584814525,0.0,1.0,0.9884122473501664,-0.1162681880357106,44
2034Q4,19,-0.5058399335724671,1.277131943000317,0.8365266005165648,0.10312085127015441,-0.12194261247049581,0.003157569348494713,0.006534244912693389,0.025881915642123388,0.006534244912693389,0.002940410210712025,0.0117616408428481,0.00843912840479563,0.0037976077821580334,0.015190431128632133,0.15289747676232346,0.09865605064473912,0.5386373782042683,1.0700357445460198,0.0,1.0700357445460198,0.531398364632698,0.5313983663417515,0.5364647758309744,1.0742389281781048,1.06975325426411,0.0,0.0002824902819098529,1.0,-7.435341920511296,0.8565365842689716,0.0,1.0,0.8139931362851591,0.11655244454521368,44
2035Q1,20,-1.4054101292816927,1.1458983108312484,1.2936833723879244,-0.4539576720629759,-1.5356274613017469,0.0037976077821580334,0.00957295912654186,0.03774548795247723,0.00957295912654186,0.004307831606943837,0.017231326427775348,0.00949649667977297,0.004273423505897837,0.017093694023591347,0.13817809586123783,0.10973432821453837,0.5070794582101548,1.0635196962185738,0.0,1.0635196962185738,0.5564402369808341,0.556440238008419,0.5014767407296709,1.0625331694345352,1.0628178675276325,0.0,0.0007018286909412641,1.0,-8.595509407102599,0.9720775172043621,0.0,1.0,1.3405310686143912,0.08856776005016308,44
2035Q2,21,-0.7873877226652366,1.2299296272378353,2.2711808114022007,-0.9013142892928792,-1.525539688564124,0.004273423505897837,0.011596067586503514,0.04558367679974151,0.011596067586503514,0.005218230413926581,0.020872921655706325,0.011549767908102086,0.005197395558645939,0.020789582234583756,0.13228412652850982,0.11630989417829839,0.48850238651239264,1.0566789995936074,0.0,1.0566789995936074,0.568176608811026,0.5681766130812148,0.48247488764662616,1.0557707612842417,1.0559796527425054,0.0,0.0006993468511020673,1.0,-9.35470292928089,1.0470728973694432,0.0,1.0,1.7836514095099685,0.7049785487005984,44
2035Q3,22,-1.8795268435038799,1.2607733747170853,2.1708912868958112,-1.2409232470235643,-1.7938902308334979,0.005197395558645939,0.01157448385793404,0.04550030789780246,0.01157448385793404,0.005208517736070318,0.02083407094428127,0.011333809271554083,0.005100214172199338,0.02040085668879735,0.1323354391080429,0.11624163451136967,0.48889750566896134,1.0571999610807281,0.0,1.0571999610807281,0.5683024516749168,0.5683024554117668,0.48266563908045684,1.0558396827065144,1.0564708460367989,0.0,0.0007291150439292515,1.0,-9.337187010078893,1.04541848683569,0.0,1.0,1.7761388209475566,1.0105925288508342,44
2035Q4,23,-1.4637989318301232,1.8728846285341145,2.9082408030026596,-0.24429273811538865,-1.5095385572910573,0.005100214172199338,0.012746303844725707,0.050018662892069576,0.012746303844725707,0.005735836730126568,0.022943346920506272,0.015216746367528063,0.006847535865387629,0.027390143461550515,0.12984101246128946,0.11989845989109019,0.4763129660134654,1.0474048771109985,0.0,1.0474048771109985,0.5710919105117168,0.5710919110975331,0.47263087744081744,1.0521872182409364,1.047038418566401,0.0,0.00036645854459749216,1.0,-9.895074934301658,1.099459957564778,0.0,1.0,2.191844683405444,0.2022118185761397,44
2036Q1,24,-1.8810065610064683,2.8547146520357742,4.045652955875714,-1.5293714959418985,-1.4620084688211674,0.006847535865387629,0.013035984404565576,0.0511331485818991,0.013035984404565576,0.005866192982054509,0.023464771928218036,0.010303665482231376,0.00463664946700412,0.01854659786801648,0.1293076283226644,0.12078770623998915,0.4793304163463959,1.0583026387514807,0.0,1.0583026387514807,0.5789722152154015,0.5789722224050848,0.47024608322343614,1.0513111775438826,1.05719767947015,0.0,0.0011049592813305864,1.0,-9.740802065369369,1.0862435570699327,0.0,1.0,2.3412653924262092,1.00716711174392,44
2036Q2,25,-0.8432296042801956,2.675084600358315,3.053356897429271,-0.7816113446999863,-1.673280443023475,0.00463664946700412,0.012304865813062334,0.048318434296561796,0.012304865813062334,0.0055371896158780505,0.022148758463512202,0.015075160751728104,0.006783822338277647,0.02713528935311059,0.13071420068040485,0.1185323415182122,0.4795791187174844,1.0480354965592655,0.0,1.0480354965592655,0.5684563588482409,0.5684563778417812,0.47633626775546434,1.0535422337422709,1.0477106868456048,0.0,0.0003248097136607786,1.0,-9.751454609031759,1.0851616385648983,0.0,1.0,2.0017831412234295,1.6807594364248186,44
2036Q3,26,-1.7151601399213272,2.109928195426499,1.9387339168845015,-0.12692855516317225,-0.9309242661178159,0.006783822338277647,0.012654610928436012,0.04966568899864254,0.012654610928436012,0.005694574917796205,0.02277829967118482,0.009141354278242619,0.0041136094252091785,0.016454437700836714,0.13001623516333827,0.11961580089594759,0.4832565821466584,1.0613078174895099,0.0,1.0613078174895099,0.5780512311171083,0.5780512353428515,0.4733933708763981,1.0524666615922147,1.0600565319845479,0.0,0.0012512855049620075,1.0,-9.566077126367768,1.0692941032115677,0.0,1.0,2.147077288274577,0.7359737898576694,44
2036Q4,27,-1.6560407788159284,2.34845366842144,4.054449128285232,-1.115033716178636,-1.482786995558527,0.0041136094252091785,0.012794518183568162,0.050204225598309726,0.012794518183568162,0.005757533182605673,0.023030132730422693,0.01360310710395109,0.006121398196777991,0.024485592787111963,0.1297501284849504,0.12004685923682204,0.47762731950671866,1.0510039195535255,0.0,1.0510039195535255,0.5733765959248368,0.5733766000468068,0.4722314209272909,1.0520406975955594,1.0504277130305226,0.0,0.0005762065230028313,1.0,-9.830039725327781,1.0936825743360001,0.0,1.0,2.218044927290987,-0.3835400096853172,44
2037Q1,28,-1.6930900908731357,1.7245408526442358,2.165088762092171,-1.3303303999724463,-0.2960277735470367,0.006121398196777991,0.011328715142828315,0.04455062107903229,0.011328715142828315,0.005097921814272742,0.02039168725709097,0.010969535965101234,0.004936291184295555,0.01974516473718222,0.13293530880343024,0.11546183433852623,0.4911636481656598,1.0582702250269649,0.0,1.0582702250269649,0.5671065577760961,0.5671065768613051,0.4848542142672796,1.0566290411333357,1.0575216921613417,0.0,0.0007485328656231527,1.0,-9.241175464125135,1.035981255228218,0.0,1.0,1.7231709854940584,-1.2887217653694438,44
2037Q2,29,-1.491762772793023,0.7778401462163321,1.1257585627786393,-0.4531079390118443,-1.144189876212574,0.004936291184295555,0.011412003771345158,0.04487254005990715,0.011412003771345158,0.005135401697105322,0.020541606788421287,0.011946628810897022,0.00537598296490366,0.02150393185961464,0.13272876941496015,0.1157266300469682,0.48946999087343773,1.055917135139066,0.0,1.055917135139066,0.5664471255290323,0.5664471442656283,0.48410908035037387,1.0563605885284768,1.0553047038076748,0.0,0.0006124313313911056,1.0,-9.316021130836221,1.0430261301187185,0.0,1.0,1.7442437976245668,-1.2120190751998474,44
2037Q3,30,-1.1166672257666928,1.5085216553660166,1.1851953794364671,-1.1065786992538322,-1.0031046427587293,0.00537598296490366,0.009959927269964402,0.03924845043701519,0.009959927269964402,0.004481967271483981,0.017927869085935924,0.011291280569952553,0.0050810762564786486,0.020324305025914594,0.1368621121567992,0.11102351511756385,0.5017445840746518,1.0587990651949568,0.0,1.0587990651949568,0.557054474151679,0.557054481120305,0.4976496206871263,1.0611890562321047,1.0583191795582476,0.0,0.0004798856367091986,1.0,-8.813269899969036,0.9930459137404251,0.0,1.0,1.4214605468936934,-1.2632179514975497,44
2037Q4,31,-1.4473627288367914,0.7239088621040977,1.0222780231800421,-1.0962790262633086,-0.5993625416232461,0.0050810762564786486,0.009514814233138515,0.03751950416606642,0.009514814233138515,0.004281666404912332,0.017126665619649328,0.007571074295039415,0.003406983432767737,0.013627933731070949,0.1383846584048266,0.10953906471178437,0.5098241826274178,1.0682808372430466,0.0,1.0682808372430466,0.558456641324573,0.5584566546156288,0.5020608143864425,1.062737420798184,1.0672410880483574,0.0,0.001039749194689188,1.0,-8.48067464878289,0.9614604814455212,0.0,1.0,1.3363148403819225,-1.175855210816932,44
2038Q1,32,-1.1195409586323941,0.6300861659741395,1.0175162374542437,-0.2074195469466137,0.18620769889225242,0.003406983432767737,0.008279585145892027,0.03270929701605152,0.008279585145892027,0.0037258133156514123,0.014903253262605649,0.007981015668463693,0.003591457050808662,0.014365828203234648,0.14338341223115061,0.10527359996554389,0.5206569120670091,1.0687711918483043,0.0,1.0687711918483043,0.5481142748023768,0.5481142797812951,0.5151114356236096,1.0672332785941356,1.0680387152105406,0.0,0.0007324766377636571,1.0,-8.07442027214334,0.9206505701635255,0.0,1.0,1.1156584748366576,-0.7805682441049809,44
2038Q2,33,-0.09334088478539115,0.6662009872851535,0.37280723140259364,-0.5642235475964711,-0.1885689206328749,0.003591457050808662,0.006160289927810244,0.02441439835074133,0.006160289927810244,0.0027721304675146097,0.011088521870058439,0.003978927127815261,0.0017905172075168676,0.00716206883006747,0.15540212424445798,0.09709235416852545,0.5492004688020872,1.082432149861086,0.0,1.082432149861086,0.5332316642645246,0.5332316810589989,0.5417052548164207,1.0758773116744342,1.0813071570076476,0.0,0.0011249928534384779,1.0,-7.058192309679401,0.8208287137604232,0.0,1.0,0.7541236692429873,-0.9575014480505354,44
2038Q3,34,-0.9923555617185278,2.2913830662836907,0.02343959082557512,-1.1242919266360638,-1.0141448393422219,0.0017905172075168676,0.00827516884417013,0.032692066852920254,0.00827516884417013,0.003723825979876559,0.014895303919506235,0.009401803324936876,0.004230811496221594,0.016923245984886377,0.14340356591154957,0.10525787621642169,0.518971824694587,1.065230546927361,0.0,1.065230546927361,0.5462587208351334,0.546258722232774,0.515160579444061,1.067249939686516,1.0647515043274811,0.0,0.0004790425998799641,1.0,-8.143176886226541,0.9268868771264327,0.0,1.0,1.1133893591697368,-0.49222056251944324,44
2038Q4,35,0.7981156333401926,0.4126505296536842,0.2361224185130133,-0.35371228514305453,-0.5268156024529446,0.004230811496221594,0.004700307981994856,0.0186690894427749,0.004700307981994856,0.0021151385918976853,0.008460554367590741,0.00535452825874827,0.002409537716436722,0.009638150865746887,0.16718317044511724,0.09010959142009592,0.5690899973433529,1.0818946814272263,0.0,1.0818946814272263,0.51280467141873,0.5128046840838735,0.5660166539911232,1.0830100709669794,1.0814524131112795,0.0,0.0004422683159468477,1.0,-6.42800829081763,0.7571912913653263,0.0,1.0,0.4668458766755229,0.6657717052949047,44
2039Q1,36,0.0968692497101711,0.6515540542303846,1.1143296127183633,-0.5589592213139101,-0.24469811183326096,0.002409537716436722,0.0034787663969130128,0.013842622944890803,0.0034787663969130128,0.0015654448786108558,0.006261779514443423,0.0024866677814744703,0.0011190005016635117,0.004476002006654047,0.18006099297912664,0.08239310877112244,0.5998364489613948,1.0940603505524757,0.0,1.0940603505524757,0.49422389784160037,0.494223901591081,0.5947251404429688,1.090501088328462,1.093258846289343,0.0,0.0008015042631328573,1.0,-5.5144009322952305,0.6671210927278596,0.0,1.0,0.1698979451966636,1.603480838933032,44
2039Q2,37,-0.5724444740240102,-0.14638623800257422,-0.24218067030518015,1.2478714076394701,-0.9577331359491018,0.0011190005016635117,0.00361241633695177,0.014371556428423693,0.00361241633695177,0.0016255873516282965,0.006502349406513186,0.004920297691799102,0.002214133961309596,0.008856535845238383,0.17849339964907374,0.08336640569275289,0.5924853633104377,1.0864191213913086,0.0,1.0864191213913086,0.4939337516475603,0.4939337580808709,0.5909877460422999,1.089575442830294,1.0862006809428058,0.0,0.0002184404485028324,1.0,-5.732195305019344,0.6878053965406248,0.0,1.0,0.20508086711429635,1.845270953902305,44
2039Q3,38,-0.40630475331182103,0.04283883050546822,0.7318552798301584,-0.48850642867907107,0.04117528653943836,0.002214133961309596,0.00204182331378135,0.008142313032868498,0.00204182331378135,0.0009188204912016076,0.0036752819648064304,0.0012538096909145914,0.0005642143609115662,0.002256857443646265,0.19986806542900815,0.06839991717400319,0.6571850909566654,1.1066991626197726,0.0,1.1066991626197726,0.4495140578942567,0.4495140716631072,0.6529242856793275,1.1036026119589866,1.106007387408445,0.0,0.0006917752113275721,1.0,-4.054055297100591,0.5216413153491476,0.0,1.0,-0.3853029882186378,0.8497390076146621,44
2039Q4,39,1.1110050550896018,-0.4535927554583974,-0.8723812296965425,0.929936763083957,0.3167847369994731,0.0005642143609115662,0.0017607109788667437,0.007024265120492368,0.0017607109788667437,0.0007923199404900347,0.0031692797619601388,0.0011163917741202137,0.0005023762983540962,0.002009505193416385,0.20446003693028073,0.06449160069988986,0.6747912475993666,1.1099749383053865,0.0,1.1099749383053865,0.43518367695958865,0.4351836907060199,0.6709288791296042,1.1073146131910119,1.1093454640262135,0.0,0.0006294742791730368,1.0,-3.656421462807938,0.4819397699824397,0.0,1.0,-0.5733820941982676,0.24073296844580025,44
2040Q1,40,0.39644255766438885,-0.7073065913588975,-0.8225514632031309,0.4311769191229867,0.15173820554116174,0.0005023762983540962,0.0015182042809266517,0.006059001450466894,0.0015182042809266517,0.0006831919264169933,0.0027327677056679734,0.0020833291833114737,0.0009374981324901632,0.003749992529960653,0.20863631684162542,0.06061925511353255,0.6908140506714712,1.1095803916887825,0.0,1.1095803916887825,0.4187663317366671,0.41876634101731136,0.6896629760180589,1.11107011123469,1.1093978024503885,0.0,0.000182589238393982,1.0,-3.3170503059271725,0.44756753246022707,0.0,1.0,-0.800327511082245,-0.2659023987226137,44
2040Q2,41,0.04948205908179043,-1.222895314721907,-0.5686512468208419,1.326442547091704,0.8354726078394756,0.0009374981324901632,0.0015189861884595743,0.006062114853413236,0.0015189861884595743,0.0006835437848068084,0.0027341751392272336,0.0009956371350572505,0.00044803671077576275,0.001792146843103051,0.2086225198870399,0.06063261301495525,0.693093630183218,1.1133344159675114,0.0,1.1133344159675114,0.42024077862029563,0.42024078578429336,0.6895967310638669,1.111056993248941,1.1127626043072538,0.0,0.0005718116602575485,1.0,-3.2645453396808586,0.44280649725731014,0.0,1.0,-0.7974125410627004,-0.6349363894817743,44
2040Q3,42,1.3445477925803893,-0.9021097856206222,-0.7468911167842052,0.388017569614742,-0.015660938599632357,0.00044803671077576275,0.001514316713138313,0.00604352180690082,0.001514316713138313,0.000681442520912241,0.002725770083648964,0.001229829093339331,0.000553423092002699,0.002213692368010796,0.2087049463267845,0.06055275031584401,0.6929710426240234,1.1125840733900627,0.0,1.1125840733900627,0.4196130252012259,0.4196130307660393,0.6899929973509759,1.1111354399173325,1.112100242974422,0.0,0.00048383041564070695,1.0,-3.2681515717046974,0.44306173407846705,0.0,1.0,-0.80472275833029,-0.28056849384333576,44
2040Q4,43,0.9042827028645312,-1.7896940455626291,-0.6385788809491812,0.9555120043375268,0.7872795359758326,0.000553423092002699,0.0012034538569327307,0.004805132590373518,0.0012034538569327307,0.0005415542356197288,0.002166216942478915,0.0012077525412427282,0.0005434886435592277,0.0021739545742369107,0.21437112180457477,0.0546882620899846,0.7223776183348602,1.1174333995609929,0.0,1.1174333995609929,0.39505576519435703,0.3950557812261326,0.7202808728720181,1.1170312383364986,1.1170925418967104,0.0,0.0003408576642824901,1.0,-2.680609959789975,0.38431750733543824,0.0,1.0,-1.3507015118558807,-0.39743823681892704,44
2041Q1,44,0.9968803400005615,-1.762063790393103,-0.21114053568461877,1.5310091301835582,0.9265201000999832,0.0005434886435592277,0.0011320390720423721,0.004520473014652304,0.0011320390720423721,0.0005094175824190675,0.00203767032967627,0.0009761997588365629,0.0004392898914764533,0.0017571595659058132,0.21572390823255028,0.053165233444123945,0.7309699778167646,1.1195918790509398,0.0,1.1195918790509398,0.3886218951127439,0.38862190123417517,0.7285534968351836,1.1186120369047192,1.1191965256027157,0.0,0.0003953534482241672,1.0,-2.5168452324748034,0.3680452333560039,0.0,1.0,-1.6043948813722706,-0.39384544219070294,44
2041Q2,45,1.1955732436502773,-1.5546767764455034,-0.5233428832027092,0.7848564352144494,1.1980974616971862,0.0004392898914764533,0.0012117010306245265,0.004838001920188462,0.0012117010306245265,0.000545265463781037,0.002181061855124148,0.0008645185609990199,0.00038903335244955896,0.0015561334097982358,0.2142161534057606,0.05485941726493948,0.7222904822663567,1.1185348501431631,0.0,1.1185348501431631,0.39624434953144433,0.3962443678768064,0.7193621577112793,1.1168549870964464,1.1180542837770973,0.0,0.0004805663660658599,1.0,-2.6807353952633997,0.3844845061738904,0.0,1.0,-1.3225973745876893,-1.2618893120976984,44
2041Q3,46,1.0327740562533214,-1.853423909109738,0.7419243935838263,0.027785541129963454,1.0483988493094818,0.00038903335244955896,0.0011920101210940643,0.00475952192843665,0.0011920101210940643,0.000536404554492329,0.002145618217969316,0.001059565961572244,0.0004768046827075098,0.0019072187308300393,0.2145865838620311,0.054449185112822256,0.7239767115974362,1.1181761326857609,0.0,1.1181761326857609,0.3941994198714113,0.39419942108832473,0.7215678350138314,1.1172778970118122,1.1177829270560666,0.0,0.00039320562969424877,1.0,-2.649367026380051,0.3812598979552976,0.0,1.0,-1.3848650926915613,-0.36259236156067326,44
2041Q4,47,0.8226535221081643,-0.8445360117573679,-0.5819649268275773,-0.1535655063019331,-0.30174614698541413,0.0004768046827075098,0.0013878594996101184,0.005539891763710725,0.0013878594996101184,0.0006245367748245533,0.0024981470992982134,0.0012067534321897693,0.0005430390444853962,0.002172156177941585,0.21096703194862812,0.05830338692788219,0.7039951759620061,1.1144482208848496,0.0,1.1144482208848496,0.41045303139475353,0.4104530449228435,0.7013277600969896,1.1133638989004329,1.1140145801291528,0.0,0.00043364075569685134,1.0,-3.042072987681612,0.42046425972367585,0.0,1.0,-0.9697876450206858,-0.655309101110506,44
2042Q1,48,0.4945090023573538,-0.18752284340860886,-0.11899452337228278,0.05225458168502142,1.3019209495634372,0.0005430390444853962,0.001693207188912893,0.006755646461289899,0.001693207188912893,0.0007619432350108019,0.0030477729400432076,0.001631213826036404,0.0007340462217163818,0.0029361848868655273,0.2056020661153139,0.06346527613926894,0.6784291535514249,1.1089961142279727,0.0,1.1089961142279727,0.4305669357107167,0.43056696067654787,0.6758039751140644,1.1083013375585162,1.1085743542736288,0.0,0.00042175995434390323,1.0,-3.5792726983156973,0.4739932236098533,0.0,1.0,-0.6262288999577532,-0.32456180993072503,44
2042Q2,49,0.007309492767957448,0.08274077321194773,-0.6348600497969339,0.0969490274540582,0.0006311521517636809,0.0007340462217163818,0.0017507608816676274,0.006984674000761082,0.0017507608816676274,0.0007878423967504324,0.0031513695870017296,0.0016770038588971629,0.0007546517365037233,0.0030186069460148932,0.2046273958955807,0.0643426436030704,0.6743211290343146,1.108197173567896,0.0,1.108197173567896,0.43387604079474956,0.4338760445335813,0.6716325167202409,1.107457473278457,1.1077657763586475,0.0,0.00043139720924845193,1.0,-3.669276051322451,0.4829729533957414,0.0,1.0,-0.5766934598317185,-0.6092844505797821,44
2042Q3,50,-0.1221406138730814,0.5738810068890456,-0.9760394534200514,0.7071872506263122,0.07729122391403359,0.0007546517365037233,0.001917978246747583,0.0076498693523381345,0.001917978246747583,0.0008630902110364124,0.0034523608441456495,0.0023275500264582248,0.0010473975119062013,0.004189590047624805,0.20185900164978612,0.06674611706171017,0.6622800974176027,1.1043263511039554,0.0,1.1043263511039554,0.44204624909876133,0.44204625368635264,0.6604374231782767,1.1051655018580087,1.1040360819558839,0.0,0.00029026914807150916,1.0,-3.941825432480699,0.5099351457361637,0.0,1.0,-0.4579717943939342,-0.03383570369174631,44
2042Q4,51,0.9169224480257496,-0.5010933717345573,-0.7952857006477079,0.2328303303464458,0.46675763234955514,0.0010473975119062013,0.0016650284393998568,0.006643498295654249,0.0016650284393998568,0.0007492627977299356,0.0029970511909197424,0.0016548354639835422,0.000744675958792594,0.002978703835170376,0.20608342016285455,0.06302561601308736,0.6804096150328446,1.109241968501055,0.0,1.109241968501055,0.42883235128672653,0.42883235346821047,0.6779119072991939,1.1087258220699068,1.1088409534308152,0.0,0.00040101507023981853,1.0,-3.5364759567759223,0.4697029197187996,0.0,1.0,-0.6543012571140376,0.2570581075356464,44
2043Q1,52,0.863888786506313,-1.3065466216320876,-0.14002199233134827,1.1428888337583816,0.8875825704945852,0.000744675958792594,0.0013671604575663594,0.005457437282061384,0.0013671604575663594,0.0006152222059048618,0.002460888823619447,0.001406800739794764,0.0006330603329076438,0.002532241331630575,0.21134283806211718,0.057918448393453864,0.705459858079687,1.1140512696312983,0.0,1.1140512696312983,0.4085914038384164,0.40859141155161127,0.7033018276423416,1.1137491311688335,1.1137023821524952,0.0,0.0003488874788031282,1.0,-3.013481475965227,0.4175150872636151,0.0,1.0,-1.0023197811894442,-0.625264227210777,44
2043Q2,53,0.41341671979637185,-0.75836619898278,-0.13723937802670166,0.15477716125637087,1.5535353858538146,0.0006330603329076438,0.0015421090687988649,0.0061541823364200665,0.0015421090687988649,0.0006939490809594892,0.002775796323837957,0.0014330503013453718,0.0006448726356054174,0.0025794905424216695,0.20821549483293397,0.061024904201369835,0.6902750910332848,1.1115148201211178,0.0,1.1115148201211178,0.42123971302898044,0.421239729087833,0.6876562253989983,1.110672292155117,1.1110917390423964,0.0,0.0004230810787213546,1.0,-3.325426410053578,0.4486977683697524,0.0,1.0,-0.7714229262492149,-0.646545232105479,44
2043Q3,54,-0.5159658037907418,-1.1349622957350645,-0.366645498025557,0.8912653629008749,0.46565896178264965,0.0006448726356054174,0.0013696073521602997,0.005467184735898911,0.0013696073521602997,0.0006163233084721349,0.0024652932338885395,0.0018264218207718146,0.0008218898193473166,0.0032875592773892663,0.21129833090391495,0.05796421141037755,0.7042942791380072,1.1125329159167043,0.0,1.1125329159167043,0.40823862491074914,0.4082386367786971,0.703066606685502,1.1137032711028463,1.1123367570595857,0.0,0.00019615885711865566,1.0,-3.038829021165959,0.4198610122972486,0.0,1.0,-1.000275418942486,-0.284180671168729,44
2043Q4,55,0.203918242582329,-0.2993788077167954,0.3059028259206493,0.17406765243207856,0.13450582505071418,0.0008218898193473166,0.0015962027558544829,0.006369540105124805,0.0015962027558544829,0.0007182912401345173,0.0028731649605380693,0.0015931311949059274,0.0007169090377076673,0.0028676361508306694,0.2072706960988918,0.06192249164556777,0.6856857426818423,1.1102794617109903,0.0,1.1102794617109903,0.4245936967270132,0.424593719029148,0.6832533993469114,1.1097959212632436,1.1098882657199183,0.0,0.0003911959910720686,1.0,-3.423109158704621,0.45839400683275444,0.0,1.0,-0.717107406457711,-0.21097871246627825,44
2044Q1,56,-0.01947671881704212,-0.019118530363625402,-1.1348016121812727,0.2771178986384931,-0.03815554838860022,0.0007169090377076673,0.0023918738252143384,0.009533223641970734,0.0023918738252143384,0.0010763432213464522,0.004305372885385809,0.0029941035893174296,0.0013473466151928434,0.005389386460771374,0.19450234196651067,0.07258624433082099,0.6364011609866578,1.0983408655441569,0.0,1.0983408655441569,0.4619397016379569,0.4619397045574991,0.6345543939922297,1.0996815807820246,1.0980554910416829,0.0,0.00028537450247401175,1.0,-4.558832560753314,0.5713359094601385,0.0,1.0,-0.1969453092613565,-0.6456811197693983,44
2044Q2,57,0.876449576298721,-0.6100682077110389,-0.4254356244754073,-0.14580355047176546,0.5137098921894202,0.0013473466151928434,0.002006978883996399,0.008003780070472866,0.002006978883996399,0.0009031404977983796,0.0036125619911935186,0.002227582134495777,0.0010024119605230998,0.004009647842092399,0.20042320381882958,0.06794470488651187,0.6572585773885508,1.1038310024099698,0.0,1.1038310024099698,0.4465724007479371,0.44657242502141903,0.6549772780220459,1.1040318047093058,1.103470612134102,0.0,0.0003603902758677613,1.0,-4.056735804308728,0.5214711684703497,0.0,1.0,-0.40211694455272196,0.09827876112465896,44
2044Q3,58,0.844090265413464,-0.5716621729359848,-0.3291146635230073,0.6784405986294604,0.3526515984102697,0.0010024119605230998,0.0016046584956613838,0.0064032009302151804,0.0016046584956613838,0.0007220963230476227,0.002888385292190491,0.001615261318964669,0.0007268675935341011,0.0029074703741364043,0.20712393945043586,0.062060319598714345,0.6849916163193912,1.1100996094642066,0.0,1.1100996094642066,0.4251079863122133,0.4251079931448154,0.6825818554264024,1.109661810788197,1.1097122854051973,0.0,0.00038732405900931965,1.0,-3.4379873951601843,0.45987187192248435,0.0,1.0,-0.7126752964486844,0.51764208276857,44
2044Q4,59,1.7087702541813703,-1.2754794663295623,-0.28247999496096254,0.9974486437115404,-0.05232333512817755,0.0007268675935341011,0.0012599310961614553,0.005030207824114563,0.0012599310961614553,0.0005669689932726549,0.0022678759730906197,0.001531172308928611,0.000689027539017875,0.0027561101560715,0.21331504525230138,0.05584171145455139,0.7156621273634791,1.115300128253209,0.0,1.115300128253209,0.39963798015181806,0.3996380008897298,0.7141314009259981,1.1158486864014145,1.1150535133384134,0.0,0.00024661491479549547,1.0,-2.811964174747106,0.3973073899356927,0.0,1.0,-1.2073818025800478,-0.3032921911992402,44
2045Q1,60,-0.08150725719988594,-2.125095843282088,-1.0078942197098393,0.5058946536093372,0.5655124169492172,0.000689027539017875,0.0012604960838163597,0.005032459241435916,0.0012604960838163597,0.0005672232377173619,0.0022688929508694476,0.0008193411120904855,0.00036870350044071844,0.0014748140017628738,0.21330454128807144,0.0558530340091134,0.7172482653175508,1.1178531891122723,0.0,1.1178531891122723,0.40060491755758754,0.40060492379472146,0.7140715201041478,1.1158371382461845,1.1173312086872227,0.0,0.0005219804250495841,1.0,-2.7778607859598194,0.3942173750955412,0.0,1.0,-1.2048603046655155,-0.5289825760530446,44
2045Q2,61,-0.0013717562879917988,-0.6883418914504656,0.025272229830752724,-0.4202637144371111,0.1700995360532186,0.00036870350044071844,0.0016693661259841025,0.006660762405241161,0.0016693661259841025,0.0007512147566928461,0.0030048590267713845,0.0012841471404301077,0.0005778662131935484,0.0023114648527741938,0.20600914454506136,0.06309373797066892,0.6808667949953567,1.110451122394088,0.0,1.110451122394088,0.4295843115636619,0.4295843273987313,0.6775845212272381,1.108659978556801,1.1099186675521746,0.0,0.0005324548419134434,1.0,-3.5249390805181813,0.4687160418386246,0.0,1.0,-0.6432028352858352,-1.063482357185396,44
2045Q3,62,0.4601592962622612,-0.6818563730035143,-0.7772353443094135,1.2382826005852807,0.25979821642186696,0.0005778662131935484,0.001695184651105366,0.006763516175631978,0.001695184651105366,0.0007628330929974148,0.003051332371989659,0.0011967228321868478,0.0005385252744840815,0.002154101097936326,0.20556838955100099,0.06349587615059295,0.6791890941644874,1.1104461628860185,0.0,1.1104461628860185,0.431257066059017,0.43125706872153113,0.6756577045853167,1.1082718347708063,1.1098719068621423,0.0,0.000574256023876174,1.0,-3.5608253952525444,0.4723440142507703,0.0,1.0,-0.622335095385554,-0.7251415050873293,44
2045Q4,63,-0.10825188642780614,-0.23868252470946355,-0.1987611162940081,0.2610965002331789,0.5752023863030662,0.0005385252744840815,0.001695857341543475,0.006766193273847976,0.001695857341543475,0.0007631358036945638,0.003052543214778255,0.0010949402207188475,0.0004927230993234813,0.0019708923972939253,0.20555693656838644,0.06350627811722423,0.6793524226295449,1.1107838806896542,0.0,1.1107838806896542,0.4314314389112193,0.4314314580601093,0.6756079941812826,1.1082618069872685,1.1101732663742483,0.0,0.0006106143154058774,1.0,-3.5568273526480043,0.471990012165477,0.0,1.0,-0.626682461549507,0.1791935384022221,44
2046Q1,64,0.5780007184243513,-0.7799675728343702,-0.6895471383021694,-0.47416026347066953,-0.499167647428882,0.0004927230993234813,0.001533846489719709,0.006121284277650241,0.001533846489719709,0.000690230920373869,0.002760923681495476,0.0018945240070490086,0.0008525358031720539,0.0034101432126882156,0.20836072016765028,0.06088532960274463,0.6899508255039694,1.1100296608729643,0.0,1.1100296608729643,0.4200788342049492,0.42007883536899493,0.6883454983735046,1.1108090462819875,1.1097736519035915,0.0,0.000256008969372834,1.0,-3.334311898623391,0.449378654059167,0.0,1.0,-0.7827845847183895,-0.2400644584989247,44
2046Q2,65,1.0739582384234363,-1.1930606982523886,-0.8592390681978502,1.276950263928978,0.6999603743624614,0.0008525358031720539,0.0013314309858320694,0.005315097130321633,0.0013314309858320694,0.0005991439436244312,0.002396575774497725,0.0011614239158270882,0.0005226407621221897,0.0020905630484887587,0.211995244570864,0.05724216743080824,0.7093969073969189,1.115471083039392,0.0,1.115471083039392,0.40607416548111996,0.40607417564247306,0.7067949011424337,1.1144288377232852,1.1150475451339572,0.0,0.00042353790543470105,1.0,-2.9337072269142657,0.40964808192930435,0.0,1.0,-1.0681526138459356,0.3717884140563695,44
2046Q3,66,1.0110686830280595,-0.39368645183268813,-0.6333124297267945,1.3697794010655842,1.7152906535377896,0.0005226407621221897,0.0014194837238191477,0.0056658567276278715,0.0014194837238191477,0.0006387676757186164,0.0025550707028744657,0.0012910889540890262,0.0005809900293400618,0.0023239601173602473,0.21039589945883097,0.05888209790511189,0.7009521508301313,1.1136874992326944,0.0,1.1136874992326944,0.4127353317197855,0.4127353484025631,0.6983790963460641,1.1127869420266978,1.113270175269373,0.0,0.0004173239633213921,1.0,-3.104118693738597,0.4266308793445196,0.0,1.0,-0.9294341612445565,0.43116142659660955,44
2046Q4,67,0.9795974408609239,-0.19345518512522164,-0.04242687467746592,0.2511975148875185,0.27171551090805485,0.0005809900293400618,0.0015065693250641257,0.006012672466466973,0.0015065693250641257,0.0006779561962788566,0.0027118247851154265,0.001388606326906801,0.0006248728471080605,0.002499491388432242,0.20884187635903537,0.06041976355531533,0.6932666705016113,1.112136765462256,0.0,1.112136765462256,0.4188700831248805,0.41887009496064476,0.6906537913395155,1.111266166919277,1.1117141289354355,0.0,0.0004226365268205079,1.0,-3.262712368713421,0.442446364024234,0.0,1.0,-0.8128478048192956,-0.44373505946800595,44
2047Q1,68,-0.32729813184388246,-1.1805196017245767,-0.632789061898097,-0.362217410844065,0.3887164940559962,0.0006248728471080605,0.001715015739278992,0.006842435451908102,0.001715015739278992,0.0007717570826755464,0.0030870283307021856,0.0015219042966637094,0.0006848569334986693,0.002739427733994677,0.20523140508373883,0.0638009402163757,0.677113180488476,1.1091177577578553,0.0,1.1091177577578553,0.43200457548065263,0.43200457726937924,0.6742025760800143,1.1079779952341042,1.1086487096933317,0.0,0.0004690480645235251,1.0,-3.607428284322424,0.47685797149874376,0.0,1.0,-0.6085613578573166,-0.15057570867961542,44
2047Q2,69,-0.4667006095344214,0.11132113926960088,-0.6119632421886463,-0.09564684703294507,0.7341140254628634,0.0006848569334986693,0.0026108607007899734,0.010402614383805742,0.0026108607007899734,0.0011748873153554881,0.004699549261421953,0.002937006390945899,0.0013216528759256547,0.005286611503702619,0.1913331405365724,0.07489827715155176,0.6272741303494165,1.0970916673150013,0.0,1.0970916673150013,0.469817516649092,0.4698175369655848,0.6247818390598302,1.097527073918934,1.096705901817856,0.0,0.0003857654971453073,1.0,-4.787209531506997,0.5941993002747741,0.0,1.0,-0.10823633998431482,0.1389586238068808,44
2047Q3,70,0.15237946698716887,-0.11027969105247976,0.4114951644377697,0.2278533041076577,-0.1295671921943005,0.0013216528759256547,0.0020790162023618776,0.00829016688514339,0.0020790162023618776,0.000935557291062845,0.00374222916425138,0.002852364354355239,0.0012835639594598576,0.0051342558378394305,0.19927980247437532,0.06887747010765762,0.6520561000800724,1.1011758677173649,0.0,1.1011758677173649,0.44911974541780986,0.44911976763729244,0.6507825901071976,1.1031530912073304,1.100978264356954,0.0,0.00019760336041096949,1.0,-4.180939046306346,0.5336103406711747,0.0,1.0,-0.3584249365489802,-0.12520941955631218,44
2047Q4,71,-0.27809453454688454,-0.10055908962780413,-0.0071479066551176085,-0.19250830536682434,0.5860618693223643,0.0012835639594598576,0.0037230372824120965,0.014809189318060856,0.0037230372824120965,0.0016753667770854435,0.006701467108341774,0.004272412816680855,0.0019225857675063847,0.007690343070025539,0.17722736979585285,0.08414331736306596,0.5907864280693143,1.0878937441332248,0.0,1.0878937441332248,0.4971072991082845,0.49710731606391056,0.5880297108470649,1.0888332055208896,1.0874836158928523,0.0,0.0004101282403725648,1.0,-5.777816170732297,0.6926590313057234,0.0,1.0,0.2489652623216709,-0.9135515562237013,44
2048Q1,72,-0.40209267060543713,-0.7809244638644032,-0.7579020198129696,-0.5630849740634022,-0.02428404696664005,0.0019225857675063847,0.0023731453619952464,0.009458843963308539,0.0023731453619952464,0.0010679154128978609,0.0042716616515914435,0.002691567861040039,0.0012112055374680175,0.00484482214987207,0.19477993083359096,0.07237845318969327,0.6377971558573171,1.0994248877144719,0.0,1.0994248877144719,0.46162771589738333,0.4616277318571548,0.6354452555908386,1.0998754123522942,1.0990582548159669,0.0,0.000366632898505026,1.0,-4.523077928090808,0.5678965872716129,0.0,1.0,-0.20598150093529888,-0.5536752400580462,44
2048Q2,73,-0.6120317863209299,-0.12248709556136939,0.7355755989778089,-0.07022673239631225,0.3524249636394895,0.0012112055374680175,0.0038497186528503816,0.015310180605982882,0.0038497186528503816,0.0017323733937826718,0.006929493575130687,0.004051416144351866,0.0018231372649583396,0.0072925490598333585,0.17581165466169196,0.08500339738364872,0.5881434898059783,1.0880854431533251,0.0,1.0880854431533251,0.4999419478258353,0.4999419533473468,0.5847806039949509,1.0880077149377947,1.0875817883614713,0.0,0.0005036547918537693,1.0,-5.852884837510288,0.7002653464860705,0.0,1.0,0.27846156667432675,-0.3931910768857653,44
2048Q3,74,0.04439587151856214,-0.5325245701338873,0.1496563020096411,0.2761438164065184,-0.3216321065551145,0.0018231372649583396,0.0026069678030050014,0.010387164349819233,0.0026069678030050014,0.0011731355113522508,0.004692542045409003,0.0024219994453537467,0.001089899750409186,0.004359599001636744,0.19138826679867932,0.07485896404417446,0.6283425316344058,1.098713241630582,0.0,1.098713241630582,0.4703707098304553,0.47037070999617625,0.6249459094335023,1.0975636951392165,1.0981796288777201,0.0,0.0005336127528619006,1.0,-4.757785376962457,0.5914886379458365,0.0,1.0,-0.1151105545562792,1.1264008464160928,44
2048Q4,75,0.7982627551975184,0.20672983331667855,-0.728358998686262,0.5591270844199745,-0.5934886124192871,0.001089899750409186,0.0020982923331454165,0.008366789282608367,0.0020982923331454165,0.0009442315499154374,0.0037769261996617497,0.002557256155577832,0.0011507652700100243,0.004603061080040097,0.19897665311911716,0.06912166851719737,0.6515828068437143,1.10196772290323,0.0,1.10196772290323,0.4503849078615626,0.4503849160595158,0.6496921482897633,1.1029235010527527,1.1016718493081796,0.0,0.0002958735950504554,1.0,-4.190751031420839,0.5347243378720739,0.0,1.0,-0.3555669641627928,1.36332785336847,44
2049Q1,76,0.19872842612866318,0.22315066169122494,-0.617960999879754,-0.5199197142672709,0.09029787700237307,0.0011507652700100243,0.003353080066096994,0.01334501205907579,0.003353080066096994,0.0015088860297436473,0.006035544118974589,0.004290816774129488,0.0019308675483582698,0.007723470193433079,0.18157408843946587,0.0814405171206895,0.600343208141406,1.089265826782981,0.0,1.089265826782981,0.48892261320929836,0.48892261864157494,0.5984178837148194,1.091402952160141,1.088979547743868,0.0,0.0002862790391129355,1.0,-5.508447142388361,0.6657138466904778,0.0,1.0,0.1370756364752213,1.061164587773143,44
2049Q2,77,0.40819028141549785,0.2148713656976316,0.00272193288843936,0.2826768947229992,0.15717613477036396,0.0019308675483582698,0.004112303001506246,0.016348023677400625,0.004112303001506246,0.0018505363506778106,0.0074021454027112426,0.004419400769381011,0.001988730346221455,0.00795492138488582,0.17298932927841004,0.08669476643767257,0.5817894129272889,1.0861703987657958,0.0,1.0861703987657958,0.5043809726964196,0.5043809858385069,0.5784675034489692,1.0863715945091421,1.0856783817953075,0.0,0.0004920169704882849,1.0,-6.040236981851617,0.7188349678389403,0.0,1.0,0.3307432838886644,1.748361511731171,44
2049Q3,78,0.4943819813920608,-0.22903336230683102,0.3047497891212164,0.5838931586285406,0.577196778809905,0.001988730346221455,0.0026501576355821167,0.010558564931825165,0.0026501576355821167,0.0011925709360119526,0.0047702837440478105,0.003030179503687648,0.0013635807766594417,0.005454323106637767,0.19077908137169755,0.07529171945860424,0.6255657370235478,1.0965649496845349,0.0,1.0965649496845349,0.47099919974891963,0.4709992126609871,0.6231437595470025,1.0971605542868867,1.0961910830877606,0.0,0.0003738665967742971,1.0,-4.831165831292964,0.5985530023526369,0.0,1.0,-0.1017325257994559,1.8069525595989833,44
2049Q4,79,1.294129213251955,-0.07547169255709779,0.5171641578035435,-0.7018616434350137,0.07529045055646055,0.0013635807766594417,0.003963377420092947,0.0157595083028208,0.003963377420092947,0.0017835198390418262,0.007134079356167305,0.0037824538947747338,0.0017021042526486302,0.006808417010594521,0.17457174880240844,0.08574993759768329,0.5859877084436567,1.0884718133131166,0.0,1.0884718133131166,0.5024840943205299,0.5024841048694599,0.5819817920146552,1.087287732627077,1.0878670042269398,0.0,0.0006048090861767719,1.0,-5.91422522755968,0.7065204185033193,0.0,1.0,0.29288657854690414,2.16201367820271,44
2050Q1,80,0.018573139977139774,0.019817223939066597,0.3239541544454213,-0.029259795873094796,0.0842568786359259,0.0017021042526486302,0.0033986482402002115,0.013525444996774327,0.0033986482402002115,0.0015293917080900952,0.006117566832360381,0.004743848505141917,0.0021347318273138628,0.008538927309255451,0.18102108699889796,0.08179024549703888,0.5983546058836815,1.0877503075764612,0.0,1.0877503075764612,0.48939570109510255,0.4893957016927797,0.597058092607504,1.0910722870663918,1.0875601704276152,0.0,0.00019013714884597022,1.0,-5.565845050708413,0.6712497732435274,0.0,1.0,0.14571623211476722,1.8975144634239673,44
2050Q2,81,0.19139254169577244,0.11555293833816335,-0.2067364843718446,0.6323362280904308,-0.16993314460542386,0.0021347318273138628,0.0027876521032616326,0.011104068978590287,0.0027876521032616326,0.0012544434464677348,0.005017773785870939,0.0028702765043027,0.001291624426936215,0.00516649770774486,0.1888746574427367,0.07662155630544956,0.6206816758110465,1.0962576453979633,0.0,1.0962576453979633,0.4755759597091689,0.47557596958691684,0.6176589172393309,1.0959210975048412,1.0957888646459946,0.0,0.000468780751968767,1.0,-4.956234317507938,0.6111318073238576,0.0,1.0,-0.04560243246899064,1.0040753302637127,44
2050Q3,82,0.4899517428069238,-0.28416754244369746,0.25349288876255466,-0.43591887141999086,0.298451623616098,0.001291624426936215,0.002115387862083453,0.00843474009777423,0.002115387862083453,0.0009519245379375539,0.0038076981517502157,0.0021749946432154782,0.0009787475894469653,0.003914990357787861,0.19870878203033837,0.06933639118328845,0.6514015473302089,1.1030598830093605,0.0,1.1030598830093605,0.45165832503086756,0.4516583356791516,0.6487359542210872,1.102721768798709,1.102638152795328,0.0,0.0004217302140325785,1.0,-4.193301353168011,0.5351513877273542,0.0,1.0,-0.3448354231369318,1.1436011075059878,44
2050Q4,83,1.0915771124431457,-0.21581190579683907,0.166450719743106,0.6484990314397232,-0.14641262064849114,0.0009787475894469653,0.002283403433063239,0.009102377739672929,0.002283403433063239,0.0010275315448784576,0.00411012617951383,0.002498139718217158,0.0011241628731977211,0.0044966514927908844,0.19612470537918486,0.07135894310216323,0.6423304527292907,1.1006906755856953,0.0,1.1006906755856953,0.458360222290962,0.45836022285640465,0.6398471270063,1.1008273046971442,1.1003013934900312,0.0,0.0003892820956641341,1.0,-4.411552226268073,0.5568310597536096,0.0,1.0,-0.2599648207294751,1.5836705816632388,44
2051Q1,84,2.0096058486819235,-1.1177807295879694,0.3654756621312691,0.9006946668546296,-0.5360172130158146,0.0011241628731977211,0.0013598093583181647,0.005428152998500968,0.0013598093583181647,0.0006119142112431741,0.0024476568449726963,0.0011825916026245644,0.000532166221181054,0.002128664884724216,0.21147668150448884,0.05778054377516588,0.7066503009899295,1.1149566963625654,0.0,1.1149566963625654,0.4083063865008277,0.4083063953726359,0.7040115267449,1.1138874305657238,1.1145274249545858,0.0,0.0004292714079796589,1.0,-2.988592661846504,0.4151270999634693,0.0,1.0,-1.020854888703188,0.5766473840020887,44
2051Q2,85,1.0421237605909806,-0.5510319956101625,-0.28930320995549813,1.0158229114508297,0.44001979660919277,0.000532166221181054,0.0014775293792193107,0.005897031856049173,0.0014775293792193107,0.0006648882206486898,0.0026595528825947594,0.001148077720410661,0.0005166349741847975,0.00206653989673919,0.20935705074140795,0.05991585358545337,0.6962213096524793,1.1133682572382244,0.0,1.1133682572382244,0.41714694052210544,0.4171469475857451,0.6931681554095364,1.1117626444223159,1.1128711009880448,0.0,0.0004971562501796534,1.0,-3.2004152057056654,0.4363248855963817,0.0,1.0,-0.8588402653528425,1.5560485947823672,44
2051Q3,86,0.95878599891845,-0.926015496308765,-0.3266790627979178,0.5271836439964113,-0.28404196794971004,0.0005166349741847975,0.0013436171112203086,0.005363646302537939,0.0013436171112203086,0.0006046277000491389,0.0024185108001965557,0.0013994067839515445,0.0006297330527781951,0.0025189322111127802,0.21177220074662706,0.05747453358085989,0.7076927040779618,1.1144357994154188,0.0,1.1144357994154188,0.40674308085458355,0.406743095337457,0.705591091715526,1.1141948702991444,1.1140959630862173,0.0,0.00033983632920153717,1.0,-2.9687239938915893,0.41304266633638076,0.0,1.0,-1.0447209249231275,-0.020126042443648025,44
2051Q4,87,1.5041083082518023,-0.7427641629685873,0.03700155666317878,0.17109814485088037,0.8428235633469475,0.0006297330527781951,0.0012744505877206724,0.005088065282415899,0.0012744505877206724,0.0005735027644743026,0.0022940110578972103,0.0011167221513444523,0.0005025249681050036,0.0020100998724200143,0.21304548677252347,0.056131363938802435,0.7151342203286816,1.1165488210026038,0.0,1.1165488210026038,0.4014145918636095,0.4014146006739222,0.712602457207827,1.115553621662107,1.1161362075401158,0.0,0.00041261346248799846,1.0,-2.820414140371793,0.39833888906907433,0.0,1.0,-1.1766636874490357,-0.08096403069186911,44
2052Q1,88,0.5454597484934051,-0.29176478988527965,-0.26595237623700607,1.2851264804824574,0.9027987197543842,0.0005025249681050036,0.0014864806334359036,0.005932677919076923,0.0014864806334359036,0.0006689162850461567,0.0026756651401846267,0.0017163623540297236,0.0007723630593133757,0.0030894522372535028,0.2091979312299978,0.060072100810482865,0.6942300645762873,1.1112686742833817,0.0,1.1112686742833817,0.41703858424894763,0.4170386097070944,0.6923867366762371,1.11160850860147,1.1109732323799353,0.0,0.00029544190344643617,1.0,-3.244170017572757,0.44044463869796235,0.0,1.0,-0.8429931534825293,0.6744758591187102,44
2052Q2,89,0.3545685863334245,-0.8301825628685195,-1.022516382401496,-0.2833079183884822,0.6530768012391305,0.0007723630593133757,0.0017827209967054714,0.007111838074429944,0.0017827209967054714,0.0008022244485174621,0.0032088977940698486,0.0018272728025749872,0.0008222727611587442,0.0032890910446349768,0.2040910246610346,0.06481832175613009,0.6718597129302987,1.107347912359665,0.0,1.107347912359665,0.43548819047697296,0.43548819942936634,0.6693901397397394,1.107001664901111,1.106953330691314,0.0,0.00039458166835104613,1.0,-3.724282179340472,0.4884059451728884,0.0,1.0,-0.5572266189561114,0.43571799150511786,44
2052Q3,90,-1.4479666321336468,0.13767241528231225,0.4247911226003776,0.37864084559854333,-0.1228161260543208,0.0008222727611587442,0.0034307703999434734,0.013652621871230286,0.0034307703999434734,0.001543846679974563,0.006175386719898252,0.002915791503414556,0.0013121061765365503,0.005248424706146201,0.18063429452265667,0.08203376695450773,0.6004351720514651,1.092994761926061,0.0,1.092994761926061,0.4925595897535964,0.4925595898745958,0.5961140395469282,1.0908417434420077,1.0923255095117872,0.0,0.0006692524142737355,1.0,-5.499708374869792,0.6654587313104428,0.0,1.0,0.16574108466402457,-0.13515653010233708,44
2052Q4,91,0.053830084693759495,0.19089776454884322,0.6007519756012918,0.33503078028275557,0.37208150361300024,0.0013121061765365503,0.003452880852839986,0.013740153618429174,0.003452880852839986,0.0015537963837779936,0.0062151855351119745,0.004580513461063474,0.0020612310574785633,0.008244924229914253,0.18036950309972946,0.08219997138606341,0.5971532382607639,1.0880130360200384,0.0,1.0880130360200384,0.49085979098129906,0.49085979775927446,0.5954710236157569,1.0906842519663775,1.0877650982903937,0.0,0.0002479377296447094,1.0,-5.598732554928983,0.6746120244354197,0.0,1.0,0.16972064429533307,0.28508114891269776,44
2053Q1,92,-0.30523155140077207,-0.3654113044613556,0.9416237717930053,0.5968747553903547,-0.08929814810105526,0.0020612310574785633,0.0029229611602038163,0.011640682247792022,0.0029229611602038163,0.0013153325220917173,0.005261330088366869,0.00316958491637698,0.001426313212369641,0.005705252849478564,0.1870512753477009,0.07786413477763161,0.6154207756472224,1.0946128624740092,0.0,1.0946128624740092,0.4791920621994991,0.4791920868267868,0.6126045165420487,1.0947611976706046,1.0941798996200518,0.0,0.0004329628539574415,1.0,-5.095307931123822,0.6249044799000125,0.0,1.0,0.007226337445328038,0.06039480111659078,44
2053Q2,93,0.11631975168126873,0.3318967666522379,-0.5009063364529016,-0.9088933759680731,-0.07432232392953261,0.001426313212369641,0.0036604961015769973,0.014561785027852547,0.0036604961015769973,0.0016472232457096488,0.006588892982838595,0.0040020112095541785,0.0018009050442993804,0.007203620177197521,0.17793968127573018,0.0837071548101725,0.5927399013366629,1.0889056206418122,0.0,1.0889056206418122,0.49616570683354416,0.4961657193051493,0.589687638455832,1.0892502862911388,1.0884478088340188,0.0,0.0004578118077933624,1.0,-5.7208150358901815,0.6870805985447188,0.0,1.0,0.23067635814292878,-0.5512103094612122,44
2053Q3,94,-0.2260018172844005,0.27950809075684474,-0.005357384118054892,-0.5767862336703644,0.10338395968372428,0.0018009050442993804,0.003450430910146966,0.013730454974107964,0.003450430910146966,0.0015526939095661348,0.006210775638264539,0.005646877665828446,0.002541094949622801,0.010164379798491203,0.18039878531602127,0.08218161147457521,0.5955120753183927,1.0849135013831803,0.0,1.0849135013831803,0.48940142002234116,0.48940142606478765,0.5955420083146181,1.0907016552512558,1.0844151869513992,5.0258254929158586e-05,0.0004983144317811661,1.0,-5.64968159191603,0.6792270642419802,0.0,1.0,0.17331543703930968,-0.5144818403512719,44
2053Q4,95,-1.256245574308144,1.3785919155683088,-0.07274583535749912,0.022502302939902852,-0.46120172502974577,0.002541094949622801,0.007161240329746532,0.028338727520591633,0.007161240329746532,0.0032225581483859398,0.012890232593543759,0.005984963607153726,0.002693233623219177,0.010772934492876708,0.14909468079014337,0.10114280248976198,0.5346563222879116,1.075422718303844,0.0,1.075422718303844,0.5407663880506877,0.5407663960159325,0.5282835776210867,1.0716140162183552,1.0745237301019062,0.0,0.0008989882019379003,1.0,-7.562535947530309,0.8703603611298116,0.0,1.0,0.9211482188741547,0.16143394952670642,44
2054Q1,96,-0.5041643338877272,-0.14650138715599392,0.9409525598883762,-0.19123103697340926,-0.4574877062149715,0.002693233623219177,0.005743818310380729,0.02277808144794169,0.005743818310380729,0.002584718239671328,0.010338872958685312,0.0036213351571359933,0.001629600820711197,0.006518403282844788,0.1584203654929101,0.0952619026144497,0.55527328028009,1.0842371731544207,0.0,1.0842371731544207,0.5289638915044796,0.5289638928743307,0.547933756906573,1.0777786815289654,1.083123738160801,0.0,0.0011134349936197108,1.0,-6.857446351723202,0.8009150343516089,0.0,1.0,0.6706441680003549,0.6288456315986323,44
2054Q2,97,-0.2196600118318624,0.28282067317552373,0.46071979189207635,-0.24768879249728434,0.7030891835552939,0.001629600820711197,0.004023364872654821,0.01599659495150496,0.004023364872654821,0.0018105141926946697,0.007242056770778679,0.0021330997131407824,0.000959894870913352,0.003839579483653408,0.17392865639704114,0.08613491536293559,0.5872169551059692,1.093015783024607,0.0,1.093015783024607,0.505798827277334,0.5057988279186378,0.5805461360180957,1.0869151260117877,1.0919591182681168,0.0,0.0010566647564902443,1.0,-5.871079972094028,0.7029481023384895,0.0,1.0,0.3148510216839209,0.7660780866801061,44
2054Q3,98,0.21406268147940033,0.5688670203880977,-0.011339831066347492,0.1269546603733788,-0.20570336716474777,0.000959894870913352,0.0023777327551304417,0.00947706308135321,0.0023777327551304417,0.0010699797398086989,0.0042799189592347955,0.0017076367401638879,0.0007684365330737496,0.0030737461322949983,0.19471184063252342,0.07242950510408966,0.639394599624055,1.1025049510428293,0.0,1.1025049510428293,0.46311034416997854,0.4631103514187743,0.635226183369521,1.0998277853234923,1.101836688745418,0.0,0.0006682622974112373,1.0,-4.4794785290470776,0.5639794163716341,0.0,1.0,-0.2126623452737814,1.0724479445956014,44
2054Q4,99,0.10434269268989356,-0.2402031686894052,0.0374732236372623,0.1591335543221884,0.7280043778250574,0.0007684365330737496,0.002327721906497362,0.009278428310070086,0.002327721906497362,0.001047474857923813,0.004189899431695252,0.00214296780912471,0.0009643355141061195,0.003857342056424478,0.19545755609711565,0.07186742915353449,0.6408951355623155,1.101490003374063,0.0,1.101490003374063,0.4605948574986959,0.46059486781174763,0.6376452052714368,1.1003523452516877,1.100975355317174,0.0,0.0005146480568891665,1.0,-4.444819821905122,0.560317646676406,0.0,1.0,-0.22986557543423716,-0.048219498643593386,44
2055Q1,100,0.20431302285438266,-0.3291075744826054,-0.29838007198673455,-0.16308689970043871,0.5028056497369934,0.0009643355141061195,0.0027517425250454712,0.010961620867035005,0.0027517425250454712,0.001238284136270462,0.004953136545081848,0.002498870987806014,0.0011244919445127064,0.0044979677780508254,0.1893669618015691,0.07628103264238288,0.6226435772913433,1.0976025441152788,0.0,1.0976025441152788,0.4749589504393101,0.47495896682393546,0.6190558518125476,1.0962386134199005,1.0970401499188414,0.0,0.0005623941964374435,1.0,-4.903797378134685,0.6060552458689559,0.0,1.0,-0.05630646238178493,0.5423310956275109,44
2055Q2,101,0.048908891817132476,0.580456092703934,0.3021371162571326,0.036088935405051537,-1.1839428774101834,0.0011244919445127064,0.0032176553396429733,0.012808634669552621,0.0032176553396429733,0.001447944902839338,0.005791779611357352,0.003295682370768935,0.0014830570668460208,0.005932228267384083,0.18324777880632415,0.08037023468382773,0.6058649234637404,1.0927999845789382,0.0,1.0927999845789382,0.4869350608548015,0.4869350611151978,0.6026090620535385,1.092412017591673,1.092301286144755,0.0,0.0004986984341832645,1.0,-5.352159745735836,0.6505329175067376,0.0,1.0,0.09960153485699565,0.5467679552433424,44
2055Q3,102,0.3269247128799108,-0.026934588270099674,1.0251724115135663,-0.19585945402104254,-0.23033529082263104,0.0014830570668460208,0.0021895497766692223,0.008729476302275496,0.0021895497766692223,0.00098529739950115,0.0039411895980046,0.0027050642153685104,0.0012172788969158298,0.004869115587663319,0.19755737055068168,0.07024831353024949,0.6465562070727229,1.1007510505228217,0.0,1.1007510505228217,0.4541948314937355,0.45419484345009886,0.6447020196047341,1.1018664140644974,1.1004621176609568,0.0,0.0002889328618649323,1.0,-4.310732031685692,0.5466559242716533,0.0,1.0,-0.30397591139010444,0.96537927558069,44
2055Q4,103,1.004030754218113,-0.2896450261815068,-0.7758778912481339,0.3379293860689161,0.6337095847116733,0.0012172788969158298,0.0013948121776846956,0.005567586555321635,0.0013948121776846956,0.000627665479958113,0.002510661919832452,0.0020966056599331187,0.0009434725469699034,0.0037738901878796136,0.21084115347353188,0.058431583386087026,0.7013849569292168,1.1112152982469046,0.0,1.1112152982469046,0.40983033596556584,0.4098303413176878,0.7006725948175566,1.1132358657349153,1.1111023423531041,0.0,0.00011295589380044824,1.0,-3.0989403187753917,0.42575055933056927,0.0,1.0,-0.9649520785987344,0.375008776026348,44
2056Q1,104,0.09621670431499509,-0.2062573263475695,-0.4491994735871686,-0.19236040909269936,-0.1222164441933582,0.0009434725469699034,0.0022821295204891404,0.009097316906315545,0.0022821295204891404,0.0010269582842201133,0.004107833136880453,0.0018939316832187341,0.0008522692574484304,0.0034090770297937217,0.19614397053894136,0.07134417909566108,0.6435153353160239,1.1026260929632274,0.0,1.1026260929632274,0.459110733335908,0.45911075764720355,0.6399112505539297,1.1008411018482989,1.1020513232296352,0.0,0.000574769733592273,1.0,-4.380167527885437,0.5539644835310953,0.0,1.0,-0.24876418036965492,-0.6031554806780463,44
2056Q2,105,0.5284347713047185,-0.5109160291751353,-0.35457084097332126,-0.7587865816505025,0.7840103783394053,0.0008522692574484304,0.0015259861083971335,0.006089986840398076,0.0015259861083971335,0.0006866937487787101,0.0027467749951148404,0.0014500275342297882,0.0006525123904034048,0.002610049561613619,0.2084991016187807,0.06075192692649776,0.6915416863180348,1.1116666081134001,0.0,1.1116666081134001,0.42012489993820284,0.4201249217953653,0.6890054759857702,1.1109398767446745,1.1112570738642442,0.0,0.0004095342491559073,1.0,-3.298969055594151,0.4460443931690117,0.0,1.0,-0.7872350545856699,-1.0394812843975663,44
2056Q3,106,0.36394319823525223,-0.3855313018733142,0.07066781881954809,-0.22583291139561565,0.4772261861150128,0.0006525123904034048,0.0017189883319497922,0.006858244111653589,0.0017189883319497922,0.0007735447493774065,0.003094178997509626,0.0022584645294357253,0.0010163090382460764,0.004065236152984306,0.2051640619882172,0.06386165850049053,0.6753198979870794,1.1065904057015126,0.0,1.1065904057015126,0.4312704870383696,0.4312705077144332,0.6739136257823016,1.1079195723533455,1.1063684440426294,0.0,0.0002219616588832185,1.0,-3.649959844256122,0.4807796753873661,0.0,1.0,-0.6015989721208522,-0.8169622141747935,44
2056Q4,107,-0.1586765562507943,-0.86644989848836,-0.14403160272797888,0.6471401142999956,-0.7348101333353683,0.0010163090382460764,0.002330250397606767,0.009288471773110762,0.002330250397606767,0.0010486126789230452,0.004194450715692181,0.003164317388072425,0.0014239428246325913,0.005695771298530365,0.19541967285109624,0.07189614185395535,0.6388956330145592,1.0982369578232443,0.0,1.0982369578232443,0.45934131061087347,0.45934132480868506,0.6375212570917285,1.1003255381192658,1.0980256329955451,0.0,0.00021132482769914418,1.0,-4.49824789610512,0.5652008467858793,0.0,1.0,-0.22587313790302063,-0.5660793374043103,44
2057Q1,108,0.08909962596513882,0.010745779076139661,-0.3895546622375955,0.5885454269898851,1.192524284854294,0.0014239428246325913,0.0018137963767985393,0.007235470221117146,0.0018137963767985393,0.0008162083695593427,0.0032648334782373707,0.0017761646720588628,0.0007992741024264883,0.003197096409705953,0.20357281031521432,0.06527321721064551,0.6699157890954627,1.1071913891577316,0.0,1.1071913891577316,0.43727558814469125,0.43727560006226895,0.6672582162291076,1.106566834173708,1.1067661582078578,0.0,0.0004252309498737894,1.0,-3.7672418723314642,0.49272491313072,0.0,1.0,-0.5323728151806969,0.19448856082163835,44
2057Q2,109,0.5738096102089542,-0.8628106336107487,-0.7435049428345557,0.2514004329980002,0.9361500927843767,0.0007992741024264883,0.0016529318055001731,0.006595352177666491,0.0016529318055001731,0.0007438193124750779,0.0029752772499003115,0.00197558441530176,0.000889012986885792,0.003556051947543168,0.20629089892027339,0.0628347799365982,0.6806249488219624,1.1082941472150776,0.0,1.1082941472150776,0.4276691887858642,0.4276691983931151,0.6788305615278819,1.1089104200165638,1.1080086424857516,0.0,0.0002855047293259805,1.0,-3.5332694222172574,0.46923792923484,0.0,1.0,-0.6671462663670783,0.5949378384008087,44
2057Q3,110,-0.0010543181347613118,-0.22164983399119845,-0.5340088295280451,0.22855065432126076,-0.25156260714644346,0.000889012986885792,0.00248639792862816,0.009908560113721432,0.00248639792862816,0.001118879067882672,0.004475516271530688,0.0029384755148383402,0.001322313981677253,0.005289255926709012,0.19311720759687118,0.07361006707925767,0.6323815361161887,1.09787802859791,0.0,1.09787802859791,0.4654964729319666,0.4654964924817212,0.630195544483568,1.0987271644670733,1.0975396876766261,0.0,0.00033834092128381954,1.0,-4.6584612459102654,0.5813238106093493,0.0,1.0,-0.16309973666289887,0.7909184111394073,44
2057Q4,111,0.2530554825942827,0.18936076051812134,0.2920455960473308,-0.11313392273671163,-0.6329765599034074,0.001322313981677253,0.0038903489262555593,0.015470822106192772,0.0038903489262555593,0.0017506570168150017,0.007002628067260007,0.0034384504033082696,0.0015473026814887213,0.006189210725954885,0.17536516677747732,0.08527290809896076,0.5881653586377085,1.089711081885346,0.0,1.089711081885346,0.5015457057410562,0.5015457232476375,0.583767925899683,1.087748174671777,1.0890403547800298,0.0,0.0006707271053161268,1.0,-5.849494104859835,0.7002021078044948,0.0,1.0,0.2874671290197023,-0.18308710178278398,44
2058Q1,112,0.04111125025440676,0.38789594680914574,-0.22878033606880407,-0.12082887066381223,-0.4431596324570677,0.0015473026814887213,0.003411245004466519,0.013575319108644734,0.003411245004466519,0.0015350602520099335,0.006140241008039734,0.0034368920902338785,0.0015466014406052453,0.006186405762420981,0.1808691079471894,0.08188603607997368,0.6001225294006086,1.0915390812541959,0.0,1.0915390812541959,0.49141655094903297,0.49141655185358724,0.59668647602642,1.09098163099761,1.0910149663383173,0.0,0.0005241149158785596,1.0,-5.510729766463944,0.6663263752057892,0.0,1.0,0.15946954742297811,0.0015059081010094144,44
2058Q2,113,-0.34180635272872795,0.12159617777330517,-0.06302943237760607,0.33164263134705163,-0.06440792550247937,0.0015466014406052453,0.002394670683871932,0.00954433094495355,0.002394670683871932,0.0010776018077423694,0.0043104072309694775,0.003440574638369297,0.0015482585872661837,0.006193034349064735,0.19446097744952184,0.07261713199460802,0.6354637418057583,1.0969192866718966,0.0,1.0969192866718966,0.4614555441649626,0.4614555448661384,0.6344221497772897,1.099652772493534,1.096760425749139,0.0,0.00015886092275763097,1.0,-4.584021644060082,0.573653905818742,0.0,1.0,-0.20396879607445403,0.8895841273410412,44
2058Q3,114,0.22856144649857832,-0.2182895882913629,0.8158322101777186,0.34222040924100644,-0.17579669582874266,0.0015482585872661837,0.0036930015524824166,0.014690377925596021,0.0036930015524824166,0.0016618506986170874,0.00664740279446835,0.004426299506607952,0.0019918347779735784,0.007967339111894314,0.17756834476047828,0.08393483073797108,0.5912728166719282,1.0875566556057086,0.0,1.0875566556057086,0.496283837873217,0.49628383893378036,0.5888213364496557,1.0890326961573091,1.0871936363640091,0.0,0.0003630192416994582,1.0,-5.764584899374202,0.6912666551594466,0.0,1.0,0.23091525681497002,0.9994762875637561,44
2058Q4,115,-0.3559459860070277,0.3970318536864188,-0.16078623696804872,0.24598011197808323,-0.08354461501539467,0.0019918347779735784,0.004578183730679185,0.018187359716417606,0.004578183730679185,0.0020601826788056335,0.008240730715222534,0.004595510109788854,0.0020679795494049844,0.008271918197619937,0.1683334446552154,0.0894372656899251,0.5723926579584484,1.084325003428143,0.0,1.084325003428143,0.5119323422879217,0.5119323454696947,0.5684377640783728,1.0836784608110697,1.083742367652931,0.0,0.0005826357752121147,1.0,-6.3232043194270595,0.747052452393301,0.0,1.0,0.4408158957624991,0.6923611712075991,44
2059Q1,116,0.13720690528618712,-0.08322501316410853,-0.2099020186391877,0.5606796729529868,-0.5529768450959989,0.0020679795494049844,0.0032251626301039856,0.012838374556638388,0.0032251626301039856,0.0014513231835467937,0.005805292734187175,0.003565843954526009,0.001604629779536704,0.006418519118146816,0.18315379960690423,0.08043082203982208,0.6051969933481116,1.0919619237023581,0.0,1.0919619237023581,0.48676491671017347,0.4867649303542465,0.6023705908529913,1.092355003525087,1.0915324413793042,0.0,0.0004294823230539535,1.0,-5.371591479731246,0.6523545181935879,0.0,1.0,0.10403890520127042,0.144842474793234,44
2059Q2,117,-0.25025925976327634,-0.2336278090533827,0.06513479740460233,-0.06904087701322106,1.1140615121475812,0.001604629779536704,0.0030425228700764885,0.012114662379997698,0.0030425228700764885,0.00136913529153442,0.00547654116613768,0.0031701911556930424,0.0014265860200618691,0.0057063440802474765,0.1854809082976634,0.07891213840707277,0.6114759618149254,1.0940047309976169,0.0,1.0940047309976169,0.48252875731337336,0.4825287691826915,0.6083929511177042,1.0937807549006797,1.0935307670000873,0.0,0.0004739639975295251,1.0,-5.200138302914084,0.6353872442713465,0.0,1.0,0.04589887792680428,0.288083036844504,44
2059Q3,118,0.09717184992147145,-0.3945432902919887,0.055573500003772036,-0.08962477950343216,1.0028613958484924,0.0014265860200618691,0.002996359936324493,0.011931678234832321,0.002996359936324493,0.0013483619713460218,0.005393447885384087,0.0033481924035148702,0.0015066865815816916,0.006026746326326766,0.18608275571423366,0.07851280452560633,0.6126719173033223,1.0936978365398298,0.0,1.0936978365398298,0.4810259048156419,0.4810259192365075,0.6099922845000574,1.094154627190385,1.0932880318967637,0.0,0.00040980464306605846,1.0,-5.169015976534619,0.6321949110718802,0.0,1.0,0.029975578399685957,0.42878469417357984,44
2059Q4,119,0.39078640389798736,-0.5735708630500554,-0.5617962206807877,0.3894562183943852,0.05581317709052919,0.0015066865815816916,0.0020623987947360413,0.00822410931768136,0.0020623987947360413,0.0009280794576312186,0.0037123178305248743,0.0024617128512347238,0.0011077707830556257,0.004431083132222503,0.19954208692777753,0.06866515255981857,0.6537104464920072,1.1025817416786363,0.0,1.1025817416786363,0.44887127538320787,0.44887129518662916,0.6517332625446424,1.103352856141266,1.1022714774415752,0.0,0.000310264237061153,1.0,-4.140370042117976,0.529729233428742,0.0,1.0,-0.3679117680381231,-0.13889835569019623,44
2060Q1,120,-0.26947695096572355,-0.2696542924152243,-0.904060066058591,-0.4494611155518733,-0.3357261299204684,0.0011077707830556257,0.002263109524779206,0.009021754448111596,0.002263109524779206,0.0010183992861506426,0.00407359714460257,0.0013027844799176755,0.000586253015962954,0.002345012063851816,0.19643219595117542,0.07112274822578234,0.6455402701834866,1.1046662660876196,0.0,1.1046662660876196,0.4591259810586362,0.45912599590413306,0.6408743467305709,1.101048079892302,1.103909745064495,0.0,0.0007565210231246233,1.0,-4.3287626543341595,0.549090012417453,0.0,1.0,-0.2643712442542478,0.5553205098067058,44
2060Q2,121,0.9991929268407881,-0.09514941575803659,-0.45809660684839715,0.9360042611102144,-0.1612794118759775,0.000586253015962954,0.001572857743701416,0.006276603244048662,0.001572857743701416,0.0007077859846656372,0.0028311439386625487,0.0021573625198630492,0.0009708131339383722,0.0038832525357534887,0.20767717301264527,0.06153852351763572,0.6862978151700478,1.1086353636209652,0.0,1.1086353636209652,0.42233754238944,0.4223375484509173,0.6851305427372851,1.1101701707186553,1.1084505938863471,0.0,0.0001847697346180066,1.0,-3.412641796496792,0.45709336651574084,0.0,1.0,-0.7457347936953804,0.6667456162464438,44
2060Q3,122,0.14089541975697095,-0.5191363621946015,-0.8213302693317301,0.5567542424113787,0.46033841875797143,0.0009708131339383722,0.00194765036124831,0.0077678709314409344,0.00194765036124831,0.0008764426625617395,0.003505770650246958,0.001781047640568408,0.0008014714382557837,0.0032058857530231346,0.2013774490729161,0.06715159745716416,0.6615810051545059,1.105843226068718,0.0,1.105843226068718,0.4442622134344143,0.4442622209142122,0.658581322674696,1.1047813540783842,1.1053633210104241,0.0,0.00047990505829398344,1.0,-3.955321603924552,0.5115306889541994,0.0,1.0,-0.44141378845233586,0.4914042516146899,44
2060Q4,123,-0.14266767373430211,-0.5271950215928684,0.09680332286777232,0.764205116417705,0.3750456070003268,0.0008014714382557837,0.0020759431539973186,0.00827795114298524,0.0020759431539973186,0.0009341744192987933,0.0037366976771951734,0.002115862659712271,0.000952138196870522,0.003808552787482088,0.19932824034675223,0.06883833277341442,0.6536354783454796,1.103587247304416,0.0,1.103587247304416,0.44995176570856044,0.4499517689589363,0.6509576510077411,1.103189904125087,1.1031628689286046,0.0,0.00042437837581132953,1.0,-4.140568478997201,0.5299047097028495,0.0,1.0,-0.3616231077240099,0.14061163578120986,44
2061Q1,124,0.11448477061125192,-0.8829731646570451,0.4684791452968008,-0.5192838373378956,-0.020608113955211088,0.000952138196870522,0.0021404793042603554,0.008534466513860028,0.0021404793042603554,0.00096321568691716,0.00385286274766864,0.0023719603891929858,0.0010673821751368436,0.004269528700547374,0.19831729165247608,0.0696484441893556,0.6497057515422582,1.1022157228762985,0.0,1.1022157228762985,0.45250994775794307,0.45250997133404036,0.6473506670438317,1.1024288265088067,1.1018452064327084,0.0,0.0003705164435900965,1.0,-4.234256458200615,0.5391582636449246,0.0,1.0,-0.3243167639089671,-0.10407367645416639,44
2061Q2,125,0.8388135605612328,-0.6407384156139466,-1.167546580034121,-0.40295704973729674,0.004185794079276772,0.0010673821751368436,0.001558752101302826,0.00622044529987853,0.001558752101302826,0.0007014384455862717,0.002805753782345087,0.0014034661036499277,0.0006315597466424675,0.00252623898656987,0.20792370746171387,0.06130403152191914,0.6890108695258057,1.111402310778419,0.0,1.111402310778419,0.4223914406435491,0.4223914412526133,0.6862815424037629,1.110399197100707,1.110961021153373,0.0,0.0004412896250460818,1.0,-3.3518747243225864,0.45135591268561615,0.0,1.0,-0.7615343925457649,0.8385474987743616,44
2061Q3,126,-0.1955558839883601,0.19932939101853042,-0.5957965002872216,0.23709310651603047,-0.1264828146732755,0.0006315597466424675,0.0017425581585700227,0.006952034736617541,0.0017425581585700227,0.0007841511713565102,0.003136604685426041,0.0013893786816999755,0.000625220406764989,0.002500881627059956,0.20476561744756797,0.06421925023725533,0.6754727004574111,1.109256220511459,0.0,1.109256220511459,0.43378350379109104,0.43378352005404774,0.6722163978062662,1.1075759039528024,1.1087295207347474,0.0,0.0005266997767114923,1.0,-3.6426992684696815,0.4804447064402032,0.0,1.0,-0.588390085097998,0.32307818303142205,44
2061Q4,127,0.8247729248874365,-0.4972289301819287,0.18906893443880965,0.2304329311378903,0.5017009640639212,0.000625220406764989,0.002631833636314246,0.010485848125635577,0.002631833636314246,0.0011843251363414108,0.004737300545365643,0.002480356067333327,0.0011161602302999971,0.0044646409211999884,0.19103689120249806,0.07510902534631339,0.6272534590708524,1.0983774274705733,0.0,1.0983774274705733,0.47112395955915404,0.4711239683997209,0.6239035145237486,1.097330751778147,1.0978520275354318,0.0,0.0005253999351415573,1.0,-4.785680159964338,0.5942518557661338,0.0,1.0,-0.09971192266163646,0.09874640133810943,44
2062Q1,128,0.1044674149271656,-0.15397437482508036,-0.5046735658406973,-0.6306842537659301,0.818138686588054,0.0011161602302999971,0.003340967009144654,0.013297044716954143,0.003340967009144654,0.0015034351541150944,0.006013740616460378,0.0039408296669839965,0.0017733733501427984,0.007093493400571194,0.18172194294157965,0.0813466925865311,0.6012503543848281,1.0903476459843515,0.0,1.0903476459843515,0.4890972774568549,0.4890972915995234,0.5987834979916217,1.0914915797842881,1.0899769606841563,0.0,0.00037068530019523926,1.0,-5.481740327168819,0.6632006593667391,0.0,1.0,0.1444743015848576,-0.9761539572471328,44
2062Q2,129,-0.29051091464147927,-0.781903589459324,-0.14282453893344552,0.0003041621427146597,-0.30338468570418387,0.0017733733501427984,0.0028378073979643155,0.011303002035200516,0.0028378073979643155,0.001277013329083942,0.005108053316335768,0.002867443189264593,0.001290349435169067,0.005161397740676268,0.1881929809561912,0.07708947240587519,0.6188891577422776,1.0959875457494526,0.0,1.0959875457494526,0.4770983864806865,0.47709838800717497,0.6157477137690385,1.0954845792503176,1.0955003187665133,0.0,0.0004872269829392373,1.0,-5.002885678456115,0.6157982184104425,0.0,1.0,-0.02219308480584473,0.007486461709521616,44
2062Q3,130,-0.18538532316037626,0.2132047459259498,0.4753348267516308,1.168298203798173,-0.9022441664681269,0.001290349435169067,0.004806226135390766,0.019086749241610357,0.004806226135390766,0.0021628017609258447,0.008651207043703379,0.005646563665595736,0.002540953649518081,0.010163814598072324,0.1662080618000607,0.09067892785798909,0.5668295292328036,1.0808244853015239,0.0,1.0808244853015239,0.5139949398907931,0.5139949560687203,0.56397774382483,1.0824414705091652,1.0804178478983846,0.0,0.0004066374031392872,1.0,-6.499397687245898,0.7641988150750717,0.0,1.0,0.4856763510794063,1.2666538866950228,44
2062Q4,131,0.2546870426469854,0.6553840067162015,1.768094506091497,-0.07307190496839672,-1.0252224710236144,0.002540953649518081,0.007431212769787461,0.029395151983368506,0.007431212769787461,0.0033440457464043575,0.01337618298561743,0.00818244049729604,0.003682098223783218,0.014728392895132872,0.14759774712852944,0.10217095469689139,0.5289520497119953,1.069387410324505,0.0,1.069387410324505,0.5404353590795211,0.5404353606125096,0.5249561062625435,1.070524381947805,1.0688632263877726,0.0,0.0005241839367322587,1.0,-7.774126274305292,0.890530529206746,0.0,1.0,0.9563192033646395,2.163297508413987,44
2063Q1,132,-0.683112193447629,0.8142457854774361,0.752484450906634,-0.4219603287751199,-1.0530696055888327,0.003682098223783218,0.0060304398510870475,0.02390443806990461,0.0060304398510870475,0.0027136979329891713,0.010854791731956685,0.005662828580670914,0.0025482728613019116,0.010193091445207646,0.15631641486826625,0.0965325504010692,0.5486040505160348,1.0781855523513908,0.0,1.0781855523513908,0.5295814815666985,0.529581501835356,0.5435993337013955,1.0764608597846528,1.0774722937669037,0.0,0.0007132585844871198,1.0,-7.08556505485013,0.8228082326237112,0.0,1.0,0.7219633884353299,0.7467319211692939,44
2063Q2,133,0.04167629281245097,0.17120605572010225,0.5399423303878739,-0.360085163284141,0.04763077658803726,0.0025482728613019116,0.002754883109031169,0.010974079724288877,0.002754883109031169,0.001239697399064026,0.004958789596256104,0.002276638061456642,0.001024487127655489,0.004097948510621956,0.18932376360420938,0.0763110011979522,0.6229152139865758,1.0982680697662446,0.0,1.0982680697662446,0.47535283640752235,0.4753528557796688,0.6189327029484645,1.0962106743611706,1.097639808224785,0.0,0.0006282615414596737,1.0,-4.895793703837324,0.6053548832560769,0.0,1.0,-0.055829135687185456,0.6696521216050763,44
2063Q3,134,0.9771743095440836,-0.10603205427233754,0.7913466828999777,0.5693436603722374,-0.30263638933047565,0.001024487127655489,0.0026625277271246266,0.010607652034067772,0.0026625277271246266,0.001198137477206082,0.004792549908824328,0.0034169425001607627,0.0015376241250723433,0.006150496500289373,0.19060557737880396,0.07541430378534181,0.6244070901702009,1.0952993570914744,0.0,1.0952993570914744,0.47089225983816846,0.4708922669212735,0.6226348322426174,1.0970463484035717,1.0950288684250935,0.0,0.00027048866638090807,1.0,-4.862569032292139,0.6015192791041416,0.0,1.0,-0.09552071517169884,1.5468995860980748,44
2063Q4,135,0.8990185234335403,-0.1756133009288646,0.40104815916815284,0.12355455156469586,-0.3056335534030129,0.0015376241250723433,0.0025889102098953414,0.010315495466437063,0.0025889102098953414,0.0011650095944529036,0.0046600383778116145,0.002667572489981435,0.0012004076204916458,0.004801630481966583,0.1916445415660053,0.07467579960992549,0.6286295098133259,1.0980636411081803,0.0,1.0980636411081803,0.4694341130370561,0.46943413129485445,0.6257112671408901,1.0977343159244592,1.0976084071466354,0.0,0.0004552339615448986,1.0,-4.751624799246631,0.5907620723041714,0.0,1.0,-0.12853164089726843,2.2720160148280137,44
2064Q1,136,0.4068165500418256,-0.37584223792761523,-0.08197382974176412,1.2764232270160818,0.11898277540660876,0.0012004076204916458,0.0017506892706683989,0.006984389058585783,0.0017506892706683989,0.0007878101718007796,0.0031512406872031182,0.002391041695863375,0.0010759687631385188,0.004303875052554075,0.2046286015998834,0.06434156869501857,0.6728680967822198,1.1058019897209115,0.0,1.1058019897209115,0.43293388871799604,0.43293389293869167,0.6716375989958697,1.1074585046097125,1.105608505864617,0.0,0.00019348385629447407,1.0,-3.704513433447094,0.4861753745815709,0.0,1.0,-0.5959124502013722,2.9097449682883,44
2064Q2,137,1.1748582646242025,-0.09920054880613514,0.7418378828515425,-0.01532572296667789,-0.5873921615021551,0.0010759687631385188,0.0018094491924197417,0.00721817581799622,0.0018094491924197417,0.0008142521365888838,0.003257008546355535,0.001725926827737433,0.0007766670724818449,0.0031066682899273798,0.20364510866320565,0.06521002501322046,0.6703010654105267,1.1074045713274299,0.0,1.1074045713274299,0.43710349241808766,0.43710350591690317,0.6675536521273531,1.1066271785582724,1.1069643441501722,0.0,0.00044022717725766825,1.0,-3.7584358792950483,0.491866920857023,0.0,1.0,-0.55159165221313,3.1314855732650866,44
2064Q3,138,0.8013876289746964,0.044094008484300284,0.5650907347192622,0.569431778000669,-0.8194324606370615,0.0007766670724818449,0.0024987606597886005,0.009957642178255455,0.0024987606597886005,0.0011244422969048703,0.004497769187619481,0.002850951129886569,0.001282928008448956,0.005131712033795824,0.1929379904204522,0.07374098978358724,0.6320156952152027,1.0980703304244448,0.0,1.0980703304244448,0.4660546292393105,0.46605463520924206,0.6296417785705639,1.0986051734157731,1.097701968069677,0.0,0.0003683623547678927,1.0,-4.66722105928811,0.5822391779203621,0.0,1.0,-0.1634241796885774,1.8272060842888866,44
2064Q4,139,0.08639028446973777,-0.2108173531445851,-0.4449833080996538,-0.7294021317782329,0.16487556450172458,0.001282928008448956,0.0035014870612249927,0.013932557343433571,0.0035014870612249927,0.0015756691775512467,0.006302676710204987,0.00289573587119561,0.0013030811420380246,0.005212324568152098,0.17979152183734992,0.08256136682939437,0.5985713953066848,1.0927601234376478,0.0,1.0927601234376478,0.4941887254149763,0.49418872813096304,0.5940764905375435,1.0903413838714753,1.0920635516928312,0.0,0.000696571744816632,1.0,-5.551475608563618,0.6706444797143238,0.0,1.0,0.17930997676519164,1.023697329839904,44
2065Q1,140,0.14160497347401685,0.6059958300373178,0.6472508848671251,0.571502982052564,-0.22799995889382807,0.0013030811420380246,0.004889396588373413,0.01941461613554818,0.004889396588373413,0.002200228464768036,0.008800913859072144,0.004388397940818589,0.001974779073368365,0.00789911629347346,0.16545673234264266,0.09111751342704148,0.5672397637312712,1.0840945481568642,0.0,1.0840945481568642,0.5168547678813593,0.5168547844255931,0.5624141030767695,1.0820018192630498,1.0833791333036649,0.0,0.0007154148531993698,1.0,-6.480977040774669,0.7629229250040985,0.0,1.0,0.5030129179980729,1.2108592216852947,44
2065Q2,141,-0.7748171122366455,0.26797067076142755,0.9656801271029485,0.21182719444411527,-0.6332500584873004,0.001974779073368365,0.0056855983116379325,0.022549171203856466,0.0056855983116379325,0.00255851924023707,0.01023407696094828,0.005296658280047827,0.0023834962260215224,0.00953398490408609,0.15886263241270465,0.09499743571884303,0.5537683187095609,1.079834030565861,0.0,1.079834030565861,0.5260657025974329,0.5260657118563,0.5488420654683561,1.0780517133778642,1.079123837081427,0.0,0.0007101934844340185,1.0,-6.91392815674667,0.8058093194486455,0.0,1.0,0.6587156038805123,0.8579293851265116,44
2065Q3,142,0.5680922167935071,1.0259784121084434,0.3215192645258206,0.37800578510072647,-1.0527097750502001,0.0023834962260215224,0.0053123367080402575,0.021080620184087517,0.0053123367080402575,0.0023905515186181158,0.009562206074472463,0.006449012290344628,0.0029020555306550825,0.01160822212262033,0.16182359832991494,0.09324418418011986,0.5575806824135342,1.0774922536136273,0.0,1.0774922536136273,0.519911558462445,0.5199115712000931,0.5549174971408937,1.0798499253421598,1.07712212560332,0.0,0.00037012801030722464,1.0,-6.795644526384045,0.7934623971077495,0.0,1.0,0.5890816910760223,0.7419853104397398,44
2065Q4,143,0.13681457117216667,-0.09390049832936627,-0.01488228445297797,0.44424911937130174,0.19859024439276002,0.0029020555306550825,0.0024443102414692637,0.009741451430459125,0.0024443102414692637,0.0010999396086611686,0.0043997584346446746,0.002274448807383867,0.0010235019633227402,0.004094007853290961,0.1937306930105146,0.07315924816808878,0.6353936485956359,1.1002428664958626,0.0,1.1002428664958626,0.4648492162203552,0.4648492179002267,0.632108643406389,1.0991473119296853,1.0997246077166762,0.0,0.0005182587791863202,1.0,-4.580510032774378,0.5738275013141151,0.0,1.0,-0.1838712461408935,1.2627672497760658,44
2066Q1,144,-0.1562455969577236,0.06028665744059959,-0.22054309217008977,-0.15296585588623202,-0.007087126887096534,0.0010235019633227402,0.0025061008381170413,0.009986783023238632,0.0025061008381170413,0.0011277453771526686,0.004510981508610674,0.002848058266136116,0.001281626219761252,0.005126504879045008,0.1928317940719118,0.0738184056963772,0.6317118067480342,1.0980313993850594,0.0,1.0980313993850594,0.4663195843371782,0.46631959263702527,0.6293147114474998,1.0985330430547637,1.097659409176454,0.0,0.00037199020860545495,1.0,-4.674819453811458,0.5830003191613845,0.0,1.0,-0.15665519010651557,1.148799120503998,44
2066Q2,145,0.5091361036539398,-0.027936431726830108,-0.2719928111579851,0.9134317681273456,0.5737010784422971,0.001281626219761252,0.00200346026553142,0.007989790094181659,0.00200346026553142,0.0009015571194891391,0.0036062284779565562,0.002157047708713265,0.0009706714689209693,0.0038826858756838773,0.20047947943463262,0.0678983082542288,0.657596293433761,1.1040930776958284,0.0,1.1040930776958284,0.44649675838403796,0.4464967842620674,0.655187159195491,1.104075589663214,1.103711727922498,0.0,0.00038134977333048603,1.0,-4.048604687004186,0.5206897972314977,0.0,1.0,-0.40980478533036885,1.11994133969633,44
2066Q3,146,-0.10073539502776907,-1.0592244547596987,-0.42612269463582264,0.5788436776026045,0.2792122671014132,0.0009706714689209693,0.0018745211461646788,0.007477027942138337,0.0018745211461646788,0.0008435345157741055,0.003374138063096422,0.0027720607497615365,0.0012474273373926914,0.004989709349570766,0.20256949857420756,0.06614123990069913,0.6640605770779793,1.1032785037737822,0.0,1.1032785037737822,0.43921789937111333,0.43921792669580295,0.6632234939551408,1.1057398222857597,1.1031483158128563,0.0,0.00013018796092589824,1.0,-3.9033409971831103,0.5058866723809183,0.0,1.0,-0.4982488397066662,1.9466641137302152,44
2066Q4,147,0.644675542784735,0.4659387402758245,0.023347919245955195,1.6740393000228202,-0.3799371517446276,0.0012474273373926914,0.0014542978155888606,0.005804513668319133,0.0014542978155888606,0.0006544340170149873,0.002617736068059949,0.0014549557955566307,0.0006547301080004838,0.0026189204320019354,0.20977136591457843,0.05950643519490803,0.6975389697742788,1.1126195492719302,0.0,1.1126195492719302,0.4150805750079603,0.4150805794976514,0.6952233974790197,1.1121673691372675,1.1122456938753162,0.0,0.0003738553966139424,1.0,-3.1746638313708564,0.4336116530290852,0.0,1.0,-0.8927180296982423,2.342358147108482,44
2067Q1,148,0.5870291315698993,-0.7877483360721759,-0.6113570670408834,1.1515127039790491,0.9954438738949054,0.0006547301080004838,0.0013363141692817372,0.005334551805798782,0.0013363141692817372,0.0006013413761767817,0.002405365504707127,0.0012154798404611753,0.0005469659282075289,0.0021878637128301156,0.21190580119878277,0.05733549528133167,0.7088053265253652,1.1152023712228476,0.0,1.1152023712228476,0.40639704454377834,0.4063970446974824,0.706310948599319,1.1143348128265882,1.114796959128648,0.0,0.00040541209419964197,1.0,-2.9457157802359943,0.4108246120953919,0.0,1.0,-1.0687835638099386,2.052487621791452,44
2067Q2,149,1.3123605749641625,-1.2105033678448582,-0.5748376475477865,1.0735888962601141,1.6448881900976988,0.0005469659282075289,0.0013392135899597485,0.005346103005866021,0.0013392135899597485,0.0006026461154818868,0.0024105844619275473,0.0015908508071755755,0.000715882863229009,0.002863531452916036,0.2118527354097472,0.05739077310155701,0.7076807363849035,1.1138241985945114,0.0,1.1138241985945114,0.40614344570208777,0.40614346220960795,0.7060245953547797,1.1142791563235879,1.1135578229312761,0.0,0.0002663756632352854,1.0,-2.969824425110893,0.4130665596478603,0.0,1.0,-1.057648249781489,0.9481225531955004,44
2067Q3,150,2.2512654654767164,-1.7336869774879944,-0.2595053590384985,1.1616696737197139,1.4348211276033185,0.000715882863229009,0.0011260786040507241,0.00449671180816924,0.0011260786040507241,0.0005067353718228259,0.0020269414872913036,0.001204842511969767,0.0005421791303863951,0.0021687165215455804,0.21583770159329796,0.053034681220307536,0.7311178159883025,1.1188638248692093,0.0,1.1188638248692093,0.38774600305427087,0.3877460088809068,0.7292708853190211,1.1187486082242541,1.1185635541894117,0.0,0.000300270679797654,1.0,-2.5151078263732574,0.3677686035069393,0.0,1.0,-1.6406912843420223,1.2544206895119514,44
2067Q4,151,1.9758714607555004,-1.2879062799076264,0.08085695444568859,2.007978830059054,1.086472237556102,0.0005421791303863951,0.0010589403931980193,0.0042290381927877485,0.0010589403931980193,0.0004765231769391087,0.0019060927077564347,0.001818865746320057,0.0008184895858440257,0.0032739583433761027,0.2171289845819091,0.05152532409737543,0.7377688124698315,1.117906599597261,0.0,1.117906599597261,0.38013777171443863,0.3801377871274295,0.7376620676899502,1.1203403431524477,1.1178895401691478,0.0,1.7059428113253006e-05,1.0,-2.394566264180385,0.3554381368321945,0.0,1.0,-2.084791194689903,0.6799216045449268,44
2068Q1,152,1.83767100583119,-0.6281054048257784,-0.09961474181337314,1.483342797639816,0.9300888903508734,0.0008184895858440257,0.001157451449128219,0.00462177383409812,0.001157451449128219,0.0005208531521076986,0.0020834126084307942,0.0009644559512211095,0.0004340051780494993,0.0017360207121979972,0.21524028852606247,0.05371578955867794,0.7280680535906768,1.1191555799509258,0.0,1.1191555799509258,0.39108750351073046,0.391087526360249,0.7255426366627402,1.1180379768479047,1.1187422703472671,0.0,0.00041330960365870695,1.0,-2.57131952545324,0.3734979473672745,0.0,1.0,-1.5113439011051155,1.4476737859308515,44
2068Q2,153,0.6921794603330707,-0.5115560948959813,0.09996149958233641,2.2825797175704543,0.8957472366140431,0.0004340051780494993,0.0012217137339648456,0.004877906720988756,0.0012217137339648456,0.0005497711802841806,0.0021990847211367224,0.0008763395286519069,0.00039435278789335814,0.0015774111515734325,0.2140283569758486,0.05506594344002021,0.7211869687490932,1.118315389832662,0.0,1.118315389832662,0.39712840830817187,0.39712842108356894,0.7182564903365846,1.1166426767666104,1.1178346258826788,0.0,0.0004807639499833094,1.0,-2.7019731506702893,0.3866029622791356,0.0,1.0,-1.3027433735205292,0.05220413271416476,44
2068Q3,154,1.2822235777150495,-1.0652614595171228,-0.655412729791583,0.902903511248005,1.0372620399430974,0.00039435278789335814,0.0012453372182737554,0.00497205140736523,0.0012453372182737554,0.00056040174822319,0.00224160699289276,0.0010220118412908664,0.00045990532858088985,0.0018396213143235594,0.21358678357704486,0.05554778388604129,0.7183511194977956,1.1173792529991389,0.0,1.1173792529991389,0.39902812740159377,0.39902813350134325,0.7156891427349232,1.1161488737196712,1.1169442834759542,0.0,0.0004349695231846695,1.0,-2.7573679747480275,0.3920768921462219,0.0,1.0,-1.243720215796285,0.12994905462607098,44
2068Q4,155,1.2187158299276333,-1.3692834242519285,0.3072224082118308,1.413399906305009,0.5835845596780873,0.00045990532858088985,0.0011862069223507103,0.00473639184263186,0.0011862069223507103,0.0005337931150578197,0.0021351724602312787,0.0015089224883250195,0.0006790151197462589,0.0027160604789850354,0.2146960369313393,0.05432723726822196,0.7235562524131445,1.1166443940516535,0.0,1.1166443940516535,0.39308812201754395,0.393088141638509,0.7222259387668287,1.1174039217342733,1.1164299343898711,0.0,0.00021445966178235132,1.0,-2.659415389994286,0.3820625238796823,0.0,1.0,-1.4105997364983778,1.0312418345150716,44
2069Q1,156,2.223544967515595,-0.38997594933046686,-1.3683573232988613,0.6077227379427348,-0.3324605554612402,0.0006790151197462589,0.001254513158818138,0.005008617710629659,0.001254513158818138,0.0005645309214681621,0.0022581236858726485,0.0013557756056227553,0.00061009902253024,0.00244039609012096,0.21341583376424128,0.05573292072780391,0.7166248755755293,1.1160208577355941,0.0,1.1160208577355941,0.3993959738202332,0.3993959821600648,0.7147072350137011,1.1159597033345268,1.1157103936275303,0.0,0.00031046410806379043,1.0,-2.792402965258719,0.39543019750334163,0.0,1.0,-1.227085475319151,1.0237961641887663,44
2069Q2,157,1.4987667470106474,-0.8749544859154262,0.16727966969425156,0.5590945927867873,0.3977311865376965,0.00061009902253024,0.001279468288549739,0.005108059295069078,0.001279468288549739,0.0005757607298473825,0.00230304291938953,0.0024779237381721705,0.0011150656821774768,0.004460262728709907,0.2129525156199339,0.05623082746161922,0.711511352110156,1.111600088242329,0.0,1.111600088242329,0.4000887207748958,0.4000887361321729,0.7120788406966528,1.1154524709610816,1.103713433003343,0.0007975665451039338,0.007886655238986018,1.0,-2.8977399712014447,0.40545893143796696,0.0,1.0,-1.1659033071916918,-0.10074527449116473,44
2069Q3,158,0.7549149147060956,-1.5990323523282428,-0.448368659034985,0.557677474245231,1.1534655335867685,0.0011150656821774768,0.0011929120842773101,0.004763116889882069,0.0011929120842773101,0.0005368104379247896,0.0021472417516991585,0.001250015585082649,0.000562507013287192,0.002250028053148768,0.21456958363384412,0.054468095781942366,0.7234288014116854,1.117466700893083,0.0,1.117466700893083,0.3940378924670745,0.39403789948139756,0.7214658821213225,1.1172583668582046,1.1171479720109754,0.0,0.00031872888210759953,1.0,-2.6606853496558283,0.3823060279522956,0.0,1.0,-1.380306356982053,-0.6890420814238337,44
2069Q4,159,0.6047098786815691,-1.2262042705051783,-0.8681765625173243,-0.5584086550287883,0.6339524693866554,0.000562507013287192,0.0014544418620157428,0.0058050873437198725,0.0014544418620157428,0.0006544988379070842,0.002617995351628337,0.000866888427869243,0.00039009979254115936,0.0015603991701646374,0.20976879097029236,0.059508991331581905,0.6988164417533211,1.1146750807250347,0.0,1.1146750807250347,0.41585861574665295,0.4158586389717136,0.6952105313131822,1.1121648384954377,1.1140833544202375,0.0,0.0005917263047972021,1.0,-3.14581011033772,0.4309909112412308,0.0,1.0,-0.8772111066407353,-0.4527111314752239,44
2070Q1,160,-0.37616263480277323,-0.3080430504871968,-0.44021379774135694,0.13493370671398353,0.53050244126128,0.00039009979254115936,0.0016676155761830053,0.006653795196905676,0.0016676155761830053,0.0007504270092823524,0.0030017080371294094,0.002044026805034169,0.0009198120622653761,0.0036792482490615045,0.20603911194592653,0.06306626571119435,0.6794120849350522,1.1078919159593674,0.0,1.1078919159593674,0.42847983075910545,0.4284798310243152,0.6777165175674738,1.1086865287139531,1.107622656674785,0.0,0.00026925928458232384,1.0,-3.5598058979686256,0.4718607777345972,0.0,1.0,-0.6504288876020669,-0.02615022766641602,44
2070Q2,161,0.9565172304480188,0.08559419226253473,-0.2574123055271413,0.48968763444493474,0.19606268059456747,0.0009198120622653761,0.0019381839187285629,0.007730225442978411,0.0019381839187285629,0.0008721827634278533,0.003488731053711413,0.0014915403849755512,0.0006711931732389981,0.0026847726929559923,0.201530768012818,0.0670228863685746,0.662716520553723,1.1068882674091418,0.0,1.1068882674091418,0.4441717405164931,0.4441717468554188,0.659169503125917,1.1049032222809108,1.1063161758200994,0.0,0.0005720915890423672,1.0,-3.928119885913749,0.508940795418136,0.0,1.0,-0.45102294552488875,1.1322676811273829,44
2070Q3,162,1.1212965107890305,-0.6458863418370745,-0.06156674470493943,0.3379677385825653,0.14780315779668995,0.0006711931732389981,0.002607920412226944,0.01039094505785465,0.002607920412226944,0.001173564185502125,0.0046942567420085,0.0026530942929923625,0.001193892431846563,0.004775569727386252,0.19137477316441073,0.07486858980934721,0.6278942651951198,1.097989854440617,0.0,1.097989854440617,0.470095581845349,0.4700955892454972,0.6249057289084148,1.0975547284972245,1.0975234602530004,0.0,0.00046639418761662554,1.0,-4.770187148437842,0.5926248224119377,0.0,1.0,-0.11452451903344502,1.0882159199330204,44
2070Q4,163,0.4224679946492905,0.15244264206890473,1.036627591463227,0.5448438207675008,0.29721367717902014,0.001193892431846563,0.0028584574757869992,0.011384898584839709,0.0028584574757869992,0.0012863058641041497,0.005145223456416599,0.0034040512332013284,0.0015318230549405977,0.006127292219762391,0.18791431340085935,0.07727957941194523,0.6172404954895934,1.0942413710279124,0.0,1.0942413710279124,0.4770008588745645,0.47700087553831905,0.6149739473610915,1.0953071447904066,1.0938953104491078,0.0,0.00034606057880459673,1.0,-5.048458477237989,0.6201140246688583,0.0,1.0,-0.024674590355855685,1.8276256379729883,44
2071Q1,164,1.1801910303304866,0.10125795223501444,0.133800305251521,0.9645182891045222,0.3535656873372648,0.0015318230549405977,0.0017631783549889712,0.007034082548282972,0.0017631783549889712,0.000793430259745037,0.003173721038980148,0.0022336331893918664,0.00100513493522634,0.00402053974090536,0.20441858808845056,0.06452841663858769,0.6723432432641534,1.106195708045696,0.0,1.106195708045696,0.43385244925488603,0.4338524647815425,0.6707551733891641,1.1072793219165662,1.105944874551807,0.0,0.0002508334938888801,1.0,-3.7154065067336655,0.48733551573814027,0.0,1.0,-0.5826606965626177,2.3039201384443913,44
2071Q2,165,0.5913946272006876,-0.9432100952344344,-0.4216911132263533,0.9675604037326601,1.2841126064555692,0.00100513493522634,0.001636541867157131,0.006530115378156842,0.001636541867157131,0.000736443840220709,0.002945775360882836,0.0014963632211095232,0.0006733634494992854,0.0026934537979971416,0.20657282557374057,0.06257416656105869,0.6828384143013381,1.110118869301579,0.0,1.110118869301579,0.42728044670781123,0.42728045500024103,0.6800887400947284,1.1091628633698982,1.1096754393359562,0.0,0.00044342996562285464,1.0,-3.4834866355507907,0.4644753001055798,0.0,1.0,-0.6905523050878484,2.0943182088255994,44
2071Q3,166,1.0811977884523654,-0.1253161576925254,0.03025793320197903,0.8028563690944152,0.5902591221612032,0.0006733634494992854,0.0016133305005554468,0.006437721780557237,0.0016133305005554468,0.0007259987252499511,0.0029039949009998043,0.001498940716139134,0.0006745233222626103,0.002698093289050441,0.20697368953286222,0.06220099209869384,0.684577421703399,1.1103913724778376,0.0,1.1103913724778376,0.4258139479831732,0.4258139507744386,0.6818976898168034,1.1095250552629918,1.1099592529374387,0.0,0.0004321195403989009,1.0,-3.446296775318272,0.4607551542095646,0.0,1.0,-0.7102583784112508,1.6335434005755813,44
2071Q4,167,0.23842653277151624,-0.6624066042028502,-0.04454581844775529,0.42298474948477877,0.8961590388562681,0.0006745233222626103,0.001587053954733918,0.006333119360566908,0.001587053954733918,0.0007141742796302631,0.0028566971185210524,0.0017158558039259192,0.0007721351117666636,0.0030885404470666544,0.20742976407578786,0.06177262263599787,0.6861310194345506,1.1099721527512278,0.0,1.1099721527512278,0.4238411254238301,0.4238411333166773,0.6839849677462561,1.1099418845092937,1.1096281864861963,0.0,0.0003439662650315256,1.0,-3.4141971258941206,0.4574475774776454,0.0,1.0,-0.721177767400109,-1.1557675514766867,44
2072Q1,168,1.0197536823087523,-1.270530342530622,-0.810169381765323,-0.32334945747322813,0.7636443153161097,0.0007721351117666636,0.0013484975619530311,0.005383089379135897,0.0013484975619530311,0.000606823902878864,0.002427295611515456,0.0015362171482909371,0.0006912977167309217,0.0027651908669236868,0.2116830274023202,0.05756709483900244,0.7069216345469778,1.113875901485192,0.0,1.113875901485192,0.406954247797085,0.40695426693821424,0.7051126239524125,1.1141017956383505,1.1135844933542407,0.0,0.00029140813095129836,1.0,-2.984752232740645,0.4145839255573336,0.0,1.0,-1.0288744080588443,-1.390295243456613,44
2072Q2,169,0.3081824688231463,-1.064579778378695,-0.5759681635930911,0.758264843677543,1.8125922266403296,0.0006912977167309217,0.0011860639003688598,0.00473582178801224,0.0011860639003688598,0.000533728755165987,0.002134915020663948,0.0011971602343110981,0.0005387221054399941,0.0021548884217599765,0.21469873606547107,0.05432422574171178,0.7243072763575145,1.1177816190190142,0.0,1.1177816190190142,0.3934743198721003,0.3934743426614997,0.7222422049306266,1.1174070357415349,1.1174458120155668,0.0,0.0003358070034473748,1.0,-2.6436820057695787,0.38062947847151785,0.0,1.0,-1.3926899064940719,-2.2808317449435536,44
2072Q3,170,0.38520201730806036,-1.0782290788497377,-0.7481813111200828,-0.3994620057791229,1.838155226511014,0.0005387221054399941,0.0012893900803785808,0.005147593732656053,0.0012893900803785808,0.0005802255361703613,0.0023209021446814453,0.0015558667938822513,0.0007001400572470131,0.0028005602289880526,0.21276895583166286,0.056426551962483425,0.7126227896594725,1.1147312710553143,0.0,1.1147312710553143,0.4021084687037012,0.4021084813958419,0.7110505412142629,1.1152536798033301,1.1144781412576834,0.0,0.00025312979763092436,1.0,-2.8716706025455148,0.4032669201973045,0.0,1.0,-1.1327616683353108,-2.391772622137059,44
2072Q4,171,0.3471421997905179,-1.729476527966895,-0.15631887506948522,-0.5344814667615374,0.5984192988614976,0.0007001400572470131,0.001351431414625794,0.005394777326795164,0.001351431414625794,0.0006081441365816073,0.002432576546326429,0.001971656143212758,0.0008872452644457412,0.0035489810577829647,0.2116294637338024,0.057622600943209444,0.7056672632182793,1.112291100845023,0.0,1.112291100845023,0.4066238310711365,0.4066238376267436,0.7048259854274508,1.1140460154490843,1.1121572303735237,0.0,0.00013387047149926445,1.0,-3.011857073409977,0.417098462076552,0.0,1.0,-1.0260986943420733,-0.9964029246468484,44
2073Q1,172,1.2441951988973174,-1.3368441254693306,-0.3832651176258574,-0.025152491351165818,0.5795994254642314,0.0008872452644457412,0.0012140953142625176,0.004847544248723912,0.0012140953142625176,0.0005463428914181329,0.0021853715656725316,0.001454745019179926,0.0006546352586309667,0.0026185410345238667,0.21417121205328468,0.054908928866631214,0.7206502674450325,1.1163516141886518,0.0,1.1163516141886518,0.3957013427285805,0.39570134674361934,0.7190968053239942,1.1168040525655234,1.1161008020630914,0.0,0.0002508121255604401,1.0,-2.7149027651125284,0.38763564125262184,0.0,1.0,-1.318158556333831,-0.8712892263790092,44
2073Q2,173,-0.5418904375359399,-0.4888570406797447,-0.9145301807635963,-0.2790287330126983,0.6003529126065762,0.0006546352586309667,0.0014627592780042864,0.00583821163846443,0.0014627592780042864,0.0006582416751019288,0.0026329667004077154,0.0017665022646398553,0.0007949260190879348,0.0031797040763517394,0.20962023762781917,0.059656212433621514,0.6961309148562014,1.111416267926735,0.0,1.111416267926735,0.41528533738272844,0.4152853530705336,0.6944702365499282,1.112019166952864,1.111150475135231,0.0,0.0002657927915039604,1.0,-3.205063105461824,0.4365113845270945,0.0,1.0,-0.8641945381508904,-0.8671454421888041,44
2073Q3,174,1.322943392352129,-1.3279570282283728,-0.0034373547293905515,-0.6097363238640848,1.070157902343886,0.0007949260190879348,0.0014066769454829325,0.00561484647163446,0.0014066769454829325,0.0006330046254673197,0.002532018501869279,0.0018175943653624246,0.0008179174644130911,0.0032716698576523645,0.21062674962544858,0.05864908916563544,0.7009328900207916,1.1120236730021975,0.0,1.1120236730021975,0.41109075565955944,0.4110907829814059,0.6995635780731504,1.1130189315555001,1.1118048284365558,0.0,0.00021884456564169597,1.0,-3.106879837648984,0.4266700663004853,0.0,1.0,-0.933974784514433,-2.0819162575912284,44
2073Q4,175,1.0639941301038431,-0.3561968056738364,-0.24371362836963073,-0.7376420708977018,0.7200613077778859,0.0008179174644130911,0.0019402364083157334,0.007738387731384799,0.0019402364083157334,0.00087310638374208,0.00349242553496832,0.0017493137649787125,0.0007871911942404206,0.0031487647769616826,0.20149750091954421,0.06705084466679434,0.6620848631511013,1.1060183832682609,0.0,1.1060183832682609,0.4439334931538028,0.4439335201171596,0.6590416585739036,1.1048767448078072,1.105531080737746,0.0,0.000487302530514766,1.0,-3.9436754980458812,0.5103803586103477,0.0,1.0,-0.43407795084500633,-1.743713341833476,44
2074Q1,176,0.40019175124237577,-0.7191356747587646,-0.28985634165234153,-0.006291344630172446,0.14756313164031998,0.0007871911942404206,0.0014733399971448517,0.005880348392281909,0.0014733399971448517,0.0006630029987151832,0.002652011994860733,0.0011226610589211363,0.0005051974765145113,0.0020207899060580453,0.20943162109529842,0.05984244092249573,0.6966328404855162,1.1135149456708626,0.0,1.1135149456708626,0.4168820960142489,0.4168821051853464,0.6935358634693096,1.1118351257051022,1.113010299381874,0.0,0.0005046462889886083,1.0,-3.1918158146661684,0.43547638399010236,0.0,1.0,-0.8513464358177563,-0.7662944835917233,44
2074Q2,177,-0.11282810422198997,-1.060365365919877,-0.3244810687152871,-0.015798152801921983,0.3083506562420051,0.0005051974765145113,0.0014037814006230287,0.005603313050463354,0.0014037814006230287,0.0006317016302803629,0.0025268065211214515,0.0012188632443709175,0.0005484884599669129,0.0021939538398676518,0.21067902652092613,0.05859615379179384,0.7025202793169482,1.1141701642642665,0.0,1.1141701642642665,0.41164986328709857,0.41164988494731836,0.6998331892897904,1.1130716938729435,1.113733471518412,0.0,0.0004366927458545611,1.0,-3.071949109775745,0.42344642251760756,0.0,1.0,-0.946049219595934,-0.6509262065285008,44
2074Q3,178,1.825507072282226,-0.7525736943589494,-0.2497756513632307,0.576352846772314,1.3241276398681214,0.0005484884599669129,0.001305021636247776,0.005209876943496949,0.001305021636247776,0.0005872597363114992,0.002349038945245997,0.0009836595437940619,0.0004426467947073279,0.0017705871788293115,0.21248050777976998,0.0567323792264265,0.7123774277501502,1.1165260920118707,0.0,1.1165260920118707,0.4041486638346777,0.40414866426172047,0.7094492813535361,1.1149437269345153,1.1160471247634085,0.0,0.0004789672484621921,1.0,-2.8739290700604574,0.4037502602113384,0.0,1.0,-1.114842574685484,-0.027675081891335936,44
2074Q4,179,0.767007840693894,-0.8260952642367825,-0.15296301648923222,0.965731470039588,0.5703932652094531,0.0004426467947073279,0.001485808665816637,0.0059300020144918975,0.001485808665816637,0.0006686138996174867,0.002674455598469947,0.0025898774249682763,0.0011654448412357244,0.0046617793649428975,0.20920986628606442,0.060060400120606504,0.6923968438692678,1.1082531664722837,0.0,1.1082531664722837,0.41585631485033336,0.41585632260301586,0.6924451991204066,1.1116200451186666,1.107562429327115,6.982972735802839e-05,0.0006907371451687627,1.0,-3.286238944596582,0.4442584496184224,0.0,1.0,-0.8381325468219896,-0.36303594279431256,44
2075Q1,180,0.616915658491713,-1.5167700125996864,-0.43346842105060096,1.4319324867055134,-0.45410838264456765,0.0011654448412357244,0.0015319896712129087,0.00611389110749927,0.0015319896712129087,0.0006893953520458089,0.0027575814081832357,0.0015466269603426914,0.0006959821321542111,0.0027839285286168445,0.20839338949746922,0.060853871465051154,0.690846971547277,1.111254119737445,0.0,1.111254119737445,0.42040712808557845,0.420407148190168,0.6885010296732548,1.1108398869378078,1.1108763288388832,0.0,0.000377790898561825,1.0,-3.3139451810420795,0.4474985359720537,0.0,1.0,-0.7901628120761689,0.7300283783843947,44
2075Q2,181,0.5170976331785724,-1.0471142049168964,-0.9662139552273585,0.08773795874694773,0.3835605118057873,0.0006959821321542111,0.0016155554125192003,0.00644657839404239,0.0016155554125192003,0.0007269999356336401,0.0029079997425345604,0.0016348354085114697,0.0007356759338301614,0.0029427037353206456,0.20693518344175213,0.06223697299703273,0.684122511516162,1.1098996572595763,0.0,1.1098996572595763,0.4257771427589359,0.4257771457434143,0.6817228931244536,1.1094900960106746,1.109514174784781,0.0,0.00038548247479530673,1.0,-3.4566216524245896,0.4617264893086288,0.0,1.0,-0.7003271424276444,0.21087804842627267,44
2075Q3,182,0.09446200524788106,-0.4832955539466143,-0.11203743582113503,0.1720771581742491,-0.711078354462888,0.0007356759338301614,0.0023842726513182864,0.009503036252535346,0.0023842726513182864,0.0010729226930932289,0.0042916907723729155,0.0017486370008346105,0.0007868866503755748,0.003147546601502299,0.1946148784352404,0.07250211163501898,0.6390225478205859,1.1023274049121683,0.0,1.1023274049121683,0.4633048409938237,0.4633048570915824,0.6349148380227261,1.0997600551764972,1.1016696326861635,0.0,0.0006577722260048269,1.0,-4.48876869504321,0.5648899828539454,0.0,1.0,-0.20222938591158388,-0.3066417900800386,44
2075Q4,183,0.6248535710322053,0.4904877747269474,-0.7985221070307513,-0.1895956915674453,0.6215444096569293,0.0007868866503755748,0.00245046969761606,0.009765908802311873,0.00245046969761606,0.001102711363927227,0.004410845455708908,0.0029937019504196363,0.0013471658776888363,0.005388663510755345,0.19364058516797297,0.07322572354130213,0.6338224520034339,1.097943532138056,0.0,1.097943532138056,0.46412107644673695,0.46412108013462205,0.6318259380905284,1.0990853498374291,1.0976350141548659,0.0,0.00030851798319009305,1.0,-4.622760600675987,0.5777288941899098,0.0,1.0,-0.1685858417975796,-1.069920136815349,44
2076Q1,184,0.167076655891938,-0.7847001368158006,0.2365427001552458,0.04693443962614273,0.41815316412696074,0.0013471658776888363,0.0019190606823297292,0.007654174222361032,0.0019190606823297292,0.0008635773070483782,0.0034543092281935127,0.0023722526392615105,0.0010675136876676797,0.004270054750670719,0.2018413839277889,0.06676101489550218,0.6621265592246882,1.104168970300341,0.0,1.104168970300341,0.44204241083107015,0.4420424110756528,0.6603690616313712,1.105151376041034,1.103892472232033,0.0,0.0002764980683080953,1.0,-3.945527995193662,0.5102852858316985,0.0,1.0,-0.4508885269468553,-1.2061374819541728,44
2076Q2,185,0.20357577577520297,0.05106936718375871,-0.720174511269315,0.22232326490741677,-0.17582424783303752,0.0010675136876676797,0.0022900950649739887,0.009128961061889873,0.0022900950649739887,0.001030542779238295,0.00412217111695318,0.0016015373271055706,0.0007206917971975068,0.002882767188790027,0.196023590214908,0.0714363587892873,0.6436785368967862,1.103499055782924,0.0,1.103499055782924,0.45982050906722316,0.45982051888613784,0.6395110554156335,1.1007549651217663,1.1028289535912748,0.0,0.0006701021916493133,1.0,-4.3749119766204565,0.5535705058648481,0.0,1.0,-0.2468301052004726,-0.24391189259334736,44
2076Q3,186,0.5707451368441121,0.2998090654441765,0.2771639453811554,0.38212589993175183,-0.021366348843829597,0.0007206917971975068,0.0020422788011911653,0.008144123843741968,0.0020422788011911653,0.0009190254605360244,0.0036761018421440977,0.0021198313938291867,0.000953924127223134,0.003815696508892536,0.199860834458295,0.0684058171718915,0.6554809191359885,1.1038680037778639,0.0,1.1038680037778639,0.44838707914079823,0.4483870846418754,0.6528977504086967,1.10359705379889,1.1034586729014153,0.0,0.0004093308764485659,1.0,-4.097513371183695,0.5255974129911463,0.0,1.0,-0.38197739282292775,0.28586687436460884,44
2076Q4,187,0.5552747939465281,-0.43837673265909677,0.02969251053135491,0.7710247066003616,0.5433708560493866,0.000953924127223134,0.0020246936955873253,0.008074211658171015,0.0020246936955873253,0.0009111121630142965,0.003644448652057186,0.0016338451290554955,0.000735230308074973,0.002940921232299892,0.2001404852223618,0.06817709217778135,0.6574089276628048,1.1056112301631835,0.0,1.1056112301631835,0.44820229059763433,0.44820230250037874,0.6539278077427961,1.1038126119626288,1.1050519962653345,0.0,0.0005592338978490652,1.0,-4.050584551666382,0.5211232248585632,0.0,1.0,-0.39441325146232337,0.6511709219745438,44
2077Q1,188,0.11975746260049075,-0.4868266239472202,-0.052609725052647466,0.31994001881944323,0.09978406851890331,0.000735230308074973,0.0016888776039616134,0.006738415831137323,0.0016888776039616134,0.000759994921782726,0.003039979687130904,0.0012657864488431732,0.000569603901979428,0.002278415607917712,0.20567584677000617,0.06339816328183977,0.6794966067397099,1.110284990746464,0.0,1.110284990746464,0.43078836823540195,0.4307883840067541,0.6761249781506967,1.1083660624585574,1.1097377620715132,0.0,0.0005472286749508282,1.0,-3.554472757401714,0.471677671838192,0.0,1.0,-0.6352452344845734,0.6393945900450164,44
2077Q2,189,0.7330167931897131,-0.8482701414502934,-0.5655342208453287,0.5294468736951798,0.24660544237250792,0.000569603901979428,0.001667052076581495,0.006651552454215004,0.001667052076581495,0.0007501734344616728,0.0030006937378466913,0.002185367086485307,0.0009834151889183882,0.003933660755673553,0.20604876066637778,0.063057416801183,0.6791594167438498,1.1074198251517382,0.0,1.1074198251517382,0.4282603841606528,0.42826040840788837,0.6777590482243394,1.1086950815462098,1.107198334677182,0.0,0.00022149047455610749,1.0,-3.5659173508993223,0.47240831990101384,0.0,1.0,-0.6540194489844721,0.5394576909127963,44
2077Q3,190,-0.6230380888349312,0.23532326582146218,0.19854480792940893,0.3772582348730874,-0.09018834893040852,0.0009834151889183882,0.0035830608396977158,0.014255397246080381,0.0035830608396977158,0.0016123773778639722,0.006449509511455889,0.002708079738135659,0.0012186358821610465,0.004874543528644186,0.17883411539666338,0.08315596731588358,0.5967491256005886,1.0929816541298478,0.0,1.0929816541298478,0.4962325078422465,0.49623252852925925,0.5917928099627991,1.0897759613751896,1.0922093925434944,0.0,0.0007722615863534621,1.0,-5.601646678626074,0.6757460319804464,0.0,1.0,0.20400600221653098,0.5727847721189268,44
2077Q4,191,0.005741657116400012,0.5931015532677809,0.0637417644818089,-0.34840285204237964,-0.7297167301163726,0.0012186358821610465,0.005705484972719587,0.022627366391105408,0.005705484972719587,0.0025674682377238144,0.010269872950895258,0.006163767264837371,0.002773695269176817,0.011094781076707269,0.15871098551639162,0.09508802688325395,0.5522978408230127,1.0774669781755926,0.0,1.0774669781755926,0.5251691193574174,0.5251691373525799,0.5485306924730873,1.077958238940772,1.0769385864683698,0.0,0.0005283917072227418,1.0,-6.9659091679348455,0.8106172215243077,0.0,1.0,0.6609657733575546,1.1251109381396125,44
2078Q1,192,-0.2618687232565618,-0.14142732995661023,0.03753288867817536,0.1398283497891052,-0.08519681587825165,0.002773695269176817,0.0033234659943916353,0.01322773813466338,0.0033234659943916353,0.0014955596974762359,0.0059822387899049435,0.001955423887625428,0.0008799407494314426,0.0035197629977257706,0.18193620081006612,0.08121048732234418,0.6049957037209417,1.096315674495768,0.0,1.096315674495768,0.4913199592710223,0.49131997077482636,0.5993148630600839,1.091620180181236,1.0954112812966292,0.0,0.0009043931991388199,1.0,-5.369842214671875,0.6529042807177561,0.0,1.0,0.12824688755358293,1.096958102136075,44
2078Q2,193,-0.43400339397832266,0.7565977412967992,0.35470235921856724,-0.5792172028352525,-0.3469926343994111,0.0008799407494314426,0.004750470284202079,0.018866907634855767,0.004750470284202079,0.0021377116278909355,0.008550846511563742,0.004642815477983959,0.0020892669650927815,0.008357067860371126,0.1667187863478649,0.09038077156630256,0.569249030136543,1.0837407051271855,0.0,1.0837407051271855,0.5144916655711018,0.5144916749906424,0.5650442112956952,1.0827395395355657,1.0831221454529067,0.0,0.000618559674278707,1.0,-6.419896522790461,0.7567003853139533,0.0,1.0,0.48209532576471026,-0.23057316112201917,44
2078Q3,194,0.3535675671637649,0.35809621044376916,0.3912620129364731,0.5183238074488004,0.2464520705324018,0.0020892669650927815,0.0035951493284439584,0.014303232425194379,0.0035951493284439584,0.0016178171977997812,0.006471268791199125,0.003655267976243173,0.0016448705893094277,0.006579482357237711,0.17869356652078,0.08324284754937614,0.5949274615159824,1.0901620266924834,0.0,1.0901620266924834,0.4952345598191226,0.495234565176501,0.5914602357625317,1.0896932030028588,1.0896365641425871,0.0,0.0005254625498962717,1.0,-5.657220519761651,0.6808771813868557,0.0,1.0,0.19904373605302106,2.1079565514757377,44
2078Q4,195,-0.9020753208262106,0.7099972524993674,-0.15279041131537768,-0.3432155031879768,1.1497173721254077,0.0016448705893094277,0.003687039280051453,0.01466679187374853,0.003687039280051453,0.001659167676023154,0.006636670704092616,0.005423413506410559,0.0024405360778847513,0.009762144311539005,0.17763627530615445,0.08389322999755841,0.589852991495953,1.0846997275073789,0.0,1.0846997275073789,0.49484672680317854,0.4948467360114258,0.5889794835505383,1.0890724742743592,1.0845742964491003,0.0,0.00012543105827855783,1.0,-5.809781968323165,0.6953376607544317,0.0,1.0,0.22786817938559734,1.2774657493640384,44
2079Q1,196,-0.5803220178625372,-0.02765727883385133,0.852560007207423,0.2597427703789016,0.01422222150920796,0.0024405360778847513,0.003708734432699807,0.01475261332533595,0.003708734432699807,0.0016689304947149132,0.006675721978859653,0.003432141198006851,0.001544463539103083,0.006177854156412332,0.17738948374454977,0.08404426151031481,0.5924566339865046,1.0903824378128137,0.0,1.0903824378128137,0.4979258028028266,0.49792580382630913,0.5884056265741257,1.088928016100536,1.0897644348999846,0.0,0.0006180029128290965,1.0,-5.72631714033282,0.6878872504941789,0.0,1.0,0.23832893828469864,0.38064848493542836,44
2079Q2,197,-0.35750340338560554,0.13718079498284452,-0.33024737685644046,-0.23661528171536966,0.3815872167243192,0.001544463539103083,0.0038453507091321636,0.015292909725953097,0.0038453507091321636,0.0017304078191094736,0.006921631276437894,0.00516570479833379,0.0023245671592502055,0.009298268637000822,0.17585987129688502,0.08497424476101018,0.5865143455408988,1.084900490190136,0.0,1.084900490190136,0.4983861355383603,0.49838614464923725,0.5848902948234413,1.088035763664776,1.0846654018192308,0.0,0.00023508837090524537,1.0,-5.905126863618541,0.7049881192026038,0.0,1.0,0.27297617282206316,0.42821654766006984,44
2079Q3,198,-0.0017222131038250113,0.08897688924390612,0.3529550818108818,0.46010674272955593,-0.141978192377954,0.0023245671592502055,0.0034960262640244973,0.01391094262540693,0.0034960262640244973,0.001573211818811024,0.006292847275244096,0.0035864359143320886,0.0016138961614494398,0.006455584645797759,0.1798561756121297,0.0825210339092591,0.5976038510746048,1.0907527413673666,0.0,1.0907527413673666,0.4931488765883129,0.49314889029276177,0.5942318838133624,1.0903796780563884,1.0902406709176724,0.0,0.0005120704496941464,1.0,-5.581631968685349,0.6733493007070854,0.0,1.0,0.17653017064695306,1.2604759695297172,44
2079Q4,199,-0.17216353373628956,0.7383750192516036,1.1695664273945916,-0.18168845624481403,-1.6811388842012511,0.0016138961614494398,0.006180703796837704,0.024494551570202194,0.006180703796837704,0.002781316708576967,0.011125266834307868,0.00908798993691796,0.004089595471613082,0.016358381886452326,0.15526052845623606,0.09717952613069919,0.5420961456544007,1.068902613045468,0.0,1.068902613045468,0.5268064655197314,0.5268064673910673,0.5414111649535955,1.0757862905189401,1.0688155492274543,0.0,8.706381801371066e-05,1.0,-7.3198081149473575,0.8446912160231227,0.0,1.0,0.7440308651987643,1.633839634934509,44
2080Q1,200,0.037991134672122645,0.2779105098700529,0.513400935405848,0.4215468738348944,0.3022402818202675,0.004089595471613082,0.004691511964513104,0.01863439871257333,0.004691511964513104,0.0021111803840308968,0.008444721536123587,0.0047764477129789715,0.002149401470840537,0.008597605883362149,0.16726508239601345,0.09006174716513331,0.5700891835852397,1.0835214775452364,0.0,1.0835214775452364,0.5134322791363113,0.5134322939599967,0.5661884677865667,1.0830577445979226,1.0829499993338092,0.0,0.0005714782114272232,1.0,-6.39460887830579,0.7541114863597385,0.0,1.0,0.4639027826360557,0.8717520457928946,44
2080Q2,201,0.7345229036705936,0.2221685013004338,-0.669807434278745,0.16103618138769293,-0.2697331132983105,0.002149401470840537,0.0029396082990533626,0.01170668694794319,0.0029396082990533626,0.0013228237345740133,0.005291294938296053,0.00324748301896906,0.001461367358536077,0.005845469434144308,0.18683035512633483,0.07801276772928864,0.6147258698329029,1.0942905429257126,0.0,1.0942905429257126,0.4795646650045918,0.4795646730928097,0.6120043871280653,1.094622285520597,1.0938731046912167,0.0,0.0004174382344959149,1.0,-5.114027182367835,0.6267413508782473,0.0,1.0,0.008333971224422622,0.9104701932809377,44
2080Q3,202,0.3962260117624389,0.5926231725029478,-1.1402940587364543,-0.1811482865230764,0.5240663266587297,0.001461367358536077,0.00254139010746022,0.010126874061992752,0.00254139010746022,0.001143625548357099,0.004574502193428396,0.0019529193764545299,0.0008788137194045384,0.0035152548776181537,0.19232342252362503,0.07418733899277645,0.6318470217984655,1.1005975413489284,0.0,1.1005975413489284,0.46875049197738977,0.4687505195504629,0.6277599393816092,1.0981893324372611,1.0999468293438992,0.0,0.000650712005029197,1.0,-4.667403408412144,0.5826615271218099,0.0,1.0,-0.1373229357675534,0.30137100460616134,44
2080Q4,203,0.5082173886613808,-0.6847457350292793,-0.6888522050191095,-0.24484924556037707,-0.143426559164495,0.0008788137194045384,0.00210652536552563,0.008399514138114239,0.00210652536552563,0.0009479364144865334,0.003791745657946134,0.0016957530499469777,0.0007630888724761399,0.0030523554899045597,0.198847533805114,0.06922529236458257,0.6527910068250434,1.1046875136130003,0.0,1.1046875136130003,0.45189648300433843,0.4518965067879569,0.6492303891885435,1.1028261296436523,1.104116500527044,0.0,0.0005710130859564178,1.0,-4.158469012430633,0.5318838123705871,0.0,1.0,-0.3455941375592231,0.3736924539644006,44
2081Q1,204,-0.14071728604521844,0.47962063312394476,-0.06485882930706219,-0.04481743576124094,1.1967374302843912,0.0007630888724761399,0.002244964686867891,0.00894966478068826,0.002244964686867891,0.001010234109090551,0.004040936436362204,0.0019923603994640967,0.0008965621797588435,0.003586248719035374,0.1967081916426252,0.07090974392982768,0.6451350285673775,1.102598648124808,0.0,1.102598648124808,0.45746359675874804,0.45746361955743053,0.6418031328666531,1.1012472700917857,1.102068762163808,0.0,0.0005298859610001205,1.0,-4.341596232756242,0.5500630610958653,0.0,1.0,-0.26769279396823625,-0.5010397278108983,44
2081Q2,205,-0.08869812728780191,0.5395326128334461,-0.45542203515697577,0.6632087015560532,-0.7040545504070802,0.0008965621797588435,0.0037707399012959428,0.014997862983349819,0.0037707399012959428,0.0016968329555831743,0.006787331822332697,0.004367784217740046,0.001965502897983021,0.007862011591932084,0.17669004338364586,0.08447078301910571,0.5894965170959283,1.0874488437450864,0.0,1.0874488437450864,0.497952323861287,0.4979523266491581,0.5867895108946368,1.0885193957081323,1.0870472729886045,0.0,0.0004015707564819504,1.0,-5.815283620688702,0.6963628591708872,0.0,1.0,0.2578186402987005,-0.27216578182497975,44
2081Q3,206,0.6442670596773763,-0.6771497384962386,0.4536478901640215,-0.11688722981122357,0.46467704184432723,0.001965502897983021,0.002404285278818909,0.009582513148376215,0.002404285278818909,0.001081928375468509,0.004327713501874036,0.002039229244158452,0.0009176531598713035,0.003670612639485214,0.19431895884783357,0.07272303080930599,0.6375896606104255,1.1012642013149472,0.0,1.1012642013149472,0.4636745253226693,0.46367454070452163,0.633969099399126,1.0995540108824546,1.1006891712258093,0.0,0.0005750300891378402,1.0,-4.525244928516441,0.5684068396917729,0.0,1.0,-0.19672810291059378,0.35181148761330927,44
2081Q4,207,0.6747564448961879,-0.2974513006367836,-1.6410798358880825,0.08613255096761196,-0.2288107679966415,0.0009176531598713035,0.0019249058828418792,0.007677420470819318,0.0019249058828418792,0.0008662076472788457,0.0034648305891153827,0.0016589496917435423,0.000746527361284594,0.002986109445138376,0.2017463139317629,0.06684132433260864,0.663183382416252,1.1064639628407003,0.0,1.1064639628407003,0.44328055556081125,0.4432805804244483,0.6600007771345241,1.1050752439531235,1.1059530441725998,0.0,0.0005109186681004907,1.0,-3.9182504430021687,0.5078785169389323,0.0,1.0,-0.46154274183346383,1.46793346065013,44
2082Q1,208,0.6013418750705127,0.7773573115360966,-0.0662866624020822,0.5043304685582174,-0.27419752757773685,0.000746527361284594,0.0029679063390980268,0.011818879041409658,0.0029679063390980268,0.001335557852594112,0.005342231410376448,0.0025313750360392126,0.0011391187662176457,0.004556475064870583,0.1864565127880904,0.07826337671284281,0.6149967020776737,1.0963139031040627,0.0,1.0963139031040627,0.4813171857186093,0.4813172010263891,0.610994638076058,1.0943879690054776,1.0956871446138698,0.0,0.0006267584901928913,1.0,-5.103640735568222,0.6260249547906045,0.0,1.0,0.014968791023424929,1.4543668974616557,44
2082Q2,209,0.45945809380921543,0.6527255609845775,1.599435080270316,-0.5674399783709496,-1.0740656854313704,0.0011391187662176457,0.006452269968179023,0.02556036189119193,0.006452269968179023,0.0029035214856805605,0.011614085942722242,0.007492810501523712,0.0033717647256856706,0.013487058902742682,0.15343066686128565,0.09831901790739751,0.54085984352654,1.072627932293032,0.0,1.072627932293032,0.531768086410781,0.5317680887664921,0.5375880297141801,1.07459301063304,1.072188585436571,0.0,0.0004393468564611869,1.0,-7.354795910565173,0.8489078263308317,0.0,1.0,0.7977976727032641,0.4850360503333586,44
2082Q3,210,-1.4892431478318189,0.944250668689148,0.33271002338864175,-0.8463498569781529,-0.13157435275758966,0.0033717647256856706,0.006859432450527604,0.027156707701923688,0.006859432450527604,0.003086744602737422,0.012346978410949687,0.005707066834768638,0.0025681800756458873,0.01027272030258355,0.1508660340516129,0.09996462505484921,0.5384078435430494,1.076625234751645,0.0,1.076625234751645,0.5382173820637085,0.5382173912085956,0.5321362440920141,1.0728600086673525,1.0757326720113969,0.0,0.0008925627402480707,1.0,-7.430962313805968,0.8573280513049509,0.0,1.0,0.8696514704867111,0.1792817199937589,44
2082Q4,211,-0.6732213989515529,0.6410199740885606,0.3804041488366198,-0.7542265175050267,0.41015737007005965,0.0025681800756458873,0.0050231246673263855,0.019941614313656264,0.0050231246673263855,0.0022604061002968736,0.009041624401187495,0.0041468581232805175,0.0018660861554762329,0.0074643446219049316,0.16427459459473415,0.09180794797662985,0.5653741106059491,1.084432482577135,0.0,1.084432482577135,0.5190583693384434,0.5190583719711859,0.5599648413999778,1.081306826518716,1.0836246669742968,0.0,0.0008078156028381578,1.0,-6.538064274765371,0.7687403413210608,0.0,1.0,0.5403044347516959,-0.7338578597574185,44
2083Q1,212,-0.5812946244039646,0.523400429775697,0.7359239254390042,-1.0360737715827315,0.18677515888994767,0.0018660861554762329,0.006970267586589781,0.027590914796014054,0.006970267586589781,0.0031366204139654016,0.012546481655861606,0.006180190358785611,0.002781085661453525,0.0111243426458141,0.15020314333730989,0.1004010835389815,0.5365320004021102,1.0752159615352617,0.0,1.0752159615352617,0.5386839419370912,0.5386839611331514,0.5307040873049037,1.0723988414353818,1.0743989513904393,0.0,0.0008170101448223832,1.0,-7.498027776658038,0.8638216920043502,0.0,1.0,0.8933273729921274,-0.7209839003772877,44
2083Q2,213,0.666166861775629,0.5060657730197966,0.1641348500569988,-0.5992533919904077,-0.6785481467343846,0.002781085661453525,0.005030196276655424,0.01996947633259838,0.005030196276655424,0.002263588324494941,0.009054353297979763,0.006037801477952968,0.0027170106650788355,0.010868042660315342,0.16421295855765058,0.09184397171660569,0.5625531467169603,1.0792242994239347,2.3147816996527126e-11,1.0792242996554129,0.5166711529616004,0.5166711529384526,0.5598374568295035,1.0812704684498333,1.0788418493381928,0.0,0.0003824500857418922,1.0,-6.6352683448192415,0.7776098238168453,0.0,1.0,0.5426157432120978,-0.9033371034879564,44
2083Q3,214,-1.8857967681561407,1.2711623391618405,0.8196031241453171,-0.32500401179424276,-0.7327106985908758,0.0027170106650788355,0.010614159856349687,0.041785447577831314,0.010614159856349687,0.004776371935357359,0.019105487741429436,0.012637568403101864,0.0056869057813958394,0.022747623125583358,0.13485325991259042,0.11316645302240476,0.4949187668276115,1.0550007888631063,0.0,1.0550007888631063,0.5600820137610338,0.5600820220354948,0.4913988482359419,1.0589735171017054,1.054609616993596,0.0,0.0003911718695104316,1.0,-9.094204938194018,1.020533588038006,0.0,1.0,1.5526842754907868,-0.669364179314783,44
2083Q4,215,-1.194055406678373,0.7936365660643401,1.4918110627530867,-0.6836758876833873,-0.3997156372904723,0.0056869057813958394,0.009065772851983494,0.03577293562817074,0.009065772851983494,0.004079597783392572,0.01631839113357029,0.009790892232236928,0.004405901504506618,0.017623606018026473,0.1400623507452509,0.10801597431293448,0.511190265365509,1.0633574249887752,0.0,1.0633574249887752,0.5521671457274299,0.5521671596232661,0.5066566858332918,1.064336015627325,1.0627955286761805,0.0,0.000561896312594623,1.0,-8.438246596789178,0.956218758174411,0.0,1.0,1.252003226766175,-0.6636319901065886,44
2084Q1,216,-1.016871278983191,1.323775853775814,1.5423870157617043,-1.6063736524072283,-0.7281755991611896,0.004405901504506618,0.010791997530965401,0.042474200950401775,0.010791997530965401,0.004856398888934431,0.019425595555737724,0.010945947427646981,0.004925676342441142,0.019702705369764567,0.1343504556635926,0.11374184664568981,0.49537438279087015,1.0588223575292224,0.0,1.0588223575292224,0.563447970796024,0.5634479747383523,0.4897437655282516,1.0583829342545483,1.0581537598115407,0.0,0.0006685977176816849,1.0,-9.06800906223751,1.0186752298813098,0.0,1.0,1.5914640121198913,-0.5855368105316187,44
2084Q2,217,-0.7636537135397842,1.5984880692915382,1.4342088393199977,-0.06975650214082574,-1.3469432030377957,0.004925676342441142,0.01016217383313792,0.04003326378751815,0.01016217383313792,0.004572978224912064,0.018291912899648256,0.011648667961001048,0.005241900582450471,0.020967602329801886,0.13621324585317285,0.11169061375422996,0.4996689316118521,1.0577522318743053,0.0,1.0577522318743053,0.5580832964564812,0.5580833002624532,0.49568899286607815,1.0604967411360413,1.0572922265973113,0.0,0.0004600052769940799,1.0,-8.897670439492549,1.0013251433668044,0.0,1.0,1.457564458549238,-0.5001081388169435,44
2084Q3,218,-1.9146110318743947,1.0513653851471552,1.471792761804901,-0.9416463024890328,-0.9975683595004388,0.005241900582450471,0.008880366347577592,0.035051094987424425,0.008880366347577592,0.003996164856409917,0.015984659425639668,0.007550844938111909,0.003397880222150359,0.013591520888601437,0.14079966734209404,0.10737862485668011,0.515526345743255,1.0690914583428823,0.0,1.0690914583428823,0.5535651008330014,0.5535651125996274,0.5086009835768385,1.0650074991232643,1.0681633130102892,0.0,0.000928145332593111,1.0,-8.26362931010455,0.9397650507883046,0.0,1.0,1.2186219266676361,-0.563986738275339,44
2084Q4,219,-1.6661722441421303,1.2263194522811247,1.930721037885517,-2.127960288233321,-0.744830159404184,0.003397880222150359,0.010923087819524328,0.04298166705976281,0.010923087819524328,0.004915389518785948,0.019661558075143793,0.011448062605336382,0.005151628172401372,0.020606512689605488,0.13399091778972375,0.11416419042814856,0.49378857700067474,1.0575183294912467,0.0,1.0575183294912467,0.5637297313594953,0.563729752490572,0.48853512924248355,1.0579506535715408,1.056906388362604,0.0,0.0006119411286427123,1.0,-9.135098141779006,1.0251581860054992,0.0,1.0,1.62130610261693,-0.5879797603393155,44
2085Q1,220,-1.5449276110631351,1.0361547924171173,1.6132846209062615,-1.5073283545555973,-0.8983244478789797,0.005151628172401372,0.010410126599999278,0.04099478285313152,0.010410126599999278,0.0046845569699996755,0.018738227879998702,0.01173993215691512,0.005282969470611804,0.021131877882447216,0.1354522187295749,0.11250270220323717,0.49754789865571164,1.0573027433865076,0.0,1.0573027433865076,0.5597548307430996,0.5597548447307961,0.4933202745578326,1.0596571069868153,1.0568158466284872,0.0,0.00048689675802049415,1.0,-8.983396862091016,1.0098567167384898,0.0,1.0,1.5182665396140445,-2.398516572063269,44
2085Q2,221,-2.0566734678118332,0.5763105494658861,1.701456369665977,-0.008637613139191647,-0.11450893977374732,0.005282969470611804,0.0111547141796383,0.04387782716515409,0.0111547141796383,0.005019621380837235,0.02007848552334894,0.011529893740831321,0.005188452183374094,0.020753808733496377,0.13337785040574104,0.11490684931843641,0.49189528125469567,1.0571166557906155,0.0,1.0571166557906155,0.5652213696358321,0.5652213745359198,0.48642250378480095,1.0571930540584338,1.056481181617801,0.0,0.0006354741728145097,1.0,-9.21341467201479,1.032953015018105,0.0,1.0,1.6782894757323434,-0.9911035181239585,44
2085Q3,222,-1.569415670334763,1.6618180484746452,0.9094848113084663,-0.8753946179665326,-0.7835882020267658,0.005188452183374094,0.009729453975418897,0.03835351734174863,0.009729453975418897,0.004378254288938504,0.017513017155754016,0.007269512823782129,0.003271280770701958,0.013085123082807832,0.1376337710950568,0.11025780699793165,0.5083132295683749,1.0687682696336827,0.0,1.0687682696336827,0.560455019602452,0.5604550400653078,0.499916640917091,1.061986441742327,1.0676323187302112,0.0,0.0011359509034714055,1.0,-8.537621584570383,0.9672908776863363,0.0,1.0,1.372804676525853,-0.44768431897813604,44
2085Q4,223,0.2746096844754522,0.277124460098521,1.1318881693737937,-0.30225094829063154,-0.942034692487878,0.003271280770701958,0.007313079816476907,0.028932994034539417,0.007313079816476907,0.003290885917414608,0.013163543669658433,0.009521859090192054,0.004284836590586425,0.0171393463623457,0.14824289837558946,0.10172384904797664,0.5285169631979719,1.0661447615906965,0.0,1.0661447615906965,0.5376277978364552,0.5376277983927246,0.526399130011186,1.0709984194884534,1.0658797113066314,0.0,0.0002650502840650937,1.0,-7.795716929762172,0.8920868563856308,0.0,1.0,0.9484985397554426,-0.14580689543492573,44
2086Q1,224,-1.0086438348857183,0.6337317110331637,0.28336620656970357,-0.8928868264281977,-0.6666445508952306,0.004284836590586425,0.007708000569140015,0.030477350940141257,0.007708000569140015,0.0034686002561130067,0.013874401024452027,0.006600638253597686,0.002970287214118959,0.011881148856475836,0.1461441170494962,0.10320288953409748,0.528057879964222,1.0730288881422643,0.0,1.0730288881422643,0.5449709905355731,0.5449710081780422,0.5216489447990817,1.0694296077651122,1.072142550816292,0.0,0.0008863373259722085,1.0,-7.7990205469628355,0.8937317674821645,0.0,1.0,1.0230642101601697,-1.6283067712202748,44
2086Q2,225,-0.8055308456465979,1.182655538678604,0.9940850836304144,-1.4816165760219748,-0.6791657213791731,0.002970287214118959,0.009529492685309952,0.03757655664936421,0.009529492685309952,0.004288271708389479,0.017153086833557915,0.008373258809645307,0.0037679664643403884,0.015071865857361554,0.13833228861517458,0.10958839833169125,0.5087599134961059,1.0663017625428053,0.0,1.0663017625428053,0.5575418405540804,0.5575418490466993,0.5019131367854934,1.0626858005632454,1.0654094883057665,0.0,0.0008922742370387482,1.0,-8.525316144246567,0.9655636479603165,0.0,1.0,1.3348073273449645,-0.36575966044953545,44
2086Q3,226,-1.1546820330106768,1.1700491946581466,1.247019690125871,0.41626032276097535,-0.04683692736802847,0.0037679664643403884,0.008887183735660366,0.03507764420738979,0.008887183735660366,0.003999232681047165,0.01599693072418866,0.007233642590889531,0.003255139165900289,0.013020556663601156,0.14077207491290908,0.10740215479489276,0.5158433654822184,1.069870265976503,0.0,1.069870265976503,0.5540268898943966,0.5540269004942845,0.508528980553437,1.0649826854742046,1.068879542717029,0.0,0.0009907232594739135,1.0,-8.250280787738308,0.9385729396079305,0.0,1.0,1.2222755637987268,-1.0321669527072204,44
2086Q4,227,-0.6430872036021342,1.387854447222837,1.488133013675535,0.026116221014849894,-0.30538673853906867,0.003255139165900289,0.0085371319567032,0.03371371561690639,0.0085371319567032,0.0038417093805164395,0.015366837522065758,0.008770911180344662,0.003946910031155098,0.015787640124620392,0.14223807615762316,0.10618396944860223,0.5172479410751987,1.0664823432283932,0.0,1.0664823432283932,0.5492343957248129,0.5492344021531945,0.5122790752028793,1.0662694077284727,1.0658436904273927,0.0,0.0006386528010005055,1.0,-8.204557048287281,0.9333087947975731,0.0,1.0,1.1605374821068983,-0.8993525649902416,44
2087Q1,228,-1.5655258181188543,1.3252954281631966,2.3684794235206534,-0.22492812833686726,-0.9681366788851385,0.003946910031155098,0.009932466061074546,0.03914185072472465,0.009932466061074546,0.004469609727483546,0.017878438909934184,0.014082802470005913,0.006337261111502661,0.025349044446010643,0.13695222691386771,0.11093259478292562,0.4988281065717299,1.0521910822930354,0.0,1.0521910822930354,0.5533629621265574,0.5533629757213054,0.49791787835653045,1.0612835880436913,1.0520958474915896,0.0,9.523480144579821e-05,1.0,-8.942358200557857,1.004698558944283,0.0,1.0,1.4133578739981476,-0.7371317502629461,44
2087Q2,229,-0.8267328741229323,1.7380385162976308,0.573923985224774,-1.0844207745990548,-0.6334653883923294,0.006337261111502661,0.009369616842072236,0.03695501156679826,0.009369616842072236,0.004216327578932506,0.016865310315730023,0.0096147363916382,0.00432663137623719,0.01730652550494876,0.13891095085220917,0.10904956961512652,0.5087085725460789,1.0634530954743542,0.0,1.0634530954743542,0.5547445089567528,0.5547445229282753,0.5035301006705347,1.0632501686369242,1.0628071655882398,0.0,0.0006459298861143381,1.0,-8.532886412898746,0.9657620099136373,0.0,1.0,1.3029152709658927,0.09472322804979844,44
2087Q3,230,0.34101991457791425,1.4395968656403653,2.2341031457437754,-0.5330850532981763,-0.7497181021674955,0.00432663137623719,0.010191581094865888,0.040147337969393404,0.010191581094865888,0.004586211492689649,0.018344845970758597,0.01385421265906192,0.006234395696577864,0.024937582786311457,0.13612103344173554,0.11178725265223474,0.49696442119398254,1.0525072939354732,3.366751322175787e-11,1.0525072942721483,0.5555428731118333,0.5555428730781657,0.4954060787815982,1.060396640039847,1.0523426459791634,0.0,0.00016464795630977136,1.0,-9.016508791847041,1.0122164834881262,0.0,1.0,1.460277078880465,0.11626207419042182,44
2087Q4,231,-1.1592059339122298,0.9761032630898023,1.0943881393016048,0.07442338884902,0.3682981821677992,0.006234395696577864,0.008585272818731301,0.03390137556168693,0.008585272818731301,0.0038633727684290855,0.015453491073716342,0.007219200779385314,0.0032486403507233914,0.012994561402893566,0.1420303922230439,0.1063527569182209,0.5186684329788595,1.0702866247402325,0.0,1.0702866247402325,0.5516181777375518,0.5516181917613731,0.511756745577568,1.0660908921996575,1.0693499971226497,0.0,0.0009366276175828414,1.0,-8.144626130401663,0.928013972689443,0.0,1.0,1.16642979581718,-0.43512952989045545,44
2088Q1,232,0.0198068114133626,0.4810654141529127,0.6017037584284424,-0.7831584765658574,-0.5504204050493463,0.0032486403507233914,0.006957914749263054,0.027542528589679205,0.006957914749263054,0.0031310616371683746,0.012524246548673498,0.0060017269453214875,0.0027007771253946696,0.010803108501578678,0.1502763025753498,0.10035266384577025,0.5369028241195595,1.075699125792667,0.0,1.075699125792667,0.5387962862671487,0.5387963016731074,0.5308626835374426,1.0724500284350715,1.0748475129100548,0.0,0.0008516128826121516,1.0,-7.4843518683704415,0.8625344097116494,0.0,1.0,0.8920517498327406,-0.8783943931027021,44
2088Q2,233,-1.0366085086612489,0.09972646289440057,0.5198313476638514,-0.5841725533721195,-0.5671402351408942,0.0027007771253946696,0.006069440883472892,0.024057627848005025,0.006069440883472892,0.002731248397562801,0.010924993590251205,0.00639502019430245,0.0028777590874361028,0.011511036349744411,0.15603931227836704,0.09670167265521148,0.5471075019037741,1.0761696244657535,0.0,1.0761696244657535,0.5290621055630926,0.5290621225619794,0.5430261154973058,1.0762847453765643,1.0756014040176725,0.0,0.0005682204480810249,1.0,-7.138720765139121,0.8277943174264759,0.0,1.0,0.7322596950335608,0.11917255394429908,44
2088Q3,234,0.44179338133183466,0.8691968790196305,0.46711621835176187,-0.5674058827861981,0.33512795128864403,0.0028777590874361028,0.005307820511167607,0.021062841647511932,0.005307820511167607,0.002388519230025423,0.009554076920101693,0.005456742349097298,0.002455534057093784,0.009822136228375135,0.16186079297775743,0.09322231274158954,0.5590407127023531,1.0801914046405692,0.0,1.0801914046405692,0.5211506815481987,0.5211506919382161,0.5549938804061817,1.0798722230770696,1.0796109081600784,0.0,0.0005804964804907442,1.0,-6.74434002043927,0.7887784679868333,0.0,1.0,0.5926194824574915,-0.08791924301961244,44
2088Q4,235,0.04399367250361638,-0.011678960493097551,0.23047748764890064,-0.3730457224273977,9.28032918062413e-06,0.002455534057093784,0.0026229941797649673,0.010450768266754618,0.0026229941797649673,0.0011803473808942352,0.004721389523576941,0.0018943715610804331,0.0008524672024861949,0.0034098688099447796,0.19116159874453695,0.07502041663248585,0.6286426545182038,1.100252993508452,0.0,1.100252993508452,0.4716103385490751,0.4716103389902482,0.6242725549246394,1.097413296173497,1.0995560704424843,0.0,0.0006969230659676917,1.0,-4.747813055522067,0.5907288383497205,0.0,1.0,-0.10602110581443279,0.6219169498232846,44
2089Q1,236,0.579735835560538,-0.7768383911098807,0.34273959281428645,0.08265543978802636,-0.19367358004020835,0.0008524672024861949,0.002375073104272566,0.009466500142651713,0.002375073104272566,0.0010687828969226547,0.004275131587690619,0.0033785030457990344,0.0015203263706095656,0.0060813054824382625,0.19475130988403194,0.07239991884352959,0.6364552079005915,1.0972482785644688,0.0,1.0972482785644688,0.4607930539954458,0.4607930706638773,0.6353531237765032,1.0998553863570681,1.0970798837071867,0.0,0.0001683948572821503,1.0,-4.55922778512001,0.5712024521413914,0.0,1.0,-0.21287790282082714,0.8869044934620832,44
2089Q2,237,0.10855795444030585,0.011646024977934575,0.254751843250732,-0.2326391480866573,0.07746041512400233,0.0015203263706095656,0.0028353088862401936,0.011293092793378978,0.0028353088862401936,0.0012758889988080872,0.005103555995232349,0.002819477650980629,0.0012687649429412831,0.0050750597717651325,0.18822677636461305,0.07706637124062383,0.6190603617738998,1.0961477199321825,0.0,1.0961477199321825,0.4770873566082226,0.47708735815828274,0.6158418441577481,1.0955061369746713,1.095647844395865,0.0,0.0004998755363174734,1.0,-4.998201267785925,0.6153513618356512,0.0,1.0,-0.02423849276212801,0.22246432158926518,44
2089Q3,238,0.38067346344390374,0.09453668792655956,-0.05726182937063313,-0.1369014097166083,0.08658938048322797,0.0012687649429412831,0.003372316695999757,0.013421184942231212,0.003372316695999757,0.0015175425131998908,0.006070170052799563,0.0030713817419059557,0.0013821217838576802,0.005528487135430721,0.18134002067062532,0.0815887736898799,0.6017900963307877,1.0927832641690864,0.0,1.0927832641690864,0.49099315978343666,0.4909931678382987,0.5978408633096167,1.09126283688189,1.0921743762314107,0.0,0.0006088879376757728,1.0,-5.462910765212337,0.661708954737376,0.0,1.0,0.15279565228798855,-0.8337887665965518,44
2089Q4,239,0.20531570247344716,-0.5531159473835932,0.31331136182991426,-0.28472194420754754,-0.08350960578848882,0.0013821217838576802,0.0027065402680176765,0.010782288162604958,0.0027065402680176765,0.0012179431206079544,0.0048717724824318175,0.002017448174239516,0.0009078516784077822,0.003631406713631129,0.189991746968727,0.0758456515791547,0.6251816699110547,1.0993547982616718,0.0,1.0993547982616718,0.47417311109747956,0.4741731283506171,0.6208494419375923,1.0966444239970956,1.0986663141664996,0.0,0.0006884840951721927,1.0,-4.836428842540325,0.5995350325756247,0.0,1.0,-0.07234812105228547,0.37623705656704043,44
2090Q1,240,-0.07909571189323628,-0.4882694530065344,-0.24158015694151597,0.07572863625388992,-0.35166541930374606,0.0009078516784077822,0.0020725541491480887,0.008264479304399663,0.0020725541491480887,0.00093264936711664,0.00373059746846656,0.0016144431688031148,0.0007264994259614017,0.002905997703845607,0.19938169320990123,0.06879510517810773,0.6547862043652307,1.1052470643173709,0.0,1.1052470643173709,0.4504608579847999,0.45046085995214014,0.6511511024125519,1.103230569878117,1.10466277618414,0.0,0.0005842881332307481,1.0,-4.111425454666527,0.5272160460406913,0.0,1.0,-0.3658828206280239,0.5679489434963564,44
2090Q2,241,-0.6754455478485495,-0.5629952027896976,1.3068703557750365,0.282444712618092,0.042488582907814404,0.0007264994259614017,0.002134369788317012,0.008510184818935507,0.002134369788317012,0.0009604664047426554,0.0038418656189706216,0.0014708521329622744,0.0006618834598330235,0.002647533839332094,0.19841243322491645,0.06957279873253963,0.651743115668875,1.1051790635491583,0.0,1.1051790635491583,0.4534359261174894,0.4534359478802833,0.6476860040006408,1.1024998147402103,1.1045243221399739,0.0,0.0006547414091844228,1.0,-4.1820870538355965,0.5343468219237266,0.0,1.0,-0.32761297746844986,-0.10936545788051893,44
2090Q3,242,0.34750145671478494,0.4727084780405131,0.6142706303068108,0.1844079513397263,-0.42071718596553875,0.0006618834598330235,0.003531772151433255,0.01405242417600161,0.003531772151433255,0.0015892974681449648,0.006357189872579859,0.0032829234706136306,0.0014773155617761337,0.005909262247104535,0.17943424253840398,0.08278383314099044,0.5971534232321694,1.0914999346539167,0.0,1.0914999346539167,0.49434649348423154,0.49434651142174735,0.5932205104740941,1.0901300287659288,1.090897306842766,0.0,0.0006026278111506134,1.0,-5.592888025894419,0.6746114870276658,0.0,1.0,0.1940462198332323,-0.17140405701086234,44
2090Q4,243,-0.9023353617237155,0.32505016181491914,0.923382347329385,0.8303788550033883,-0.24713630625014155,0.0014773155617761337,0.004634817319694864,0.018410777879700135,0.004634817319694864,0.002085667793862689,0.008342671175450756,0.0034081803143106403,0.0015336811414397881,0.0061347245657591525,0.167796520731153,0.08975122900098238,0.5731154561905134,1.0874936329697358,0.0,1.0874936329697358,0.5143781655255726,0.5143781767792224,0.5673053399835029,1.083366746993731,1.0866066421035205,0.0,0.0008869908662152426,1.0,-6.295827825656616,0.7448491014242218,0.0,1.0,0.4498921838375005,1.2552090090883423,44
2091Q1,244,-0.2861560398364663,0.055203396906379515,0.5689099760861349,0.18192848846514925,-0.5044830335669478,0.0015336811414397881,0.0027508137308099195,0.01095793627025865,0.0027508137308099195,0.0012378661788644638,0.004951464715457855,0.0031174488020950116,0.0014028519609427552,0.005611407843771021,0.1893797424430127,0.07627216283576366,0.6216005604142072,1.095708758498585,0.0,1.095708758498585,0.47410819162714357,0.47410819808437776,0.6190923075725868,1.0962468823949678,1.0953225590953668,0.0,0.00038619940321815704,1.0,-4.9335299992800685,0.6087501479670641,0.0,1.0,-0.05844140301718487,0.874991550425584,44
2091Q2,245,-0.44828994053579896,-0.046879224732065905,0.012713684517283996,0.3709433654929165,-1.0209731725991598,0.0014028519609427552,0.0037952933966835796,0.015094966540900034,0.0037952933966835796,0.0017078820285076107,0.006831528114030443,0.0028433308917267474,0.0012794989012770363,0.005117995605108145,0.1764154702292571,0.08463762399637673,0.5913061763749508,1.091773681601091,0.0,1.091773681601091,0.500467498227583,0.5004675052261403,0.5861591267561992,1.0883592847577952,1.0909748337084608,0.0,0.0007988478926301834,1.0,-5.756507278778148,0.6911712289765377,0.0,1.0,0.2595212787103857,0.5804889079962937,44
2091Q3,246,-0.7543930908940977,0.7545565437369369,0.9238629708186464,0.04627646648654485,-0.9240912489010179,0.0012794989012770363,0.005617718617363903,0.02228223005170671,0.005617718617363903,0.002527973377813756,0.010111893511255025,0.005307166565500549,0.002388224954475247,0.009552899817900988,0.15938481122977882,0.0946861814596874,0.5547098973538048,1.0799435425618915,0.0,1.0799435425618915,0.5252336199832693,0.5252336452080867,0.5499137855990832,1.0783724667650578,1.0792523377248693,0.0,0.0006912048370222301,1.0,-6.883322890961015,0.8027440641416264,0.0,1.0,0.6461907559129503,0.8496119390451997,44
2091Q4,247,-0.4968269745138892,1.1801941017919315,0.9863529301547248,-0.11526422565108482,-0.5163055748232976,0.002388224954475247,0.005906406929649204,0.023417136839886887,0.005906406929649204,0.002657883118342142,0.010631532473368567,0.006991516840727104,0.003146182578327197,0.012584730313308787,0.15721213436836085,0.09598884986477697,0.5484409573073986,1.0748831269764267,0.0,1.0748831269764267,0.5264421671067444,0.5264421696690281,0.5454480167070089,1.0770259309685697,1.0744744763313103,0.0,0.00040865064511641513,1.0,-7.09696507009369,0.8233503244310417,0.0,1.0,0.6985905294558099,0.9448756119248073,44
2092Q1,248,-0.26255826256092163,1.0361540471946475,0.6815233698188154,0.08367967186103575,-0.14229663423945793,0.003146182578327197,0.0043920677186055496,0.017452867845731856,0.0043920677186055496,0.0019764304733724974,0.00790572189348999,0.00400330587049363,0.0018014876417221334,0.0072059505668885335,0.17014146700581295,0.08837737280382835,0.576771576912929,1.0865071562423199,0.0,1.0865071562423199,0.5097355667548588,0.5097355793293908,0.5722843579758193,1.0847255013994659,1.0858341401554945,0.0,0.000673016086825351,1.0,-6.187900920972269,0.7337886044555048,0.0,1.0,0.4058315545999487,-0.35449000000085873,44
2092Q2,249,-0.17039748572249913,-0.6919153516580336,-0.2619340253375086,-0.2784322955823113,-0.7478314637454523,0.0018014876417221334,0.00235694695927277,0.009394508985655303,0.00235694695927277,0.0010606261316727466,0.004242504526690986,0.002827255889030044,0.0012722651500635198,0.005089060600254079,0.1950208663993953,0.07219737345144736,0.6382857525962616,1.099111319248069,0.0,1.099111319248069,0.46082554848930435,0.4608255666518074,0.6362233267168319,1.1000443709124248,1.0987910712260347,0.0,0.00032024802203434177,1.0,-4.511686511651725,0.5666963860151089,0.0,1.0,-0.2159021028336628,-0.10004021820793008,44
2092Q3,250,1.158868203508561,0.07219818909025799,-0.5557123713849967,0.2618059772665205,0.01190052609691375,0.0012722651500635198,0.0018146921215935216,0.007239033734457667,0.0018146921215935216,0.0008166114547170847,0.003266445818868339,0.001882862024540337,0.0008472879110431516,0.0033891516441726063,0.20355792100048736,0.06528622030037964,0.6696420713205593,1.106826071664296,0.0,1.106826071664296,0.4371839979063657,0.4371840003437366,0.6671974538064954,1.106554419465688,1.106436088870601,0.0,0.000389982793694843,1.0,-3.773823700252711,0.49333508211422794,0.0,1.0,-0.5350672724863331,0.8123274307151267,44
2092Q4,251,0.76652572102953,-0.8751596563137762,-0.3686695595951117,0.542731011096488,0.8394139349578145,0.0008472879110431516,0.0014307942911315154,0.0057109058428435056,0.0014307942911315154,0.000643857431009182,0.002575429724036728,0.0014897051792420722,0.0006703673306589325,0.00268146932263573,0.21019251583663945,0.059086378745792416,0.6995122786417095,1.1128287610218452,0.0,1.1128287610218452,0.41331647433156327,0.41331648238013574,0.6973436792103157,1.1125838967860064,1.112478973899492,0.0,0.00034978712235322895,1.0,-3.1343782809517235,0.42956746076451346,0.0,1.0,-0.9080736366151746,-0.5939112008065858,44
2093Q1,252,1.704886718572777,-0.896171818598144,-0.38462856741014406,1.3904700064273894,0.6612001816086969,0.0006703673306589325,0.0011503114996762244,0.004593312786121295,0.0011503114996762244,0.000517640174854301,0.002070560699417204,0.0006918606326542027,0.0003113372846943912,0.0012453491387775647,0.21537591692738856,0.05356208384162827,0.7295360193526984,1.120290733617733,0.0,1.120290733617733,0.39075469434056975,0.3907547142650346,0.7263808739798772,1.1181979410172678,1.119770492339031,0.0,0.0005202412787019828,1.0,-2.542455485479211,0.3707342112632267,0.0,1.0,-1.5331593474605623,0.4731665566206678,44
2093Q2,253,1.108593579982027,-1.694187102200548,-0.5655250138770158,1.1176199980231916,0.25483885500179737,0.0003113372846943912,0.0011772183239675837,0.004700564761814907,0.0011772183239675837,0.0005297482457854127,0.0021189929831416507,0.0011940481786848272,0.0005373216804081723,0.002149286721632689,0.2148658230879044,0.054137398344578584,0.7252961149064866,1.117952574031739,0.0,1.117952574031739,0.39265644690467705,0.3926564591252525,0.7232526563454743,1.1176003913431822,1.1176202529393675,0.0,0.00033232109237157914,1.0,-2.624845219302757,0.3787472002498675,0.0,1.0,-1.437811087195796,0.702861393098603,44
2093Q3,254,1.678852989761894,-1.399175923080214,0.47610695206802073,1.4460903550871196,0.40548440700274374,0.0005373216804081723,0.0011002677297945844,0.004393812711137701,0.0011002677297945844,0.000495120478407563,0.001980481913630252,0.001235526154259994,0.0005559867694169973,0.0022239470776679892,0.21633205285806428,0.05246297096765065,0.7341122027224042,1.1192492833375516,0.0,1.1192492833375516,0.3851370717842356,0.3851370806151474,0.7324281082116615,1.119348724893009,1.118975718802411,0.0,0.0002735645351406024,1.0,-2.4594556414009348,0.3621895773706765,0.0,1.0,-1.7768200577411255,1.5384359106103285,44
2093Q4,255,1.7205674662128057,-1.9620457201510706,0.7072816547886922,1.4952133516799087,-0.15513609664870587,0.0005559867694169973,0.0010496947348380167,0.004192172410382611,0.0010496947348380167,0.00047236263067710753,0.0018894505227084301,0.0012179180227621085,0.0005480631102429489,0.0021922524409717955,0.21730818649217654,0.051311681977055316,0.7404130609705885,1.1203314633924584,0.0,1.1203314633924584,0.37991839516180903,0.3799184024218699,0.7388644666111119,1.1205675957894716,1.120079786814478,0.0,0.00025167657798030874,1.0,-2.3434551398322547,0.35059745087298255,0.0,1.0,-2.1878585197343408,1.0946900779608557,44
2094Q1,256,1.3363092089211335,-1.9241260941423843,0.2515498117727782,2.0198870518724807,0.9430390261921683,0.0005480631102429489,0.0010464920681407602,0.004179401981716624,0.0010464920681407602,0.0004709214306633421,0.0018836857226533683,0.0009322458917960068,0.00041951065130820306,0.0016780426052328122,0.21737033969585193,0.051237338923576896,0.74152702913479,1.121465756025095,0.0,1.121465756025095,0.37993871712772315,0.37993872689030495,0.739283741905492,1.1206467911929296,1.1210982945994392,0.0,0.00036746142565569073,1.0,-2.3218800640015904,0.34856849574885085,0.0,1.0,-2.229453747202391,1.4883638858418673,44
2094Q2,257,1.5568363561668288,-2.396296280303614,0.19395867735011177,1.9673528265372904,1.2810408091556824,0.00041951065130820306,0.0010292385514759843,0.004110602574027955,0.0010292385514759843,0.0004631573481641929,0.0018526293926567716,0.0008468052447607874,0.00038106236014235435,0.0015242494405694174,0.21770586755280397,0.050833802764436914,0.7439653164413476,1.1221512013686745,0.0,1.1221512013686745,0.37818586159561357,0.37818588492732697,0.741567414786351,1.1210777219229822,1.1217574913912753,0.0,0.00039370997739918145,1.0,-2.2772971360593512,0.34414865124579275,0.0,1.0,-2.500416477442877,0.800704542268043,44
2094Q3,258,1.6902052115676816,-2.5708001112971104,0.22147029593370815,1.3250926370385532,1.1747432227697563,0.00038106236014235435,0.0010300462224556214,0.004113823288870888,0.0010300462224556214,0.00046352080010502963,0.0018540832004201185,0.0007250454752087958,0.0003262704638439581,0.0013050818553758325,0.21769013468272175,0.05085280821846368,0.7441634434634509,1.1225914729831143,0.0,1.1225914729831143,0.37842800873638405,0.3784280295196635,0.7414595583264141,1.1210573860049107,1.1221460422586707,0.0,0.00044543072444369614,1.0,-2.273170572869202,0.3437907868230763,0.0,1.0,-2.4826255328545197,0.5180964967537888,44
2094Q4,259,2.1778375927514766,-2.1061917599873357,0.4799843272316643,1.695155754566213,0.8273819984977295,0.0003262704638439581,0.0010372616063470204,0.0041425954183976765,0.0010372616063470204,0.0004667677228561592,0.0018670708914246368,0.0008840763059549627,0.0003978343376797332,0.0015913373507189328,0.2175496980630285,0.05102209090005235,0.7428320770379584,1.1218405478686204,0.0,1.1218405478686204,0.379008457581054,0.379008470830662,0.7405002116578093,1.1208764288582198,1.1214580714459461,0.0,0.00038247642267430493,1.0,-2.2979708671500054,0.34619925237732085,0.0,1.0,-2.356810334832131,0.845482148703461,44
2095Q1,260,1.6271148538881453,-1.950232689181734,-0.3900901279928354,1.3439916682879158,1.0192864365079215,0.0003978343376797332,0.001077167750386317,0.004301714257333722,0.001077167750386317,0.0004847254876738427,0.0019389019506953708,0.0008544116995189976,0.00038448526478354893,0.0015379410591341957,0.21677667745932128,0.05194231875700718,0.7378614048415806,1.1211237476372446,0.0,1.1211237476372446,0.383262322887745,0.38326234279566407,0.7353257468441418,1.1198981966915824,1.1207075063250405,0.0,0.0004162413122041908,1.0,-2.3885252548269085,0.35526804021790725,0.0,1.0,-1.924368459197184,0.385183137432933,44
2095Q2,261,1.3929741588676832,-1.9517011994475988,-0.14417999327107278,0.9383799898393236,1.93028011814985,0.00038448526478354893,0.001083868969306806,0.004328432337386778,0.001083868969306806,0.0004877410361880627,0.001950964144752251,0.0016416832165947143,0.0007387574474676215,0.002955029789870486,0.21664747942583928,0.05209424804434362,0.7351157114322948,1.1180687174549149,0.0,1.1180687174549149,0.3829530021264809,0.38295300602262006,0.7344779802389253,1.1197375633729436,1.1179662899011147,0.0,0.00010242755380018842,1.0,-2.4426881236557993,0.3603300549181123,0.0,1.0,-1.8753184573617216,0.3761960162857775,44
2095Q3,262,1.7291122388275206,-1.7239824844374447,-1.1146487878924582,0.4579626189747925,0.7011175062824133,0.0007387574474676215,0.0011231528214036505,0.004485048117766399,0.0011231528214036505,0.0005054187696316427,0.002021675078526571,0.0009682637032439464,0.0004357186664597759,0.0017428746658391036,0.21589360895788343,0.05297039759495272,0.7320316384228269,1.1197917167620353,0.0,1.1197917167620353,0.3877600693934181,0.38776007833920834,0.729624612835751,1.1188159190711022,1.119397824323196,0.0,0.00039389243883936054,1.0,-2.4969688128058483,0.366061162614125,0.0,1.0,-1.6485319071653108,0.1880441972416287,44
2095Q4,263,0.8927989063507045,-0.9058166444789646,-0.6193091172134562,0.5555870286828787,-0.3393515755999217,0.0004357186664597759,0.0011939484600263469,0.004767247568477795,0.0011939484600263469,0.0005372768070118562,0.0021491072280474246,0.0012806729787248098,0.0005763028404261644,0.0023052113617046577,0.2145500538229517,0.05448981029044939,0.7232430067177601,1.1173367551376856,0.0,1.1173367551376856,0.39409374229944966,0.3940937484199255,0.7213488420697273,1.117235945219536,1.1170294516014851,0.0,0.0003073035362004539,1.0,-2.6643743414918175,0.38266113130875556,0.0,1.0,-1.3827531430194613,0.31991561774715627,44
2096Q1,264,0.3766793347301308,-0.7561627185587225,-0.8968423554951589,0.0940178854703691,0.5790886094652008,0.0005763028404261644,0.0013463022088621352,0.005374343415188276,0.0013463022088621352,0.0006058359939879608,0.0024233439759518433,0.00126821529417313,0.0005706968823779085,0.002282787529511634,0.21172312899247117,0.057525493556589445,0.7077331519744587,1.114860158497836,0.0,1.114860158497836,0.40712698873691466,0.4071270065233772,0.7053275963417693,1.1141436189376421,1.1144697535825436,0.0,0.00039040491529229726,1.0,-2.9673260127205143,0.4129619043896735,0.0,1.0,-1.039148140976356,-0.19926122546873,44
2096Q2,265,0.7819161201439415,-0.47408508553832884,-0.5401360728866231,-0.3554455648281656,0.5999767593191635,0.0005706968823779085,0.0014290501173298848,0.005703959033256378,0.0014290501173298848,0.0006430725527984481,0.0025722902111937926,0.003170675574149737,0.0014268040083673817,0.005707216033469527,0.21022384878961095,0.05905496849331746,0.6959824907286756,1.1069947523671657,0.0,1.1069947523671657,0.41101224061882546,0.41101226163849014,0.6975026958080859,1.112615096418921,1.085386090632571,0.0021842365840927247,0.021608661734594747,1.0,-3.214445290252157,0.43681772501684835,0.0,1.0,-0.9107049426074338,-0.5517725086782486,44
2096Q3,266,1.5197417101931205,-1.1760199569580578,-0.5518307046364552,1.0052607060284109,1.1574162163687969,0.0014268040083673817,0.0011705136365559661,0.004673840346199554,0.0011705136365559661,0.0005267311364501848,0.0021069245458007393,0.0009515363265054231,0.0004281913469274404,0.0017127653877097616,0.21499266950063187,0.05399503452053769,0.7266215275420117,1.1189610861212111,0.0,1.1189610861212111,0.39233954462996745,0.39233955857919944,0.7240244038149644,1.1177479561776498,1.1185358899941353,0.0,0.0004251961270758109,1.0,-2.5986045002157883,0.3762322586746514,0.0,1.0,-1.451512660012776,-0.9057901296125708,44
2096Q4,267,1.0514836935460143,-0.9444836611013441,-1.2735157981450225,0.5889893374813857,1.2627075279905555,0.0004281913469274404,0.0012128782278881408,0.004842693604747095,0.0012128782278881408,0.0005457952025496634,0.0021831808101986537,0.0013582262291174602,0.0006112018031028571,0.0024448072124114285,0.21419405437429867,0.05488377057080804,0.7210066573322923,1.1167223127417185,0.0,1.1167223127417185,0.3957156396105074,0.3957156554094262,0.719231618009639,1.116829931027518,1.1164349552078585,0.0,0.00028735753385999985,1.0,-2.7076092554221196,0.3869497237391091,0.0,1.0,-1.3205659516980415,-1.0408948761888561,44
2097Q1,268,0.9526350911371304,-1.4957994306799784,-0.9217324758530689,0.7437177334679242,0.7752337629121603,0.0006112018031028571,0.0011381002785825752,0.004544635375786532,0.0011381002785825752,0.0005121451253621588,0.002048580501448635,0.0009177471609737083,0.00041298622243816875,0.001651944889752675,0.21560833227931098,0.0532974346391959,0.7304045893165126,1.1196915006832409,0.0,1.1196915006832409,0.3892869085926556,0.3892869113667282,0.7278283900391443,1.1184739157085362,1.119269338552721,0.0,0.0004221621305198209,1.0,-2.52717194838779,0.36910420861634086,0.0,1.0,-1.5783187915178378,-0.3465894933412879,44
2097Q2,269,0.8486651239614592,-1.0823821182427489,-0.05722962224060457,1.0938238682827173,0.2867555337666851,0.00041298622243816875,0.0013204390559611505,0.005271304074056626,0.0013204390559611505,0.0005941975751825177,0.0023767903007300708,0.0016326447195835656,0.0007346901238126046,0.0029387604952504183,0.21219690291725474,0.05703102833994248,0.7093923237510106,1.1139660750484863,0.0,1.1139660750484863,0.4045737371998154,0.40457375129747575,0.7078920330287424,1.1146418228565402,1.1137250486949102,0.0,0.00024102635357614588,1.0,-2.935918747613634,0.40965718463755085,0.0,1.0,-1.086936812932213,0.17563935815960524,44
2097Q3,270,1.4658562896819154,-0.2684083760490352,-0.07061548128554973,0.6509729424663885,-0.5674203467849055,0.0007346901238126046,0.0015187226387274484,0.006061065450716607,0.0015187226387274484,0.0006834251874273518,0.0027337007497094073,0.000998922295474733,0.00044951503296362987,0.0017980601318545195,0.2086271700446036,0.060628111282023056,0.6931081486223654,1.113326543645804,0.0,1.113326543645804,0.42021837965153747,0.4202183950234386,0.6896190559179541,1.1110614139906128,1.1127560600676831,0.0,0.0005704835781208395,1.0,-3.264257781828304,0.44277626314986684,0.0,1.0,-0.7969544496797265,-0.7738714824763867,44
2097Q4,271,-0.11276636545597496,-0.8078806157260903,-0.5147751444158951,0.7013523940118469,0.6817505533316468,0.00044951503296362987,0.0017663088663629994,0.007046538416103809,0.0017663088663629994,0.0007948389898633498,0.003179355959453399,0.0020348481184232227,0.0009156816532904503,0.003662726613161801,0.20436602911809654,0.06457505798845978,0.6725368238273011,1.1068278900955777,0.0,1.1068278900955777,0.4342910439802252,0.4342910662682766,0.6705352240399056,1.1072346221591465,1.1065099496133206,0.0,0.00031794048225708416,1.0,-3.710230780707928,0.48690739641750236,0.0,1.0,-0.5704107623127851,0.5074635391753607,44
2098Q1,272,0.24266540944512055,1.1105471012634536,0.29965656863297774,0.46698464825438446,0.4653742703475345,0.0009156816532904503,0.002639995802453419,0.010518239292841902,0.002639995802453419,0.0011879981111040385,0.004751992444416154,0.002139791586198744,0.0009629062137894347,0.003851624855157739,0.19092193592497758,0.07519056813370781,0.6275357324168797,1.0993834224848447,0.0,1.0993834224848447,0.4718476824462762,0.471847690067965,0.6235642198368102,1.0972547879410548,1.098754450312808,0.0,0.0006289721720367236,1.0,-4.7769764968876185,0.5935347434749725,0.0,1.0,-0.09827942905394885,0.4283017228913279,44
2098Q2,273,-1.2333014597747547,1.0714716335431937,0.18802334175604463,0.6452159898342719,-0.7698518286718012,0.0009629062137894347,0.003967242406467327,0.0157747850661909,0.003967242406467327,0.001785259082910297,0.007141036331641188,0.002942098253934611,0.0013239442142705749,0.0052957768570822995,0.1745300807336077,0.0857749255714212,0.5872029540542056,1.09087585674488,0.0,1.09087585674488,0.5036728967931816,0.5036729026906743,0.5818884501374617,1.0872635754846014,1.0900533811539899,0.0,0.0008224755908901038,1.0,-5.875126420711885,0.7029886978569179,0.0,1.0,0.30459472832557644,0.14650263234921618,44
2098Q3,274,-0.40971953582574927,0.5871190938301312,0.21971877057240927,-0.4139560559925407,-0.5754105687608805,0.0013239442142705749,0.003518819815904286,0.014001160834335558,0.003518819815904286,0.0015834689171569287,0.006333875668627715,0.0032646746823206097,0.0014691036070442745,0.005876414428177098,0.17958677783571517,0.08268893978217115,0.5975213260601853,1.0916053741478997,1.276202477029642e-10,1.0916053754241022,0.49408404949153717,0.4940840493639169,0.5935854060433684,1.0902202105428807,1.0910019636042143,0.0,0.0006034105436854009,1.0,-5.582495374991986,0.6735804338921543,0.0,1.0,0.1873641478178478,0.41246724977622207,44
2098Q4,275,-0.33552726401625044,0.40975059790317697,0.27820452010373553,-0.14551194571513615,-0.18612401949826346,0.0014691036070442745,0.0040725090588159835,0.016190794155613086,0.0040725090588159835,0.0018326290764671927,0.007330516305868771,0.0035012003334972605,0.0015755401500737673,0.006302160600295069,0.17340754536750824,0.08644584910379427,0.5840391810630837,1.0889168106287872,0.0,1.0889168106287872,0.5048776291688292,0.5048776295657035,0.5793903611741785,1.0866135040620755,1.0882090529113053,0.0,0.0007077577174818828,1.0,-5.969894326887543,0.7122138925386805,0.0,1.0,0.33127815577805014,-0.11329674209742208,44
2099Q1,276,0.04184425032734293,0.06721800791444718,0.9277603969606026,0.12902097955870426,-0.3380131206584425,0.0015755401500737673,0.0038046892077557987,0.01513212296322175,0.0038046892077557987,0.0017121101434901095,0.006848440573960438,0.003388687008137354,0.0015249091536618095,0.006099636614647238,0.1763107576761054,0.08470116560724883,0.5902279151868393,1.0901578502452376,0.0,1.0901578502452376,0.49992992390261687,0.49992993505839833,0.5859193072889897,1.0882982652380169,1.0894997064746286,0.0,0.000658143770609021,1.0,-5.789856567627683,0.6942607476091065,0.0,1.0,0.2616709872997906,0.6245741338291494,44
2099Q2,277,0.053060877657175896,-0.556624813522745,0.21553519356965148,-0.2463475569141914,-0.28565329833616315,0.0015249091536618095,0.0032083216746582937,0.012771658722101176,0.0032083216746582937,0.0014437447535962321,0.0057749790143849285,0.0028943278875023085,0.0013024475493760388,0.005209790197504155,0.18336481929233633,0.08029469569599396,0.6068066335488767,1.0940401763081027,0.0,1.0940401763081027,0.4872335398711757,0.48723354275922603,0.6029065898614823,1.0924830844811655,1.0934357649920514,0.0,0.0006044113160512676,1.0,-5.32473880003076,0.6479714324536999,0.0,1.0,0.09665803118453534,0.5651434075085838,44
2099Q3,278,0.31018402748267637,0.47475550424261564,0.39558560549055455,0.03011075047918499,0.10587206673500466,0.0013024475493760388,0.003617034076166107,0.014389827806146505,0.003617034076166107,0.0016276653342747482,0.006510661337098993,0.003735836210435916,0.0016811262946961622,0.006724505178784649,0.17843998630121105,0.08339934204033098,0.5942460271701069,1.089843306346634,0.0,1.089843306346634,0.4955972767606756,0.4955972791765271,0.5908618966501014,1.089544039224316,1.0893316639272916,0.0,0.0005116424193423175,1.0,-5.676858096449674,0.6828046833502712,0.0,1.0,0.21046143798308484,1.0706554729812003,44
2099Q4,279,-1.0208844685160574,0.04688968302105592,0.34593053889554676,-0.6234694941055547,-0.2988265781477423,0.0016811262946961622,0.003527079328262662,0.014033850938301673,0.003527079328262662,0.001587185697718198,0.006348742790872792,0.0035581230705675026,0.0016011553817553762,0.006404621527021505,0.17948946249047693,0.08274949499714485,0.5968344480066665,1.0907119403806913,0.0,1.0907119403806913,0.4938774916945136,0.4938774923740248,0.5933525072752835,1.090162666806398,1.090182725619229,0.0,0.0005292147614623932,1.0,-5.603076591707575,0.6755065037890021,0.0,1.0,0.18653789808527296,0.9905289062885145,44
2100Q1,280,-0.4254869409982928,0.5395216980924998,0.5533890692286608,-0.40931573472084426,0.36951353203305604,0.0016011553817553762,0.005286008731248083,0.020976973618664352,0.005286008731248083,0.0023787039290616373,0.00951481571624655,0.004998757998032465,0.0022494410991146093,0.008997764396458437,0.16204090453564776,0.09311644358485749,0.5600173757607617,1.0814856581152623,0.0,1.0814856581152623,0.5214682637656691,0.5214682823545006,0.5553638257867075,1.0799801075611755,1.0808085405853054,0.0,0.0006771175299569165,1.0,-6.711082879388355,0.785658846839721,0.0,1.0,0.5857255287231895,0.4195735004682062,44
2100Q2,281,0.08094279993841991,0.1746717540960917,0.5779052479906934,-0.2566788803598798,-0.299632470401625,0.0022494410991146093,0.004164473646722899,0.01655412613680507,0.004164473646722899,0.0018740131410253048,0.007496052564101219,0.0047853757701904025,0.002153419096585681,0.008613676386342724,0.1724460716997826,0.08701733073134335,0.5801448312043083,1.0849713820593154,0.0,1.0849713820593154,0.5048265464898466,0.5048265508550072,0.5772747617461583,1.0860575100298564,1.0845510150141433,0.0,0.00042036704517212087,1.0,-6.090609173758757,0.7237074982792902,0.0,1.0,0.3556400004617768,-0.6304076860162697,44
2100Q3,282,-0.7072392430579126,0.2685801244680617,-0.11412815503777263,-0.8054891094344034,-0.40868204926265217,0.002153419096585681,0.005292555978360762,0.02100274923840595,0.005292555978360762,0.002381650190262343,0.009526600761049372,0.00524662690175573,0.0023609821057900787,0.009443928423160315,0.161986757916264,0.0931482637657766,0.5595681325335025,1.0807961427868087,0.0,1.0807961427868087,0.5212280000415372,0.5212280102533062,0.555252602516771,1.079947690052612,1.0801730226354629,0.0,0.0006231201513458018,1.0,-6.72653440821457,0.7870924587156669,0.0,1.0,0.5934400252164851,-0.7958386056976332,44
2100Q4,283,-1.1049991157802783,0.6618523412873136,1.0405674044264415,-0.6528250522974877,-0.27013757198854343,0.0023609821057900787,0.004300388808783401,0.01709091294396614,0.004300388808783401,0.0019351749639525304,0.007740699855810122,0.0053090344954692704,0.002389065522961172,0.009556262091844688,0.1710571756314341,0.0878384270796018,0.5766098424072018,1.0830948665774587,0.0,1.0830948665774587,0.5064850159566567,0.5064850241702569,0.574254505232561,1.0852548583678305,1.0827554404805078,0.0,0.0003394260969509233,1.0,-6.1986399154859075,0.7342749260256296,0.0,1.0,0.39304545154471043,-1.8049557034994983,44
2101Q1,284,-1.3089975046412645,0.23806103682189164,-0.39894107460458095,-0.8887152597141902,0.7522949526623748,0.002389065522961172,0.003653339212308775,0.014533470389523129,0.003653339212308775,0.0016440026455389488,0.006576010582155795,0.0040849775123074855,0.0018382398805383685,0.007352959522153474,0.17802176642331377,0.08365673654204361,0.5927858788227616,1.0886912012115042,0.0,1.0886912012115042,0.4959053209051955,0.49590532238874263,0.5898797397893547,1.089298434701363,1.0882563916605876,0.0,0.0004348095509165706,1.0,-5.719880041063581,0.6869497642258198,0.0,1.0,0.2365891734454211,-2.009692685396475,44
2101Q2,285,-1.0253364595564094,0.28300666892001225,0.13178619158639537,0.11769112286013239,0.3511012656923683,0.0018382398805383685,0.003276548145517691,0.013041918565354416,0.003276548145517691,0.001474446665482961,0.005897786661931844,0.003835633337282913,0.001726035001777311,0.006904140007109244,0.1825143302533463,0.08084150535858833,0.6032544080314365,1.0909343583168942,0.0,1.0909343583168942,0.487679944594654,0.48767995028545774,0.6007580118822615,1.0919682111127078,1.0905580524351506,0.0,0.00037630588174364377,1.0,-5.426014386054338,0.6576754036036565,0.0,1.0,0.12965660529040632,-1.7515349370554747,44
2101Q3,286,-0.11995954648211607,0.492179980706017,0.5982000747803615,0.2631357566455504,0.13781408016192057,0.001726035001777311,0.003338922801639424,0.013288949544079776,0.003338922801639424,0.0015025152607377407,0.006010061042950963,0.0026193814775162315,0.0011787216648823041,0.0047148866595292166,0.1817469304881139,0.08133082268213021,0.6034655388275316,1.0942690314767665,0.0,1.0942690314767665,0.4908034873315814,0.49080349264923484,0.5988453697687188,1.091506567278384,1.0935473020085362,0.0,0.0007217294682302366,1.0,-5.414741651350076,0.6570954434701253,0.0,1.0,0.13996162064166087,-0.24538614175883677,44
2101Q4,287,-0.29554955341329486,-0.48027248042731013,0.0451005086520217,-0.5409067139592628,-0.38178213017327584,0.0011787216648823041,0.002346437804382084,0.009352768240786569,0.002346437804382084,0.0010558970119719378,0.004223588047887751,0.0022218910227248564,0.0009998509602261855,0.003999403840904742,0.19517760124043992,0.07207921092479144,0.639880967982193,1.101102146618334,0.0,1.101102146618334,0.46122115257948204,0.461221178636141,0.6367319226808539,1.100154647485847,1.1006045927673922,0.0,0.0004975538509417454,1.0,-4.469904698104025,0.5627906188501763,0.0,1.0,-0.2199627988248153,-0.2535088926739624,44
2102Q1,288,-0.08877466780101878,0.021384514811382815,-1.3968764090253787,0.41886322200062387,0.31071374107927685,0.0009998509602261855,0.002027806472007921,0.00808658722994926,0.002027806472007921,0.0009125129124035645,0.003650051649614258,0.002228972600143525,0.001003037670064586,0.004012150680258344,0.20009091134520982,0.06821772075395749,0.6560785991939737,1.10364048916944,0.0,1.10364048916944,0.44756186672462095,0.4475618899754663,0.6537446354753904,1.1037743093320551,1.103271793800021,0.0,0.0003686953694190809,1.0,-4.084106219102853,0.5242075842402207,0.0,1.0,-0.3868518944138683,-0.39985563746373187,44
2102Q2,289,0.6225561874113889,-0.2089838227057383,-0.27241256530030095,0.1845537501498411,0.3659887378733076,0.001003037670064586,0.002183576809080744,0.008705740812746221,0.002183576809080744,0.0009826095640863347,0.003930438256345339,0.0019419317646292471,0.0008738692940831612,0.003495477176332645,0.19764946829733093,0.07017601875247145,0.6482986746742042,1.1032488942933403,0.0,1.1032488942933403,0.4549501995113934,0.45495021961913606,0.6450202386213854,1.1019341471702733,1.1027267662824585,0.0,0.000522128010881806,1.0,-4.265727497596293,0.5424988804655462,0.0,1.0,-0.30339492234581844,0.28013861264793516,44
2102Q3,290,-0.5775967006470526,-0.1930921812961163,-0.15373431941441337,0.5724176003581194,0.5549441783223502,0.0008738692940831612,0.0023119072407966927,0.009215608871869785,0.0023119072407966927,0.0010403582583585118,0.004161433033434047,0.001794170415527012,0.0008073766869871554,0.0032295067479486215,0.19569493877221003,0.07168711895976373,0.6422834601695124,1.102717974386695,0.0,1.102717974386695,0.46043450815060505,0.4604345142171826,0.6384245318064291,1.1005207181006726,1.102100830509668,0.0,0.0006171438770270488,1.0,-4.4095233315449605,0.5569449564675089,0.0,1.0,-0.2395476657061621,0.3522294365399505,44
2102Q4,291,0.414163864164763,-0.3779590003910786,0.35142680941673815,0.18872116722000515,0.6012724597702511,0.0008073766869871554,0.0029237359173366183,0.011643754177076748,0.0029237359173366183,0.0013156811628014782,0.005262724651205913,0.003063805901244009,0.001378712655559804,0.005514850622239216,0.1870409772997771,0.07787107214799881,0.6155748274292098,1.0949295629579003,0.0,1.0949295629579003,0.47935471799231905,0.47935473552869057,0.6125764845561059,1.0947547149362964,1.0944671798878673,0.0,0.00046238307003299006,1.0,-5.090765606911459,0.6244978480355862,0.0,1.0,0.005834982840944701,0.3685373340187421,44
2103Q1,292,0.2634294787627563,0.021110100655177655,0.22727402871452002,-0.0787941099757774,0.28100919425772625,0.001378712655559804,0.002594868128421536,0.010339142313248728,0.002594868128421536,0.0011676906577896913,0.004670762631158765,0.0023779016696711896,0.0010700557513520354,0.0042802230054081415,0.19155988324845902,0.07473638011307066,0.6289053532287076,1.0989264614396381,0.0,1.0989264614396381,0.47002109534045655,0.47002110821093057,0.625457957247214,1.0976778843757193,1.098384187973719,0.0,0.0005422734659190631,1.0,-4.743344143955791,0.590064358644227,0.0,1.0,-0.11540440368210414,0.281725415840373,44
2103Q2,293,-0.25109791780056606,-0.19367902556149202,0.23298444790873596,-0.39454860266942415,0.8428469666990343,0.0010700557513520354,0.002764518605175908,0.011012303495616438,0.002764518605175908,0.0012440333723291587,0.004976133489316635,0.0035390761427626116,0.0015925842642431753,0.006370337056972701,0.18919139934664847,0.076402721618319,0.62036545568922,1.094341553927682,0.0,1.094341553927682,0.47397609212645087,0.473976098238462,0.6185560552638537,1.0961251599887276,1.094066390882672,0.0,0.0002751630450099629,1.0,-4.96745643089865,0.6119530588256219,0.0,1.0,-0.044257632976246714,-0.8196331543368881,44
2103Q3,294,-1.1294511835375247,0.3625532902760524,0.19082215033657118,-0.1521336613243539,0.21729470055576378,0.0015925842642431753,0.003679275603678349,0.014636079044084482,0.003679275603678349,0.0016556740216552572,0.006622696086621029,0.00445503181530082,0.002004764316885369,0.008019057267541476,0.17772485195503332,0.0838389526407458,0.5915629453980457,1.0875231319856156,0.0,1.0875231319856156,0.49596017763246847,0.4959601865875699,0.589185919010271,1.0891243599483342,1.0871714453292944,0.0,0.0003516866563211263,1.0,-5.7564193389319716,0.6904371695763117,0.0,1.0,0.23520171351890976,-0.4736945641177893,44
2103Q4,295,-0.6026738603366832,0.1705461663658307,0.8950797247842581,-0.4369045897599534,-0.5443559635295625,0.002004764316885369,0.0047624256092335115,0.018914049796961208,0.0047624256092335115,0.00214309152415508,0.00857236609662032,0.005000637720098744,0.0022502869740444347,0.009001147896177739,0.16660879479980634,0.09044498916164302,0.5685200999074258,1.0827180430314063,0.0,1.0827180430314063,0.5141979427430333,0.5141979431239805,0.5648142778080026,1.0826753961881166,1.0821788565506878,0.0,0.0005391864807184898,1.0,-6.444030483309191,0.7589527613568746,0.0,1.0,0.4842891707687157,-0.17591893853873242,44
2104Q1,296,0.050295720101837305,0.5538216724241853,0.04026311834419038,0.04633344697836955,-0.02454801288644301,0.0022502869740444347,0.0031674559203445445,0.012609754032193221,0.0031674559203445445,0.0014253551641550451,0.0057014206566201805,0.002967297964474924,0.0013352840840137156,0.0053411363360548626,0.18387985421486397,0.0799611619214338,0.6079158612295557,1.0940124609473723,0.0,1.0940124609473723,0.4860965861438437,0.4860965997178166,0.6042230158812064,1.0927966528500308,1.0934413729050332,0.0,0.0005710880423390741,1.0,-5.294997441384888,0.644964460054475,0.0,1.0,0.08996863470916068,-0.5310445484759402,44
2104Q2,297,-1.1274310449077405,-0.08226506638634373,0.32681094880964046,-0.5858078246014365,0.7071361633054596,0.0013352840840137156,0.003235190191255276,0.012878097365930485,0.003235190191255276,0.0014558355860648743,0.005823342344259497,0.0036820327877585116,0.0016569147544913303,0.006627659017965321,0.1830284917706858,0.08051151343775093,0.6047103342415557,1.0915718014025992,0.0,1.0915718014025992,0.48686144201235865,0.4868614671610435,0.6020532198836342,1.0922790520175494,1.0911694323103085,0.0,0.00040236909229074413,1.0,-5.385411966769139,0.6536842819224226,0.0,1.0,0.11409976039057187,-1.164635554207162,44
2104Q3,298,-0.7790365313018591,0.5913511430206186,0.607726653251917,-1.3200555098281943,-0.7360515902233176,0.0016569147544913303,0.004938325952699913,0.019607462561848976,0.004938325952699913,0.002222246678714961,0.008888986714859845,0.003992124695194424,0.001796456112837491,0.007185824451349964,0.165020530303203,0.09137219618633513,0.5669941780066775,1.0850692203348882,0.0,1.0850692203348882,0.5180750326933596,0.5180750423282107,0.561508893125526,1.0817458648670562,1.0842462332104088,0.0,0.0008229871244793685,1.0,-6.486829791045636,0.7636865229917261,0.0,1.0,0.5280024316921211,-1.622652446219117,44
2104Q4,299,-1.0894262516710789,0.5833241390462685,1.0110834840835046,-0.24750790298853653,-0.6959899457232008,0.001796456112837491,0.007995174728834062,0.031599202211968325,0.007995174728834062,0.003597828627975328,0.014391314511901312,0.010645559401652592,0.004790501730743667,0.019162006922974668,0.1447179977510597,0.10425259279933992,0.5201747244973461,1.0624703745356177,0.0,1.0624703745356177,0.5422956373753065,0.5422956500382715,0.5183183947458258,1.0683158253853704,1.062247438646237,0.0,0.00022293588938060438,1.0,-8.104214470315796,0.9224309453008359,0.0,1.0,1.068329538366565,-0.9902719841331874,44
2105Q1,300,-2.4338744765438687,0.9173336469595317,1.6488076769313398,-0.598490866636357,-0.7036970644947376,0.004790501730743667,0.00893824612190047,0.03527648102856806,0.00893824612190047,0.004022210754855211,0.016088843019420845,0.008785471595543113,0.003953462217994401,0.015813848871977603,0.14056658541019795,0.1075781611481441,0.5135272662892655,1.065970474284751,0.0,1.065970474284751,0.5524431900683251,0.5524432079954854,0.507990933429684,1.0647971324272143,1.0652592471922073,0.0,0.0007112270925435649,1.0,-8.344696958793794,0.947316233661385,0.0,1.0,1.2336310210102586,-1.4796956740439722,44
2105Q2,301,-1.6179014178323037,1.0130394062111097,1.3027881862067547,-0.12771913365691034,-0.7496338838363481,0.003953462217994401,0.00825323412855573,0.032606485337976276,0.00825323412855573,0.0037139553578500787,0.014855821431400315,0.0077382550558598275,0.0034822147751369225,0.01392885910054769,0.14350392611415713,0.10517972135775239,0.5212081141734165,1.0694133772201748,0.0,1.0694133772201748,0.5482052421815954,0.5482052630467583,0.5154049689561822,1.0673327593401696,1.0686405268038566,0.0,0.0007728504163182492,1.0,-8.053015761040301,0.9186193613288931,0.0,1.0,1.1139177565135785,-1.3068045980082141,44
2105Q3,302,-0.9972826068624848,1.0793732564979777,1.913237393924482,-1.2297766589553383,-0.8611277778702353,0.0034822147751369225,0.010606503838580281,0.04175578799510882,0.010606503838580281,0.0047729267273611264,0.019091706909444506,0.009944685606583072,0.004475108522962383,0.01790043409184953,0.13487530332806696,0.11314161737413972,0.49796648026119894,1.0613738282842167,0.0,1.0613738282842167,0.5634073297485966,0.5634073480230177,0.4914705048900452,1.058999050726305,1.060573206369347,0.0,0.0008006219148697369,1.0,-8.958423674939834,1.008167258971021,0.0,1.0,1.545591086936995,0.37516533010562925,44
2105Q4,303,-2.065698404238032,2.2028798553516116,2.350954900974842,-1.3750997798757008,-0.5732800091000508,0.004475108522962383,0.012514920734534633,0.04912775947113357,0.012514920734534633,0.005631714330540585,0.02252685732216234,0.014515501526089625,0.006531975686740331,0.026127902746961324,0.1302892922717534,0.11918407584161203,0.4786611574910838,1.0491490440293147,0.0,1.0491490440293147,0.5704878769685113,0.570487886538231,0.4745621788028712,1.0528943974322686,1.0487281599010136,0.0,0.0004208841283011022,1.0,-9.788924909702642,1.0891605152835238,0.0,1.0,2.0978210566358757,-1.247694203409069,44
2106Q1,304,-1.2310036413910677,1.5404535979367824,2.55829814536342,-1.8513357539599158,-1.2428716861466436,0.006531975686740331,0.012410787595983814,0.048726607184633175,0.012410787595983814,0.005584854418192717,0.022339417672770867,0.015066826666492148,0.006780071999921467,0.02712028799968587,0.1304977545671905,0.11886136731696298,0.47883216335516576,1.047978638009406,0.0,1.047978638009406,0.5691464565173437,0.5691464746542403,0.4754391661010303,1.0532148555167553,1.0476386621274971,0.0,0.00033997588190892714,1.0,-9.783944651687658,1.0884143931688444,0.0,1.0,2.0588210451874214,-1.6872303192725813,44
2106Q2,305,-1.2036117957313457,1.2168238529516264,2.6218686860857527,-2.574178384388102,-0.8794733955162297,0.006780071999921467,0.012206609281658187,0.04793968226741396,0.012206609281658187,0.005492974176746184,0.021971896706984736,0.012626654635600898,0.005681994586020404,0.022727978344081617,0.1309190353599221,0.11822642213375739,0.48283889275922615,1.0536820542377698,0.0,1.0536820542377698,0.5708431475794828,0.5708431614785436,0.4771730531463146,1.0538472090041917,1.053052125882859,0.0,0.0006299283549109358,1.0,-9.599661617837985,1.071084167197778,0.0,1.0,1.983057412452743,-1.4758799093686987,44
2106Q3,306,-2.0295123966175295,1.296431788617792,0.7569248591780057,-0.4600956118539168,-1.417229469623594,0.005681994586020404,0.00986031988790399,0.038861749363216735,0.00986031988790399,0.004437143949556795,0.01774857579822718,0.007631680195802171,0.0034342560881109774,0.01373702435244391,0.13719131431558518,0.11069332820539181,0.5067715165119909,1.067733783115389,0.0,1.067733783115389,0.5609622580240595,0.5609622666033981,0.498625025072223,1.0615325539319285,1.0666449439317458,0.0,0.0010888391836432199,1.0,-8.599100990231388,0.9732758429350279,0.0,1.0,1.4049454711483027,-1.805188536179873,44
2106Q4,307,-2.2820294164716763,1.4280629852124411,1.2780336106127639,-1.1783048977831263,-0.5937569717867732,0.0034342560881109774,0.010785182415843877,0.04244781331110381,0.010785182415843877,0.004853332087129745,0.01941332834851898,0.010689678560399856,0.004810355352179935,0.01924142140871974,0.13436940189189076,0.11371984864802574,0.49571158391797676,1.0594340573898458,0.0,1.0594340573898458,0.5637224629622543,0.563722473471869,0.4898068643635574,1.0584054781117649,1.0587261024978205,0.0,0.0007079548920252421,1.0,-9.053123953542366,1.0173020400020567,0.0,1.0,1.5940086432602936,-1.3690592662585952,44
2107Q1,308,-0.8675594762155489,2.1265491580526064,1.4703275801925193,-1.263424920426452,-0.31038136242476433,0.004810355352179935,0.009673639923664986,0.03813669609150916,0.009673639923664986,0.004353137965649244,0.017412551862596975,0.00802141742728052,0.0036096378422762337,0.014438551369104935,0.13782597990116177,0.11007144737050782,0.5079208017326186,1.0669965932229464,0.0,1.0669965932229464,0.5590757779629806,0.5590757914903278,0.500471086986523,1.0621809341064352,1.0660139488682192,0.0,0.000982644354727169,1.0,-8.55620489970117,0.9688108521278407,0.0,1.0,1.3644990205194654,-0.8811413572107359,44
2107Q2,309,-0.7904503524514193,1.1643423579560281,0.672176420979798,-0.2418072822751693,-0.40501011477555193,0.0036096378422762337,0.007639562538149314,0.030209852720301522,0.007639562538149314,0.0034378031421671913,0.013751212568668765,0.008975584771110592,0.004039013146999767,0.016156052587999067,0.1464961411860111,0.10294967771091897,0.5257936109924964,1.0670964535726677,0.0,1.0670964535726677,0.5413028279413781,0.5413028425801713,0.5224574210119036,1.0696982907152561,1.0666707228078531,0.0,0.00042573076481455807,1.0,-7.891259217261871,0.9018869085791874,0.0,1.0,1.003915647254719,-0.18749473105238035,44
2107Q3,310,-0.2810415572237349,1.7909780211946575,1.436636015205788,-0.2840746430129108,-0.3747434568247772,0.004039013146999767,0.0069794781470891845,0.027626991492647357,0.0069794781470891845,0.003140765166190133,0.012563060664760532,0.005599958142196834,0.002519981163988575,0.0100799246559543,0.15014871096359758,0.10043715039080368,0.5371805878764286,1.076709489132151,0.0,1.076709489132151,0.5395288749156519,0.5395289012557223,0.5305860010860158,1.0723607092378031,1.0757677808963229,0.0,0.0009417082358280648,1.0,-7.472912967119111,0.8615713155479225,0.0,1.0,0.8878310489151227,0.6184837504370958,44
2107Q4,311,0.14732392679668965,0.09596778914018417,0.9065735964877621,0.46192080163270877,-0.7472834852159316,0.002519981163988575,0.003780559299398638,0.015036697358138063,0.003780559299398638,0.001701251684729387,0.006805006738917548,0.005809671365771538,0.002614352114597192,0.010457408458388768,0.1765800740633659,0.08453764386620154,0.5870198283006105,1.0832725658602207,0.0,1.0832725658602207,0.49625273187275787,0.4962527375596102,0.5865367668900078,1.0884552505484921,1.0832040404694423,0.0,6.852539077839559e-05,1.0,-5.893343119225844,0.7035199598079872,0.0,1.0,0.2548351961598482,0.7550507040125266,44
2108Q1,312,-0.09155779648190139,-0.14189989065474085,0.080473867237616,-0.41878909845777124,0.5129350308882811,0.002614352114597192,0.0033947990153446895,0.013510204462055864,0.0033947990153446895,0.0015276595569051104,0.006110638227620441,0.0023471706111015287,0.001056226774995688,0.004224907099982752,0.18106760442015454,0.08176089850490464,0.6023474964511738,1.0948322238677637,0.0,1.0948322238677637,0.49248472522027836,0.4924847274165899,0.5971720160435179,1.0911000534272464,1.0940174079690779,0.0,0.0008148158986858167,1.0,-5.4442747957399895,0.6601712527990033,0.0,1.0,0.15615065113899734,-0.2549647304124837,44
2108Q2,313,-0.3246088394448639,0.5475724566242776,-0.2189601527049756,-0.11087233733517562,0.42099562907062393,0.001056226774995688,0.002586844216429373,0.010307295485131096,0.002586844216429373,0.001164079897393218,0.004656319589572872,0.0025292358206223924,0.0011381561192800767,0.004552624477120307,0.19167392178360038,0.07465475842701935,0.6289588370689531,1.098506551135731,0.0,1.098506551135731,0.4695477004192172,0.469547714066778,0.6257992869206273,1.0977539160496887,1.098011707324167,0.0,0.0004948438115639497,1.0,-4.742673015822744,0.5899291454629944,0.0,1.0,-0.11667284959921613,-0.08247984198705235,44
2108Q3,314,0.1579024162537267,-0.022195457161302473,-0.6299586262714266,0.01004530676847859,0.9903661999224128,0.0011381561192800767,0.003307482116777282,0.013164436447702377,0.003307482116777282,0.001488366952549777,0.005953467810199108,0.002399531047080287,0.0010797889711861293,0.004319155884744517,0.18213254466835366,0.08108541492456103,0.6047221379428033,1.0950635962225637,0.0,1.0950635962225637,0.49034145469159834,0.4903414582797604,0.599803440907192,1.091738207300494,1.0942903666686974,0.0,0.0007732295538662726,1.0,-5.3793182792865775,0.6536520389574716,0.0,1.0,0.13090748350132617,-0.27548703176749584,44
2108Q4,315,0.6457309596917828,-0.5194461051179288,-0.5484301515790395,0.14138014209228456,0.09220857248059713,0.0010797889711861293,0.0032437469969622784,0.01291199303111279,0.0032437469969622784,0.0014596861486330253,0.005838744594532101,0.002438778060675332,0.0010974501273038994,0.004389800509215598,0.18292176260493367,0.08058015770601581,0.6065104957222957,1.0952376130739299,0.0,1.0952376130739299,0.48872711395656415,0.4887271173516342,0.6017834338339126,1.0922144226110273,1.0944953438233933,0.0,0.0007422692505365536,1.0,-5.33073528460501,0.6487760783331971,0.0,1.0,0.11285510381360991,-0.45100865523793504,44
2109Q1,316,-0.2963120976377772,-0.19398289152351708,0.5254166976207044,1.0343212928075958,0.1517749176159826,0.0010974501273038994,0.0028865625008439554,0.011496352681683475,0.0028865625008439554,0.00129895312537978,0.00519581250151912,0.002131695816439833,0.000959263117397925,0.0038370524695917,0.1875368995623953,0.07753598537232162,0.618447359701159,1.0979666190076602,0.0,1.0979666190076602,0.4795192543534,0.4795192593065012,0.613932825580782,1.0950677439387626,1.097251483536176,0.0,0.0007151354714842739,1.0,-5.011117480145934,0.6169524848971955,0.0,1.0,-0.010204899879738015,0.9666329025209454,44
2109Q2,317,0.7948038434410951,0.35320091167077305,0.683725317526255,-0.12588126426260832,-0.6167095523362389,0.000959263117397925,0.0038567789838190934,0.015338096723640393,0.0038567789838190934,0.001735550542718592,0.006942202170874368,0.0029316734251899038,0.0013192530413354568,0.005277012165341827,0.17573380676869474,0.08505044564420991,0.5897280038474008,1.0912943000199995,0.0,1.0912943000199995,0.5015662953609177,0.5015662961725987,0.584603632748215,1.0879624378114192,1.0905010090969118,0.0,0.0007932909230876639,1.0,-5.802162398967891,0.6956969868554537,0.0,1.0,0.26847869688191367,1.8052385504033295,44
2109Q3,318,-0.027980628127080243,0.3175135778265508,1.187827928117234,0.5858681499488589,-1.2461395617867272,0.0013192530413354568,0.0035038639061528076,0.013941965168869253,0.0035038639061528076,0.0015767387577687634,0.0063069550310750535,0.0029843864021471705,0.0013429738809662267,0.005371895523864907,0.17976340304128757,0.08257890092475587,0.5983657063932454,1.092489543524545,0.0,1.092489543524545,0.4941238238501937,0.4941238371312996,0.5940089602497557,1.0903247337780653,1.0918161201352057,0.0,0.0006734233893392894,1.0,-5.557617219381872,0.6712187480572209,0.0,1.0,0.17643495422692734,1.683184012646071,44
2109Q4,319,0.2627249140249434,0.37347023961063025,0.5243416360104884,0.4810137753570355,-0.33324618380851334,0.0013429738809662267,0.00351030181424777,0.01396744681101958,0.00351030181424777,0.0015796358164114964,0.0063185432656459855,0.003965529433151416,0.0017844882449181375,0.00713795297967255,0.17968730804471883,0.08262632972926014,0.5966202009168283,1.0895855764018594,0.0,1.0895855764018594,0.4929653744409129,0.49296537548503105,0.5938263414364263,1.090279689120975,1.089166064103159,0.0,0.0004195122987002975,1.0,-5.610926679867008,0.6761081797417827,0.0,1.0,0.17647351231528402,2.007877519123869,44
2110Q1,320,-0.14276189065260214,0.21627506714256517,1.097853364263415,-0.3075475390993594,-0.8113614484419008,0.0017844882449181375,0.0040051903139092845,0.015924768699436154,0.0040051903139092845,0.001802335641259178,0.007209342565036712,0.0038586888388891533,0.001736409977500119,0.006945639910000476,0.17412267925027103,0.08601891716714707,0.5849481333981569,1.0881141886593642,0.0,1.0881141886593642,0.5031660503385336,0.5031660552612073,0.580978174725451,1.0870274937726487,1.087516170360845,0.0,0.0005980182985192428,1.0,-5.94489681423972,0.7095532714464718,0.0,1.0,0.30058348474658303,2.6184716414601774,44
2110Q2,321,-0.49827712659881956,0.5208462217626948,1.0992179775400026,-0.6054400711430941,-0.44673768757269217,0.001736409977500119,0.0043860827167504736,0.017429241680275598,0.0043860827167504736,0.0019737372225377132,0.007894948890150853,0.004942194402219934,0.0022239874809989704,0.008895949923995882,0.1702007345353171,0.08834254074596687,0.5754848221989247,1.0838827397286661,0.0,1.0838827397286661,0.5083979135379401,0.5083979175297414,0.5724113934751485,1.084759775182659,1.083434756373126,0.0,0.00044798335554019353,1.0,-6.230892697506574,0.7376652822696584,0.0,1.0,0.3930962980125383,1.785378333182664,44
2110Q3,322,0.5610847257111855,-0.18792224824061016,0.2612636988832534,0.06502784002398226,-0.001528426585620607,0.0022239874809989704,0.0032488696206851996,0.012932284617730327,0.0032488696206851996,0.0014619913293083399,0.0058479653172333595,0.004022010384540396,0.0018099046730431785,0.007239618692172714,0.18285795585910852,0.08062115937495264,0.6037514752813483,1.0905029216825823,0.0,1.0905029216825823,0.48675143911520363,0.486751446401234,0.6016223816759863,1.0921758113456381,1.0901837685215383,0.0,0.0003191531610440279,1.0,-5.413205451530011,0.656310640479958,0.0,1.0,0.10651585425582719,1.0184462954762834,44
2110Q4,323,-0.7904232490738976,0.5239141146301532,0.992325753987819,0.28345097291407645,-0.0554701204516278,0.0018099046730431785,0.0043454399337601885,0.017268790506302367,0.0043454399337601885,0.001955447970192085,0.00782179188076834,0.0043709575287285704,0.0019669308879278567,0.007867723551711427,0.1706050926996428,0.08810471625447247,0.5771284507947037,1.0856058619718096,0.0,1.0856058619718096,0.5084773839965064,0.508477411177106,0.5732798620560071,1.0849935602236684,1.0850349981443594,0.0,0.0005708638274501965,1.0,-6.178834023119312,0.7327164714240033,0.0,1.0,0.39088722761563466,0.4998968486527933,44
2111Q1,324,-0.10651388174603109,0.1268073588415748,-0.5188041897282578,-0.1542385655628292,-0.22934446692902064,0.0019669308879278567,0.004583183346085007,0.01820708461510978,0.004583183346085007,0.0020624325057382533,0.008249730022953013,0.004070176468465397,0.0018315794108094286,0.0073263176432377146,0.16828579953899123,0.08946513741854735,0.573076682825847,1.0857805281839545,0.0,1.0857805281839545,0.5127038418037967,0.5127038453581075,0.5683371100358319,1.0836508178272708,1.085071088994614,0.0,0.0007094391893405216,1.0,-6.299987477043772,0.7449671682935678,0.0,1.0,0.44059950038222007,0.9340249682027439,44
2111Q2,325,-0.8773224845786284,0.32579669687970336,-0.24366704292243413,-0.3932769820901422,-0.2241742312906425,0.0018315794108094286,0.006813830640909112,0.026978016097998214,0.006813830640909112,0.0030662237884091005,0.012264895153636402,0.0074662947357118405,0.0033598326310703285,0.013439330524281314,0.15114304475261403,0.0997837018904408,0.5366432442039307,1.0721257501950623,0.0,1.0721257501950623,0.5354824950116405,0.5354825059911316,0.5327316099262335,1.0730510094100547,1.0716000200012794,0.0,0.0005257301937828807,1.0,-7.499951778461817,0.8634353452151113,0.0,1.0,0.8625225735943051,0.05074577748535332,44
2111Q3,326,0.15709622461205341,0.33506004403148637,1.2770944081793796,0.08689008961252609,-0.3141985427885952,0.0033598326310703285,0.006254476448653811,0.024784172072818245,0.006254476448653811,0.002814514401894215,0.01125805760757686,0.007110280881295556,0.003199626396583,0.012798505586332,0.15475359914415238,0.09749272879545799,0.5437963901300461,1.0739583406995814,0.0,1.0739583406995814,0.5301619398289765,0.5301619505695353,0.5403564124472134,1.0754589341233,1.073490490882842,0.0,0.0004678498167394185,1.0,-7.253231783169929,0.83892355192041,0.0,1.0,0.7695479951596988,-0.7255358256172588,44
2111Q4,327,-0.9810725974811373,0.3411046855400186,0.21473775417977864,-0.5681993553501532,-0.3154509061980701,0.003199626396583,0.0065233788621276035,0.025839297202721045,0.0065233788621276035,0.0029355204879574215,0.011742081951829686,0.006407643361125542,0.002883439512506494,0.011533758050025976,0.15296765346229857,0.09861155062322409,0.5414331983498092,1.0753488785477219,0.0,1.0753488785477219,0.5339156724816634,0.5339156801979127,0.5366128881119882,1.074285706808946,1.0746780571577907,0.0,0.000670821389931131,1.0,-7.330333408698123,0.8469499013573059,0.0,1.0,0.8156353402722935,-0.5509969264912606,44
2112Q1,328,-1.1413872132963638,0.40621994988436877,1.3810297096909192,-0.48686430649361767,-0.5453044875417092,0.002883439512506494,0.006787444740409827,0.026874611176816998,0.006787444740409827,0.003054350133184422,0.012217400532737689,0.009848628853051515,0.0044318829838731815,0.017727531935492726,0.1513044789245952,0.099678647774826,0.5338728105000412,1.0660300139199301,0.0,1.0660300139199301,0.5321571983439003,0.5321572034198889,0.533077767206504,1.0731618676730934,1.0659316820350566,0.0,9.833188487351485e-05,1.0,-7.607371905708652,0.8731053075869919,0.0,1.0,0.8646341540470901,-1.2061747060227994,44
2112Q2,329,-0.21629603332997205,0.6884081410885285,1.0691353303570712,-1.0612998935031686,-0.5038642620998508,0.0044318829838731815,0.00585317001194179,0.02320792338794908,0.00585317001194179,0.0026339265053738057,0.010535706021495223,0.005087912475546826,0.002289560613996072,0.009158242455984287,0.15760344142185895,0.09575265466554239,0.5517478291325926,1.0800610343098773,0.0,1.0800610343098773,0.5283131934539582,0.5283132051772848,0.5462539081540546,1.0772708660445616,1.0792638422363716,0.0,0.0007971920735057036,1.0,-6.9791171340938085,0.8124221527953848,0.0,1.0,0.7044429091780721,-1.982138267563347,44
2112Q3,330,-1.1710312115069759,0.671929624168406,0.40504429441643974,-0.5158355403322754,0.41676101280667005,0.002289560613996072,0.006914662526429086,0.02737309490335782,0.006914662526429086,0.003111598136893089,0.012446392547572356,0.006091717549532607,0.002741272897289673,0.010965091589158692,0.15053388338414103,0.10018268689654211,0.5372763387282687,1.0755342142492408,0.0,1.0755342142492408,0.5382578721973466,0.538257875520972,0.5314199906260499,1.072629669453651,1.0747108862513652,0.0,0.0008233279978755448,1.0,-7.471808708356075,0.8612395979383178,0.0,1.0,0.8895605518643479,-1.8050404065449952,44
2112Q4,331,-1.0609327162312787,0.6520077881284352,-0.2561850694925818,-1.216629055106584,0.019304406591924866,0.002741272897289673,0.005600821343517275,0.02221577196484359,0.005600821343517275,0.0025203696045827738,0.010081478418331095,0.0044368896156269854,0.0019966003270321434,0.007986401308128574,0.1595159008686128,0.09460820247908006,0.5561586641836105,1.082330389874939,0.0,1.082330389874939,0.5261717151157771,0.5261717256913285,0.5501827398026697,1.0784527256684202,1.081445749904674,0.0,0.0008846399702651109,1.0,-6.832446283881541,0.798048028061122,0.0,1.0,0.6537226093027262,-1.1633863160648583,44
2113Q1,332,-0.5697607506073741,1.2461514100683768,0.7492706972072793,-1.4084486629833508,-0.8114696654856427,0.0019966003270321434,0.006723034507263255,0.02662215633110765,0.006723034507263255,0.003025365528268465,0.01210146211307386,0.0074735136137146,0.00336308112617157,0.01345232450468628,0.151702131749061,0.09942104013655238,0.5376803080686966,1.0722476667957415,0.0,1.0722476667957415,0.5345673548913173,0.5345673587270449,0.533928015132963,1.0734335530939512,1.0717434742380587,0.0,0.0005041925576827477,1.0,-7.464042937534111,0.8598412126272396,0.0,1.0,0.853639319524352,-1.218412279676029,44
2113Q2,333,-0.5452710525876447,1.385850083080614,1.3344170492295246,-0.43177706145462236,-0.2378396786607127,0.00336308112617157,0.006627306446635439,0.026246861029807222,0.006627306446635439,0.0029822879009859474,0.01192915160394379,0.005413629164011311,0.00243613312380509,0.00974453249522036,0.15230263129951005,0.09903504082183938,0.5415030192802074,1.077780772819985,0.0,1.077780772819985,0.5362777361956461,0.5362777535397777,0.5352057990382908,1.0738402087258,1.0768762484875354,0.0,0.0009045243324496965,1.0,-7.323478725802498,0.8467117394564447,0.0,1.0,0.8346092483442369,-0.7377519070239225,44
2113Q3,334,-0.7228123972388374,1.381025456327175,0.38465477342562837,0.25554764729933976,-0.5140627736353226,0.00243613312380509,0.005894957062188125,0.023372143339827733,0.005894957062188125,0.002652730677984656,0.010610922711938624,0.005300397499925253,0.002385178874966364,0.009540715499865456,0.15729594381351605,0.09593819720370045,0.5508932225679661,1.0794102726231056,0.0,1.0794102726231056,0.5285170262490758,0.5285170500551395,0.5456206965163016,1.0770784862095197,1.0786502474239874,0.0,0.0007600251991182194,1.0,-7.008189396616347,0.8152337607866682,0.0,1.0,0.7077194976356831,-1.1699685836820317,44
2113Q4,335,-0.7559833804031046,-0.02392470486030812,1.1892390819906902,-0.7958352310208823,-0.5618568690683139,0.002385178874966364,0.0046291729050663925,0.018388512509004862,0.0046291729050663925,0.0020831278072798768,0.008332511229119507,0.0039762378267634325,0.0017893070220435447,0.007157228088174179,0.16784976072345964,0.08972010909588465,0.5723789832120072,1.0859180518403033,0.0,1.0859180518403033,0.5135390481797282,0.5135390686282961,0.5674174460120677,1.083397676049662,1.0851732907242333,0.0,0.0007447611160700252,1.0,-6.320834682013256,0.7470941611792821,0.0,1.0,0.4575899898857017,-0.4155064299242044,44
2114Q1,336,-0.5347792378432175,0.3347580782988374,0.2858140551473948,-2.0696710566643146,-0.10255188808339788,0.0017893070220435447,0.0048308666057744615,0.019183893202487923,0.0048308666057744615,0.002173889972598508,0.008695559890394031,0.0047084760253644645,0.0021188142114140092,0.008475256845656037,0.1659841642901369,0.09080962449192306,0.5677674774634294,1.0833549982135742,0.0,1.0833549982135742,0.5155875142718042,0.5155875207501448,0.5635111477388423,1.0823106050854607,1.0827301185389326,0.0,0.0006248796746415319,1.0,-6.466032012447847,0.7612843870333708,0.0,1.0,0.5031677648514081,-1.0681360964726878,44
2114Q2,337,0.07058792882499915,0.10185241961772556,0.27481791914645115,0.05618472769240579,0.3226077791608567,0.0021188142114140092,0.0040300789341262975,0.016023128074117876,0.0040300789341262975,0.0018135355203568338,0.007254142081427335,0.0025840310015039277,0.0011628139506767675,0.00465125580270707,0.17385715905109705,0.08617762868089207,0.5863711694340761,1.0916919507039988,0.0,1.0916919507039988,0.5053207690867026,0.5053207812699227,0.5803871649470789,1.086873728201749,1.0907562207891672,0.0,0.0009357299148315956,1.0,-5.897672402663652,0.7054044263156884,0.0,1.0,0.32267808176345875,-0.39806456434708165,44
2114Q3,338,-0.38943914396439827,0.20734744035721026,-0.25575839345635865,0.4692333218048633,0.7262983341208218,0.0011628139506767675,0.0039638371684298235,0.015761325515584512,0.0039638371684298235,0.0017837267257934206,0.007134906903173682,0.0035888378194450865,0.001614977018750289,0.006459908075001156,0.1745667906037413,0.08575291131270714,0.5862768194618769,1.0890262697690258,0.0,1.0890262697690258,0.5027494410401034,0.5027494503071489,0.5819706825424343,1.087284857986739,1.0883723818882045,0.0,0.0006538878808213244,1.0,-5.904938603333246,0.7056788833145743,0.0,1.0,0.3090510046751421,-0.8430090464877221,44
2114Q4,339,0.7103544405280613,-0.461429077664971,-0.6295100385765601,0.45527182775166464,0.253363246995555,0.001614977018750289,0.002667191145791599,0.01062615697752578,0.002667191145791599,0.0012002360156062196,0.004800944062424878,0.002418723351797305,0.0010884255083087873,0.004353702033235149,0.19054027998071804,0.07546036181314379,0.6259828420557734,1.0983517605347985,0.0,1.0983517605347985,0.472368917503487,0.4723689184790252,0.6224437942695908,1.0970034367495525,1.097795720405576,0.0,0.0005560401292226125,1.0,-4.817762987228346,0.5974878732145259,0.0,1.0,-0.08237191017820757,-0.5589194882990917,44
2115Q1,340,-0.8413603132041891,0.9764177573735532,0.07513322949895507,-0.9681819932952708,0.6431432842237484,0.0010884255083087873,0.0045722342140972275,0.018163886801286777,0.0045722342140972275,0.0020575053963437524,0.00823002158537501,0.004668357577417416,0.002100760909837837,0.008403043639351349,0.16839020429877616,0.08940405890659248,0.5723940466146765,1.0841375694497455,0.0,1.0841375694497455,0.5117435106132138,0.511743522835069,0.568557725463219,1.0837113876935305,1.0835736594314263,0.0,0.0005639100183192358,1.0,-6.323489590741411,0.7470481981643032,0.0,1.0,0.44626626110954476,-0.5705130797789509,44
2115Q2,341,-1.6023391682597066,-0.4116987706113168,-0.053599343454266056,-0.2874551172715025,-0.37708813271456454,0.002100760909837837,0.0033493343389608635,0.013330179278787546,0.0033493343389608635,0.0015072004525323887,0.006028801810129555,0.003279575983340864,0.0014758091925033887,0.005903236770013555,0.18161977112366598,0.0814115426272072,0.6020928014448306,1.0922658497316076,0.0,1.0922658497316076,0.49017303770360426,0.490173048286777,0.5985307536971851,1.0914303254302502,1.0917199947381042,0.0,0.0005458549935033474,1.0,-5.455493273896094,0.6608735181971059,0.0,1.0,0.14723625331338133,-1.0373418653054132,44
2115Q3,342,-0.28618684274337947,-0.04120750362101902,0.3297573167474152,-0.6548805403627851,-0.74676147313939,0.0014758091925033887,0.004528245500099483,0.017990322942915804,0.004528245500099483,0.0020377104750447673,0.008150841900179069,0.004532281836201476,0.002039526826290664,0.008158107305162657,0.168811971267638,0.08915719132321735,0.5734052815120173,1.0846373327542138,0.0,1.0846373327542138,0.5112320438951024,0.5112320512421965,0.5694506532704818,1.0839559237385226,1.084053610913502,0.0,0.0005837218407118705,1.0,-6.292067083213707,0.7439671814950801,0.0,1.0,0.44493252597772975,-2.0982809923951624,44
2115Q4,343,0.14375024368782757,-0.2622557950202818,-0.8271304039308626,-0.16918196099003774,-0.020443198036290328,0.002039526826290664,0.0037105816204172893,0.014759920151653949,0.0037105816204172893,0.0016697617291877801,0.0066790469167511204,0.0032452375989752476,0.0014603569195388614,0.005841427678155446,0.17736852082458326,0.0840570772555479,0.5927069743735108,1.090919134381897,0.0,1.090919134381897,0.4982121593481625,0.4982121600083861,0.5883569713754587,1.088915752561181,1.0902518594480062,0.0,0.000667274933890738,1.0,-5.718346986704064,0.6871743417508676,0.0,1.0,0.24988910810636863,-1.6909463118978114,44
2116Q1,344,-0.04528674782641014,-0.6442940632319785,0.8374366266884745,0.7700560715233316,-0.5589036748288675,0.0014603569195388614,0.002963475085169658,0.011801311259210245,0.002963475085169658,0.001333563788326346,0.005334255153305384,0.0027751568436400224,0.0012488205796380102,0.004995282318552041,0.18651491311055873,0.07822430209018746,0.6147296940755508,1.0955977176759313,0.0,1.0955977176759313,0.4808680129317441,0.4808680236003805,0.6111519033981018,1.0944245116897027,1.0950413290283962,0.0,0.0005563886475350444,1.0,-5.111800472778928,0.6267312266982548,0.0,1.0,0.021394017094435707,-0.018235608452497123,44
2116Q2,345,0.5385421133612805,-0.09082041916962169,-0.1344856550033881,0.26908502162162107,-0.6236017250122416,0.0012488205796380102,0.0031071216699012313,0.012370681343131018,0.0031071216699012313,0.0013982047514555541,0.005592819005822217,0.00368057780190827,0.0016562600108587214,0.0066250400434348855,0.18464803275678454,0.0794601989225683,0.608581758695172,1.09216203915814,0.0,1.09216203915814,0.48358027606564824,0.48358028046296797,0.6062087461171539,1.0932669928182273,1.0918026763034154,0.0,0.0003593628547244876,1.0,-5.28020849345129,0.6431645893342702,0.0,1.0,0.0681395164073389,0.011442837569826125,44
2116Q3,346,-1.0114293510980477,-0.11694224303773909,0.18317365901073485,0.08960433022669417,0.11966369998079324,0.0016562600108587214,0.004259824558523088,0.016930730470094524,0.004259824558523088,0.0019169210513353895,0.007667684205341558,0.0037995927800792066,0.001709816751035643,0.006839267004142572,0.17146774080546678,0.08759620092128553,0.5796899182074459,1.0874762709332753,0.0,1.0874762709332753,0.50778634547343,0.5077863527258294,0.5751431261135695,1.0854921193566938,1.0867901516743599,0.0,0.0006861192589153742,1.0,-6.099699934742473,0.7250601767232117,0.0,1.0,0.374690098994374,-0.08824435903234538,44
2116Q4,347,0.3195164309768502,-0.7397629867691036,0.17807466205153516,0.440240012176451,0.4098880752132067,0.001709816751035643,0.0023924396665094176,0.009535470803002877,0.0023924396665094176,0.001076597849929238,0.004306391399716952,0.0017521799961830666,0.00078848099828238,0.00315392399312952,0.19449397149878067,0.07259249630217797,0.6386471674836799,1.1022571125755807,0.0,1.1022571125755807,0.4636099214395547,0.4636099450919008,0.6345276179427852,1.0996757496097331,1.1015975101180553,0.0,0.0006596024575253878,1.0,-4.497982540028858,0.5658097730046034,0.0,1.0,-0.20029725830724004,0.02259299103494844,44
2117Q1,348,0.04298815300504294,-0.09046084308227725,-0.9592651945148283,0.0401972488565865,0.7893003941568473,0.00078848099828238,0.0020688571714250177,0.008249783067647232,0.0020688571714250177,0.000930985727141258,0.003723942908565032,0.0029475801892196217,0.0013264110851488298,0.005305644340595319,0.19944004525402312,0.06874786973481861,0.6524251716577327,1.1009535890393296,0.0,1.1009535890393296,0.4485284071284248,0.4485284173815969,0.6513626019160423,1.1032750126048416,1.1007891713655669,0.0,0.00016441767376274008,1.0,-4.172692192848231,0.5327428081996743,0.0,1.0,-0.3626627218353813,-0.4188219903185613,44
2117Q2,349,-0.4085758609225977,0.5151616437311469,-0.23291852380064826,-1.1563222528402446,-0.7342817352540292,0.0013264110851488298,0.0029840333545238422,0.011882812893204031,0.0029840333545238422,0.001342815009535729,0.005371260038142916,0.002603474963129924,0.001171563733408466,0.004686254933633864,0.1862444109389465,0.07840506008734228,0.614338823239248,1.0960115514508744,0.0,1.0960115514508744,0.4816727235006039,0.4816727282116263,0.6104249459988279,1.0942554394740416,1.0953998736408026,0.0,0.0006116778100717646,1.0,-5.121378019409159,0.6277662382075074,0.0,1.0,0.03320851216074292,-0.935869390459851,44
2117Q3,350,0.5636614559890232,-0.22735092545349372,-0.033751586338356135,-0.42260801692193795,0.520555746564139,0.001171563733408466,0.002959717804477485,0.011786415271957673,0.002959717804477485,0.0013318730120148682,0.005327492048059473,0.0033589024210725574,0.0015115060894826508,0.006046024357930603,0.1865644718288087,0.0781911216483718,0.6138636390302449,1.093850505072019,0.0,1.093850505072019,0.4799868647492608,0.4799868660417742,0.6112854937129714,1.0944555396543458,1.0934563454821835,0.0,0.0003941595898355743,1.0,-5.137377834680273,0.6290262773785447,0.0,1.0,0.024140831247972314,-0.7647121036689809,44
2117Q4,351,0.16290577035450216,0.9073982298233776,-0.3159138252094248,0.32809148906732744,-0.28697592182224685,0.0015115060894826508,0.003226956452775232,0.012845480627367345,0.003226956452775232,0.0014521304037488543,0.005808521614995417,0.00366549306932211,0.0016494718811949495,0.006597887524779798,0.18313136482437856,0.0804452766236099,0.6049798926811742,1.091657648753778,0.0,1.091657648753778,0.4866777481845889,0.48667775607260366,0.6023137192293743,1.0923413996272187,1.0912537093952668,0.0,0.0004039393585111295,1.0,-5.377969569292436,0.6529474850480486,0.0,1.0,0.10166613776610162,0.6885792981064216,44
2118Q1,352,-0.8343681520433259,-0.0725656587399117,0.8701506822994034,0.5181960489439584,0.48787665105227773,0.0016494718811949495,0.0023998233842414157,0.009564793873937605,0.0023998233842414157,0.001079920522908637,0.004319682091634548,0.0027742626111154143,0.0012484181750019364,0.0049936727000077456,0.19438483192549408,0.0726739400011136,0.6364466494470626,1.0989775214612185,0.0,1.0989775214612185,0.4625308561582561,0.4625308720141559,0.6341790469785358,1.0995997916199756,1.0986248734078599,0.0,0.0003526480533586618,1.0,-4.556719999361574,0.5712235817611555,0.0,1.0,-0.19911380627153663,0.4215281824277671,44
2118Q2,353,0.15868701762024576,-0.630013038538397,-0.12422450933351786,-0.6320391073494611,0.45561766955075045,0.0012484181750019364,0.003362196446573436,0.01338111149881549,0.003362196446573436,0.0015129884009580461,0.0060519536038321844,0.0030796311225220665,0.0013858340051349299,0.0055433360205397195,0.18146304917623474,0.08151089051454696,0.6020588241001941,1.0928023465335366,0.0,1.0928023465335366,0.490743508945478,0.4907435224333425,0.5981438823847822,1.0913364540828001,1.0921988909189209,0.0,0.0006034556146157222,1.0,-5.455530792019538,0.6609672451968189,0.0,1.0,0.14385665642188344,0.2888573670962732,44
2118Q3,354,0.952452384746265,0.33626650916732354,-0.36623523281569087,-0.47145537190777287,-0.33863402312144664,0.0013858340051349299,0.002615637938422285,0.010421573916127191,0.002615637938422285,0.0011770370722900283,0.004708148289160113,0.0020567368926860522,0.0009255316017087235,0.003702126406834894,0.191265550429375,0.0749464371555756,0.6286462632639602,1.0997942523988764,0.0,1.0997942523988764,0.4711479766279983,0.4711479891349162,0.624580945162667,1.0974822112796228,1.0991489047615965,0.0,0.0006453476372798583,1.0,-4.748452191745519,0.5907196875728432,0.0,1.0,-0.10481653390024094,-0.14296585801983766,44
2118Q4,355,-1.1935883830069958,0.33440257865988954,0.13052062973741138,-0.4777592159588904,-0.611786647125368,0.0009255316017087235,0.003726262232512192,0.014821945512956791,0.003726262232512192,0.0016768180046304864,0.0067072720185219455,0.003806155214311128,0.0017127698464400078,0.006851079385760031,0.17719088125933702,0.0841655961041177,0.5914417180631302,1.0892321732283539,0.0,1.0892321732283539,0.49779044761626867,0.4977904551652237,0.5879452120583945,1.0888118743317505,1.0887046473200863,0.0,0.0005275259082675454,1.0,-5.75696429352017,0.690783659505577,0.0,1.0,0.2501305586988663,-0.9752369928903566,44
2119Q1,356,-1.3878025036106205,0.96363370185068,0.9112898768245147,-0.03651095842053215,-0.5316331356888272,0.0017127698464400078,0.006266068591341157,0.02482967524421853,0.006266068591341157,0.002819730866103521,0.011278923464414083,0.006875846251873301,0.003094130813342986,0.012376523253371944,0.15467461907537988,0.09754168811646798,0.5439636264250669,1.0745549430608152,0.0,1.0745549430608152,0.5305913039545678,0.5305913166357483,0.5401918078148856,1.0754077174493377,1.074037982536146,0.0,0.0005169605246693187,1.0,-7.246523201114525,0.8383581892981096,0.0,1.0,0.7657755748488001,0.3738466840097857,44
2119Q2,357,-0.8834556361030094,0.42483760798400944,0.5312933865276839,0.0436168309541074,-0.6079225402537818,0.003094130813342986,0.006180034035485322,0.024491921890897883,0.006180034035485322,0.002781015315968395,0.01112406126387358,0.00632657092113703,0.0028469569145116633,0.011387827658046653,0.15526516495513903,0.09717666960742041,0.5457811411518713,1.0761530777773904,0.0,1.0761530777773904,0.5303719363167628,0.5303719366255192,0.5414207983298847,1.0757892738065566,1.0755446772647637,0.0,0.0006084005126267833,1.0,-7.182832221338327,0.8322362652193209,0.0,1.0,0.7500243381676851,0.47874324685646635,44
2119Q3,358,-1.3954769549717412,0.5742785697142263,1.1134079085431128,-0.5538622086293812,0.14977754380155317,0.0028469569145116633,0.006758289457923821,0.02676034361248414,0.006758289457923821,0.0030412302560657196,0.012164921024262879,0.00657692300877923,0.0029596153539506536,0.011838461415802614,0.15148384515821622,0.09956224767222956,0.5384395658060567,1.0745221069940762,0.0,1.0745221069940762,0.5360825340731036,0.5360825411880196,0.5334617046142743,1.073284656579318,1.0738331518579871,0.0,0.0006889551360891311,1.0,-7.433782456157527,0.857218630261802,0.0,1.0,0.8526846490241046,0.10971759855681958,44
2119Q4,359,-1.0238833507185237,0.1601731571883087,0.7295798139100665,-0.6660368225784974,-0.41458667049008047,0.0029596153539506536,0.007084402397248833,0.028037896755537917,0.007084402397248833,0.0031879810787619747,0.012751924315047899,0.009185155948461192,0.004133320176807537,0.016533280707230147,0.14953561741335744,0.10084588661150651,0.5314083350446582,1.0673117923538646,0.0,1.0673117923538646,0.5359034470032307,0.5359034573092064,0.5292505137442751,1.0719283394203838,1.0670384680385885,0.0,0.00027332431527615775,1.0,-7.6912538805994775,0.8817920678831404,0.0,1.0,0.9157570751600086,-1.290804265972676,44
2120Q1,360,-0.5432019067274696,0.1837510848453359,0.022230110626049647,-0.625993112365752,-0.10832176224752549,0.004133320176807537,0.004062661428314724,0.016151882353998004,0.004062661428314724,0.001828197642741626,0.007312790570966504,0.0033901130375268325,0.0015255508668870746,0.006102203467548298,0.1735115557059447,0.08638385887985961,0.5844213890065061,1.0892671477868308,0.0,1.0892671477868308,0.5048457479430956,0.5048457587803247,0.5796205151602268,1.0866736869714857,1.088533840753236,0.0,0.0007333070335948655,1.0,-5.958196483343539,0.7110940974674668,0.0,1.0,0.33688938983108846,-1.6027911484325943,44
2120Q2,361,0.5144556024599907,0.15795545954115014,0.18351661817528392,-0.04826270900474672,0.4068523209725034,0.0015255508668870746,0.003145906128299369,0.012524368599719726,0.003145906128299369,0.001415657757734716,0.005662631030938864,0.0038603957292279345,0.0017371780781525706,0.006948712312610282,0.1841531576519746,0.07978341495393472,0.6070886303020154,1.0914446792901753,0.0,1.0914446792901753,0.4843560410520157,0.48435604898815987,0.6049264052648393,1.0929636188945842,1.0911189871832758,0.0,0.0003256921068994778,1.0,-5.321431083990255,0.6472059303208729,0.0,1.0,0.08543860150904072,-0.9366126830314814,44
2120Q3,362,0.8869765336966058,0.03762343402677214,0.46860751635618586,-0.90307043365902,0.17129925648081015,0.0017371780781525706,0.003311502633331168,0.013180359371336658,0.003311502633331168,0.0014901761849990256,0.005960704739996102,0.0037595689467709685,0.0016918060260469358,0.006767224104187743,0.18208309776624876,0.08111693609859837,0.6023779147688425,1.0910084238195303,0.0,1.0910084238195303,0.48863050819511133,0.48863050905068783,0.5996802496181742,1.091708467232165,1.0906008553357998,0.0,0.0004075684837305804,1.0,-5.449792272725,0.660087421246453,0.0,1.0,0.13196265224682005,-0.25145600884831154,44
2120Q4,363,-0.8420465781549307,-0.3713371238917895,-0.4373353902110857,-0.14661207739619606,-0.013928238716401867,0.0016918060260469358,0.0032510973747921614,0.012941109034248277,0.0032510973747921614,0.0014629938186564726,0.00585197527462589,0.0022839848450432903,0.0010277931802694807,0.004111172721077923,0.18283022773747232,0.08063896875100636,0.606550394945262,1.095666382756659,0.0,1.095666382756659,0.4891159834390154,0.4891159878113971,0.601552445278638,1.0921590384522577,1.094878095798493,0.0,0.0007882869581661289,1.0,-5.328954124930277,0.6486676193127583,0.0,1.0,0.1139082441891187,-0.23486087457338775,44
2121Q1,364,0.23744922694506154,0.2171790532866476,0.4516797422434712,-0.34916569240209644,0.09619487416893388,0.0010277931802694807,0.0036955922184566735,0.014700626164983466,0.0036955922184566735,0.001663016498305503,0.006652065993222012,0.005659845549378927,0.002546930497220517,0.010187721988882069,0.1775388536080211,0.08395288436222449,0.5892758295781512,1.0839898935528542,0.0,1.0839898935528542,0.4947140557802843,0.4947140639747031,0.5887527202640263,1.089015430664492,1.0839153344187364,0.0,7.455913411780202e-05,1.0,-5.827450790916707,0.6969981485944502,0.0,1.0,0.24094706138282285,-0.7493369872361363,44
2121Q2,365,0.1392624473608154,0.20331952939308193,0.5106003166249928,-0.3263682805782731,0.7558784639857763,0.002546930497220517,0.002710154601743818,0.010796628348904824,0.002710154601743818,0.0012195695707847183,0.004878278283138873,0.003162712006873534,0.0014232204030930904,0.0056928816123723615,0.1899415802213396,0.07588074541465242,0.623037556690471,1.0958031118982476,0.0,1.0958031118982476,0.4727655422299671,0.47276555520777663,0.620704558485052,1.0966117190780054,1.0954443719062006,0.0,0.0003587399920470524,1.0,-4.896628785805483,0.6050396581774551,0.0,1.0,-0.06352558250469977,-1.0082216023569794,44
2121Q3,366,0.24483444777018556,-0.4432388003330149,0.4677148910007627,0.3037066284757987,1.0432459488850263,0.0014232204030930904,0.0018286422928104416,0.007294530023676082,0.0018286422928104416,0.0008228890317646988,0.003291556127058795,0.0016881623268881383,0.0007596730470996623,0.003038692188398649,0.2033263846567295,0.06548794885384515,0.6691307506037971,1.1073307601392453,0.0,1.1073307601392453,0.4382000037207648,0.43820000953544813,0.666256050183264,1.1063619223791104,1.1068696487928753,0.0,0.0004611113463699468,1.0,-3.7843589205654773,0.49447621900944805,0.0,1.0,-0.5141238573309725,-1.148424460333261,44
2121Q4,367,0.666620347480816,-0.9664719147929592,-0.21050570775519944,0.7970272364169709,0.5715033076322861,0.0007596730470996623,0.0017409127622041976,0.006945487481432866,0.0017409127622041976,0.0007834107429918889,0.0031336429719675558,0.0019267622133284084,0.0008670429959977838,0.003468171983991135,0.20479337109649146,0.06419443342144188,0.6744840378355107,1.10746525174719,0.0,1.10746525174719,0.43298120660656975,0.4329812139116792,0.6723339366739326,1.107599732385048,1.1071226770535731,0.0,0.0003425746936167595,1.0,-3.6668180717039442,0.48261476417439664,0.0,1.0,-0.579319702659095,-1.5882171412903419,44
2122Q1,368,0.0029317744395955803,-1.2385997648793161,-1.4023305226421916,0.30089683391234817,0.11932734127472489,0.0008670429959977838,0.0014794106034157284,0.005904523426153663,0.0014794106034157284,0.0006657347715370778,0.002662939086148311,0.0018125689023135794,0.0008156560060411108,0.003262624024164443,0.20932358577892907,0.059948759849823514,0.6946160834186969,1.111029824211009,0.0,1.111029824211009,0.4164137277269243,0.4164137407923122,0.6930034549660018,1.1117301682558398,1.1107720561317858,0.0,0.00025776807922328615,1.0,-3.236598145646873,0.43964415855864625,0.0,1.0,-0.8390039297853225,-1.6402406172393333,44
2122Q2,369,0.36245958858041816,-0.9666377966868683,-0.8102908678765585,-0.39671320736829274,-0.12972268531081105,0.0008156560060411108,0.0019018964397546092,0.007585910003764629,0.0019018964397546092,0.0008558533978895741,0.0034234135915582964,0.0009319674375912113,0.0004193853469160451,0.0016775413876641803,0.20212120310319887,0.06652382171253503,0.6660307892155634,1.1090999370522954,0.0,1.1090999370522954,0.4430691347683513,0.443069147836732,0.6614589032636183,1.105376386986055,1.1083510340321288,0.0,0.0007489030201666136,1.0,-3.850514559414267,0.5014320705945107,0.0,1.0,-0.46646518930097197,-0.4523408623304875,44
2122Q3,370,0.3151079468058344,-0.25235143531021786,-0.11664601591922596,0.3926889105709929,-0.0753563345706158,0.0004193853469160451,0.0016001384819013162,0.006385207650336344,0.0016001384819013162,0.0007200623168555924,0.0028802492674223695,0.0015439380520656347,0.0006947721234295357,0.0027790884937181426,0.20720235699119954,0.06198672555275031,0.6854878808694792,1.1103993852803036,0.0,1.1103993852803036,0.4249114914119281,0.42491150441082437,0.6829402802705682,1.1097334049757763,1.109989088398464,0.0,0.000410296881839578,1.0,-3.427097488852282,0.4588149767617986,0.0,1.0,-0.7158193922079495,0.2726498166074097,44
2122Q4,371,0.39089991223403153,-0.39467564955899304,-0.7146038079369524,0.6630449945401954,0.6853161173551108,0.0006947721234295357,0.0015927022269850476,0.006355604860035613,0.0015927022269850476,0.0007167160021432714,0.0028668640085730856,0.0013838504546178174,0.0006227327045780179,0.0024909308183120715,0.2073315242147606,0.061865240237027344,0.6863984445217018,1.1110405110818944,0.0,1.1110405110818944,0.4246420466865697,0.42464206656019254,0.6835326973608924,1.1098516637712705,1.1105769115036794,0.0,0.0004635995782149571,1.0,-3.407024621206315,0.4568797294160535,0.0,1.0,-0.7189699480613467,-0.5136548320914878,44
2123Q1,372,1.2365678185215287,-0.5111205223375435,-0.5228380105514383,0.952906779924402,-0.013179774133427635,0.0006227327045780179,0.001532089552344603,0.006114288798575673,0.001532089552344603,0.0006894402985550713,0.0027577611942202853,0.000795202901394004,0.0003578413056273018,0.0014313652225092072,0.20839163185183346,0.060855564509427966,0.6924564824324522,1.1138547937310148,0.0,1.1138547937310148,0.42139830136639667,0.42139831129856264,0.6884926579221425,1.1108382269544612,1.1132030554146632,0.0,0.0006517383163515689,1.0,-3.2769189945618007,0.44413405815055274,0.0,1.0,-0.7810797154612314,-0.910431142873986,44
2123Q2,373,0.781171278659055,-0.9408997862367041,-0.9079034003873,-0.11056498389146407,0.3639027529927249,0.0003578413056273018,0.0013640603652901066,0.0054450876458315145,0.0013640603652901066,0.000613827164380548,0.002455308657522192,0.0010613459978264738,0.0004776056990219132,0.0019104227960876528,0.21139925802058712,0.057860368649069426,0.7065241601253073,1.1153216592473265,0.0,1.1153216592473265,0.40879748364324436,0.40879749912201924,0.7036005627654947,1.1138073584134602,1.1148444581584849,0.0,0.0004772010888416389,1.0,-2.9905734917993536,0.41537974348091344,0.0,1.0,-1.0017286761342648,-1.6430064812234475,44
2123Q3,374,0.22132981305230998,-1.1825161404627214,-0.5038385194215957,0.1014641278466272,1.8694538653968609,0.0004776056990219132,0.001404093973381142,0.005604558082893507,0.001404093973381142,0.000631842288021514,0.002527369152086056,0.0012403425895140107,0.0005581541652813049,0.0022326166611252194,0.21067338178018744,0.0586018726642683,0.7024443689507454,1.1140899314796426,0.0,1.1140899314796426,0.4116455546298388,0.4116455625288973,0.6998040536273792,1.1130659926477877,1.113661095535271,0.0,0.0004288359443715972,1.0,-3.0735842246077723,0.4236002682954959,0.0,1.0,-0.9365000607964301,-2.3077676131323868,44
2123Q4,375,0.21095409200959475,-0.8623521624403997,-0.19515914549753177,0.17673714394840898,1.1830904518625496,0.0005581541652813049,0.0012946786393811054,0.0051686660785633665,0.0012946786393811054,0.0005826053877214974,0.0023304215508859897,0.0010055258141156286,0.0004524866163520329,0.0018099464654081315,0.21267126432909134,0.056530366012899215,0.7133540009486019,1.116615640777861,0.0,1.116615640777861,0.4032616277039052,0.403261639829259,0.7105062357741232,1.1151483746664277,1.1161501019848281,0.0,0.00046553879303279366,1.0,-2.8548101290886443,0.4018285262925124,0.0,1.0,-1.1270597399359181,-1.4938766829503878,44
2124Q1,376,0.6238201353582432,-0.9034176919632417,-0.356243081079156,-0.35258427402352055,0.6512500004074624,0.0004524866163520329,0.0017684699716437329,0.007055137084010621,0.0017684699716437329,0.0007958114872396798,0.0031832459489587192,0.0025266090757604578,0.001136974084092206,0.004547896336368824,0.2043297651408524,0.06460721108946102,0.671392440461565,1.1051603719469407,0.0,1.1051603719469407,0.4337679312476872,0.43376793148537574,0.6703836707038917,1.1072038140353686,1.1050023680783645,0.0,0.0001580038685762286,1.0,-3.737788258196243,0.4894418517355321,0.0,1.0,-0.5588400300453732,-1.3063001028173158,44
2124Q2,377,0.2751111558414668,-1.2857498642247558,-0.0362196420980449,-0.3727355870882833,0.6972433359380124,0.001136974084092206,0.0017973208912386335,0.007169924604193967,0.0017973208912386335,0.000808794401057385,0.00323517760422954,0.0017401901474421529,0.0007830855663489688,0.003132342265395875,0.20384715118621294,0.06503296376674295,0.6710686434423545,1.1074844904112247,0.0,1.1074844904112247,0.43641582773983983,0.43641584696887015,0.6683826790445421,1.106796363655678,1.1070542817919087,0.0,0.00043020861931597487,1.0,-3.741435788972681,0.49016049333091916,0.0,1.0,-0.5402780028284282,-0.6267632291180711,44
2124Q3,378,-0.04420097029651027,-0.42431482499242407,-0.37414235545738367,0.007885830556217333,0.31696569554538506,0.0007830855663489688,0.0017175392391417894,0.006852477568194848,0.0017175392391417894,0.0007728926576138053,0.003091570630455221,0.0014674441951584708,0.0006603498878213119,0.0026413995512852475,0.20518862064173954,0.06383952521468163,0.6770486260919855,1.1092732793405593,0.0,1.1092732793405593,0.4322246283696486,0.43222465324857384,0.6740189314607871,1.1079408665727943,1.1087842972276165,0.0,0.0004889821129427929,1.0,-3.6085910091285074,0.4769987510250294,0.0,1.0,-0.608559551752152,0.2380569885828586,44
2124Q4,379,1.4734477674646909,-0.8985065232341123,-0.0001086296489611338,1.2017384893669776,0.9912110683675256,0.0006603498878213119,0.0012114196979537797,0.004836880674770172,0.0012114196979537797,0.0005451388640792009,0.0021805554563168036,0.0010112311078004494,0.0004550539985102022,0.001820215994040809,0.21422143552533976,0.05485359433653207,0.7219765682706241,1.1180066802272426,0.0,1.1180066802272426,0.39603009796398364,0.3960301119566185,0.7193933786586159,1.1168609788796282,1.1175844592800437,0.0,0.0004222209471989036,1.0,-2.6874153734893307,0.38508648335042284,0.0,1.0,-1.3318174864484238,0.2630487111759806,44
2125Q1,380,0.7533917351398937,-1.3383991514948934,-0.8655984153983944,0.8213573670047128,1.1005455978166747,0.0004550539985102022,0.0011380415228724378,0.004544401154451316,0.0011380415228724378,0.0005121186852925971,0.0020484747411703883,0.001213957933403884,0.0005462810700317478,0.002185124280126991,0.2156094519614295,0.0532961558013205,0.7297009673602749,1.1186035442639986,0.0,1.1186035442639986,0.38890256444807497,0.38890257690372365,0.7278353965301081,1.1184752509720952,1.1183003196248236,0.0,0.00030322463917498155,1.0,-2.541706497835542,0.37042436871352247,0.0,1.0,-1.5813839788986745,0.15928385538907058,44
2125Q2,381,1.0917673948179953,-0.6886268318099433,-0.8481681363751443,0.22390424793803881,0.8073628344712036,0.0005462810700317478,0.0012875083100346684,0.005140095708595305,0.0012875083100346684,0.0005793787395156009,0.0023175149580624034,0.0014999868614871373,0.0006749940876692118,0.002699976350676847,0.21280374154500414,0.05638952733080521,0.7129386483141021,1.1149613991919403,0.0,1.1149613991919403,0.4020227339429539,0.4020227508778381,0.7112448469431694,1.1152912588843307,1.1146882736207342,0.0,0.0002731255712060676,1.0,-2.8652020827241342,0.4026452141847442,0.0,1.0,-1.1498075181503191,0.0048641750009213265,44
2125Q3,382,1.2349994182653798,-0.7090196600008283,-0.317463834283166,1.0471425736011544,0.9760116270047053,0.0006749940876692118,0.0012297455562310516,0.0049099160166882205,0.0012297455562310516,0.0005533855003039733,0.002213542001215893,0.0016336535199168393,0.0007351440839625777,0.002940576335850311,0.21387798826373142,0.05523061522265452,0.7185675488133254,1.1154368413762625,0.0,1.1154368413762625,0.396869277999948,0.3968692925629371,0.7173771662014715,1.1164736767863306,1.1152456081248188,0.0,0.00019123325144376757,1.0,-2.7559273715013357,0.391657593066171,0.0,1.0,-1.2811140513073036,-0.08108722140197545,44
2125Q4,383,1.13563096694989,-1.3975700773949788,0.09656049987228432,0.32890091241837116,0.777845082806284,0.0007351440839625777,0.001183371993579865,0.00472509238533847,0.001183371993579865,0.0005325173971109392,0.002130069588443757,0.0009453019060311008,0.0004253858577139954,0.0017015434308559816,0.21474955273866322,0.054267489187152275,0.7252006142464066,1.1187488023403371,0.0,1.1187488023403371,0.3935481649213306,0.39354818809393055,0.7225487847613032,1.1174657192837423,1.11831457549444,0.0,0.00043422684589722316,1.0,-2.6255413630637667,0.3789287504486627,0.0,1.0,-1.4130510844485658,-0.1502067702817784,44
2126Q1,384,1.6678234015021125,-1.4599270340183887,-0.596384235899635,-0.08983209326734554,0.728689872826727,0.0004253858577139954,0.0011513787069521325,0.004597566893896565,0.0011513787069521325,0.0005181204181284597,0.0020724816725138386,0.0008333054410234032,0.0003749874484605315,0.001499949793842126,0.21535563211332096,0.05358510653207198,0.729075026579678,1.1197506646258517,0.0,1.1197506646258517,0.39067562969145253,0.39067563804617367,0.7262552068788949,1.1181739660317676,1.1192875088860674,0.0,0.00046315573978428226,1.0,-2.551759272537856,0.37160093980532505,0.0,1.0,-1.5222671728301205,-0.7394509245815941,44
2126Q2,385,1.2318933155433143,-1.8004041688248618,-0.18877574469893432,0.7622875511419884,1.417996560965913,0.0003749874484605315,0.0010749763039894433,0.004292976739156518,0.0010749763039894433,0.00048373933679524947,0.0019349573471809979,0.0010529570083586605,0.00047383065376139724,0.001895322615045589,0.21681896609501325,0.051892474979717815,0.7376464187725895,1.1204294035052773,0.0,1.1204294035052773,0.38278298330035054,0.3827829847326878,0.7356042765039997,1.119950949263952,1.1200959999002162,0.0,0.0003334036050610667,1.0,-2.3933688698855353,0.3556630563347921,0.0,1.0,-1.9372302357045956,-0.34504807856568,44
2126Q3,386,1.1335854207488676,-2.081896655246317,-0.43755841784288496,0.6241459475685327,1.5171663503806272,0.00047383065376139724,0.0010662638805065466,0.004258238857777652,0.0010662638805065466,0.000479818746227946,0.001919274984911784,0.0008008340664256183,0.00036037532989152823,0.001441501319566113,0.21698727650935187,0.0516935298671836,0.7393501799870618,1.1215463945876445,0.0,1.1215463945876445,0.38219620611468746,0.38219621460058273,0.7367179798415296,1.1201617679090332,1.1211136707631528,0.0,0.00043272382449166535,1.0,-2.360994273006429,0.3525390519707513,0.0,1.0,-2.0049720407212823,-1.236257318615382,44
2126Q4,387,1.9556519002749075,-2.3429948191439305,-0.07261873878543555,1.3229213844318373,1.7203030666357315,0.00036037532989152823,0.0010368811140153392,0.004141078179334512,0.0010368811140153392,0.0004665965013069026,0.0018663860052276105,0.00128940860863157,0.0005802338738842065,0.002320935495536826,0.21755709865436165,0.05101318659195987,0.7418759655028397,1.120330546550424,0.0,1.120330546550424,0.37845457056286747,0.37845458104758434,0.7405506156165533,1.1208859393762962,1.1201155778985157,0.0,0.0002149686519083982,1.0,-2.3171443853232496,0.3479342046584407,0.0,1.0,-2.352137167213996,-1.053503538322178,44
2127Q1,388,2.1461855917575066,-1.9480260597697012,0.0347957304815769,0.08503325724828936,1.4356618445474059,0.0005802338738842065,0.0010252653250053792,0.004094758595904913,0.0010252653250053792,0.0004613693962524206,0.0018454775850096825,0.0015374352794785362,0.0006918458757653413,0.002767383503061365,0.21778330070138213,0.05074014182644662,0.7427655271289245,1.1196458158916112,0.0,1.1196458158916112,0.37688028190317013,0.37688028876268664,0.7420993578744394,1.121177998030905,1.1195385083213705,0.0,0.00010730757024068893,1.0,-2.30211722897885,0.34631987702211964,0.0,1.0,-2.5778624427257317,-0.8498596108754891,44
2127Q2,389,2.4010500573096563,-1.9126355481370843,0.19944867002411432,0.720751389958546,0.8245821652355355,0.0006918458757653413,0.0010503548851188167,0.004194804702146726,0.0010503548851188167,0.0004726596983034675,0.00189063879321387,0.0010390653657632025,0.00046757941459344115,0.0018703176583737646,0.21729538015805103,0.05132698424560714,0.7407705672333168,1.1209857646134471,0.0,1.1209857646134471,0.3802151923399391,0.3802151973801303,0.7387782185809173,1.1205513022089513,1.1206603658520096,0.0,0.0003253987614375564,1.0,-2.3361321601659917,0.3499456366020057,0.0,1.0,-2.18055574840804,1.182216422742313,44
2127Q3,390,1.9015347645978533,-1.4424430508676722,-0.4289517182907114,1.0223061615796567,1.23480195881501,0.00046757941459344115,0.0010650318454946297,0.00425332645593246,0.0010650318454946297,0.0004792643304725834,0.0019170573218903336,0.0010376155078675004,0.0004669269785403752,0.0018677079141615008,0.21701110145897948,0.051665295176064725,0.7389223082334513,1.1206887201756246,0.0,1.1206887201756246,0.38176639167060344,0.3817664119421733,0.7368762880019003,1.1201917219834039,1.1203545421971715,0.0,0.0003341779784531429,1.0,-2.369891485245916,0.3533222215460512,0.0,1.0,-2.0325735450515885,1.706807866136594,44
2127Q4,391,2.2833658590167203,-2.0736006426607703,0.8766319868077257,1.6883773358626633,1.597171171496147,0.0004669269785403752,0.001030221587293674,0.004114522582664426,0.001030221587293674,0.0004635997142821533,0.0018543988571286133,0.0006050994725843304,0.0002722947626629487,0.0010891790506517948,0.2176867190371919,0.050856933255530964,0.7444396062398982,1.123038783789323,0.0,1.123038783789323,0.37859915367316255,0.37859917754942474,0.7414361554424261,1.1210529727255412,1.1225423822945684,0.0,0.0004964014947546058,1.0,-2.2676457494460225,0.34329228018193925,0.0,1.0,-2.4802698524888838,0.7118437388892267,44
2128Q1,392,2.68050591983675,-2.3755643513758224,-0.3560169743303887,0.8735304782586796,1.3921404646762197,0.0002722947626629487,0.0010366817841877052,0.004140283337391248,0.0010366817841877052,0.00046650680288446735,0.0018660272115378694,0.0008249207372495443,0.00037121433176229496,0.0014848573270491799,0.21756097585509887,0.051008520861894995,0.7430539206197125,1.1220747360180496,0.0,1.1220747360180496,0.3790208141144348,0.3790208153983371,0.7405770289591022,1.1208909230999209,1.1216678127958937,0.0,0.00040692322215596377,1.0,-2.293685662683351,0.3457973519365728,0.0,1.0,-2.364988526988794,0.6486047277456387,44
2128Q2,393,1.9609557469863836,-3.0981850232650205,0.5882934995839701,1.3140377771579645,2.030024082192644,0.00037121433176229496,0.0010179298512358768,0.004065506535816499,0.0010179298512358768,0.00045806843305614455,0.0018322737322245782,0.0014656685595471558,0.0006595508517962201,0.0026382034071848804,0.2179264234911672,0.050566492735805865,0.7439034609385065,1.1200693598245075,0.0,1.1200693598245075,0.3761658895368783,0.37616589888600105,0.7430874945957303,1.1213641700430406,1.1199376591918853,0.0,0.00013170063262224474,1.0,-2.2811998672781706,0.34426043587602084,0.0,1.0,-2.7927556717619657,0.9736005940859271,44
2128Q3,394,1.9359635304131813,-2.0872041781049835,-0.056301772863711574,0.39699164485084304,1.444334626387392,0.0006595508517962201,0.0010271210122115549,0.004102158516649523,0.0010271210122115549,0.0004622044554951997,0.0018488178219807987,0.0013750004833193038,0.0006187502174936867,0.002475000869974747,0.2177471279599135,0.05078392040307523,0.7429273054172787,1.1202149229920133,0.0,1.1202149229920133,0.37728761143582246,0.3772876175747346,0.7418506246424678,1.1211311153043106,1.120040702586481,0.0,0.00017422040553238816,1.0,-2.298454564231828,0.3460267062056891,0.0,1.0,-2.545072418985303,0.7960775566139255,44
2128Q4,395,2.278734084785132,-2.1100887764084337,0.7012771381833498,1.24008374551235,1.5056916626632515,0.0006187502174936867,0.0010384108077932932,0.0041471779268371645,0.0010384108077932932,0.00046728486350698195,0.0018691394540279278,0.0010489562670305127,0.0004720303201637307,0.001888121280654923,0.21752734950770522,0.05104896940115136,0.7422747723429008,1.1211983997692225,0.0,1.1211983997692225,0.3789236214057934,0.3789236274263217,0.7403481004195356,1.1208477257412481,1.1208838133617456,0.0,0.00031458640747694666,1.0,-2.3088202753331455,0.3472099972131508,0.0,1.0,-2.334724689665157,0.12291928295547715,44
2129Q1,396,1.3115214863999536,-2.1849653492365597,-0.663270446654131,1.7184049518527316,0.8016114761236995,0.0004720303201637307,0.0010707148141880756,0.004275985584157316,0.0010707148141880756,0.00048182166638463406,0.0019272866655385362,0.0011556158520139225,0.0005200271334062651,0.0020801085336250606,0.21690125434736438,0.051795322278782724,0.7379237812495685,1.1201337913635723,0.0,1.1201337913635723,0.3822100006699936,0.3822100101140038,0.7361477504008415,1.1200538475354047,1.1198446540232971,0.0,0.00028913734027513627,1.0,-2.3887352125529615,0.3551534941218899,0.0,1.0,-1.9739554609282977,0.05945781721848917,44
2129Q2,397,1.1691932308794035,-1.3148693483431126,-0.42231906897245397,1.102433304113971,1.678541758814235,0.0005200271334062651,0.0010628053895939099,0.004244449027312691,0.0010628053895939099,0.00047826242531725946,0.0019130497012690378,0.0016329788151215484,0.0007348404668046967,0.002939361867218787,0.21705417147347317,0.05161420702757031,0.7377403369144888,1.118519162066045,0.0,1.118519162066045,0.38077882482093894,0.38077882515155625,0.7371629106600762,1.1202459429318665,1.1184263976170872,0.0,9.276444895789382e-05,1.0,-2.3942531541055487,0.3554904749437502,0.0,1.0,-2.0447859059250635,0.22655549479019477,44
2129Q3,398,1.4713209587572402,-2.0748170567315714,-0.8343344398927656,2.119086452261082,1.2003993444916436,0.0007348404668046967,0.0010385643074812985,0.0041477900146846824,0.0010385643074812985,0.00046735393836658436,0.0018694157534663374,0.0009733743803877939,0.00043801847117450727,0.001752073884698029,0.21752436478810647,0.05105255785571975,0.7424424310307863,1.1214782934274201,0.0,1.1214782934274201,0.3790358516474044,0.3790358623966338,0.7403277990691991,1.120843894289245,1.1211322977364626,0.0,0.00034599569095750127,1.0,-2.3054378174011716,0.3469057632689426,0.0,1.0,-2.3302819132978416,-0.24466909768014752,44
2129Q4,399,1.9262636679390497,-1.7236420962730372,-0.21921759606769584,2.033632697517107,1.3049846843147197,0.00043801847117450727,0.0010338670401061837,0.004129059293266235,0.0010338670401061837,0.0004652401680477827,0.0018609606721911307,0.0010427014549597546,0.00046921565473188957,0.0018768626189275583,0.21761574265618017,0.0509425624285941,0.7428770394490132,1.1213176472629307,0.0,1.1213176472629307,0.37844059958900517,0.37844060781391753,0.7409506194491449,1.1209614025853585,1.121003047767168,0.0,0.00031459949576273516,1.0,-2.2978699648799172,0.34611778083325984,0.0,1.0,-2.4075247754347773,-0.19728779354521972,44
2130Q1,400,2.407780676637735,-2.5974617155442044,0.3826161288293033,0.9139526101811273,1.735596483780647,0.00046921565473188957,0.0010311398374418005,0.004118184237885902,0.0010311398374418005,0.00046401292684881024,0.001856051707395241,0.0008848633314639246,0.0003981884991587661,0.0015927539966350643,0.21766883592004552,0.05087852412691888,0.7436231650169154,1.121967669802664,0.0,1.121967669802664,0.37834449142648907,0.37834450478574855,0.7413136747888456,1.1210298762356479,1.1215888715688256,0.0,0.0003787982338383511,1.0,-2.2836531475993525,0.34476712626077644,0.0,1.0,-2.457470037446075,-0.17379853965030867,44
2130Q2,401,2.2856752519256713,-2.997800325046949,0.49717302546916853,0.4432842187967745,2.048577801080488,0.0003981884991587661,0.0010171062756252002,0.004062222279182071,0.0010171062756252002,0.0004576978240313401,0.0018307912961253604,0.001081971954444724,0.0004868873795001258,0.0019475495180005032,0.21794250558687617,0.050546937189675886,0.744968715699304,1.121527585579519,0.0,1.121527585579519,0.3765588688072623,0.37655886988021503,0.7431989280511905,1.121385156961827,1.1212388781273386,0.0,0.0002887074521804589,1.0,-2.260251330712602,0.3423382456917601,0.0,1.0,-2.8093401880913964,-1.0395376626278745,44
2130Q3,402,2.3357298125444057,-2.43670946985491,-0.056490442169699506,1.2957496100602892,1.23423867183718,0.0004868873795001258,0.001024786245507648,0.00409284816470179,0.001024786245507648,0.00046115381047844164,0.0018446152419137665,0.0007571255997640989,0.00034070651989384453,0.0013628260795753781,0.217792641560942,0.05072882976847712,0.7447705701650316,1.1225839738969225,0.0,1.1225839738969225,0.3778133947047353,0.377813403731891,0.7421636506774679,1.1211901156405684,1.1221548933676744,0.0,0.0004290805292481714,1.0,-2.262360694036036,0.3426953628837097,0.0,1.0,-2.588683917280731,-0.9499087180613939,44
2130Q4,403,2.6079947957488354,-2.9790414872485225,0.5500881189904139,2.4845339647539797,1.8567202791640742,0.00034070651989384453,0.001018980401882406,0.004069695912210292,0.001018980401882406,0.0004585411808470828,0.0018341647233883311,0.0007910458551492576,0.00035597063481716595,0.0014238825392686638,0.21790591310704005,0.050591420267144006,0.7454487125902508,1.1225818052007182,0.0,1.1225818052007182,0.3771330910625482,0.37713309261046735,0.7429454901792611,1.1213374241397047,1.1221701745723793,0.0,0.0004116306283388216,1.0,-2.250298796544289,0.3414739090196117,0.0,1.0,-2.749239103448229,-0.689480115189425,44
2131Q1,404,2.3765192673055497,-2.256334057491939,0.4725460863139944,1.4894269762916594,1.6921736757632988,0.00035597063481716595,0.0010259472092273459,0.00409747774926017,0.0010259472092273459,0.00046167624415230563,0.0018467049766092225,0.0010048559915384944,0.00045218519619232245,0.0018087407847692898,0.21777000721556877,0.05075623556977926,0.7440010031884596,1.1216279061397205,0.0,1.1216279061397205,0.3776269018198555,0.3776269029512609,0.7420079022405496,1.1211607606750322,1.1213020776879032,0.0,0.00032582845181727826,1.0,-2.2773639285590823,0.3440842076597159,0.0,1.0,-2.566685572303149,-0.030031894489045915,44
2131Q2,405,1.976761348050768,-2.387822991019553,0.1251702511041044,1.1660114584532422,1.8776126360526437,0.00045218519619232245,0.0010367149169581817,0.004140415456716284,0.0010367149169581817,0.0004665217126311818,0.0018660868505247271,0.0013607824139380274,0.0006123520862721123,0.0024494083450884493,0.21756033137271363,0.05100929645107948,0.7417206324176228,1.1200671244792406,0.0,1.1200671244792406,0.37834647622872675,0.37834649206161786,0.7405726381203084,1.1208900946337395,1.1198812912043217,0.0,0.00018583327491894508,1.0,-2.3202883745978804,0.3482164853735159,0.0,1.0,-2.35730451125924,-0.6135698236938961,44
2131Q3,406,1.6493778293516939,-2.041317207687488,1.1475254171354337,0.6578661590363889,0.5666315337665428,0.0006123520862721123,0.0010431082114851344,0.004165908936230145,0.0010431082114851344,0.0004693986951683105,0.001877594780673242,0.001100730934811313,0.0004953289206650909,0.0019813156826603636,0.2174360529812957,0.05115859959779926,0.7415430939431477,1.1209061623789536,0.0,1.1209061623789536,0.3793630622755073,0.3793630684358059,0.7397282996622664,1.12073073553093,1.1206102661406894,0.0,0.00029589623826420386,1.0,-2.322346141053086,0.3485392851846435,0.0,1.0,-2.266159523717977,0.0748363437492658,44
2131Q4,407,1.6735308553255064,-1.8897540146569543,-0.2950891477904831,0.8995223873146322,0.712530342743059,0.0004953289206650909,0.0010655252270298935,0.0042552936817245035,0.0010655252270298935,0.0004794863521634521,0.0019179454086538084,0.0006729985729103763,0.00030284935780966937,0.0012113974312386775,0.2170015597912073,0.05167660509342747,0.7397573777032176,1.1220388889864168,0.0,1.1220388889864168,0.3822814987251864,0.3822815112831992,0.7368128670443396,1.1201797223103576,1.1215531286273464,0.0,0.0004857603590704418,1.0,-2.35297393870181,0.35179454451237135,0.0,1.0,-2.01599596039949,-0.4498770168536204,44
2132Q1,408,1.788547230201846,-1.8262450209637535,-0.5717533409081746,1.201294813648804,0.6989295078162525,0.00030284935780966937,0.0011344945010487448,0.004530261376631595,0.0011344945010487448,0.0005105225254719352,0.0020420901018877407,0.0012932435731987744,0.0005819596079394485,0.002327838431757794,0.21567707068186506,0.053218856399971856,0.7299226541044149,1.1183791508734544,0.0,1.1183791508734544,0.38845648911869185,0.3884564967690395,0.72825921483959,1.1185559915124506,1.1181093736215877,0.0,0.00026977725186672075,1.0,-2.537901196870524,0.37000816007911297,0.0,1.0,-1.5907798771189816,-0.8971050153108826,44
2132Q2,409,1.685085783898387,-1.740286704773629,-0.9205554917619854,0.15808469083785393,1.4062271557796624,0.0005819596079394485,0.0011282625821916919,0.0045054182134267595,0.0011282625821916919,0.0005077181619862613,0.0020308726479450452,0.0010573347694341553,0.0004758006462453699,0.0019032025849814796,0.2157959905793304,0.05308258029051461,0.7312166014980195,1.1193652557362863,0.0,1.1193652557362863,0.3881486395877584,0.38814865423826683,0.7290075263079075,1.1186984807536047,1.1190046418983781,0.0,0.0003606138379081969,1.0,-2.512596100138453,0.36758380936759993,0.0,1.0,-1.6129469631376991,-1.9160631615880448,44
2132Q3,410,1.349091479079001,-1.3097658801662675,0.01493319827571049,-0.18230072049691404,0.7467719274353847,0.0004758006462453699,0.001143520661370752,0.004566242788006547,0.001143520661370752,0.0005145842976168384,0.0020583371904673536,0.001219460123797629,0.000548757055708933,0.002195028222835732,0.21550509562391534,0.05341518606378009,0.7290545605982073,1.1184804278392484,0.0,1.1184804278392484,0.3894258500500068,0.3894258672410411,0.7271836749212264,1.1183510389358038,1.1181763856626723,0.0,0.00030404217657609145,1.0,-2.5538818825059924,0.3716394311948903,0.0,1.0,-1.5500946558727058,-1.3593434544045309,44
2132Q4,411,0.9209062726364027,-1.670310741068735,-1.2991881015904339,0.9661854645402527,1.3837538032278087,0.000548757055708933,0.0011362520167163318,0.004537267521242838,0.0011362520167163318,0.0005113134075223493,0.0020452536300893972,0.0013213998053233386,0.0005946299123955024,0.0023785196495820097,0.21564356018203407,0.0532571814584939,0.7296510635327258,1.1182426551936204,0.0,1.1182426551936204,0.3885915909194544,0.38859159166089463,0.7280490245988487,1.1185159528352084,1.1179830388554381,0.0,0.00025961633818227803,1.0,-2.5431274362128957,0.3705181137088941,0.0,1.0,-1.5817762248772014,-1.1459726793597353,44
2133Q1,412,1.2252139934728026,-1.949129371709921,-0.42789794043913487,0.7744591692799614,1.3424282916857264,0.0005946299123955024,0.001099522582786831,0.004390841947296109,0.001099522582786831,0.000494785162254074,0.001979140649016296,0.000820553763314961,0.00036924919349173244,0.0014769967739669298,0.21634636290980344,0.05244631005143107,0.7352099906351024,1.1208005214658066,0.0,1.1208005214658066,0.38559051121758314,0.38559053083070416,0.7325204949157835,1.1193662641331705,1.1203586171262134,0.0,0.00044190433959312436,1.0,-2.437248416427198,0.360155592449228,0.0,1.0,-1.7689139514912637,-0.6601995486278283,44
2133Q2,413,1.4716888274560826,-1.3280177636319186,-0.2436625700031285,0.4461114638412377,0.7046047412388121,0.00036924919349173244,0.0010817264335075307,0.004319890003250615,0.0010817264335075307,0.00048677689507838887,0.0019471075803135555,0.0008589768655172821,0.00038653958948277697,0.0015461583579311079,0.2166887679958643,0.05204575244452722,0.7372875467359323,1.121014399595176,0.0,1.121014399595176,0.38372685137851126,0.3837268528592437,0.7347483878083806,1.119788810785007,1.1205976357498422,0.0,0.00041676384533384514,1.0,-2.399094599295827,0.35632292034009994,0.0,1.0,-1.8869948101244627,-0.25686106244112505,44
2133Q3,414,1.9196327253556298,-1.79518417980259,-1.0357970905692857,-0.07562787151444439,0.494144077682821,0.00038653958948277697,0.0011114718030130247,0.00443848048542661,0.0011114718030130247,0.0005001623113558612,0.0020006492454234448,0.0008237485808609507,0.0003706868613874278,0.0014827474455497112,0.21611714601296306,0.052712424018923086,0.7337666296227986,1.120552817287373,0.0,1.120552817287373,0.38678617711613045,0.3867861876645745,0.7310473795000235,1.1190864647438423,1.1201060631696802,0.0,0.00044675411769290463,1.0,-2.464017956644925,0.3628311088031051,0.0,1.0,-1.7045903959544775,-0.2519057886135083,44
2133Q4,415,2.1728913922895976,-1.1295137973319362,-0.3669814208009941,0.9600126705554107,0.13350255691446522,0.0003706868613874278,0.0011436718136975418,0.004566845325398083,0.0011436718136975418,0.0005146523161638939,0.0020586092646555755,0.0018653119532805373,0.0008393903789762419,0.0033575615159049674,0.21550221839769668,0.05341846330343519,0.727495714004992,1.1161127509220163,0.0,1.1161127509220163,0.38861703101982054,0.3886170369170243,0.7271657466390297,1.118347621030104,1.1160600861188583,0.0,5.2664803158020135e-05,1.0,-2.5861792720309045,0.37457853682411424,0.0,1.0,-1.5564466719601837,-0.10631945234012333,44
2134Q1,416,1.689181318135192,-1.6847028990907813,-1.7847217764496581,0.42217697155006334,1.1893221780060745,0.0008393903789762419,0.0011418314895544754,0.004559509236399251,0.0011418314895544754,0.0005138241702995139,0.0020552966811980557,0.001340211721851593,0.0006030952748332168,0.0024123810993328674,0.21553725546186694,0.05337853848022831,0.7289605376385324,1.1180690437653766,0.0,1.1180690437653766,0.3891084810890632,0.3891085061268442,0.7273842143172757,1.118389266813431,1.117813728178872,0.0,0.00025531558650460084,1.0,-2.5561943282544837,0.37181633755061516,0.0,1.0,-1.5584527681862952,-1.1055320423245072,44
2134Q2,417,-0.029138408331846777,-0.7515359159311252,-0.44042923200286027,0.5374726869850927,0.9673423813930307,0.0006030952748332168,0.0013692638449827967,0.0054658163443936925,0.0013692638449827967,0.0006161687302422585,0.002464674920969034,0.0009042261564691347,0.0004069017704111106,0.0016276070816444424,0.2113045777106369,0.05795779117815004,0.7063908229242825,1.1157993414867788,0.0,1.1157993414867788,0.40940851805207124,0.4094085185624964,0.7030995970896725,1.1137097039331207,1.1152598076027538,0.0,0.0005395338840250563,1.0,-2.992538312560228,0.41564692948561166,0.0,1.0,-1.0051775930468727,0.5081068910711958,44
2134Q3,418,0.8365078187958954,-1.1309159737537051,-0.7839831823548871,0.80928218801535,0.22542754125100312,0.0004069017704111106,0.0014475144512122295,0.005777498143837101,0.0014475144512122295,0.0006513815030455033,0.002605526012182013,0.001425233366748341,0.0006413550150367534,0.002565420060147014,0.2098927088764047,0.059385812261310504,0.6981915479119261,1.1128182935421078,0.0,1.1128182935421078,0.4146267218673142,0.41462674563018176,0.6958310381254306,1.1122868439713944,1.1124368671458726,0.0,0.0003814263962351738,1.0,-3.161130277785093,0.43227167276347256,0.0,1.0,-0.8880130520844147,-0.1418116671634167,44
2134Q4,419,0.5333256746287183,-1.1524182759021633,-0.2119145249281365,-0.21200475052892492,0.6261596901376488,0.0006413550150367534,0.0015326240776177406,0.006116417085720749,0.0015326240776177406,0.0006896808349279833,0.0027587233397119333,0.0015345035235549088,0.000690526585599709,0.002762106342398836,0.20838222621359967,0.060864623361988016,0.6908217062538262,1.1112877391098666,0.0,1.1112877391098666,0.42046602961425056,0.42046603285604034,0.6884478670485011,1.1108293453302602,1.1109053261141841,0.0,0.00038241299568242404,1.0,-3.314420260614769,0.44755149947587713,0.0,1.0,-0.7800453844151899,-0.9903645155747873,44
2135Q1,420,0.3562766246734861,-0.495570604198217,-0.3877593072128974,0.4156852580439965,0.10827536153698045,0.000690526585599709,0.0017570011967271786,0.007009504153971724,0.0017570011967271786,0.0007906505385272304,0.0031626021541089214,0.0024022765239159437,0.0010810244357621747,0.004324097743048699,0.2045223955281525,0.06443615584994655,0.6724172591207711,1.1056971046509116,0.0,1.1056971046509116,0.43327983304899903,0.43327984553014054,0.6711906296168426,1.1073677751259594,1.1055042910589254,0.0,0.0001928135919861962,1.0,-3.714528272928495,0.4871718028570873,0.0,1.0,-0.5762817799874652,0.2317887886253461,44
2135Q2,421,1.0183731533242164,-0.38794743904756923,-0.01652879492744902,0.1439432428345126,0.8669544612947351,0.0010810244357621747,0.002017143786301665,0.008044194744299071,0.002017143786301665,0.0009077147038357493,0.0036308588153429974,0.002347849840670672,0.0010565324283018024,0.00422612971320721,0.20026085402939886,0.06807829468301779,0.6564486915534705,1.1033477868795578,0.0,1.1033477868795578,0.4468990746785862,0.4468990953260873,0.654373621515929,1.1039057769997456,1.1030210989011073,0.0,0.0003266879784504795,1.0,-4.076048035414977,0.5233482711131959,0.0,1.0,-0.39802371398502556,0.47974923865972435,44
2135Q3,422,0.5995692655633809,-1.2658576967014876,-0.25196938209251796,1.3656656431269374,0.28738736173373475,0.0010565324283018024,0.0013850161139486409,0.005528565461636603,0.0013850161139486409,0.0006232572512768884,0.0024930290051075536,0.001200659206641076,0.0005402966429884842,0.0021611865719539367,0.21101856254265958,0.05825080072251174,0.7042694990385062,1.114512131377572,0.0,1.114512131377572,0.410242622434352,0.4102426323390659,0.7015968339201133,1.113416455633591,1.1140775639575953,0.0,0.0004345674199768279,1.0,-3.0365127029799064,0.4199109736550022,0.0,1.0,-0.9784132543220224,0.12430309071101404,44
2135Q4,423,0.8024781749829225,-1.6664221611800358,0.8370794308891754,1.3190006682926603,0.38958470102030646,0.0005402966429884842,0.0012160784067179312,0.004855447738110974,0.0012160784067179312,0.000547235283023069,0.002188941132092276,0.0011333372706432857,0.0005100017717894785,0.002040007087157914,0.21413400534658766,0.0549498772595353,0.7211891372232618,1.117481697675716,0.0,1.117481697675716,0.396292545713284,0.3962925604524542,0.7188774794425266,1.116761944653333,1.117105128664192,0.0,0.00037656901152405275,1.0,-2.7030879208503737,0.38659879031324784,0.0,1.0,-1.3237422246682837,1.115778648451523,44
2136Q1,424,0.9067599180996277,-2.1466100018488166,-0.4194729892650329,-0.08979578229288154,1.4178888384601187,0.0005100017717894785,0.0012311800124923107,0.004915632687244154,0.0012311800124923107,0.0005540310056215399,0.0022161240224861595,0.0007258705720799535,0.0003266417574359791,0.0013065670297439163,0.21385115862175183,0.055259932442442164,0.720530785015561,1.1186956174635723,0.0,1.1186956174635723,0.3981648250265972,0.39816483244801126,0.7172208159916013,1.1164436152384092,1.1181503544085374,0.0,0.0005452630550348836,1.0,-2.713923837562174,0.38786574199878143,0.0,1.0,-1.2813770720419324,0.6275291205148217,44
2136Q2,425,1.84479185971513,-1.2224119633776382,-0.18472888054384673,1.0529717369884013,1.2983717000564612,0.0003266417574359791,0.0013491097664680913,0.005385528301631082,0.0013491097664680913,0.0006070993949106411,0.0024283975796425645,0.0012246113425911326,0.0005510751041660096,0.0022043004166640385,0.2116718476940972,0.05757868569700675,0.7075650497137311,1.1149717135171546,0.0,1.1149717135171546,0.4074066560765388,0.4074066638034235,0.7050527487194471,1.1140901454567655,1.114563491615436,0.0,0.0004082219017185196,1.0,-2.9704868311589365,0.41329760801172766,0.0,1.0,-1.0416633525918242,1.1235911409301291,44
2136Q3,426,1.291509845288954,-0.4429907172871044,-0.4739139654459832,0.13242081234777836,0.2903040792134815,0.0005510751041660096,0.0015385132518283533,0.006139865430339286,0.0015385132518283533,0.000692330963322759,0.002769323853291036,0.0014836038713940286,0.0006676217421273129,0.0026704869685092517,0.2082786660883793,0.06096424434626275,0.6904557831029713,1.1113869386335282,0.0,1.1113869386335282,0.4209311507137974,0.42093115553055693,0.6879556336310597,1.1107317100531082,1.1109836050637074,0.0,0.00040333356982080737,1.0,-3.321862826260281,0.4483186608839007,0.0,1.0,-0.7810186651366835,0.3840560475651975,44
2136Q4,427,0.8934332602126307,-0.8312560330035959,-0.0857235667897972,0.11249709978484873,0.06867797432599013,0.0006676217421273129,0.0017139980895527684,0.0068383857543364845,0.0017139980895527684,0.0007712991402987458,0.0030851965611949834,0.0023861166175941748,0.0010737524779173787,0.004295009911669515,0.20524866490181562,0.06378536519380924,0.6754058806557761,1.1062160005706292,0.0,1.1062160005706292,0.43081010751675025,0.4308101199148531,0.6742767300282793,1.1079929847116032,1.106038427548052,0.0,0.00017757302257725982,1.0,-3.648649291951835,0.48059117671726614,0.0,1.0,-0.6136822659939817,0.6321535850911448,44
2137Q1,428,0.9439636549696735,-0.2875463584530067,0.2953474299801462,0.6746701210023557,0.250648990094149,0.0010737524779173787,0.0016653292334753837,0.006644695471448303,0.0016653292334753837,0.0007493981550639227,0.002997592620255691,0.0008757493723585794,0.00039408721756136074,0.001576348870245443,0.20607826746772873,0.06303034513327442,0.6820145722254306,1.1118907158828262,0.0,1.1118907158828262,0.4298761387329141,0.42987614365739557,0.6778891700604293,1.10872125024919,1.1112139060017112,0.0,0.0006768098811149592,1.0,-3.4983841072591924,0.46624432350835787,0.0,1.0,-0.657693166777498,0.9287589481913237,44
2137Q2,429,0.7222181073680726,-0.5131020067689709,-0.10326811158211163,0.581392884637777,-0.010231446505612252,0.00039408721756136074,0.0014988457653175632,0.005981917293313654,0.0014988457653175632,0.0006744805943929035,0.002697922377571614,0.0018624078513044715,0.0008380835330870122,0.003352334132348049,0.20897859881970124,0.06028658296349933,0.6928822456185322,1.110597285259701,0.0,1.110597285259701,0.4177150298441736,0.41771503964116885,0.691316700994174,1.1113972083336738,1.1103473943345086,0.0,0.00024989092519245304,1.0,-3.272847484989504,0.4432466649658634,0.0,1.0,-0.8302436550976514,1.0673726338002332,44
2137Q3,430,-0.11026565801190857,-0.6702020745202999,0.030537789699153425,0.3355653282369864,0.17812215522803734,0.0008380835330870122,0.001999750254260431,0.007975038982587113,0.001999750254260431,0.000899887614417194,0.003599550457668776,0.001436987151223125,0.0006466442180504062,0.002586576872201625,0.20053885941907076,0.06784930170057887,0.6592133890925724,1.106485084102371,0.0,1.106485084102371,0.4472716812160304,0.4472716950097986,0.6554089771755593,1.1041218459347217,1.105870543910005,0.0,0.0006145401923660643,1.0,-4.0080610340434335,0.5169594591862929,0.0,1.0,-0.4119669781417867,1.0998764547231719,44
2137Q4,431,0.7175523820854705,-0.5530192695696694,0.26541963217437126,0.11565809178505365,0.2500008796401889,0.0006466442180504062,0.0016912401110079232,0.006747818026941799,0.0016912401110079232,0.0007610580499535655,0.003044232199814262,0.0022049959521856536,0.0009922481784835442,0.003968992713934177,0.20563557918148928,0.0634348041103576,0.6773826210981654,1.1070789636252811,0.0,1.1070789636252811,0.42969633877122704,0.42969634252711575,0.6759496904395853,1.108330722199467,1.1068524495029983,0.0,0.00022651412228280599,1.0,-3.6046277106689493,0.47627052288841143,0.0,1.0,-0.6360001893259557,1.1550740084112678,44
2138Q1,432,0.6048327516604353,-0.07989046354903226,0.3431886105937668,-0.08994131223667867,0.13215510881112533,0.0009922481784835442,0.0021913555023979413,0.008736651844802545,0.0021913555023979413,0.0009861099760790737,0.003944439904316295,0.0014557902243196978,0.000655105600943864,0.002620422403775456,0.1975295497311833,0.07027013051522048,0.6488230066257491,1.1047517892565082,0.0,1.1047517892565082,0.4559287735686915,0.4559287826307591,0.6446060450091429,1.1018459761381967,1.1040709652566583,0.0,0.0006808239998499221,1.0,-4.251074667625873,0.5412523611616434,0.0,1.0,-0.30514288597444433,1.3552009053767946,44
2138Q2,433,0.00863848793942279,-0.8395996540523365,-0.7068530097138466,-0.41145509111254264,-0.28812229170281634,0.000655105600943864,0.001807012095675071,0.007208480217448132,0.001807012095675071,0.0008131554430537819,0.0032526217722151276,0.002101229076060443,0.0009455530842271995,0.003782212336908798,0.2036856679716527,0.06517453581359553,0.6697022504649037,1.106177587793694,0.0,1.106177587793694,0.43647533307370395,0.4364753373287902,0.667719665199469,1.1066610768691214,1.1058632598652256,0.0,0.0003143279284683054,1.0,-3.7734644206245456,0.49320088897822734,0.0,1.0,-0.5420318216131041,1.0388817184784775,44
2138Q3,434,0.47564750713206133,-0.29637013656242706,-0.2658943480821921,1.3371842646792897,-0.27785698244653645,0.0009455530842271995,0.0019496871618135605,0.007775970597858284,0.0019496871618135605,0.0008773592228161022,0.003509436891264409,0.002530319913051374,0.0011386439608731184,0.004554575843492474,0.20134449923586437,0.06717921187243693,0.6599882111608669,1.103363103566168,0.0,1.103363103566168,0.4433748787088652,0.44337489240530104,0.6584552497242462,1.104755216265554,1.1031230210176362,0.0,0.00024008254853180588,1.0,-3.9951720229397356,0.5151785583331004,0.0,1.0,-0.4524282695011153,2.7619784432372136,44
2138Q4,435,1.0842481056180673,0.4660934968619883,0.26155502473876613,0.09936932876429344,0.36013528256614014,0.0011386439608731184,0.0024876006796271458,0.00991333531202332,0.0024876006796271458,0.0011194203058322155,0.004477681223328862,0.004059054916211563,0.0018265747122952032,0.007306298849180813,0.1930997522224982,0.0736228339368966,0.6303206492918736,1.0943805914946945,0.0,1.0943805914946945,0.46405992489812453,0.4640599422028209,0.6301415079604397,1.0987152681571193,1.0943537679012727,0.0,2.6823593421765324e-05,1.0,-4.715206612042133,0.586494086491918,0.0,1.0,-0.16905409264617616,1.989729904864851,44
2139Q1,436,0.35473730175159157,0.36667606487353194,0.8247183410296739,-0.30074401550440455,0.011296394469484328,0.0018265747122952032,0.0037847914754434307,0.015053434680702638,0.0037847914754434307,0.0017031561639495438,0.006812624655798175,0.0027787827563621817,0.001250452240362982,0.005001808961451928,0.17653274392310747,0.08456640413717055,0.5916569503661872,1.091999980070402,0.0,1.091999980070402,0.5003430077523284,0.500343029704215,0.5864280980895572,1.088427650774319,1.0911869171883668,0.0,0.0008130628820353092,1.0,-5.746190160156983,0.6901685637753353,0.0,1.0,0.2523446407514213,1.4226857925132477,44
2139Q2,437,-0.273907091335407,0.9878076783319604,0.4043184089741091,0.05427973464501662,-0.05921244469255066,0.001250452240362982,0.003946322690192561,0.015692095573224818,0.003946322690192561,0.0017758452105866524,0.007103380842346609,0.003000748931449902,0.001350337019152456,0.005401348076609824,0.1747560006782921,0.08563936809487409,0.5875796019792241,1.0907790682499956,0.0,1.0907790682499956,0.5031994581893838,0.5031994662707715,0.5823950802889281,1.0873945799008065,1.0899780771216758,0.0,0.0008009911283197724,1.0,-5.86447388159418,0.7018970511402656,0.0,1.0,0.28870236319425274,2.165889757609143,44
2139Q3,438,-0.24451714963510207,0.7017701307641193,0.5563074514485856,0.8216253270547536,-0.6716382885626792,0.001350337019152456,0.006107237861292918,0.024206071087924275,0.006107237861292918,0.002748257037581813,0.010993028150327253,0.005033278765388273,0.002264975444424723,0.009059901777698892,0.15577281288865463,0.09686476154610345,0.5484568848875553,1.0797183428951493,0.0,1.0797183428951493,0.5312614537295175,0.5312614580075941,0.5424741646540072,1.076114763814308,1.0788487530401119,0.0,0.0008695898550374892,1.0,-7.087623453497066,0.8232973699052818,0.0,1.0,0.7295444512992234,1.9054405598683533,44
2139Q4,439,-0.8393454782799967,0.2519811168337252,-0.11880690996331716,0.7592743818617134,0.39244641208816844,0.002264975444424723,0.004897008388793603,0.019444618567724392,0.004897008388793603,0.0022036537749571213,0.008814615099828485,0.002756639157814185,0.0012404876210163833,0.004961950484065533,0.1653885928377396,0.09115729349369672,0.5694832772521361,1.0886088210202878,0.0,1.0886088210202878,0.5191255424422523,0.5191255437681517,0.5622725754033955,1.081961872175137,1.0874868709735213,0.0,0.0011219500467665178,1.0,-6.404182987681476,0.7559778111471311,0.0,1.0,0.5130302227661186,-0.38151919285141744,44
2140Q1,440,-0.41901220581151954,0.5077726244963411,-0.1036157301466471,0.4530298516086499,-0.11878743050577699,0.0012404876210163833,0.005212377814859561,0.02068706368430251,0.005212377814859561,0.0023455700166868025,0.00938228006674721,0.004131805933246318,0.001859312669960843,0.007437250679843372,0.1626547465535411,0.092756103872613,0.562380927608422,1.0840235759977481,0.0,1.0840235759977481,0.5216426373722325,0.5216426483893262,0.5566255893508317,1.0803467050840718,1.0831636889038956,0.0,0.0008598870938525405,1.0,-6.632134780956994,0.7781541654257386,0.0,1.0,0.5779981013174162,-0.8107039845464039,44
2140Q2,441,-1.406965437123648,0.906567181324362,1.025235960894598,-0.5718870243520445,-0.39903640410072677,0.001859312669960843,0.007256180338588538,0.02871033387754085,0.007256180338588538,0.003265281152364842,0.013061124609459369,0.006158163572237302,0.0027711736075067862,0.011084694430027145,0.1485590835652478,0.10150697284713157,0.533395501054514,1.0748291288283072,0.0,1.0748291288283072,0.541433626423227,0.5414336277737931,0.5271012937169769,1.0712282588837378,1.0739461254081404,0.0,0.0008830034201667836,1.0,-7.607526381538905,0.8747814645463836,0.0,1.0,0.9370822062359428,0.19221152062146638,44
2140Q3,442,-0.7736252996112539,1.3970853172639015,0.6960644893788734,-0.5846927609464692,0.3883205451355883,0.0027711736075067862,0.0050343608471800656,0.019985884390780972,0.0050343608471800656,0.0022654623812310296,0.009061849524924118,0.006735972230967408,0.003031187503935334,0.012124750015741335,0.16417670099276815,0.09186516431008972,0.5614938144864856,1.0773110304936453,0.0,1.0773110304936453,0.5158172152690004,0.5158172160071597,0.559762540789824,1.081249074711888,1.0770726546645584,0.0,0.00023837582908692312,1.0,-6.67194705644186,0.7809635181402507,0.0,1.0,0.5419136516824632,-0.6150371371875852,44
2140Q4,443,-0.8307287350314791,0.9035240287751708,1.1053482458921213,-0.4384300561047052,-0.20373802174607694,0.003031187503935334,0.0044889157878702035,0.01783512236890572,0.0044889157878702035,0.002020012104541592,0.008080048418166367,0.004070693761702043,0.0018318121927659193,0.007327248771063677,0.1691922270553296,0.08893442657498969,0.574824171750964,1.0860407615890622,0.0,1.0860407615890622,0.5112165809611537,0.5112165898380981,0.5702580987460111,1.0841762068377747,1.0853573032062653,0.0,0.0006834583827968199,1.0,-6.246941998703219,0.7396623876775561,0.0,1.0,0.42699612929467223,-0.33258880196233553,44
2141Q1,444,-0.6470362365125352,0.6216086686989202,0.24507361126486316,-0.7177441766659276,-0.6393906808665859,0.0018318121927659193,0.0060937253601066515,0.024153004254072963,0.0060937253601066515,0.002742176412047993,0.010968705648191973,0.006078184998138102,0.002735183249162146,0.010940732996648585,0.15586785642027434,0.09680654776981518,0.5472203804987616,1.0769655437403884,0.0,1.0769655437403884,0.5297451590536981,0.5297451632416268,0.5426710920838048,1.0761754546141618,1.0763256946613577,0.0,0.0006398490790306965,1.0,-7.133524934389354,0.8274173101897732,0.0,1.0,0.7426900725775019,-1.0331264882269222,44
2141Q2,445,0.3356855386325468,-0.41639347237876634,-0.3033208541826931,-0.9655253480621875,0.14819069526799353,0.002735183249162146,0.003108093914953361,0.012374534179617536,0.003108093914953361,0.0013986422617290124,0.00559456904691605,0.003516113360605134,0.0015822510122723104,0.006329004049089241,0.18463558004131062,0.07946835400358526,0.6088257529518172,1.0926495748568505,0.0,1.0926495748568505,0.48382380462074354,0.48382382190503337,0.6061763347105636,1.0932593420283367,1.0922463930392616,0.0,0.0004031818175889157,1.0,-5.27288301170848,0.6425060501585756,0.0,1.0,0.07361757116720666,-0.9515733001181836,44
2141Q3,446,0.8937070459958967,-0.21912397520552274,-0.007643497847224567,0.5288466573206756,0.31336047160296576,0.0015822510122723104,0.0026915809735348446,0.010722934190630085,0.0026915809735348446,0.00121121143809068,0.00484484575236272,0.002343015685409314,0.0010543570584341912,0.004217428233736765,0.19019976990013518,0.07569987545682394,0.625178818549922,1.0984384245151704,0.0,1.0984384245151704,0.47325958702473425,0.4732596059652484,0.6214518844510541,1.0967802681555745,1.097851594779295,0.0,0.0005868297358753161,1.0,-4.837966822110156,0.5995423251525814,0.0,1.0,-0.071743936845873,-0.7925570977225916,44
2141Q4,447,-0.6556959187350475,0.3631063036407865,0.9140177861924361,0.5749587532691023,-0.15829398292122576,0.0010543570584341912,0.004325762450433656,0.017191099905410123,0.004325762450433656,0.0019465931026951453,0.007786372410780581,0.003549281911980008,0.0015971768603910037,0.006388707441564015,0.17080205200213977,0.08798875521135313,0.5787508180168844,1.0879864632821472,0.0,1.0879864632821472,0.5092356405485803,0.5092356452652628,0.573703998113221,1.0851074083228947,1.0872192041780186,0.0,0.0007672591041285592,1.0,-6.126564975778324,0.7278593207174414,0.0,1.0,0.394139863100576,-0.9380139940061775,44
2142Q1,448,-1.3547929760589354,0.3932270233454781,1.1990603576037273,-0.9189679836766749,-0.9447162151830737,0.0015971768603910037,0.005893019060559777,0.023364527597709794,0.005893019060559777,0.0026518585772519,0.0106074343090076,0.005191300869005109,0.002336085391052299,0.009344341564209196,0.15731014833229967,0.09592961584261304,0.5510683170931953,1.079706050821325,0.0,1.079706050821325,0.5286377196178549,0.5286377337281297,0.5456499596686075,1.0770873883759668,1.078922344230225,0.0,0.0007837065911000529,1.0,-7.001930977277058,0.8146570123366536,0.0,1.0,0.7057228785762418,-0.8592127571578028,44
2142Q2,449,-0.8188062653033222,0.3268757496242348,0.3126239218228556,-0.3334609939169857,-0.36314662577977347,0.002336085391052299,0.006623326567787977,0.026231255838178424,0.006623326567787977,0.0029804969555045895,0.011921987822018358,0.007898530431330264,0.003554338694098619,0.014217354776394476,0.1523278455726471,0.09901890962528087,0.5382906331926866,1.0713001541140952,0.0,1.0713001541140952,0.5330095156024185,0.5330095209214086,0.5352592928485534,1.0738571911374977,1.0708986330390822,0.0,0.0004015210750130116,1.0,-7.444868218878937,0.857732483193795,0.0,1.0,0.8305897851723159,-0.10686564533962968,44
2142Q3,450,-0.08940735087847762,0.33400330403073575,0.5332606021687724,-0.5813388757323434,-0.48166940640855394,0.003554338694098619,0.006199032896133216,0.024566514920700833,0.006199032896133216,0.0027895648032599473,0.01115825921303979,0.006150104019305,0.00276754680868725,0.011070187234749,0.15513388314998464,0.09725760756583589,0.5457765874592143,1.0765858441643583,0.0,1.0765858441643583,0.5308092516172938,0.530809256705144,0.5411479418013851,1.075704727621013,1.0759363316290318,0.0,0.0006495125353265241,1.0,-7.182190905539188,0.8322515437452315,0.0,1.0,0.7618981374124573,-1.1299632329508125,44
2142Q4,451,-0.8228752618621918,0.0041730741896087165,0.6896487100083176,-0.4356387782493201,-0.607755516540785,0.00276754680868725,0.0043811413386952835,0.017409734963285572,0.0043811413386952835,0.0019715136024128777,0.00788605440965151,0.006111631445689964,0.002750234150560484,0.011000936602241936,0.17024972099662333,0.08831374601427662,0.5738420468093962,1.0806234639223513,0.0,1.0806234639223513,0.5067814077423766,0.5067814171129551,0.5725164425225278,1.0847881019537406,1.0804372196239562,0.0,0.0001862442983950885,1.0,-6.285900357989316,0.7426398016483711,0.0,1.0,0.4068166619715171,-0.9944654225015412,44
2143Q1,452,0.3120543754625902,0.20281865051317916,-1.4398357713644905,0.30380795714783754,0.307200147008657,0.002750234150560484,0.0026083832809889783,0.010392782083869734,0.0026083832809889783,0.0011737724764450403,0.004695089905780161,0.0031531688620572646,0.001418925987925769,0.005675703951703076,0.19136821759972775,0.07487326559944729,0.6269899422398094,1.0964377870641666,0.0,1.0964377870641666,0.46944784473503365,0.4694478448243572,0.6248862134824731,1.0975503728772695,1.0961142109869875,0.0,0.00032357607717914405,1.0,-4.795408418616565,0.5949219158737307,0.0,1.0,-0.09954535218897978,-1.6571767764435636,44
2143Q2,453,-0.397487241308497,0.2629448924395315,-0.6434179175625092,-1.8668942180269983,-1.0572737896890592,0.001418925987925769,0.0022254310497369237,0.008872053000452351,0.0022254310497369237,0.0010014439723816156,0.0040057758895264625,0.003046771652689051,0.001371047243710073,0.005484188974840292,0.19700644292928143,0.0706784850599238,0.6441243211866754,1.0993816372076652,0.0,1.0993816372076652,0.45525731211725995,0.45525731602098984,0.6428141344041752,1.101463635464711,1.0991794891079743,0.0,0.0002021480996909908,1.0,-4.3706637028004875,0.5524953230363387,0.0,1.0,-0.26976722432877254,-1.940436104254689,44
2143Q3,454,-0.5937535177838872,0.004343334883359251,-0.8719530056889788,0.31997418043807613,0.1028987344045832,0.001371047243710073,0.0027981235096816584,0.011145604637951223,0.0027981235096816584,0.0012591555793567463,0.005036622317426985,0.002458467119052074,0.0011063102035734334,0.0044252408142937336,0.18873176815360765,0.07671998082958115,0.6210165991584876,1.0974604186562509,0.0,1.0974604186562509,0.4764438158229085,0.47644381949776327,0.6172561019664635,1.0958292998351518,1.0968702578921312,0.0,0.0005901607641196627,1.0,-4.945692205351193,0.6102629103315459,0.0,1.0,-0.030752232835954175,-1.0489731964325721,44
2143Q4,455,0.26858679942710906,-0.528410929619243,-1.1926834034422575,-0.8469018256743495,0.7105193316948153,0.0011063102035734334,0.0014750871185657448,0.005887306015946225,0.0014750871185657448,0.0006637892033545851,0.0026551568134183406,0.000851829535929397,0.00038332329116822866,0.0015332931646729147,0.20940051492807374,0.05987307883423843,0.697075888857418,1.1144366950889377,0.0,1.1144366950889377,0.41736079647007013,0.4173608062315197,0.6933823592418091,1.1118048717598186,1.1138303402727983,0.0,0.000606354816139465,1.0,-3.1814734454523506,0.4345640212540668,0.0,1.0,-0.8508347265787889,-0.4608305279499683,44
2144Q1,456,0.8306961982200121,-1.1380447580743795,-0.09182835552478114,-0.5776862072856882,1.2934315874360491,0.00038332329116822866,0.0013355941099428643,0.005331683096623685,0.0013355941099428643,0.0006010173494742889,0.0024040693978971558,0.001710693657204427,0.0007698121457419922,0.0030792485829679687,0.21191898469500775,0.057321751555343047,0.7077563400050076,1.1134546708532238,0.0,1.1134546708532238,0.40569833083485946,0.40569833084821616,0.7063821728598247,1.1143486546456984,1.1132343892784193,0.0,0.00022028157480447064,1.0,-2.968854491565924,0.41291563701085043,0.0,1.0,-1.0558354415693687,-0.5303235704881727,44
2144Q2,457,0.4905618898717657,-0.0005042587520537323,0.43950290855254265,-0.581812150982964,0.5733498121152198,0.0007698121457419922,0.0017628222445055246,0.007032665626949486,0.0017628222445055246,0.0007932700100274861,0.0031730800401099444,0.002088421367401055,0.0009397896153304747,0.003759158461321899,0.20442456902523126,0.06452310605818995,0.6726627968606673,1.106685734761504,0.0,1.106685734761504,0.43402292983239515,0.4340229379008367,0.6707802247033554,1.1072844121374166,1.1063871548567112,0.0,0.00029857990479276175,1.0,-3.7076874635053456,0.4866289567352041,0.0,1.0,-0.5684676835971895,-0.35497845301313424,44
2144Q3,458,0.5284948286539131,-0.5238263407651612,-0.2407819875493507,0.16937685438019925,0.7027945759916823,0.0009397896153304747,0.0016807844773735051,0.006706206675866633,0.0016807844773735051,0.0007563530148180773,0.003025412059272309,0.0020770359191807438,0.0009346661636313347,0.003738664654525339,0.20581393526558395,0.06327228579055566,0.6783940551784913,1.1076294815801466,0.0,1.1076294815801466,0.4292354253786748,0.42923542640165535,0.6767278022716846,1.1084875300399786,1.1073651249939236,0.0,0.0002643565862230357,1.0,-3.582041857055014,0.47406951954187004,0.0,1.0,-0.634168236422069,-0.8596001366857129,44
2144Q4,459,0.40555534641031715,-0.5391794441986915,-0.7789406215602098,-0.2586446494749189,-0.17547199663938112,0.0009346661636313347,0.0017720363989652563,0.0070693271655833945,0.0017720363989652563,0.0007974163795343653,0.0031896655181374613,0.0018247653839470457,0.0008211444227761706,0.0032845776911046825,0.20426995404915013,0.06466019232246989,0.6725793651397268,1.1074704853978858,0.0,1.1074704853978858,0.43489111102059436,0.434891120258159,0.6701340845681852,1.1071530605618287,1.1070797575469014,0.0,0.0003907278509844847,1.0,-3.708345118752368,0.4868133674524606,0.0,1.0,-0.5614713504036918,-0.30932714046323423,44
2145Q1,460,0.39064074036687735,-0.3387391165358464,-0.023622763497508525,-0.11982323630188639,1.4737386343414343,0.0008211444227761706,0.0022477109843752133,0.008960576107544305,0.0022477109843752133,0.001011469942968846,0.004045879771875384,0.0016791531910975831,0.0007556189359939125,0.00302247574397565,0.19666635364878612,0.0709420945011002,0.645587311208753,1.1035804883112033,0.0,1.1035804883112033,0.4579931604048254,0.45799317710245024,0.6416619211747715,1.1012170117628546,1.1029506837759027,0.0,0.0006298045353005932,1.0,-4.329327533069352,0.5489771343709413,0.0,1.0,-0.2659517028261564,-0.5687710635674657,44
2145Q2,461,-0.5160926478144358,-0.05703777813490446,0.3747662033892182,-0.6992331161308148,-0.062036796167472236,0.0007556189359939125,0.004275634430159879,0.016993163740103956,0.004275634430159879,0.0019240354935719454,0.007696141974287782,0.0038339830634091976,0.001725292378534139,0.006901169514136556,0.17130732634778834,0.08769088892941923,0.5793199641679069,1.0873307907910927,0.0,1.0873307907910927,0.5080108263244305,0.5080108266231859,0.5747955233684616,1.0853994202016621,1.08664874456907,0.0,0.0006820462220227252,1.0,-6.110871054580679,0.7261618130795338,0.0,1.0,0.38049461166455184,-0.5024340702947223,44
2145Q3,462,-0.44609213124426395,1.0654830086867304,0.6641332587693412,-1.1407704900224789,-0.22322216174945964,0.001725292378534139,0.007327735472539972,0.028990338635749957,0.007327735472539972,0.0032974809626429872,0.013189923850571949,0.003921940923197276,0.0017648734154387742,0.007059493661755097,0.14816203547004522,0.1017795469657094,0.5354912234912977,1.0805117833011322,0.0,1.0805117833011322,0.5450205413105773,0.5450205598098344,0.5262190303101221,1.070939380883942,1.0791176973191774,0.0,0.0013940859819547846,1.0,-7.524090772269206,0.8674442038114818,0.0,1.0,0.9518732258272188,-0.3155222144332222,44
2145Q4,463,-0.6251953306264288,0.9079512227056625,1.834085729535955,-0.08132985300518869,-0.3192812522830618,0.0017648734154387742,0.010222510432444504,0.04026730549023072,0.010222510432444504,0.004600129694600027,0.01840051877840011,0.008664016165790746,0.0038988072746058357,0.015595229098423343,0.1360246228634949,0.11188879744464954,0.5025438584251802,1.0648341517050646,0.0,1.0648341517050646,0.5622902798238762,0.5622902932798843,0.49510910351719234,1.0602915102814128,1.0638749796457243,0.0,0.0009591720593402631,1.0,-8.769748544671597,0.9898760471925538,0.0,1.0,1.4628209869310618,0.8293670631220263,44
2146Q1,464,-0.7399744256804914,0.9886164211712314,1.758911100533223,0.14681697400453853,-1.2396060583270727,0.0038988072746058357,0.008539959704038296,0.0337247393349458,0.008539959704038296,0.0038429818668172335,0.015371927467268934,0.008475869167509007,0.003814141125379053,0.015256564501516212,0.14222582222096694,0.10619389545278934,0.5175768072347322,1.0672117937552712,0.0,1.0672117937552712,0.5496349735627366,0.549634986520539,0.5122483347194249,1.0662589078018267,1.0665198458342604,0.0,0.0006919479210107937,1.0,-8.190945069070631,0.9320803657816841,0.0,1.0,1.153502134826175,0.5349023770890673,44
2146Q2,465,-0.995074169523825,1.0936593536447767,0.6678031672255887,0.12036974787985233,-0.7648090279904068,0.003814141125379053,0.008020377482746874,0.031697610753103955,0.008020377482746874,0.0036091698672360934,0.014436679468944374,0.0077379950451495596,0.0034820977703173017,0.013928391081269207,0.14459667337478568,0.10434378226039036,0.5234892769302585,1.0697177900844448,0.0,1.0697177900844448,0.5462285112766008,0.5462285131541863,0.5180306673035155,1.0682190944830956,1.068990817791255,0.0,0.0007269722931897427,1.0,-7.969408980773939,0.9102588003070766,0.0,1.0,1.0627017324146575,0.8944154221505947,44
2146Q3,466,-0.9949580144153662,0.9799783226140686,0.10462849458620693,-0.6353334449614338,-0.5655989578260413,0.0034820977703173017,0.006178709736666401,0.024486722290076757,0.006178709736666401,0.0027804193814998804,0.011121677525999522,0.006561354837181281,0.0029526096767315767,0.011810438706926307,0.15527433438605476,0.09717102079107698,0.5454834074020248,1.0755352165716228,0.0,1.0755352165716228,0.5300517952184967,0.5300518091695979,0.5414398491873704,1.0757951731758248,1.0749752892826911,0.0,0.0005599272889316165,1.0,-7.193889143548171,0.8332363046780855,0.0,1.0,0.7526260956864592,-0.05733221128539598,44
2146Q4,467,-1.0990116499184022,1.8878059190884229,2.0494766323990836,-1.1660839761196553,-0.6757293036615373,0.0029526096767315767,0.01132818319889969,0.04454856480041203,0.01132818319889969,0.0050976824395048605,0.020390729758019442,0.012267855431802087,0.005520534944310939,0.022082139777243756,0.1329366388017472,0.1154601413870495,0.4897623080958729,1.05524256839761,0.0,1.05524256839761,0.5654802533879718,0.5654802603017373,0.48485898472598976,1.0566307588208161,1.0546894997515368,0.0,0.0005530686460732959,1.0,-9.305272982579153,1.0418067633136043,0.0,1.0,1.7139125166696587,0.47081962116641946,44
2147Q1,468,-1.5021664420981902,1.5565379120241079,1.9746216031091177,-1.720040154948965,-1.1084380389486215,0.005520534944310939,0.01239057727741866,0.04864873623086574,0.01239057727741866,0.005575759774838398,0.02230303909935359,0.01561380452687057,0.007026212037091756,0.028104848148367025,0.13053870775006743,0.11879864830450446,0.47841199175379395,1.046758973663142,0.0,1.046758973663142,0.5683469795301646,0.5683469819093481,0.4756099428660479,1.053277210013299,1.0464851073462365,0.0,0.00027386631690551333,1.0,-9.80474815453054,1.0902486034159622,0.0,1.0,2.039679204948333,0.5267431492339565,44
2147Q2,469,-2.6625940725410553,2.1924843111690264,3.1722352684749655,-0.46247431552766305,-0.729068686937826,0.007026212037091756,0.012518216038481338,0.04914045190539207,0.012518216038481338,0.005633197217316603,0.02253278886926641,0.013274898602772126,0.005973704371247457,0.02389481748498983,0.13028276453500792,0.11919427573578828,0.4799201822259351,1.0519575777098276,0.0,1.0519575777098276,0.5720373853140786,0.5720373954838924,0.4745345066180407,1.052884278887603,1.0513745085469113,0.0,0.0005830691629162832,1.0,-9.728535054416046,1.0836798010703572,0.0,1.0,2.087910202825422,0.9402479585366634,44
2147Q3,470,-2.139689877920946,2.2828699541221016,3.359932328434579,-1.7736906309759208,-0.6405391040085732,0.005973704371247457,0.012593891904200717,0.049431895654120095,0.012593891904200717,0.005667251356890323,0.02266900542756129,0.013398352088007439,0.006029258439603348,0.02411703375841339,0.1301340086445319,0.11942830798255298,0.4792541270188657,1.0516192234387371,0.0,1.0516192234387371,0.5723650948351866,0.5723650964198714,0.4739003479865381,1.0526522847982125,1.0510425817354505,0.0,0.00057664170328664,1.0,-9.758049226611664,1.0865756642215632,0.0,1.0,2.1212267217523744,0.6148346694360117,44
2147Q4,471,-1.5517581005635344,2.194934695191425,2.4843636149132284,-0.6297360846065481,-1.754809093402863,0.006029258439603348,0.012185576377579707,0.047858591492330516,0.012185576377579707,0.0054835093699108686,0.021934037479643474,0.011746629226034287,0.0052859831517154295,0.021143932606861718,0.13096339688393363,0.11816084801124542,0.4839174052025752,1.055718331566806,0.0,1.055718331566806,0.5718009096613775,0.5718009263642307,0.477352752719224,1.05391265459707,1.0549624763738417,0.0,0.0007558551929642832,1.0,-9.54954294781324,1.0664683116296085,0.0,1.0,1.9607511401356954,1.436607141824379,44
2148Q1,472,-1.5019724961615875,1.4538176088435608,1.585111304767888,-0.8716642361997187,-0.9032008595288077,0.0052859831517154295,0.01121166040666851,0.04409805513386034,0.01121166040666851,0.00504524718300083,0.02018098873200332,0.012502159078646304,0.005625971585390837,0.022503886341563348,0.133231349634175,0.11508875218104453,0.49040106831813807,1.0547975547194157,0.0,1.0547975547194157,0.5643964702098567,0.5643964864012776,0.48590749309609893,1.0570079895364248,1.0542954413472732,0.0,0.0005021133721425652,1.0,-9.279732092497444,1.0391472376643536,0.0,1.0,1.678988269979312,1.566710262494525,44
2148Q2,473,-0.9328807549293169,1.316153291156547,1.9115209946122507,-1.5272132857048524,-0.23632043929107827,0.005625971585390837,0.01114244187617357,0.043830361540095675,0.01114244187617357,0.005014098844278107,0.02005639537711243,0.010158409547259913,0.004571284296266961,0.018285137185067843,0.1334096375122654,0.11486761320776506,0.4934886677068089,1.0603473262040055,0.0,1.0603473262040055,0.5668586540456103,0.5668586584971966,0.4865337093858721,1.057232997947859,1.0594968241236251,0.0,0.0008505020803803998,1.0,-9.141602593365873,1.0263889750403203,0.0,1.0,1.6645881104912057,1.0737602906795398,44
2148Q3,474,-1.6999038204138122,2.0589193284439165,2.280496294362006,-1.015680331157955,-1.1289384515497864,0.004571284296266961,0.011967757264996423,0.047018501696349024,0.011967757264996423,0.00538549076924839,0.02154196307699356,0.01290741908614284,0.0058083385887642775,0.02323335435505711,0.1314337174135863,0.11747989568958421,0.4842890913814334,1.0532314171761972,0.0,1.0532314171761972,0.5689423193909431,0.5689423257947638,0.4792259494875787,1.054593816135481,1.0526748937624542,0.0,0.0005565234137430153,1.0,-9.538906813722491,1.0648823427834848,0.0,1.0,1.893595166370887,0.5663936100132527,44
2148Q4,475,-1.1179316421685335,0.9502059342901014,1.2381025880879597,-0.2080711076998625,-1.1009928301041014,0.0058083385887642775,0.008511058611871073,0.033612066588330825,0.008511058611871073,0.003829976375341983,0.015319905501367932,0.009718357466337499,0.004373260859851874,0.017493043439407496,0.14235138780612305,0.10609237751778529,0.5163538603927045,1.0641659471000418,1.710442898428255e-11,1.064165947271086,0.547812086895486,0.5478120868783816,0.5125628833230759,1.0663663060524007,1.0636948524397805,0.0,0.0004710946602612953,1.0,-8.242296446362236,0.9366563837763717,0.0,1.0,1.1459009089412386,1.0322824937451425,44
2149Q1,476,0.15725957215643105,1.4327777263352313,1.87263603837891,0.5430327613825443,-0.8925147628389674,0.004373260859851874,0.008684799454732595,0.034289257910231186,0.008684799454732595,0.003908159754629668,0.015632639018518673,0.008268001910024386,0.003720600859510974,0.014882403438043895,0.14160724871975874,0.1067004045359222,0.516472883750483,1.0675515499181196,0.0,1.0675515499181196,0.5510786562801084,0.5510786661676367,0.5106836872467612,1.0657234281277375,1.0667943578003705,0.0,0.0007571921177491614,1.0,-8.231306548138427,0.9362100539543317,0.0,1.0,1.1759167904993852,1.0511312032342248,44
2149Q2,477,-1.4742996531745596,1.4736065659540996,1.2255987691911931,-0.2898287712819814,-1.0128612106169632,0.003720600859510974,0.010438267819447858,0.04110386410319855,0.010438267819447858,0.004697220518751536,0.018788882075006143,0.010568199606174219,0.004755689822778399,0.019022759291113595,0.13536817077256014,0.11259448526907824,0.49862833005082563,1.0600563427028218,0.0,1.0600563427028218,0.5614280016265277,0.5614280126519962,0.493053799699091,1.0595624350673354,1.0593849289763355,0.0,0.0006714137264862696,1.0,-8.934574407413448,1.0055017509185664,0.0,1.0,1.5077837361685886,0.7472051032800229,44
2149Q3,478,-1.416445808436488,1.8412315992619206,2.705664684408054,-0.47779010748003775,-0.8058271390345627,0.004755689822778399,0.011913987832145364,0.04681103697810307,0.011913987832145364,0.005361294524465414,0.021445178097861655,0.007051536916926679,0.003173191612617006,0.012692766450468023,0.13155293935125323,0.11731127278226787,0.49095545834320614,1.0669015595758267,0.0,1.0669015595758267,0.5759460969764321,0.5759461012326206,0.47969180837981057,1.0547629263982348,1.0653666835778892,0.0,0.001534875997937446,1.0,-9.232178355614657,1.0368446439488488,0.0,1.0,1.8776940405948623,0.40691307379483865,44
2149Q4,479,-2.3809461570589043,2.075343740484813,3.4893681267778724,-0.7211350350201272,-1.9337854767006086,0.003173191612617006,0.013289920740982238,0.05210930897795929,0.013289920740982238,0.005980464333442007,0.02392185733376803,0.015189034086394524,0.006835065338877536,0.027340261355510143,0.12886424964814033,0.1215625954238693,0.4725950084135293,1.0470937838001344,0.0,1.0470937838001344,0.5744987580711397,0.5744987753866051,0.46818513648170107,1.0505515701487214,1.0466543429434885,0.0,0.000439440856645934,1.0,-10.060116729663457,1.1159766076274682,0.0,1.0,2.52298141005145,-0.48678343400311647,44
2150Q1,480,-2.130490036556077,2.5385491853469158,3.4982803030701395,-0.9020838864833063,-1.1413601440894865,0.006835065338877536,0.013118550140864278,0.05145062341830586,0.013118550140864278,0.0059033475633889256,0.023613390253555702,0.011239822745336962,0.0050579202354016336,0.020231680941606534,0.1291610479014706,0.12104012875075902,0.47778753847192257,1.0561021938726842,0.0,1.0561021938726842,0.5783146517214973,0.5783146554007617,0.46957297596508224,1.0510633502626252,1.0551376333908182,0.0,0.0009645604818659947,1.0,-9.812384100970082,1.0929804898616067,0.0,1.0,2.400788041676901,-0.5742767279065094,44
2150Q2,481,-1.9247513305317003,1.6335221263603057,2.079083485250544,-1.4627521348408592,-0.7049594153465122,0.0050579202354016336,0.011865265838641722,0.046623018117412096,0.011865265838641722,0.005339369627388775,0.0213574785095551,0.011919105783301473,0.005363597602485663,0.021454390409942653,0.13166205999078234,0.11715829628907837,0.4860931309360866,1.055591566480527,0.0,1.055591566480527,0.569498430582958,0.5694984355444406,0.48011513171095266,1.05491649467737,1.0549078984338205,0.0,0.0006836680467066092,1.0,-9.45782536518126,1.0572189389156403,0.0,1.0,1.8707451807783821,-1.1238501939980805,44
2150Q3,482,-1.661167676719777,1.450006139173705,1.851290829902032,-1.4918312922066945,-0.32379708761692044,0.005363597602485663,0.011492939475281409,0.04518528680910672,0.011492939475281409,0.005171822763876634,0.020687291055506537,0.0074056712687221235,0.0033325520709249555,0.013330208283699822,0.1325312735314523,0.11598342336580195,0.4937881963477834,1.0665006682230567,0.0,1.0665006682230567,0.5727124543004071,0.5727124718752732,0.483388396701054,1.0561006523110037,1.0651000806209052,0.0,0.0014005876021514485,1.0,-9.116923064381941,1.025159754367269,0.0,1.0,1.7699375250698255,-2.0491538023295135,44
2150Q4,483,-1.372365448798211,1.6959467837929412,1.2621473365997262,-2.14287391844136,-1.1637605889444296,0.0033325520709249555,0.011050377448042468,0.04347422731421413,0.011050377448042468,0.004972669851619111,0.019890679406476444,0.009717669223452656,0.004372951150553695,0.01749180460221478,0.1336505576881533,0.11457287408722729,0.4946923809910601,1.061475663840248,0.0,1.061475663840248,0.566783278791994,0.5667832828491879,0.48737056522880035,1.0575333456753528,1.0605657782188056,0.0,0.0009098856214424522,1.0,-9.090312035283636,1.02145825237781,0.0,1.0,1.6538739286708986,-1.1216068262194452,44
2151Q1,484,-0.6405628033178774,1.4638787516521239,0.7976829626115871,-0.8711824925780685,-0.6038704366258584,0.004372951150553695,0.00861852442643064,0.0340309791088621,0.00861852442643064,0.003878335991893788,0.015513343967575153,0.009866115211757518,0.004439751845290883,0.01775900738116353,0.14188809293443025,0.10646909861967617,0.5151748602481508,1.0636768911573473,0.0,1.0636768911573473,0.5485020300213826,0.5485020309091965,0.5113972265208739,1.0659678849142737,1.06320996625428,0.0,0.0004669249030673228,1.0,-8.287282564949614,0.9410885046496706,0.0,1.0,1.1775645014787894,-1.459419513596934,44
2151Q2,485,-0.9786280599104733,0.5468185225414235,0.3959897841033209,-1.2334594026874515,-0.29815254182917916,0.004439751845290883,0.005353348442396218,0.02124205658331968,0.005353348442396218,0.002409006799078298,0.009636027196313192,0.004801711671872638,0.0021607702523426873,0.00864308100937075,0.1614873646086675,0.09344203733530851,0.5592753260593856,1.081873599903793,0.0,1.081873599903793,0.5225982589835795,0.5225982738444074,0.5542271782562009,1.0796480615971158,1.0811345899488836,0.0,0.0007390099549093865,1.0,-6.7338884612885455,0.7880280758765119,0.0,1.0,0.6089029339541747,-1.511106606700826,44
2151Q3,486,-0.10019432475467649,0.7245005679750982,-0.478700107722617,-1.2473415864203248,0.4751798924727977,0.0021607702523426873,0.004702925366741298,0.01867941200368939,0.004702925366741298,0.0021163164150335844,0.008465265660134337,0.006920912843087301,0.0031144107793892855,0.012457643117557142,0.16715882417100222,0.09012381118965587,0.5667706150737414,1.077565898202121,0.0,1.077565898202121,0.5107952790075099,0.5107952831283796,0.5659656040957932,1.0829958986639736,1.0774557277064982,0.0,0.00011017049562278558,1.0,-6.506966304698408,0.7643822196904515,0.0,1.0,0.4804472381991813,-1.786671317342488,44
2151Q4,487,-1.3551919445321068,0.4681749146380836,-0.7809930690755038,-1.2981591917709172,0.03135699723344677,0.0031144107793892855,0.003450505749712265,0.01373075124427059,0.003450505749712265,0.0015527275873705193,0.006210910349482077,0.0037056589141398065,0.001667546511362913,0.006670186045451652,0.1803978906047508,0.08218217253054506,0.5986241733776665,1.0905865246081137,0.0,1.0905865246081137,0.4919623509747831,0.4919623512304472,0.5955398389745766,1.0907011234502866,1.090119789139132,0.0,0.0004667354689815717,1.0,-5.553647369304425,0.6704971904190796,0.0,1.0,0.1778025431887466,-1.3482922978264447,44
2152Q1,488,0.04755593318315876,-0.15646243437239338,-0.14338037125859712,-1.1989278580352751,-0.024498487640112754,0.001667546511362913,0.003699808625672217,0.014717305392674573,0.003699808625672217,0.0016649138815524977,0.006659655526209991,0.00316859542523134,0.0014258679413541029,0.0057034717654164116,0.1774908884293338,0.08398223850050686,0.5930912899060027,1.0911826381384753,0.0,1.0911826381384753,0.49809134161459173,0.4980913482324726,0.5886411890884422,1.0889873543029274,1.0904984737620407,0.0,0.0006841643764345928,1.0,-5.707069323599638,0.6860810644186097,0.0,1.0,0.24828760319698254,-1.9160875664588866,44
2152Q2,489,-0.8723210104991178,-0.5999830394188886,-0.4138930281919776,-1.2592305425768435,1.8780588041747301,0.0014258679413541029,0.0029414057412668884,0.011713813478417934,0.0029414057412668884,0.0013236325835700997,0.005294530334280399,0.002263537364196628,0.0010185918138884828,0.004074367255553931,0.1868065459403867,0.07802876237493032,0.6163428697669769,1.0972675841039203,0.0,1.0972675841039203,0.48092471326530073,0.4809247143369434,0.6119398654035063,1.0946073344357639,1.0965727280128688,0.0,0.0006948560910515766,1.0,-5.066921337020766,0.6224735418881882,0.0,1.0,0.02468429655745281,-2.0181259819980952,44
2152Q3,490,-0.007592328345209898,-0.9147206180008671,0.21130170688972139,0.20975444078363176,1.1166600010276617,0.0010185918138884828,0.001784800147800387,0.007120110253654444,0.001784800147800387,0.0008031600665101741,0.0032126402660406965,0.0016113605784215319,0.0007251122602896893,0.002900449041158757,0.2040562510515102,0.06484898929379139,0.6721599900728833,1.108048963835464,0.0,1.108048963835464,0.4358889599995134,0.43588897376258073,0.6692460356982031,1.1069723178961262,1.1075805489409478,0.0,0.00046841489451621143,1.0,-3.7166612780110055,0.48774101554081084,0.0,1.0,-0.5441989752358882,-1.66418072485906,44
2152Q4,491,0.753626924051686,-0.4892988044979801,-0.6379861518270464,-0.10968666087227948,0.5825091794158588,0.0007251122602896893,0.0019658339230728752,0.007840179047163165,0.0019658339230728752,0.0008846252653827939,0.0035385010615311754,0.0021109336856824862,0.0009499201585571189,0.0037996806342284755,0.20108376778109588,0.06739714225650682,0.6598610158144566,1.1045884978491474,0.0,1.1045884978491474,0.4447274675237003,0.4447274820346908,0.6574617993179411,1.1045490427245164,1.1042082201188805,0.0,0.0003802777302668314,1.0,-3.9962054430919647,0.5154706241506394,0.0,1.0,-0.42060865515643003,-1.2021323624154614,44
2153Q1,492,1.3687909554901383,-1.333554971213967,0.4479216663477803,0.19389830210390208,0.3253564891127714,0.0009499201585571189,0.00158855102413596,0.006339079158836136,0.00158855102413596,0.0007148479608611821,0.0028593918434447283,0.0012626816550835114,0.0005682067447875802,0.0022728269791503206,0.20740371476936503,0.061797199743814035,0.6869764052258099,1.1115085898083437,0.0,1.1115085898083437,0.4245321813302671,0.4245321845825337,0.683864902838532,1.109917938102733,1.1110035371737097,0.0,0.0005050526346339623,1.0,-3.394222716308037,0.4556540648860161,0.0,1.0,-0.7243822960658276,-0.2907231483343958,44
2153Q2,493,0.5404316571237798,-0.8692465693646432,-0.33942696539243805,-0.256370672023691,0.1788498720450258,0.0005682067447875802,0.0019146327694686948,0.007636564227370912,0.0019146327694686948,0.0008615847462609126,0.0034463389850436506,0.002559814617315961,0.0011519165777921826,0.00460766631116873,0.20191347698013612,0.06670002122167805,0.6620239443038148,1.1035940590796516,0.0,1.1035940590796516,0.44157011134323454,0.44157011477583674,0.66064900958175,1.105209214765467,1.103378908147342,0.0,0.00021515093230961568,1.0,-3.948712945724944,0.5105193779947023,0.0,1.0,-0.45611009923040563,-0.7864666626508339,44
2153Q3,494,0.9275945071381638,-0.5431650029574593,0.26963071038087966,0.3679517724063146,0.4764187191923825,0.0011519165777921826,0.0017510250746567916,0.0069857252315471685,0.0017510250746567916,0.0007879612835955562,0.003151845134382225,0.0016252056702216065,0.000731342551599723,0.002925370206398892,0.20462294786628377,0.06434660888449555,0.6744090881214322,1.108368486171113,0.0,1.108368486171113,0.43395937821499087,0.43395939804968076,0.6716137717186251,1.1074536688019714,1.1079193163537469,0.0,0.00044916981736609074,1.0,-3.667108569125525,0.4827795143609528,0.0,1.0,-0.579153605535787,-0.11843894819503344,44
2153Q4,495,0.5842289893400849,-0.5124153008626732,-0.19023345178060563,0.7490549571001928,0.7685658297142093,0.000731342551599723,0.001570819396973384,0.006268488244158932,0.001570819396973384,0.0007068687286380229,0.0028274749145520916,0.001348843653295124,0.0006069796439828058,0.002427918575931223,0.20771275524336855,0.06150475491126878,0.6881756582367623,1.1114364244234343,0.0,1.1114364244234343,0.42326075195753127,0.42326076618667197,0.6852960813014343,1.1102031300770778,1.1109701339441294,0.0,0.0004662904793049094,1.0,-3.3692432519649858,0.4531173455525158,0.0,1.0,-0.7472647804596549,0.5577797206613004,44
2154Q1,496,1.3994969694413146,-0.787060789465354,0.06486902784329174,0.7072794465592628,0.008480920589515162,0.0006069796439828058,0.002292640229066707,0.009139071895614803,0.002292640229066707,0.001031688103080018,0.004126752412320072,0.002445970667407244,0.0011006868003332598,0.004402747201333039,0.19598516683404493,0.07146574362112956,0.6419868428007515,1.1007875251519421,0.0,1.1007875251519421,0.4588006711573691,0.45880068235119065,0.6393835683534138,1.1007275098058291,1.1003788289430076,0.0,0.000408696208934467,1.0,-4.419649910149616,0.5576643042146283,0.0,1.0,-0.24841552034070086,0.27768413100467215,44
2154Q2,497,-0.6065303401037593,-0.3709854462008463,0.1888840365634686,0.29799537086847727,0.06818450679185217,0.0011006868003332598,0.00229000885026242,0.009128618566855984,0.00229000885026242,0.001030503982618089,0.004122015930472356,0.0023934573137803206,0.0010770557912011443,0.004308223164804577,0.19602489211116067,0.07143536282913159,0.6422095331781033,1.1009742466051808,0.0,1.1009742466051808,0.45876471014905024,0.4587647134270776,0.6395153770429961,1.100755895709985,1.1005506459391599,0.0,0.00042360066602098456,1.0,-4.414012419945285,0.5571241862033274,0.0,1.0,-0.248956077887359,0.14166339997436156,44
2154Q3,498,0.5937113971308254,-0.4649491812851928,0.21791430460422093,-0.09696492725860364,0.10553007745324428,0.0010770557912011443,0.0034326677309821706,0.013660133329924773,0.0034326677309821706,0.0015447004789419768,0.006178801915767907,0.002747334345899699,0.0012363004556548644,0.0049452018226194576,0.1806115261985686,0.08204807421569091,0.6006569652995247,1.0934844453713994,0.0,1.0934844453713994,0.49282747267067084,0.4928274800718747,0.596058647772522,1.0908281908748276,1.0927687770474017,0.0,0.0007156683239977202,1.0,-5.492800471691126,0.6648437467134578,0.0,1.0,0.16240916612344375,0.5868800906324106,44
2154Q4,499,-0.3109759188592611,0.21518864874517735,-0.0005586173583403409,0.20964093494076014,-0.10197097495072124,0.0012363004556548644,0.002379099786593803,0.009482492283491961,0.002379099786593803,0.0010705949039672114,0.004282379615868846,0.002165515001932772,0.0009744817508697474,0.0038979270034789895,0.19469156210080651,0.07244469892449934,0.6384914001152323,1.1010445730443634,0.0,1.1010445730443634,0.4625531724723005,0.4625531729291311,0.6351610091023306,1.0998136114200667,1.1005175214068492,0.0,0.0005270516375142087,1.0,-4.503662885045606,0.5661918067536909,0.0,1.0,-0.20334431786910837,-0.5371877908924126,44
