feature_time,time,stage,model,train_size,true_stress_probability,stress_regime,predicted_stress_probability,predicted_delta,base_mixture_mean,predicted_mean_charge_off,true_conditional_mean_charge_off,realised_charge_off_rate,predicted_normal_mean,predicted_stress_mean,predicted_alpha,oracle_alpha,predicted_realised_utility,oracle_utility,regret,cumulative_regret
2087-07-01,2087-07-01,stage_1_base,pto_base_linear,350,0.3711056218424092,0,0.4883213688266708,0.0,0.010104235224378701,0.010104235224378701,0.009143066099107757,0.0085376630524061,0.0061,0.0143,0.4487300996988776,0.5094308695727777,1.1860539859224226,1.2112219436573226,0.025167957734899993,0.025167957734899993
2087-07-01,2087-07-01,stage_1_base,pto_base_mlp,350,0.3711056218424092,0,0.9945904029282725,0.0,0.014255641304011833,0.014255641304011833,0.009143066099107757,0.0085376630524061,0.0061,0.0143,0.40946892801105533,0.5094308695727777,1.1697753866276446,1.2112219436573226,0.04144655702967803,0.04144655702967803
2087-10-01,2087-10-01,stage_1_base,pto_base_linear,351,0.1255049044923561,0,0.25843719621546435,0.0,0.008219185008966807,0.008219185008966807,0.007129140216837321,0.0091736162561477,0.0061,0.0143,0.47671862352464306,0.4985041895686022,1.1946269746185814,1.2035212334124583,0.008894258793876952,0.034062216528776945
2087-10-01,2087-10-01,stage_1_base,pto_base_mlp,351,0.1255049044923561,0,0.3142423008328405,0.0,0.008676786866829291,0.008676786866829291,0.007129140216837321,0.0091736162561477,0.0061,0.0143,0.4689433377372031,0.4985041895686022,1.19145260660582,1.2035212334124583,0.012068626806638338,0.05351518383631637
2088-01-01,2088-01-01,stage_1_base,pto_base_linear,352,0.6227316564038766,1,0.7063678649115975,0.0,0.011892216492275098,0.011892216492275098,0.011206399582511788,0.0197386292569765,0.0061,0.0143,0.4290865855138133,0.3974750753430479,0.33453977920081357,1.1202814061606714,0.7857416269598578,0.8198038434886348
2088-01-01,2088-01-01,stage_1_base,pto_base_mlp,352,0.6227316564038766,1,0.9990020644715673,0.0,0.014291816928666852,0.014291816928666852,0.011206399582511788,0.0197386292569765,0.0061,0.0143,0.40921202118927863,0.3974750753430479,0.828545843163899,1.1202814061606714,0.2917355629967724,0.34525074683308876
2088-04-01,2088-04-01,stage_1_base,pto_base_linear,353,0.577191532497923,1,0.6650641992001614,0.0,0.011553526433441324,0.011553526433441324,0.010832970566482969,0.007802337352729,0.0061,0.0143,0.43243313459959815,0.5231860679222506,1.1824766753133578,1.220772291959353,0.038295616645995345,0.8580994601346301
2088-04-01,2088-04-01,stage_1_base,pto_base_mlp,353,0.577191532497923,1,0.9928811857000986,0.0,0.014241625722740809,0.014241625722740809,0.010832970566482969,0.007802337352729,0.0061,0.0143,0.40956876996856645,0.5231860679222506,1.1728284478599131,1.220772291959353,0.04794384409943997,0.39319459093252873
2088-07-01,2088-07-01,stage_1_base,pto_base_linear,354,0.5980686345615559,0,0.6702791610549537,0.0,0.011596289120650617,0.011596289120650617,0.011004162803404759,0.0037155669983386,0.0061,0.0143,0.4320019456648078,0.6292947053862423,1.1999496511071017,1.2912654862974977,0.09131583519039599,0.9494152953250261
2088-07-01,2088-07-01,stage_1_base,pto_base_mlp,354,0.5980686345615559,0,0.61653220924212,0.0,0.011155564115785383,0.011155564115785383,0.011004162803404759,0.0037155669983386,0.0061,0.0143,0.4365720239860254,0.6292947053862423,1.2020648859458092,1.2912654862974977,0.08920060035168853,0.48239519128421726
2088-10-01,2088-10-01,stage_1_base,pto_base_linear,355,0.408193930286362,0,0.4544606894237752,0.0,0.009826577653274958,0.009826577653274958,0.009447190228348168,0.0034925501801415,0.0061,0.0143,0.4522817848578483,0.6373830810635192,1.2103447241371241,1.296430616585884,0.08608589244875997,1.035501187773786
2088-10-01,2088-10-01,stage_1_base,pto_base_mlp,355,0.408193930286362,0,0.20569067910874403,0.0,0.007786663568691701,0.007786663568691701,0.009447190228348168,0.0034925501801415,0.0061,0.0143,0.48495536881782086,0.6373830810635192,1.2255403748016578,1.296430616585884,0.07089024178422632,0.5532854330684436
2089-01-01,2089-01-01,stage_1_base,pto_base_linear,356,0.3494842576794536,0,0.45364611976453795,0.0,0.009819898182069211,0.009819898182069211,0.00896577091297152,0.0094020369283422,0.0061,0.0143,0.4523692021437131,0.4947841232879839,1.1836526816338577,1.2008722756568813,0.017219594023023532,1.0527207817968096
2089-01-01,2089-01-01,stage_1_base,pto_base_mlp,356,0.3494842576794536,0,0.9999660910458681,0.0,0.014299721946576116,0.014299721946576116,0.00896577091297152,0.0094020369283422,0.0061,0.0143,0.40915603466530187,0.4947841232879839,1.1661090158588787,1.2008722756568813,0.034763259798002544,0.5880486928664461
2089-04-01,2089-04-01,stage_1_base,pto_base_linear,357,0.6625743103733209,1,0.6665972550763475,0.0,0.011566097491626048,0.011566097491626048,0.011533109345061231,0.0193213620032239,0.0061,0.0143,0.4323061110292602,0.3997124659718168,0.317198607696656,1.1226263404634802,0.8054277327668242,1.8581485145636338
2089-04-01,2089-04-01,stage_1_base,pto_base_mlp,357,0.6625743103733209,1,0.742300626130181,0.0,0.012186865134267484,0.012186865134267484,0.011533109345061231,0.0193213620032239,0.0061,0.0143,0.4262981352836236,0.3997124659718168,0.465662878783649,1.1226263404634802,0.6569634616798312,1.2450121545462773
2089-07-01,2089-07-01,stage_1_base,pto_base_linear,358,0.3316717484294871,0,0.45011519430715813,0.0,0.009790944593318696,0.009790944593318696,0.008819708337121795,0.0054484527839639,0.0061,0.0143,0.4527492251111062,0.5768138703836536,1.201706784795612,1.2569795038126186,0.05527271901700659,1.9134212335806404
2089-07-01,2089-07-01,stage_1_base,pto_base_mlp,358,0.3316717484294871,0,1.2168897034386915e-05,0.0,0.0061000997849556815,0.0061000997849556815,0.008819708337121795,0.0054484527839639,0.0061,0.0143,0.5352538250233806,0.5768138703836536,1.2384638605809306,1.2569795038126186,0.018515643231687973,1.2635277977779653
2089-10-01,2089-10-01,stage_1_base,pto_base_linear,359,0.1391692238972262,0,0.25598705937823096,0.0,0.008199093886901494,0.008199093886901494,0.007241187635957255,0.0121098598790622,0.0061,0.0143,0.47707981462722354,0.4577107225785077,0.7575931867050811,1.173427234133553,0.41583404742847185,2.3292552810091123
2089-10-01,2089-10-01,stage_1_base,pto_base_mlp,359,0.1391692238972262,0,0.20415951810821786,0.0,0.007774108048487386,0.007774108048487386,0.007241187635957255,0.0121098598790622,0.0061,0.0143,0.4852108662519958,0.4577107225785077,0.5830279755864889,1.173427234133553,0.5903992585470641,1.8539270563250294
2090-01-01,2090-01-01,stage_1_base,pto_base_linear,360,0.7203814067117954,1,0.7315060969559066,0.0,0.012098349995038435,0.012098349995038435,0.012007127535036723,0.0140504300079007,0.0061,0.0143,0.42712420533327566,0.4375097374113003,1.1535493151494838,1.1572828692729251,0.0037335541234413405,2.3329888351325536
2090-01-01,2090-01-01,stage_1_base,pto_base_mlp,360,0.7203814067117954,1,0.4915712013369246,0.0,0.010130883850962781,0.010130883850962781,0.012007127535036723,0.0140504300079007,0.0061,0.0143,0.4483973966987281,0.4375097374113003,0.9123418040437075,1.1572828692729251,0.24494106522921766,2.098868121554247
2090-04-01,2090-04-01,stage_1_base,pto_base_linear,361,0.6870562492905605,1,0.7091304115089148,0.0,0.0119148693743731,0.0119148693743731,0.011733861244182596,0.0156236270929342,0.0061,0.0143,0.428868241276044,0.424026278828052,1.0332392498250187,1.1457648548338857,0.11252560500886699,2.4455144401414204
2090-04-01,2090-04-01,stage_1_base,pto_base_mlp,361,0.6870562492905605,1,0.8859578463821628,0.0,0.013364854340333734,0.013364854340333734,0.011733861244182596,0.0156236270929342,0.0061,0.0143,0.41617399965978064,0.424026278828052,1.1430655260652969,1.1457648548338857,0.0026993287685888046,2.101567450322836
2090-07-01,2090-07-01,stage_1_base,pto_base_linear,362,0.6227797774765609,1,0.6564520020487662,0.0,0.01148290641679988,0.01148290641679988,0.0112067941753078,0.0063592633104334,0.0061,0.0143,0.43315084885330263,0.5541394539710878,1.1890302214166923,1.241830540000524,0.05280031858383172,2.498314758725252
2090-07-01,2090-07-01,stage_1_base,pto_base_mlp,362,0.6227797774765609,1,0.9952032012388773,0.0,0.014260666250158793,0.014260666250158793,0.0112067941753078,0.0063592633104334,0.0061,0.0143,0.40943317406282587,0.5541394539710878,1.1786796534124928,1.241830540000524,0.06315088658803125,2.164718336910867
2090-10-01,2090-10-01,stage_1_base,pto_base_linear,363,0.2303018441253741,0,0.4137481320634152,0.0,0.009492734682920004,0.009492734682920004,0.007988475121828069,0.0127165819276292,0.0061,0.0143,0.45677175472065207,0.4509106076413387,1.0403156910273235,1.1681148869795877,0.1277991959522642,2.6261139546775167
2090-10-01,2090-10-01,stage_1_base,pto_base_mlp,363,0.2303018441253741,0,0.4719014288259156,0.0,0.009969591716372508,0.009969591716372508,0.007988475121828069,0.0127165819276292,0.0061,0.0143,0.45043269078337833,0.4509106076413387,1.1679367032393961,1.1681148869795877,0.00017818374019151761,2.164896520651059
2091-01-01,2091-01-01,stage_1_base,pto_base_linear,364,0.1752665720156663,0,0.36330699048628706,0.0,0.009079117321987552,0.009079117321987552,0.0075371858905284635,0.0058437271256806,0.0061,0.0143,0.4627078056005165,0.5666409901801169,1.2043145212517394,1.2502075418416774,0.04589302058993794,2.6720069752674545
2091-01-01,2091-01-01,stage_1_base,pto_base_mlp,364,0.1752665720156663,0,0.40716007676009525,0.0,0.00943871262943278,0.00943871262943278,0.0075371858905284635,0.0058437271256806,0.0061,0.0143,0.45752250996752913,0.5666409901801169,1.2020248879626974,1.2502075418416774,0.04818265387898002,2.213079174530039
2091-04-01,2091-04-01,stage_1_base,pto_base_linear,365,0.3194311647530384,1,0.46202064549911553,0.0,0.009888569293092748,0.009888569293092748,0.008719335550974915,0.0164707347170233,0.0061,0.0143,0.4514750145933177,0.4176397031209112,0.34122095769327077,1.1400315239864462,0.7988105662931755,3.47081754156063
2091-04-01,2091-04-01,stage_1_base,pto_base_mlp,365,0.3194311647530384,1,0.5663730816588417,0.0,0.0107442592696025,0.0107442592696025,0.008719335550974915,0.0164707347170233,0.0061,0.0143,0.44110390546822215,0.4176397031209112,0.5860703004362364,1.1400315239864462,0.5539612235502098,2.7670403980802485
2091-07-01,2091-07-01,stage_1_base,pto_base_linear,366,0.5669841697459996,1,0.5693710390252907,0.0,0.010768842520007382,0.010768842520007382,0.010749270191917197,0.02240207260845,0.0061,0.0143,0.4408253548167897,0.3850263295957752,-0.3275673204830629,1.106259286880192,1.4338266073632548,4.904644148923885
2091-07-01,2091-07-01,stage_1_base,pto_base_mlp,366,0.5669841697459996,1,0.8123842523885839,0.0,0.012761550869586387,0.012761550869586387,0.010749270191917197,0.02240207260845,0.0061,0.0143,0.421164822443949,0.3850263295957752,0.17763502683302512,1.106259286880192,0.9286242600471668,3.6956646581274155
2091-10-01,2091-10-01,stage_1_base,pto_base_linear,367,0.7053796487209866,1,0.6579619541939651,0.0,0.011495288024390513,0.011495288024390513,0.011884113119512091,0.0248279499677518,0.0061,0.0143,0.4330245037331406,0.3759423091101022,-0.40937524560104466,1.094632386141584,1.5040076317426287,6.4086517806665135
2091-10-01,2091-10-01,stage_1_base,pto_base_mlp,367,0.7053796487209866,1,0.08444358941994984,0.0,0.006792437433243589,0.006792437433243589,0.011884113119512091,0.0248279499677518,0.0061,0.0143,0.5104911785055402,0.3759423091101022,-2.45047535399567,1.094632386141584,3.5451077401372544,7.24077239826467
2092-01-01,2092-01-01,stage_1_base,pto_base_linear,368,0.7448739048079982,1,0.7296456013307455,0.0,0.012083093930912114,0.012083093930912114,0.012207966019425585,0.0248189898494929,0.0061,0.0143,0.42726757820261463,0.3759725720334992,-0.2567380233398775,1.094673691526878,1.3514117148667555,7.760063495533269
2092-01-01,2092-01-01,stage_1_base,pto_base_mlp,368,0.7448739048079982,1,0.7412568007263355,0.0,0.01217830576595595,0.01217830576595595,0.012207966019425585,0.0248189898494929,0.0061,0.0143,0.4263775881545642,0.3759725720334992,-0.23329045716500518,1.094673691526878,1.3279641486918832,8.568736546956552
2092-04-01,2092-04-01,stage_1_base,pto_base_linear,369,0.4047335189338678,0,0.44836222482826993,0.0,0.009776570243591813,0.009776570243591813,0.009418814855257716,0.0087580469589406,0.0061,0.0143,0.4529385642084744,0.5055467099473678,1.1868007099557076,1.208497336717114,0.021696626761406268,7.781760122294675
2092-04-01,2092-04-01,stage_1_base,pto_base_mlp,369,0.4047335189338678,0,0.05136406249562143,0.0,0.006521185312464095,0.006521185312464095,0.009418814855257716,0.0087580469589406,0.0061,0.0143,0.5203949422944852,0.5055467099473678,0.9209147728492093,1.208497336717114,0.2875825638679046,8.856319110824458
2092-07-01,2092-07-01,stage_1_base,pto_base_linear,370,0.190619231205563,0,0.24773730159402146,0.0,0.008131445873070976,0.008131445873070976,0.007663077695885617,0.0028097155736341,0.0061,0.0143,0.4783098664707907,0.6655248657129771,1.225715786426937,1.314063077058143,0.08834729063120594,7.870107412925881
2092-07-01,2092-07-01,stage_1_base,pto_base_mlp,370,0.190619231205563,0,0.0002592551769727762,0.0,0.006102125892451177,0.006102125892451177,0.007663077695885617,0.0028097155736341,0.0061,0.0143,0.5351882060421413,0.6655248657129771,1.2525568366476516,1.314063077058143,0.06150624041049135,8.91782535123495
2092-10-01,2092-10-01,stage_1_base,pto_base_linear,371,0.5145856758927825,0,0.5385636832485278,0.0,0.010516222202637926,0.010516222202637926,0.010319602542320817,0.0189500311617866,0.0061,0.0143,0.4437367381171209,0.4017782054361598,0.09345981637604339,1.1247520075866604,1.031292191210617,8.901399604136499
2092-10-01,2092-10-01,stage_1_base,pto_base_mlp,371,0.5145856758927825,0,0.4227860370940855,0.0,0.009566845504171502,0.009566845504171502,0.010319602542320817,0.0189500311617866,0.0061,0.0143,0.455753104721417,0.4017782054361598,-0.20188869541727228,1.1247520075866604,1.3266407030039327,10.244466054238881
2093-01-01,2093-01-01,stage_1_base,pto_base_linear,372,0.391838934239769,1,0.47285591065542387,0.0,0.009977418467374474,0.009977418467374474,0.009313079260766105,0.0312637613408725,0.0061,0.0143,0.45033271831971045,0.3589804218853145,-1.460395465615278,1.067259428583975,2.527654894199253,11.429054498335752
2093-01-01,2093-01-01,stage_1_base,pto_base_mlp,372,0.391838934239769,1,0.13246646698037778,0.0,0.007186225029239097,0.007186225029239097,0.009313079260766105,0.0312637613408725,0.0061,0.0143,0.49870663086339884,0.3589804218853145,-2.7988682347324465,1.067259428583975,3.8661276633164214,14.110593717555304
2093-04-01,2093-04-01,stage_1_base,pto_base_linear,373,0.6237993609909843,1,0.7199762730077582,0.0,0.012003805438663617,0.012003805438663617,0.011215154760126071,0.0242166646648832,0.0061,0.0143,0.42801747809000384,0.3780594910993101,-0.21107432242665802,1.097476346356371,1.308550668783029,12.73760516711878
2093-04-01,2093-04-01,stage_1_base,pto_base_mlp,373,0.6237993609909843,1,0.9835191683482053,0.0,0.014164857180455282,0.014164857180455282,0.011215154760126071,0.0242166646648832,0.0061,0.0143,0.4101187146288825,0.3780594910993101,0.25774851242021724,1.097476346356371,0.8397278339361538,14.950321551491456
2093-07-01,2093-07-01,stage_1_base,pto_base_linear,374,0.3069026810197787,0,0.4491493044551165,0.0,0.009783024296531955,0.009783024296531955,0.008616601984362185,0.0082425826055764,0.0061,0.0143,0.45285349608493797,0.514800371033679,1.1890999245454272,1.2149673396805745,0.02586741513514723,12.763472582253927
2093-07-01,2093-07-01,stage_1_base,pto_base_mlp,374,0.3069026810197787,0,0.47485915073111035,0.0,0.009993845035995104,0.009993845035995104,0.008616601984362185,0.0082425826055764,0.0061,0.0143,0.45012330574233117,0.514800371033679,1.1879598675684027,1.2149673396805745,0.027007472112171804,14.977329023603628
2093-10-01,2093-10-01,stage_1_base,pto_base_linear,375,0.156701791980404,1,0.27422356728962866,0.0,0.008348633251774954,0.008348633251774954,0.007384954694239313,0.0117018206978197,0.0061,0.0143,0.4744343641809297,0.4625608033195161,0.9250080481517853,1.1771523658369136,0.25214431768512835,13.015616899939056
2093-10-01,2093-10-01,stage_1_base,pto_base_mlp,375,0.156701791980404,1,0.43765962349202747,0.0,0.009688808912634626,0.009688808912634626,0.007384954694239313,0.0117018206978197,0.0061,0.0143,0.45410434917120635,0.4625608033195161,1.1739136978645874,1.1771523658369136,0.0032386679723261924,14.980567691575954
2094-01-01,2094-01-01,stage_1_base,pto_base_linear,376,0.1186211224922356,0,0.19678825133452457,0.0,0.0077136636609431005,0.0077136636609431005,0.007072693204436332,0.0063712765591615,0.0061,0.0143,0.4864560896025495,0.5538578858842726,1.2122345819938138,1.241641125287724,0.029406543293910126,13.045023443232965
2094-01-01,2094-01-01,stage_1_base,pto_base_mlp,376,0.1186211224922356,0,0.00010369708941391409,0.0,0.006100850316133194,0.006100850316133194,0.007072693204436332,0.0063712765591615,0.0061,0.0143,0.5352295234456644,0.5538578858842726,1.2335138085578268,1.241641125287724,0.008127316729897194,14.988695008305852
2094-04-01,2094-04-01,stage_1_base,pto_base_linear,377,0.1076113957612487,0,0.21092075026829082,0.0,0.007829550152199985,0.007829550152199985,0.0069824134452422405,0.0085034181647865,0.0061,0.0143,0.4840905164028824,0.510043991690318,1.2008810172956297,1.211650822407362,0.010769805111732422,13.055793248344699
2094-04-01,2094-04-01,stage_1_base,pto_base_mlp,377,0.1076113957612487,0,0.05501652193093158,0.0,0.0065511354798336386,0.0065511354798336386,0.0069824134452422405,0.0085034181647865,0.0061,0.0143,0.5192652850384177,0.510043991690318,1.0346832884901136,1.211650822407362,0.1769675339172485,15.1656625422231
2094-07-01,2094-07-01,stage_1_base,pto_base_linear,378,0.0854928993932088,0,0.20077501360855654,0.0,0.007746355111590163,0.007746355111590163,0.006801041775024312,-0.0016428991533265,0.0061,0.0143,0.48577943568021803,0.9999999700466812,1.2508705840759335,1.5164289760645036,0.26555839198857,13.321351640333269
2094-07-01,2094-07-01,stage_1_base,pto_base_mlp,378,0.0854928993932088,0,0.20170241540772438,0.0,0.0077539598063433406,0.0077539598063433406,0.006801041775024312,-0.0016428991533265,0.0061,0.0143,0.4856231133569576,0.9999999700466812,1.250789854696178,1.5164289760645036,0.26563912136832557,15.431301663591427
2094-10-01,2094-10-01,stage_1_base,pto_base_linear,379,0.0765625278427474,0,0.1543007113911916,0.0,0.00736526583340777,0.00736526583340777,0.00672781272831053,0.0032544515080945,0.0061,0.0143,0.4942159239708883,0.6465403428496972,1.2310239443945303,1.3022288294865367,0.0712048850920064,13.392556525425274
2094-10-01,2094-10-01,stage_1_base,pto_base_mlp,379,0.0765625278427474,0,1.1784247753347574e-06,0.0,0.006100009663083158,0.006100009663083158,0.00672781272831053,0.0032544515080945,0.0061,0.0143,0.5352567426473465,0.6465403428496972,1.2502087001904092,1.3022288294865367,0.05202012929612754,15.483321792887553
2095-01-01,2095-01-01,stage_1_base,pto_base_linear,380,0.0870654698347467,0,0.17056870419192244,0.0,0.007498663374373764,0.007498663374373764,0.006813936852644923,0.0015908139376222,0.0061,0.0143,0.4911135960601387,0.7440516312974419,1.2377440944943872,1.3601893365705473,0.12244524207616014,13.515001767501435
2095-01-01,2095-01-01,stage_1_base,pto_base_mlp,380,0.0870654698347467,0,0.00034794233711552127,0.0,0.006102853127164347,0.006102853127164347,0.006813936852644923,0.0015908139376222,0.0061,0.0143,0.5351646405945675,0.7440516312974419,1.2590688466054796,1.3601893365705473,0.10112048996506773,15.58444228285262
2095-04-01,2095-04-01,stage_1_base,pto_base_linear,381,0.4039225817447958,1,0.5857648170270202,0.0,0.010903271499621565,0.010903271499621565,0.009412165170307326,0.0249725109971228,0.0061,0.0143,0.43931975047634353,0.3754571111988258,-0.5909795177976414,1.0939674872158065,1.6849470050134479,15.199948772514883
2095-04-01,2095-04-01,stage_1_base,pto_base_mlp,381,0.4039225817447958,1,0.8060735775025638,0.0,0.012709803335521021,0.012709803335521021,0.009412165170307326,0.0249725109971228,0.0061,0.0143,0.4216113107474811,0.3754571111988258,-0.12376136526331583,1.0939674872158065,1.2177288524791223,16.802171135331744
2095-07-01,2095-07-01,stage_1_base,pto_base_linear,382,0.2411818529383229,1,0.44358647284946173,0.0,0.009737409077365587,0.009737409077365587,0.008077691194094247,0.0119235280701701,0.0061,0.0143,0.4534566791020889,0.4598968544611977,1.1726603051322457,1.1751124966950883,0.0024521915628425983,15.202400964077725
2095-07-01,2095-07-01,stage_1_base,pto_base_mlp,382,0.2411818529383229,1,0.7914739604537272,0.0,0.01259008647572056,0.01259008647572056,0.008077691194094247,0.0119235280701701,0.0061,0.0143,0.4226559124345429,0.4598968544611977,1.1609324598579052,1.1751124966950883,0.014180036837183163,16.816351172168925
2095-10-01,2095-10-01,stage_1_base,pto_base_linear,383,0.3117587477279575,0,0.5413914756146317,0.0,0.01053941010003998,0.01053941010003998,0.00865642173136925,-0.0033198760107638,0.0061,0.0143,0.4434649081747735,0.9999999700466812,1.2364549391900368,1.5331987441365658,0.29674380494652897,15.499144769024255
2095-10-01,2095-10-01,stage_1_base,pto_base_mlp,383,0.3117587477279575,0,0.998392379181753,0.0,0.014286817509290374,0.014286817509290374,0.00865642173136925,-0.0033198760107638,0.0061,0.0143,0.4092474572222771,0.9999999700466812,1.2182102367681218,1.5331987441365658,0.31498850736844397,17.13133967953737
2096-01-01,2096-01-01,stage_1_base,pto_base_linear,384,0.5128719450324972,1,0.6869936016058767,0.0,0.011733347533168188,0.011733347533168188,0.010305549949266479,0.0176797791393385,0.0061,0.0143,0.430636978320353,0.4094235821564938,0.6210547412925482,1.1323266060086106,0.5112718647160623,16.010416633740316
2096-01-01,2096-01-01,stage_1_base,pto_base_mlp,384,0.5128719450324972,1,0.08909265300623717,0.0,0.0068305597546511445,0.0068305597546511445,0.010305549949266479,0.0176797791393385,0.0061,0.0143,0.5092063336351795,0.4094235821564938,-1.2725751114087904,1.1323266060086106,2.4049017174174008,19.53624139695477
2096-04-01,2096-04-01,stage_1_base,pto_base_linear,385,0.511644946882905,1,0.7072479306691701,0.0,0.011899433031487194,0.011899433031487194,0.010295488564439821,0.0096165535842036,0.0061,0.0143,0.42901695434910253,0.4913842711225017,1.1732518318742515,1.1984379038244068,0.02518607195015532,16.035602705690472
2096-04-01,2096-04-01,stage_1_base,pto_base_mlp,385,0.511644946882905,1,0.8585510044516163,0.0,0.013140118236503254,0.013140118236503254,0.010295488564439821,0.0096165535842036,0.0061,0.0143,0.41798803806244533,0.4913842711225017,1.1687979753753863,1.1984379038244068,0.029639928449020525,19.565881325403794
2096-07-01,2096-07-01,stage_1_base,pto_base_linear,386,0.4569227129616854,0,0.6471320169393601,0.0,0.011406482538902751,0.011406482538902751,0.009846766246285821,0.0026085994890054,0.0061,0.0143,0.43393555298328634,0.6751755510686981,1.2056481358739084,1.319975149559281,0.11432701368537268,16.149929719375844
2096-07-01,2096-07-01,stage_1_base,pto_base_mlp,386,0.4569227129616854,0,0.7935218848626281,0.0,0.01260687945587355,0.01260687945587355,0.009846766246285821,0.0026085994890054,0.0061,0.0143,0.4225083932435299,0.6751755510686981,1.2002326448346092,1.319975149559281,0.11974250472467185,19.685623830128463
2096-10-01,2096-10-01,stage_1_base,pto_base_linear,387,0.0591472899960912,0,0.13846708217128004,0.0,0.0072354300738044965,0.0072354300738044965,0.006585007777967948,0.0077649157092696,0.0061,0.0143,0.49742996781981325,0.5239202486097482,1.2100899661960511,1.2212781586165309,0.011188192420479748,16.161117911796325
2096-10-01,2096-10-01,stage_1_base,pto_base_mlp,387,0.0591472899960912,0,0.2106038850688326,0.0,0.007826951857564428,0.007826951857564428,0.006585007777967948,0.0077649157092696,0.0061,0.0143,0.4841425735645541,0.5239202486097482,1.204478024032301,1.2212781586165309,0.01680013458422991,19.702423964712693
2097-01-01,2097-01-01,stage_1_base,pto_base_linear,388,0.0516874538928286,0,0.12526478035156915,0.0,0.007127171198882867,0.007127171198882867,0.006523837121921196,0.0073834368059904,0.0061,0.0143,0.5002869878074464,0.5316031485698148,1.2132051203103675,1.2265509917515998,0.013345871441232227,16.174463783237556
2097-01-01,2097-01-01,stage_1_base,pto_base_mlp,388,0.0516874538928286,0,0.013290853145135298,0.0,0.006208984995790109,0.006208984995790109,0.006523837121921196,0.0073834368059904,0.0061,0.0143,0.5316526198169824,0.5316031485698148,1.2256414765328814,1.2265509917515998,0.0009095152187184041,19.703333479931413
2097-04-01,2097-04-01,stage_1_base,pto_base_linear,389,0.0214888263620893,0,0.05614421672063366,0.0,0.006560382577109196,0.006560382577109196,0.0062762083761691324,0.0098539547329289,0.0061,0.0143,0.5189166489367923,0.4877244364320752,0.568778801933989,1.1958020730285883,0.6270232710945993,16.801487054332156
2097-04-01,2097-04-01,stage_1_base,pto_base_mlp,389,0.0214888263620893,0,0.0025725307107119133,0.0,0.006121094751827838,0.006121094751827838,0.0062762083761691324,0.0098539547329289,0.0061,0.0143,0.534571440757002,0.4877244364320752,0.25408742207392,1.1958020730285883,0.9417146509546683,20.64504813088608
2097-07-01,2097-07-01,stage_1_base,pto_base_linear,390,0.1540084804889345,0,0.3057608233403827,0.0,0.008607238751391138,0.008607238751391138,0.007362869540009262,0.0092600116773932,0.0061,0.0143,0.470074047210672,0.4970848397416821,1.191508111941233,1.2025123056642095,0.011004193722976563,16.81249124805513
2097-07-01,2097-07-01,stage_1_base,pto_base_mlp,390,0.1540084804889345,0,0.13506090896825548,0.0,0.007207499453539695,0.007207499453539695,0.007362869540009262,0.0092600116773932,0.0061,0.0143,0.4981503630118863,0.4970848397416821,1.1815111584353928,1.2025123056642095,0.02100114722881674,20.666049278114897
2097-10-01,2097-10-01,stage_1_base,pto_base_linear,391,0.0569839015669128,0,0.15371348231452245,0.0,0.007360450554979084,0.007360450554979084,0.006567267992848685,0.0108914137153177,0.0061,0.0143,0.4943314655956418,0.4729138195900702,0.7404394801076224,1.184949909186569,0.44451042907894656,17.257001677134078
2097-10-01,2097-10-01,stage_1_base,pto_base_mlp,391,0.0569839015669128,0,0.2334327318016331,0.0,0.00801414840077339,0.00801414840077339,0.006567267992848685,0.0108914137153177,0.0061,0.0143,0.4804963245575136,0.4729138195900702,1.027579742584926,1.184949909186569,0.15737016660164294,20.823419444716542
2098-01-01,2098-01-01,stage_1_base,pto_base_linear,392,0.027169101729854,0,0.08085267902104884,0.0,0.0067629919679726,0.0067629919679726,0.006322786634184804,0.0060919427199619,0.0061,0.0143,0.511506215026204,0.560518138154828,1.2245924418846605,1.2461126251660246,0.02152018328136407,17.27852186041544
2098-01-01,2098-01-01,stage_1_base,pto_base_mlp,392,0.027169101729854,0,0.30846871222479416,0.0,0.008629443440243311,0.008629443440243311,0.006322786634184804,0.0060919427199619,0.0061,0.0143,0.4697112191741584,0.560518138154828,1.2062410711657547,1.2461126251660246,0.03987155400026987,20.86329099871681
2098-04-01,2098-04-01,stage_1_base,pto_base_linear,393,0.0163733051273228,0,0.04687061506224183,0.0,0.006484339043510383,0.006484339043510383,0.006234261102044047,0.00737456098343,0.0061,0.0143,0.5217817395720054,0.5317862844585504,1.2224117572008633,1.2266762383803629,0.004264481179499624,17.282786341594942
2098-04-01,2098-04-01,stage_1_base,pto_base_mlp,393,0.0163733051273228,0,0.04966418722763375,0.0,0.006507246335266597,0.006507246335266597,0.006234261102044047,0.00737456098343,0.0061,0.0143,0.5209202335886522,0.5317862844585504,1.222044536493305,1.2266762383803629,0.00463170188705786,20.867922700603867
2098-07-01,2098-07-01,stage_1_base,pto_base_linear,394,0.0339297758315942,0,0.09597361004718244,0.0,0.006886983602386896,0.006886983602386896,0.006378224161819073,0.0082483575480606,0.0061,0.0143,0.507366065715348,0.514693378649773,1.211833665679944,1.21489293917766,0.003059273497715953,17.285845615092658
2098-07-01,2098-07-01,stage_1_base,pto_base_mlp,394,0.0339297758315942,0,0.06225064789126201,0.0,0.006610455312708349,0.006610455312708349,0.006378224161819073,0.0082483575480606,0.0061,0.0143,0.5170357750247248,0.514693378649773,1.170360744187668,1.21489293917766,0.04453219498999195,20.91245489559386
2098-10-01,2098-10-01,stage_1_base,pto_base_linear,395,0.019012795487407,0,0.05112108235281463,0.0,0.006519192875293079,0.006519192875293079,0.006255904922996739,0.0066949581290423,0.0061,0.0143,0.5204700616275464,0.5464305492379792,1.2253897781136083,1.236631978143211,0.011242200029602634,17.29708781512226
2098-10-01,2098-10-01,stage_1_base,pto_base_mlp,395,0.019012795487407,0,0.0003812675171692209,0.0,0.006103126393640788,0.006103126393640788,0.006255904922996739,0.0066949581290423,0.0061,0.0143,0.5351557839834936,0.5464305492379792,1.2317494363289039,1.236631978143211,0.004882541814307029,20.917337437408168
2099-01-01,2099-01-01,stage_1_base,pto_base_linear,396,0.0065398598233605,0,0.019298483459482617,0.0,0.006258247564367757,0.006258247564367757,0.006153626850551557,0.0044317838983482,0.0061,0.0143,0.5299685886177603,0.6057465116356286,1.241497231732215,1.27602787945034,0.03453064771812486,17.331618462840385
2099-01-01,2099-01-01,stage_1_base,pto_base_mlp,396,0.0065398598233605,0,1.956654111304883e-05,0.0,0.006100160445637127,0.006100160445637127,0.006153626850551557,0.0044317838983482,0.0061,0.0143,0.5352518611283026,0.6057465116356286,1.243904724767058,1.27602787945034,0.03212315468328186,20.949460592091448
2099-04-01,2099-04-01,stage_1_base,pto_base_linear,397,0.0176105538471707,0,0.04512632811938752,0.0,0.006470035890578978,0.006470035890578978,0.0062444065415468,0.0047037413557729,0.0061,0.0143,0.5223180277531475,0.5975662510814739,1.2365905247964917,1.2706751546604755,0.03408462986398386,17.36570309270437
2099-04-01,2099-04-01,stage_1_base,pto_base_mlp,397,0.0176105538471707,0,3.7936549944642696e-06,0.0,0.006100031107970955,0.006100031107970955,0.0062444065415468,0.0047037413557729,0.0061,0.0143,0.5352560483949517,0.5975662510814739,1.2424509640898467,1.2706751546604755,0.02822419057062886,20.977684782662077
2099-07-01,2099-07-01,stage_1_base,pto_base_linear,398,0.0610744555310395,0,0.1331975107559544,0.0,0.007192219588198826,0.007192219588198826,0.006600810535354524,0.0026662547270141,0.0061,0.0143,0.49854921356296555,0.6723265906686098,1.2359820148083687,1.31823735582963,0.08225534102126142,17.44795843372563
2099-07-01,2099-07-01,stage_1_base,pto_base_mlp,398,0.0610744555310395,0,0.18266559047984857,0.0,0.007597857841934758,0.007597857841934758,0.006600810535354524,0.0026662547270141,0.0061,0.0143,0.4889173520092427,0.6723265906686098,1.2314228939954828,1.31823735582963,0.08681446183414732,21.064499244496226
2099-10-01,2099-10-01,stage_1_base,pto_base_linear,399,0.3402497336986335,0,0.46348330272507476,0.0,0.009900563082345612,0.009900563082345612,0.008890047816328794,0.0078707906856212,0.0061,0.0143,0.4513198632889641,0.5218518686477946,1.190137489882376,1.219852066053626,0.029714576171250062,17.477673009896883
2099-10-01,2099-10-01,stage_1_base,pto_base_mlp,399,0.3402497336986335,0,0.6459185325171998,0.0,0.011396531966641038,0.011396531966641038,0.008890047816328794,0.0078707906856212,0.0061,0.0143,0.4340383399587097,0.5218518686477946,1.18285692074586,1.219852066053626,0.03699514530776615,21.101494389803992
2100-01-01,2100-01-01,stage_1_base,pto_base_linear,400,0.1503960036238094,0,0.2221758806029723,0.0,0.007921842220944372,0.007921842220944372,0.0073332472297152375,0.0057051362688423,0.0061,0.0143,0.4822686349705704,0.570147067216842,1.2136202346783285,1.252545866490892,0.03892563181256348,17.516598641709447
2100-01-01,2100-01-01,stage_1_base,pto_base_mlp,400,0.1503960036238094,0,0.25926554007497343,0.0,0.008225977428614781,0.008225977428614781,0.0073332472297152375,0.0057051362688423,0.0061,0.0143,0.4765969185699003,0.570147067216842,1.211107955627434,1.252545866490892,0.04143791086345794,21.14293230066745
2100-04-01,2100-04-01,stage_1_base,pto_base_linear,401,0.044780525681266,0,0.08194576911869565,0.0,0.006771955306773304,0.006771955306773304,0.0064672003105863815,0.0033146702473255,0.0061,0.0143,0.5111951836775521,0.6441676762479529,1.2386531571796553,1.300731803816497,0.062078646636841706,17.578677288346288
2100-04-01,2100-04-01,stage_1_base,pto_base_mlp,401,0.044780525681266,0,0.0014168032215342004,0.0,0.00611161778641658,0.00611161778641658,0.0064672003105863815,0.0033146702473255,0.0061,0.0143,0.5348801286822139,0.6441676762479529,1.2497105518568212,1.300731803816497,0.05102125195967577,21.193953552627125
2100-07-01,2100-07-01,stage_1_base,pto_base_linear,402,0.0507372280992535,0,0.1013946922675337,0.0,0.006931436476593777,0.006931436476593777,0.006516045270413879,0.0033185717588367,0.0061,0.0143,0.5059670174252544,0.6440153578000344,1.2361926301633244,1.3006355671134942,0.06444293695016978,17.643120225296457
2100-07-01,2100-07-01,stage_1_base,pto_base_mlp,402,0.0507372280992535,0,0.0005747929193084546,0.0,0.00610471330193833,0.00610471330193833,0.006516045270413879,0.0033185717588367,0.0061,0.0143,0.5351043343389198,0.6440153578000344,1.2497943458497773,1.3006355671134942,0.05084122126371682,21.244794773890842
2100-10-01,2100-10-01,stage_1_base,pto_base_linear,403,0.0276938144435954,0,0.06078033032258899,0.0,0.00659839870864523,0.00659839870864523,0.006327089278437483,0.0010163253433122,0.0061,0.0143,0.5174871040106823,0.8191005266877128,1.2534841994189083,1.4012255371039248,0.14774133768501652,17.790861562981473
2100-10-01,2100-10-01,stage_1_base,pto_base_mlp,403,0.0276938144435954,0,0.01596643694554978,0.0,0.006230924782953509,0.006230924782953509,0.006327089278437483,0.0010163253433122,0.0061,0.0143,0.5309070994378025,0.8191005266877128,1.2600578063178711,1.4012255371039248,0.1411677307860537,21.385962504676897
2101-01-01,2101-01-01,stage_1_base,pto_base_linear,404,0.0466233813733793,0,0.08668550874134619,0.0,0.006810821171679039,0.006810821171679039,0.006482311727261711,0.0102111336331962,0.0061,0.0143,0.5098674206673364,0.4824139992510436,0.6337862326868398,1.1919470614967516,0.5581608288099118,18.349022391791387
2101-01-01,2101-01-01,stage_1_base,pto_base_mlp,404,0.0466233813733793,0,1.6212008039272778e-06,0.0,0.0061000132938465925,0.0061000132938465925,0.006482311727261711,0.0102111336331962,0.0061,0.0143,0.5352566251061743,0.4824139992510436,0.11759337562894712,1.1919470614967516,1.0743536858678044,22.4603161905447
2101-04-01,2101-04-01,stage_1_base,pto_base_linear,405,0.0529186199031416,0,0.11394257198176987,0.0,0.0070343290902505125,0.0070343290902505125,0.006533932683205761,0.0064301942120335,0.0061,0.0143,0.5028898669368701,0.5524831567788616,1.2191081383517575,1.2407158384197765,0.021607700068019042,18.370630091859404
2101-04-01,2101-04-01,stage_1_base,pto_base_mlp,405,0.0529186199031416,0,0.0014781581795047574,0.0,0.006112120897071939,0.006112120897071939,0.006533932683205761,0.0064301942120335,0.0061,0.0143,0.5348637722047592,0.5524831567788616,1.2330391067798052,1.2407158384197765,0.00767673163997129,22.46799292218467
2101-07-01,2101-07-01,stage_1_base,pto_base_linear,406,0.0191397980858438,0,0.05601949796131078,0.0,0.006559359883282748,0.006559359883282748,0.00625694634430392,0.0024762399177922,0.0061,0.0143,0.5189551964222743,0.681998755692448,1.2466270224818718,1.3241114524189213,0.0774844299370494,18.44811452179645
2101-07-01,2101-07-01,stage_1_base,pto_base_mlp,406,0.0191397980858438,0,2.4373382269527836e-05,0.0,0.00610019986173461,0.00610019986173461,0.00625694634430392,0.0024762399177922,0.0061,0.0143,0.5352505850055542,0.681998755692448,1.2543712038566532,1.3241114524189213,0.06974024856226801,22.53773317074694
2101-10-01,2101-10-01,stage_1_base,pto_base_linear,407,0.0078564158726598,0,0.01868757264961799,0.0,0.006253238095726868,0.006253238095726868,0.0061644226101558106,0.0094959005483284,0.0061,0.0143,0.5301415036146688,0.4932854675348572,0.4675749348830611,1.1998008363509614,0.7322259014679002,19.180340423264354
2101-10-01,2101-10-01,stage_1_base,pto_base_mlp,407,0.0078564158726598,0,0.0066886827309346,0.0,0.006154847198393664,0.006154847198393664,0.0061644226101558106,0.0094959005483284,0.0061,0.0143,0.5334628125657586,0.4932854675348572,0.40158983956994176,1.1998008363509614,0.7982109967810196,23.33594416752796
2102-01-01,2102-01-01,stage_1_base,pto_base_linear,408,0.0411918018215316,0,0.08341164379058989,0.0,0.006783975479082837,0.006783975479082837,0.00643777277493656,0.0037461149988636,0.0061,0.0143,0.5107808813193488,0.6282191540263002,1.2362560014532427,1.2905757650584366,0.05431976360519397,19.234660186869547
2102-01-01,2102-01-01,stage_1_base,pto_base_mlp,408,0.0411918018215316,0,0.16969144421369095,0.0,0.0074914698425522655,0.0074914698425522655,0.00643777277493656,0.0037461149988636,0.0061,0.0143,0.49127633288952205,0.6282191540263002,1.2272343900525196,1.2905757650584366,0.06334137500591708,23.399285542533875
2102-04-01,2102-04-01,stage_1_base,pto_base_linear,409,0.0198662908563717,0,0.03868248900368279,0.0,0.006417196409830199,0.006417196409830199,0.006262903585022249,0.0001926973665486,0.0061,0.0143,0.5242831806959485,0.9999999700466812,1.261131310465516,1.4980730114155736,0.23694170095005762,19.471601887819606
2102-04-01,2102-04-01,stage_1_base,pto_base_mlp,409,0.0198662908563717,0,0.03131538049122648,0.0,0.0063567861200280575,0.0063567861200280575,0.006262903585022249,0.0001926973665486,0.0061,0.0143,0.5264882777203983,0.9999999700466812,1.2622296098138448,1.4980730114155736,0.23584340160172879,23.635128944135605
2102-07-01,2102-07-01,stage_1_base,pto_base_linear,410,0.0145004254411376,0,0.026363066713168334,0.0,0.00631617714704798,0.00631617714704798,0.0062189034886173285,0.0103891336147203,0.0061,0.0143,0.5279407530294065,0.4798523516383702,0.20697207534850648,1.1900736738540971,0.9831015985055906,20.454703486325197
2102-07-01,2102-07-01,stage_1_base,pto_base_mlp,410,0.0145004254411376,0,2.5600048072107458e-05,0.0,0.00610020992039419,0.00610020992039419,0.0062189034886173285,0.0103891336147203,0.0061,0.0143,0.535250259346333,0.4798523516383702,0.05753919800135776,1.1900736738540971,1.1325344758527394,24.767663419988345
2102-10-01,2102-10-01,stage_1_base,pto_base_linear,411,0.0128481388626467,0,0.028401500161946952,0.0,0.006332892301327965,0.006332892301327965,0.0062053547386737035,0.0038441926438223,0.0061,0.0143,0.5273459458555796,0.6248143793111772,1.2434007788697146,1.2883881212485642,0.044987342378849604,20.499690828704047
2102-10-01,2102-10-01,stage_1_base,pto_base_mlp,411,0.0128481388626467,0,0.014500781007966182,0.0,0.006218906404265323,0.006218906404265323,0.0062053547386737035,0.0038441926438223,0.0061,0.0143,0.5313163649143027,0.6248143793111772,1.2452333578416916,1.2883881212485642,0.04315476340687252,24.810818183395217
2103-01-01,2103-01-01,stage_1_base,pto_base_linear,412,0.0206591608947115,0,0.04270788339581824,0.0,0.00645020464384571,0.00645020464384571,0.006269405119336635,0.004382623821123,0.0061,0.0143,0.5230588569536269,0.607264762673755,1.2386057264134702,1.277018251190651,0.03841252477718071,20.538103353481226
2103-01-01,2103-01-01,stage_1_base,pto_base_mlp,412,0.0206591608947115,0,0.0021059686175543004,0.0,0.006117268942663945,0.006117268942663945,0.006269405119336635,0.004382623821123,0.0061,0.0143,0.534696191376664,0.607264762673755,1.2439143730344209,1.277018251190651,0.03310387815623006,24.843922061551446
2103-04-01,2103-04-01,stage_1_base,pto_base_linear,413,0.0272693416907751,0,0.0512481572680394,0.0,0.006520234889597924,0.006520234889597924,0.006323608601864356,0.0062729560854665,0.0061,0.0143,0.5204307744088058,0.5561750911326847,1.2275689932704852,1.2431989263412857,0.015629933070800517,20.553733286552028
2103-04-01,2103-04-01,stage_1_base,pto_base_mlp,413,0.0272693416907751,0,1.0022944654231792e-06,0.0,0.006100008218814616,0.006100008218814616,0.006323608601864356,0.0062729560854665,0.0061,0.0143,0.5352567894037611,0.5561750911326847,1.2340519713581046,1.2431989263412857,0.009146954983181077,24.85306901653463
2103-07-01,2103-07-01,stage_1_base,pto_base_linear,414,0.1479906422597519,0,0.22184558360859497,0.0,0.007919133785590478,0.007919133785590478,0.007313523266529966,0.0108988747357184,0.0061,0.0143,0.4823213697536078,0.4728138806805463,0.9875101826703936,1.184875547751811,0.19736536508141733,20.751098651633445
2103-07-01,2103-07-01,stage_1_base,pto_base_mlp,414,0.1479906422597519,0,0.8913389603164746,0.0,0.01340897947459509,0.01340897947459509,0.007313523266529966,0.0108988747357184,0.0061,0.0143,0.41582388766156486,0.4728138806805463,1.162591819193354,1.184875547751811,0.02228372855845695,24.875352745093085
2103-10-01,2103-10-01,stage_1_base,pto_base_linear,415,0.4763368937051255,1,0.6133028598272157,0.0,0.011129083450583168,0.011129083450583168,0.01000596252838203,0.0119242634334159,0.0061,0.0143,0.43685577119358115,0.4598881277289048,1.1663360526155873,1.1751057920150536,0.008769739399466348,20.75986839103291
2103-10-01,2103-10-01,stage_1_base,pto_base_mlp,415,0.4763368937051255,1,0.9544784135284686,0.0,0.013926722990933442,0.013926722990933442,0.01000596252838203,0.0119242634334159,0.0061,0.0143,0.4118582747150715,0.4598881277289048,1.1568180717081888,1.1751057920150536,0.018287720306864763,24.89364046539995
2104-01-01,2104-01-01,stage_1_base,pto_base_linear,416,0.4589532916138388,1,0.6211655594212875,0.0,0.011193557587254557,0.011193557587254557,0.009863416991233479,-0.0015937100380255,0.0061,0.0143,0.4361667744178193,0.9999999700466812,1.2250346208753384,1.515937084926227,0.2909024640508886,21.050770855083798
2104-01-01,2104-01-01,stage_1_base,pto_base_mlp,416,0.4589532916138388,1,0.07382649513363901,0.0,0.006705377260095839,0.006705377260095839,0.009863416991233479,-0.0015937100380255,0.0061,0.0143,0.5135463193108417,0.9999999700466812,1.264957598896188,1.515937084926227,0.25097948603003895,25.144619951429988
2104-04-01,2104-04-01,stage_1_base,pto_base_linear,417,0.3648288554750158,1,0.5557293312628365,0.0,0.010656980516355259,0.010656980516355259,0.00909159661489513,0.010710710352445,0.0061,0.0143,0.44210106321444526,0.47536191568094,1.1736983672612435,1.1867663199260503,0.013067952664806759,21.063838807748606
2104-04-01,2104-04-01,stage_1_base,pto_base_mlp,417,0.3648288554750158,1,0.9223131848874565,0.0,0.013662968116077144,0.013662968116077144,0.00909159661489513,0.010710710352445,0.0061,0.0143,0.41384621742726574,0.47536191568094,1.1625972390604487,1.1867663199260503,0.024169080865601655,25.16878903229559
2104-07-01,2104-07-01,stage_1_base,pto_base_linear,418,0.6908796239312222,0,0.8252970638966027,0.0,0.012867435923952142,0.012867435923952142,0.011765212916236022,0.0040630431581007,0.0061,0.0143,0.42026053703341626,0.617463193438391,1.1930549015205747,1.2836438006844064,0.09058889916383173,21.154427706912436
2104-07-01,2104-07-01,stage_1_base,pto_base_mlp,418,0.6908796239312222,0,0.20832502649187293,0.0,0.007808265217233358,0.007808265217233358,0.011765212916236022,0.0040630431581007,0.0061,0.0143,0.4845182464772856,0.617463193438391,1.222572937775398,1.2836438006844064,0.06107086290900843,25.229859895204598
2104-10-01,2104-10-01,stage_1_base,pto_base_linear,419,0.4252674065694531,0,0.6078220695202903,0.0,0.01108414097006638,0.01108414097006638,0.009587192733869515,0.0140292806804237,0.0061,0.0143,0.43733981938449057,0.4377070680006001,1.157314278903537,1.157446380872443,0.00013210196890578452,21.154559808881345
2104-10-01,2104-10-01,stage_1_base,pto_base_mlp,419,0.4252674065694531,0,0.7531075494613649,0.0,0.012275481905583191,0.012275481905583191,0.009587192733869515,0.0140292806804237,0.0061,0.0143,0.4254808674866337,0.4377070680006001,1.1530485286021155,1.157446380872443,0.004397852270327407,25.234257747474928
2105-01-01,2105-01-01,stage_1_base,pto_base_linear,420,0.3611396661426269,0,0.49581839514053855,0.0,0.010165710840152416,0.010165710840152416,0.00906134526236954,0.0060952971676088,0.0061,0.0143,0.4479646821901558,0.5604367403553222,1.1966775625096535,1.2460580854165435,0.04938052290688999,21.203940331788232
2105-01-01,2105-01-01,stage_1_base,pto_base_mlp,420,0.3611396661426269,0,0.9999986035942892,0.0,0.01429998854947317,0.01429998854947317,0.00906134526236954,0.0060952971676088,0.0061,0.0143,0.4091541474333693,0.5604367403553222,1.1796379125570247,1.2460580854165435,0.06642017285951884,25.300677920334444
2105-04-01,2105-04-01,stage_1_base,pto_base_linear,421,0.5559544924495212,0,0.6704660951860045,0.0,0.011597821980525235,0.011597821980525235,0.010658826838086072,-0.0032871490911743,0.0061,0.0143,0.431986535612891,0.9999999700466812,1.23019330928584,1.5328714749504742,0.30267816566463424,21.506618497452866
2105-04-01,2105-04-01,stage_1_base,pto_base_mlp,421,0.5559544924495212,0,0.9999979114063715,0.0,0.014299982873532246,0.014299982873532246,0.010658826838086072,-0.0032871490911743,0.0061,0.0143,0.40915418760945577,0.9999999700466812,1.2180266019642336,1.5328714749504742,0.31484487298624053,25.615522793320686
2105-07-01,2105-07-01,stage_1_base,pto_base_linear,422,0.3781026326283684,0,0.4975965192088071,0.0,0.010180291457512218,0.010180291457512218,0.009200441587552621,0.0076009328830538,0.0061,0.0143,0.4477842134565031,0.5271781343343094,1.1898563292025124,1.2235186110022684,0.033662281799756055,21.540280779252623
2105-07-01,2105-07-01,stage_1_base,pto_base_mlp,422,0.3781026326283684,0,0.9826053963538876,0.0,0.014157364250101879,0.014157364250101879,0.009200441587552621,0.0076009328830538,0.0061,0.0143,0.41017267136763685,0.5271781343343094,1.1739093862285355,1.2235186110022684,0.049609224773732974,25.66513201809442
2105-10-01,2105-10-01,stage_1_base,pto_base_linear,423,0.1734544691173244,0,0.26468796081700724,0.0,0.00827044127869946,0.00827044127869946,0.00752232664676206,0.0142673107274929,0.0061,0.0143,0.47580540845092933,0.4355123477110623,0.24483064064603477,1.1556202739509942,0.9107896333049594,22.451070412557584
2105-10-01,2105-10-01,stage_1_base,pto_base_mlp,423,0.1734544691173244,0,0.0001012042340581394,0.0,0.0061008298747192765,0.0061008298747192765,0.00752232664676206,0.0142673107274929,0.0061,0.0143,0.535230185409301,0.4355123477110623,-1.0984149992257444,1.1556202739509942,2.2540352731767386,27.919167291271158
2106-01-01,2106-01-01,stage_1_base,pto_base_linear,424,0.248057441441193,0,0.3241733278676549,0.0,0.00875822128851477,0.00875822128851477,0.008134071019817782,0.0127188652118906,0.0061,0.0143,0.4676402639934741,0.4508859130316642,0.8027542283562343,1.1680953840620516,0.36534115570581727,22.8164115682634
2106-01-01,2106-01-01,stage_1_base,pto_base_mlp,424,0.248057441441193,0,0.00024148261382738213,0.0,0.006101980157433384,0.006101980157433384,0.008134071019817782,0.0127188652118906,0.0061,0.0143,0.5351929275448344,0.4508859130316642,-0.6702821327129569,1.1680953840620516,1.8383775167750085,29.757544808046166
2106-04-01,2106-04-01,stage_1_base,pto_base_linear,425,0.172618415261269,0,0.25418494844243145,0.0,0.008184316577227936,0.008184316577227936,0.007515471005142407,0.0137900080127775,0.0061,0.0143,0.47734666548037524,0.4399718259637529,0.3233650651421618,1.1593137629275112,0.8359486977853494,23.65236026604875
2106-04-01,2106-04-01,stage_1_base,pto_base_mlp,425,0.172618415261269,0,4.620596137824578e-05,0.0,0.006100378888883301,0.006100378888883301,0.007515471005142407,0.0137900080127775,0.0061,0.0143,0.5352447886470876,0.4399718259637529,-0.9716206740843656,1.1593137629275112,2.130934437011877,31.888479245058043
2106-07-01,2106-07-01,stage_1_base,pto_base_linear,426,0.1630603846770791,0,0.26843604243129504,0.0,0.008301175547936619,0.008301175547936619,0.00743709515435205,0.0018170072213978,0.0061,0.0143,0.47526338594725837,0.7244086683163538,1.2289961229303077,1.3490417763424367,0.12004565341212903,23.77240591946088
2106-07-01,2106-07-01,stage_1_base,pto_base_mlp,426,0.1630603846770791,0,0.98394283826635,0.0,0.01416833127378407,0.01416833127378407,0.00743709515435205,0.0018170072213978,0.0061,0.0143,0.4100937145825957,0.7244086683163538,1.1975954248828335,1.3490417763424367,0.15144635145960317,32.03992559651765
2106-10-01,2106-10-01,stage_1_base,pto_base_linear,427,0.2056380093359196,0,0.31349369452672493,0.0,0.008670648295119144,0.008670648295119144,0.007786231676554541,0.0099310400631024,0.0061,0.0143,0.4690424667936214,0.4865587167124037,1.1879404381065723,1.194959017268976,0.00701857916240356,23.779424498623282
2106-10-01,2106-10-01,stage_1_base,pto_base_mlp,427,0.2056380093359196,0,0.10445969845884194,0.0,0.006956569527362504,0.006956569527362504,0.007786231676554541,0.0099310400631024,0.0061,0.0143,0.5051951655663618,0.4865587167124037,0.8194009333983872,1.194959017268976,0.37555808387058875,32.415483680388235
2107-01-01,2107-01-01,stage_1_base,pto_base_linear,428,0.0271125413491008,0,0.0724856612418287,0.0,0.006694382422182995,0.006694382422182995,0.006322322839062627,0.0030676229331058,0.0061,0.0143,0.5139431556041387,0.6541775923679017,1.2412057396976293,1.3070210943372338,0.06581535463960453,23.845239853262886
2107-01-01,2107-01-01,stage_1_base,pto_base_mlp,428,0.0271125413491008,0,0.22071417126829568,0.0,0.007909856204400025,0.007909856204400025,0.006322322839062627,0.0030676229331058,0.0061,0.0143,0.48250233600817544,0.6541775923679017,1.2264498156919297,1.3070210943372338,0.08057127864530411,32.496054959033536
2107-04-01,2107-04-01,stage_1_base,pto_base_linear,429,0.0384285075435936,0,0.09142678229034844,0.0,0.006849699614780857,0.006849699614780857,0.006415113761857468,0.007042015477551,0.0061,0.0143,0.5085738849192659,0.5387963640988038,1.218473090768836,1.2314560586970815,0.012982967928245603,23.85822282119113
2107-04-01,2107-04-01,stage_1_base,pto_base_mlp,429,0.0384285075435936,0,1.287404763714489e-05,0.0,0.006100105567190625,0.006100105567190625,0.006415113761857468,0.007042015477551,0.0061,0.0143,0.5352536378247382,0.5387963640988038,1.2299341748925963,1.2314560586970815,0.0015218838044852578,32.49757684283802
2107-07-01,2107-07-01,stage_1_base,pto_base_linear,430,0.0418805936120279,0,0.08392437083978957,0.0,0.006788179840886275,0.006788179840886275,0.00644342086761863,0.0007535997992931,0.0061,0.0143,0.5106367375919636,0.8777292008747583,1.2514702113663718,1.43225003494125,0.1807798235748781,24.03900264476601
2107-07-01,2107-07-01,stage_1_base,pto_base_mlp,430,0.0418805936120279,0,3.413663936813037e-05,0.0,0.0061002799204428184,0.0061002799204428184,0.00644342086761863,0.0007535997992931,0.0061,0.0143,0.5352479929931702,0.8777292008747583,1.2635903686956682,1.43225003494125,0.1686596662455817,32.6662365090836
2107-10-01,2107-10-01,stage_1_base,pto_base_linear,431,0.0605590470053927,0,0.11850173082557369,0.0,0.0070717141927697045,0.0070717141927697045,0.006596584185444221,0.0033932857874925,0.0061,0.0143,0.5018232994340188,0.6411294894342427,1.233883351018989,1.2988093888727257,0.06492603785373663,24.103928682619745
2107-10-01,2107-10-01,stage_1_base,pto_base_mlp,431,0.0605590470053927,0,2.0483190063451033e-06,0.0,0.006100016796215852,0.006100016796215852,0.006596584185444221,0.0033932857874925,0.0061,0.0143,0.5352565117217114,0.6411294894342427,1.2494654727219747,1.2988093888727257,0.049343916150750955,32.71558042523436
2108-01-01,2108-01-01,stage_1_base,pto_base_linear,432,0.0082957977019536,0,0.020834048993200134,0.0,0.0062708392017442405,0.0062708392017442405,0.00616802554115602,0.0032597638710728,0.0061,0.0143,0.5295322426577058,0.6463293874507318,1.2475046205970155,1.3020958818651207,0.05459126126810521,24.158519943887853
2108-01-01,2108-01-01,stage_1_base,pto_base_mlp,432,0.0082957977019536,0,1.2533954071943715e-06,0.0,0.006100010277842339,0.006100010277842339,0.00616802554115602,0.0032597638710728,0.0061,0.0143,0.5352567227453525,0.6463293874507318,1.250180256107135,1.3020958818651207,0.051915625757985806,32.76749605099234
2108-04-01,2108-04-01,stage_1_base,pto_base_linear,433,0.002816496083598,0,0.008649771760042668,0.0,0.006170928128432351,0.006170928128432351,0.006123095267885504,0.0098739321765989,0.0061,0.0143,0.5329293563112227,0.4874212722463397,0.2801938470687708,1.1955829902872503,0.9153891432184795,25.073909087106333
2108-04-01,2108-04-01,stage_1_base,pto_base_mlp,433,0.002816496083598,0,6.320287604132405e-06,0.0,0.006100051826358354,0.006100051826358354,0.006123095267885504,0.0098739321765989,0.0061,0.0143,0.535255377657477,0.4874212722463397,0.2334062238235166,1.1955829902872503,0.9621767664637337,33.72967281745608
2108-07-01,2108-07-01,stage_1_base,pto_base_linear,434,0.0021126136129887,0,0.006859222514716137,0.0,0.006156245624620672,0.006156245624620672,0.006117323431626508,0.0094630203110125,0.0061,0.0143,0.5334165601672646,0.4938084801491751,0.4141371195122676,1.200175043300569,0.7860379237883013,25.859947010894633
2108-07-01,2108-07-01,stage_1_base,pto_base_mlp,434,0.0021126136129887,0,0.16192985797626064,0.0,0.0074278248354053365,0.0074278248354053365,0.006117323431626508,0.0094630203110125,0.0061,0.0143,0.4927381054605717,0.4938084801491751,1.1997411457304539,1.200175043300569,0.00043389757011502716,33.73010671502619
2108-10-01,2108-10-01,stage_1_base,pto_base_linear,435,0.0072533725128063,0,0.019285888798357954,0.0,0.0062581442881465355,0.0062581442881465355,0.006159477654605012,0.0072626428631894,0.0061,0.0143,0.5299721574306201,0.5341130732743274,1.2264960936467841,1.228265811639644,0.001769717992859965,25.861716728887494
2108-10-01,2108-10-01,stage_1_base,pto_base_mlp,435,0.0072533725128063,0,0.0908820267153243,0.0,0.006845232619065659,0.006845232619065659,0.006159477654605012,0.0072626428631894,0.0061,0.0143,0.5087207340870102,0.5341130732743274,1.2174137969557701,1.228265811639644,0.010852014683873978,33.740958729710066
2109-01-01,2109-01-01,stage_1_base,pto_base_linear,436,0.0009278196566523,0,0.0034251125910799425,0.0,0.006128085923246856,0.006128085923246856,0.006107608121184549,0.0004282300441673,0.0061,0.0143,0.5343430037203086,0.9999999700466812,1.264883284579318,1.4957176847099358,0.23083440013061773,26.092551129018112
2109-01-01,2109-01-01,stage_1_base,pto_base_mlp,436,0.0009278196566523,0,1.0024113254582713e-06,0.0,0.006100008219772869,0.006100008219772869,0.006107608121184549,0.0004282300441673,0.0061,0.0143,0.5352567893724741,0.9999999700466812,1.265336264300699,1.4957176847099358,0.23038142040923693,33.9713401501193
2109-04-01,2109-04-01,stage_1_base,pto_base_linear,437,0.0001276812884524,0,0.0006037512846571796,0.0,0.006104950760534189,0.006104950760534189,0.00610104698656531,0.0047911143774111,0.0061,0.0143,0.5350966330212839,0.5950121945715366,1.2419112247929165,1.2689983824843016,0.027087157691385144,26.119638286709495
2109-04-01,2109-04-01,stage_1_base,pto_base_mlp,437,0.0001276812884524,0,1.041904747276231e-06,0.0,0.006100008543618928,0.006100008543618928,0.00610104698656531,0.0047911143774111,0.0061,0.0143,0.5352567788886865,0.5950121945715366,1.2419836249549399,1.2689983824843016,0.027014757529361777,33.99835490764866
2109-07-01,2109-07-01,stage_1_base,pto_base_linear,438,0.0007895160329706,0,0.003143937052581802,0.0,0.00612578028383117,0.00612578028383117,0.006106474031470359,0.0029663107716405,0.0061,0.0143,0.5344184083963216,0.6585133684783534,1.251356693384271,1.3097231312573103,0.0583664378730393,26.178004724582536
2109-07-01,2109-07-01,stage_1_base,pto_base_mlp,438,0.0007895160329706,0,0.0008571192068559741,0.0,0.006107028377496219,0.006107028377496219,0.006106474031470359,0.0029663107716405,0.0061,0.0143,0.5350292223109516,0.6585133684783534,1.2516439817026417,1.3097231312573103,0.05807914955466864,34.05643405720333
2109-10-01,2109-10-01,stage_1_base,pto_base_linear,439,0.0028471519372216,0,0.008175739644000458,0.0,0.0061670410650808034,0.0061670410650808034,0.006123346645885217,0.0097526381781168,0.0061,0.0143,0.5330586231541363,0.4892733720985114,0.31963851994867487,1.1969196243666165,0.8772811044179416,27.055285829000475
2109-10-01,2109-10-01,stage_1_base,pto_base_mlp,439,0.0028471519372216,0,1.1666409193051589e-05,0.0,0.006100095664555383,0.006100095664555383,0.006123346645885217,0.0097526381781168,0.0061,0.0143,0.5352539584204162,0.4892733720985114,0.2756527870567895,1.1969196243666165,0.921266837309827,34.977700894513156
2110-01-01,2110-01-01,stage_1_base,pto_base_linear,440,0.0072366421589135,0,0.021217358857766516,0.0,0.006273982342633685,0.006273982342633685,0.006159340465703091,0.0110483763818321,0.0061,0.0143,0.5294229397943225,0.4708299567516388,-0.03824268005964937,1.1833959126354807,1.22163859269513,28.276924421695607
2110-01-01,2110-01-01,stage_1_base,pto_base_mlp,440,0.0072366421589135,0,0.005113412663301349,0.0,0.006141929983839071,0.006141929983839071,0.006159340465703091,0.0110483763818321,0.0061,0.0143,0.5338888244303114,0.4708299567516388,-0.13135447157428648,1.1833959126354807,1.3147503842097672,36.29245127872293
2110-04-01,2110-04-01,stage_1_base,pto_base_linear,441,0.0053356493375692,0,0.016923249488890832,0.0,0.006238770645808904,0.006238770645808904,0.0061437523245680675,0.0105368194613297,0.0061,0.0143,0.5306387535128486,0.4777684540236679,0.10279776834879883,1.188542627568174,1.0857448592193752,29.362669280914982
2110-04-01,2110-04-01,stage_1_base,pto_base_mlp,441,0.0053356493375692,0,1.0003852433152755e-06,0.0,0.006100008203158995,0.006100008203158995,0.0061437523245680675,0.0105368194613297,0.0061,0.0143,0.535256789911003,0.4777684540236679,0.007961731194199517,1.188542627568174,1.1805808963739746,37.473032175096904
2110-07-01,2110-07-01,stage_1_base,pto_base_linear,442,0.0017248839929826,0,0.00603727959503709,0.0,0.006149505692679303,0.006149505692679303,0.006114144048742457,0.0029280784384485,0.0061,0.0143,0.5336392421242323,0.6601888870806427,1.2511942454743765,1.31076359508468,0.05956934961030358,29.422238630525285
2110-07-01,2110-07-01,stage_1_base,pto_base_mlp,442,0.0017248839929826,0,0.0003400930389724043,0.0,0.0061027887629195735,0.0061027887629195735,0.006114144048742457,0.0029280784384485,0.0061,0.0143,0.5351667265234819,0.6601888870806427,1.2519132617326563,1.31076359508468,0.05885033335202383,37.53188250844892
2110-10-01,2110-10-01,stage_1_base,pto_base_linear,443,0.0045869363604225,0,0.015941728084817378,0.0,0.006230722170295502,0.006230722170295502,0.006137612878155466,-0.0054060391136158,0.0061,0.0143,0.5309140167272335,0.9999999700466812,1.2941584277675597,1.5540603745402106,0.2599019467726509,29.682140577297936
2110-10-01,2110-10-01,stage_1_base,pto_base_mlp,443,0.0045869363604225,0,1.0762197156237208e-06,0.0,0.006100008825001668,0.006100008825001668,0.006137612878155466,-0.0054060391136158,0.0061,0.0143,0.5352567697796149,0.9999999700466812,1.2965645752223698,1.5540603745402106,0.25749579931784083,37.78937830776677
2111-01-01,2111-01-01,stage_1_base,pto_base_linear,444,0.017471306019946,0,0.05559629033464106,0.0,0.006555889580744057,0.006555889580744057,0.006243264709363558,-0.0013212399721462,0.0061,0.0143,0.519086020231131,0.9999999700466812,1.2664013821046822,1.5132123843490477,0.24681100224436547,29.928951579542304
2111-01-01,2111-01-01,stage_1_base,pto_base_mlp,444,0.017471306019946,0,0.23406028762232362,0.0,0.008019294358503053,0.008019294358503053,0.006243264709363558,-0.0013212399721462,0.0061,0.0143,0.48039890408568403,0.9999999700466812,1.2465466743893743,1.5132123843490477,0.2666657099596734,38.056044017726435
2111-04-01,2111-04-01,stage_1_base,pto_base_linear,445,0.0544947741845352,0,0.12799307225170495,0.0,0.007149543192463981,0.007149543192463981,0.006546857148313189,0.0120708333079452,0.0061,0.0143,0.4996818150138474,0.4581646775980207,0.2833635013960474,1.1737780442902683,0.890414542894221,30.819366122436524
2111-04-01,2111-04-01,stage_1_base,pto_base_mlp,445,0.0544947741845352,0,0.014567327925852828,0.0,0.006219452088991994,0.006219452088991994,0.006546857148313189,0.0120708333079452,0.0061,0.0143,0.5312978287661556,0.4581646775980207,-0.394702653380792,1.1737780442902683,1.5684806976710604,39.6245247153975
2111-07-01,2111-07-01,stage_1_base,pto_base_linear,446,0.2934127676296786,0,0.4447699408599324,0.0,0.009747113515051446,0.009747113515051446,0.008505984694563366,0.0044147292548567,0.0061,0.0143,0.4533279670790432,0.6062717901759043,1.206650781156436,1.276370637003113,0.06971985584667695,30.889085978283198
2111-07-01,2111-07-01,stage_1_base,pto_base_mlp,446,0.2934127676296786,0,0.8878385006074188,0.0,0.013380275704980833,0.013380275704980833,0.008505984694563366,0.0044147292548567,0.0061,0.0143,0.4160514142934724,0.6062717901759043,1.1896581636446772,1.276370637003113,0.08671247335843568,39.71123718875594
2111-10-01,2111-10-01,stage_1_base,pto_base_linear,447,0.8526002939151707,1,0.8902217035236304,0.0,0.01339981796889377,0.01339981796889377,0.0130913224101044,0.013430767438637,0.0061,0.0143,0.4158964182183449,0.4434868976590458,1.1520901283926455,1.1621797549841102,0.010089626591464729,30.899175604874664
2111-10-01,2111-10-01,stage_1_base,pto_base_mlp,447,0.8526002939151707,1,0.8065316436235389,0.0,0.01271355947771302,0.01271355947771302,0.0130913224101044,0.013430767438637,0.0061,0.0143,0.4215788003554994,0.4434868976590458,1.1541681319314068,1.1621797549841102,0.00801162305270342,39.71924881180864
2112-01-01,2112-01-01,stage_1_base,pto_base_linear,448,0.8467171581206219,0,0.8814378217554448,0.0,0.013327790138394646,0.013327790138394646,0.013043080696589101,0.0129991732324321,0.0061,0.0143,0.416469604814506,0.4479012377616542,1.15409719701699,1.1657271610739817,0.011629964056991682,30.910805568931657
2112-01-01,2112-01-01,stage_1_base,pto_base_mlp,448,0.8467171581206219,0,0.9589112152740559,0.0,0.013963071965247258,0.013963071965247258,0.013043080696589101,0.0129991732324321,0.0061,0.0143,0.4115894090666376,0.4479012377616542,1.152291484242403,1.1657271610739817,0.013435676831578647,39.73268448864022
2112-04-01,2112-04-01,stage_1_base,pto_base_linear,449,0.5295502991164166,1,0.6021551612895765,0.0,0.011037672322574528,0.011037672322574528,0.010442312452754617,0.01812686624415,0.0061,0.0143,0.4378435849762833,0.4066253634682476,0.371815451122675,1.1296042459834457,0.7577887948607707,31.668594363792426
2112-04-01,2112-04-01,stage_1_base,pto_base_mlp,449,0.5295502991164166,1,0.36045616713322837,0.0,0.009055740570492472,0.009055740570492472,0.010442312452754617,0.01812686624415,0.0061,0.0143,0.4630568726642915,0.4066253634682476,-0.24021013021958204,1.1296042459834457,1.3698143762030277,41.10249886484324
2112-07-01,2112-07-01,stage_1_base,pto_base_linear,450,0.290007847777809,0,0.38902706512317226,0.0,0.009290021934010012,0.009290021934010012,0.008478064351778034,0.0062026846320631,0.0061,0.0143,0.45962595957887437,0.5578491481144424,1.2013038310296658,1.2443229506770317,0.04301911964736593,31.71161348343979
2112-07-01,2112-07-01,stage_1_base,pto_base_mlp,450,0.290007847777809,0,0.02859496022031694,0.0,0.006334478673806598,0.006334478673806598,0.008478064351778034,0.0062026846320631,0.0061,0.0143,0.5272892707519531,0.5578491481144424,1.2309385448125276,1.2443229506770317,0.013384405864504068,41.11588327070775
2112-10-01,2112-10-01,stage_1_base,pto_base_linear,451,0.2276744180120505,1,0.32113201820830606,0.0,0.00873328254930811,0.00873328254930811,0.007966930227698815,0.0192559398063665,0.0061,0.0143,0.46803698284836337,0.4000712192786884,-0.5549479430689788,1.122998136472443,1.6779460795414218,33.38955956298121
2112-10-01,2112-10-01,stage_1_base,pto_base_mlp,451,0.2276744180120505,1,0.06988759971610595,0.0,0.006673078317672069,0.006673078317672069,0.007966930227698815,0.0192559398063665,0.0061,0.0143,0.5147182412328952,0.4000712192786884,-1.7074199277988154,1.122998136472443,2.8304180642712584,43.946301334979005
2113-01-01,2113-01-01,stage_1_base,pto_base_linear,452,0.2671594306511274,0,0.3722863561902505,0.0,0.009152748120760055,0.009152748120760055,0.008290707331339246,0.0055451749061848,0.0061,0.0143,0.46161827707556413,0.574274693822308,1.2052115976750253,1.2552928106967494,0.05008121302172408,33.43964077600294
2113-01-01,2113-01-01,stage_1_base,pto_base_mlp,452,0.2671594306511274,0,0.017784774692610406,0.0,0.006245835152479406,0.006245835152479406,0.008290707331339246,0.0055451749061848,0.0061,0.0143,0.5303963474760254,0.574274693822308,1.2357867685744515,1.2552928106967494,0.019506042122297895,43.96580737710131
2113-04-01,2113-04-01,stage_1_base,pto_base_linear,453,0.1890027107265341,0,0.2886746859198917,0.0,0.008467132424543111,0.008467132424543111,0.0076498222279575805,0.0070540837532273,0.0061,0.0143,0.4724045557384291,0.538536830828944,1.2028784648533644,1.231279576325822,0.028401111472457607,33.468041887475394
2113-04-01,2113-04-01,stage_1_base,pto_base_mlp,453,0.1890027107265341,0,0.021525646537565665,0.0,0.006276510301608038,0.006276510301608038,0.0076498222279575805,0.0070540837532273,0.0061,0.0143,0.5293349189131985,0.538536830828944,1.2273277309413844,1.231279576325822,0.003951845384437602,43.96975922248574
2113-07-01,2113-07-01,stage_1_base,pto_base_linear,454,0.1438089177152709,0,0.23257433998157634,0.0,0.008007109587848926,0.008007109587848926,0.007279233125265221,0.0128201985815423,0.0061,0.0143,0.48062981016907064,0.4497959151957042,0.4931888271710094,1.167233228058097,0.6740444008870876,34.142086288362485
2113-07-01,2113-07-01,stage_1_base,pto_base_mlp,454,0.1438089177152709,0,5.8079274198881805e-05,0.0,0.006100476250048431,0.006100476250048431,0.007279233125265221,0.0128201985815423,0.0061,0.0143,0.5352416362279627,0.4497959151957042,-0.7006533608578949,1.167233228058097,1.867886588915992,45.837645811401735
2113-10-01,2113-10-01,stage_1_base,pto_base_linear,455,0.0286168100997499,0,0.06148790292629756,0.0,0.00660420080399564,0.00660420080399564,0.00633465784281795,0.0078743631817963,0.0061,0.0143,0.5172697502121095,0.5217825481845934,1.2179031763447827,1.2198042212290103,0.0019010448842275984,34.14398733324671
2113-10-01,2113-10-01,stage_1_base,pto_base_mlp,455,0.0286168100997499,0,0.00026402118559654873,0.0,0.0061021649737218915,0.0061021649737218915,0.00633465784281795,0.0078743631817963,0.0061,0.0143,0.5351869398140724,0.5217825481845934,0.9685548834552269,1.2198042212290103,0.25124933777378344,46.08889514917552
2114-01-01,2114-01-01,stage_1_base,pto_base_linear,456,0.0505450592431465,0,0.10302281885317041,0.0,0.006944787114595997,0.006944787114595997,0.006514469485793802,0.0091493219387643,0.0061,0.0143,0.5055553226708887,0.4989060395793257,1.0732456342307188,1.203806500056611,0.1305608658258921,34.274548199072605
2114-01-01,2114-01-01,stage_1_base,pto_base_mlp,456,0.0505450592431465,0,0.0003669160676132553,0.0,0.006103008711754429,0.006103008711754429,0.006514469485793802,0.0091493219387643,0.0061,0.0143,0.5351595981826138,0.4989060395793257,0.4919554014844909,1.203806500056611,0.71185109857212,46.80074624774764
2114-04-01,2114-04-01,stage_1_base,pto_base_linear,457,0.1851510393797313,0,0.29740466048333414,0.0,0.008538718215963338,0.008538718215963338,0.007618238522913797,0.0110109344580947,0.0061,0.0143,0.47120477371193853,0.4713235036541903,1.1837183380591343,1.1837646297541369,4.629169500258712e-05,34.274594490767605
2114-04-01,2114-04-01,stage_1_base,pto_base_mlp,457,0.1851510393797313,0,0.14219472958312682,0.0,0.0072659967825816395,0.0072659967825816395,0.007618238522913797,0.0110109344580947,0.0061,0.0143,0.49665394659965156,0.4713235036541903,0.656208561365254,1.1837646297541369,0.5275560683888829,47.32830231613652
2114-07-01,2114-07-01,stage_1_base,pto_base_linear,458,0.3496862664215786,1,0.4864661597854729,0.0,0.010089022510240877,0.010089022510240877,0.008967427384656945,0.010714916072376,0.0061,0.0143,0.4489206535749717,0.4753043301487787,1.176358855525366,1.1867237050105788,0.01036484948521288,34.28495934025282
2114-07-01,2114-07-01,stage_1_base,pto_base_mlp,458,0.3496862664215786,1,0.2965388261116888,0.0,0.008531618374115847,0.008531618374115847,0.008967427384656945,0.010714916072376,0.0061,0.0143,0.47132291142457977,0.4753043301487787,1.185159601323267,1.1867237050105788,0.0015641036873117464,47.32986641982383
2114-10-01,2114-10-01,stage_1_base,pto_base_linear,459,0.3039012617611051,0,0.43177921309751605,0.0,0.009640589547399632,0.009640589547399632,0.00859199034644106,0.0092704199483909,0.0061,0.0143,0.45475215925597695,0.4969148680660001,1.1852186447405841,1.202391338977289,0.017172694236704755,34.302132034489524
2114-10-01,2114-10-01,stage_1_base,pto_base_mlp,459,0.3039012617611051,0,0.6623600458639022,0.0,0.011531352376083999,0.011531352376083999,0.00859199034644106,0.0092704199483909,0.0061,0.0143,0.43265773205187263,0.4969148680660001,1.1762196773255438,1.202391338977289,0.026171661651745115,47.356038081475575
2115-01-01,2115-01-01,stage_1_base,pto_base_linear,460,0.2982510721168081,0,0.41206964472028323,0.0,0.009478971086706322,0.009478971086706322,0.008545658791357828,0.0048628112304212,0.0061,0.0143,0.45696236577013455,0.5929417106193907,1.2062599656435988,1.2676372192158438,0.061377253572244994,34.36350928806177
2115-01-01,2115-01-01,stage_1_base,pto_base_mlp,460,0.2982510721168081,0,0.004586495696537771,0.0,0.00613760926471161,0.00613760926471161,0.008545658791357828,0.0048628112304212,0.0061,0.0143,0.5340308369234673,0.5929417106193907,1.241046506949907,1.2676372192158438,0.02659071226593679,47.38262879374152
2115-04-01,2115-04-01,stage_1_base,pto_base_linear,461,0.5821216212619069,0,0.698659464395453,0.0,0.011829007608042714,0.011829007608042714,0.010873397294347636,-0.0044675998222456,0.0061,0.0143,0.42969941314288584,0.9999999700466812,1.234046956789205,1.544675981907602,0.31062902511839696,34.674138313180165
2115-04-01,2115-04-01,stage_1_base,pto_base_mlp,461,0.5821216212619069,0,0.8556531963477031,0.0,0.013116356210051165,0.013116356210051165,0.010873397294347636,-0.0044675998222456,0.0061,0.0143,0.4181829087104019,0.9999999700466812,1.2277741932414084,1.544675981907602,0.31690178866619356,47.69953058240771
2115-07-01,2115-07-01,stage_1_base,pto_base_linear,462,0.4788498619788073,0,0.5801772685276383,0.0,0.010857453601926635,0.010857453601926635,0.01002656886822622,-0.0028383120763404,0.0061,0.0143,0.43982958985116993,0.9999999700466812,1.2323985312896493,1.528383104936576,0.29598457364692665,34.97012288682709
2115-07-01,2115-07-01,stage_1_base,pto_base_mlp,462,0.4788498619788073,0,0.10997142170690516,0.0,0.0070017656579966225,0.0070017656579966225,0.01002656886822622,-0.0028383120763404,0.0061,0.0143,0.5038405067804943,0.9999999700466812,1.2662208193396927,1.528383104936576,0.26216228559688326,47.96169286800459
2115-10-01,2115-10-01,stage_1_base,pto_base_linear,463,0.72014969797346,0,0.7097304485610973,0.0,0.011919789678200999,0.011919789678200999,0.01200522752338237,0.0018239060316215,0.0061,0.0143,0.42882090495642494,0.723863550623114,1.2065891621278584,1.3487291843510325,0.14214002222317412,35.112262909050266
2115-10-01,2115-10-01,stage_1_base,pto_base_mlp,463,0.72014969797346,0,0.24171912378150362,0.0,0.008082096815008329,0.008082096815008329,0.01200522752338237,0.0018239060316215,0.0061,0.0143,0.4792211938459454,0.723863550623114,1.230870052663608,1.3487291843510325,0.11785913168742446,48.079551999692015
2116-01-01,2116-01-01,stage_1_base,pto_base_linear,464,0.4005790422436368,0,0.39519696406545807,0.0,0.009340615105336757,0.009340615105336757,0.009384748146397821,0.0083311375600888,0.0061,0.0143,0.45890403268191615,0.5131682784764903,1.1912200901094327,1.213831384043629,0.022611293934196253,35.13487420298446
2116-01-01,2116-01-01,stage_1_base,pto_base_mlp,464,0.4005790422436368,0,0.0469340940497959,0.0,0.006484859571208325,0.006484859571208325,0.009384748146397821,0.0083311375600888,0.0061,0.0143,0.5217621958845755,0.5131682784764903,1.049944619959314,1.213831384043629,0.1638867640843149,48.24343876377633
2116-04-01,2116-04-01,stage_1_base,pto_base_linear,465,0.2561843513186937,1,0.34666948529510544,0.0,0.008942689779419864,0.008942689779419864,0.008200711680813289,0.010249189271597,0.0061,0.0143,0.4647670494558471,0.4818616622569988,1.184748670157177,1.1915439173365157,0.006795247179338659,35.1416694501638
2116-04-01,2116-04-01,stage_1_base,pto_base_mlp,465,0.2561843513186937,1,0.06570147755126934,0.0,0.006638752115920409,0.006638752115920409,0.008200711680813289,0.010249189271597,0.0061,0.0143,0.5159822676087764,0.4818616622569988,0.49700785333131425,1.1915439173365157,0.6945360640052014,48.93797482778153
2116-07-01,2116-07-01,stage_1_base,pto_base_linear,466,0.6688167954521508,1,0.6958886946139998,0.0,0.011806287295834798,0.011806287295834798,0.011584297722707637,0.0019560241043944,0.0061,0.0143,0.4299209822914564,0.7139375828229664,1.2065511331022583,1.3430040002011343,0.13645286709887605,35.27812231726268
2116-07-01,2116-07-01,stage_1_base,pto_base_mlp,466,0.6688167954521508,1,0.8005539215369504,0.0,0.012664542156602994,0.012664542156602994,0.011584297722707637,0.0019560241043944,0.0061,0.0143,0.42200432020064815,0.7139375828229664,1.2027476538756137,1.3430040002011343,0.14025634632552064,49.07823117410705
2116-10-01,2116-10-01,stage_1_base,pto_base_linear,467,0.7155078412699835,1,0.6683601378030287,0.0,0.011580553129984836,0.011580553129984836,0.011967164298413865,0.0014587969676279,0.0061,0.0143,0.4321603197734886,0.7574430627936407,1.2097758182465976,1.367671974965278,0.1578961567186803,35.436018473981356
2116-10-01,2116-10-01,stage_1_base,pto_base_mlp,467,0.7155078412699835,1,0.277785268253309,0.0,0.008377839199677134,0.008377839199677134,0.011967164298413865,0.0014587969676279,0.0061,0.0143,0.47392884509223543,0.7574430627936407,1.2300507629251982,1.367671974965278,0.1376212120400797,49.215852386147134
2117-01-01,2117-01-01,stage_1_base,pto_base_linear,468,0.5620701563268892,0,0.5495566895347171,0.0,0.01060636485418468,0.01060636485418468,0.010708975281880492,0.0007698236175887,0.0061,0.0143,0.44268528453262396,0.873324711008597,1.2179347463943901,1.429939295620715,0.21200454922632495,35.648023023207685
2117-01-01,2117-01-01,stage_1_base,pto_base_mlp,468,0.5620701563268892,0,0.07455118066101829,0.0,0.00671131968142035,0.00671131968142035,0.010708975281880492,0.0007698236175887,0.0061,0.0143,0.5133327835507354,0.873324711008597,1.2527146347707687,1.429939295620715,0.17722466084994637,49.39307704699708
2117-04-01,2117-04-01,stage_1_base,pto_base_linear,469,0.3450229812096984,0,0.4083160376663419,0.0,0.009448191508864003,0.009448191508864003,0.008929188445919528,0.0059847799124283,0.0061,0.0143,0.45739026963541346,0.5631373996472735,1.2013213338391648,1.2478661658501753,0.04654483201101045,35.69456785521869
2117-04-01,2117-04-01,stage_1_base,pto_base_mlp,469,0.3450229812096984,0,0.9775620336260763,0.0,0.014116008675733824,0.014116008675733824,0.008929188445919528,0.0059847799124283,0.0061,0.0143,0.41047137483181145,0.5631373996472735,1.1806698790287031,1.2478661658501753,0.06719628682147216,49.46027333381855
2117-07-01,2117-07-01,stage_1_base,pto_base_linear,470,0.4581209121598696,0,0.48443444193561863,0.0,0.010072362423872072,0.010072362423872072,0.00985659147971093,0.007378629195818,0.0061,0.0143,0.44912986205364314,0.5317023193343996,1.1914253038981943,1.2266188170979502,0.03519351319975583,35.72976136841845
2117-07-01,2117-07-01,stage_1_base,pto_base_mlp,470,0.4581209121598696,0,0.9557888175012166,0.0,0.013937468303509974,0.013937468303509974,0.00985659147971093,0.007378629195818,0.0061,0.0143,0.4117786656022722,0.5317023193343996,1.175505711958857,1.2266188170979502,0.05111310513909317,49.51138643895764
2117-10-01,2117-10-01,stage_1_base,pto_base_linear,471,0.3107153906084869,0,0.4899531306857629,0.0,0.010117615671623255,0.010117615671623255,0.008647866202989593,0.0030076529105389,0.0061,0.0143,0.4485628733299866,0.6567262732346544,1.2107902223496871,1.308611089746111,0.09782086739642382,35.82758223581487
2117-10-01,2117-10-01,stage_1_base,pto_base_mlp,471,0.3107153906084869,0,0.913400696201868,0.0,0.013589885708855318,0.013589885708855318,0.008647866202989593,0.0030076529105389,0.0061,0.0143,0.4144087852228007,0.6567262732346544,1.1947404147211178,1.308611089746111,0.11387067502499315,49.625257113982634
2118-01-01,2118-01-01,stage_1_base,pto_base_linear,472,0.5849547723868496,0,0.694944706605689,0.0,0.01179854659416665,0.01179854659416665,0.010896629133572167,0.0062189723293483,0.0061,0.0143,0.4299966290953681,0.5574597888111149,1.1882569431671126,1.2440616243921503,0.05580468122503768,35.883386917039914
2118-01-01,2118-01-01,stage_1_base,pto_base_mlp,472,0.5849547723868496,0,0.9956867619896191,0.0,0.014264631448314878,0.014264631448314878,0.010896629133572167,0.0062189723293483,0.0061,0.0143,0.40940497616822896,0.5574597888111149,1.1792417059012372,1.2440616243921503,0.06481991849091306,49.69007703247355
2118-04-01,2118-04-01,stage_1_base,pto_base_linear,473,0.901783462539422,1,0.8793263231024792,0.0,0.01331047584944033,0.01331047584944033,0.01349462439282326,0.0091136245706202,0.0061,0.0143,0.4166081736266861,0.4994986867444823,1.1703359819384893,1.2042269083271706,0.0338909263886813,35.91727784342859
2118-04-01,2118-04-01,stage_1_base,pto_base_mlp,473,0.901783462539422,1,0.9265225237819197,0.0,0.013697484695011742,0.013697484695011742,0.01349462439282326,0.0091136245706202,0.0061,0.0143,0.4135823123182816,0.4994986867444823,1.1690988169239627,1.2042269083271706,0.03512809140320794,49.72520512387676
2118-07-01,2118-07-01,stage_1_base,pto_base_linear,474,0.8459177378984849,1,0.8154594041792671,0.0,0.01278676711426999,0.01278676711426999,0.013036525450767576,0.0113485973323184,0.0061,0.0143,0.4209483348438156,0.4669511675409649,1.162702435923384,1.1804831760276988,0.01778074010431485,35.93505858353291
2118-07-01,2118-07-01,stage_1_base,pto_base_mlp,474,0.8459177378984849,1,0.9999989943768463,0.0,0.01429999175389014,0.01429999175389014,0.013036525450767576,0.0113485973323184,0.0061,0.0143,0.40915412473911383,0.4669511675409649,1.1581438082843432,1.1804831760276988,0.022339367743355654,49.74754449162011
2118-10-01,2118-10-01,stage_1_base,pto_base_linear,475,0.8268081162271138,1,0.8106895364932347,0.0,0.012747654199244524,0.012747654199244524,0.012879826553062334,0.0231607790212049,0.0061,0.0143,0.4212844254196705,0.3819820275929746,0.08416268227686752,1.1025210004849604,1.0183583182080929,36.953416901741
2118-10-01,2118-10-01,stage_1_base,pto_base_mlp,475,0.8268081162271138,1,0.7929858974219202,0.0,0.012602484358859745,0.012602484358859745,0.012879826553062334,0.0231607790212049,0.0061,0.0143,0.42254697088392096,0.3819820275929746,0.051449056843744456,1.1025210004849604,1.051071943641216,50.79861643526133
2119-01-01,2119-01-01,stage_1_base,pto_base_linear,476,0.5293250275853565,1,0.6231854118012833,0.0,0.011210120376770523,0.011210120376770523,0.010440465226199923,0.0187350488491844,0.0061,0.0143,0.43599079409904096,0.4030076532060703,0.3178878044549538,1.126000145908926,0.8081123414539721,37.76152924319497
2119-01-01,2119-01-01,stage_1_base,pto_base_mlp,476,0.5293250275853565,1,0.16743892074911773,0.0,0.007472999150142765,0.007472999150142765,0.010440465226199923,0.0187350488491844,0.0061,0.0143,0.49169644461843737,0.4030076532060703,-1.0469437856332557,1.126000145908926,2.1729439315421817,52.97156036680351
2119-04-01,2119-04-01,stage_1_base,pto_base_linear,477,0.6216034166222014,1,0.7107321604982001,0.0,0.011928003716085241,0.011928003716085241,0.01119714801630205,0.0144080670823492,0.0061,0.0143,0.4287419515348073,0.4342410944933119,1.1525975477800956,1.154554799052932,0.0019572512728363023,37.763486494467806
2119-04-01,2119-04-01,stage_1_base,pto_base_mlp,477,0.6216034166222014,1,0.40034476365057287,0.0,0.009382827061934697,0.009382827061934697,0.01119714801630205,0.0144080670823492,0.0061,0.0143,0.45830663693856893,0.4342410944933119,0.6089227152516465,1.154554799052932,0.5456320838012854,53.517192450604796
2119-07-01,2119-07-01,stage_1_base,pto_base_linear,478,0.3425284372137315,0,0.4793621437453399,0.0,0.010030769578711787,0.010030769578711787,0.0089087331851526,0.0104178249746765,0.0061,0.0143,0.449654574912805,0.4794445908485258,1.1779830608513608,1.1897745970991094,0.011791536247748535,37.775278030715555
2119-07-01,2119-07-01,stage_1_base,pto_base_mlp,478,0.3425284372137315,0,0.36595633309655656,0.0,0.009100841931391762,0.009100841931391762,0.0089087331851526,0.0104178249746765,0.0061,0.0143,0.4623847847562592,0.4794445908485258,1.183021954792688,1.1897745970991094,0.006752642306421475,53.52394509291122
2119-10-01,2119-10-01,stage_1_base,pto_base_linear,479,0.3684002282494465,0,0.48110518450417766,0.0,0.010045062512934258,0.010045062512934258,0.009120881871645461,0.0058761279502371,0.0061,0.0143,0.4494738702900048,0.5658304699235606,1.198325275423879,1.2496663125676435,0.05134103714376459,37.82661906785932
2119-10-01,2119-10-01,stage_1_base,pto_base_mlp,479,0.3684002282494465,0,0.3530221643319326,0.0,0.008994781747521847,0.008994781747521847,0.009120881871645461,0.0058761279502371,0.0061,0.0143,0.4639744166910086,0.5658304699235606,1.2047234779643745,1.2496663125676435,0.04494283460326898,53.56888792751449
2120-01-01,2120-01-01,stage_1_base,pto_base_linear,480,0.0245369488394909,0,0.06575108759901031,0.0,0.006639158918311885,0.006639158918311885,0.006301202980483826,0.0059708759045057,0.0061,0.0143,0.5159671905737152,0.5634798955353468,1.2271758346297368,1.2480952624584192,0.02091942782868239,37.847538495688006
2120-01-01,2120-01-01,stage_1_base,pto_base_mlp,480,0.0245369488394909,0,1.702493314550814e-05,0.0,0.006100139604451793,0.006100139604451793,0.006301202980483826,0.0059708759045057,0.0061,0.0143,0.535252535868374,0.5634798955353468,1.2356670032417665,1.2480952624584192,0.012428259216652693,53.581316186731144
2120-04-01,2120-04-01,stage_1_base,pto_base_linear,481,0.017585532107722,0,0.05954810050559399,0.0,0.006588294424145871,0.006588294424145871,0.0062442013632833205,0.0036470768004675,0.0061,0.0143,0.5178662433052341,0.631733409978515,1.2400461420355793,1.2928269023531285,0.05278076031754919,37.90031925600555
2120-04-01,2120-04-01,stage_1_base,pto_base_mlp,481,0.017585532107722,0,8.797863627764835e-06,0.0,0.0061000721424817475,0.0061000721424817475,0.0062442013632833205,0.0036470768004675,0.0061,0.0143,0.5352547199366137,0.631733409978515,1.2481062092540913,1.2928269023531285,0.044720693099037145,53.626036879830174
2120-07-01,2120-07-01,stage_1_base,pto_base_linear,482,0.0939120960224061,0,0.17551470297210026,0.0,0.007539220564371222,0.007539220564371222,0.0068700791873837295,0.0066003205033383,0.0061,0.0143,0.49020508860423057,0.548570783217493,1.2127474373305627,1.2380779617287183,0.02533052439815564,37.92564978040371
2120-07-01,2120-07-01,stage_1_base,pto_base_mlp,482,0.0939120960224061,0,0.0001504087890318037,0.0,0.00610123335207006,0.00610123335207006,0.0068700791873837295,0.0066003205033383,0.0061,0.0143,0.5352171184902432,0.548570783217493,1.2322825140360336,1.2380779617287183,0.0057954476926846965,53.631832327522865
2120-10-01,2120-10-01,stage_1_base,pto_base_linear,483,0.527794580928747,0,0.6054722194222998,0.0,0.011064872199262858,0.011064872199262858,0.010427915563615726,0.0074355945165389,0.0061,0.0143,0.43754830240340314,0.5305310134986357,1.1862398336209852,1.2258173718010743,0.039577538180089133,37.9652273185838
2120-10-01,2120-10-01,stage_1_base,pto_base_mlp,483,0.527794580928747,0,0.593134820766221,0.0,0.010963705530283013,0.010963705530283013,0.010427915563615726,0.0074355945165389,0.0061,0.0143,0.43865243339309723,0.5305310134986357,1.186709800412507,1.2258173718010743,0.03910757138856735,53.67093989891143
2121-01-01,2121-01-01,stage_1_base,pto_base_linear,484,0.3193604077690525,0,0.4149616711015888,0.0,0.009502685703033028,0.009502685703033028,0.00871875534370623,0.0028061142625562,0.0061,0.0143,0.45663422710109247,0.6656909417205229,1.2155034353761491,1.314165422400097,0.0986619870239478,38.063889305607745
2121-01-01,2121-01-01,stage_1_base,pto_base_mlp,484,0.3193604077690525,0,0.9550320830941504,0.0,0.013931263081372033,0.013931263081372033,0.00871875534370623,0.0028061142625562,0.0061,0.0143,0.41182462539009324,0.6656909417205229,1.1943560431452567,1.314165422400097,0.11980937925484025,53.79074927816627
2121-04-01,2121-04-01,stage_1_base,pto_base_linear,485,0.256877691264976,0,0.33020535775590076,0.0,0.008807683933598386,0.008807683933598386,0.008206397068372805,0.0055748134533884,0.0061,0.0143,0.4668593927586531,0.5735032255090147,1.2074031561434098,1.254779877783214,0.04737672163980422,38.11126602724755
2121-04-01,2121-04-01,stage_1_base,pto_base_mlp,485,0.256877691264976,0,0.37905241609336643,0.0,0.009208229811965604,0.009208229811965604,0.008206397068372805,0.0055748134533884,0.0061,0.0143,0.4608070447335464,0.5735032255090147,1.204714389242806,1.254779877783214,0.05006548854040793,53.84081476670668
2121-07-01,2121-07-01,stage_1_base,pto_base_linear,486,0.2061416889290108,0,0.36297676312293004,0.0,0.009076409457608025,0.009076409457608025,0.007790361849217889,0.0035375847625601,0.0061,0.0143,0.46274816092116317,0.6357144875049595,1.2150039720308075,1.2953683049091171,0.08036433287830969,38.191630360125856
2121-07-01,2121-07-01,stage_1_base,pto_base_mlp,486,0.2061416889290108,0,8.10706953212818e-05,0.0,0.006100664779701634,0.006100664779701634,0.007790361849217889,0.0035375847625601,0.0061,0.0143,0.5352355315813514,0.6357144875049595,1.2486833551816463,1.2953683049091171,0.04668494972747084,53.88749971643415
2121-10-01,2121-10-01,stage_1_base,pto_base_linear,487,0.5794551495854483,1,0.6316557807899841,0.0,0.01127957740247787,0.01127957740247787,0.010851532226600676,0.0124235401998981,0.0061,0.0143,0.4352572984472637,0.4541356501793138,1.1635542837780455,1.170648100027561,0.00709381624951555,38.19872417637537
2121-10-01,2121-10-01,stage_1_base,pto_base_mlp,487,0.5794551495854483,1,0.5208694150452804,0.0,0.010371129203371299,0.010371129203371299,0.010851532226600676,0.0124235401998981,0.0061,0.0143,0.44545941813957285,0.4541356501793138,1.1673878791829844,1.170648100027561,0.0032602208445766667,53.89075993727872
2122-01-01,2122-01-01,stage_1_base,pto_base_linear,488,0.3305954192071255,0,0.40746150848485085,0.0,0.009441184369575776,0.009441184369575776,0.008810882437498429,0.0057231307663712,0.0061,0.0143,0.4574880156722738,0.569688217674101,1.202561370458736,1.2522401071789524,0.0496787367202165,38.24840291309559
2122-01-01,2122-01-01,stage_1_base,pto_base_mlp,488,0.3305954192071255,0,0.753184084963408,0.0,0.012276109496699945,0.012276109496699945,0.008810882437498429,0.0057231307663712,0.0061,0.0143,0.42547511394339327,0.569688217674101,1.1883870598223494,1.2522401071789524,0.06385304735660302,53.954612984635325
2122-04-01,2122-04-01,stage_1_base,pto_base_linear,489,0.5470397363620714,0,0.5847044407400143,0.0,0.010894576414068116,0.010894576414068116,0.010585725838168985,0.0125899750371255,0.0061,0.0143,0.4394162446832733,0.4522906727788161,1.1643857268269382,1.169202053591308,0.004816326764369716,38.25321923985996
2122-04-01,2122-04-01,stage_1_base,pto_base_mlp,489,0.5470397363620714,0,0.9825621782142352,0.0,0.014157009861356729,0.014157009861356729,0.010585725838168985,0.0125899750371255,0.0061,0.0143,0.41017522454979816,0.4522906727788161,1.153446653895606,1.169202053591308,0.015755399695701833,53.97036838433103
2122-07-01,2122-07-01,stage_1_base,pto_base_linear,490,0.2105625591479136,0,0.29233972420421606,0.0,0.00849718573847457,0.00849718573847457,0.00782661298501289,0.0052783862106077,0.0061,0.0143,0.4718985106074559,0.5813606600546313,1.2110406293917608,1.259993869113094,0.04895323972133325,38.302172479581294
2122-07-01,2122-07-01,stage_1_base,pto_base_mlp,490,0.2105625591479136,0,0.05066853780422952,0.0,0.006515482009994682,0.006515482009994682,0.00782661298501289,0.0052783862106077,0.0061,0.0143,0.5206099441483637,0.5813606600546313,1.2328251685712022,1.259993869113094,0.02716870054189191,53.997537084872924
2122-10-01,2122-10-01,stage_1_base,pto_base_linear,491,0.2158698094338532,0,0.3240361384669403,0.0,0.00875709633542891,0.00875709633542891,0.007870132437357596,0.0071890080944466,0.0061,0.0143,0.4676581157156087,0.5356617945828169,1.2002090780646728,1.2293221275199917,0.029113049455318896,38.33128552903661
2122-10-01,2122-10-01,stage_1_base,pto_base_mlp,491,0.2158698094338532,0,0.5415316063657745,0.0,0.01054055917219935,0.01054055917219935,0.007870132437357596,0.0071890080944466,0.0061,0.0143,0.44345146228018284,0.5356617945828169,1.1898459696218273,1.2293221275199917,0.03947615789816439,54.03701324277109
2123-01-01,2123-01-01,stage_1_base,pto_base_linear,492,0.0266440270958786,0,0.07613887959587805,0.0,0.0067243388126862,0.0067243388126862,0.006318481022186204,0.0005502708990898,0.0061,0.0143,0.5128673809478692,0.946619776697292,1.2536115305256543,1.4681009151924511,0.2144893846667968,38.54577491370341
2123-01-01,2123-01-01,stage_1_base,pto_base_mlp,492,0.0266440270958786,0,1.2666674428132197e-06,0.0,0.006100010386673031,0.006100010386673031,0.006318481022186204,0.0005502708990898,0.0061,0.0143,0.5352567192223007,0.946619776697292,1.2646829976498473,1.4681009151924511,0.20341791754260385,54.24043116031369
2123-04-01,2123-04-01,stage_1_base,pto_base_linear,493,0.2355956910432975,0,0.2808178811105824,0.0,0.008402706625106775,0.008402706625106775,0.00803188466655504,0.0042222951141549,0.0061,0.0143,0.4735011611651467,0.6123072950984253,1.2167579641892305,1.2803002265446572,0.0635422623554267,38.60931717605884
2123-04-01,2123-04-01,stage_1_base,pto_base_mlp,493,0.2355956910432975,0,0.8601834463234768,0.0,0.01315350425985251,0.01315350425985251,0.00803188466655504,0.0042222951141549,0.0061,0.0143,0.4178785215697729,0.6123072950984253,1.1912951963855432,1.2803002265446572,0.0890050301591141,54.329436190472805
2123-07-01,2123-07-01,stage_1_base,pto_base_linear,494,0.6030306559265035,1,0.5763060712116187,0.0,0.010825709783935274,0.010825709783935274,0.01104485137859733,0.0150176037010634,0.0061,0.0143,0.44018482380106444,0.4289537353187401,0.8921621245587488,1.150058295628293,0.2578961710695442,38.867213347128384
2123-07-01,2123-07-01,stage_1_base,pto_base_mlp,494,0.6030306559265035,1,0.24247697545843375,0.0,0.008088311198759158,0.008088311198759158,0.01104485137859733,0.0150176037010634,0.0061,0.0143,0.47910576331256344,0.4289537353187401,-0.001568247935607614,1.150058295628293,1.1516265435639006,55.481062734036705
2123-10-01,2123-10-01,stage_1_base,pto_base_linear,495,0.5457806217625779,1,0.5491973404537879,0.0,0.010603418191721059,0.010603418191721059,0.01057540109845314,0.0199813235812067,0.0061,0.0143,0.44271943161343885,0.396212936819911,-0.04087658285117057,1.1189378794333666,1.1598144622845372,40.02702780941292
2123-10-01,2123-10-01,stage_1_base,pto_base_mlp,495,0.5457806217625779,1,0.919062493640544,0.0,0.013636312447852461,0.013636312447852461,0.01057540109845314,0.0199813235812067,0.0061,0.0143,0.41405080539644096,0.396212936819911,0.6740835956714215,1.1189378794333666,0.44485428376194514,55.92591701779865
2124-01-01,2124-01-01,stage_1_base,pto_base_linear,496,0.2973328437161262,0,0.4068006143288015,0.0,0.009435765037496172,0.009435765037496172,0.008538129318472237,0.0070323276662403,0.0061,0.0143,0.457563676535852,0.5390049884143678,1.196604461252229,1.2315978972845048,0.03499343603227567,40.062021245445194
2124-01-01,2124-01-01,stage_1_base,pto_base_mlp,496,0.2973328437161262,0,0.28365400965172327,0.0,0.008425962879144131,0.008425962879144131,0.008538129318472237,0.0070323276662403,0.0061,0.0143,0.4731034294205973,0.5390049884143678,1.2032815313532224,1.2315978972845048,0.028316365931282395,55.954233383729935
2124-04-01,2124-04-01,stage_1_base,pto_base_linear,497,0.3484271426958515,0,0.4470675928923955,0.0,0.009765954261717643,0.009765954261717643,0.008957102570105983,0.0119116255170105,0.0061,0.0143,0.4530786854401499,0.4600381087914227,1.1725703064130504,1.175221037640939,0.002650731227888725,40.06467197667308
2124-04-01,2124-04-01,stage_1_base,pto_base_mlp,497,0.3484271426958515,0,0.2971840404060708,0.0,0.008536909131329781,0.008536909131329781,0.008957102570105983,0.0119116255170105,0.0061,0.0143,0.47123485830017714,0.4600381087914227,0.9360986329088092,1.175221037640939,0.23912240473212987,56.193355788462064
2124-07-01,2124-07-01,stage_1_base,pto_base_linear,498,0.3247891433216655,1,0.40473545291678176,0.0,0.00941883071391761,0.00941883071391761,0.008763270975237658,0.0197626176835499,0.0061,0.0143,0.45780059413271845,0.3973490667647242,-0.38294375390138247,1.1201479564484962,1.5030917103498787,41.56776368702296
2124-07-01,2124-07-01,stage_1_base,pto_base_mlp,498,0.3247891433216655,1,0.006943905633490469,0.0,0.006156940026194622,0.006156940026194622,0.008763270975237658,0.0197626176835499,0.0061,0.0143,0.533393583431363,0.3973490667647242,-2.2625191769212263,1.1201479564484962,3.3826671333697225,59.576022921831786
2124-10-01,2124-10-01,stage_1_base,pto_base_linear,499,0.23073020514493,1,0.29108824723715954,0.0,0.008486923627344708,0.008486923627344708,0.007991987682188426,0.0095981614600125,0.0061,0.0143,0.4720709243042693,0.4916722772021153,1.1907253326316374,1.198644639581078,0.007919306949440541,41.5756829939724
2124-10-01,2124-10-01,stage_1_base,pto_base_mlp,499,0.23073020514493,1,0.08435841262152695,0.0,0.006791738983496521,0.006791738983496521,0.007991987682188426,0.0095981614600125,0.0061,0.0143,0.5105150290159551,0.4916722772021153,0.8230195457513034,1.198644639581078,0.3756250938297745,59.95164801566156
2087-07-01,2087-07-01,stage_2_delta,pto_delta_linear,350,0.3711056218424092,0,0.03897254167849669,0.003587021782526442,0.006419574841763673,0.010006596624290114,0.009143066099107757,0.0085376630524061,0.009687021782526443,0.017887021782526442,0.46180616047603473,0.5094308695727777,1.1914756263013198,1.2112219436573226,0.01974631735600285,0.01974631735600285
2087-07-01,2087-07-01,stage_2_delta,pto_delta_mlp,350,0.3711056218424092,0,0.9993831917489427,-0.0024935933219047786,0.01429494217234133,0.01180134885043655,0.009143066099107757,0.0085376630524061,0.003606406678095222,0.01180640667809522,0.4327820707105188,0.5094308695727777,1.1794415604067694,1.2112219436573226,0.03178038325055321,0.03178038325055321
2087-10-01,2087-10-01,stage_2_delta,pto_delta_linear,351,0.1255049044923561,0,0.138922315037037,0.0004439295135635179,0.007239162983303703,0.007683092496867221,0.007129140216837321,0.0091736162561477,0.0065439295135635185,0.014743929513563517,0.4892100836716872,0.4985041895686022,1.199726786073424,1.2035212334124583,0.0037944473390343347,0.023540764695037186
2087-10-01,2087-10-01,stage_2_delta,pto_delta_mlp,351,0.1255049044923561,0,0.06413278169690606,0.0022159934998811593,0.006625888809914629,0.008841882309795789,0.007129140216837321,0.0091736162561477,0.00831599349988116,0.01651599349988116,0.47601210026028506,0.4985041895686022,1.194338526719435,1.2035212334124583,0.009182706693023235,0.04096308994357645
2088-01-01,2088-01-01,stage_2_delta,pto_delta_linear,352,0.6227316564038766,1,0.7250339823116491,7.021593807960021e-05,0.012045278654955522,0.012115494593035124,0.011206399582511788,0.0197386292569765,0.006170215938079601,0.0143702159380796,0.42689463461948507,0.3974750753430479,0.38902333999870775,1.1202814061606714,0.7312580661619636,0.7547988308570008
2088-01-01,2088-01-01,stage_2_delta,pto_delta_mlp,352,0.6227316564038766,1,1.9132683660536564e-05,0.0033196540856114207,0.006100156888006017,0.009419810973617437,0.011206399582511788,0.0197386292569765,0.00941965408561142,0.01761965408561142,0.4740889627017481,0.3974750753430479,-0.784048123435608,1.1202814061606714,1.9043295295962794,1.9452926195398559
2088-04-01,2088-04-01,stage_2_delta,pto_delta_linear,353,0.577191532497923,1,0.0025665654742597363,0.006383702854467709,0.00612104583688893,0.01250474869135664,0.010832970566482969,0.007802337352729,0.01248370285446771,0.02068370285446771,0.43531042730802816,0.5231860679222506,1.1836908255838356,1.220772291959353,0.03708146637551746,0.7918802972325183
2088-04-01,2088-04-01,stage_2_delta,pto_delta_mlp,353,0.577191532497923,1,0.9403711999406581,-0.000901897488463612,0.013811043839513397,0.012909146351049785,0.010832970566482969,0.007802337352729,0.005198102511536388,0.013398102511536388,0.4209175793705195,0.5231860679222506,1.177617380165831,1.220772291959353,0.043154911793522155,1.988447531333378
2088-07-01,2088-07-01,stage_2_delta,pto_delta_linear,354,0.5980686345615559,0,0.0024317028828221986,0.0067388641617194866,0.006119939963639142,0.01285880412535863,0.011004162803404759,0.0037155669983386,0.012838864161719487,0.021038864161719486,0.4317122500535748,0.6292947053862423,1.1998155671360118,1.2912654862974977,0.09144991916148593,0.8833302163940042
2088-07-01,2088-07-01,stage_2_delta,pto_delta_mlp,354,0.5980686345615559,0,0.9997069490718672,-0.002325257237045569,0.01429759698238931,0.011972339745343738,0.011004162803404759,0.0037155669983386,0.003774742762954431,0.01197474276295443,0.4309493378715237,0.6292947053862423,1.1994624575582489,1.2912654862974977,0.09180302873924884,2.080250560072627
2088-10-01,2088-10-01,stage_2_delta,pto_delta_linear,355,0.408193930286362,0,0.09521159865083903,0.0024428967778119147,0.006880735108936879,0.009323631886748795,0.009447190228348168,0.0034925501801415,0.008542896777811915,0.016742896777811916,0.46543066946889067,0.6373830810635192,1.2164599350494758,1.296430616585884,0.0799706815364083,0.9633008979304125
2088-10-01,2088-10-01,stage_2_delta,pto_delta_mlp,355,0.408193930286362,0,2.2213168052485526e-06,0.006744505287178363,0.006100018214797803,0.012844523501976166,0.009447190228348168,0.0034925501801415,0.012844505287178364,0.021044505287178362,0.43203358255697927,0.6373830810635192,1.2009278016126241,1.296430616585884,0.09550281497325996,2.175753375045887
2089-01-01,2089-01-01,stage_2_delta,pto_delta_linear,356,0.3494842576794536,0,0.025809092133249115,0.0038040744983069722,0.006311634555492642,0.010115709053799615,0.00896577091297152,0.0094020369283422,0.009904074498306973,0.018104074498306973,0.4617980663321842,0.4947841232879839,1.18748060843517,1.2008722756568813,0.013391667221711367,0.9766925651521239
2089-01-01,2089-01-01,stage_2_delta,pto_delta_mlp,356,0.3494842576794536,0,0.999982943742323,-0.0011923044415482755,0.014299860138687049,0.013107555697138774,0.00896577091297152,0.0094020369283422,0.004907695558451725,0.013107695558451725,0.4196217394941402,0.4947841232879839,1.1703578788404791,1.2008722756568813,0.030514396816402112,2.206267771862289
2089-04-01,2089-04-01,stage_2_delta,pto_delta_linear,357,0.6625743103733209,1,0.020244654378742403,0.005415958586721465,0.006266006165905688,0.011681964752627155,0.011533109345061231,0.0193213620032239,0.011515958586721466,0.019715958586721465,0.4427455850457471,0.3997124659718168,0.05922671067044716,1.1226263404634802,1.063399629793033,2.040092194945157
2089-04-01,2089-04-01,stage_2_delta,pto_delta_mlp,357,0.6625743103733209,1,0.9978504177412537,0.0003026480941554745,0.01428237342547828,0.014585021519633756,0.011533109345061231,0.0193213620032239,0.006402648094155475,0.014602648094155474,0.40682438401235804,0.3997124659718168,0.9468825790991131,1.1226263404634802,0.1757437613643671,2.382011533226656
2089-07-01,2089-07-01,stage_2_delta,pto_delta_linear,358,0.3316717484294871,0,0.19652025236425447,0.0015591128467121727,0.007711466069386886,0.00927057891609906,0.008819708337121795,0.0054484527839639,0.0076591128467121735,0.015859112846712174,0.4615865767092404,0.5768138703836536,1.205643961665502,1.2569795038126186,0.051335542147116664,2.091427737092274
2089-07-01,2089-07-01,stage_2_delta,pto_delta_mlp,358,0.3316717484294871,0,0.9577345762544104,-0.006027277099641356,0.013953423525286163,0.007926146425644808,0.008819708337121795,0.0054484527839639,7.27229003586443e-05,0.008272722900358645,0.48548277316008454,0.5768138703836536,1.2162900869101365,1.2569795038126186,0.04068941690248207,2.422700950129138
2089-10-01,2089-10-01,stage_2_delta,pto_delta_linear,359,0.1391692238972262,0,0.12521598945124407,0.0004159360024530234,0.007126771113500201,0.0075427071159532245,0.007241187635957255,0.0121098598790622,0.006515936002453024,0.014715936002453023,0.4925348539134021,0.4577107225785077,0.4257895873258344,1.173427234133553,0.7476376468077186,2.8390653838999924
2089-10-01,2089-10-01,stage_2_delta,pto_delta_mlp,359,0.1391692238972262,0,0.6074233900696562,-0.0018547484096343187,0.011080871798571179,0.00922612338893686,0.007241187635957255,0.0121098598790622,0.004245251590365682,0.012445251590365681,0.46144680406111044,0.4577107225785077,1.0932176441342458,1.173427234133553,0.08020958999930716,2.502910540128445
2090-01-01,2090-01-01,stage_2_delta,pto_delta_linear,360,0.7203814067117954,1,0.0016217127066250742,0.007190620525633826,0.006113298044194325,0.01330391856982815,0.012007127535036723,0.0140504300079007,0.013290620525633828,0.021490620525633827,0.4274345255952508,0.4375097374113003,1.1536608739492622,1.1572828692729251,0.0036219953236629188,2.842687379223655
2090-01-01,2090-01-01,stage_2_delta,pto_delta_mlp,360,0.7203814067117954,1,0.9989965718693118,-0.0034698283035512127,0.014291771889328357,0.010821943585777144,0.012007127535036723,0.0140504300079007,0.0026301716964487877,0.010830171696448787,0.44402132022787855,0.4375097374113003,1.0107910011226902,1.1572828692729251,0.14649186815023496,2.6494024082786805
2090-04-01,2090-04-01,stage_2_delta,pto_delta_linear,361,0.6870562492905605,1,0.0036918007642779216,0.006683293037399186,0.006130272766267078,0.012813565803666264,0.011733861244182596,0.0156236270929342,0.012783293037399186,0.020983293037399188,0.432069951938095,0.424026278828052,0.9588325181327835,1.1457648548338857,0.1869323367011022,3.029619715924757
2090-04-01,2090-04-01,stage_2_delta,pto_delta_mlp,361,0.6870562492905605,1,0.7318826014510531,0.003105552177255434,0.012101437331898635,0.015206989509154067,0.011733861244182596,0.0156236270929342,0.009205552177255435,0.017405552177255434,0.399824760103166,0.424026278828052,1.1374452505078456,1.1457648548338857,0.008319604326040064,2.6577220126047205
2090-07-01,2090-07-01,stage_2_delta,pto_delta_linear,362,0.6227797774765609,1,0.01654779238118994,0.005331694132608594,0.006235691897525757,0.01156738603013435,0.0112067941753078,0.0063592633104334,0.011431694132608593,0.019631694132608596,0.44441694757781713,0.5541394539710878,1.1939468298962443,1.241830540000524,0.04788371010427972,3.077503426029037
2090-07-01,2090-07-01,stage_2_delta,pto_delta_mlp,362,0.6227797774765609,1,0.9992726960698624,0.001755616735449487,0.014294036107772872,0.01604965284322236,0.0112067941753078,0.0063592633104334,0.007855616735449487,0.016055616735449488,0.39599249646894585,0.5541394539710878,1.172814042694454,1.241830540000524,0.06901649730607007,2.72673850991079
2090-10-01,2090-10-01,stage_2_delta,pto_delta_linear,363,0.2303018441253741,0,0.013907320185875356,0.004188416124335622,0.006214040025524178,0.0104024561498598,0.007988475121828069,0.0127165819276292,0.010288416124335623,0.018488416124335622,0.45910012567372566,0.4509106076413387,0.9895467032185705,1.1681148869795877,0.17856818376101713,3.2560716097900544
2090-10-01,2090-10-01,stage_2_delta,pto_delta_mlp,363,0.2303018441253741,0,0.9999939687972127,-0.0049511079328988985,0.014299950544137144,0.009348842611238245,0.007988475121828069,0.0127165819276292,0.001148892067101102,0.009348892067101102,0.46357734742839907,0.4509106076413387,0.8919230765451518,1.1681148869795877,0.27619181043443586,3.002930320345226
2091-01-01,2091-01-01,stage_2_delta,pto_delta_linear,364,0.1752665720156663,0,0.021303107869298912,0.0033685048861188138,0.00627468548452825,0.009643190370647065,0.0075371858905284635,0.0058437271256806,0.009468504886118815,0.017668504886118815,0.4689358084814816,0.5666409901801169,1.2070645751984788,1.2502075418416774,0.04314296664319861,3.2992145764332528
2091-01-01,2091-01-01,stage_2_delta,pto_delta_mlp,364,0.1752665720156663,0,5.53568968985548e-06,0.003688254152744867,0.006100045392655457,0.009788299545400322,0.0075371858905284635,0.0058437271256806,0.009788254152744867,0.017988254152744867,0.46870380701460546,0.5666409901801169,1.2069621319976926,1.2502075418416774,0.04324540984398473,3.046175730189211
2091-04-01,2091-04-01,stage_2_delta,pto_delta_linear,365,0.3194311647530384,1,0.05657208143688629,0.0031294397991983892,0.006563891067782467,0.009693330866980855,0.008719335550974915,0.0164707347170233,0.00922943979919839,0.01742943979919839,0.46406019445979163,0.4176397031209112,0.044100082631631565,1.1400315239864462,1.0959314413548147,4.3951460177880675
2091-04-01,2091-04-01,stage_2_delta,pto_delta_mlp,365,0.3194311647530384,1,0.06455018004194839,0.0026213137817668497,0.006629311476343976,0.009250625258110826,0.008719335550974915,0.0164707347170233,0.00872131378176685,0.01692131378176685,0.4696223145047442,0.4176397031209112,-0.08721484432913917,1.1400315239864462,1.2272463683155854,4.273422098504796
2091-07-01,2091-07-01,stage_2_delta,pto_delta_linear,366,0.5669841697459996,1,0.06290356408101662,0.003503050742815828,0.006615809225464337,0.010118859968280165,0.010749270191917197,0.02240207260845,0.009603050742815828,0.017803050742815827,0.4573408560844126,0.3850263295957752,-0.7519540995018728,1.106259286880192,1.8582133863820647,6.253359404170132
2091-07-01,2091-07-01,stage_2_delta,pto_delta_mlp,366,0.5669841697459996,1,0.9388607750004248,-0.004669684795805576,0.013798658355003482,0.009128973559197905,0.010749270191917197,0.02240207260845,0.001430315204194424,0.009630315204194424,0.4660781903207606,0.3850263295957752,-0.9764709987281595,1.106259286880192,2.0827302856083514,6.356152384113148
2091-10-01,2091-10-01,stage_2_delta,pto_delta_linear,367,0.7053796487209866,1,0.03397702666056231,0.00457990228985465,0.006378611618616611,0.010958513908471261,0.011884113119512091,0.0248279499677518,0.01067990228985465,0.01887990228985465,0.4498888298394128,0.3759423091101022,-0.8537182865879875,1.094632386141584,1.9483506727295716,8.201710076899705
2091-10-01,2091-10-01,stage_2_delta,pto_delta_mlp,367,0.7053796487209866,1,0.03746438249992333,-0.006497692778423315,0.006407207936499371,-9.048484192394457e-05,0.011884113119512091,0.0248279499677518,-0.00039769277842331436,0.0078023072215766855,0.9999999700466811,0.3759423091101022,-15.348104565656701,1.094632386141584,16.442736951798285,22.798889335911433
2092-01-01,2092-01-01,stage_2_delta,pto_delta_linear,368,0.7448739048079982,1,0.020561045929427858,0.005388672970870047,0.006268600576621308,0.011657273547491355,0.012207966019425585,0.0248189898494929,0.011488672970870048,0.01968867297087005,0.44299668616585147,0.3759725720334992,-0.6711351288441554,1.094673691526878,1.7658088203710334,9.967518897270738
2092-01-01,2092-01-01,stage_2_delta,pto_delta_mlp,368,0.7448739048079982,1,0.9987719693512304,0.0020517131715474682,0.014289930148680088,0.016341643320227556,0.012207966019425585,0.0248189898494929,0.008151713171547469,0.016351713171547468,0.3940127688897958,0.3759725720334992,0.6193890116794016,1.094673691526878,0.47528467984747635,23.27417401575891
2092-04-01,2092-04-01,stage_2_delta,pto_delta_linear,369,0.4047335189338678,0,0.3832808169847415,0.0003313822140809488,0.00924290269927488,0.009574284913355829,0.009418814855257716,0.0087580469589406,0.006431382214080949,0.01463138221408095,0.45562415659709543,0.5055467099473678,1.187908300707497,1.208497336717114,0.020589036009616812,9.988107933280354
2092-04-01,2092-04-01,stage_2_delta,pto_delta_mlp,369,0.4047335189338678,0,0.31813155323146247,0.0018295849085839721,0.008708678736497992,0.010538263645081964,0.009418814855257716,0.0087580469589406,0.007929584908583972,0.01612958490858397,0.4431483309336725,0.5055467099473678,1.1827630265459037,1.208497336717114,0.025734310171210195,23.29990832593012
2092-07-01,2092-07-01,stage_2_delta,pto_delta_linear,370,0.190619231205563,0,0.5383147201320158,-0.002013899111057588,0.01051418070508253,0.00850028159402494,0.007663077695885617,0.0028097155736341,0.004086100888942412,0.012286100888942412,0.4719528225892314,0.6655248657129771,1.2227158793381203,1.314063077058143,0.09134719772002264,10.079455131000376
2092-07-01,2092-07-01,stage_2_delta,pto_delta_mlp,370,0.190619231205563,0,6.921308241014367e-06,0.0034324624557669392,0.006100056754727576,0.009532519210494516,0.007663077695885617,0.0028097155736341,0.00953246245576694,0.01773246245576694,0.4724169330652514,0.6655248657129771,1.2229348943918068,1.314063077058143,0.09112818266633615,23.391036508596457
2092-10-01,2092-10-01,stage_2_delta,pto_delta_linear,371,0.5145856758927825,0,0.23213019221960818,0.001775220631191052,0.008003467576200787,0.009778688207391839,0.010319602542320817,0.0189500311617866,0.007875220631191053,0.016075220631191052,0.453771001719899,0.4017782054361598,-0.1531708765459583,1.1247520075866604,1.2779228841326187,11.357378015132996
2092-10-01,2092-10-01,stage_2_delta,pto_delta_mlp,371,0.5145856758927825,0,0.05351320153466346,0.0001970647556325599,0.006538808252584241,0.0067358730082168,0.010319602542320817,0.0189500311617866,0.006297064755632561,0.01449706475563256,0.5156176537212138,0.4017782054361598,-1.6732906622935826,1.1247520075866604,2.798042669880243,26.1890791784767
2093-01-01,2093-01-01,stage_2_delta,pto_delta_linear,372,0.391838934239769,1,0.21646364202072257,0.0014765977574992934,0.007875001864569926,0.009351599622069218,0.009313079260766105,0.0312637613408725,0.007576597757499293,0.015776597757499292,0.4600009728704277,0.3589804218853145,-1.7279093953463265,1.067259428583975,2.795168823930301,14.152546839063296
2093-01-01,2093-01-01,stage_2_delta,pto_delta_mlp,372,0.391838934239769,1,0.9947184747630056,-0.0052037620500894775,0.014256691493056644,0.009052929442967166,0.009313079260766105,0.0312637613408725,0.0008962379499105229,0.009096237949910522,0.4678711587210325,0.3589804218853145,-1.945672005294655,1.067259428583975,3.01293143387863,29.20201061235533
2093-04-01,2093-04-01,stage_2_delta,pto_delta_linear,373,0.6237993609909843,1,0.04789643259697877,0.004972989754781058,0.006492750747295226,0.011465740502076285,0.011215154760126071,0.0242166646648832,0.011072989754781059,0.019272989754781058,0.4421147053446832,0.3780594910993101,-0.5803234082294471,1.097476346356371,1.677799754585818,15.830346593649114
2093-04-01,2093-04-01,stage_2_delta,pto_delta_mlp,373,0.6237993609909843,1,0.9987111328155291,-0.005344180945037581,0.014289431289087337,0.008945250344049756,0.011215154760126071,0.0242166646648832,0.0007558190549624196,0.00895581905496242,0.4695437905568517,0.3780594910993101,-1.2987742394479123,1.097476346356371,2.3962505858042835,31.598261198159612
2093-07-01,2093-07-01,stage_2_delta,pto_delta_linear,374,0.3069026810197787,0,0.1676091233138287,0.0017699843294140746,0.007474394811173395,0.00924437914058747,0.008616601984362185,0.0082425826055764,0.007869984329414076,0.016069984329414075,0.46276939229404673,0.514800371033679,1.1932405467138627,1.2149673396805745,0.02172679296671176,15.852073386615826
2093-07-01,2093-07-01,stage_2_delta,pto_delta_mlp,374,0.3069026810197787,0,0.9999601829563114,-0.006208287045260161,0.014299673500241755,0.008091386454981593,0.008616601984362185,0.0082425826055764,-0.00010828704526016052,0.00809171295473984,0.4832150751790393,0.514800371033679,1.2017781358552893,1.2149673396805745,0.013189203825285212,31.611450401984897
2093-10-01,2093-10-01,stage_2_delta,pto_delta_linear,375,0.156701791980404,1,0.28952173767373873,-0.0003127598277858364,0.008474078248924656,0.00816131842113882,0.007384954694239313,0.0117018206978197,0.005787240172214164,0.013987240172214165,0.47733834452530205,0.4625608033195161,0.8633397104284244,1.1771523658369136,0.31381265540848924,16.165886042024315
2093-10-01,2093-10-01,stage_2_delta,pto_delta_mlp,375,0.156701791980404,1,0.2595098468372446,-0.0024332253579884924,0.008227980744065406,0.005794755386076913,0.007384954694239313,0.0117018206978197,0.003666774642011508,0.011866774642011508,0.5228728226483488,0.4625608033195161,-0.10362123350175012,1.1771523658369136,1.2807735993386637,32.89222400132356
2094-01-01,2094-01-01,stage_2_delta,pto_delta_linear,376,0.1186211224922356,0,0.6467419774900558,-0.002899858357773184,0.011403284215418457,0.008503425857645273,0.007072693204436332,0.0063712765591615,0.0032001416422268165,0.011400141642226816,0.47267126551448313,0.5538578858842726,1.2062204392156253,1.241641125287724,0.035420686072098695,16.201306728096412
2094-01-01,2094-01-01,stage_2_delta,pto_delta_mlp,376,0.1186211224922356,0,0.9999985358111488,-0.007146863717461725,0.01429998799365142,0.007153124276189694,0.007072693204436332,0.0063712765591615,-0.0010468637174617249,0.007153136282538275,0.4999398206540536,0.5538578858842726,1.218117361723781,1.241641125287724,0.023523763563942923,32.915747764887506
2094-04-01,2094-04-01,stage_2_delta,pto_delta_linear,377,0.1076113957612487,0,0.3921644835429298,-0.0013330198383670082,0.009315748765052024,0.007982728926685017,0.0069824134452422405,0.0085034181647865,0.004766980161632992,0.012966980161632991,0.4798962305614921,0.510043991690318,1.1991405320390545,1.211650822407362,0.012510290368307642,16.21381701846472
2094-04-01,2094-04-01,stage_2_delta,pto_delta_mlp,377,0.1076113957612487,0,9.23814786049275e-06,0.0010603476168727015,0.006100075752812456,0.0071604233696851574,0.0069824134452422405,0.0085034181647865,0.007160347616872701,0.015360347616872702,0.5129525040190147,0.510043991690318,1.1558330437334385,1.211650822407362,0.05581777867392357,32.971565543561425
2094-07-01,2094-07-01,stage_2_delta,pto_delta_linear,378,0.0854928993932088,0,0.12304428812845714,0.00040286536480869635,0.007108963162653348,0.0075118285274620444,0.006801041775024312,-0.0016428991533265,0.006502865364808697,0.014702865364808696,0.493238666384843,0.9999999700466812,1.254722747066337,1.5164289760645036,0.26170622899816665,16.47552324746289
2094-07-01,2094-07-01,stage_2_delta,pto_delta_mlp,378,0.0854928993932088,0,0.8480704782207683,-0.00440756970168462,0.013054177921410299,0.00864660821972568,0.006801041775024312,-0.0016428991533265,0.0016924302983153802,0.00989243029831538,0.4723906693532745,0.9999999700466812,1.2439562369838355,1.5164289760645036,0.27247273908066805,33.244038282642094
2094-10-01,2094-10-01,stage_2_delta,pto_delta_linear,379,0.0765625278427474,0,0.3506386445101113,-0.0019283470189869754,0.008975236884982913,0.007046889865995937,0.00672781272831053,0.0032544515080945,0.004171652981013025,0.012371652981013025,0.49657649028593165,0.6465403428496972,1.2321274040660126,1.3022288294865367,0.07010142542052411,16.545624672883413
2094-10-01,2094-10-01,stage_2_delta,pto_delta_mlp,379,0.0765625278427474,0,1.0041582347235929e-06,-0.0015530646947390268,0.006100008234097525,0.0045469435393584974,0.00672781272831053,0.0032544515080945,0.004546935305260974,0.012746935305260974,0.5739915425511363,0.6465403428496972,1.2683154948626778,1.3022288294865367,0.033913334623858926,33.277951617265956
2095-01-01,2095-01-01,stage_2_delta,pto_delta_linear,380,0.0870654698347467,0,0.32036667849897893,-0.0015319556548420502,0.008727006763691626,0.007195051108849577,0.006813936852644923,0.0015908139376222,0.00456804434515795,0.01276804434515795,0.4939625707039521,0.7440516312974419,1.2391232599305808,1.3601893365705473,0.12106607663996649,16.66669074952338
2095-01-01,2095-01-01,stage_2_delta,pto_delta_mlp,380,0.0870654698347467,0,3.293754445648177e-06,0.0014129911053653475,0.006100027008786454,0.0075130181141518015,0.006813936852644923,0.0015908139376222,0.007512991105365348,0.015712991105365347,0.5061601104699681,0.7440516312974419,1.245027989650944,1.3601893365705473,0.11516134691960334,33.393112964185555
2095-04-01,2095-04-01,stage_2_delta,pto_delta_linear,381,0.4039225817447958,1,0.08874646758915077,0.0037500942425189297,0.006827721034231036,0.010577815276749964,0.009412165170307326,0.0249725109971228,0.00985009424251893,0.01805009424251893,0.44870003550428444,0.3754571111988258,-0.8384682580877776,1.0939674872158065,1.932435745303584,18.59912649482696
2095-04-01,2095-04-01,stage_2_delta,pto_delta_mlp,381,0.4039225817447958,1,0.999375227707264,-0.004673106493136934,0.014294876867199564,0.00962177037406263,0.009412165170307326,0.0249725109971228,0.0014268935068630665,0.009626893506863066,0.4596857593919589,0.3754571111988258,-1.1283147774672242,1.0939674872158065,2.222282264683031,35.615395228868586
2095-07-01,2095-07-01,stage_2_delta,pto_delta_linear,382,0.2411818529383229,1,0.07589572111422994,0.0029287470585438622,0.006722344913136685,0.009651091971680547,0.008077691194094247,0.0119235280701701,0.009028747058543863,0.017228747058543863,0.4624510753942518,0.4598968544611977,1.1205461405966035,1.1751124966950883,0.054566356098484814,18.65369285092545
2095-07-01,2095-07-01,stage_2_delta,pto_delta_mlp,382,0.2411818529383229,1,0.4483182709287038,-0.001375537298557908,0.009776209821615372,0.008400672523057463,0.008077691194094247,0.0119235280701701,0.004724462701442092,0.012924462701442093,0.47314198270127206,0.4598968544611977,0.8921537093219611,1.1751124966950883,0.2829587873731272,35.89835401624172
2095-10-01,2095-10-01,stage_2_delta,pto_delta_linear,383,0.3117587477279575,0,0.022200806835878228,0.004718437936047917,0.006282046616054201,0.011000484552102119,0.00865642173136925,-0.0033198760107638,0.010818437936047916,0.01901843793604792,0.4506466189495227,0.9999999700466812,1.2402842184705847,1.5331987441365658,0.2929145256659811,18.94660737659143
2095-10-01,2095-10-01,stage_2_delta,pto_delta_mlp,383,0.3117587477279575,0,0.9999986949816292,0.0004692048443596069,0.014299989298849358,0.014769194143208965,0.00865642173136925,-0.0033198760107638,0.006569204844359607,0.014769204844359608,0.4053884636519189,0.9999999700466812,1.2161526261811435,1.5331987441365658,0.31704611795542226,36.21540013419714
2096-01-01,2096-01-01,stage_2_delta,pto_delta_linear,384,0.5128719450324972,1,0.013686121464307931,0.006010092312581146,0.0062122261960073245,0.01222231850858847,0.010305549949266479,0.0176797791393385,0.012110092312581146,0.020310092312581147,0.43737981711739493,0.4094235821564938,0.45854302426409155,1.1323266060086106,0.673783581744519,19.620390958335946
2096-01-01,2096-01-01,stage_2_delta,pto_delta_mlp,384,0.5128719450324972,1,0.9999987799286474,-0.003719123122913148,0.014299989995414908,0.01058086687250176,0.010305549949266479,0.0176797791393385,0.0023808768770868525,0.010580876877086852,0.44700234179041615,0.4094235821564938,0.22662690498101057,1.1323266060086106,0.9056997010276,37.12109983522474
2096-04-01,2096-04-01,stage_2_delta,pto_delta_linear,385,0.511644946882905,1,0.008109328378549354,0.006404243504957002,0.0061664964927041046,0.012570739997661107,0.010295488564439821,0.0096165535842036,0.012504243504957002,0.020704243504957004,0.4341914680802254,0.4913842711225017,1.1753414788541376,1.1984379038244068,0.023096424970269203,19.643487383306216
2096-04-01,2096-04-01,stage_2_delta,pto_delta_mlp,385,0.511644946882905,1,0.9998050093724223,-0.004837522239284279,0.014298401076853864,0.009460878837569584,0.010295488564439821,0.0096165535842036,0.001262477760715721,0.00946247776071572,0.46196523237336273,0.4913842711225017,1.1865574820751061,1.1984379038244068,0.011880421749300707,37.13298025697404
2096-07-01,2096-07-01,stage_2_delta,pto_delta_linear,386,0.4569227129616854,0,0.007418711971283914,0.006205906726605177,0.006160833438164528,0.012366740164769706,0.009846766246285821,0.0026085994890054,0.012305906726605177,0.020505906726605176,0.4363769769563771,0.6751755510686981,1.2068051608871673,1.319975149559281,0.11316998867211381,19.75665737197833
2096-07-01,2096-07-01,stage_2_delta,pto_delta_mlp,386,0.4569227129616854,0,0.09070906733879813,-0.0028071724683228706,0.006843814352178144,0.004036641883855274,0.009846766246285821,0.0026085994890054,0.0032928275316771297,0.01149282753167713,0.5770187459205497,0.6751755510686981,1.273457264902726,1.319975149559281,0.04651788465655504,37.179498141630596
2096-10-01,2096-10-01,stage_2_delta,pto_delta_linear,387,0.0591472899960912,0,0.2374943258384144,-0.0010798954719691547,0.008047453471874999,0.006967557999905843,0.006585007777967948,0.0077649157092696,0.005020104528030846,0.013220104528030845,0.4991945946587809,0.5239202486097482,1.210835257828906,1.2212781586165309,0.010442900787624776,19.767100272765955
2096-10-01,2096-10-01,stage_2_delta,pto_delta_mlp,387,0.0591472899960912,0,2.0449408729768993e-06,0.0019231160750652519,0.006100016768515158,0.008023132843580411,0.006585007777967948,0.0077649157092696,0.008023116075065253,0.016223116075065252,0.4968374772765405,0.5239202486097482,1.2098397273156853,1.2212781586165309,0.011438431300845542,37.19093657293144
2097-01-01,2097-01-01,stage_2_delta,pto_delta_linear,388,0.0516874538928286,0,0.5230771663292406,-0.002827578241204483,0.010389232763899772,0.007561654522695289,0.006523837121921196,0.0073834368059904,0.0032724217587955175,0.011472421758795518,0.4875170079676242,0.5316031485698148,1.2077629937820675,1.2265509917515998,0.018787997969532233,19.785888270735487
2097-01-01,2097-01-01,stage_2_delta,pto_delta_mlp,388,0.0516874538928286,0,0.04528061104976793,0.0010025205287190785,0.006471301010608097,0.007473821539327175,0.006523837121921196,0.0073834368059904,0.007102520528719079,0.015302520528719079,0.5021533933334806,0.5316031485698148,1.2140005182008264,1.2265509917515998,0.012550473550773322,37.203487046482216
2097-04-01,2097-04-01,stage_2_delta,pto_delta_linear,389,0.0214888263620893,0,0.19878844000047696,-0.0024475215080223766,0.007730065208003911,0.005282543699981534,0.0062762083761691324,0.0098539547329289,0.003652478491977624,0.011852478491977623,0.5360648726066767,0.4877244364320752,0.22406657383150708,1.1958020730285883,0.9717354991970812,20.757623769932568
2097-04-01,2097-04-01,stage_2_delta,pto_delta_mlp,389,0.0214888263620893,0,0.4354370405351308,-0.005721007849596144,0.009670583732388072,0.003949575882791928,0.0062762083761691324,0.0098539547329289,0.0003789921504038568,0.008578992150403857,0.5679637234790981,0.4877244364320752,-0.4171615889112128,1.1958020730285883,1.6129636619398011,38.81645070842201
2097-07-01,2097-07-01,stage_2_delta,pto_delta_linear,390,0.1540084804889345,0,0.1149109613410805,0.0018205437783988137,0.00704226988299686,0.008862813661395675,0.007362869540009262,0.0092600116773932,0.007920543778398815,0.016120543778398815,0.4709788012407573,0.4970848397416821,1.191876708627438,1.2025123056642095,0.010635597036771527,20.76825936696934
2097-07-01,2097-07-01,stage_2_delta,pto_delta_mlp,390,0.1540084804889345,0,0.9965697707326686,-0.005308392289964087,0.014271872120007882,0.008963479830043796,0.007362869540009262,0.0092600116773932,0.0007916077100359135,0.008991607710035914,0.4692412802571291,0.4970848397416821,1.191168842781605,1.2025123056642095,0.011343462882604571,38.82779417130462
2097-10-01,2097-10-01,stage_2_delta,pto_delta_linear,391,0.0569839015669128,0,0.15334579703773185,1.2532425910992533e-05,0.007357435535709401,0.007369967961620394,0.006567267992848685,0.0108914137153177,0.006112532425910993,0.014312532425910993,0.4941727482441359,0.4729138195900702,0.7437335659319402,1.184949909186569,0.4412163432546288,21.20947571022397
2097-10-01,2097-10-01,stage_2_delta,pto_delta_mlp,391,0.0569839015669128,0,0.031509742622246144,0.000194740130923746,0.006358379889502418,0.006553120020426164,0.006567267992848685,0.0108914137153177,0.006294740130923747,0.014494740130923747,0.5222619947366688,0.4729138195900702,0.16075767949697073,1.184949909186569,1.0241922296895982,39.851986400994214
2098-01-01,2098-01-01,stage_2_delta,pto_delta_linear,392,0.027169101729854,0,0.5704628278826225,-0.0037016909405318725,0.010777795188637505,0.007076104248105632,0.006322786634184804,0.0060919427199619,0.002398309059468128,0.010598309059468129,0.496637892354688,0.560518138154828,1.2180640502494704,1.2461126251660246,0.028048574916554214,21.237524285140523
2098-01-01,2098-01-01,stage_2_delta,pto_delta_mlp,392,0.027169101729854,0,0.024202266955066946,-0.0016740547789219678,0.006298458589031549,0.004624403810109581,0.006322786634184804,0.0060919427199619,0.004425945221078032,0.012625945221078032,0.5694509570584182,0.560518138154828,1.0906678432328805,1.2461126251660246,0.15544478193314415,40.00743118292736
2098-04-01,2098-04-01,stage_2_delta,pto_delta_linear,393,0.0163733051273228,0,0.5960613220115423,-0.004683999082620197,0.010987702840494646,0.006303703757874451,0.006234261102044047,0.00737456098343,0.0014160009173798038,0.009616000917379804,0.5119920372537209,0.5317862844585504,1.2182388536092792,1.2266762383803629,0.008437384771083689,21.24596166991161
2098-04-01,2098-04-01,stage_2_delta,pto_delta_mlp,393,0.0163733051273228,0,0.03839942012137905,0.0006037495884031524,0.006414875244995308,0.00701862483339846,0.006234261102044047,0.00737456098343,0.006703749588403153,0.014903749588403153,0.5118611582664758,0.5317862844585504,1.2181830658663855,1.2266762383803629,0.00849317251397741,40.015924355441335
2098-07-01,2098-07-01,stage_2_delta,pto_delta_linear,394,0.0339297758315942,0,0.12574423735949117,-0.0003989925245232609,0.0071311027463478276,0.006732110221824567,0.006378224161819073,0.0082483575480606,0.00570100747547674,0.01390100747547674,0.5080032217302497,0.514693378649773,1.2120996887811468,1.21489293917766,0.002793250396513125,21.24875492030812
2098-07-01,2098-07-01,stage_2_delta,pto_delta_mlp,394,0.0339297758315942,0,0.30875396815865463,-0.0010631825047616376,0.008631782538900967,0.00756860003413933,0.006378224161819073,0.0082483575480606,0.005036817495238363,0.013236817495238362,0.48729333709195183,0.514693378649773,1.2034529717947555,1.21489293917766,0.011439967382904426,40.02736432282424
2098-10-01,2098-10-01,stage_2_delta,pto_delta_linear,395,0.019012795487407,0,0.4972234722872781,-0.004166492796018735,0.01017723247275568,0.0060107396767369444,0.006255904922996739,0.0066949581290423,0.0019335072039812651,0.010133507203981266,0.5174635442898964,0.5464305492379792,1.2240878045216814,1.236631978143211,0.012544173621529486,21.26129909392965
2098-10-01,2098-10-01,stage_2_delta,pto_delta_mlp,395,0.019012795487407,0,0.009470778366359945,-8.917887541659745e-05,0.006177660382604151,0.006088481507187553,0.006255904922996739,0.0066949581290423,0.006010821124583403,0.014210821124583403,0.5346970558110782,0.5464305492379792,1.2315507839017654,1.236631978143211,0.005081194241445486,40.03244551706569
2099-01-01,2099-01-01,stage_2_delta,pto_delta_linear,396,0.0065398598233605,0,0.6470190931513276,-0.006018176706594507,0.011405556563840884,0.0053873798572463775,0.006153626850551557,0.0044317838983482,8.182329340549344e-05,0.008281823293405493,0.5324468683539366,0.6057465116356286,1.2426265395979992,1.27602787945034,0.03340133985234073,21.29470043378199
2099-01-01,2099-01-01,stage_2_delta,pto_delta_mlp,396,0.0065398598233605,0,1.0485413274512586e-06,-0.00025764864869090695,0.006100008598038885,0.005842359949347978,0.006153626850551557,0.0044317838983482,0.005842351351309094,0.014042351351309093,0.5411377994091213,0.6057465116356286,1.2465868418424715,1.27602787945034,0.029441037607868425,40.061886554673556
2099-04-01,2099-04-01,stage_2_delta,pto_delta_linear,397,0.0176105538471707,0,0.30929660629660966,-0.0034601836723139046,0.008636232171632199,0.005176048499318294,0.0062444065415468,0.0047037413557729,0.002639816327686096,0.010839816327686096,0.5363984528229787,0.5975662510814739,1.242968430554329,1.2706751546604755,0.027706724106146607,21.322407157888136
2099-04-01,2099-04-01,stage_2_delta,pto_delta_mlp,397,0.0176105538471707,0,0.4493726762700249,-0.003597577757747834,0.009784855945414204,0.0061872781876663695,0.0062444065415468,0.0047037413557729,0.0025024222422521665,0.010702422242252166,0.5135608836976192,0.5975662510814739,1.232623866175252,1.2706751546604755,0.038051288485223544,40.09993784315878
2099-07-01,2099-07-01,stage_2_delta,pto_delta_linear,398,0.0610744555310395,0,0.151949114300806,-0.0004154090075658783,0.007345982737266609,0.006930573729700731,0.006600810535354524,0.0026662547270141,0.0056845909924341225,0.013884590992434121,0.502561325126778,0.6723265906686098,1.2378810974760515,1.31823735582963,0.08035625835357862,21.402763416241715
2099-07-01,2099-07-01,stage_2_delta,pto_delta_mlp,398,0.0610744555310395,0,0.004644925241939671,0.0002912175611277577,0.006138088386983906,0.006429305948111664,0.006600810535354524,0.0026662547270141,0.006391217561127758,0.014591217561127757,0.5276281520906791,0.6723265906686098,1.2497461654991646,1.31823735582963,0.06849119033046547,40.16842903348925
2099-10-01,2099-10-01,stage_2_delta,pto_delta_linear,399,0.3402497336986335,0,0.242497842509578,0.0014807643489219468,0.008088482308578539,0.009569246657500486,0.008890047816328794,0.0078707906856212,0.007580764348921947,0.015780764348921946,0.45650874706419287,0.5218518686477946,1.192323525589122,1.219852066053626,0.027528540464504037,21.43029195670622
2099-10-01,2099-10-01,stage_2_delta,pto_delta_mlp,399,0.3402497336986335,0,0.21880253889728668,0.0017252592042503628,0.00789418081895775,0.009619440023208112,0.008890047816328794,0.0078707906856212,0.007825259204250362,0.016025259204250363,0.4561773608974375,0.5218518686477946,1.1921839152172906,1.219852066053626,0.027668150836335448,40.19609718432558
2100-01-01,2100-01-01,stage_2_delta,pto_delta_linear,400,0.1503960036238094,0,0.6637192473150505,-0.002836253875050497,0.011542497827983413,0.008706243952932917,0.0073332472297152375,0.0057051362688423,0.0032637461249495035,0.011463746124949502,0.4696496091793104,0.570147067216842,1.2080306543998902,1.252545866490892,0.04451521209100173,21.47480716879722
2100-01-01,2100-01-01,stage_2_delta,pto_delta_mlp,400,0.1503960036238094,0,0.00022203502346091681,0.00564101073664909,0.006101820687192379,0.011742831423841471,0.0073332472297152375,0.0057051362688423,0.01174101073664909,0.01994101073664909,0.4437603704459099,0.570147067216842,1.1965630513818963,1.252545866490892,0.05598281510899561,40.25207999943458
2100-04-01,2100-04-01,stage_2_delta,pto_delta_linear,401,0.044780525681266,0,0.6414014652389783,-0.004326684961123025,0.011359492014959623,0.007032807053836597,0.0064672003105863815,0.0033146702473255,0.0017733150388769756,0.009973315038876975,0.4980207434401654,0.6441676762479529,1.2325026263117622,1.300731803816497,0.06822917750473478,21.543036346301957
2100-04-01,2100-04-01,stage_2_delta,pto_delta_mlp,401,0.044780525681266,0,9.617996026410852e-05,0.0010013759009393718,0.006100788675674166,0.0071021645766135375,0.0064672003105863815,0.0033146702473255,0.007101375900939372,0.015301375900939372,0.5140965683545822,0.6441676762479529,1.2400076781835203,1.300731803816497,0.06072412563297669,40.31280412506755
2100-07-01,2100-07-01,stage_2_delta,pto_delta_linear,402,0.0507372280992535,0,0.5946037039395561,-0.0036829623613206974,0.01097575037230436,0.007292788010983663,0.006516045270413879,0.0033185717588367,0.002417037638679303,0.010617037638679303,0.49281313684046985,0.6440153578000344,1.2300522108372098,1.3006355671134942,0.07058335627628431,21.61361970257824
2100-07-01,2100-07-01,stage_2_delta,pto_delta_mlp,402,0.0507372280992535,0,1.0257658958908231e-06,0.0015466107197833776,0.006100008411280346,0.0076466191310637244,0.006516045270413879,0.0033185717588367,0.007646610719783378,0.01584661071978338,0.5036621270335565,0.6440153578000344,1.2351166744090865,1.3006355671134942,0.0655188927044077,40.37832301777196
2100-10-01,2100-10-01,stage_2_delta,pto_delta_linear,403,0.0276938144435954,0,0.26629995312112253,-0.0027313815567655466,0.008283659615593204,0.005552278058827658,0.006327089278437483,0.0010163253433122,0.003368618443234454,0.011568618443234454,0.528188081233008,0.8191005266877128,1.2587259312865786,1.4012255371039248,0.14249960581734622,21.756119308395586
2100-10-01,2100-10-01,stage_2_delta,pto_delta_mlp,403,0.0276938144435954,0,0.00015116232210785,-0.004059508037043305,0.0061012395310412835,0.002041731493997979,0.006327089278437483,0.0010163253433122,0.0020404919629566955,0.010240491962956694,0.6709527685593172,0.8191005266877128,1.3286573212511354,1.4012255371039248,0.07256821585278939,40.45089123362475
2101-01-01,2101-01-01,stage_2_delta,pto_delta_linear,404,0.0466233813733793,0,0.4293225703407342,-0.0031674577565551964,0.009620445076794019,0.006452987320238824,0.006482311727261711,0.0102111336331962,0.002932542243444804,0.011132542243444805,0.508072039882563,0.4824139992510436,0.67028846886488,1.1919470614967516,0.5216585926318715,22.27777790102746
2101-01-01,2101-01-01,stage_2_delta,pto_delta_mlp,404,0.0466233813733793,0,1.059235743417309e-06,-0.0011355994478758182,0.006100008685733096,0.004964409237857278,0.006482311727261711,0.0102111336331962,0.004964400552124182,0.013164400552124183,0.5627405692457597,0.4824139992510436,-0.4411880419931873,1.1919470614967516,1.6331351034899388,42.084026337114686
2101-04-01,2101-04-01,stage_2_delta,pto_delta_linear,405,0.0529186199031416,0,0.7250039084761918,-0.004070844196953449,0.012045032049504774,0.007974187852551324,0.006533932683205761,0.0064301942120335,0.0020291558030465515,0.010229155803046551,0.4820179658917889,0.5524831567788616,1.210014291602159,1.2407158384197765,0.030701546817617498,22.308479447845077
2101-04-01,2101-04-01,stage_2_delta,pto_delta_mlp,405,0.0529186199031416,0,0.03501525754125394,0.00017407126408049373,0.006387125111838282,0.006561196375918776,0.006533932683205761,0.0064301942120335,0.0062740712640804944,0.014474071264080493,0.5216706626109665,0.5524831567788616,1.2272908945523961,1.2407158384197765,0.013424943867380357,42.09745128098207
2101-07-01,2101-07-01,stage_2_delta,pto_delta_linear,406,0.0191397980858438,0,0.8383334331427267,-0.005585618146498418,0.012974334151770357,0.007388716005271939,0.00625694634430392,0.0024762399177922,0.0005143818535015823,0.008714381853501582,0.49350526005310413,0.681998755692448,1.2345322557807128,1.3241114524189213,0.08957919663820846,22.398058644483285
2101-07-01,2101-07-01,stage_2_delta,pto_delta_mlp,406,0.0191397980858438,0,4.546263658662984e-06,-0.0005326528239967068,0.0061000372793620005,0.005567384455365294,0.00625694634430392,0.0024762399177922,0.005567347176003294,0.013767347176003293,0.5476327927750564,0.681998755692448,1.260255694569912,1.3241114524189213,0.06385575784900932,42.161307038831076
2101-10-01,2101-10-01,stage_2_delta,pto_delta_linear,407,0.0078564158726598,0,0.9144713798440022,-0.0074897546106475,0.013598665314720816,0.006108910704073317,0.0061644226101558106,0.0094959005483284,-0.0013897546106474996,0.0068102453893525,0.5197120688730372,0.4932854675348572,0.6747785571967064,1.1998008363509614,0.5250222791542549,22.92308092363754
2101-10-01,2101-10-01,stage_2_delta,pto_delta_mlp,407,0.0078564158726598,0,0.001581734101996609,-0.0006891554221527603,0.006112970219636372,0.005423814797483611,0.0061644226101558106,0.0094959005483284,0.00541084457784724,0.01361084457784724,0.5509859625709386,0.4932854675348572,0.05345398701743087,1.1998008363509614,1.1463468493335305,43.30765388816461
2102-01-01,2102-01-01,stage_2_delta,pto_delta_linear,408,0.0411918018215316,0,0.6102573292443445,-0.004077435425953587,0.011104110099803624,0.007026674673850037,0.00643777277493656,0.0037461149988636,0.002022564574046413,0.010222564574046413,0.4978705887559964,0.6282191540263002,1.2302844895776794,1.2905757650584366,0.06029127548075719,22.983372199118296
2102-01-01,2102-01-01,stage_2_delta,pto_delta_mlp,408,0.0411918018215316,0,0.9995955791107235,-0.007660208149705479,0.014296683748707932,0.006636475599002454,0.00643777277493656,0.0037461149988636,-0.0015602081497054785,0.006639791850294521,0.5099898194117968,0.6282191540263002,1.2358901045882358,1.2905757650584366,0.05468566047020085,43.36233954863481
2102-04-01,2102-04-01,stage_2_delta,pto_delta_linear,409,0.0198662908563717,0,0.6361342101330203,-0.005276206077514033,0.011316300523090765,0.006040094445576733,0.006262903585022249,0.0001926973665486,0.0008237939224859676,0.009023793922485968,0.5178587187590573,0.9999999700466812,1.2579314592660376,1.4980730114155736,0.24014155214953603,23.223513751267834
2102-04-01,2102-04-01,stage_2_delta,pto_delta_mlp,409,0.0198662908563717,0,0.5499768700815315,-0.0060359075692877195,0.01060981033466856,0.00457390276538084,0.006262903585022249,0.0001926973665486,6.409243071228091e-05,0.00826409243071228,0.5514808280503326,0.9999999700466812,1.2746777249924928,1.4980730114155736,0.22339528642308082,43.58573483505789
2102-07-01,2102-07-01,stage_2_delta,pto_delta_linear,410,0.0145004254411376,0,0.6268167018073411,-0.005680488652111325,0.011239896954820196,0.005559408302708871,0.0062189034886173285,0.0103891336147203,0.00041951134788867535,0.008619511347888676,0.5283149679575693,0.4798523516383702,0.1993217620390919,1.1900736738540971,0.9907519118150052,24.214265663082838
2102-07-01,2102-07-01,stage_2_delta,pto_delta_mlp,410,0.0145004254411376,0,1.0029089094197374e-06,-0.0033078911037086618,0.006100008223853057,0.0027921171201443955,0.0062189034886173285,0.0103891336147203,0.0027921088962913386,0.010992108896291338,0.6329129147637799,0.4798523516383702,-1.9390404580825285,1.1900736738540971,3.1291141319366256,46.714848966994516
2102-10-01,2102-10-01,stage_2_delta,pto_delta_linear,411,0.0128481388626467,0,0.7272291027615129,-0.005942115147565957,0.012063278642644403,0.006121163495078447,0.0062053547386737035,0.0038441926438223,0.00015788485243404312,0.008357884852434043,0.5170802104822186,0.6248143793111772,1.238662545827091,1.2883881212485642,0.049725575421473156,24.26399123850431
2102-10-01,2102-10-01,stage_2_delta,pto_delta_mlp,411,0.0128481388626467,0,1.2524005923728202e-05,-0.001129559429297364,0.006100102696848575,0.004970543267551211,0.0062053547386737035,0.0038441926438223,0.004970440570702637,0.013170440570702636,0.5625794373939507,0.6248143793111772,1.2596630813490202,1.2883881212485642,0.028725039899544003,46.74357400689406
2103-01-01,2103-01-01,stage_2_delta,pto_delta_linear,412,0.0206591608947115,0,0.7357347819699448,-0.005539320768140384,0.012133025212153545,0.006593704444013161,0.006269405119336635,0.004382623821123,0.0005606792318596163,0.008760679231859615,0.5074734937043761,0.607264762673755,1.231496092631215,1.277018251190651,0.045522158559435866,24.309513397063746
2103-01-01,2103-01-01,stage_2_delta,pto_delta_mlp,412,0.0206591608947115,0,1.2375106040566074e-06,0.0008324711041729978,0.0061000101475869525,0.006932481251759951,0.006269405119336635,0.004382623821123,0.006932471104172998,0.015132471104172998,0.5175036469580582,0.607264762673755,1.236071585372265,1.277018251190651,0.04094666581838591,46.784520672712446
2103-04-01,2103-04-01,stage_2_delta,pto_delta_linear,413,0.0272693416907751,0,0.07125225477964858,-0.0006052953766113771,0.0066842684891931185,0.006078973112581741,0.006323608601864356,0.0062729560854665,0.005494704623388623,0.013694704623388624,0.5272905288658688,0.5561750911326847,1.2305685611143544,1.2431989263412857,0.012630365226931284,24.32214376229068
2103-04-01,2103-04-01,stage_2_delta,pto_delta_mlp,413,0.0272693416907751,0,1.0005188425532706e-06,-0.0023826632560685563,0.006100008204254509,0.0037173449481859525,0.006323608601864356,0.0062729560854665,0.003717336743931444,0.011917336743931445,0.5988511990186106,0.5561750911326847,0.4945456678751188,1.2431989263412857,0.7486532584661669,47.53317393117862
2103-07-01,2103-07-01,stage_2_delta,pto_delta_linear,414,0.1479906422597519,0,0.5403164680290641,-0.0021196208320259703,0.010530595037838326,0.008410974205812357,0.007313523266529966,0.0108988747357184,0.00398037916797403,0.01218037916797403,0.47337874310515027,0.4728138806805463,1.1731498077684939,1.184875547751811,0.011725739983317052,24.333869502273995
2103-07-01,2103-07-01,stage_2_delta,pto_delta_mlp,414,0.1479906422597519,0,0.0010986740575971374,0.005148400895532673,0.006109009127272297,0.01125741002280497,0.007313523266529966,0.0108988747357184,0.011248400895532674,0.019448400895532673,0.4493612035492559,0.4728138806805463,1.175705287088878,1.184875547751811,0.009170260662932916,47.54234419184154
2103-10-01,2103-10-01,stage_2_delta,pto_delta_linear,415,0.4763368937051255,1,0.11828151944490944,0.003632229220932599,0.007069908459448258,0.010702137680380856,0.01000596252838203,0.0119242634334159,0.009732229220932599,0.0179322292209326,0.4451502488629958,0.4598881277289048,1.169494236082568,1.1751057920150536,0.0056115559324856346,24.33948105820648
2103-10-01,2103-10-01,stage_2_delta,pto_delta_mlp,415,0.4763368937051255,1,0.6103538410079126,0.0064063393144087,0.011104901496264884,0.01751124081067358,0.01000596252838203,0.0119242634334159,0.0125063393144087,0.0207063393144087,0.38384591265204127,0.4598881277289048,1.1461521585229917,1.1751057920150536,0.028953633492061925,47.57129782533361
2104-01-01,2104-01-01,stage_2_delta,pto_delta_linear,416,0.4589532916138388,1,0.23436963850248166,0.002688336383984118,0.008021831035720349,0.010710167419704465,0.009863416991233479,-0.0015937100380255,0.008788336383984118,0.01698833638398412,0.44173778556750753,0.9999999700466812,1.2279089122140947,1.515937084926227,0.2880281727121323,24.627509230918612
2104-01-01,2104-01-01,stage_2_delta,pto_delta_mlp,416,0.4589532916138388,1,0.40841984008580007,-0.0017955319582036704,0.009449042688703559,0.0076535107304998885,0.009863416991233479,-0.0015937100380255,0.00430446804179633,0.01250446804179633,0.4855268813392911,0.9999999700466812,1.250501331314862,1.515937084926227,0.26543575361136496,47.83673357894497
2104-04-01,2104-04-01,stage_2_delta,pto_delta_linear,417,0.3648288554750158,1,0.08140222848235908,0.003918730415902922,0.0067674982735553444,0.010686228689458267,0.00909159661489513,0.010710710352445,0.010018730415902923,0.018218730415902922,0.4479586625207429,0.47536191568094,1.1759997764190881,1.1867663199260503,0.010766543506962156,24.638275774425576
2104-04-01,2104-04-01,stage_2_delta,pto_delta_mlp,417,0.3648288554750158,1,0.999169114319485,-0.0024710974270019063,0.014293186737419776,0.01182208931041787,0.00909159661489513,0.010710710352445,0.003628902572998094,0.011828902572998094,0.4325552110058719,0.47536191568094,1.1699478697376897,1.1867663199260503,0.01681845018836059,47.85355202913333
2104-07-01,2104-07-01,stage_2_delta,pto_delta_linear,418,0.6908796239312222,0,0.029342202754040633,0.006572394735815607,0.006340606062583133,0.012913000798398739,0.011765212916236022,0.0040630431581007,0.012672394735815606,0.020872394735815605,0.4286850215115105,0.617463193438391,1.1969248533194292,1.2836438006844064,0.0867189473649772,24.72499472179055
2104-07-01,2104-07-01,stage_2_delta,pto_delta_mlp,418,0.6908796239312222,0,0.9359880507542526,-0.00158232933461498,0.013775102016184872,0.012192772681569892,0.011765212916236022,0.0040630431581007,0.00451767066538502,0.01271767066538502,0.4279934561258136,0.617463193438391,1.1966071692266682,1.2836438006844064,0.08703663145773821,47.940588660591075
2104-10-01,2104-10-01,stage_2_delta,pto_delta_linear,419,0.4252674065694531,0,0.06588336438266258,0.004580487935812045,0.006640243587937833,0.011220731523749878,0.009587192733869515,0.0140292806804237,0.010680487935812045,0.018880487935812047,0.44292673729214965,0.4377070680006001,1.0400737146791965,1.157446380872443,0.11737266619324638,24.8423673879838
2104-10-01,2104-10-01,stage_2_delta,pto_delta_mlp,419,0.4252674065694531,0,0.9989978247939046,-0.004754842228569022,0.014291782163310018,0.009536939934740996,0.009587192733869515,0.0140292806804237,0.0013451577714309786,0.009545157771430978,0.46087504595926587,0.4377070680006001,0.6364768752480494,1.157446380872443,0.5209695056243935,48.46155816621547
2105-01-01,2105-01-01,stage_2_delta,pto_delta_linear,420,0.3611396661426269,0,0.18672389610635515,0.0022600622457174253,0.007631135948072112,0.009891198193789537,0.00906134526236954,0.0060952971676088,0.008360062245717425,0.016560062245717426,0.453129094186398,0.5604367403553222,1.198944982249644,1.2460580854165435,0.04711310316689943,24.8894804911507
2105-01-01,2105-01-01,stage_2_delta,pto_delta_mlp,420,0.3611396661426269,0,0.1182509474073211,0.005165682170450539,0.0070696577687400335,0.01223533993919057,0.00906134526236954,0.0060952971676088,0.011265682170450538,0.01946568217045054,0.4276688655572683,0.5604367403553222,1.1877667445295774,1.2460580854165435,0.05829134088696608,48.519849507102435
2105-04-01,2105-04-01,stage_2_delta,pto_delta_linear,421,0.5559544924495212,0,0.08334411030418086,0.0044467399315376525,0.006783421704494284,0.011230161636031936,0.010658826838086072,-0.0032871490911743,0.010546739931537652,0.01874673993153765,0.4411232368260807,0.9999999700466812,1.2350619968833274,1.5328714749504742,0.29780947806714675,25.187289969217844
2105-04-01,2105-04-01,stage_2_delta,pto_delta_mlp,421,0.5559544924495212,0,0.9995481475936481,0.0012017813551461454,0.014296294810267913,0.015498076165414059,0.010658826838086072,-0.0032871490911743,0.007301781355146145,0.015501781355146146,0.3998888869194614,0.9999999700466812,1.2130893873718107,1.5328714749504742,0.31978208757866344,48.839631594681094
2105-07-01,2105-07-01,stage_2_delta,pto_delta_linear,422,0.3781026326283684,0,0.16376247175234626,0.002497305943614503,0.007442852268369239,0.009940158211983742,0.009200441587552621,0.0076009328830538,0.008597305943614504,0.016797305943614504,0.45311815002675143,0.5271781343343094,1.1921178685489073,1.2235186110022684,0.03140074245336111,25.218690711671208
2105-07-01,2105-07-01,stage_2_delta,pto_delta_mlp,422,0.3781026326283684,0,0.9994498476742386,0.00016738169228113216,0.014295488750928755,0.014462870443209888,0.009200441587552621,0.0076009328830538,0.006267381692281132,0.014467381692281133,0.4078205702808459,0.5271781343343094,1.1729121173100885,1.2235186110022684,0.050606493692179955,48.89023808837327
2105-10-01,2105-10-01,stage_2_delta,pto_delta_linear,423,0.1734544691173244,0,0.40370336563712295,-0.0011327961123753108,0.009410367598224407,0.008277571485849096,0.00752232664676206,0.0142673107274929,0.00496720388762469,0.01316720388762469,0.47504466044919214,0.4355123477110623,0.2620266906554538,1.1556202739509942,0.8935935832955404,26.112284294966745
2105-10-01,2105-10-01,stage_2_delta,pto_delta_mlp,423,0.1734544691173244,0,0.018344847401290224,-0.002270152690534249,0.00625042774869058,0.0039802750581563314,0.00752232664676206,0.0142673107274929,0.0038298473094657516,0.012029847309465751,0.5887514893519544,0.4355123477110623,-2.3082177421385808,1.1556202739509942,3.463838016089575,52.35407610446285
2106-01-01,2106-01-01,stage_2_delta,pto_delta_linear,424,0.248057441441193,0,0.2069847578919248,0.0007391036552386,0.0077972750147137825,0.008536378669952382,0.008134071019817782,0.0127188652118906,0.0068391036552386,0.015039103655238601,0.47248941506607023,0.4508859130316642,0.6970148618422707,1.1680953840620516,0.4710805222197809,26.583364817186528
2106-01-01,2106-01-01,stage_2_delta,pto_delta_mlp,424,0.248057441441193,0,0.008642229399721774,-0.00013676266880731735,0.006170866281077718,0.006034103612270401,0.008134071019817782,0.0127188652118906,0.005963237331192683,0.014163237331192683,0.5359985286174196,0.4508859130316642,-0.6878488667253331,1.1680953840620516,1.8559442507873847,54.210020355250236
2106-04-01,2106-04-01,stage_2_delta,pto_delta_linear,425,0.172618415261269,0,0.35212366694596453,-0.0008373244202651156,0.008987414068956909,0.008150089648691794,0.007515471005142407,0.0137900080127775,0.005262675579734885,0.013462675579734885,0.4771773421549047,0.4399718259637529,0.32715225684734794,1.1593137629275112,0.8321615060801633,27.41552632326669
2106-04-01,2106-04-01,stage_2_delta,pto_delta_mlp,425,0.172618415261269,0,0.0035283475829755943,0.0013697334451556705,0.0061289324501804,0.007498665895336071,0.007515471005142407,0.0137900080127775,0.007469733445155671,0.01566973344515567,0.5061484430323219,0.4399718259637529,-0.3208335574409873,1.1593137629275112,1.4801473203684985,55.69016767561873
2106-07-01,2106-07-01,stage_2_delta,pto_delta_linear,426,0.1630603846770791,0,0.18301316878015725,0.0006575755722859432,0.007600707983997289,0.008258283556283233,0.00743709515435205,0.0018170072213978,0.0067575755722859435,0.014957575572285943,0.4775977089135141,0.7244086683163538,1.230120869596568,1.3490417763424367,0.11892090674586875,27.53444723001256
2106-07-01,2106-07-01,stage_2_delta,pto_delta_mlp,426,0.1630603846770791,0,0.7844005618578294,-0.005965256868091896,0.012532084607234201,0.006566827739142305,0.00743709515435205,0.0018170072213978,0.00013474313190810477,0.008334743131908105,0.5085652534263331,0.7244086683163538,1.24504195933289,1.3490417763424367,0.10399981700954664,55.79416749262828
2106-10-01,2106-10-01,stage_2_delta,pto_delta_linear,427,0.2056380093359196,0,0.13203682817192933,0.001580344978327766,0.00718270199100982,0.008763046969337586,0.007786231676554541,0.0099310400631024,0.007680344978327766,0.015880344978327767,0.4715330742163106,0.4865587167124037,1.188938398596955,1.194959017268976,0.006020618672020861,27.54046784868458
2106-10-01,2106-10-01,stage_2_delta,pto_delta_mlp,427,0.2056380093359196,0,0.565616353547384,0.0035578038457180165,0.01073805409908855,0.014295857944806567,0.007786231676554541,0.0099310400631024,0.009657803845718016,0.017857803845718015,0.405836781578101,0.4865587167124037,1.1626145774197238,1.194959017268976,0.03234443984925206,55.82651193247753
2107-01-01,2107-01-01,stage_2_delta,pto_delta_linear,428,0.0271125413491008,0,0.19327539363801274,-0.0018174106146923786,0.007684858227831704,0.005867447613139326,0.006322322839062627,0.0030676229331058,0.004282589385307622,0.012482589385307621,0.5228815600790891,0.6541775923679017,1.245400745389577,1.3070210943372338,0.06162034894765678,27.602088197632238
2107-01-01,2107-01-01,stage_2_delta,pto_delta_mlp,428,0.0271125413491008,0,0.9999801764954765,-0.006788793999968749,0.014299837447262908,0.00751104344729416,0.006322322839062627,0.0030676229331058,-0.0006887939999687485,0.007511206000031251,0.49333455328148207,0.6541775923679017,1.2315336327473432,1.3070210943372338,0.07548746158989061,55.901999394067424
2107-04-01,2107-04-01,stage_2_delta,pto_delta_linear,429,0.0384285075435936,0,0.410475187161059,-0.0029166065081356047,0.009465896534720684,0.00654929002658508,0.006415113761857468,0.007042015477551,0.0031833934918643956,0.011383393491864395,0.5061207278551648,0.5387963640988038,1.217419263936928,1.2314560586970815,0.014036794760153626,27.61612499239239
2107-04-01,2107-04-01,stage_2_delta,pto_delta_mlp,429,0.0384285075435936,0,3.815879827800089e-05,-0.0005168783611519995,0.006100312902145879,0.005583434540993879,0.006415113761857468,0.007042015477551,0.0055831216388480005,0.013783121638848001,0.5472444548150676,0.5387963640988038,1.0782896710901855,1.2314560586970815,0.15316638760689605,56.05516578167432
2107-07-01,2107-07-01,stage_2_delta,pto_delta_linear,430,0.0418805936120279,0,0.5077464522306648,-0.0037580903084971726,0.010263520908291452,0.00650543059979428,0.00644342086761863,0.0007535997992931,0.0023419096915028277,0.010541909691502828,0.5072977643237676,0.8777292008747583,1.2498258872281216,1.43225003494125,0.18242414771312832,27.798549140105518
2107-07-01,2107-07-01,stage_2_delta,pto_delta_mlp,430,0.0418805936120279,0,1.3008565396094022e-06,-0.0009347202325458146,0.006100010667023624,0.005165290434477809,0.00644342086761863,0.0007535997992931,0.005165279767454185,0.013365279767454186,0.5575674742498627,0.8777292008747583,1.2745819097580608,1.43225003494125,0.15766812518318907,56.212833906857504
2107-10-01,2107-10-01,stage_2_delta,pto_delta_linear,431,0.0605590470053927,0,0.4527867371037321,-0.002829848439380294,0.009812851244250602,0.006983002804870309,0.006596584185444221,0.0033932857874925,0.0032701515606197063,0.011470151560619707,0.4977788579969636,0.6411294894342427,1.2319983697569283,1.2988093888727257,0.06681101911579734,27.865360159221318
2107-10-01,2107-10-01,stage_2_delta,pto_delta_mlp,431,0.0605590470053927,0,1.2724187021837023e-06,-0.0001668951207056047,0.0061000104338333585,0.005933115313127754,0.006596584185444221,0.0033932857874925,0.005933104879294396,0.014133104879294395,0.5390441547796355,0.6411294894342427,1.2512307686973714,1.2988093888727257,0.0475786201753543,56.26041252703286
2108-01-01,2108-01-01,stage_2_delta,pto_delta_linear,432,0.0082957977019536,0,0.6351319632667052,-0.006093171099675917,0.011308082098786983,0.005214910999111065,0.00616802554115602,0.0032597638710728,6.828900324083037e-06,0.008206828900324082,0.5363651056478518,0.6463293874507318,1.2506983168929757,1.3020958818651207,0.05139756497214498,27.916757724193463
2108-01-01,2108-01-01,stage_2_delta,pto_delta_mlp,432,0.0082957977019536,0,0.30045086995889847,-0.0020227376600668824,0.008563697133662968,0.006540959473596085,0.00616802554115602,0.0032597638710728,0.004077262339933118,0.012277262339933117,0.5066904081597822,0.6463293874507318,1.2368282932165071,1.3020958818651207,0.0652675886486136,56.32568011568148
2108-04-01,2108-04-01,stage_2_delta,pto_delta_linear,433,0.002816496083598,0,0.809900084977479,-0.007498560057123621,0.012741180696815325,0.005242620639691705,0.006123095267885504,0.0098739321765989,-0.001398560057123621,0.006801439942876379,0.5377720237325206,0.4874212722463397,0.1827842084278246,1.1955829902872503,1.0127987818594257,28.929556506052887
2108-04-01,2108-04-01,stage_2_delta,pto_delta_mlp,433,0.002816496083598,0,1.5593945575700406e-05,0.0018594145322690394,0.006100127870353721,0.00795954240262276,0.006123095267885504,0.0098739321765989,0.00795941453226904,0.01615941453226904,0.4979671148561673,0.4874212722463397,0.9834548827609009,1.1955829902872503,0.21212810752634947,56.537808223207826
2108-07-01,2108-07-01,stage_2_delta,pto_delta_linear,434,0.0021126136129887,0,0.9313252746053043,-0.008237128275965629,0.013736867251763494,0.005499738975797866,0.006117323431626508,0.0094630203110125,-0.0021371282759656282,0.006062871724034372,0.5334735626839221,0.4938084801491751,0.41300588199502486,1.200175043300569,0.787169161305544,29.716725667358432
2108-07-01,2108-07-01,stage_2_delta,pto_delta_mlp,434,0.0021126136129887,0,1.0008422788862485e-06,0.001907051784028937,0.006100008206906687,0.008007059990935624,0.006117323431626508,0.0094630203110125,0.008007051784028937,0.016207051784028936,0.49712251663207296,0.4938084801491751,1.1344067866585503,1.200175043300569,0.06576825664201857,56.60357647984984
2108-10-01,2108-10-01,stage_2_delta,pto_delta_linear,435,0.0072533725128063,0,0.8598666131616358,-0.007028506429066194,0.013150906227925412,0.006122399798859217,0.006159477654605012,0.0072626428631894,-0.000928506429066194,0.007271493570933806,0.5186828582135936,0.5341130732743274,1.2216713455221604,1.228265811639644,0.0065944661174837105,29.723320133475916
2108-10-01,2108-10-01,stage_2_delta,pto_delta_mlp,435,0.0072533725128063,0,0.0008391024887374828,-0.00039613005982867036,0.006106880640407647,0.005710750580578977,0.006159477654605012,0.0072626428631894,0.00570386994017133,0.01390386994017133,0.5441482649567928,0.5341130732743274,1.0446696221649672,1.228265811639644,0.18359618947467693,56.78717266932452
2109-01-01,2109-01-01,stage_2_delta,pto_delta_linear,436,0.0009278196566523,0,0.8368359721239883,-0.008101051543370473,0.012962054971416703,0.0048610034280462296,0.006107608121184549,0.0004282300441673,-0.002001051543370473,0.006198948456629527,0.5474560094114528,0.9999999700466812,1.2713836335948272,1.4957176847099358,0.22433405111510862,29.947654184591023
2109-01-01,2109-01-01,stage_2_delta,pto_delta_mlp,436,0.0009278196566523,0,2.0304589043888594e-05,0.0008191865553330052,0.00610016649763016,0.006919353052963164,0.006107608121184549,0.0004282300441673,0.006919186555333006,0.015119186555333005,0.5177681231640001,0.9999999700466812,1.2566668229194906,1.4957176847099358,0.2390508617904452,57.026223531114965
2109-04-01,2109-04-01,stage_2_delta,pto_delta_linear,437,0.0001276812884524,0,0.9534105783880048,-0.009213486907622904,0.013917966742781639,0.004704479835158735,0.00610104698656531,0.0047911143774111,-0.0031134869076229034,0.005086513092377096,0.5532145582309949,0.5950121945715366,1.2501021368781609,1.2689983824843016,0.018896245606140782,29.966550430197163
2109-04-01,2109-04-01,stage_2_delta,pto_delta_mlp,437,0.0001276812884524,0,8.878260268282204e-05,-0.001223852504957839,0.006100728017341999,0.0048768755123841595,0.00610104698656531,0.0047911143774111,0.004876147495042161,0.013076147495042162,0.5650342648962714,0.5950121945715366,1.2554456945453913,1.2689983824843016,0.01355268793891029,57.03977621905388
2109-07-01,2109-07-01,stage_2_delta,pto_delta_linear,438,0.0007895160329706,0,0.8196333597565738,-0.008060397966220278,0.012820993550003905,0.004760595583783627,0.006106474031470359,0.0029663107716405,-0.0019603979662202774,0.006239602033779722,0.549747063115356,0.6585133684783534,1.25856632520771,1.3097231312573103,0.05115680604960038,30.017707236246764
2109-07-01,2109-07-01,stage_2_delta,pto_delta_mlp,438,0.0007895160329706,0,1.0009348990019781e-06,0.0003807138029140609,0.006100008207666172,0.006480722010580233,0.006106474031470359,0.0029663107716405,0.0064807138029140616,0.014680713802914061,0.5269093501526415,0.6585133684783534,1.2478249062659619,1.3097231312573103,0.06189822499134845,57.10167444404522
2109-10-01,2109-10-01,stage_2_delta,pto_delta_linear,439,0.0028471519372216,0,0.8234347177859199,-0.007521756765805478,0.012852164685844542,0.005330407920039065,0.006123346645885217,0.0097526381781168,-0.0014217567658054778,0.006778243234194522,0.5358818656451657,0.4892733720985114,0.2630720391897363,1.1969196243666165,0.9338475851768802,30.951554821423645
2109-10-01,2109-10-01,stage_2_delta,pto_delta_mlp,439,0.0028471519372216,0,2.198405688708875e-06,-0.0005638728067710439,0.006100018026926647,0.005536145220155603,0.006123346645885217,0.0097526381781168,0.005536127193228956,0.013736127193228956,0.548385773748445,0.4892733720985114,0.012543762081742571,1.1969196243666165,1.184375862284874,58.2860503063301
2110-01-01,2110-01-01,stage_2_delta,pto_delta_linear,440,0.0072366421589135,0,0.4440372622958327,-0.005044638064849472,0.009741105550825828,0.0046964674859763566,0.006159340465703091,0.0110483763818321,0.0010553619351505285,0.009255361935150528,0.5477933200846234,0.4708299567516388,-0.4212572805378687,1.1833959126354807,1.6046531931733494,32.556208014597
2110-01-01,2110-01-01,stage_2_delta,pto_delta_mlp,440,0.0072366421589135,0,0.26592740801039755,-0.003373438775777601,0.008280604745685259,0.004907165969907658,0.006159340465703091,0.0110483763818321,0.0027265612242223995,0.010926561224222399,0.5435030726332406,0.4708299567516388,-0.33180744947412766,1.1833959126354807,1.5152033621096084,59.801253668439706
2110-04-01,2110-04-01,stage_2_delta,pto_delta_linear,441,0.0053356493375692,0,0.5779848706578409,-0.005861718915277707,0.010839475939394294,0.0049777570241165865,0.0061437523245680675,0.0105368194613297,0.00023828108472229333,0.008438281084722294,0.5415452486525814,0.4777684540236679,-0.12117811428207692,1.188542627568174,1.309720741850251,33.865928756447246
2110-04-01,2110-04-01,stage_2_delta,pto_delta_mlp,441,0.0053356493375692,0,1.0103914943987312e-06,0.0014156635630052721,0.006100008285210254,0.007515671848215526,0.0061437523245680675,0.0105368194613297,0.007515663563005272,0.015715663563005272,0.5061102687649566,0.4777684540236679,0.6065149525240396,1.188542627568174,0.5820276750441344,60.383281343483844
2110-07-01,2110-07-01,stage_2_delta,pto_delta_linear,442,0.0017248839929826,0,0.7336855208359182,-0.007411300489220019,0.01211622127085453,0.004704920781634512,0.006114144048742457,0.0029280784384485,-0.0013113004892200183,0.0068886995107799815,0.5500131909561925,0.6601888870806427,1.2589017778250855,1.31076359508468,0.0518618172595946,33.91779057370684
2110-07-01,2110-07-01,stage_2_delta,pto_delta_mlp,442,0.0017248839929826,0,2.491785979851408e-05,0.001285301270536643,0.006100204326450348,0.007385505596986991,0.006114144048742457,0.0029280784384485,0.007385301270536644,0.015585301270536643,0.5085811589476366,0.6601888870806427,1.239398924216661,1.31076359508468,0.07136467086801912,60.45464601435186
2110-10-01,2110-10-01,stage_2_delta,pto_delta_linear,443,0.0045869363604225,0,0.5683991959566893,-0.005893217621842359,0.010760873406844854,0.004867655785002494,0.006137612878155466,-0.0054060391136158,0.00020678237815764146,0.008406782378157642,0.5441770423512814,0.9999999700466812,1.3015069449324685,1.5540603745402106,0.2525534296077421,34.17034400331458
2110-10-01,2110-10-01,stage_2_delta,pto_delta_mlp,443,0.0045869363604225,0,2.425629981255878e-06,0.0006354122160324021,0.006100019890165846,0.006735432106198248,0.006137612878155466,-0.0054060391136158,0.0067354122160324026,0.014935412216032402,0.5215416047108402,0.9999999700466812,1.2889655454998676,1.5540603745402106,0.265094829040343,60.7197408433922
2111-01-01,2111-01-01,stage_2_delta,pto_delta_linear,444,0.017471306019946,0,0.26495480877848615,-0.0024433376665370433,0.008272629431983586,0.005829291765446542,0.006243264709363558,-0.0013212399721462,0.003656662333462957,0.011856662333462957,0.5220267190395875,0.9999999700466812,1.267910585197028,1.5132123843490477,0.24530179915201966,34.4156458024666
2111-01-01,2111-01-01,stage_2_delta,pto_delta_mlp,444,0.017471306019946,0,0.9993915176662932,-0.0061023451475125876,0.014295010444863605,0.008192665297351017,0.006243264709363558,-0.0013212399721462,-2.345147512587166e-06,0.008197654852487413,0.48151350231782575,0.9999999700466812,1.247118700022817,1.5132123843490477,0.2660936843262307,60.98583452771843
2111-04-01,2111-04-01,stage_2_delta,pto_delta_linear,445,0.0544947741845352,0,0.1708820491289769,-0.0004740274199580318,0.00750123280285761,0.007027205382899578,0.006546857148313189,0.0120708333079452,0.005625972580041968,0.013825972580041968,0.4998740189474696,0.4581646775980207,0.27924131878235037,1.1737780442902683,0.894536725507918,35.31018252797452
2111-04-01,2111-04-01,stage_2_delta,pto_delta_mlp,445,0.0544947741845352,0,0.010496507611974995,0.0014191340939922234,0.006186071362418195,0.0076052054564104184,0.006546857148313189,0.0120708333079452,0.007519134093992224,0.015719134093992223,0.5035526654609506,0.4581646775980207,0.20034567698129635,1.1737780442902683,0.973432367308972,61.959266895027405
2111-07-01,2111-07-01,stage_2_delta,pto_delta_linear,446,0.2934127676296786,0,0.07718481279935842,0.003169197519869795,0.006732915464954739,0.009902112984824534,0.008505984694563366,0.0044147292548567,0.009269197519869796,0.017469197519869795,0.45877132340189875,0.6062717901759043,1.2091321498738326,1.276370637003113,0.06723848712928038,35.3774210151038
2111-07-01,2111-07-01,stage_2_delta,pto_delta_mlp,446,0.2934127676296786,0,0.7047178753124471,-0.00034003653617782213,0.011878686577562065,0.011538650041384244,0.008505984694563366,0.0044147292548567,0.0057599634638221785,0.013959963463822177,0.43290130796328535,0.6062717901759043,1.1973392332943302,1.276370637003113,0.0790314037087827,62.03829829873619
2111-10-01,2111-10-01,stage_2_delta,pto_delta_linear,447,0.8526002939151707,1,0.03884233711345341,0.00665872021585166,0.006418507164330318,0.013077227380181976,0.0130913224101044,0.013430767438637,0.01275872021585166,0.02095872021585166,0.425982046375906,0.4434868976590458,1.1557783652088582,1.1621797549841102,0.006401389775251953,35.383822404879055
2111-10-01,2111-10-01,stage_2_delta,pto_delta_mlp,447,0.8526002939151707,1,0.8391266764705501,0.0009361985862908466,0.01298083874705851,0.013917037333349355,0.0130913224101044,0.013430767438637,0.007036198586290847,0.015236198586290847,0.41091418149940473,0.4434868976590458,1.1502681626601385,1.1621797549841102,0.011911592323971654,62.05020989106016
2112-01-01,2112-01-01,stage_2_delta,pto_delta_linear,448,0.8467171581206219,0,0.06139009493966023,0.00616380051295861,0.006603398778505214,0.012767199291463825,0.013043080696589101,0.0129991732324321,0.012263800512958611,0.02046380051295861,0.4264506560134624,0.4479012377616542,1.157790268480698,1.1657271610739817,0.007936892593283673,35.39175929747233
2112-01-01,2112-01-01,stage_2_delta,pto_delta_mlp,448,0.8467171581206219,0,0.9874772028141974,-0.0013023141979976868,0.014197313063076417,0.01289499886507873,0.013043080696589101,0.0129991732324321,0.004797685802002314,0.012997685802002314,0.4215112128064339,0.4479012377616542,1.155962633656383,1.1657271610739817,0.00976452741759859,62.05997441847776
2112-04-01,2112-04-01,stage_2_delta,pto_delta_linear,449,0.5295502991164166,1,0.26774986865665173,0.002169961127674776,0.008295548922984543,0.01046551005065932,0.010442312452754617,0.01812686624415,0.008269961127674776,0.016469961127674775,0.4443845357877284,0.4066253634682476,0.21304086874999362,1.1296042459834457,0.916563377233452,36.308322674705785
2112-04-01,2112-04-01,stage_2_delta,pto_delta_mlp,449,0.5295502991164166,1,0.9673451261893163,-0.0035957840363002973,0.014032230034752393,0.010436445998452094,0.010442312452754617,0.01812686624415,0.002504215963699703,0.010704215963699703,0.44846062254294783,0.4066253634682476,0.11409822402892633,1.1296042459834457,1.0155060219545193,63.07548044043228
2112-07-01,2112-07-01,stage_2_delta,pto_delta_linear,450,0.290007847777809,0,0.4245694244500093,-0.00016097356178110383,0.009581469280490076,0.009420495718708972,0.008478064351778034,0.0062026846320631,0.005939026438218897,0.014139026438218896,0.4578010909362218,0.5578491481144424,1.2005045875551927,1.2443229506770317,0.043818363121838955,36.35214103782763
2112-07-01,2112-07-01,stage_2_delta,pto_delta_mlp,450,0.290007847777809,0,1.0000000441998842e-06,0.0013573580550219604,0.006100008200000362,0.007457366255022322,0.008478064351778034,0.0062026846320631,0.007457358055021961,0.015657358055021962,0.5072130256009002,0.5578491481144424,1.2221456884096809,1.2443229506770317,0.02217726226735084,63.09765770269963
2112-10-01,2112-10-01,stage_2_delta,pto_delta_linear,451,0.2276744180120505,1,0.5607003085779148,-0.0012715122851958492,0.010697742530338901,0.00942623024514305,0.007966930227698815,0.0192559398063665,0.004828487714804151,0.013028487714804152,0.4582786362026042,0.4000712192786884,-0.31403281961878604,1.122998136472443,1.437030956091229,37.789171993918856
2112-10-01,2112-10-01,stage_2_delta,pto_delta_mlp,451,0.2276744180120505,1,0.6255030759793659,-0.0011349689635026569,0.0112291252230308,0.010094156259528144,0.007966930227698815,0.0192559398063665,0.004965031036497343,0.013165031036497344,0.4496510871037508,0.4000712192786884,-0.10103494900859022,1.122998136472443,1.2240330854810333,64.32169078818066
2113-01-01,2113-01-01,stage_2_delta,pto_delta_linear,452,0.2671594306511274,0,0.5987231281094506,-0.0012589104812373683,0.011009529650497493,0.009750619169260125,0.008290707331339246,0.0055451749061848,0.004841089518762632,0.013041089518762632,0.45403540023921957,0.574274693822308,1.2018406430403488,1.2552928106967494,0.053452167656400595,37.84262416157526
2113-01-01,2113-01-01,stage_2_delta,pto_delta_mlp,452,0.2671594306511274,0,0.9999989390309613,-0.008784556693807583,0.014299991300053883,0.0055154346062463,0.008290707331339246,0.0055451749061848,-0.002684556693807583,0.005515443306192417,0.5341539629719751,0.574274693822308,1.237457209970874,1.2552928106967494,0.01783560072587531,64.33952638890653
2113-04-01,2113-04-01,stage_2_delta,pto_delta_linear,453,0.1890027107265341,0,0.46496371669228886,-0.0010462086145516967,0.00991270247687677,0.008866493862325072,0.0076498222279575805,0.0070540837532273,0.005053791385448304,0.013253791385448303,0.4659757614023221,0.538536830828944,1.2001175602221026,1.231279576325822,0.03116201610371938,37.87378617767897
2113-04-01,2113-04-01,stage_2_delta,pto_delta_mlp,453,0.1890027107265341,0,0.24238141684023395,-0.0003395703172349748,0.008087527618089918,0.007747957300854943,0.0076498222279575805,0.0070540837532273,0.005760429682765026,0.013960429682765025,0.48489618722427646,0.538536830828944,1.208243110449132,1.231279576325822,0.02303646587668995,64.36256285478322
2113-07-01,2113-07-01,stage_2_delta,pto_delta_linear,454,0.1438089177152709,0,0.34257440658330474,-0.0009857473655558737,0.008909110133983099,0.007923362768427224,0.007279233125265221,0.0128201985815423,0.005114252634444127,0.013314252634444126,0.48098651648904217,0.4497959151957042,0.4853910462826845,1.167233228058097,0.6818421817754126,38.55562835945439
2113-07-01,2113-07-01,stage_2_delta,pto_delta_mlp,454,0.1438089177152709,0,0.02792451301257295,0.00018154867244377969,0.006328981006703098,0.006510529679146878,0.007279233125265221,0.0128201985815423,0.00628154867244378,0.01448154867244378,0.523580334825228,0.4497959151957042,-0.44573140371820164,1.167233228058097,1.6129646317762987,65.97552748655953
2113-10-01,2113-10-01,stage_2_delta,pto_delta_linear,455,0.0286168100997499,0,0.6192459437213937,-0.004420417225816625,0.01117781673851543,0.006757399512698804,0.00633465784281795,0.0078743631817963,0.0016795827741833752,0.009879582774183375,0.5031040090338357,0.5217825481845934,1.2119357676634164,1.2198042212290103,0.007868453565593958,38.56349681301998
2113-10-01,2113-10-01,stage_2_delta,pto_delta_mlp,455,0.0286168100997499,0,0.8988518241419589,-0.005466393050540646,0.013470584957964063,0.008004191907423415,0.00633465784281795,0.0078743631817963,0.0006336069494593541,0.008833606949459354,0.48342731748138923,0.5217825481845934,1.2036468360421946,1.2198042212290103,0.016157385186815754,65.99168487174634
2114-01-01,2114-01-01,stage_2_delta,pto_delta_linear,456,0.0505450592431465,0,0.238334460055206,-0.0016243434611697219,0.008054342572452688,0.006429999111282967,0.006514469485793802,0.0091493219387643,0.004475656538830279,0.012675656538830278,0.5097878387369518,0.4989060395793257,0.9901387111050526,1.203806500056611,0.21366778895155836,38.77716460197154
2114-01-01,2114-01-01,stage_2_delta,pto_delta_mlp,456,0.0505450592431465,0,0.07767412512778754,-0.0029991467341681246,0.006736927826047858,0.0037377810918797338,0.006514469485793802,0.0091493219387643,0.003100853265831876,0.011300853265831875,0.5880953969807629,0.4989060395793257,-0.5474573952176676,1.203806500056611,1.7512638952742785,67.74294876702062
2114-04-01,2114-04-01,stage_2_delta,pto_delta_linear,457,0.1851510393797313,0,0.3660492936136392,-0.0003311668440982236,0.009101604207631842,0.008770437363533617,0.007618238522913797,0.0110109344580947,0.005768833155901777,0.013968833155901776,0.4673242229503001,0.4713235036541903,1.1822053475792922,1.1837646297541369,0.0015592821748446895,38.77872388414639
2114-04-01,2114-04-01,stage_2_delta,pto_delta_mlp,457,0.1851510393797313,0,0.4804261831204807,8.917700372631666e-05,0.010039494701587942,0.010128671705314259,0.007618238522913797,0.0110109344580947,0.006189177003726317,0.014389177003726317,0.44838236514593593,0.4713235036541903,1.1748200942250941,1.1837646297541369,0.00894453552904273,67.75189330254966
2114-07-01,2114-07-01,stage_2_delta,pto_delta_linear,458,0.3496862664215786,1,0.41450994300864813,0.0007242423626963604,0.009498981532670914,0.010223223895367275,0.008967427384656945,0.010714916072376,0.006824242362696361,0.015024242362696361,0.446994091388114,0.4753043301487787,1.1756020039533408,1.1867237050105788,0.011121701057237976,38.78984558520362
2114-07-01,2114-07-01,stage_2_delta,pto_delta_mlp,458,0.3496862664215786,1,0.012369466411950972,0.00318191782806711,0.0062014296245779975,0.009383347452645107,0.008967427384656945,0.010714916072376,0.00928191782806711,0.01748191782806711,0.4736202042666137,0.4753043301487787,1.1860620947443234,1.1867237050105788,0.0006616102662553303,67.75255491281592
2114-10-01,2114-10-01,stage_2_delta,pto_delta_linear,459,0.3039012617611051,0,0.3049691519001968,0.0009406976477179761,0.008600747045581614,0.00954144469329959,0.00859199034644106,0.0092704199483909,0.007040697647717977,0.015240697647717976,0.45630845425294203,0.4969148680660001,1.185852517157212,1.202391338977289,0.01653882182007682,38.8063844070237
2114-10-01,2114-10-01,stage_2_delta,pto_delta_mlp,459,0.3039012617611051,0,0.3194005678344613,0.0005087247424106973,0.008719084656242581,0.009227809398653279,0.00859199034644106,0.0092704199483909,0.006608724742410698,0.014808724742410698,0.4606812715937748,0.4969148680660001,1.1876335472965573,1.202391338977289,0.014757791680731547,67.76731270449665
2115-01-01,2115-01-01,stage_2_delta,pto_delta_linear,460,0.2982510721168081,0,0.17083769014750075,0.001726316851473012,0.0075008690592095065,0.009227185910682518,0.008545658791357828,0.0048628112304212,0.007826316851473012,0.016026316851473012,0.4629179151085974,0.5929417106193907,1.208948133190766,1.2676372192158438,0.05868908602507772,38.865073493048776
2115-01-01,2115-01-01,stage_2_delta,pto_delta_mlp,460,0.2982510721168081,0,1.0562318923990902e-06,0.0005278179837127978,0.006100008661101518,0.006627826644814316,0.008545658791357828,0.0048628112304212,0.006627817983712798,0.014827817983712799,0.5237886815256501,0.5929417106193907,1.2364234859339205,1.2676372192158438,0.03121373328192334,67.79852643777858
2115-04-01,2115-04-01,stage_2_delta,pto_delta_linear,461,0.5821216212619069,0,0.03175399804903088,0.005608171722967669,0.006360382784002053,0.011968554506969722,0.010873397294347636,-0.0044675998222456,0.011708171722967668,0.019908171722967667,0.43830990958502686,0.9999999700466812,1.238736887534019,1.544675981907602,0.3059390943735829,39.17101258742236
2115-04-01,2115-04-01,stage_2_delta,pto_delta_mlp,461,0.5821216212619069,0,0.9999536325964001,-0.0036874037212944444,0.01429961978729048,0.010612216065996036,0.010873397294347636,-0.0044675998222456,0.002412596278705556,0.010612596278705555,0.44661084894620384,0.9999999700466812,1.2432582099667522,1.544675981907602,0.30141777194084973,68.09994420971942
2115-07-01,2115-07-01,stage_2_delta,pto_delta_linear,462,0.4788498619788073,0,0.05225374532085032,0.004793179770004514,0.006528480711630973,0.011321660481635487,0.01002656886822622,-0.0028383120763404,0.010893179770004514,0.019093179770004513,0.44328691290089184,0.9999999700466812,1.2342253224321484,1.528383104936576,0.2941577825044275,39.46517036992679
2115-07-01,2115-07-01,stage_2_delta,pto_delta_mlp,462,0.4788498619788073,0,0.325253029534881,0.0006433680214607939,0.008767074842186024,0.009410442863646819,0.01002656886822622,-0.0028383120763404,0.0067433680214607945,0.014943368021460793,0.45804346515735267,0.9999999700466812,1.2420224355651255,1.528383104936576,0.28636066937145044,68.38630487909087
2115-10-01,2115-10-01,stage_2_delta,pto_delta_linear,463,0.72014969797346,0,0.09207880507091777,0.005010151059239535,0.006855046201581525,0.01186519726082106,0.01200522752338237,0.0018239060316215,0.011110151059239536,0.019310151059239535,0.43318684604584945,0.723863550623114,1.2086925020097037,1.3487291843510325,0.14003668234132882,39.60520705226811
2115-10-01,2115-10-01,stage_2_delta,pto_delta_mlp,463,0.72014969797346,0,1.007162902238638e-06,0.0023010747446913166,0.006100008258735798,0.008401083003427115,0.01200522752338237,0.0018239060316215,0.008401074744691317,0.016601074744691316,0.4902954807221966,0.723863550623114,1.2362052115154385,1.3487291843510325,0.11252397283559401,68.49882885192646
2116-01-01,2116-01-01,stage_2_delta,pto_delta_linear,464,0.4005790422436368,0,0.1653006835995327,0.00222340983169752,0.007455465605516168,0.009678875437213687,0.009384748146397821,0.0083311375600888,0.00832340983169752,0.01652340983169752,0.4566452138650914,0.5131682784764903,1.1902788660038832,1.213831384043629,0.023552518039745785,39.628759570307864
2116-01-01,2116-01-01,stage_2_delta,pto_delta_mlp,464,0.4005790422436368,0,0.013478433990401616,-0.0012153814165156253,0.006210523158721293,0.004995141742205667,0.009384748146397821,0.0083311375600888,0.004884618583484375,0.013084618583484375,0.5607042053647361,0.5131682784764903,0.30731674466689785,1.213831384043629,0.9065146393767312,69.4053434913032
2116-04-01,2116-04-01,stage_2_delta,pto_delta_linear,465,0.2561843513186937,1,0.3599717437630645,0.0002232690650416794,0.009051768298857128,0.009275037363898807,0.008200711680813289,0.010249189271597,0.00632326906504168,0.014523269065041679,0.4598679962066918,0.4818616622569988,1.1828012567726216,1.1915439173365157,0.008742660563894056,39.63750223087176
2116-04-01,2116-04-01,stage_2_delta,pto_delta_mlp,465,0.2561843513186937,1,0.5695082954896933,0.0006937186667102041,0.010769968023015483,0.011463686689725687,0.008200711680813289,0.010249189271597,0.006793718666710204,0.014993718666710204,0.43279242530650275,0.4818616622569988,1.1720384978304528,1.1915439173365157,0.019505419506062882,69.42484891080926
2116-07-01,2116-07-01,stage_2_delta,pto_delta_linear,466,0.6688167954521508,1,0.23858341894294538,0.003350752571440548,0.008056384035332152,0.011407136606772698,0.011584297722707637,0.0019560241043944,0.009450752571440547,0.017650752571440546,0.4335271824238487,0.7139375828229664,1.208283695024612,1.3430040002011343,0.13472030517652223,39.77222253604828
2116-07-01,2116-07-01,stage_2_delta,pto_delta_mlp,466,0.6688167954521508,1,0.00027442020751585557,0.004473133800647186,0.00610225024570163,0.010575384046348817,0.011584297722707637,0.0019560241043944,0.010573133800647186,0.018773133800647185,0.4579471850038767,0.7139375828229664,1.220016035177867,1.3430040002011343,0.12298796502326725,69.54783687583253
2116-10-01,2116-10-01,stage_2_delta,pto_delta_linear,467,0.7155078412699835,1,0.15336452636599973,0.003973359379063,0.007357589116201197,0.011330948495264196,0.011967164298413865,0.0014587969676279,0.010073359379063,0.018273359379063,0.4361541482674446,0.7574430627936407,1.2117144706446135,1.367671974965278,0.15595750432066446,39.92818004036894
2116-10-01,2116-10-01,stage_2_delta,pto_delta_mlp,467,0.7155078412699835,1,0.29842261200369824,0.0029375870462596187,0.008547065418430325,0.011484652464689944,0.011967164298413865,0.0014587969676279,0.009037587046259619,0.01723758704625962,0.4321540145236721,0.7574430627936407,1.2097727576024826,1.367671974965278,0.15789921736279533,69.70573609319533
2117-01-01,2117-01-01,stage_2_delta,pto_delta_linear,468,0.5620701563268892,0,0.2476322933573905,0.002381540761401664,0.008130584805530602,0.010512125566932267,0.010708975281880492,0.0007698236175887,0.008481540761401665,0.016681540761401666,0.4440117542411321,0.873324711008597,1.218587769771548,1.429939295620715,0.21135152584916717,40.13953156621811
2117-01-01,2117-01-01,stage_2_delta,pto_delta_mlp,468,0.5620701563268892,0,0.8471588890392074,-0.004311913163574772,0.0130467028901215,0.008734789726546727,0.010708975281880492,0.0007698236175887,0.001788086836425228,0.009988086836425228,0.47100967083340417,0.873324711008597,1.2318788917294998,1.429939295620715,0.19806040389121526,69.90379649708655
2117-04-01,2117-04-01,stage_2_delta,pto_delta_linear,469,0.3450229812096984,0,0.28143479908677516,0.0011135605449051713,0.008407765352511556,0.009521325897416727,0.008929188445919528,0.0059847799124283,0.007213560544905172,0.015413560544905171,0.4567572344071074,0.5631373996472735,1.2010427019901941,1.2478661658501753,0.04682346385998115,40.18635503007809
2117-04-01,2117-04-01,stage_2_delta,pto_delta_mlp,469,0.3450229812096984,0,1.5970792252842995e-06,0.003094734880752365,0.006100013096049647,0.00919474797680201,0.008929188445919528,0.0059847799124283,0.009194734880752366,0.017394734880752365,0.4774999474481661,0.5631373996472735,1.2101726527873495,1.2478661658501753,0.037693513062825756,69.94149001014937
2117-07-01,2117-07-01,stage_2_delta,pto_delta_linear,470,0.4581209121598696,0,0.8447694236643891,-0.002489422512541919,0.01302710927404799,0.010537686761506071,0.00985659147971093,0.007378629195818,0.0036105774874580815,0.011810577487458082,0.4459063742653979,0.5317023193343996,1.1900514092151389,1.2266188170979502,0.03656740788281132,40.222922437960904
2117-07-01,2117-07-01,stage_2_delta,pto_delta_mlp,470,0.4581209121598696,0,0.9846288094259577,-0.0005673578885870441,0.01417395623729285,0.013606598348705807,0.00985659147971093,0.007378629195818,0.005532642111412956,0.013732642111412957,0.41492779446081224,0.5317023193343996,1.176847913846757,1.2266188170979502,0.049770903251193266,69.99126091340055
2117-10-01,2117-10-01,stage_2_delta,pto_delta_linear,471,0.3107153906084869,0,0.3601178550232143,0.0009154503422657169,0.009052966411190357,0.009968416753456074,0.008647866202989593,0.0030076529105389,0.007015450342265717,0.015215450342265718,0.45031448968876087,0.6567262732346544,1.211613347988678,1.308611089746111,0.09699774175743303,40.31992017971834
2117-10-01,2117-10-01,stage_2_delta,pto_delta_mlp,471,0.3107153906084869,0,0.9985588961707871,-0.0026166978064445373,0.014288182948600453,0.011671485142155918,0.008647866202989593,0.0030076529105389,0.003483302193555463,0.011683302193555463,0.4341920834373032,0.6567262732346544,1.20403705088382,1.308611089746111,0.10457403886229089,70.09583495226285
2118-01-01,2118-01-01,stage_2_delta,pto_delta_linear,472,0.5849547723868496,0,0.28678891842423787,0.0027996410327181887,0.00845166913107875,0.01125131016379694,0.010896629133572167,0.0062189723293483,0.008899641032718189,0.017099641032718188,0.43484815176789,0.5574597888111149,1.1903809896508175,1.2440616243921503,0.05368063474133278,40.37360081445967
2118-01-01,2118-01-01,stage_2_delta,pto_delta_mlp,472,0.5849547723868496,0,0.9922616590651232,-0.0012555338474876526,0.01423654560433401,0.012981011756846357,0.010896629133572167,0.0062189723293483,0.004844466152512348,0.013044466152512348,0.42073834050783643,0.5574597888111149,1.1842035692787767,1.2440616243921503,0.05985805511337361,70.15569300737623
2118-04-01,2118-04-01,stage_2_delta,pto_delta_linear,473,0.901783462539422,1,0.12342369096876554,0.0056873269223000735,0.0071120742659438775,0.01279940118824395,0.01349462439282326,0.0091136245706202,0.011787326922300074,0.019987326922300073,0.4217380021361654,0.4994986867444823,1.1724333828817584,1.2042269083271706,0.03179352544541225,40.40539433990508
2118-04-01,2118-04-01,stage_2_delta,pto_delta_mlp,473,0.901783462539422,1,0.9997361432492692,-0.008649615256749218,0.014297836374644006,0.005648221117894789,0.01349462439282326,0.0091136245706202,-0.002549615256749218,0.005650384743250782,0.5311062455298011,0.4994986867444823,0.5843646421688067,1.2042269083271706,0.6198622661583639,70.7755552735346
2118-07-01,2118-07-01,stage_2_delta,pto_delta_linear,474,0.8459177378984849,1,0.16267068266660417,0.004731961595994375,0.007433899597866154,0.01216586119386053,0.013036525450767576,0.0113485973323184,0.010831961595994376,0.019031961595994375,0.4267558914849943,0.4669511675409649,1.1649471380259195,1.1804831760276988,0.015536038001779273,40.42093037790686
2118-07-01,2118-07-01,stage_2_delta,pto_delta_mlp,474,0.8459177378984849,1,0.9701381086134567,-0.005018905769713239,0.014055132490630345,0.009036226720917105,0.013036525450767576,0.0113485973323184,0.0010810942302867613,0.009281094230286762,0.4678271600821246,0.4669511675409649,1.1620622162288974,1.1804831760276988,0.01842095979880143,70.79397623333338
2118-10-01,2118-10-01,stage_2_delta,pto_delta_linear,475,0.8268081162271138,1,0.783779588219625,9.599290784697743e-05,0.012526992623400925,0.012622985531247903,0.012879826553062334,0.0231607790212049,0.006195992907846978,0.014395992907846978,0.42226782573457416,0.3819820275929746,0.05868194477988298,1.1025210004849604,1.0438390557050774,41.464769433611934
2118-10-01,2118-10-01,stage_2_delta,pto_delta_mlp,475,0.8268081162271138,1,0.7973202613816154,0.008246717955717502,0.012638026143329246,0.020884744099046747,0.012879826553062334,0.0231607790212049,0.014346717955717504,0.022546717955717503,0.367948866962986,0.3819820275929746,1.0987546094931686,1.1025210004849604,0.003766390991791768,70.79774262432518
2119-01-01,2119-01-01,stage_2_delta,pto_delta_linear,476,0.5293250275853565,1,0.13775464445230948,0.0036125743319108017,0.0072295880845089375,0.010842162416419741,0.010440465226199923,0.0187350488491844,0.009712574331910803,0.0179125743319108,0.4425058913135627,0.4030076532060703,0.15826287578135623,1.126000145908926,0.9677372701275697,42.432506703739506
2119-01-01,2119-01-01,stage_2_delta,pto_delta_mlp,476,0.5293250275853565,1,0.018731190769778486,0.0005578618735319436,0.006253595764312183,0.006811457637844127,0.010440465226199923,0.0187350488491844,0.006657861873531944,0.014857861873531945,0.5182831015242774,0.4030076532060703,-1.6983374751709537,1.126000145908926,2.82433762107988,73.62208024540506
2119-04-01,2119-04-01,stage_2_delta,pto_delta_linear,477,0.6216034166222014,1,0.11075231256071932,0.004516486832746349,0.007008168962997898,0.011524655795744248,0.01119714801630205,0.0144080670823492,0.010616486832746349,0.01881648683274635,0.43578962722166475,0.4342410944933119,1.1194455166509687,1.154554799052932,0.035109282401963204,42.46761598614147
2119-04-01,2119-04-01,stage_2_delta,pto_delta_mlp,477,0.6216034166222014,1,0.7623454676932105,-0.004262350140658139,0.012351232835084325,0.008088882694426187,0.01119714801630205,0.0144080670823492,0.0018376498593418618,0.01003764985934186,0.4804731196448984,0.4342410944933119,0.10634732932420876,1.154554799052932,1.0482074697287231,74.67028771513378
2119-07-01,2119-07-01,stage_2_delta,pto_delta_linear,478,0.3425284372137315,0,0.2822818418144873,0.0015295119024341958,0.008414711102878796,0.009944223005312992,0.0089087331851526,0.0104178249746765,0.007629511902434196,0.015829511902434194,0.45098396136738056,0.4794445908485258,1.178509260924574,1.1897745970991094,0.0112653361745354,42.478881322316006
2119-07-01,2119-07-01,stage_2_delta,pto_delta_mlp,478,0.3425284372137315,0,0.9997604501035608,-0.0038766696487146303,0.014298035690849198,0.010421366042134568,0.0089087331851526,0.0104178249746765,0.00222333035128537,0.01042333035128537,0.4490115090607436,0.4794445908485258,1.1777285214002697,1.1897745970991094,0.012046075698839642,74.68233379083263
2119-10-01,2119-10-01,stage_2_delta,pto_delta_linear,479,0.3684002282494465,0,0.3111323870420493,0.0013289351371529095,0.008651285573744805,0.009980220710897714,0.009120881871645461,0.0058761279502371,0.00742893513715291,0.01562893513715291,0.45031915639664477,0.5658304699235606,1.1986982483840272,1.2496663125676435,0.050968064183616324,42.52984938649962
2119-10-01,2119-10-01,stage_2_delta,pto_delta_mlp,479,0.3684002282494465,0,0.06377146843704888,0.004311241028242831,0.006622926041183801,0.010934167069426633,0.009120881871645461,0.0058761279502371,0.010411241028242832,0.018611241028242832,0.4466457565502955,0.5658304699235606,1.1970774021359478,1.2496663125676435,0.05258891043169567,74.73492270126432
2120-01-01,2120-01-01,stage_2_delta,pto_delta_linear,480,0.0245369488394909,0,0.5032016696877688,-0.0040539260487676134,0.010226253691439703,0.006172327642672091,0.006301202980483826,0.0059708759045057,0.002046073951232387,0.010246073951232386,0.5140867014656355,0.5634798955353468,1.226347871746738,1.2480952624584192,0.02174739071168119,42.5515967772113
2120-01-01,2120-01-01,stage_2_delta,pto_delta_mlp,480,0.0245369488394909,0,0.00028017944084171776,-0.0020494098697200675,0.0061022974714149015,0.0040528876016948335,0.006301202980483826,0.0059708759045057,0.004050590130279932,0.012250590130279933,0.5883041846298903,0.5634798955353468,0.818472228579294,1.2480952624584192,0.42962303387912515,75.16454573514345
2120-04-01,2120-04-01,stage_2_delta,pto_delta_linear,481,0.017585532107722,0,0.650934712892123,-0.004952654053172218,0.011437664645715408,0.00648501059254319,0.0062442013632833205,0.0036470768004675,0.0011473459468277821,0.009347345946827783,0.508784266075767,0.631733409978515,1.2358363801054053,1.2928269023531285,0.05699052224772316,42.608587299459025
2120-04-01,2120-04-01,stage_2_delta,pto_delta_mlp,481,0.017585532107722,0,1.0005826755101658e-06,-0.0003064253151645949,0.006100008204777939,0.005793582889613344,0.0062442013632833205,0.0036470768004675,0.0057935746848354055,0.013993574684835405,0.5422731524914481,0.631733409978515,1.2513594579060447,1.2928269023531285,0.04146744444708372,75.20601317959053
2120-07-01,2120-07-01,stage_2_delta,pto_delta_linear,482,0.0939120960224061,0,0.4105738933961054,-0.001756357337769751,0.009466705925848064,0.007710348588078313,0.0068700791873837295,0.0066003205033383,0.00434364266223025,0.012543642662230249,0.4845410793056792,0.548570783217493,1.21028927544833,1.2380779617287183,0.02778868628038822,42.63637598573941
2120-07-01,2120-07-01,stage_2_delta,pto_delta_mlp,482,0.0939120960224061,0,0.11583610771114063,0.0008052213236194142,0.0070498560832313525,0.007855077406850767,0.0068700791873837295,0.0066003205033383,0.006905221323619415,0.015105221323619415,0.4875777618886397,0.548570783217493,1.211607185956666,1.2380779617287183,0.02647077577205237,75.23248395536258
2120-10-01,2120-10-01,stage_2_delta,pto_delta_linear,483,0.527794580928747,0,0.20346870179333532,0.0029717221893590705,0.00776844335470535,0.01074016554406442,0.010427915563615726,0.0074355945165389,0.009071722189359071,0.01727172218935907,0.4418708000336084,0.5305310134986357,1.1880796790393187,1.2258173718010743,0.03773769276175565,42.67411367850117
2120-10-01,2120-10-01,stage_2_delta,pto_delta_mlp,483,0.527794580928747,0,0.99923158310448,0.0053576356421311915,0.014293698981456736,0.019651334623587927,0.010427915563615726,0.0074355945165389,0.011457635642131193,0.01965763564213119,0.3751207566340631,0.5305310134986357,1.15966791990635,1.2258173718010743,0.06614945189472432,75.2986334072573
2121-01-01,2121-01-01,stage_2_delta,pto_delta_linear,484,0.3193604077690525,0,0.23309108540415904,0.0014740246060067719,0.008011346900314104,0.009485371506320875,0.00871875534370623,0.0028061142625562,0.007574024606006772,0.015774024606006774,0.4578192736009869,0.6656909417205229,1.216062704867245,1.314165422400097,0.09810271753285194,42.772216396034025
2121-01-01,2121-01-01,stage_2_delta,pto_delta_mlp,484,0.3193604077690525,0,0.002760967571318908,0.004730210030010423,0.006122639934084815,0.010852849964095239,0.00871875534370623,0.0028061142625562,0.010830210030010425,0.019030210030010423,0.45420905025333086,0.6656909417205229,1.2143589001856856,1.314165422400097,0.09980652221441133,75.39843992947172
2121-04-01,2121-04-01,stage_2_delta,pto_delta_linear,485,0.256877691264976,0,0.18433372237769605,0.0012985915854953156,0.007611536523497108,0.008910128108992423,0.008206397068372805,0.0055748134533884,0.007398591585495316,0.015598591585495316,0.4672522560038253,0.5735032255090147,1.2075776863729506,1.254779877783214,0.04720219141026338,42.81941858744429
2121-04-01,2121-04-01,stage_2_delta,pto_delta_mlp,485,0.256877691264976,0,0.9999924127126338,-0.009065564645040368,0.014299937784243598,0.005234373139203229,0.008206397068372805,0.0055748134533884,-0.002965564645040368,0.005234435354959632,0.5407745566307515,0.5735032255090147,1.2402401055798231,1.254779877783214,0.014539772203390866,75.41297970167511
2121-07-01,2121-07-01,stage_2_delta,pto_delta_linear,486,0.2061416889290108,0,0.17122435839690667,0.0015763954263785756,0.007504039738854634,0.009080435165233209,0.007790361849217889,0.0035375847625601,0.007676395426378576,0.015876395426378576,0.46507629709086046,0.6357144875049595,1.216085680325265,1.2953683049091171,0.07928262458385205,42.898701212028136
2121-07-01,2121-07-01,stage_2_delta,pto_delta_mlp,486,0.2061416889290108,0,4.931085384273418e-05,-0.0001016124241092577,0.00610040434900151,0.005998791924892253,0.007790361849217889,0.0035375847625601,0.005998387575890743,0.014198387575890743,0.5375402132843181,0.6357144875049595,1.24975416596438,1.2953683049091171,0.04561413894473709,75.45859384061984
2121-10-01,2121-10-01,stage_2_delta,pto_delta_linear,487,0.5794551495854483,1,0.0900625192426674,0.004313263119521376,0.006838512657789873,0.011151775777311248,0.010851532226600676,0.0124235401998981,0.010413263119521376,0.018613263119521377,0.441505927041871,0.4541356501793138,1.165902297189956,1.170648100027561,0.004745802837605062,42.90344701486574
2121-10-01,2121-10-01,stage_2_delta,pto_delta_mlp,487,0.5794551495854483,1,0.14579997223757574,0.007130970791451494,0.007295559772348121,0.014426530563799616,0.010851532226600676,0.0124235401998981,0.013230970791451495,0.021430970791451495,0.4064171793571383,0.4541356501793138,1.1527171880218432,1.170648100027561,0.017930912005717836,75.47652475262556
2122-01-01,2122-01-01,stage_2_delta,pto_delta_linear,488,0.3305954192071255,0,0.15293237858196718,0.0021719720132804075,0.007354045504372131,0.009526017517652538,0.008810882437498429,0.0057231307663712,0.008271972013280407,0.016471972013280406,0.4592254426451575,0.569688217674101,1.2033306487275495,1.2522401071789524,0.04890945845140293,42.952356473317145
2122-01-01,2122-01-01,stage_2_delta,pto_delta_mlp,488,0.3305954192071255,0,0.6958647927828187,-0.0028169100270726832,0.011806091300819112,0.008989181273746429,0.008810882437498429,0.0057231307663712,0.003283089972927317,0.011483089972927317,0.4656385635748266,0.569688217674101,1.2061701778953735,1.2522401071789524,0.04606992928357889,75.52259468190914
2122-04-01,2122-04-01,stage_2_delta,pto_delta_linear,489,0.5470397363620714,0,0.20426732848247597,0.0028423282001159562,0.007774992093556303,0.01061732029367226,0.010585725838168985,0.0125899750371255,0.008942328200115956,0.017142328200115957,0.4433631880998664,0.4522906727788161,1.1658622793443563,1.169202053591308,0.0033397742469516434,42.9556962475641
2122-04-01,2122-04-01,stage_2_delta,pto_delta_mlp,489,0.5470397363620714,0,0.9999977107109124,-0.006533220249681352,0.01429998122782948,0.0077667609781481295,0.010585725838168985,0.0125899750371255,-0.00043322024968135177,0.007766779750318648,0.488788231717965,0.4522906727788161,0.375906936707451,1.169202053591308,0.7932951168838569,76.315889798793
2122-07-01,2122-07-01,stage_2_delta,pto_delta_linear,490,0.2105625591479136,0,0.6154736953564576,-0.0017289573835544162,0.011146884301922953,0.009417926918368536,0.00782661298501289,0.0052783862106077,0.004371042616445584,0.012571042616445583,0.4587629718648207,0.5813606600546313,1.2051662044861235,1.259993869113094,0.05482766462697053,43.01052391219107
2122-07-01,2122-07-01,stage_2_delta,pto_delta_mlp,490,0.2105625591479136,0,0.9587482272376674,-0.006394081476266876,0.013961735463348873,0.007567653987081996,0.00782661298501289,0.0052783862106077,-0.0002940814762668756,0.007905918523733124,0.49177390840395496,0.5813606600546313,1.2199292280334166,1.259993869113094,0.04006464107967744,76.35595443987268
2122-10-01,2122-10-01,stage_2_delta,pto_delta_linear,491,0.2158698094338532,0,0.37155907831027585,-0.00014822985287693736,0.009146784442144262,0.008998554589267325,0.007870132437357596,0.0071890080944466,0.005951770147123063,0.014151770147123063,0.4638855452717295,0.5356617945828169,1.1985940032373124,1.2293221275199917,0.030728124282679348,43.04125203647375
2122-10-01,2122-10-01,stage_2_delta,pto_delta_mlp,491,0.2158698094338532,0,0.06282159528226662,0.002387819478174595,0.006615137081314586,0.009002956559489182,0.007870132437357596,0.0071890080944466,0.008487819478174596,0.016687819478174597,0.4736353185248503,0.5356617945828169,1.2027679778755158,1.2293221275199917,0.02655414964447589,76.38250858951714
2123-01-01,2123-01-01,stage_2_delta,pto_delta_linear,492,0.0266440270958786,0,0.10191309757424483,-0.0006956491098113004,0.0069356874001088075,0.006240038290297507,0.006318481022186204,0.0005502708990898,0.0054043508901887,0.0136043508901887,0.5201980935748948,0.946619776697292,1.257236548060885,1.4681009151924511,0.2108643671315662,43.252116403605314
2123-01-01,2123-01-01,stage_2_delta,pto_delta_mlp,492,0.0266440270958786,0,0.07247878791131769,0.0002830568887108344,0.006694326060872805,0.006977382949583639,0.006318481022186204,0.0005502708990898,0.006383056888710835,0.014583056888710835,0.508211523612123,0.946619776697292,1.251309221685803,1.4681009151924511,0.21679169350664806,76.5993002830238
2123-04-01,2123-04-01,stage_2_delta,pto_delta_linear,493,0.2355956910432975,0,0.4021386179221776,-0.0005871119068058161,0.009397536666961857,0.00881042476015604,0.00803188466655504,0.0042222951141549,0.005512888093194185,0.013712888093194184,0.466698029839922,0.6123072950984253,1.2136436468081728,1.2803002265446572,0.06665657973648442,43.3187729833418
2123-04-01,2123-04-01,stage_2_delta,pto_delta_mlp,493,0.2355956910432975,0,0.8174358523889235,-0.0024348822125908557,0.01280297398958917,0.010368091776998314,0.00803188466655504,0.0042222951141549,0.0036651177874091447,0.011865117787409145,0.4477740385747598,0.6123072950984253,1.2049806779341838,1.2803002265446572,0.07531954861047341,76.67461983163427
2123-07-01,2123-07-01,stage_2_delta,pto_delta_linear,494,0.6030306559265035,1,0.20483962224135094,0.0028471368297793543,0.007779684902379077,0.010626821732158431,0.01104485137859733,0.0150176037010634,0.008947136829779354,0.017147136829779353,0.44323490152285633,0.4289537353187401,0.8221240645158148,1.150058295628293,0.3279342311124782,43.646707214454274
2123-07-01,2123-07-01,stage_2_delta,pto_delta_mlp,494,0.6030306559265035,1,0.9321256231441168,-0.0029938659708989234,0.013743430109781758,0.010749564138882834,0.01104485137859733,0.0150176037010634,0.003106134029101077,0.011306134029101076,0.44418412331976626,0.4289537353187401,0.8003273566053715,1.150058295628293,0.3497309390229215,77.0243507706572
2123-10-01,2123-10-01,stage_2_delta,pto_delta_linear,495,0.5457806217625779,1,0.16937614644569696,0.0029608215558382567,0.007488884400854715,0.010449705956692971,0.01057540109845314,0.0199813235812067,0.009060821555838258,0.017260821555838256,0.44628649624841177,0.396212936819911,-0.1298347752988358,1.1189378794333666,1.2487726547322024,44.89547986918648
2123-10-01,2123-10-01,stage_2_delta,pto_delta_mlp,495,0.5457806217625779,1,0.6988289858894966,-0.0014420746782567635,0.011830397684293871,0.010388323006037108,0.01057540109845314,0.0199813235812067,0.0046579253217432365,0.012857925321743237,0.44644620486843034,0.396212936819911,-0.13381771130057474,1.1189378794333666,1.2527555907339414,78.27710636139113
2124-01-01,2124-01-01,stage_2_delta,pto_delta_linear,496,0.2973328437161262,0,0.29144066701281085,0.0009923944029039124,0.008489813469505048,0.00948220787240896,0.008538129318472237,0.0070323276662403,0.007092394402903913,0.015292394402903912,0.45722674025706805,0.5390049884143678,1.1964596875759876,1.2315978972845048,0.03513820970851711,44.930618078894994
2124-01-01,2124-01-01,stage_2_delta,pto_delta_mlp,496,0.2973328437161262,0,0.34278261707609675,0.0016886960345985687,0.008910817460023993,0.010599513494622561,0.008538129318472237,0.0070323276662403,0.007788696034598569,0.01598869603459857,0.44231032497510486,0.5390049884143678,1.1900504511336907,1.2315978972845048,0.04154744615081407,78.31865380754195
2124-04-01,2124-04-01,stage_2_delta,pto_delta_linear,497,0.3484271426958515,0,0.3013487706871304,0.0011907321670806955,0.00857105991963447,0.009761792086715165,0.008957102570105983,0.0119116255170105,0.007290732167080696,0.015490732167080697,0.4533003456304147,0.4600381087914227,1.1726547331763981,1.175221037640939,0.0025663044645409805,44.93318438335954
2124-04-01,2124-04-01,stage_2_delta,pto_delta_mlp,497,0.3484271426958515,0,0.9990986636576543,-0.0033353826663689505,0.014292609041992765,0.010957226375623814,0.008957102570105983,0.0119116255170105,0.00276461733363105,0.01096461733363105,0.4423922366192076,0.4600381087914227,1.1685000117671969,1.175221037640939,0.006721025873742237,78.3253748334157
2124-07-01,2124-07-01,stage_2_delta,pto_delta_linear,498,0.3247891433216655,1,0.37926154789191535,0.000431530373720925,0.009209944692713705,0.00964147506643463,0.008763270975237658,0.0197626176835499,0.0065315303737209255,0.014731530373720925,0.45469938931951376,0.3973490667647242,-0.3058341118203931,1.1201479564484962,1.4259820682688893,46.359166451628425
2124-07-01,2124-07-01,stage_2_delta,pto_delta_mlp,498,0.3247891433216655,1,0.8875835568882527,-0.004408555058316685,0.013378185166483671,0.008969630108166987,0.008763270975237658,0.0197626176835499,0.0016914449416833158,0.009891444941683316,0.4678738306219139,0.3973490667647242,-0.6334088818322059,1.1201479564484962,1.753556838280702,80.0789316716964
2124-10-01,2124-10-01,stage_2_delta,pto_delta_linear,499,0.23073020514493,1,0.39025018617476653,-0.0004699387074943635,0.009300051526633085,0.008830112819138721,0.007991987682188426,0.0095981614600125,0.0056300612925056365,0.013830061292505637,0.46639736566535955,0.4916722772021153,1.1884331106308736,1.198644639581078,0.010211528950204274,46.36937798057863
2124-10-01,2124-10-01,stage_2_delta,pto_delta_mlp,499,0.23073020514493,1,0.36693757314894987,-0.0016702779159735537,0.009108888099821388,0.0074386101838478345,0.007991987682188426,0.0095981614600125,0.004429722084026447,0.012629722084026447,0.4893489110593084,0.4916722772021153,1.1977059569433688,1.198644639581078,0.0009386826377091317,80.0798703543341
