split,model,date,feature_date,c_q_realised,pd_q_realised,pd_q_true,pd_a_true,k_irb_true,pd_q_hat,pd_q_hat_std,pd_a_hat,c_q_hat,k_irb_hat,alpha_oracle,alpha_bayes,alpha_hat,utility_oracle,utility_bayes_realised,utility,regret,regret_vs_bayes,regret_irreducible,alpha_oracle_panel,utility_oracle_panel,shortfall_realised_at_hat,shortfall_predicted_at_hat
main,linear,2205-01-01,2204-10-01,0.0008024878294395,0.0017833062876433333,0.0014497154844785,0.0057862640709047,0.0594250052790947,0.0018953452818095684,,0.007559854346760986,0.0008529053768143058,0.06643274871808828,0.6972163889528912,0.6956334966137285,0.6618782087264599,1.1115372766778813,1.1112840532832766,1.1058840469953033,0.005653229682577976,0.005400006287973325,0.0002532233946046514,0.6972163889528912,1.111537276677881,0.0,0.0
main,linear,2205-04-01,2205-01-01,0.0006968617081011,0.001548581573558,0.0016565249886489,0.0066096536793534,0.0628915989438518,0.0016249059699475765,,0.0064837991174351295,0.0007312076864764095,0.06238769892050921,0.6812524516970497,0.6785568053711748,0.6809915468017019,1.1097030244137276,1.109268940758011,1.1096610105376195,4.201387610813789e-05,-0.00039206977960848377,0.00043408365571662166,0.6812524516970497,1.1097030244137271,0.0,0.0
main,linear,2205-07-01,2205-04-01,0.0009482242415641,0.0021071649812535553,0.0017457557131661,0.0069647581472165,0.0642674152345095,0.0015411069616675377,,0.006150192417607614,0.000693498132750392,0.06100801177034381,0.6737834300181285,0.6719883783090246,0.6877395784398922,1.1068066384239716,1.106522090852296,0.9018880030601155,0.20491863536385613,0.2046340877921804,0.00028454757167573064,0.6737834224862129,1.1068066372300287,0.020713093271618854,0.0
main,linear,2205-10-01,2205-07-01,0.0009112524565611,0.0020250054590246667,0.0021898492364838,0.0087306662900275,0.0702519328854187,0.0021045252215117216,,0.008391563991973827,0.0009470363496802747,0.0692001547913297,0.6478228508229611,0.6446860954032554,0.6493423547152258,1.102930937295969,1.1024325461462767,1.0797169423029245,0.02321399499304455,0.02271560384335225,0.000498391149692301,0.6478228508229611,1.1029309372959688,0.002345542513039922,0.0
main,linear,2206-01-01,2205-10-01,0.0004936293289645,0.0010969540643655557,0.0015509632264095,0.0061894349015609,0.0611737340599231,0.002185935154557228,,0.00871511250072221,0.0009836708195507526,0.07020458701424712,0.6902865907079035,0.6869226278446524,0.6448944579909835,1.1125606901732845,1.112012149919566,1.105158880756975,0.007401809416309524,0.006853269162591102,0.0005485402537184214,0.6902865907079035,1.112560690173284,0.0,0.0
main,linear,2206-04-01,2206-01-01,0.0007512839166638,0.0016695198148084444,0.0014696911287128,0.0058658172561869,0.0597783507512836,0.0017547128954902291,,0.007000399079572728,0.0007896208029706031,0.06440190129888738,0.6957507299904833,0.6938571659306645,0.6713524385910151,1.1116590593039117,1.1113551665840946,1.107743446788026,0.00391561251588568,0.0036117197960685576,0.0003038927198171226,0.6957507299904833,1.111659059303911,0.0,0.0
main,linear,2206-07-01,2206-04-01,0.00045176561148,0.0010039235810666667,0.0012777982786268,0.005101404846591,0.0561977596479988,0.0019498318433761597,,0.007776545945573643,0.0008774243295192719,0.06718117236594129,0.7150542649393153,0.7122528492145644,0.6584462986083094,1.1168987472373881,1.1164407652285082,1.1076443442190207,0.00925440301836744,0.00879642100948752,0.00045798200887992024,0.7150542649393153,1.1168987472373877,0.0,0.0
main,linear,2206-10-01,2206-07-01,0.0003028332747415,0.0006729628327588889,0.0011649386063622,0.0046516182555363,0.053876157827682,0.0017126667080447078,,0.006833087554620643,0.0007707000186201185,0.06376497560456855,0.7279133249736172,0.7246699997739845,0.6743738271168035,1.1200850748362703,1.119550018070644,1.1112525746109656,0.008832500225304685,0.008297443459678311,0.0005350567656263738,0.7279133249736172,1.1200850748362698,0.0,0.0
main,linear,2207-01-01,2206-10-01,0.0007954316007399,0.001767625779422,0.0012117518182834,0.0048382043332297,0.0548604683335161,0.0012797596864402294,,0.005109220417832461,0.0005758918588981033,0.05623659374826815,0.7201710495754665,0.7193565238302594,0.7120485076256808,1.115260268220975,1.1151299068909533,1.1139602904388628,0.001299977782112105,0.0011696164520904606,0.0001303613300216444,0.720171049575467,1.115260268220975,0.0,0.0
main,linear,2207-04-01,2207-01-01,0.0007431410858784,0.0016514246352853333,0.001331518593322,0.0053154461623787,0.0572438443357052,0.0015826455783098936,,0.006315569561440304,0.0007121905102394522,0.06170012970131354,0.7082805654554465,0.7067861964690684,0.68433934247651,1.1137276111113237,1.1134876623915242,1.1098834027152806,0.0038442083960430473,0.0036042596762435597,0.00023994871979948762,0.7082805654554465,1.1137276111113232,0.0,0.0
main,linear,2207-07-01,2207-04-01,0.0007024276249683,0.0015609502777073334,0.0014481957986719,0.0057802117128981,0.0593979503157586,0.0016983704408630729,,0.006776194577746808,0.0007642666983883828,0.06354510510114979,0.6978348628616068,0.6957698495170735,0.6754225071119938,1.1123344721073503,1.11200205508966,1.1087266269196068,0.003607845187743486,0.0032754281700533294,0.0003324170176901564,0.6978348628616068,1.1123344721073505,0.0,0.0
main,linear,2207-10-01,2207-07-01,0.0006220513455861,0.0013823363235246665,0.0012755843911195,0.00509258317069,0.0561538671756083,0.0017811007564887404,,0.007105391697348251,0.0008014953404199332,0.06479439987802113,0.714408594366542,0.7124839320385421,0.6695025901511545,1.1155766555793392,1.1152652846961446,1.108311785274625,0.007264870304714233,0.006953499421519682,0.00031137088319455053,0.7144085943665418,1.1155766555793392,0.0,0.0
main,linear,2208-01-01,2207-10-01,0.0003907099998061,0.0008682444440135555,0.0011645245081456,0.0046499676436905,0.0538673098018926,0.0013881755294278264,,0.005541150626425573,0.0006246789882425219,0.05830922595329644,0.7274948328859449,0.7247180936847633,0.7012978934692199,1.1193767368646808,1.1189210936766094,1.1150780051046152,0.004298731760065566,0.0038430885719942243,0.00045564318807134185,0.7274948328859449,1.1193767368646803,0.0,0.0
main,linear,2208-04-01,2208-01-01,0.0004287518516627,0.0009527818925837777,0.0012196872241799,0.0048698303307644,0.0550242554578233,0.0016011190600693226,,0.006389111158639826,0.0007205035770311952,0.062002707093457024,0.7212248892315497,0.7184794204685083,0.682862413624919,1.118073516323668,1.1176240488196352,1.1117931002462609,0.006280416077407036,0.005830948573374295,0.00044946750403274116,0.7212248892315497,1.1180735163236677,0.0,0.0
main,linear,2208-07-01,2208-04-01,0.0005880329061218,0.001306739791381778,0.0014560244098183,0.0058113899394151,0.0595370594745435,0.0017201612936332822,,0.006862911796039595,0.000774072582134977,0.063879561527765,0.697714522195388,0.6950692841792353,0.6738284694359928,1.1131132487475257,1.112684403630792,1.1092408497341462,0.003872399013379546,0.0034435538966457457,0.0004288451167338003,0.697714522195388,1.1131132487475253,0.0,0.0
main,linear,2208-10-01,2208-07-01,0.0010453251462645,0.002322944769476667,0.001718531127541,0.0068564247077144,0.0638546770780435,0.001699895947240293,,0.006782265551614097,0.0007649531762581319,0.06356864807659895,0.6752194330282054,0.6739468358363221,0.6753100761181658,1.1063786262228301,1.1061781326730509,1.105050529227134,0.0013280969956961375,0.0011276034459168915,0.00020049354977924594,0.6752194330282054,1.10637862622283,0.00013423775197968224,0.0
main,linear,2209-01-01,2208-10-01,0.0011823955115599,0.0026275455812442223,0.0026572411813457,0.0105866741417343,0.0753619888610656,0.0026155319064855576,,0.010421153107709746,0.0011769893579185009,0.07494536923235139,0.6260000960951488,0.6228519407765263,0.624585398702171,1.0977662191053954,1.0972745526590506,1.0975452772618517,0.00022094184354370938,-0.0002707246028010868,0.0004916664463447962,0.6260000960951488,1.097766219105395,0.0,0.0
main,linear,2209-04-01,2209-01-01,0.0010344878523909,0.002298861894202,0.002461353239573,0.0098091230090389,0.0733427625028005,0.002573024481534958,,0.010252443290784896,0.001157861016690731,0.07451355788520031,0.6346093640724656,0.6313287107242271,0.6263904957092549,1.1000494163827095,1.0995322045805718,1.0987536696925113,0.001295746690198163,0.0007785348880604559,0.000517211802137707,0.6346093640724656,1.1000494163827093,0.0,0.0
main,linear,2209-07-01,2209-04-01,0.0006797526245929,0.0015105613879842221,0.0019540884678189,0.0077934729327026,0.0672387884362013,0.0020565639715641737,,0.008200913928735676,0.0009254537872038782,0.06859020205338014,0.6617321572785331,0.6581834052731528,0.6520694414110603,1.1066728607159175,1.1061007931139102,1.1051152070148982,0.0015576537010193459,0.0009855860990120036,0.0005720676020073423,0.6617321572785331,1.106672860715917,0.0,0.0
main,linear,2209-10-01,2209-07-01,0.0006289629530819,0.0013976954512931112,0.0014605048692134,0.0058292334869284,0.059616380983446,0.002004147507250309,,0.007992522568976645,0.0009018663782626391,0.06790737649618067,0.6971296231638364,0.6946703837500444,0.655146131430573,1.1127330896268646,1.1123354051101872,1.1059439236250888,0.006789166001775815,0.0063914814850984936,0.0003976845166773213,0.6971296231638364,1.112733089626864,0.0,0.0
main,linear,2210-01-01,2209-10-01,0.0006463421328499,0.0014363158507775555,0.0020310829628956,0.0080996135618415,0.068260420214028,0.0016879297327250242,,0.006734643518455208,0.0007595683797262609,0.06338344918883564,0.6574329649687035,0.6535522147620882,0.6761953947194271,1.106199471866905,1.1055725887558494,0.8238410701122801,0.2823584017546249,0.28173151864356927,0.0006268831110556317,0.6574329649687035,1.1061994718669048,0.02853892204641212,0.0
main,linear,2210-04-01,2210-01-01,0.0007475135617334,0.0016611412482964445,0.0014090441214593,0.0056242752399732,0.0586922954116679,0.002300780965015292,,0.00917141099133767,0.0010353514342568814,0.07155950938755809,0.7010665491475326,0.6993436661322028,0.6389770570889514,1.1125386127251313,1.1122620471627482,1.102571705432839,0.009966907292292326,0.009690341729909235,0.00027656556238309093,0.7010665491475326,1.112538612725131,0.0,0.0
main,linear,2210-07-01,2210-04-01,0.0005459167640541,0.0012131483645646665,0.0013647741265265,0.005447931020297,0.0578737508067706,0.001956251449882984,,0.007802074212144738,0.0008803131524473429,0.06726801921064339,0.7061166046385651,0.7035317122879059,0.6580500971311446,1.1147727806607874,1.1143526301065516,1.106960010521919,0.007812770138868386,0.007392619584632554,0.0004201505542358319,0.7061166046385651,1.1147727806607874,0.0,0.0
main,linear,2210-10-01,2210-07-01,0.0007803701755043,0.001734155945565111,0.0012679039983543,0.0050619786605703,0.0560011045506529,0.0017081787809729576,,0.006815227803898205,0.0007686804514378309,0.06369613650958783,0.7143802349755572,0.7132892875373305,0.6747018383563737,1.114441069182447,1.1142663034412623,1.1080847369237583,0.006356332258688591,0.006181566517504011,0.00017476574118457933,0.7143802349755571,1.1144410691824465,0.0,0.0
main,linear,2211-01-01,2210-10-01,0.000641896270103,0.0014264361557844443,0.0013351855393082,0.0053300553525587,0.0573139504114639,0.0019575515761971474,,0.007807244246478051,0.0008808982092887163,0.0672855742009281,0.7084368166840489,0.7064226107077124,0.6579700593607127,1.1144699557005888,1.114144498209598,1.1063154847031689,0.00815447099741995,0.007829013506429172,0.00032545749099077703,0.7084368166840489,1.1144699557005882,0.0,0.0
main,linear,2211-04-01,2211-01-01,0.0007431144263626,0.0016513653919168888,0.001663514852878,0.0066374741275165,0.0630018073375688,0.0015941786114126444,,0.006361482212338121,0.00071738037513569,0.0618894004433369,0.6805270752845332,0.6780263958746083,0.6834148090898761,1.1092714537760586,1.1088699225446432,1.0673015684864589,0.04196988528959977,0.041568354058184376,0.00040153123141539737,0.680527075284531,1.109271453776058,0.004243356540239496,0.0
main,linear,2211-07-01,2211-04-01,0.0015581030038577,0.0034624511196837777,0.0032518751068126,0.0129441897154717,0.0806451831033858,0.0019830490928143263,,0.007908632646798752,0.0008923720917664469,0.06762758839936706,0.6045829072845157,0.6015280468998564,0.6564141541259617,1.0921499039845883,1.0916842853113826,0.24274415526591153,0.8494057487186768,0.8489401300454711,0.0004656186732057144,0.6045829072845157,1.0921499039845883,0.08573058139740664,0.0
main,linear,2211-10-01,2211-07-01,0.0026557344849771,0.0059016321888379995,0.0052499613971614,0.0208350510606789,0.0929406078216865,0.0030680864583700895,,0.012215982339264242,0.0013806389062665403,0.07913049799896442,0.5592955555787201,0.5559790287213248,0.6075212304190206,1.0791082483947767,1.078639150030189,0.22367202863413382,0.8554362197606429,0.8549671213960552,0.000469098364587639,0.5592955555787201,1.0791082483947765,0.08622573872564665,0.0
main,linear,2212-01-01,2211-10-01,0.0014378412117737,0.0031952026928304443,0.0035021423345872,0.0139351509974449,0.0825662020846223,0.004058146383613348,,0.016134041277995337,0.0018261658726260066,0.08635538444633509,0.5980716610338381,0.5940578650694225,0.5797262837319569,1.0918767182354008,1.0912601125259114,1.0890584722439867,0.0028182459914141145,0.0022016402819247105,0.000616605709489404,0.5980716610338381,1.0918767182354003,0.0,0.0
main,linear,2212-04-01,2212-01-01,0.0037865039134857,0.008414453141079333,0.0076952541369566,0.0304275341812808,0.1031558223433096,0.002891125623136759,,0.011514447441603903,0.0013010065304115415,0.07757736466607676,0.5259218193931673,0.5217990779431134,0.613765069643213,1.0684408153848546,1.0679043025875945,-0.590399518394038,1.6588403337788926,1.6583038209816325,0.0005365127972600803,0.5259218193931673,1.0684408153848544,0.16702718117124493,0.0
main,linear,2212-07-01,2212-04-01,0.0035906400196107,0.007979200043579333,0.0080987443177766,0.032003559787484,0.1046264221304256,0.004868997260928154,,0.019334207395611203,0.0021910487674176695,0.09101061045994774,0.522419468461004,0.5171404838394064,0.5627946683936401,1.0690082681966504,1.068310948114674,0.3014913719371062,0.7675168962595442,0.7668195761775678,0.0006973200819764269,0.522419468461004,1.0690082681966502,0.0772850201761448,0.0
main,linear,2212-10-01,2212-07-01,0.0035833810075226,0.007963068905605776,0.0098325412636126,0.0387538848972672,0.1106010461167116,0.005578459706157446,,0.02212781696916144,0.0025103068677708507,0.09450469496214797,0.5066255740549118,0.4988982243459968,0.5505400425836834,1.0669587718412892,1.0659374774720454,0.20595968839612344,0.8609990834451657,0.8599777890759219,0.0010212943692438081,0.5066255740549118,1.066958771841289,0.08668030914331848,0.0
main,linear,2213-01-01,2212-10-01,0.0039086469687344,0.00868588215274311,0.0099816797240203,0.0393328834444037,0.111095475619211,0.007873577065765858,,0.03112429755849022,0.0035431096795946362,0.1038105576647343,0.5045303706275432,0.4974374791723256,0.5197167771441352,1.0650407912275495,1.0641264215499329,0.7659977436955574,0.29904304753199207,0.29812867785437547,0.0009143696776165999,0.5045303706275432,1.0650407912275492,0.030100078080880888,0.0
main,linear,2213-04-01,2213-01-01,0.0041743927081831,0.009276428240406889,0.0113369577564465,0.0445824832427136,0.115488064197259,0.00840059109032154,,0.03318131111369349,0.0037802659906446935,0.10570291642452304,0.49294482600296496,0.4847803134989812,0.5137725550463776,1.0622372778964644,1.0612064586104195,0.6423506244438237,0.41988665345264065,0.4188558341665958,0.0010308192860448706,0.4929448260029649,1.062237277896464,0.04225162807294658,0.0
main,linear,2213-07-01,2213-04-01,0.0047983793060634,0.010663065124585333,0.01212362983824,0.0476197311872698,0.1179675350378795,0.01127514336258173,,0.044343517725890735,0.005073814513161779,0.1152912246659356,0.4855172269767455,0.4778832137158896,0.4853353760173059,1.0582699359854681,1.0573537306701752,1.058248110923088,2.1825062380242954e-05,-0.0008943802529126632,0.0009162053152929062,0.4855172269767455,1.058269935985468,0.0,0.0
main,linear,2213-10-01,2213-07-01,0.0039303067572897,0.008734015016199333,0.0115570377665713,0.04543291696365,0.1161864342863809,0.010041332803666592,,0.039564400666118216,0.004518599761649966,0.11129255287922281,0.49184341014348043,0.4828199885240951,0.4968572947021455,1.0632987381199515,1.06213745143754,0.9620034174207117,0.10129532069923974,0.10013403401682819,0.0011612866824115553,0.4918434101434804,1.0632987381199517,0.010194059226148355,0.0
main,linear,2214-01-01,2213-10-01,0.0061872697960726,0.013749488435716889,0.0117385525534425,0.0461338995208038,0.1167596237426874,0.009241740219295025,,0.036457652348007796,0.004158783098682762,0.10861614518724816,0.4850909819940491,0.4812214636970324,0.5048372098896963,1.0514813971626105,1.0510707356255564,0.6465147549010417,0.40496664226156875,0.4045559807245147,0.00041066153705404673,0.4850909819940491,1.0514813971626105,0.04070622561535864,0.0
main,linear,2214-04-01,2214-01-01,0.0047419737008155,0.010537719335145556,0.0109894415415203,0.0432384533126755,0.1143774012444716,0.010505901649594307,,0.04136598891141019,0.004727655742317438,0.11281476323941138,0.49426802904372036,0.4879269639349425,0.49241528613958513,1.0595989689305527,1.0588343616320874,1.0593755647039158,0.00022340422663691406,-0.0005412030718283667,0.0007646072984652807,0.4942680290437203,1.0595989689305525,0.0,0.0
main,linear,2214-07-01,2214-04-01,0.0033300239103022,0.007400053134004889,0.009384137290108,0.0370114747542517,0.1090986456012922,0.012212210334837437,,0.047961275832077876,0.005495494650676847,0.11824387920631681,0.5111725096665811,0.5033824652916867,0.4771252296018548,1.0688548148291965,1.0678054977145213,1.0642686543452855,0.004586160483911028,0.003536843369235765,0.0010493171146752633,0.5111725096665811,1.0688548148291963,0.0,0.0
main,linear,2214-10-01,2214-07-01,0.0040170218103048,0.008926715134010665,0.0090202842526616,0.0355958729830682,0.1078600901628731,0.00721313338726759,,0.02854185625937733,0.0032459100242704154,0.10134221549283538,0.5126177962813856,0.5071310733799336,0.5276356804973996,1.0655278210951458,1.0648264545033237,0.7744830814155181,0.29104473967962763,0.29034337308780556,0.0007013665918220724,0.5126177962813856,1.065527821095145,0.029296447254351432,0.0
main,linear,2215-01-01,2214-10-01,0.0036309740744418,0.008068831276537333,0.0084597062618137,0.0334118418759287,0.1059116167965538,0.007932551205158234,,0.03135464528413101,0.003569648042321205,0.10402537499079302,0.5188266835454056,0.5131237441495607,0.5190364544033879,1.0683244204648084,1.0675733988972504,1.0643089474230472,0.004015473041761197,0.0032644514742032893,0.0007510215675579079,0.5188266835453262,1.0683244204647977,0.0004043097820433106,0.0
main,linear,2215-04-01,2215-01-01,0.0025935045035372,0.005763343341193778,0.0070215476765622,0.0277917601939782,0.1006014998386742,0.007152040489017963,,0.028302712596273927,0.0032184182200580835,0.1011073571082065,0.536495063323667,0.5300483988573403,0.5283988680269359,1.076217147009822,1.075301301912741,1.0750669613896071,0.0011501856202149607,0.00023434052313398013,0.0009158450970809806,0.536495063323667,1.076217147009822,0.0,0.0
main,linear,2215-07-01,2215-04-01,0.0035976063031045,0.007994680673565555,0.0080046370081376,0.0316361502085404,0.1042868464580636,0.006756441667675972,,0.026753101275618363,0.0030403987504541877,0.09955485910140133,0.5233288041940839,0.5182102867707122,0.5334860885759847,1.0690919290589582,1.0684161622372803,0.8763432046081627,0.1927487244507955,0.19207295762911758,0.0006757668216779145,0.5233288041940839,1.0690919290589582,0.01940897291238075,0.0
main,linear,2215-10-01,2215-07-01,0.0031529693157026,0.007006598479339111,0.0091325255047333,0.0360327236512073,0.1082441728867757,0.006340480409562588,,0.025121729463287834,0.0028532161843031647,0.09785435757214477,0.5138821523285972,0.505963576592975,0.5391422806769726,1.0701296550094115,1.0690490045490115,0.5820222064494782,0.48810744855993327,0.4870267980995333,0.0010806504603999567,0.5138821523285972,1.0701296550094117,0.049155470602652906,0.0
main,linear,2216-01-01,2215-10-01,0.0026449959232214,0.005877768718269778,0.008665480914103,0.0342139774442236,0.106633059859982,0.006808409001678228,,0.0269567696589339,0.003063784050755203,0.09976213818248836,0.5195397374719778,0.5108912669395597,0.5328026351640738,1.0735408710196432,1.0723166796632002,0.8201367014738232,0.25340416954582,0.252179978189377,0.0012241913564430273,0.5195397374719778,1.0735408710196428,0.025528153325483527,0.0
main,linear,2216-04-01,2216-01-01,0.0038919979217381,0.00864888427052911,0.0070311288569164,0.0278292827309405,0.1006388418720538,0.0055740755051374435,,0.022110571901951426,0.0025083339773118497,0.09448435951223386,0.532677520850931,0.5299263683799893,0.5506102783849314,1.068758025461872,1.0684029066437464,0.7344197901473801,0.3343382353144919,0.33398311649636625,0.0003551188181256659,0.532677520850931,1.0687580254618716,0.03366529960296705,0.0
main,linear,2216-07-01,2216-04-01,0.0040321920873566,0.008960426860792443,0.0084200413832939,0.0332571657513586,0.1057716572865638,0.005125350318849087,,0.020344323845715273,0.002306407643482089,0.0923241380974612,0.5181243744311547,0.5135587042276201,0.5581434365141787,1.066153124875955,1.0655701888744424,0.29887950684867026,0.7672736180272848,0.7666906820257722,0.0005829360015126017,0.5181243744311547,1.0661531248759546,0.07723831750024868,0.0
main,linear,2216-10-01,2216-07-01,0.005407167272233,0.012015927271628889,0.0100948439145322,0.0397720449269237,0.1114690133900175,0.006475124042481184,,0.025650016959934296,0.002913805819116533,0.09841328843942329,0.4998096181246565,0.4963387959182521,0.5372735003303161,1.056942473750233,1.056547048781979,0.31164767947044947,0.7452947942797836,0.7448993693115296,0.0003954249682540656,0.4998096181246565,1.0569424737502329,0.07495629917128022,0.0
main,linear,2217-01-01,2216-10-01,0.0043101438593279,0.00957809746517311,0.0105458741541226,0.0415208829346154,0.1129447463768616,0.010452836751937866,,0.04116033267550945,0.00470377653837204,0.11264197208889679,0.4988653436389474,0.4920391848055304,0.49291602931063305,1.062307563756174,1.061454986337946,1.0615645029552112,0.0007430608009628692,-0.00010951661726510409,0.0008525774182279733,0.4988653436389472,1.0623075637561736,0.0,0.0
main,linear,2217-04-01,2217-01-01,0.0049331978559829,0.010962661902184223,0.0126503950501893,0.0496494575179297,0.1196027909357486,0.009431949816644192,,0.03719737761663977,0.004244377417489886,0.10926004489719877,0.48138022560669397,0.4734285186226096,0.5028974339102087,1.0571244389331695,1.056180825598296,0.6126882740532984,0.44443616487987114,0.44349255154499767,0.0009436133348734721,0.4813802256066939,1.057124438933169,0.04469895694161652,0.0
main,linear,2217-07-01,2217-04-01,0.0084237167136759,0.018719370474835333,0.0133153642235001,0.0522070751116849,0.1216399996454025,0.012559613212943077,,0.04929988947296893,0.005651825945824385,0.11932234786571953,0.4689030069417206,0.4679801399764894,0.47418728311690933,1.0392766441995305,1.0391993422481665,0.9270250453689401,0.11225159883059033,0.11217429687922631,7.730195136401719e-05,0.4689030069417206,1.0392766441995305,0.01126942247726559,0.0
main,linear,2217-10-01,2217-07-01,0.0069572690619937,0.015460597915541555,0.013595682104932,0.0532836910649493,0.1224899418802012,0.022409185767173767,,0.08666847427917668,0.010084133595228195,0.146409765262104,0.47026245682852,0.4657394172237951,0.4092627969365581,1.0462866683280891,1.0458414777095768,1.0402826359318245,0.00600403239626468,0.0055588417777523436,0.00044519061851233666,0.47026245682852,1.0462866683280891,0.0,0.0
main,linear,2218-01-01,2217-10-01,0.0061071811337095,0.013571513630465555,0.0132836809691059,0.0520853316095115,0.1215436062055758,0.02620156854391098,,0.10075862153126214,0.011790705844759941,0.15490130390478216,0.47426903100435613,0.4682354543295355,0.39155891952968097,1.0507127284242068,1.0500675689992094,1.041868686020113,0.008844042404093866,0.008198882979096433,0.0006451594249974324,0.4742690310043559,1.0507127284242066,0.0,0.0
main,linear,2218-04-01,2218-01-01,0.0059824113349678,0.013294247411039555,0.0127321525649841,0.0499641936477274,0.1198548735531024,0.021278759464621544,,0.08243665808141964,0.009575441759079695,0.14366463313344416,0.47838354615177037,0.4727483132706668,0.4151972219309725,1.051749564263893,1.051139967950498,1.0449143276171335,0.006835236646759446,0.006225640333364479,0.0006095963133949667,0.4783835461517703,1.0517495642638923,0.0,0.0
main,linear,2218-07-01,2218-04-01,0.0063471422603936,0.014104760578652445,0.0130128191253195,0.0510440610807571,0.1207168025938663,0.017496077343821526,,0.068168962423231,0.007873234804719687,0.13376944096941606,0.4755927098102585,0.4704354536860975,0.4376575740909259,1.0497130293764054,1.0491739487304796,1.045747723606337,0.0039653057700683725,0.00342622512414259,0.0005390806459257824,0.4755927098102585,1.0497130293764052,0.0,0.0
main,linear,2218-10-01,2218-07-01,0.0046899752080344,0.010422167128965334,0.0125477686893767,0.0492542733826202,0.1192857160382653,0.02067931555211544,,0.08018664750861437,0.00930569199845195,0.14216891388107783,0.48268210391847716,0.4742865508626406,0.41848078328803073,1.0584529224509087,1.0574362188944242,1.0506781266057923,0.007774795845116422,0.0067580922886318895,0.0010167035564845328,0.4826821039184771,1.0584529224509085,0.0,0.0
main,linear,2219-01-01,2218-10-01,0.006111145146037,0.01358032254674889,0.0131564943011989,0.0515964963959921,0.1211559799182809,0.01382064912468195,,0.054147057508088015,0.006219292106106877,0.12316829958445705,0.4751335851888493,0.4692646196164243,0.4639644383090699,1.0507863392832668,1.050159014071801,1.0495924853848613,0.0011938538984055391,0.0005665286869396269,0.0006273252114659122,0.4751335851888493,1.0507863392832664,0.0,0.0
main,linear,2219-04-01,2219-01-01,0.0042902758947518,0.009533946432781777,0.0105361460101391,0.0414831879667556,0.1129131261133488,0.01495661586523056,,0.05849759447153402,0.006730477139353752,0.12654260596750935,0.49899351765999916,0.4921306345621208,0.45530683236339176,1.0624227123623389,1.061564184621128,1.0569576285610052,0.005465083801333703,0.004606556060122724,0.0008585277412109793,0.4989935176599991,1.0624227123623384,0.0,0.0
main,linear,2219-07-01,2219-04-01,0.0035002291175517,0.007778286927892666,0.0093956833166074,0.0370563700443917,0.1091376487324186,0.010069694370031357,,0.03967445894765975,0.004531362466514111,0.11138611718409093,0.5106264466645237,0.503265181000149,0.49658225626074887,1.0679121474715687,1.0669331160041584,1.066044302325572,0.0018678451459968048,0.0008888136785865086,0.0009790314674102962,0.5106264466645237,1.0679121474715687,0.0,0.0
main,linear,2219-10-01,2219-07-01,0.0050903373546564,0.011311860788125334,0.0103435882516243,0.0407368292866558,0.1122853796261714,0.007420181296765804,,0.02935200180643205,0.003339081583544612,0.10212937959457549,0.4985648321222241,0.4939522350576154,0.5250900300756862,1.0583802599098362,1.0578401403543811,0.5294553449146759,0.5289249149951603,0.5283847954397052,0.0005401195554550764,0.4985648321222241,1.058380259909836,0.053203092619152015,0.0
main,linear,2220-01-01,2219-10-01,0.0043035994637084,0.009563554363796445,0.0096843052806435,0.0381781307142545,0.1101070870835799,0.010760191828012466,,0.04235104687200897,0.00484208632260561,0.11363914813679213,0.5060455042991266,0.5003649697846996,0.49003845192862633,1.0632374731131156,1.0625276107675905,1.061237167734844,0.0020003053782715607,0.0012904430327465022,0.0007098623455250586,0.5060455042991266,1.0632374731131156,0.0,0.0
main,linear,2220-04-01,2220-01-01,0.0043623409018843,0.009694090893076221,0.0103924286111143,0.0409261769813744,0.1124449405932997,0.00881189201027155,,0.03478440232079438,0.0039653514046221975,0.10714187471713729,0.4999817891433946,0.4934881036675071,0.5093263943426957,1.062186030486315,1.06137836802392,0.8764495280024072,0.18573650248390794,0.18492884002151277,0.0008076624623951645,0.4999817891433946,1.0621860304863149,0.018689875262266176,0.0
main,linear,2220-07-01,2220-04-01,0.003335480890617,0.007412179756926666,0.0086492880490941,0.034150873716589,0.1065765615802164,0.010637134313583374,,0.0418744470018364,0.0047867104411125185,0.1132409483359808,0.5178340877781505,0.5110655180609966,0.4911840167866834,1.0697238697037883,1.0688125143407898,1.066135565802478,0.0035883039013102636,0.0026769485383117964,0.0009113553629984672,0.5178340877781505,1.069723869703788,0.0,0.0
main,linear,2220-10-01,2220-07-01,0.0051554074629427,0.011456461028761555,0.0099430023127426,0.0391827516989554,0.1109674887347844,0.006577078718692064,,0.026049903260835672,0.002959685423411429,0.09883095909015076,0.5016985096582591,0.4978148915503654,0.5358832024715352,1.0584207472141933,1.0579685157098335,0.38102222136840536,0.677398525845788,0.6769462943414282,0.0004522315043598013,0.5016985096582591,1.058420747214193,0.06813791940339387,0.0
main,linear,2221-01-01,2220-10-01,0.0033139208184329,0.007364268485406444,0.007936750484019,0.0313710457260171,0.1040406397911217,0.009602393954992294,,0.03785987309221006,0.004321077279746533,0.10983301617416642,0.5247840755087965,0.5189881634761324,0.5011819870092742,1.0707727959553712,1.069991154669352,1.067589799611822,0.003182996343549238,0.002401355057529919,0.0007816412860193189,0.5247840755087965,1.0707727959553712,0.0,0.0
main,linear,2221-04-01,2221-01-01,0.0015885459694439,0.0035301021543197777,0.0041811887070369,0.0166201528763263,0.087119791209568,0.0067308396100997925,,0.026652750918052637,0.003028877824544907,0.09945234542626782,0.5817053531891028,0.576896634198034,0.5338245807497136,1.0884858423936443,1.0877543663148592,1.0812024807045515,0.0072833616890928266,0.006551885610307728,0.0007314760787850982,0.5817053531891028,1.0884858423936443,0.0,0.0
main,linear,2221-07-01,2221-04-01,0.0016085974809919,0.003574661068870889,0.0044907412348634,0.0178423262464708,0.088944809306271,0.003574881935492158,,0.014223031638360473,0.0016086968709714711,0.08309700734309058,0.5755282776392533,0.5702204330485932,0.5920186659172394,1.0874308172668934,1.0866244812300427,0.8034099300500703,0.28402088721682306,0.2832145511799724,0.0008063360368506522,0.5755282776392533,1.0874308172668934,0.028652600847707932,0.0
main,linear,2221-10-01,2221-07-01,0.0025584960356037,0.005685546745786,0.0061930201951051,0.0245429084105865,0.0972320131407778,0.0033833151683211327,,0.013464734525905242,0.0015224918257445098,0.08167313147367965,0.5464764223088915,0.5412342016383952,0.597512921219826,1.0778264613476118,1.0770798902830006,0.15117545701499213,0.9266510043326197,0.9259044332680084,0.00074657106461129,0.5464764223088915,1.0778264613476116,0.09339193693483094,0.0
main,linear,2222-01-01,2221-10-01,0.0031631128005086,0.0070291395566857776,0.0054074899248196,0.0214551456410347,0.0937011655021726,0.003979111090302467,,0.01582169617033935,0.0017905999906361104,0.08585149952267042,0.5553572340972378,0.5533248895076991,0.581602549112347,1.0757334395680558,1.0754562910288752,0.606728157080372,0.4690052824876838,0.4687281339485032,0.0002771485391805939,0.5553572340972376,1.0757334395680556,0.04725843264914453,0.0
main,linear,2222-04-01,2222-01-01,0.0019630872144779,0.004362416032173111,0.0047932721910933,0.0190356759972156,0.0906099574522004,0.00494395149871707,,0.019629632832126265,0.0022247781744226813,0.09140132313089759,0.5689154414844363,0.564224191420276,0.5614054954939058,1.084409487876414,1.0837134511958433,1.083295243739559,0.0011142441368547917,0.0004182074562841809,0.0006960366805706109,0.5689154414844363,1.0844094878764134,0.0,0.0
main,linear,2222-07-01,2222-04-01,0.0028147491611298,0.0062549981358440004,0.0056226936869955,0.0223017966814504,0.0947091025599066,0.004225634504109621,,0.016795703587326738,0.0019015355268493296,0.08739018775636534,0.5533303902980419,0.5498347605964738,0.5759004531865972,1.0773846430508807,1.076895770468718,0.6726463121831097,0.404738330867771,0.40424945828560843,0.0004888725821625695,0.5533303902980419,1.0773846430508804,0.04078948107772262,0.0
main,linear,2222-10-01,2222-07-01,0.0016881226944439,0.003751383765430889,0.0036879875088056,0.0146705429840261,0.0838998508957716,0.005178079009056091,,0.020551995652989707,0.002330135554075241,0.09258665919198328,0.5924592615323659,0.5889543094161831,0.5572202973052165,1.0895317166881748,1.0890020526247584,1.0842064476504192,0.005325269037755653,0.004795604974339174,0.0005296640634164795,0.5924592615323659,1.0895317166881744,0.0,0.0
main,linear,2223-01-01,2222-10-01,0.0019356774978096,0.004301505550688,0.0040615539815936,0.0161475063309413,0.0863768777544712,0.0034178702626377344,,0.013601549599307261,0.0015380416181869805,0.08193626484884359,0.5830476936962595,0.5796464433760594,0.5964917479573826,1.0866660895325952,1.0861605167158936,0.8580820692083257,0.2285840203242695,0.2280784475075679,0.0005055728167016049,0.5830476936962595,1.0866660895325948,0.023058238790701235,0.0
main,linear,2223-04-01,2223-01-01,0.0014788644027844,0.003286365339520889,0.0030856821733374,0.0122857175163252,0.0792796686436282,0.003356627654284239,,0.01335906007074894,0.0015104824444279075,0.08146792691737903,0.6099103089051213,0.6069268542437875,0.5983111399469141,1.0934451854487501,1.0929880863146055,1.091668061044513,0.0017771244042370515,0.0013200252700924509,0.0004570991341446007,0.6099103089051213,1.09344518544875,0.0,0.0
main,linear,2223-07-01,2223-04-01,0.0016902507926569,0.003756112872570889,0.0033679948165337,0.0134040716208597,0.0815555442102236,0.003167640883475542,,0.012610486876407423,0.0014254383975639939,0.07996268191399179,0.6007961851108956,0.5979701209601801,0.6042170064000052,1.090778796817541,1.090351785611929,1.034357675884217,0.056421120933324076,0.055994109727711905,0.0004270112056121711,0.6007961851108956,1.0907787968175406,0.005693799845093994,0.0
main,linear,2223-10-01,2223-07-01,0.0013667242067141,0.003037164903809111,0.0046367072795426,0.0184182330688724,0.0897616407115544,0.0034845799673348665,,0.013865635179838742,0.00156806098530069,0.08243627311652346,0.5736301133130608,0.5672678369499465,0.5945586360082662,1.088529917420943,1.0875480097630923,0.7269163877122549,0.3616135297086882,0.36063162205083743,0.000981907657850778,0.5736301133130608,1.0885299174209428,0.036484348633569974,0.0
main,linear,2224-01-01,2223-10-01,0.0028178365460098,0.006261858991132889,0.0061273429184266,0.0242850244646584,0.0969511916365109,0.003647519974038005,,0.01451044741966645,0.0016413839883171022,0.08361566387888943,0.5465405846113462,0.5421819839328678,0.5900362968035715,1.076418197882752,1.07580877121158,0.28666305760066324,0.7897551402820888,0.7891457136109168,0.0006094266711720309,0.5465405846113462,1.0764181978827516,0.07958367818562828,0.0
main,linear,2224-04-01,2224-01-01,0.0021873477432613,0.004860772762802889,0.0049801190098381,0.0197721599715079,0.0915878353104259,0.004491777624934912,,0.017846416200886228,0.00202129993122071,0.08895070216927103,0.5650509743494009,0.5607440461981278,0.5701990510445847,1.0825689339549918,1.0819395775212983,0.9922130609349575,0.09035587302003423,0.08972651658634079,0.0006293564336934399,0.5650509743494009,1.082568933954991,0.009110814356541153,0.0
main,linear,2224-07-01,2224-04-01,0.0012152189238389,0.002700486497419778,0.0025131829266708,0.0100148986301951,0.0738928768563029,0.004539149347692728,,0.018033347801742927,0.0020426172064617275,0.08921860737309732,0.6316796286658304,0.6290003529239442,0.5692283208501269,1.0984458872302771,1.098028327971477,1.0887129876280002,0.009732899602276968,0.009315340343476919,0.00041755925880004874,0.6316796286658304,1.0984458872302767,0.0,0.0
main,linear,2224-10-01,2224-07-01,0.0019554558183624,0.004345457374138667,0.0046166751504994,0.0183392116045747,0.0896510699102683,0.0036819500382989645,,0.014646659094097347,0.001656877517234534,0.08385766390520553,0.5720610182173703,0.5676662591667062,0.5891147413761422,1.0849198505952033,1.0842674686462508,0.7893412785156977,0.29557857207950566,0.2949261901305531,0.0006523819489525629,0.5720610182173703,1.0849198505952031,0.02981101195484237,0.0
main,linear,2225-01-01,2224-10-01,0.0019006095653751,0.004223576811944667,0.0047498862798672,0.0188646047491324,0.0903776305666358,0.004467173013836145,,0.01774931442979577,0.0020102278562262655,0.08881043050771181,0.5698712222470277,0.565055462930794,0.5707082483150179,1.0849073383771537,1.084189819594236,1.070344145844862,0.014563192532291769,0.013845673749374177,0.0007175187829175922,0.5698712222470277,1.0849073383771533,0.0014687904314201194,0.0
main,linear,2225-04-01,2225-01-01,0.0019270402122806,0.004282311582845778,0.0039103686041324,0.0155499674605078,0.0854046119519452,0.004287876188755035,,0.017041504469265112,0.001929544284939766,0.08776396008694648,0.5864013903662065,0.5832739878755888,0.5745274781259475,1.0872152429837934,1.0867501056689637,1.0854492407910705,0.0017660021927228264,0.0013008648778931597,0.0004651373148296667,0.5864013903662065,1.0872152429837931,0.0,0.0
main,linear,2225-07-01,2225-04-01,0.0018736606783726,0.004163690396383556,0.0051767434096998,0.0205467358060529,0.0925800401505669,0.003231564536690712,,0.012863734970612328,0.0014542040415108203,0.08048236896121848,0.5628928589503607,0.5572435448906751,0.6021678181076076,1.0840192981441403,1.083176062358247,0.3921474711259658,0.6918718270181745,0.6910285912322811,0.0008432357858934036,0.5628928589503607,1.08401929814414,0.06977341406904158,0.0
main,linear,2225-10-01,2225-07-01,0.0019693196850012,0.004376265966669333,0.004897285663695,0.019445711452724,0.091158741441786,0.004192207008600235,,0.01666367483335518,0.0018864931538701058,0.08718709978141806,0.5671247010390745,0.5622674245505276,0.5766484276243953,1.0841084513984978,1.0833880842504653,0.917590965360433,0.1665174860380647,0.16579711889003224,0.0007203671480324747,0.5671247010390745,1.084108451398497,0.01679299194820083,0.0
main,linear,2226-01-01,2225-10-01,0.0015423705366202,0.0034274900813782224,0.0033355606369451,0.0132756350807375,0.0813046983083701,0.003613212378695607,,0.014374706208519772,0.0016259455704130232,0.08337208672470008,0.6022388703072548,0.5989472471946402,0.5909660351184847,1.0918873753159253,1.0913851516580717,1.0901674078928054,0.0017199674231198614,0.0012177437652662881,0.0005022236578535733,0.6022388703072548,1.091887375315925,0.0,0.0
main,linear,2226-04-01,2226-01-01,0.0014758480354735,0.0032796623010522222,0.0024416843970095,0.0097310248438849,0.0731308564078439,0.0031674872152507305,,0.012609878026073162,0.0014253692468628287,0.07996141910383585,0.6336866324848455,0.6322294605715882,0.604221999072427,1.0971071025408683,1.096883803302496,1.0925918973409585,0.0045152051999097775,0.00429190596153739,0.00022329923837238752,0.6336866324848455,1.097107102540868,0.0,0.0
main,linear,2226-07-01,2226-04-01,0.0009954767940519,0.002212170653448667,0.0027706497227008,0.0110366249081282,0.07646090799584,0.002600544597953558,,0.010361671701029751,0.001170245069079101,0.07479396370430894,0.6224464651771006,0.6183173072216129,0.6252173370143617,1.0983746960335186,1.0977221023062331,1.0542969118469638,0.044077784186554725,0.04342519045926929,0.0006525937272854332,0.6224464651771006,1.0983746960335186,0.004451570726908161,0.0
main,linear,2226-10-01,2226-07-01,0.0016912387796613,0.0037583083992473332,0.0033405056065738,0.0132952175420376,0.0813431114667043,0.0027235045563429594,,0.010849594114072714,0.0012255770503543319,0.07600994216177706,0.601560379067365,0.598797460522202,0.6201716382341715,1.0908883212694525,1.0904708785037511,0.784317319668904,0.3065710016005485,0.3061535588348472,0.00041744276570132577,0.601560379067365,1.0908883212694522,0.030938293230815983,0.0
main,linear,2227-01-01,2226-10-01,0.0018246735012702,0.004054830002822666,0.0035139785393191,0.0139819992968164,0.082653374786344,0.002776410197839141,,0.011059475617732906,0.0012493845890276134,0.07651545287625684,0.5963809838202385,0.5937222461028868,0.6180936367892215,1.0893099995034177,1.0889118448494988,0.7284880725960436,0.360821926907374,0.3604237722534551,0.0003981546539189029,0.5963809838202385,1.089309999503417,0.03640734675810153,0.0
main,linear,2227-04-01,2227-01-01,0.0015247780086283,0.0033883955747295554,0.0033345562526668,0.0132716576058801,0.0812968886518752,0.0032702970784157515,,0.013017159042651771,0.0014716336852870881,0.08079191640076618,0.6023310091867609,0.5989777096448154,0.6009523706767242,1.0920073987761472,1.0914951748270791,1.0917968086832806,0.0002105900928666138,-0.0003016338562014109,0.0005122239490680247,0.6023310091867606,1.092007398776147,0.0,0.0
main,linear,2227-07-01,2227-04-01,0.0017542653369632,0.0038983674154737776,0.0044157722306004,0.0175464386891887,0.0885148583836215,0.0031309816986322403,,0.012465231192681614,0.001408941764384508,0.07965954828796992,0.576471462320409,0.571783309036736,0.6054173350132048,1.086734366628857,1.0860289995251988,0.5889680268308859,0.497766339797971,0.49706097269431293,0.0007053671036580944,0.576471462320409,1.0867343666288567,0.050212145899922955,0.0
main,linear,2227-10-01,2227-07-01,0.0024206880921977,0.005379306871550444,0.0047399581351644,0.0188254547915529,0.0903241753578294,0.0032738239970058203,,0.01303112868615064,0.0014732207986526192,0.08081990751735078,0.5683598694986955,0.5652469704292512,0.6008426506728799,1.0817262383939956,1.0812786249274244,0.5148792260561401,0.5668470123378555,0.5663993988712843,0.00044761346657118395,0.5683598694986955,1.081726238393995,0.05715178127592202,0.0
main,linear,2228-01-01,2227-10-01,0.0016742081926698,0.003720462650377333,0.0035951575984469,0.0143032651497043,0.0832429068790774,0.004109482280910015,,0.016336879371930957,0.0018492670264095069,0.08667720522300058,0.594823428755412,0.5914600087450208,0.5785325415539778,1.0899717534547666,1.0894630095463889,1.0875076277731108,0.002464125681655771,0.001955381773278031,0.0005087439083777401,0.5948234287554119,1.0899717534547666,0.0,0.0
main,linear,2228-04-01,2228-01-01,0.0014512953666645,0.0032251008148099997,0.0045709481873699,0.0181588129226041,0.0893968753793565,0.0036540315486490726,,0.014536209490706553,0.0016443141968920827,0.08366161845995744,0.5745535733756736,0.568583679772098,0.5898611338932543,1.0881865309377068,1.087270229601569,0.8241109083586504,0.26407562257905637,0.26315932124291863,0.000916301336137737,0.5745535733756733,1.0881865309377063,0.026642513482946883,0.0
main,linear,2228-07-01,2228-04-01,0.0025005827328675,0.005556850517483333,0.0042466917475785,0.0168788666662759,0.0875172709768228,0.0038518784567713737,,0.015318720401859554,0.0017333453055471183,0.08501779945898459,0.5773076937861726,0.5754331134492855,0.5847264194043824,1.0825516360497445,1.082283581985365,0.9551069329238622,0.1274447031258823,0.12717664906150272,0.0002680540643795748,0.5773076937861726,1.082551636049744,0.01285055376579336,0.0
main,linear,2228-10-01,2228-07-01,0.0024711318790317,0.005491404175626,0.0043296496002135,0.0172064475076019,0.0880117051845162,0.003561435965821147,,0.014169821436111674,0.0016026461846195162,0.0829997638458694,0.5757621284362755,0.5736200181358118,0.5923914527434435,1.082500196074114,1.0821932559141547,0.7960601735557009,0.28644002251841316,0.2861330823584538,0.00030694015995935686,0.5757621284362755,1.082500196074114,0.02888228164677953,0.0
main,linear,2229-01-01,2228-10-01,0.0018600423621599,0.004133427471466444,0.0040174313213095,0.0159731458596373,0.0860971052667007,0.0038377083837985992,,0.015262691371608628,0.0017269687727093697,0.08492315375455746,0.5842583839202657,0.5806869080287207,0.5850826160055671,1.0872879550532168,1.0867543780679738,1.0733039267031175,0.013984028350099376,0.013450451364856342,0.0005335769852430339,0.5842583839202655,1.0872879550532164,0.0014107168274480886,0.0
main,linear,2229-04-01,2229-01-01,0.0016775758728715,0.003727946384158889,0.0045620485476989,0.0181236998225893,0.0893471081516788,0.003953592851758003,,0.01572083297688398,0.0017791167832911015,0.08568656349274395,0.5739714763486244,0.5687635403468155,0.5822186211838404,1.08679840102218,1.0860108348517168,0.9443600383461452,0.14243836267603482,0.14165079650557155,0.0007875661704632719,0.5739714763486244,1.0867984010221798,0.014368553089639469,0.0
main,linear,2229-07-01,2229-04-01,0.0014720035138763,0.003271118919725111,0.0035346807065309,0.0140639355125881,0.0828050909871248,0.0038201622664928436,,0.015193310014830486,0.0017190730199217797,0.08480544429851189,0.5970965708711476,0.5931388142850608,0.5855260510870077,1.0915229414018945,1.0909162966114494,1.0897494125359555,0.0017735288659390669,0.0011668840754939236,0.0006066447904451433,0.5970965708711476,1.091522941401894,0.0,0.0
main,linear,2229-10-01,2229-07-01,0.0015026799857282,0.003339288857173778,0.0048062865127658,0.0190869872855509,0.09067924890128,0.002902263542637229,,0.011558613082189306,0.0013060185941867531,0.0776780742978115,0.5701841682190165,0.563976597009462,0.6133571012999574,1.0872228968831767,1.0862733048501372,0.33665204636305446,0.7505708505201223,0.7496212584870827,0.0009495920330395702,0.5701841682190165,1.0872228968831763,0.07571751522530612,0.0
main,linear,2230-01-01,2229-10-01,0.0018668167095722,0.004148481576827111,0.0058277300391131,0.0231079360742196,0.0956391648027411,0.003230082569643855,,0.012857864372684102,0.0014535371563397347,0.08047044620394389,0.5533851130279206,0.5466417365246962,0.602214709837847,1.0826380128291193,1.0816310124572102,0.20754980418189461,0.8750882086472247,0.8740812082753155,0.0010070003719091503,0.5533851130279206,1.0826380128291135,0.0882380022240109,0.0
main,linear,2230-04-01,2230-01-01,0.0036341124563846,0.008075805458632445,0.0076324781092447,0.030182159222402,0.1029233955316546,0.004319433122873306,,0.017166109487710135,0.0019437449052929878,0.08795134129079746,0.5269883678982613,0.52254144981748,0.5738409382403336,1.0693826958854193,1.0687972196517466,0.18648861040754983,0.8828940854778695,0.8823086092441967,0.000585476233672777,0.5269883678982612,1.0693826958854191,0.08890626422004,0.0
main,linear,2230-07-01,2230-04-01,0.0040387497928598,0.008974999539688444,0.0066687260879926,0.0264092572122824,0.0992025240867073,0.006471300031989813,,0.02563501604286067,0.002912085014395416,0.09839753157709526,0.5363619198144531,0.5346508196759159,0.5373260576126863,1.068446486603343,1.0682281288333697,1.0505940556406292,0.017852430962713717,0.017634073192740463,0.00021835776997325418,0.5363619198144531,1.068446486603343,0.0017975466999488043,0.0
main,linear,2230-10-01,2230-07-01,0.0048707923978212,0.010823983106269334,0.0093540633518321,0.0368945286102938,0.1089969710115743,0.0053847613744437695,,0.02136569526540244,0.0024231426184996964,0.0935926665905855,0.5074396628830147,0.5036884225202137,0.5537024325960405,1.060533530841111,1.0600860375905756,0.15436231407836987,0.9061712167627411,0.9057237235122058,0.00044749325053539124,0.5074396628830147,1.060533530841111,0.09116899986043259,0.0
main,linear,2231-01-01,2230-10-01,0.0036196743179661,0.008043720706591333,0.0088857144762442,0.0350719224595272,0.1073970843303483,0.008123906329274178,,0.032101778478635934,0.00365575784817338,0.1047168854305488,0.514888619706867,0.5085444950487521,0.5168560808434426,1.067863996977094,1.0670278206854802,1.0299120438541052,0.037951953122988824,0.037115776831375014,0.0008361762916138105,0.514888619706867,1.067863996977094,0.0038211270908456996,0.0
main,linear,2231-04-01,2231-01-01,0.0048408519346186,0.010757448743596888,0.0097656904415081,0.0384942657772362,0.1103786008357917,0.005969698540866375,,0.02366582006520257,0.0026863643433898687,0.09626742043658038,0.5039828371621351,0.4995578308998263,0.5444997052125288,1.0602720537203298,1.0597428606695174,0.2611841717699648,0.7990878819503651,0.7985586888995526,0.0005291930508124487,0.5039828371621351,1.0602720537203294,0.08039333541919669,0.0
main,linear,2231-07-01,2231-04-01,0.0062192917479138,0.013820648328697335,0.0117782953541331,0.0462873286511197,0.1168847930859827,0.008665775880217552,,0.03421512690091222,0.0038995991460978987,0.1066340885999772,0.48472137143116883,0.480873627050102,0.5108880946719719,1.051286954146643,1.050879835539396,0.5142254964084587,0.5370614577381843,0.5366543391309373,0.00040711860724695903,0.4847213714311688,1.0512869541466427,0.053983008238342456,0.0
main,linear,2231-10-01,2231-07-01,0.0049703511880945,0.01104522486243222,0.0119525543067854,0.046959845827979,0.1174322400158687,0.013906027190387249,,0.05447456226955871,0.006257712235674263,0.12342487170449272,0.486375187600047,0.4793575276945168,0.4632961705127244,1.0575364766013322,1.0567063120796936,1.0548063099306622,0.0027301666706700534,0.00190000214903141,0.0008301645216386433,0.486375187600047,1.0575364766013318,0.0,0.0
main,linear,2232-01-01,2231-10-01,0.0052027089783526,0.011561575507450222,0.009941802823989,0.0391780954354038,0.1109635168885766,0.011551080271601677,,0.04540990347586782,0.005197986122220755,0.1161675791555135,0.5015894637656444,0.4978266170834228,0.4828727307918665,1.0581707898468224,1.0577344015663863,1.0560001558541088,0.0021706339927136664,0.0017342457122775379,0.00043638828043612854,0.5015894637656444,1.0581707898468222,0.0,0.0
main,linear,2232-04-01,2232-01-01,0.0044125083999611,0.009805574222135778,0.0086027519941566,0.0339695051155335,0.106413938037925,0.0074002500623464584,,0.02927403610473789,0.0033301125280559064,0.10205417237539424,0.5153936542366894,0.5115676332270597,0.5253324280200214,1.0638443456257034,1.0633703975945197,0.8722370896621265,0.19160725596357686,0.19113330793239314,0.0004739480311837241,0.5153936542366894,1.0638443456257032,0.0192838420731134,0.0
main,linear,2232-07-01,2232-04-01,0.0021369883183396,0.004748862929643556,0.0061799862869726,0.0244917344160444,0.0971764659515752,0.006766683422029018,,0.026793242896095748,0.0030450075399130585,0.09959579457134173,0.5479048120060066,0.5414214851515236,0.5333510059360991,1.0803393465888202,1.079388695614787,1.0782053203046635,0.0021340262841567093,0.001183375310123358,0.0009506509740333513,0.5479048120060066,1.08033934658882,0.0,0.0
main,linear,2232-10-01,2232-07-01,0.0023603445882682,0.005245210196151556,0.0066272041466405,0.0262464599116479,0.0990346262653276,0.006112700328230858,,0.024227522891721587,0.002750715147703886,0.09688826613667674,0.5417265608266033,0.535207172052351,0.5423946830794363,1.0782234486571871,1.0772820713832336,1.0659868517888396,0.012236596868347549,0.011295219594394057,0.000941377273953492,0.5417265608266033,1.078223448657187,0.0012333071419385888,0.0
main,linear,2233-01-01,2232-10-01,0.0024428811940583,0.00542862487568511,0.0050144521129601,0.0199074437878018,0.0917637035191603,0.004961713217198849,,0.019699629276115016,0.002232770947739482,0.09149307993455316,0.5636769267292787,0.5601213463520888,0.5610799495760653,1.0809277660522034,1.0804172871532092,1.0805549149569535,0.0003728510952498709,-0.00013762780374437789,0.0005104788989942488,0.5636769267292787,1.0809277660522032,0.0,0.0
main,linear,2233-04-01,2233-01-01,0.002724141828613,0.006053648508028889,0.005471034145765,0.0217051974400508,0.0940023769312509,0.004411097150295973,,0.01752798487476026,0.0019849937176331877,0.0884878024355364,0.5557824356133438,0.552278647660851,0.5718818612568076,1.0782311473784145,1.0777379591555951,0.7908260359135095,0.287405111464905,0.2869119232420856,0.0004931882228194073,0.5557824356133438,1.078231147378414,0.028967124378488696,0.0
main,linear,2233-07-01,2233-04-01,0.0026026685458925,0.005783707879761111,0.0057086402020389,0.0226397724541536,0.0951023756538062,0.005126084666699171,,0.020347216299526627,0.0023067381000146272,0.09232781133754875,0.5527761729041067,0.5484813947878082,0.5581305050916646,1.0784794654665264,1.077869721582137,0.9823772684735734,0.09610219699295297,0.09549245310856347,0.000609743884389502,0.5527761729041061,1.078479465466526,0.009686236928077463,0.0
main,linear,2233-10-01,2233-07-01,0.0035985482213994,0.007996773825332,0.0066542209192359,0.0263523883399297,0.0991439536944596,0.004428668413311243,,0.017597342084815892,0.0019929007859900596,0.08858934178323524,0.5378006447351964,0.5348448031175896,0.571512124914399,1.0709974927797201,1.0706072787739198,0.4486084593962023,0.6223890333835178,0.6219988193777175,0.0003902140058003045,0.5378006447351811,1.070997492779718,0.06268394381832276,0.0
main,linear,2234-01-01,2233-10-01,0.0051606744094666,0.011468165354370221,0.0113273821460697,0.0445454682500978,0.115457591933787,0.005062195472419262,,0.02009554518668899,0.002277987962588668,0.09200638719929406,0.4906331500421575,0.4848661688235097,0.5592636557867352,1.057106389788497,1.056435152067713,-0.3337203573177121,1.390826747106209,1.3901555093854252,0.0006712377207838127,0.4906331500421575,1.0571063897884967,0.13988148751242502,0.0
main,linear,2234-04-01,2234-01-01,0.0053658521602656,0.011924115911701333,0.0106496689728015,0.0419230016807231,0.1132815718897174,0.010647607035934925,,0.041915014619324675,0.0047914231661707165,0.11327489035071431,0.4954237006631628,0.4910669342899716,0.4910861880398447,1.0566474783669093,1.0561493192587663,1.056151520760992,0.0004959576059173632,-2.201502225629426e-06,0.0004981591081429926,0.4954237006631628,1.056647478366909,0.0,0.0
main,linear,2234-07-01,2234-04-01,0.0045027615954911,0.010006136878869112,0.0086050455954279,0.0339784447452801,0.1064219621359022,0.008979401551187038,,0.03543671781439939,0.004040730698034167,0.1077197233272823,0.5151327350561902,0.5115428397498302,0.5075588738121891,1.063347100529527,1.0629056425452312,1.0624157247559254,0.0009313757736015837,0.0004899177893058493,0.00044145798429573446,0.5151327350561902,1.0633471005295267,0.0,0.0
main,linear,2234-10-01,2234-07-01,0.0037329599696481,0.008295466599218,0.0067379438961675,0.0266805978034244,0.0994808183439256,0.009381731040775776,,0.03700211815488397,0.0042217789683490995,0.10909051493240142,0.5364410340020809,0.5337305340964901,0.5034069203031675,1.0700969646522855,1.069742782544599,1.0657803837915765,0.004316580860709074,0.003962398753022622,0.00035418210768645153,0.5364410340020809,1.070096964652285,0.0,0.0
main,linear,2235-01-01,2234-10-01,0.003807731833345,0.008461626296322222,0.0073683232024039,0.0291491369106027,0.1019334553077503,0.006361674517393112,,0.025204900866527713,0.0028627535328269007,0.09794291225735575,0.5292652209141258,0.5257218710717935,0.5388455656770178,1.0687635568140021,1.0683031953004036,0.8889961744238093,0.17976738239019285,0.17930702087659434,0.0004603615135985173,0.5292652209141258,1.068763556814002,0.018101208647307798,0.0
main,linear,2235-04-01,2235-01-01,0.00179708592491,0.003993524277577778,0.0055657483819434,0.0220778168909658,0.0944456973988817,0.006644048262387514,,0.026312503999951997,0.0029898217180743814,0.0991028247705184,0.5572806971145017,0.5507438444914083,0.5349810873172836,1.0836083441451512,1.0826276257628928,1.0802627528481943,0.0033455912969568846,0.002364872914698557,0.0009807183822583276,0.5572806971145013,1.0836083441451507,0.0,0.0
main,linear,2235-07-01,2235-04-01,0.004168831082167,0.009264069071482223,0.00697493719806,0.0276092052477145,0.1004193727061163,0.003953392151743174,,0.015720039660822693,0.0017790264682844281,0.08568526184339917,0.5325148082951805,0.5306442019652371,0.5822234869526962,1.0672628449482389,1.0670265655029154,0.14007135029651097,0.9271914946517279,0.9269552152064044,0.0002362794453234507,0.5325148082951805,1.0672628449482384,0.09334702818197815,0.0
main,linear,2235-10-01,2235-07-01,0.0036784576289806,0.008174350286623555,0.0083674301742641,0.0330519758140518,0.1055855514386624,0.004603290464729071,,0.018286409891384747,0.002071480709128082,0.08957692515242825,0.5195776603398118,0.5141380095416529,0.5679336382983473,1.0681766028518396,1.0674628367675234,0.1438431618613294,0.9243334409905102,0.923619674906194,0.0007137660843161697,0.5195776603398118,1.0681766028518394,0.09306784911272603,0.0
main,linear,2236-01-01,2235-10-01,0.0045364498448368,0.010080999655192888,0.0100811247822602,0.0397188124809408,0.1114238016481352,0.006885436829179525,,0.027258595360427962,0.0030984465731307867,0.10006743987297433,0.5021082151070005,0.4964715554457489,0.5317983526797825,1.0615762927928418,1.0608850382082078,0.47390799137984696,0.5876683014129949,0.5869770468283608,0.0006912545846340379,0.5021082151070005,1.0615762927928412,0.05913093663253699,0.0
main,linear,2236-04-01,2236-01-01,0.0045641906571081,0.010142645904684666,0.0092111291844749,0.0363385662034934,0.1085120581219707,0.010080832056701183,,0.0397176766344417,0.004536374425515533,0.1114228367463286,0.5094859889983456,0.505151964619149,0.4964743893893361,1.0623397342425847,1.0618094312826716,1.0607476597219658,0.0015920745206188247,0.0010617715607057487,0.000530302959913076,0.5094859889983456,1.0623397342425849,0.0,0.0
main,linear,2236-07-01,2236-04-01,0.0032992741338405,0.007331720297423333,0.0089631019577513,0.03537325847865,0.1076636889718824,0.011800958774983883,,0.046374813667930836,0.005310431448742748,0.11695611854576021,0.5150312806061431,0.5077298258757282,0.4806756225746052,1.069532961319606,1.0685472119322108,1.0648946981092529,0.004638263210353211,0.003652513822957948,0.0009857493873952627,0.5150312806061431,1.0695329613196058,0.0,0.0
main,linear,2236-10-01,2236-07-01,0.0051022336594193,0.011338297020931778,0.0114142706015233,0.0448813004507333,0.115733829228898,0.005852584261447191,,0.023205621285561917,0.002633662917651236,0.09575004613961118,0.4901094339921516,0.4840888499568692,0.5462628178531825,1.0573318564015446,1.0566275825487583,-0.08183091766619888,1.1391627740677435,1.1384585002149572,0.0007042738527862635,0.4901094339921516,1.057331856401544,0.11457314657041362,0.0
main,linear,2237-01-01,2236-10-01,0.0047004521904743,0.010445449312165112,0.0108195988349223,0.0425810656519917,0.1138308968506828,0.012710549868643284,,0.04988103887380746,0.0057197474408894776,0.11978831035697157,0.49570876958118226,0.4894884922967146,0.47292775385717295,1.0599785195714868,1.0592258941475674,1.0572221196824647,0.0027563998890220986,0.0020037744651026923,0.0007526254239194063,0.4957087695811822,1.0599785195714866,0.0,0.0
main,linear,2237-04-01,2237-01-01,0.0045775129026402,0.010172250894756001,0.0110897928588626,0.0436267107230041,0.1146991465472247,0.010433018207550049,,0.041083516216020355,0.0046948581933975225,0.11257736937448871,0.4938840776621713,0.4870117286371358,0.49310347238332725,1.0603649176681733,1.0595249456953026,1.0602695082886853,9.540937948804284e-05,-0.000744562593382625,0.0008399719728706678,0.4938840776621713,1.060364917668173,0.0,0.0
main,linear,2237-07-01,2237-04-01,0.0034559197131993,0.007679821584887333,0.009110400476792,0.0359466232681614,0.1081686092812725,0.011184515431523323,,0.04399308220070952,0.005033031944185496,0.11500207625821288,0.5132823902333835,0.5061929093952473,0.48615277119334555,1.0684928142507524,1.067546788235794,1.0648726161045465,0.003620198146205844,0.002674172131247543,0.0009460260149583011,0.5132823902333835,1.0684928142507522,0.0,0.0
main,linear,2237-10-01,2237-07-01,0.003104955676038,0.006899901502306666,0.0081566321457978,0.0322295109331806,0.1048343378921349,0.008963998407125473,,0.0353767487134421,0.004033799283206463,0.1076667718274714,0.5231786584983981,0.5164872123890646,0.5077204185974556,1.0716495491748654,1.0707331526642776,1.069532536368727,0.0021170128061385185,0.0012006162955506827,0.0009163965105878358,0.5231786584983981,1.071649549174865,0.0,0.0
main,linear,2238-01-01,2237-10-01,0.0037580333020298,0.008351185115621778,0.0082386012367719,0.0325493898035191,0.1051275286837905,0.007596991956233978,,0.030043432593188313,0.0034186463803052903,0.10279154420787463,0.520601327414332,0.5155682715199725,0.522963317960495,1.067896651750568,1.0672402422769354,1.022834418929916,0.045062232820652026,0.04440582334701948,0.0006564094736325465,0.520601327414332,1.067896651750568,0.004537028284109179,0.0
main,linear,2238-04-01,2238-01-01,0.0024730916665178,0.005495759258928444,0.006915220209022,0.0273752796768791,0.1001848829299863,0.007064249832183123,,0.02795898521092932,0.0031789124244824053,0.10076768068375085,0.5380452413300455,0.531412784767833,0.5295056420838715,1.0770852485180187,1.0761350225460922,1.0758617879619727,0.001223460556045941,0.0002732345841194306,0.0009502259719265105,0.5380452413300455,1.0770852485180185,0.0,0.0
main,linear,2238-07-01,2238-04-01,0.0017940448774387,0.0039867663943082225,0.0039871407589902,0.0158534325735993,0.0859031690689935,0.004423977807164192,,0.017578827704716193,0.0019907900132238865,0.0885622761081348,0.5851470402411508,0.5814097464983378,0.5716106474064915,1.0878069022595829,1.0872460856377375,1.0857756372256002,0.0020312650339826543,0.0014704484121372818,0.0005608166218453725,0.5851470402411508,1.0878069022595822,0.0,0.0
main,linear,2238-10-01,2238-07-01,0.0014699578999912,0.0032665731110915557,0.0033966773781348,0.0135176416316968,0.081775223846883,0.004112498369067907,,0.016348795546084927,0.0018506242660805583,0.08669598229066929,0.6007984039241466,0.5971164016421722,0.5784630010163853,1.0921026482577525,1.0915381957578023,1.0886786215887863,0.00342402666896624,0.0028595741690160548,0.0005644524999501854,0.6007984039241466,1.0921026482577525,0.0,0.0
main,linear,2239-01-01,2238-10-01,0.0031605397070421,0.007023421571204667,0.0058779313889897,0.0233052362297071,0.0958627298561259,0.002734699286520481,,0.010894007415698237,0.0012306146789342165,0.0761177673931177,0.5487773260908494,0.5458781240940797,0.619727442983799,1.0748502654889176,1.0744548299837553,-0.20834861134262606,1.2831988768315437,1.2828034413263814,0.0003954355051623004,0.5487773260908494,1.0748502654889174,0.12928760898529645,0.0
main,linear,2239-04-01,2239-01-01,0.001808922727313,0.004019828282917778,0.0043456023950406,0.0172694319164377,0.088105671417846,0.005372216925024986,,0.02131632276310169,0.002417497616261244,0.0935326086118351,0.5776520449831434,0.5732763703220943,0.5539115728891335,1.0865962644306797,1.0859403036610402,1.083037311914166,0.0035589525165136138,0.0029029917468741395,0.0006559607696394743,0.5776520449831434,1.0865962644306792,0.0,0.0
main,linear,2239-07-01,2239-04-01,0.0016510262862895,0.0036689473028655556,0.0033085383950997,0.0131686197693908,0.0810937002147678,0.0039686886593699455,,0.01578050148651078,0.0017859098967164756,0.08578426932883268,0.6026102914163416,0.5997710566223435,0.5818535513261771,1.0912892746427758,1.0908591597101622,1.0881448415426935,0.003144433100082278,0.002714318167468699,0.0004301149326135789,0.6026102914163416,1.0912892746427754,0.0,0.0
main,linear,2239-10-01,2239-07-01,0.0006819681365356,0.001515484747856889,0.00175681394881,0.007008759103099,0.0644333544222046,0.002928999485448003,,0.011664624152268988,0.0013180497684516014,0.07791815165068008,0.6742391643739121,0.671203858802061,0.6123863091529969,1.1086740833497433,1.1081848518305182,1.0987046204367736,0.009969462912969629,0.009480231393744543,0.0004892315192250862,0.6742391643739121,1.1086740833497428,0.0,0.0
main,linear,2240-01-01,2239-10-01,0.0005571494075212,0.0012381097944915555,0.0014298252670594,0.0057070463548332,0.0590689320086603,0.0026421756483614445,,0.010526889772856096,0.0011889790417626501,0.07521230079267757,0.7001522235459577,0.6974319919283578,0.6234738423036329,1.113724679590488,1.1132828364330718,1.101269924688566,0.01245475490192205,0.012012911744505805,0.000441843157416244,0.7001522235459577,1.113724679590488,0.0,0.0
main,linear,2240-04-01,2240-01-01,0.0005559918957554,0.001235537546123111,0.0024174008543361,0.0096345969293395,0.0728667909983727,0.0020555632654577494,,0.008196935743765232,0.0009250034694559872,0.06857732658424696,0.6384767054509335,0.6333549478507039,0.6521272216334517,1.1037142077771636,1.102882229057502,0.8921335734074156,0.21158063436974794,0.21074865565008638,0.0008319787196615636,0.6384767054509335,1.1037142077771631,0.021379802532470737,0.0
main,linear,2240-07-01,2240-04-01,0.001281294377046,0.0028473208378799997,0.0026577341730329,0.0105886304287937,0.0753668720586639,0.0026209386996924877,,0.010442610849840106,0.0011794224148616195,0.07499976719525824,0.6255936451350714,0.6228316657072996,0.6243586089784663,1.0970840361844192,1.0966554127276569,1.0968923745589385,0.0001916616254806769,-0.00023696183128163462,0.0004286234567623115,0.6255936451350714,1.097084036184419,0.0,0.0
main,linear,2240-10-01,2240-07-01,0.0018758959991896,0.004168657775976889,0.0033061725230243,0.0131592498682384,0.0810751387200308,0.002429340733215213,,0.00968201006856828,0.0010932033299468457,0.07299696812504522,0.6018620221094914,0.5998436149359492,0.6327996900854821,1.089822514121001,1.0895212849352616,0.5804073560946794,0.5094151580263215,0.5091139288405822,0.0003012291857393823,0.6018620221094904,1.0898225141210007,0.05140323277704839,0.0
main,linear,2241-01-01,2240-10-01,0.0009981553997542,0.0022181231105648886,0.0023611887225407,0.0094113562424918,0.0722449143480662,0.0031216936185956,,0.012428426236383405,0.0014047621283680201,0.07958214102966324,0.6392101525850432,0.6360188922551497,0.605724447621812,1.1010069949804826,1.1005027169823631,1.095715635918896,0.00529135906158662,0.004787081063467147,0.0005042779981194734,0.6392101525850429,1.1010069949804824,0.0,0.0
main,linear,2241-04-01,2241-01-01,0.0021607777085731,0.004801728241273556,0.0041019542810519,0.0163071367459547,0.086630275945369,0.0026770909316837788,,0.010665439525103793,0.0012046909192577006,0.07555785662037658,0.5814255852491063,0.5787063970552789,0.6220397196115409,1.0851161838838466,1.0847181158796295,0.3925350982357383,0.6925810856481083,0.6921830176438912,0.0003980680042170448,0.5814255852491063,1.085116183883846,0.06985266790591638,0.0
main,linear,2241-07-01,2241-04-01,0.0021400682052526,0.004755707122783555,0.0056832034042409,0.0225397540107692,0.094986507978774,0.003037260379642248,,0.01209380380409486,0.0013667671708390116,0.07886694348183648,0.5545494267668057,0.5488796389828948,0.6085736203095671,1.0812965677321764,1.080465380710148,0.11501674702400555,0.9662798207081709,0.9654486336861425,0.0008311870220283346,0.5545494267668057,1.0812965677321762,0.0974199730634202,0.0
main,linear,2241-10-01,2241-07-01,0.0033079824368071,0.007351072081793556,0.0055954616244002,0.022194691130097,0.0945834258356051,0.004906234331429005,,0.01948098232892903,0.0022078054491430524,0.09120542985323425,0.5522073044603837,0.5502682419432581,0.5621013952377479,1.074503906503029,1.0742422878476567,0.8966654934192759,0.17783841308375314,0.1775767944283808,0.000261618655372331,0.5522073044603837,1.0745039065030286,0.017917332554915344,0.0
main,linear,2242-01-01,2241-10-01,0.0029421645134581,0.006538143363240222,0.0055996807174706,0.0222112856856859,0.0946029313554153,0.0038634957745671272,,0.015364653953282459,0.0017385730985552074,0.08509512012825103,0.5532653525274696,0.5502009345624767,0.5844356723164781,1.0766706023572927,1.076245940357084,0.5176019717911526,0.5590686305661401,0.5586439685659315,0.000424662000208631,0.5532653525274694,1.0766706023572927,0.056338816220313004,0.0
main,linear,2242-04-01,2242-01-01,0.0025719669969613,0.005715482215469555,0.0074934206881343,0.0296384545407657,0.1024047400409234,0.004195722285658121,,0.016677559767153793,0.0018880750285461545,0.08720853537924474,0.5314153929006636,0.5242040070372821,0.5765694125863134,1.075609957485134,1.0745839191245157,0.23234114238220793,0.8432688151029262,0.8422427767423077,0.001026038360618431,0.5314153929006622,1.0756099574851337,0.0849693343925999,0.0
main,linear,2242-07-01,2242-04-01,0.003170120386267,0.007044711969482222,0.0082611900503979,0.032637527191986,0.1052080801730213,0.005575069226324558,,0.022114480681732163,0.002508781151846051,0.09448896994510131,0.5219800556317885,0.5153162697131245,0.5505943537557296,1.0711452531903094,1.0702369871918782,0.5268577945142259,0.5442874586760835,0.5433791926776523,0.0009082659984311903,0.5219800556317885,1.071145253190309,0.05481875530626912,0.0
main,linear,2242-10-01,2242-07-01,0.0031359181528497,0.006968707006332666,0.0070940382891992,0.0280756263893304,0.1008832311855222,0.005571433342993259,,0.022100178960006156,0.002507145004346967,0.09447209758323302,0.534133389541196,0.5291287505541472,0.550652634929701,1.0729844235198671,1.0723005855525225,0.7659698374831165,0.3070145860367506,0.30633074806940597,0.0006838379673446138,0.534133389541196,1.0729844235198671,0.030927178924716747,0.0
main,linear,2243-01-01,2242-10-01,0.0020615439216808,0.004581208714846223,0.0039334270786093,0.0156411204131154,0.0855554285570085,0.004841224290430546,,0.019224725760486394,0.0021785509306937456,0.090864370684737,0.585421915666554,0.5827091247895593,0.5633158592053783,1.0862821519133699,1.0858823284214671,1.0830240604911912,0.0032580914221786994,0.002858267930275993,0.0003998234919027066,0.585421915666554,1.0862821519133696,0.0,0.0
main,linear,2243-04-01,2243-01-01,0.0009238044126152,0.0020528986947004444,0.0025062341081075,0.0099873121052738,0.0738198091023856,0.003554822411388159,,0.014143648597390257,0.0015996700851246715,0.08295178926015258,0.6331373336428665,0.6293087848401228,0.5925755034143734,1.1005181214258946,1.099910293529812,1.094078445924996,0.006439675500898634,0.005831847604816032,0.0006078278960826022,0.6331373336428665,1.100518121425894,0.0,0.0
main,linear,2243-07-01,2243-04-01,0.00062536478666,0.0013896995259111112,0.002054263978524,0.0081917705693069,0.0685606002555695,0.0026246493216603994,,0.010457336857385702,0.0011810921947471799,0.07503703193797079,0.6562284119777277,0.6522023012198784,0.6242033284865849,1.1061425518036914,1.1054913430753237,1.1009626113722315,0.005179940431459862,0.004528731703092204,0.0006512087283676582,0.6562284119777277,1.1061425518036907,0.0,0.0
main,linear,2243-10-01,2243-07-01,0.0007049928882885,0.0015666508628633335,0.0012409543249504,0.0049545851357284,0.0554589569193058,0.002349492395296693,,0.009364900741490101,0.001057271577883512,0.07211361171123115,0.7175456625042523,0.716161148253119,0.6365837844903113,1.1154890254098369,1.115266187742654,1.1024582053857177,0.01303082002411915,0.012807982356936254,0.00022283766718289577,0.7175456625042523,1.1154890254098366,0.0,0.0
main,linear,2244-01-01,2243-10-01,0.0005312953862375,0.001180656413861111,0.0013356594469715,0.0053319433989458,0.0573229988970734,0.0012354596983641386,,0.004932688170157462,0.0005559568642638624,0.05534723419184445,0.7089468531363498,0.706375713624535,0.7167556374608859,1.1153364694053174,1.1149181783129325,1.0064607958980125,0.10887567350730487,0.10845738241491998,0.0004182910923848926,0.7089468531363498,1.1153364694053172,0.011014606156298956,0.0
main,linear,2244-04-01,2244-01-01,0.0003331961414473,0.0007404358698828889,0.0013198611402069,0.0052690015541851,0.057019886538179,0.0012798772659152746,,0.005109688932278145,0.0005759447696618736,0.05623892014451669,0.7114749525227606,0.7079500190507078,0.7120362698527598,1.117157184934654,1.1165767410536664,1.1093603452076422,0.0077968397270118395,0.007216395846024293,0.0005804438809875467,0.7114749525227606,1.1171571849346538,0.0007889270750766619,0.0
main,linear,2244-07-01,2244-04-01,0.0005653913819222,0.0012564252931604443,0.0013270554034132,0.0052976645024708,0.0571582953259619,0.001503590028733015,,0.006000809009136798,0.0006766155129298568,0.060368461862308424,0.7096039077585679,0.7072303429664452,0.6909090111992287,1.1152014171631892,1.1148160782088912,1.112166373875226,0.003035043287963113,0.0026497043336650705,0.0003853389542980423,0.7096039077585673,1.1152014171631883,0.0,0.0
main,linear,2244-10-01,2244-07-01,0.00066975222454,0.0014883382767555556,0.0016489077757382,0.0065793356472838,0.0627710137772798,0.0018092480022460222,,0.007217375417680083,0.00081416160101071,0.06520709697401081,0.6819385965731286,0.6791380108850794,0.6675673399563267,1.1099983853037403,1.1095466438930934,1.107680266003003,0.0023181193007373313,0.001866377890090476,0.00045174141064685536,0.6819385965731286,1.1099983853037398,0.0,0.0
main,linear,2245-01-01,2244-10-01,0.0006036387082688,0.0013414193517084444,0.0016564015363279,0.0066091623199374,0.0628896486628519,0.0023673749528825283,,0.009435926066587275,0.0010653187287971379,0.07231409204715342,0.6816944365291016,0.6785661980671722,0.6357216212809101,1.1104096938458845,1.109903033042523,1.1029637705923072,0.007445923253577291,0.006939262450215811,0.0005066608033614806,0.6816944365291016,1.110409693845884,0.0,0.0
main,linear,2245-04-01,2245-01-01,0.0007575117119692,0.0016833593599315554,0.0013830828309495,0.0055208643943321,0.0582149933425089,0.0018656346946954727,,0.0074416811838419195,0.0008395356126129627,0.0660158987517329,0.7033708646634227,0.701780162711757,0.6638034185904413,1.1128381885850505,1.112583000410757,1.1064905856829197,0.006347602902130767,0.006092414727837392,0.0002551881742933748,0.7033708646634227,1.1128381885850505,0.0,0.0
main,linear,2245-07-01,2245-04-01,0.0010068247528415,0.0022373883396477777,0.0015425903935882,0.0061560987408565,0.0610330143729303,0.001865234924480319,,0.007440091035241347,0.0008393557160161436,0.06601024671596675,0.6885163119258746,0.6876162143335591,0.6638295977332471,1.1087385877477258,1.1085964337575756,1.104839771712519,0.00389881603520692,0.003756662045056647,0.0001421539901502733,0.6885163119258746,1.1087385877477254,0.0,0.0
main,linear,2245-10-01,2245-07-01,0.0008291111522396,0.001842469227199111,0.001786787890009,0.0071280187021341,0.0648782771913087,0.0022549156565219164,,0.008989200594304969,0.0010147120454348623,0.07102677402063287,0.6715583384739023,0.6691084573368924,0.6412925484477784,1.1072538357855335,1.1068625679922397,1.1024201201015646,0.004833715683968842,0.00444244789067505,0.00039126779329379247,0.6715583384739023,1.1072538357855335,0.0,0.0
main,linear,2246-01-01,2245-10-01,0.0004813322854264,0.0010696273009475556,0.0016088564188417,0.0064199118123864,0.062128501711349,0.0019527048571035266,,0.00778797085941485,0.000878717185696587,0.06722007373737647,0.6858247871434301,0.6822500959977661,0.658268780860789,1.111917468118118,1.1113341261482346,1.1074206950174468,0.004496773100671314,0.003913431130787792,0.0005833419698835218,0.6858247871434301,1.1119174681181176,0.0,0.0
main,linear,2246-04-01,2246-01-01,0.0005322514137064,0.0011827809193475556,0.0015623475028624,0.0062347596814952,0.0613639814211545,0.0016671378398314118,,0.0066518937943675915,0.0007502120279241353,0.06305876376039891,0.6891977577129,0.6859869425639876,0.6777525742998128,1.1121169584871076,1.1115946311511111,1.1102550848242263,0.0018618736628812638,0.0013395463268848218,0.000522327335996442,0.6891977577129,1.112116958487107,0.0,0.0
main,linear,2246-07-01,2246-04-01,0.0007088857091121,0.0015753015758046666,0.0019204816932949,0.0076598255928368,0.066780560354188,0.0021200517658144236,,0.008453277441421658,0.0009540232946164906,0.06939467179568092,0.6636164722372468,0.660279400372912,0.6484768394885579,1.1067832850008537,1.106246312953194,1.1043471493920416,0.0024361356088120623,0.0018991635611524949,0.0005369720476595674,0.6636164722372468,1.1067832850008532,0.0,0.0
main,linear,2246-10-01,2246-07-01,0.0006902699796782,0.0015339332881737777,0.0014571584222414,0.0058159061964524,0.059557156008941,0.0020700404420495033,,0.00825448682629737,0.0009315181989222765,0.06876299716413564,0.6971195110777328,0.6949681794598923,0.6512948521635509,1.11230407115361,1.111957497438134,1.104921842319802,0.007382228833808124,0.007035655118332151,0.00034657371547597293,0.6971195110777328,1.11230407115361,0.0,0.0
main,linear,2247-01-01,2246-10-01,0.0005837847467524,0.0012972994372275556,0.0014800016025013,0.0059068769439569,0.0599590899917074,0.0016518261982128024,,0.006590951634899644,0.0007433217891957611,0.06281727424827202,0.6956866461068356,0.6929517654011892,0.6789149384497875,1.1128140440207834,1.1123705498786356,1.110094307805471,0.002719736215312407,0.0022762420731645694,0.0004434941421478378,0.6956866461068356,1.1128140440207828,0.0,0.0
main,linear,2247-04-01,2247-01-01,0.0008005239467693,0.0017789421039317778,0.0017671737759679,0.0070499797500429,0.0645879306013329,0.0020784600637853146,,0.008287956174817035,0.0009353070287033916,0.06887039154309274,0.6729997983094622,0.6704745402826779,0.6508142489735584,1.1076764415688134,1.1072724135155354,1.1041268699155378,0.0035495716532756294,0.0031455435999976356,0.00040402805327799385,0.672999798309462,1.107676441568813,0.0,0.0
main,linear,2247-07-01,2247-04-01,0.0011327344137353,0.002517187586078444,0.0030772636569439,0.0122523537896453,0.0792084132228605,0.001633135718293488,,0.006516557495570119,0.0007349110732320696,0.06251970752138791,0.6114669016313059,0.6072106556984573,0.6803521841289701,1.0958001434506806,1.0951333060963762,-0.01996511534219292,1.1157652587928735,1.115098421438569,0.0006668373543043948,0.6114669016313055,1.09580014345068,0.11265576989516313,0.0
main,linear,2247-10-01,2247-07-01,0.0031328386790493,0.006961863731220667,0.0062510791783877,0.0247708363097033,0.0974783674672623,0.003172593889757991,,0.012630111078881567,0.001427667250391096,0.08000334942282057,0.5440364669943266,0.5404047122575423,0.6040562555583096,1.0743543415889154,1.0738579838102578,-0.020673548523304275,1.0950278901122197,1.094531532333562,0.0004963577786576412,0.5440364669943266,1.0743543415889154,0.11032308914397526,0.0
main,linear,2248-01-01,2247-10-01,0.0012115167451997,0.0026922594337771113,0.0050064111093406,0.0198757608217764,0.0917226164924166,0.005268603563308716,,0.020908449369132387,0.002370871603488922,0.09303167905722957,0.5677491172966078,0.5602667344161114,0.5556602777608436,1.0885034760790582,1.0873370860766716,1.086619009352326,0.001884466726732148,0.0007180767243455399,0.001166390002386608,0.5677491172966078,1.0885034760790575,0.0,0.0
main,linear,2248-04-01,2248-01-01,0.0016461736808677,0.0036581637352615555,0.0041745398712859,0.0165938894778332,0.087079085904073,0.005321868695318699,,0.02111814317061933,0.0023948409128934146,0.09329029157980707,0.5816480836253991,0.5770468108504386,0.5547565205799325,1.0881419403811543,1.0874446714963668,1.0840668396227444,0.004075100758409889,0.0033778318736223945,0.0006972688847874942,0.5816480836253989,1.088141940381154,0.0,0.0
main,linear,2248-07-01,2248-04-01,0.0023988805713197,0.005330845714043777,0.005788806886324,0.0229549406496319,0.0954647328269466,0.0027913327794522047,,0.011118668820096267,0.0012560997507534922,0.07665619687260325,0.5522920770398945,0.5472385824063125,0.6175171005551884,1.0795362416096541,1.0788084818121495,-0.09205838103081998,1.171594622640474,1.1708668628429695,0.0007277597975046124,0.5522920770398945,1.0795362416096537,0.11809877561742965,0.0
main,linear,2248-10-01,2248-07-01,0.0048198622052471,0.01071080490054911,0.0092035624309279,0.0363091275518506,0.1084863085076121,0.00508067337796092,,0.020168337988284324,0.0022863030200824144,0.0920997360998046,0.508889861505222,0.5052298837463655,0.5589342311941444,1.0609657066318527,1.0605272362530842,0.0835585458493755,0.9774071607824772,0.9769686904037087,0.00043847037876854067,0.508889861505222,1.0609657066318523,0.09834025452297257,0.0
main,linear,2249-01-01,2248-10-01,0.0051208319412023,0.011379626536005112,0.0091611896510362,0.0361442626845636,0.1083419641206464,0.007453581318259239,,0.029482643300686617,0.0033541115932166576,0.10225514742502523,0.5084845828647747,0.5056670439060912,0.5246850617166187,1.0593867689858536,1.0590577038757467,0.7426757212299027,0.31671104775595094,0.31638198264584405,0.00032906511010688533,0.5084845828647747,1.0593867689858534,0.03186031289073876,0.0
main,linear,2249-04-01,2249-01-01,0.0056338174140034,0.012519594253340888,0.0100396445125184,0.0395578488811906,0.1112869805193969,0.009127647615969181,,0.03601374165819937,0.004107441427186132,0.10822751955080027,0.499698179540514,0.4968736831413599,0.5060141072814136,1.055797211106395,1.05548182268133,0.9301077676585736,0.1256894434478213,0.12537405502275645,0.0003153884250648442,0.499698179540514,1.055797211106395,0.012639469147136984,0.0
main,linear,2249-07-01,2249-04-01,0.0041580726516753,0.009240161448167333,0.0104301342741777,0.041072337737397,0.1125679654342513,0.013473807834088802,,0.05281572172181204,0.006063213525339961,0.1221210504351979,0.5001849659571318,0.4931307678145026,0.4667096222015556,1.0632330200035431,1.0623412333993452,1.0590010913663614,0.004231928637181692,0.0033401420329837173,0.000891786604197975,0.5001849659571318,1.0632330200035431,0.0,0.0
main,linear,2249-10-01,2249-07-01,0.0043881406463597,0.00975142365857711,0.0107609216429675,0.0423538729036689,0.1136415056692152,0.01025447528809309,,0.04039127772153184,0.00461451387964189,0.1119936394386925,0.4969446609297831,0.4900316841825482,0.4948028127410499,1.0616800723800293,1.0608220434290123,1.0614142291952753,0.0002658431847539777,-0.0005921857662629648,0.0008580289510169425,0.4969446609297831,1.061680072380029,0.0,0.0
main,linear,2250-01-01,2249-10-01,0.0037126748237624,0.008250388497249777,0.0091613387882723,0.0361448429878247,0.1083424726112787,0.008612713776528835,,0.03400833209645726,0.003875721199437976,0.10644878227966473,0.512150385487207,0.5056655027831332,0.5114599810316692,1.067026786340065,1.0661780886532854,1.0669364308639377,9.035547612734618e-05,-0.0007583422106522963,0.0008486976867796425,0.512150385487207,1.067026786340065,0.0,0.0
main,linear,2250-04-01,2250-01-01,0.0036608262636263,0.008135169474725111,0.0089725075357581,0.0354098776718301,0.1076960282321403,0.007234195247292519,,0.02862429113047893,0.0032553878612816335,0.10142290156814342,0.5139885704930205,0.5076311540202608,0.5273738746138423,1.0675338512621815,1.0666985392666806,0.808872350814358,0.25866150044782343,0.2578261884523225,0.0008353119955009092,0.5139885704930205,1.0675338512621813,0.02604202188114002,0.0
main,linear,2250-07-01,2250-04-01,0.002657422943663,0.005905384319251111,0.007191109822613,0.028455651721854,0.101257691676505,0.008188080042600632,,0.032352243614711784,0.0036846360191702845,0.10494698881007776,0.5344303655697404,0.5279101497210376,0.5161338204436993,1.075582226263164,1.0746600997125215,1.0729946232700662,0.002587602993097793,0.0016654764424552937,0.0009221265506424992,0.5344303655697404,1.075582226263164,0.0,0.0
main,linear,2250-10-01,2250-07-01,0.0050573908786824,0.011238646397072,0.0101624280311314,0.0400342498946066,0.1116914494895179,0.007201386149972677,,0.028495875990011132,0.0032406237674877047,0.10129715062780494,0.5001279289753643,0.4956865450054489,0.5277819921695464,1.058728067806118,1.0582065334469537,0.5090356462012373,0.5496924216048806,0.5491708872457164,0.0005215343591642441,0.5001279289753643,1.0587280678061175,0.055293973015193565,0.0
main,linear,2251-01-01,2250-10-01,0.0047517178730745,0.010559373051276666,0.0103122269419008,0.0406152308043303,0.1121827985741574,0.007879975251853466,,0.031149290288976283,0.00354598886333406,0.10383390358681797,0.499663929915118,0.4942510188568271,0.5196427723680649,1.0602009199626568,1.059548757167074,0.6627625299489153,0.3974383900137415,0.3967862272181588,0.000652162795582667,0.499663929915118,1.0602009199626563,0.03998454973181664,0.0
main,linear,2251-04-01,2251-01-01,0.0058702724857809,0.013045049968402,0.0125055314606317,0.0490915943586229,0.1191550092817885,0.009347615763545036,,0.03686945499740868,0.0042064270935952665,0.10897515714713525,0.4802490755485008,0.4746410520026238,0.5037541052466603,1.0524899153470073,1.0518769736545095,0.5656249003895875,0.48686501495741985,0.48625207326492204,0.0006129416924978148,0.4802490755485007,1.0524899153470073,0.0489434050655565,0.0
main,linear,2251-07-01,2251-04-01,0.0042476120142392,0.009439137809420444,0.0119820975184153,0.0470738266061226,0.1175248317089695,0.014380193315446377,,0.056291885459350266,0.0064710869919508696,0.1248410536327392,0.48787045682901137,0.4791019356602362,0.4596374069040207,1.061239392609081,1.0601387338113626,1.0576954706422828,0.0035439219667983135,0.0024432631690798345,0.001100658797718479,0.4878704568290113,1.0612393926090808,0.0,0.0
main,linear,2251-10-01,2251-07-01,0.0043528681109257,0.009673040246501556,0.0112680943193992,0.0443162642961544,0.1152687585046121,0.010171587578952312,,0.040069781906710955,0.0045772144105285404,0.1117215591743695,0.49304406648811183,0.4853987999944599,0.495598366250966,1.0613698452270304,1.060418228823294,1.0098811031849577,0.051488742042072655,0.05053712563833623,0.0009516164037364216,0.4930440664881118,1.06136984522703,0.005180667910239745,0.0
main,linear,2252-01-01,2251-10-01,0.0033589401929711,0.007464311539935778,0.0103804803503994,0.0408798577253406,0.1124059273399079,0.011142279952764511,,0.04382973525662659,0.00501402597874403,0.11486709543526638,0.5026012946078424,0.4936015146264333,0.48653517729436224,1.067554940248855,1.0663452747893392,1.0653954841623694,0.0021594560864857115,0.0009497906269697598,0.0012096654595159517,0.5026012946078424,1.067554940248853,0.0,0.0
main,linear,2252-04-01,2252-01-01,0.0067451452599604,0.014989211688800888,0.0122305330706177,0.0480319123344735,0.1183009710454571,0.007274852134287357,,0.028783404936579715,0.003273683460429311,0.10157825357096853,0.48020102396161085,0.4769688960617608,0.5268703565014458,1.0482835154195227,1.0479585296541805,0.08110549522686439,0.9671780201926583,0.9668530344273161,0.0003249857653422339,0.4802010239616108,1.0482835154195225,0.09718705537876848,0.0
main,linear,2252-07-01,2252-04-01,0.0055891283883461,0.012420285307435776,0.011278802841433,0.0443576659906858,0.1153028862969978,0.014170999638736248,,0.05549043796643671,0.006376949837431312,0.12421808786590113,0.4899750701054556,0.4853024601751178,0.4612406791572819,1.0549304760386338,1.0544066357384303,1.0517091003610433,0.00322137567759051,0.002697535377387039,0.0005238403002034708,0.4899750701054556,1.0549304760386338,0.0,0.0
main,linear,2252-10-01,2252-07-01,0.0048581024109951,0.010795783135544667,0.0107897871526492,0.0424656425830936,0.113734712382395,0.013060546480119228,,0.05122760093853573,0.005877245916053653,0.12086284586511682,0.4955577734443025,0.4897642273109401,0.47004554051306424,1.0591790017990714,1.0584871424530535,1.0561323570697547,0.0030466447293167054,0.0023547853832988075,0.0006918593460178979,0.4955577734443025,1.0591790017990714,0.0,0.0
main,linear,2253-01-01,2252-10-01,0.0054490609762926,0.012109024391761333,0.0109054310905694,0.0429133275177531,0.1141073914333331,0.009065701626241207,,0.03577265840373367,0.004079565731808544,0.10801573047218578,0.4932025406072479,0.4886973692140631,0.5066574273209025,1.0559831196477045,1.0554717403899505,0.7847041205768863,0.2712789990708182,0.2707676198130642,0.0005113792577540188,0.4932025406072477,1.055983119647704,0.027280625505739398,0.0
main,linear,2253-04-01,2253-01-01,0.0051314540698175,0.01140323126626111,0.0115588513212931,0.0454399225469458,0.1161921735425245,0.013848655857145786,,0.054254498905453974,0.006231895135715604,0.12325251640546142,0.48894105675597005,0.4828039364626166,0.46374490432859966,1.05705231177909,1.056336199078869,1.0541122871604636,0.0029400246186264134,0.002223911918405541,0.0007161127002208723,0.48894105675597,1.0570523117790898,0.0,0.0
main,linear,2253-07-01,2253-04-01,0.0038970123919125,0.008660027537583333,0.0112748072110618,0.0443422180901401,0.1152901534007044,0.013027171604335308,,0.051099257636022744,0.0058622272219508885,0.12076073650662172,0.49410247219785625,0.4853383999517764,0.4703180996450725,1.0637539807589433,1.0626231536030677,1.0606850861157964,0.003068894643146969,0.0019380674872713222,0.0011308271558756466,0.4941024721978562,1.0637539807589431,0.0,0.0
main,linear,2253-10-01,2253-07-01,0.0043940180786032,0.009764484619118222,0.0120521810164653,0.0473441751247613,0.1177442282702857,0.009311019442975521,,0.036727128635876016,0.004189958749338985,0.10885123620248605,0.4870013317815123,0.47849727215261,0.5041275192875605,1.060417297177776,1.0593622850776294,0.7108758942312665,0.3495414029465096,0.3484863908463629,0.0010550121001466906,0.4870013317815123,1.0604172971777757,0.035166607467233435,0.0
main,linear,2254-01-01,2253-10-01,0.005367886483309,0.011928636629575556,0.0096236845595373,0.0379426030354494,0.1099043319547087,0.011125731281936169,,0.043765727082914374,0.005006579076871276,0.1148141673745867,0.5038488464217109,0.5009691728860401,0.48668527123824257,1.0576005720754682,1.05727136452796,1.0556384126769713,0.0019621593984968655,0.001632951850988551,0.0003292075475083145,0.5038488464217109,1.057600572075468,0.0,0.0
main,linear,2254-04-01,2254-01-01,0.0028306447797654,0.006290321732812,0.0069612419481481,0.0275555614437811,0.1003657109987858,0.009171039797365665,,0.03618258971971866,0.004126967908814549,0.10837554182687427,0.5364911740058151,0.5308199384078481,0.5055652926090021,1.0749443578220792,1.074152122776023,1.07062421159477,0.004320146227309252,0.0035279111812529518,0.0007922350460562999,0.5364911740058151,1.074944357822079,0.0,0.0
main,linear,2254-07-01,2254-04-01,0.0038520345411293,0.00856007675806511,0.009903762976909,0.0390304207838406,0.1108374733434932,0.00615133298560977,,0.024379228164291167,0.0027680998435243966,0.09705403572225177,0.5053324963392044,0.4981987983150092,0.541834602797833,1.0654302770784492,1.0645066083223358,0.3478182669621648,0.7176120101162844,0.716688341360171,0.0009236687561133827,0.5053324963392044,1.0654302770784487,0.07223382902523079,0.0
main,linear,2254-10-01,2254-07-01,0.0026165323349875,0.005814516299972222,0.0083546328351917,0.0330020597396825,0.1055402011288717,0.0073946197517216206,,0.02925201097240604,0.0033275788882747293,0.10203290600096286,0.5225841711094064,0.5142793353903247,0.525401003677434,1.0741205569317762,1.0729426432429277,1.0206180992335558,0.053502457698220374,0.05232454400937181,0.0011779136888485642,0.5225841711094061,1.074120556931776,0.005390198223468423,0.0
main,linear,2255-01-01,2254-10-01,0.0041282497942642,0.009173888431698222,0.0088607722361873,0.0349747858260144,0.1073109553043958,0.005728546064347029,,0.022718037697784688,0.002577845728956163,0.09519274643509323,0.5137711052540723,0.5088081527982947,0.548171067280032,1.065103791087044,1.0644748981490182,0.3999047889988925,0.6651990020881515,0.6645701091501257,0.0006288929380258157,0.5137711052540723,1.0651037910870438,0.06695580793469491,0.0
main,linear,2255-04-01,2255-01-01,0.0038971838066928,0.008660408459317334,0.0073387320808292,0.0290333644594553,0.1018212955736712,0.0062957522459328175,,0.02494618660086989,0.002833088510669768,0.09766674664846302,0.5293288408681439,0.5260841058875323,0.5397716693016639,1.06829832739538,1.067879665204872,0.8723614486464342,0.19593687874894594,0.19551821655843793,0.00041866219050801234,0.5293288408681421,1.06829832739538,0.019728429770710543,0.0
main,linear,2255-07-01,2255-04-01,0.0021660415289807,0.004813425619957111,0.005281848139085,0.0209605936697625,0.0930962042078049,0.008214248344302177,,0.032454362558005934,0.0036964117549359798,0.10504056877600544,0.5603426039137176,0.5554345956545675,0.5158405529972303,1.0820003039521615,1.0812820680617627,1.075487892302291,0.0065124116498704865,0.00579417575947172,0.0007182358903987662,0.5603426039137176,1.082000303952161,0.0,0.0
main,linear,2255-10-01,2255-07-01,0.0018687899070295,0.004152866460065555,0.0033117292528595,0.013181256873519,0.0811187115904352,0.004120646510273218,,0.016380987256628066,0.0018542909296229483,0.08674663806459393,0.6017299556035532,0.5996733141459798,0.5782754574407307,1.0898455638635047,1.089538482406615,1.0863435234665617,0.003502040396943018,0.003194958940053283,0.0003070814568897351,0.601729955603553,1.0898455638635045,0.0,0.0
main,linear,2256-01-01,2255-10-01,0.0027616051861486,0.0061369004136635555,0.0046649160350551,0.0185295010781673,0.0899165445210784,0.003736073151230812,,0.014860751550604179,0.0016812329180538655,0.0842332463440445,0.5685754570596017,0.5667103433219819,0.587688735428024,1.079818867476687,1.0795570354464723,0.7463413258698222,0.33347754160686494,0.33321570957665014,0.0002618320302147925,0.5685754570596017,1.0798188674766869,0.033616073908609434,0.0
main,linear,2256-04-01,2256-01-01,0.0021401381181067,0.004755862484681556,0.004932089199704,0.0195828830860625,0.0913398676471577,0.004289977718144655,,0.01704980289037683,0.0019304899731650948,0.08777648259038194,0.5659950002539129,0.5616236821868442,0.5744815598162121,1.0829740852956453,1.0823332561045946,0.9342776731693612,0.14869641212628415,0.14805558293523347,0.0006408291910506847,0.5659950002539129,1.082974085295645,0.014994053003664187,0.0
main,linear,2256-07-01,2256-04-01,0.0014037645561069,0.0031194767913486666,0.0027095748025428,0.0107943279551835,0.075875119103026,0.004524394404143095,,0.017975126789233076,0.002035977481864393,0.08913546455693278,0.6231349287285757,0.6207277823927617,0.5695293333486291,1.0959393207601869,1.0955687108428456,1.0876860770843897,0.008253243675797162,0.007882633758455881,0.00037060991734128024,0.623134928728574,1.0959393207601864,0.0,0.0
main,linear,2256-10-01,2256-07-01,0.0006279243901847,0.0013953875337437776,0.0015956233557296,0.006367233582993,0.0619130233426151,0.002710189437493682,,0.010796766562041316,0.0012195852468721569,0.07588108341677119,0.6861489504829984,0.683299571691506,0.6207031632861667,1.1109645270680646,1.110503723375494,1.1003805848791541,0.010583942188910456,0.010123138496339834,0.0004608036925706216,0.6861489504829984,1.110964527068064,0.0,0.0
main,linear,2257-01-01,2256-10-01,0.0007706267578671,0.0017125039063713332,0.0016058801025023,0.0064080638632388,0.0620801774067814,0.001755389734171331,,0.007003092204660777,0.000789925380377099,0.06441203752649974,0.6846932386303475,0.6824852008917605,0.6713045512749656,1.109752034783706,1.109398100173261,1.1076059121152897,0.002146122668416295,0.0017921880579712113,0.00035393461044508356,0.6846932386303475,1.109752034783706,0.0,0.0
main,linear,2257-04-01,2257-01-01,0.0008319322442535,0.0018487383205633332,0.0014134402190194,0.0056417852877285,0.0587723683022427,0.0019955101888626814,,0.007958180159083339,0.0008979795849882067,0.06779318481428818,0.7002590185775541,0.6989364429103768,0.655663139097412,1.1118178345521894,1.111606644773533,1.1046967343005292,0.0071211002516602395,0.006909910473003933,0.00021118977865630661,0.7002590185775541,1.111817834552189,0.0,0.0
main,linear,2257-07-01,2257-04-01,0.0004804686680258,0.0010677081511684444,0.0015389261688634,0.0061415094858424,0.060971216490134,0.0019146420527249575,,0.007636601147515298,0.0008615889237262309,0.06670014923869197,0.6913158170568491,0.6879212104811654,0.6606484217791053,1.112819501367486,1.1122655174837697,1.1078147261864342,0.0050047751810518015,0.004450791297335499,0.0005539838837163025,0.6913158285802392,1.1128195032480486,0.0,0.0
main,linear,2257-10-01,2257-07-01,0.000338480616159,0.00075217914702,0.0012784623203477,0.0051040508417041,0.0562109126129357,0.0020136204548180103,,0.008030186457059663,0.0009061292046681047,0.06803206479478689,0.7155665967500803,0.7121836302705988,0.6545824133153822,1.1177931340283058,1.1172362463455363,1.1077542108511258,0.010038923177180026,0.009482035494410512,0.0005568876827695135,0.7155665967500803,1.1177931340283054,0.0,0.0
main,linear,2258-01-01,2257-10-01,0.0006337701298942,0.0014083780664315554,0.0011858590650788,0.0047350053585172,0.0543199121397403,0.0012414059601724148,,0.004956384958234028,0.0005586326820775867,0.05546812199217069,0.7238315793905665,0.7222655051729368,0.7161124219999994,1.1170162769966963,1.1167631018387376,1.115768380268902,0.0012478967277942399,0.0009947215698355993,0.00025317515795864054,0.7238315793905665,1.1170162769966965,0.0,0.0
main,linear,2258-04-01,2258-01-01,0.0007327220058338,0.001628271124075111,0.0012350769467988,0.0049311628305012,0.0553394365002021,0.0015984694473445415,,0.006378563492431377,0.0007193112513050438,0.06195950313878519,0.7180185935998937,0.7167971658254217,0.6830729488644944,1.1153660434834973,1.1151697932874742,1.1097512295970071,0.005614813886490211,0.005418563690467115,0.00019625019602309557,0.7180185935998937,1.1153660434834969,0.0,0.0
main,linear,2258-07-01,2258-04-01,0.0005296076444132,0.0011769058764737777,0.0012241457180869,0.0048875990113571,0.0551158981255579,0.0015173894353210926,,0.006055756886771291,0.0006828252458944917,0.06060532801839013,0.7202249633306453,0.7179895276100459,0.6897320665075724,1.1171834273767771,1.1168197132141784,1.112222113423079,0.004961313953698143,0.004597599791099416,0.00036371416259872724,0.7202249633306453,1.117183427376777,0.0,0.0
main,linear,2258-10-01,2258-07-01,0.0006463579576834,0.0014363510170742222,0.0011462229634807,0.0045770149134599,0.0534737246294944,0.001304109115153551,,0.005206241125813027,0.000586849101819098,0.056714610357658075,0.7282255965445313,0.7268635618925146,0.709542131876559,1.1176349561263283,1.117414937924149,1.1146168961227614,0.003018060003566969,0.0027980418013875408,0.00022001820217942836,0.7282255965445313,1.117634956126328,0.0,0.0
main,linear,2259-01-01,2258-10-01,0.0005192745023699,0.001153943338599778,0.0014647474208301,0.005846129339051,0.059691294938215,0.0016475069569423795,,0.0065737600325384005,0.0007413781306240708,0.06274878256218164,0.6972986690947268,0.69429403819224,0.6792452637047162,1.1135252822139405,1.1130361065044894,1.1105860568394186,0.0029392253745219588,0.002450049665070786,0.0004891757094511728,0.6972986690947268,1.1135252822139403,0.0,0.0
main,linear,2259-04-01,2259-01-01,0.0005096921939888,0.0011326493199751112,0.0012738475250754,0.005085662240792,0.056119387847519,0.0017152047948911786,,0.0068431877900118065,0.0007718421577010304,0.06380383274994589,0.7151588076408696,0.7126655584812955,0.6741888023878511,1.1165015710664972,1.116095413104031,1.1098274311026415,0.006674139963855685,0.00626798200138956,0.0004061579624661249,0.7151588076408633,1.1165015710664954,0.0,0.0
main,linear,2259-07-01,2259-04-01,0.0004319437337058,0.0009598749637906666,0.0011380533320568,0.0045444482300994,0.0532964128364181,0.0018302821554243565,,0.007301053539153224,0.0008236269699409604,0.06551156660309634,0.7303089082032457,0.727833987988624,0.6661459863834899,1.119537373012466,1.119132276679191,1.10903514986691,0.010502223145556044,0.010097126812280921,0.0004050963332751234,0.7303089082032457,1.119537373012466,0.0,0.0
main,linear,2259-10-01,2259-07-01,0.000705295191417,0.0015673226475933332,0.0012310590255371,0.0049151505246164,0.0552574608074727,0.0010586673161014915,,0.004227949350350424,0.00047640029224567116,0.05151903469364489,0.7185830576190142,0.7172340041224363,0.7376974158826418,1.1156538219282703,1.115436695750286,0.852729672718103,0.2629241492101674,0.26270702303218296,0.0002171261779844169,0.7185830576190142,1.11565382192827,0.026600054874875323,0.0
main,linear,2260-01-01,2259-10-01,0.0007062698937235,0.0015694886527188889,0.0014284833313465,0.0057017015931051,0.0590447542802757,0.0015909411013126373,,0.0063485939446003,0.0007159234955906868,0.061836393968455805,0.6995402665008976,0.6975544231833758,0.683673496799734,1.1125821224753818,1.1122625262115262,1.110028567383092,0.0025535550922897166,0.002233958828434135,0.0003195962638555816,0.6995402665008976,1.1125821224753816,0.0,0.0
main,linear,2260-04-01,2260-01-01,0.0006663109853835,0.00148069107863,0.0012429273555234,0.0049624478898773,0.0554989756654155,0.0015701565425843,,0.006265849299052495,0.0007065704441629351,0.06149376515141823,0.7175387834998803,0.7159484283202476,0.6853499739651747,1.115765475889133,1.1155088929302233,1.1105722334612964,0.005193242427836697,0.004936659468926852,0.0002565829589098456,0.7175387834998803,1.1157654758891329,0.0,0.0
main,linear,2260-07-01,2260-04-01,0.0003262493898059,0.0007249986440131111,0.0011823712713358,0.0047211036842779,0.0542463707124225,0.0015178453177213669,,0.006057572126705102,0.0006830303929746151,0.060613120639154944,0.7258336189107876,0.72266296104122,0.6896934085563918,1.1195720202243098,1.1190496939541743,1.113618372100527,0.00595364812378274,0.005431321853647253,0.0005223262701354869,0.7258336189107876,1.1195720202243091,0.0,0.0
main,linear,2260-10-01,2260-07-01,0.0006280027082625,0.0013955615739166666,0.0011146728715933,0.0044512420510699,0.0527833309413019,0.0010810219682753086,,0.004317081273926049,0.0004864598857238889,0.05202979075810477,0.732003676585042,0.7306557958508323,0.7348374273549088,1.1183796147527518,1.1181616355169188,1.0801257921936105,0.03825382255914134,0.03803584332330834,0.00021797923583299905,0.732003676585042,1.1183796147527512,0.0038712096656898787,0.0
main,linear,2261-01-01,2260-10-01,0.00043203549841,0.0009600788853555555,0.0011307167638219,0.0045152017138309,0.0531363179752476,0.0015288753202185035,,0.006101490811679766,0.0006879938940983265,0.060801032082015316,0.7311632859365381,0.7287122748748156,0.6887624086629982,1.1196765470907515,1.1192753664702382,1.1127363865502558,0.006940160540495732,0.006538979919982424,0.0004011806205133084,0.7311632859365381,1.119676547090751,0.0,0.0
main,linear,2261-04-01,2261-01-01,0.0005676886817459,0.0012615304038797778,0.0011616602997218,0.0046385507395863,0.0538060412366103,0.0011596416588872671,,0.004630504258878121,0.0005218387464992702,0.05376278759992108,0.7268829542596916,0.7250512968919898,0.7252866941935199,1.1179899040547556,1.1176925837285463,1.1177307941513657,0.00025910990338995354,-3.821042281937359e-05,0.00029732032620932713,0.7268829542596916,1.1179899040547556,0.0,0.0
main,linear,2261-07-01,2261-04-01,0.0006319939844446,0.0014044310765435556,0.0011520712993511,0.0046003277024009,0.0536000386093331,0.0012076555285602808,,0.004821878565993365,0.0005434449878521264,0.054775578853996774,0.7276323917603281,0.726173718254877,0.7198119134471482,1.1176436488709394,1.1174078104508305,1.1163792334668194,0.001264415404119923,0.0010285769840110426,0.00023583842010888034,0.7276323917603281,1.117643648870939,0.0,0.0
main,linear,2261-10-01,2261-07-01,0.0004818403745956,0.0010707563879902222,0.0011288440490301,0.0045077362150682,0.0530953206677889,0.0014400799991562963,,0.0057478889558273405,0.0006480359996203334,0.05925304511377791,0.7311161964457836,0.7289375032946537,0.6965009941440634,1.1193047079832081,1.1189491853570586,1.1136561440169568,0.005648563966251352,0.005293041340101778,0.00035552262614957364,0.7311161964457836,1.1193047079832077,0.0,0.0
main,linear,2262-01-01,2261-10-01,0.000322445721676,0.0007165460481688889,0.0010772248176022,0.0043019417893203,0.0519436156798045,0.0012390734627842903,,0.004947089639915969,0.0005575830582529306,0.055420758948295484,0.7381922688562976,0.7353185034831939,0.7163643008474292,1.1216360317791878,1.1211625055300027,1.1180393165026714,0.0035967152765163934,0.00312318902733133,0.00047352624918506336,0.7381922688562976,1.1216360317791878,0.0,0.0
main,linear,2262-04-01,2262-01-01,0.0003305092970844,0.0007344651046319999,0.0010726493089409,0.0042836987118605,0.0518394616896926,0.0012050224468111992,,0.004811384309703959,0.0005422601010650396,0.05472088854849209,0.738716268620445,0.7359007392454195,0.7201055782923443,1.1216628071813692,1.1211991038327112,1.1185977212680343,0.003065085913334986,0.0026013825646769018,0.0004637033486580844,0.738716268620445,1.1216628071813688,0.0,0.0
main,linear,2262-07-01,2262-04-01,0.0004382494774903,0.0009738877277562221,0.0010377835546887,0.0041446767201064,0.0510343014999894,0.00113507523201406,,0.004532576401406807,0.000510783854406327,0.05323152524936278,0.7425417929022787,0.7404311066484486,0.7281897274543325,1.1214928356800415,1.1211474904608767,1.1191445865366212,0.0023482491434203556,0.002002903924255506,0.00034534521916484984,0.7425418024463328,1.1214928372416155,0.0,0.0
main,linear,2262-10-01,2262-07-01,0.0009312832601664,0.0020695183559253333,0.0010420143920083,0.0041615473285474,0.0511331054258908,0.0009785719448700547,,0.003908545908589467,0.00044035737519152466,0.04961824634453074,0.7392928781768098,0.7398723423776483,0.7485274787354166,1.117316292715641,1.1095702365048905,0.9938705227341611,0.12344576998147994,0.1156997137707294,0.007746056210750529,0.7392928781768098,1.1173162927156406,0.01249111825861804,0.0
main,linear,2263-01-01,2262-10-01,0.0005004731427351,0.0011121625394113332,0.0011249022186765,0.004492022136923,0.0530088502436316,0.0011369658168405294,,0.004540112997062251,0.0005116346175782383,0.05327273342426475,0.7314790062657229,0.7294129792457739,0.7279637746067388,1.1192276152896485,1.1188908644525404,1.1186546509531847,0.0005729643364638104,0.00023621349935565306,0.00033675083710815734,0.7314790062657229,1.1192276152896392,0.0,0.0
main,linear,2263-04-01,2263-01-01,0.0006351599066222,0.0014114664591604444,0.0012045470386725,0.0048094895420457,0.0547110037654417,0.0014358507469296455,,0.0057310448202498865,0.0006461328361183405,0.0591772515471335,0.7217810802355321,0.7201586788263902,0.6968839804285473,1.1166747574443288,1.116412498850868,1.1126501810726408,0.00402457637168796,0.003762317778227109,0.00026225859346085123,0.7217810802355321,1.1166747574443283,0.0,0.0
main,linear,2263-07-01,2263-04-01,0.0005594702739467,0.0012432672754371112,0.0011341763845888,0.004528993236091,0.0532119143970642,0.0014244193444028497,,0.005685515111101602,0.0006409887049812823,0.05897141303604091,0.7300794864113028,0.7282973005449198,0.6979260448648473,1.118568776014445,1.1182793395890411,1.1133468867821437,0.005221889232301269,0.004932452806897469,0.00028943642540379955,0.7300794864112031,1.1185687760144285,0.0,0.0
main,linear,2263-10-01,2263-07-01,0.0003821048254107,0.000849121834246,0.0013462499331544,0.0053741351557516,0.0575245022473036,0.0010562731185927987,,0.004218402909710206,0.0004753229033667594,0.051463838770647315,0.708684026321292,0.7053327212898746,0.738007736361747,1.1163510005604886,1.115800786813449,0.707388569394196,0.4089624311662926,0.40841221741925293,0.000550213747039674,0.708684026321292,1.116351000560488,0.041377676714203504,0.0
main,linear,2264-01-01,2263-10-01,0.0006129621000948,0.0013621380002106665,0.0012648603147262,0.0050498501211073,0.055940353741324,0.0014776382595300674,,0.005897465449585915,0.0006649372167885304,0.05991775911543323,0.7155465157396329,0.7136100350174663,0.6931586156616322,1.1158257856942255,1.115512326825804,1.1122018478236066,0.0036239378706188763,0.0033104790021973862,0.00031345886842149007,0.7155465157396329,1.1158257856942253,0.0,0.0
main,linear,2264-04-01,2264-01-01,0.0006120652001132,0.0013601448891404444,0.0013150396197392,0.005249791597303,0.0569267709671362,0.0014563306467607617,,0.005812609543749292,0.0006553487910423428,0.05954248783416063,0.7105359208703614,0.7084349436729838,0.6950419684635416,1.1150210916002694,1.114680986781397,1.1125129406867278,0.002508150913541618,0.0021680460946691404,0.00034010481887247757,0.7105359208703614,1.115021091600269,0.0,0.0
main,linear,2264-07-01,2264-04-01,0.0006341524344652,0.0014092276321448888,0.0012789676678351,0.0051060644872202,0.0562209184507312,0.0018428346375003457,,0.007350987334818204,0.0008292755868751555,0.06569168926577634,0.7140048397304545,0.7121309718246615,0.6653076533511993,1.1154249340013664,1.115122007372136,1.1075526210825917,0.007872312918774771,0.007569386289544289,0.0003029266292304822,0.7140048397304545,1.115424934001366,0.0,0.0
main,linear,2264-10-01,2264-07-01,0.0003832333835438,0.0008516297412084444,0.0013046672443652,0.0052084649178442,0.0567254796428191,0.0012519265292212367,,0.00499831004289919,0.0005633669381495566,0.05568084519295459,0.7127140987676795,0.709485334823141,0.7149831721973059,1.117004610237269,1.1164745515958974,1.085540246075527,0.03146436416174203,0.030934305520370353,0.0005300586413716779,0.7127140987676795,1.1170046102372684,0.003183687265103985,0.0
main,linear,2265-01-01,2264-10-01,0.0009981722821564,0.0022181606270142225,0.0012819578311248,0.0051179792536732,0.0562800563091193,0.0018345515709370375,,0.0073180374929388,0.0008255482069216669,0.06557296196819204,0.7118540738486289,0.7118199423290442,0.6658600286268536,1.1124859543520116,1.1124805609480886,1.1052180545655994,0.00726789978641218,0.007262506382489153,5.393403923026341e-06,0.7118540738486289,1.1124859543520107,0.0,0.0
main,linear,2265-04-01,2265-01-01,0.000433462879131,0.0009632508425133333,0.0013778720866894,0.005500107617964,0.0581182686688342,0.0015046641929075122,,0.006005086306828944,0.0006770988868083805,0.06038696866558286,0.7054587485268955,0.7022758181791348,0.6908169136230488,1.1154591679500723,1.1149382324731745,1.1130628066053578,0.002396361344714437,0.001875425867816638,0.0005209354768977992,0.7054587485268955,1.115459167950072,0.0,0.0
main,linear,2265-07-01,2265-04-01,0.0003915152026273,0.0008700337836162222,0.0013373935608591,0.0053388520793814,0.0573560858472134,0.0018759247614070773,,0.00748261087720159,0.0008441661426331848,0.06616098565006523,0.7094835059749226,0.7062042607448661,0.6631322165905941,1.116415493217762,1.115877418762719,1.1088099489457481,0.0076055442720137645,0.007067469816970817,0.0005380744550429473,0.7094835059749226,1.1164154932177612,0.0,0.0
main,linear,2265-10-01,2265-07-01,0.0004780472167703,0.0010623271483784444,0.0012948806371784,0.0051694709353027,0.0565343241983939,0.0014049868332222104,,0.005608114494691674,0.0006322440749499947,0.058618202513029696,0.71320381807144,0.7104854961314429,0.6997208697483398,1.1164087904338118,1.115965107210269,1.1142081099747283,0.002200680459083504,0.0017569972355406804,0.0004436832235428234,0.7132038180714393,1.1164087904338114,0.0,0.0
main,linear,2266-01-01,2265-10-01,0.000522952125431,0.0011621158342911113,0.00115345278758,0.0046058345670114,0.0536298016852614,0.0014595134416595101,,0.00582528512128444,0.0006567810487467796,0.05959884719190964,0.7280523694352049,0.7260113542095582,0.6947585239474102,1.1185054327249022,1.118173215699496,1.113086177555569,0.005419255169333281,0.00508703814392697,0.0003322170254063117,0.7280523694352049,1.118505432724902,0.0,0.0
main,linear,2266-04-01,2266-01-01,0.0005732321320332,0.001273849182296,0.0013056049688143,0.0052122011485038,0.0567437325953045,0.0014167588669806719,,0.005655003604676634,0.0006375414901413024,0.05883267375954673,0.7116578315787849,0.7093899648767557,0.6986300320991848,1.1154790643444956,1.1151110628792025,1.1133650735646365,0.0021139907798590762,0.0017459893145659322,0.00036800146529314404,0.7116578315787849,1.1154790643444956,0.0,0.0
main,linear,2266-07-01,2266-04-01,0.0003904005716399,0.0008675568258664445,0.0013270261172001,0.0052975478233681,0.0571577331769059,0.0019555906765162945,,0.0077994465974098315,0.0008800158044323325,0.0672590927691227,0.7104889833317494,0.7072332631891344,0.6580908015180671,1.1165883961473682,1.1160541455134565,1.107990064403999,0.008598331743369103,0.008064081109457444,0.0005342506339116593,0.7104889833317459,1.1165883961473675,0.0,0.0
main,linear,2266-10-01,2266-07-01,0.0005553773447706,0.001234171877268,0.0013763860320735,0.0054941879235644,0.0580906264179746,0.0016174905467778444,,0.006454281453457611,0.0007278707460500301,0.062268231151430285,0.7049898915782472,0.7024175849869919,0.6815711079385911,1.1145229476443972,1.114105086145112,1.1107186546116905,0.003804293032706685,0.0033864315334215522,0.0004178614992851326,0.7049898915782469,1.114522947644397,0.0,0.0
main,linear,2267-01-01,2266-10-01,0.0004916384445079,0.001092529876684222,0.0013070183944374,0.0052178327234336,0.0567712244172729,0.001253936206921935,,0.005006318575685786,0.0005642712931148708,0.05572131286919825,0.7119319456943396,0.709246366931293,0.714768716940343,1.1161044357328826,1.1156664618383467,1.0767210400959417,0.03938339563694093,0.038945421742405006,0.0004379738945359257,0.7119319456943396,1.116104435732882,0.003984602654824143,0.0
main,linear,2267-04-01,2267-01-01,0.0005859284493194,0.001302063220709778,0.0011240196275451,0.0044885036682817,0.0529894563506237,0.0015093028778210282,,0.006023557287771597,0.0006791862950194628,0.0604667548974875,0.7311256960814019,0.7295197061454491,0.6904201646100625,1.11854524348805,1.1182848471307374,1.1119452194902024,0.006600023997847648,0.006339627640534973,0.0002603963573126755,0.7311256960814015,1.1185452434880494,0.0,0.0
main,linear,2267-07-01,2267-04-01,0.0004528028375653,0.0010062285279228889,0.0012499653927928,0.0049904948996823,0.0556413033382195,0.0012458058772608638,,0.004973919047055464,0.0005606126447673887,0.05555726686510962,0.7179054641254445,0.7151928293040526,0.715638789863604,1.1173574216604782,1.116913981897928,1.1169868839498651,0.000370537710613128,-7.29020519372181e-05,0.0004434397625503461,0.7179054641254445,1.1173574216604778,0.0,0.0
main,linear,2267-10-01,2267-07-01,0.0006681377684433,0.0014847505965406664,0.001368327837074,0.0054620876661686,0.0579402899940771,0.001608537626452744,,0.006418642787019979,0.0007238419319037349,0.06212332957944603,0.7051767033082685,0.7031895452539174,0.6822752519620381,1.113758134266723,1.1134375686670714,1.1100637036865224,0.0036944305802006916,0.003373864980549035,0.00032056559965165654,0.7051767033082685,1.1137581342667229,0.0,0.0
main,linear,2268-01-01,2267-10-01,0.0011801433739145,0.0026225408309211115,0.0013593779880065,0.0054264345455504,0.057772431701261,0.0016511963913217187,,0.006588444868331544,0.0007430383760947734,0.06280729738138027,0.7034694933355257,0.704053324759872,0.6789630377374954,1.109880926267259,1.101672809413211,1.1060530530387116,0.003827873228547496,-0.004380243625500491,0.008208116854047987,0.7034694933355257,1.1098809262672586,0.0,0.0
main,linear,2268-04-01,2268-01-01,0.0004496953609496,0.0009993230243324446,0.0013884916230887,0.0055424097422557,0.0583150650190004,0.0018762658583000302,,0.0074839676000079125,0.0008443196362350136,0.0661657819944117,0.7044001489551985,0.7012680311870466,0.6631100468993456,1.1151715702320997,1.114659459435353,1.108420512760193,0.006751057471906741,0.0062389466751600064,0.0005121107967467342,0.7044001489551985,1.1151715702320997,0.0,0.0
main,linear,2268-07-01,2268-04-01,0.0007216311512406,0.0016036247805346667,0.0014331884740148,0.005720441491872,0.0591294407961849,0.0016662474954500794,,0.006648350194345176,0.0007498113729525358,0.0630447773152996,0.6990510353404771,0.6971257693233908,0.6778197908977347,1.1123960039031133,1.112086452531566,1.1089823661104274,0.0034136377926858863,0.0031040864211384633,0.00030955137154742296,0.6990510353404771,1.1123960039031129,0.0,0.0
main,linear,2268-10-01,2268-07-01,0.0004933266065494,0.0010962813478875555,0.0014594480520611,0.0058250247064389,0.0595976903852063,0.001628629514016211,,0.0064986207237957005,0.000732883281307295,0.06244750124863443,0.6978804482529879,0.6947643396865302,0.6807017715679329,1.1138010853733638,1.1132929517268455,1.110999814673015,0.002801270700348857,0.0022931370538306073,0.0005081336465182495,0.6978804482529879,1.1138010853733633,0.0,0.0
main,linear,2269-01-01,2268-10-01,0.0006965828243843,0.0015479618319651112,0.0012728689645546,0.0050817629323739,0.0560999448166684,0.001578929484821856,,0.006300775568364614,0.0007105182681698352,0.06163887963771219,0.7143034202702817,0.7127680147348779,0.6846390208861246,1.1150272596658148,1.114780006907111,1.1102502776803433,0.004776981985471496,0.0045297292267676426,0.0002472527587038531,0.7143034202702817,1.1150272596658146,0.0,0.0
main,linear,2269-04-01,2269-01-01,0.0003433634781658,0.0007630299514795555,0.0011097697239302,0.0044316948282834,0.0526746557563152,0.0016115170437842607,,0.006430502985654729,0.0007251826697029174,0.062171631908689844,0.7341172568811549,0.7312561129678237,0.6820403832415026,1.1208110086089915,1.120340160554808,1.112240906802179,0.008570101806812502,0.008099253752628988,0.0004708480541835147,0.7341172568811549,1.1208110086089915,0.0,0.0
main,linear,2269-07-01,2269-04-01,0.0002739551089143,0.0006087891309206667,0.0010801324813057,0.004313534847501,0.0520096252985666,0.0011872793547809124,,0.004740666318048037,0.0005342757096514106,0.05434980949127928,0.738096805776345,0.7349499548449632,0.7221040450359829,1.1219782094622683,1.1214581594646922,1.1193352386429922,0.0026429708192761137,0.0021229208216999584,0.0005200499975761552,0.7380968057763444,1.121978209462268,0.0,0.0
main,linear,2269-10-01,2269-07-01,0.0005663265195348,0.001258503376744,0.0011920530536936,0.0047596930454425,0.0544500855050879,0.0011834139004349709,,0.004725259418355443,0.000532536255195737,0.05426837324318185,0.7235030676615113,0.7215629801328798,0.722544009839493,1.117451125625319,1.117136178150685,1.1172954353100035,0.00015569031531548205,-0.00015925715931852658,0.00031494747463400863,0.7235030676615113,1.1174511256253183,0.0,0.0
main,linear,2270-01-01,2269-10-01,0.0005126268933547,0.0011391708741215554,0.0014703271412839,0.0058683501036246,0.0597895319490197,0.001553514739498496,,0.006199593500954337,0.0006990816327743232,0.061216481755571484,0.6968536275984398,0.6938010966939065,0.6867121870357632,1.1134991503341505,1.1130019732365335,1.1118473760713186,0.0016517742628319176,0.0011545971652149323,0.0004971770976169854,0.6968536275984398,1.1134991503341505,0.0,0.0
main,linear,2270-04-01,2270-01-01,0.0011086434023836,0.002463652005296889,0.0017778487401034,0.0070924529508815,0.0647463241093117,0.0020943975541740656,,0.008351307939074126,0.0009424788993783296,0.06907250709701565,0.6708934375411706,0.6697286784740563,0.6499114201059392,1.105272281674592,1.1050895151758673,1.1019799184974557,0.003292363177136215,0.003109596678411597,0.00018276649872461803,0.6708934375411706,1.1052722816745912,0.0,0.0
main,linear,2270-07-01,2270-04-01,0.0011850944445226,0.002633543210050222,0.0027117086841063,0.0108027942591528,0.0758958198139841,0.001712846802547574,,0.006833804237471264,0.0007707810611464084,0.06376773453982637,0.6239045900260477,0.6206423401521975,0.674360686719208,1.097422112488856,1.09691271525207,0.29658604359956486,0.800836068889291,0.800326671652505,0.0005093972367860022,0.6239045900260477,1.0974221124888557,0.08087147407349082,0.0
main,linear,2270-10-01,2270-07-01,0.0014679574019085,0.0032621275597966666,0.003998889974007,0.0158998687011012,0.0859785766822783,0.003484748536720872,,0.013866302433024669,0.0015681368415243924,0.08243752355119213,0.5860066273293614,0.5811285298696758,0.594553811387697,1.089846785729777,1.0890988737492815,0.9453025196451581,0.1445442660846188,0.1437963541041234,0.0007479119804953971,0.5860066273293614,1.089846785729777,0.014585472398538024,0.0
main,linear,2271-01-01,2270-10-01,0.0008209982310766,0.0018244405135035555,0.0027980502570269,0.011145314080064,0.0767192936574786,0.0032222471199929714,,0.012826824937929526,0.0014500112039968372,0.08040731050212373,0.6221215524621573,0.6172589140177166,0.6024631140584342,1.0994088138727818,1.0986318127897277,1.0962675916525082,0.0031412222202735762,0.0023642211372194577,0.0007770010830541185,0.6221215524621567,1.099408813872781,0.0,0.0
main,linear,2271-04-01,2271-01-01,0.0006591155454241,0.0014647012120535556,0.0021259260807564,0.0084766253654107,0.0694678969093045,0.002268923446536064,,0.009044852399799908,0.001021015550941229,0.07119063331479582,0.6522007981193635,0.6481515368277273,0.6405788183118478,1.1052709772362683,1.104617390649921,1.103395086904203,0.0018758903320652554,0.0012223037457179675,0.0006535865863472878,0.652200798119363,1.1052709772362677,0.0,0.0
main,linear,2271-07-01,2271-04-01,0.0006545198184709,0.001454488485490889,0.0015339640366912,0.0061217523051827,0.060887319938257,0.0024838687386363745,,0.009898518590962024,0.0011177409323863685,0.07358319956839716,0.6908852188625932,0.6883356610055138,0.6303092871591135,1.111546736088574,1.111135097730042,1.101766461040612,0.009780275047962084,0.00936863668943011,0.00041163835853197384,0.6908852188625932,1.1115467360885734,0.0,0.0
main,linear,2271-10-01,2271-07-01,0.0005005507013,0.0011123348917777777,0.0014904598359848,0.0059485237599187,0.0601412938120538,0.0019109223503619432,,0.007621807554620164,0.0008599150576628745,0.06664880632664495,0.6952079873838639,0.6920412098066199,0.6608842387840468,1.1133150734241455,1.1127989061185397,1.107720491423705,0.0055945820004403846,0.00507841469483461,0.0005161673056057747,0.6952079873838636,1.113315073424145,0.0,0.0
main,linear,2272-01-01,2271-10-01,0.0004489385934251,0.0009976413187224443,0.0011855418615692,0.0047337410524298,0.0543132310023734,0.0018009484047070146,,0.007184356482263232,0.0008104267821181565,0.06508603962069757,0.7248363700252228,0.7223015966940501,0.6681339776542664,1.1185184399600125,1.118103977616115,1.1092469969644405,0.009271442995572032,0.008856980651674506,0.0004144623438975259,0.7248363700252225,1.1185184399600123,0.0,0.0
main,linear,2272-04-01,2272-01-01,0.0006115327805395,0.0013589617345322223,0.0012947162788042,0.0051688160522326,0.0565311036036629,0.001188637805171311,,0.004746080777212169,0.0005348870123270899,0.054378378115053146,0.7125418197550576,0.7105023695800728,0.7219498139249902,1.1153495989159947,1.1150194431929594,0.9848385866364541,0.13051101227954065,0.13018085655650535,0.00033015572303529694,0.7125418197550576,1.115349598915994,0.013203402233174899,0.0
main,linear,2272-07-01,2272-04-01,0.000737414020626,0.0016386978236133333,0.0012895434678408,0.0051482049121083,0.0564295679415944,0.0015793481143191457,,0.0063024421659853,0.0007107066514436156,0.06164578612374348,0.7124182356336706,0.7110347172476801,0.6846052178641676,1.1144327916313976,1.1142105628011072,1.1099653017387126,0.004467489892685084,0.004245261062394645,0.0002222288302904385,0.7124182356336706,1.1144327916313974,0.0,0.0
main,linear,2272-10-01,2272-07-01,0.0005997599785153,0.0013327999522562222,0.0012754333285919,0.0050919812298109,0.0561508699106564,0.0014878424117341638,,0.005938100766181842,0.0006695290852803737,0.06009579862858581,0.7145376887315745,0.7124997175077113,0.6922683677972262,1.1157568206184842,1.1154266643886492,1.112149137175965,0.0036076834425191606,0.0032775272126841504,0.00033015622983501025,0.7145376887338786,1.1157568206188573,0.0,0.0
main,linear,2273-01-01,2272-10-01,0.0007356400817725,0.0016347557372722221,0.0013415868513136,0.0053555579289863,0.0574359443921487,0.0015891530783846974,,0.006341475915158323,0.0007151188852731139,0.061807077672431404,0.7073557249151222,0.7057907507492633,0.6838166539718814,1.1136321695525524,1.1133807664699211,1.1098507684748233,0.003781401077729063,0.003529997995097789,0.0002514030826312741,0.7073557249151218,1.113632169552552,0.0,0.0
main,linear,2273-04-01,2273-01-01,0.0005699706554343,0.0012666014565206666,0.0016994307781147,0.0067804143465663,0.0635614712392767,0.001336962915956974,,0.005337136400724529,0.0006016333121806383,0.05734787251198696,0.6787417343051063,0.6753443446142258,0.7062468115708054,1.110159982651533,1.1096085853077535,0.7093879565360978,0.40077202611543516,0.40022062877165576,0.0005513973437794029,0.6787417343051031,1.1101599826515325,0.04052361082269035,0.0
main,linear,2273-07-01,2273-04-01,0.0008925059132624,0.0019833464739164443,0.0019312389466067,0.007702606480946,0.0669280719476411,0.0018800559919327497,,0.007499042873103545,0.0008460251963697375,0.06621902108342362,0.6621614176883717,0.6596033772555137,0.6628640635733428,1.1053332883634355,1.1049263682328418,1.094833669308747,0.010499619054688436,0.010092698924094812,0.0004069201305936243,0.6621614176883717,1.105333288363435,0.001061139240729092,0.0
main,linear,2273-10-01,2273-07-01,0.0009426351207876,0.0020947447128613333,0.0024791647033059,0.0098798421800306,0.0735331533055298,0.002012884709984064,,0.008027261216844828,0.0009057981194928289,0.06802240105276933,0.6342127707698423,0.6305212492189594,0.6546260724325965,1.1005694331715368,1.0999840551296185,0.7819382353767736,0.3186311977947631,0.31804581975284485,0.0005853780419182719,0.6342127707698423,1.1005694331715368,0.03218682095233205,0.0
main,linear,2274-01-01,2273-10-01,0.0010741073130989,0.002386905140219778,0.0022948545693215,0.0091478684466839,0.0714912820431462,0.002189881633967161,,0.008730795030470362,0.0009854467352852225,0.0702523244207301,0.6419911312836005,0.6392728045769235,0.6446843727926784,1.1009588363650813,1.10053135522431,1.0594311386407753,0.04152769772430598,0.04110021658353458,0.00042748114077140187,0.6419911312836005,1.1009588363650813,0.004195123399382272,0.0
main,linear,2274-04-01,2274-01-01,0.0013757748422519,0.003057277427226444,0.0029713545754978,0.0118325494717016,0.0782937400622554,0.0025915007572621107,,0.010325777343688891,0.0011661753407679499,0.07470215834997362,0.6139884385568107,0.6108724792393883,0.6256010302558921,1.0947029592055444,1.0942223466246013,0.9073604793421471,0.18734247986339725,0.18686186728245413,0.0004806125809431183,0.6139884385568105,1.0947029592055442,0.018913363215371348,0.0
main,linear,2274-07-01,2274-04-01,0.0013844101962574,0.003076467102794222,0.0038498689640023,0.0153107749332865,0.0850043999702515,0.0030842565465718508,,0.01228006762279632,0.001387915445957333,0.07926761660819318,0.5896615347453322,0.5847768321883544,0.6069748391921611,1.0908998034267936,1.0901467977174766,0.7999546734611209,0.2909451299656727,0.29019212425635565,0.0007530057093170228,0.5896615347453322,1.0908998034267932,0.029361407796066885,0.0
main,linear,2274-10-01,2274-07-01,0.0019084036023496,0.004240896894110223,0.0032798937741521,0.0130551698983567,0.0808680041105454,0.0030692839063704014,,0.012220728171349893,0.0013811777578666806,0.07914067858431233,0.6024952657484836,0.6006541922540101,0.607480635653648,1.0897211632902153,1.0894469980560335,1.007718198361573,0.08200296492864223,0.08172879969446045,0.00027416523418177796,0.6024952657484836,1.0897211632902148,0.00827453660938493,0.0
main,linear,2275-01-01,2274-10-01,0.0014772736822783,0.0032828304050628886,0.0044428418682129,0.0176532848062817,0.0886709492571105,0.002836730796843767,,0.011298732182100646,0.0012765288585796953,0.07707952083240366,0.5768735175365883,0.5712152163351506,0.6157882581992641,1.0883927502915458,1.0875257442842168,0.4197755229221434,0.6686172273694024,0.6677502213620734,0.0008670060073290298,0.5768735175365883,1.0883927502915454,0.06745800265783952,0.0
main,linear,2275-04-01,2275-01-01,0.0013974584658552,0.003105463257456,0.0025660962382532,0.0102249433996629,0.0744424716583047,0.0031334504019469023,,0.012475013506129895,0.0014100526808761061,0.07968008115915394,0.6287728969785632,0.626688493623425,0.6053359097951577,1.0968470066125686,1.0965259555200535,1.0932371149272924,0.0036098916852762564,0.003288840592761133,0.0003210510925151233,0.6287728969785632,1.0968470066125682,0.0,0.0
main,linear,2275-07-01,2275-04-01,0.0010542327511592,0.0023427394470204445,0.0019567263137936,0.0078039625407939,0.067274432382921,0.002906006993725896,,0.011573456807184579,0.0013077031471766531,0.07771183040441051,0.6599411216701122,0.6580208558738849,0.6132204535010747,1.1039127929975652,1.103610432414732,1.0965562653305652,0.007356527667000012,0.00705416708416684,0.00030236058283317213,0.6599411216701122,1.103912792997565,0.0,0.0
main,linear,2275-10-01,2275-07-01,0.0016328839926321,0.0036286310947379998,0.0034848395682138,0.0138666627655348,0.0824381987888038,0.0018638188485056162,,0.007434458356044726,0.0008387184818275273,0.06599021663960836,0.5978319552108883,0.594551207301094,0.6639223573837473,1.0906738661759512,1.0901762713345629,-0.004803286095041104,1.0954771522709923,1.094979557429604,0.000497594841388338,0.5978319552108883,1.0906738661759507,0.11055011602382858,0.0
main,linear,2276-01-01,2275-10-01,0.0015500938084104,0.0034446529075786666,0.005025609313327,0.0199514038437951,0.0918206105399572,0.003057858906686306,,0.012175446902806364,0.0013760365080088377,0.07904337063626025,0.5663453623025292,0.5599200638023527,0.60786881569006,1.086367136471554,1.085387284477747,0.3595169303804664,0.7268502060910875,0.7258703540972806,0.0009798519938069017,0.5663453623025292,1.0863671364715537,0.07331824937801945,0.0
main,linear,2276-04-01,2276-01-01,0.0011334918788481,0.0025188708418846665,0.0034322553878931,0.0136585008835593,0.0820449655694641,0.003496870631352067,,0.013914284791001208,0.0015735917841084301,0.08252727473585668,0.6010393445946871,0.5960706822724195,0.5942078309834695,1.0941618777322448,1.0933834618460136,1.0930916180975458,0.0010702596346989779,0.0002918437484678016,0.0007784158862311763,0.6010393445946866,1.0941618777322442,0.0,0.0
main,linear,2276-07-01,2276-04-01,0.0013905821259064,0.0030901825020142218,0.0046899474429766,0.0186282282789562,0.0900532280066749,0.003210555063560605,,0.012780506538386582,0.0014447497786022722,0.08031279235090455,0.5725940099235508,0.5662190690810348,0.6028352869310386,1.088233403711149,1.0872510624374991,0.5647482692552483,0.5234851344559006,0.5225027931822508,0.0009823412736498227,0.5725940099235508,1.0882334037111487,0.05281451392004466,0.0
main,linear,2276-10-01,2276-07-01,0.0034169541416741,0.007593231425942443,0.0069287190687122,0.0274281615947293,0.1002380033261579,0.0031406437046825886,,0.012503516776911971,0.001413289667107165,0.07973981104272222,0.5351744501584806,0.5312385251781527,0.6050991536832105,1.071622642086753,1.0710958954416865,-0.22559696530397821,1.2972196073907312,1.2966928607456647,0.0005267466450664671,0.5351744501584806,1.0716226420867527,0.13065776625297443,0.0
main,linear,2277-01-01,2276-10-01,0.0040429724650422,0.008984383255649332,0.007243668744142,0.0286613681246875,0.1014591472444672,0.005311338696628809,,0.021076691416421767,0.0023901024134829643,0.09323935236555324,0.52993574861239,0.5272563333367937,0.5549343706119009,1.0676040493680674,1.0672622356235832,0.5990639270470877,0.46854012232097975,0.4681983085764956,0.00034181374448416513,0.52993574861239,1.067604049368067,0.04717292034128173,0.0
main,linear,2277-04-01,2277-01-01,0.0021500956947879,0.004777990432862,0.0062148037421077,0.0246284309203044,0.097324649752349,0.0066984896548092365,,0.026525940262598358,0.0030143203446641566,0.09932243174346746,0.5474210341693916,0.5409220747397221,0.534254011993227,1.0801966576524182,1.0792445663151369,1.078267701503764,0.0019289561486541817,0.000976864811372824,0.0009520913372813578,0.5474210341693916,1.0801966576524178,0.0,0.0
main,linear,2277-07-01,2277-04-01,0.0029396222290089,0.006532493842242,0.0068555227971709,0.0271413886116477,0.0999491450237704,0.004933196119964123,,0.01958724556925573,0.0022199382539838555,0.09134560827190519,0.5373779456457997,0.5321871490325216,0.5616032984922122,1.0744826133244991,1.0737631493045745,0.6270337885943258,0.44744882473017333,0.4467293607102487,0.0007194640199246205,0.5373779456457997,1.074482613324499,0.045080655015104165,0.0
main,linear,2277-10-01,2277-07-01,0.0042595922270888,0.009465760504641776,0.0091419527858404,0.0360694085199131,0.1082763482889908,0.00577982421964407,,0.02291962988627061,0.0026009208988398316,0.09542433968346302,0.5108923715382856,0.5058659808016054,0.5473769276935898,1.0640679866715976,1.0634376567769577,0.35450952289692106,0.7095584637746766,0.7089281338800366,0.0006303298946399583,0.5108923715382856,1.0640679866715972,0.07141337758906885,0.0
main,linear,2278-01-01,2277-10-01,0.00429128602443,0.009536191165399999,0.0091752486796812,0.0361989661817274,0.1083898850586973,0.009170194156467915,,0.03617929936589881,0.004126587370410562,0.10837265970576995,0.5105135900052884,0.5055218387303569,0.5055740249633115,1.0638586847801756,1.0632342808908224,1.0632408087174374,0.0006178760627382207,-6.527826615032595e-06,0.0006244038893532533,0.5105135900052884,1.0638586847801754,0.0,0.0
main,linear,2278-04-01,2278-01-01,0.004146497491951,0.009214438871002222,0.010278799452964,0.0404856083135056,0.1120733513472329,0.008204057812690735,,0.03241459608081387,0.0036918260157108307,0.10500414363210708,0.5014545919416725,0.4945701547789484,0.5159546753124115,1.0634515693680664,1.062580446939016,0.7761260019139207,0.2873255674541457,0.2864544450250954,0.0008711224290502972,0.5014545919416725,1.0634515693680662,0.02891603358671313,0.0
main,linear,2278-07-01,2278-04-01,0.0046061463925642,0.01023588087236489,0.009919092593201,0.0390899339998069,0.1108882868002726,0.008117415010929108,,0.032076440647833215,0.0036528367549180985,0.104693560781466,0.503285360452614,0.4980486983393966,0.516929386269736,1.0613698800812474,1.0607313291692453,0.7919344720569308,0.26943540802431665,0.2687968571123145,0.000638550912002156,0.503285360452614,1.061369880081247,0.027109914055861717,0.0
main,linear,2278-10-01,2278-07-01,0.003232371753227,0.007183048340504444,0.0055397483041114,0.0219755394401659,0.0943246585925493,0.007692319341003895,,0.03041606387446638,0.0034615437034517527,0.1031449794020716,0.5532288215728726,0.5511622948780507,0.5218336700315882,1.0750600298650104,1.0747796512054364,1.070800452416378,0.004259577448632479,0.003979198789058502,0.00028037865957397656,0.5532288215728726,1.07506002986501,0.0,0.0
main,linear,2279-01-01,2278-10-01,0.003531921966413,0.007848715480917777,0.0076521395588131,0.0302590156590394,0.1029963036374174,0.0059962645173072815,,0.023770188034760387,0.0026983190327882767,0.09638364140582402,0.5270696965045212,0.5223084013184157,0.544104766565852,1.06993201862361,1.0693002862629075,0.7489890546998794,0.3209429639237307,0.3203112315630281,0.0006317323607025749,0.5270696965045211,1.0699320186236094,0.03232031903125443,0.0
main,linear,2279-04-01,2279-01-01,0.0039861592348777,0.008858131633061556,0.0070667839765154,0.0279689084423079,0.1007775226327776,0.0056687952019274235,,0.022483097013143327,0.0025509578408673406,0.09492068232005077,0.5320176625335035,0.5294735276284367,0.54910607129155,1.068171896119369,1.0678458947237832,0.7491616880226233,0.31901020809674563,0.31868420670115993,0.0003260013955856955,0.5320176625335032,1.0681718961193682,0.03211998895842949,0.0
main,linear,2279-07-01,2279-04-01,0.0044041840153226,0.009787075589605778,0.0075756210412234,0.0299598797269177,0.1027119742411321,0.006227829027920961,,0.02467956568761487,0.0028025230625644327,0.09737992281073245,0.5254414532904848,0.5232181671217584,0.5407359586589227,1.065132755657103,1.064857161194815,0.775949606089614,0.28918314956748903,0.28890755510520094,0.0002755944622880868,0.5254414532904848,1.065132755657103,0.029107902830872723,0.0
main,linear,2279-10-01,2279-07-01,0.0025787611192688,0.0057305802650417775,0.0072108103046345,0.0285327635304563,0.1013333072103922,0.006204802077263594,,0.024589164942747765,0.0027921609347686172,0.09728214755820117,0.5344390623488433,0.5276645951950307,0.5410652483487294,1.076003855728569,1.075040442571728,0.9529624094850495,0.12304144624351943,0.12207803308667842,0.0009634131568410087,0.5344390623488433,1.0760038557285685,0.012398377198324484,0.0
