split,model,date,feature_date,c_q_realised,pd_q_realised,pd_q_true,pd_a_true,k_irb_true,pd_q_hat,pd_q_hat_std,pd_a_hat,c_q_hat,k_irb_hat,alpha_oracle,alpha_bayes,alpha_hat,utility_oracle,utility_bayes_realised,utility,regret,regret_vs_bayes,regret_irreducible,alpha_oracle_panel,utility_oracle_panel,shortfall_realised_at_hat,shortfall_predicted_at_hat
main,linear,2205-01-01,2204-10-01,0.001108485905089,0.002463302011308889,0.0030294976156542,0.0120630344607333,0.0788001227338899,0.0017880370141938329,,0.007132988454332745,0.0008046166563872248,0.06489666644523509,0.6130884200361235,0.608840902145873,0.669022104987945,1.0962028558442354,1.0955363559758025,0.192653228571797,0.9035496272724384,0.9028831274040054,0.0006664998684329237,0.6130884200361232,1.096202855844235,0.09123264693304567,0.0
main,linear,2205-04-01,2205-01-01,0.000825074562289,0.001833499027308889,0.002128649770699,0.0084874507441113,0.0695017803290689,0.0032038644421845675,,0.012754000726626247,0.0014417389989830555,0.08025853927929343,0.651351830293593,0.6480011080487926,0.6030490754260305,1.1040529692265673,1.1035176938463356,1.096336640152114,0.007716329074453299,0.0071810536942216174,0.0005352753802316812,0.651351830293593,1.1040529692265673,0.0,0.0
main,linear,2205-07-01,2205-04-01,0.0007897125308338,0.0017549167351862223,0.0018023114999266,0.0071897794466847,0.065105957680518,0.0026238993741571903,,0.010454360622266123,0.0011807547183707357,0.07502950487643736,0.6707102818342564,0.6680406870216903,0.6242346858948518,1.1073826442069192,1.106955234403165,1.0999417676940124,0.007440876512906813,0.007013466709152594,0.00042740980375421955,0.6707102818342564,1.1073826442069188,0.0,0.0
main,linear,2205-10-01,2205-07-01,0.0009297346517341,0.0020660770038535554,0.001925890756271,0.0076813372530374,0.0668548327569975,0.002276394749060273,,0.00907453431593197,0.001024377637077123,0.07127761233707879,0.6623193412951117,0.6599388660138555,0.6402005180024843,1.105111836916421,1.104734049172735,1.101601520967967,0.003510315948453968,0.003132528204768059,0.00037778774368590895,0.6623193412951117,1.1051118369164206,0.0,0.0
main,linear,2206-01-01,2205-10-01,0.0007933008565608,0.0017628907923573332,0.0026720990332568,0.0106456317189437,0.0755087430056115,0.0026902540121227503,,0.010717669078706415,0.0012106143054552378,0.07568690323806883,0.6269511988284621,0.6222432191863146,0.6215055398325131,1.1003541921726572,1.0996006000356042,1.099482521920798,0.0008716702518591912,0.00011807811480624153,0.0007535921370529497,0.6269511988284621,1.1003541921726572,0.0,0.0
main,linear,2206-04-01,2206-01-01,0.001474800327299,0.0032773340606644446,0.003945531709204,0.0156889689555158,0.085634227797613,0.002287783659994602,,0.009119778784752897,0.001029502646997571,0.07140964405481132,0.5871679316818885,0.5824143049939694,0.6396269918612963,1.089984657944318,1.0892561551626991,0.20459897902739788,0.8853856789169201,0.8846571761353013,0.000728502781618845,0.5871679316818885,1.0899846579443175,0.08934251346358368,0.0
main,linear,2206-07-01,2206-04-01,0.0020244564710023,0.004498792157782889,0.0044068963990517,0.0175114031444941,0.0884634667304149,0.0031714236829429865,,0.012625474653356172,0.001427140657324344,0.07999374738677578,0.5757452637955617,0.5719705253847011,0.6040942058366358,1.0850694920682558,1.084511753951253,0.596871399362076,0.48819809270617975,0.487640354589177,0.0005577381170027707,0.5757452637955617,1.085069492068255,0.04923868029774692,0.0
main,linear,2206-10-01,2206-07-01,0.0021047902320725,0.004677311626827778,0.004113353386026,0.0163521735877862,0.0867013027068293,0.005080851726233959,,0.02016904056278701,0.0022863832768052817,0.09210063555322157,0.5813747518362679,0.5784433022095479,0.5589310583883601,1.0854342393201075,1.0850034566482196,1.082136091488267,0.00329814783184057,0.002867365159952673,0.0004307826718878971,0.5813747518362679,1.0854342393201073,0.0,0.0
main,linear,2207-01-01,2206-10-01,0.0015881415630261,0.0035292034733913334,0.0038153851899762,0.0151744197278607,0.0847732976688375,0.0037691378965973854,,0.014991527165196028,0.0016961120534688234,0.08445985732853063,0.5897567234400035,0.5856472391946552,0.5868308268163983,1.089712957892229,1.0890878289663364,1.0892678746398339,0.0004450832523952286,-0.00018004567349749756,0.0006251289258927262,0.5897567234400035,1.0897129578922289,0.0,0.0
main,linear,2207-04-01,2207-01-01,0.0017728289344466,0.003939619854325778,0.0041712923422757,0.0165810613041302,0.0870591795545866,0.0032368414103984833,,0.012884638329319409,0.0014565786346793176,0.08052477498630822,0.5812871665517264,0.577120274022934,0.6020010851803935,1.0873510168998362,1.0867248508314165,0.7341181532704804,0.3532328636293558,0.3526066975609361,0.0006261660684196979,0.5812871665517264,1.0873510168998357,0.03563455796160653,0.0
main,linear,2207-07-01,2207-04-01,0.0015941363588965,0.003542525241992222,0.0035776844837611,0.0142341219885763,0.0831172265521846,0.004133634269237518,,0.01643229771587107,0.0018601354211568832,0.0868271659761829,0.5955523021604364,0.5919411987044529,0.5779775018752893,1.0905588709779686,1.090009771510512,1.0878864708114129,0.0026724001665556774,0.002123300699099051,0.0005490994674566263,0.5955523021604362,1.090558870977968,0.0,0.0
main,linear,2207-10-01,2207-07-01,0.0032765913691527,0.007281314153672666,0.0063585319967021,0.0251925691026566,0.0979297957593443,0.0037826010957360268,,0.015044772238827386,0.0017021704930812122,0.08455152340953101,0.542280562130349,0.5388895011607858,0.5864843202290185,1.073334816342543,1.0728762293107077,0.26416721108583885,0.8091676052567041,0.8087090182248688,0.00045858703183521143,0.542280562130349,1.073334816342543,0.08151454600945784,0.0
main,linear,2208-01-01,2207-10-01,0.0017763042034112,0.003947342674247111,0.0050877533227153,0.0201962280083179,0.0921354193432513,0.004862128756940365,,0.019307132461256482,0.0021879579406231644,0.09097451902008735,0.5646153623214532,0.5588083791617289,0.5629232360257106,1.0848260944559827,1.0839536709711064,1.0845718745488164,0.000254219907166231,-0.0006182035777100303,0.0008724234848762613,0.5646153623214532,1.0848260944559829,0.0,0.0
main,linear,2208-04-01,2208-01-01,0.0015520359209546,0.003448968713232444,0.0054568029059741,0.0216492004918043,0.0939351873362121,0.00483911344781518,,0.019216404399584386,0.002177601051516831,0.09085322288195245,0.5596371022981602,0.552511787198065,0.5633556196574969,1.085333264331434,1.0842467988444524,1.0194551242307948,0.0658781401006392,0.06479167461365765,0.001086465486981547,0.5596371022981602,1.0853332643314335,0.006644513829186405,0.0
main,linear,2208-07-01,2208-04-01,0.0034121073983409,0.0075824608852019994,0.0083654432347557,0.0330442258749523,0.1055785123629606,0.004171222914010286,,0.016580787051830637,0.001877050311304629,0.08705875380543289,0.5203167508967405,0.5141599411480916,0.5771218453733737,1.0696594477984978,1.06883518072166,-0.014476061170172416,1.0841355089686702,1.0833112418918325,0.0008242670768376925,0.5203167508967405,1.0696594477984975,0.10917405140094727,0.0
main,linear,2208-10-01,2208-07-01,0.0018557734208431,0.004123940935206889,0.0063281375259748,0.0250732902022698,0.0978026844923525,0.006642880849540234,,0.026307926799628678,0.0029892963822931054,0.09909810202579562,0.5468710605851903,0.5393155221512994,0.5349967345977215,1.0817256503896893,1.0805965336068528,1.0799511242093742,0.0017745261803150392,0.0006454093974785913,0.001129116782836448,0.5468710605851903,1.0817256503896888,0.0,0.0
main,linear,2209-01-01,2208-10-01,0.0025474746026976,0.0056610546726613325,0.0054985505894657,0.0218134620662575,0.0941318559234863,0.005015851929783821,,0.019912959233354344,0.0022571333684027195,0.09177084979410541,0.5559282334030703,0.5518297578878941,0.5600960670278793,1.0792338126565473,1.078649676392844,1.0048572774700848,0.07437653518646248,0.07379239892275913,0.0005841362637033498,0.5559282334030703,1.0792338126565466,0.007497055673235553,0.0
main,linear,2209-04-01,2209-01-01,0.0013706724539854,0.003045938786634222,0.0034668635992847,0.0137955060683037,0.0823044916125359,0.003958479966968298,,0.0157401503510598,0.0017813159851357342,0.08571823766572918,0.5992503379126464,0.5950672001766245,0.5821002372970755,1.0924602974571416,1.0918148674341492,1.089814152258694,0.002646145198447636,0.002000715175455303,0.0006454300229923327,0.5992503379126464,1.0924602974571411,0.0,0.0
main,linear,2209-07-01,2209-04-01,0.0022888051544627,0.005086233676583778,0.0050302896669413,0.0199698442847412,0.0918444471403798,0.0028034921269863844,,0.011166899174485545,0.001261571457143873,0.07677029119483758,0.5639100246145317,0.5598357760633873,0.6170503671011006,1.081830082425332,1.081238860279584,0.147186538288679,0.934643544136653,0.9340523219909049,0.0005912221457480271,0.5639100246145317,1.081830082425332,0.0942354842776465,0.0
main,linear,2209-10-01,2209-07-01,0.0032964038656676,0.007325341923705778,0.0060842721365262,0.0241158778904437,0.0967657619766427,0.004047439433634281,,0.016091732087183508,0.0018213477451354265,0.08628772774710794,0.5456663611240278,0.5428091181857285,0.5799776948789993,1.0736845816470966,1.0732987511001315,0.4495209952100705,0.6241635864370261,0.623777755890061,0.00038583054696506025,0.5456663611240278,1.073684581647096,0.06287968503756003,0.0
main,linear,2210-01-01,2209-10-01,0.0018033391239206,0.004007420275379111,0.0044157426364426,0.0175463218738105,0.0885146872056579,0.006554529536515474,,0.02596147153472461,0.0029495382914319634,0.0987389821974523,0.5763089936024567,0.5717839324863866,0.5361889115380201,1.0864271053689065,1.085748497298894,1.0804104327184982,0.0060166726504082835,0.005338064580395763,0.0006786080700125208,0.5763089936024567,1.0864271053689063,0.0,0.0
main,linear,2210-04-01,2210-01-01,0.0018877053391632,0.004194900753696,0.0064090269147621,0.025390705235047,0.0981399801927678,0.003940346650779247,,0.015668473088197077,0.0017731559928506613,0.08560050509944148,0.5457690440799354,0.5381861204493319,0.5825404490201426,1.0813866880208323,1.08025590010513,0.413116328007187,0.6682703600136453,0.667139572097943,0.0011307879157023137,0.5457690440799354,1.0813866880208318,0.06737538202692583,0.0
main,linear,2210-07-01,2210-04-01,0.0017593957983637,0.0039097684408082225,0.0048296915940283,0.0191792609346704,0.0908034067287465,0.005000547505915165,,0.01985265671050318,0.002250246377661824,0.09169261599979688,0.5689485903608527,0.5635333323170643,0.5603729305137695,1.085573305586965,1.0847588180581014,1.0842834745316865,0.0012898310552784675,0.0004753435264148731,0.0008144875288635944,0.5689485903608527,1.0855733055869647,0.0,0.0
main,linear,2210-10-01,2210-07-01,0.0015524384908304,0.0034498633129564442,0.0050405968130991,0.0200104531876537,0.0918968669773859,0.004247528500854969,,0.01688217121484481,0.001911387825384736,0.08752230746713292,0.5660933637162756,0.5596504931548183,0.5754146006548894,1.0863154338319663,1.0853330531801515,0.9230777389718723,0.16323769486009398,0.1622553142082792,0.0009823806518147737,0.5660933637162756,1.0863154338319658,0.016465895619572457,0.0
main,linear,2211-01-01,2210-10-01,0.0014392163327345,0.0031982585171877777,0.0030919113982232,0.0123104042385885,0.0793322597025108,0.004027719609439373,,0.0160138043822059,0.0018124738242477178,0.08616262769823992,0.6098621606402133,0.6067175182452688,0.5804429903554714,1.0936796071644543,1.0931965654490576,1.0891605920603107,0.004519015104143653,0.0040359733887469496,0.0004830417153967037,0.6098621606402129,1.093679607164454,0.0,0.0
main,linear,2211-04-01,2211-01-01,0.0020585220799084,0.004574493510907556,0.0039613039700175,0.0157513127009812,0.0857365217302348,0.0028696053195744753,,0.01142910792295393,0.001291322393808514,0.07738160214425746,0.584812265412065,0.5820319157585786,0.6145593505501096,1.086209970979707,1.085800106349437,0.5819348238422899,0.5042751471374172,0.503865282507147,0.0004098646302701514,0.584812265412065,1.0862099709797068,0.050866030712491295,0.0
main,linear,2211-07-01,2211-04-01,0.0020277759238647,0.004506168719699333,0.0027834388575351,0.0110873564379997,0.0765818439782166,0.003587606130167842,,0.01427338355167318,0.001614422758575529,0.08318867114223899,0.6180102252339125,0.6178215613478778,0.5916675880204256,1.091293855284982,1.0912659854329858,1.0874024618882423,0.0038913933967397174,0.003863523544743508,2.7869851996209505e-05,0.6180102252339124,1.0912938552849816,0.0,0.0
main,linear,2211-10-01,2211-07-01,0.0011947764509305,0.0026550587798455554,0.0022000746972988,0.0087712993900627,0.0703752237189658,0.0031623332761228085,,0.012589457391768977,0.001423049974255264,0.07991902710883832,0.6461200377051932,0.6441440610941808,0.6043896351257841,1.1008284762792275,1.1005201207118012,1.094316353668784,0.006512122610443427,0.006203767043017061,0.00030835556742636605,0.6461200377051932,1.100828476279227,0.0,0.0
main,linear,2212-01-01,2211-10-01,0.0011801025865219,0.002622450192270889,0.0025447927315252,0.0101403809838904,0.0742226298947,0.0024704565294086933,,0.009845267457925133,0.001111705438233912,0.07344024704548385,0.6305061602638896,0.6276115531236751,0.6309150580391742,1.0984844154188793,1.0980322807530545,1.0920630679757302,0.00642134744314915,0.0059692127773243175,0.00045213466582483264,0.6305061602638896,1.0984844154188789,0.0006485216856174647,0.0
main,linear,2212-04-01,2212-01-01,0.0010604515258071,0.0023565589462379998,0.0021880932755144,0.0087236884702347,0.0702307027706004,0.002516064327210188,,0.010026337503155514,0.0011322289472445845,0.07392311366512411,0.6472862464498764,0.6447795119129378,0.6288727944192933,1.101879932526762,1.101485383829201,1.0989817383186362,0.0028981942081258705,0.0025036455105647004,0.00039454869756117006,0.6472862464498764,1.1018799325267616,0.0,0.0
main,linear,2212-07-01,2212-04-01,0.001780850422317,0.0039574453829266665,0.0029766599759666,0.0118535822965206,0.078340383224592,0.0027413680218160152,,0.01092046384560541,0.001233615609817207,0.07618177800521929,0.6122902473297005,0.6106848988272422,0.6194639972181905,1.091960788096013,1.0917196784031855,0.9758758017700685,0.11608498632594444,0.11584387663311702,0.00024110969282742367,0.6122902473297005,1.0919607880960127,0.011716242255202569,0.0
main,linear,2212-10-01,2212-07-01,0.0017811117700162,0.003958026155591555,0.0031102793346829,0.0123831945732583,0.0794866750813382,0.0032951117027550936,,0.013115443236470736,0.0014828002662397922,0.08098817122413308,0.6080217980244044,0.6061035428846844,0.6001837354541469,1.0913181142592232,1.0910300136638222,1.0901409244024,0.0011771898568231354,0.0008890892614221713,0.0002881005954009641,0.6080217980244044,1.0913181142592228,0.0,0.0
main,linear,2213-01-01,2212-10-01,0.0010001608290034,0.0022225796200075554,0.0020159113947739,0.0080392949399102,0.0680621333692535,0.003142026485875249,,0.012508995939905287,0.001413911918643862,0.07975127621256531,0.6567614044802221,0.6544466004648029,0.6050537243548466,1.1037672456450536,1.103401510333493,1.0955975153461908,0.00816973029886281,0.007803994987302332,0.0003657353115604778,0.6567614044802221,1.1037672456450534,0.0,0.0
main,linear,2213-04-01,2213-01-01,0.0006081986231529,0.0013515524958953333,0.0022246927838421,0.0088691196052923,0.0706697046517162,0.00237456732429564,,0.009464491402179531,0.001068555295933038,0.07239428864735771,0.6473417604388453,0.6428525739834414,0.6353772884856485,1.1048162920796432,1.1040894119253473,1.102879028545193,0.0019372635344501177,0.001210383380154223,0.0007268801542958947,0.6473417604388453,1.1048162920796425,0.0,0.0
main,linear,2213-07-01,2213-04-01,0.0009477670745016,0.002106149054448,0.0019354652077601,0.0077194136647936,0.0669858089896871,0.002404847415164113,,0.009584745512399184,0.001082181336823851,0.072729208923739,0.6616663225979409,0.6593391112486936,0.633942684146127,1.1048888866478053,1.104519971684054,1.1004940709050006,0.0043948157428046475,0.004025900779053293,0.00036891496375135446,0.6616663225979409,1.1048888866478053,0.0,0.0
main,linear,2213-10-01,2213-07-01,0.0007104353316769,0.0015787451815042221,0.0016395426296161,0.0065420595400508,0.0626220586319915,0.002542578848078847,,0.010131592855441851,0.0011441604816354812,0.07419967380862458,0.6824424853735098,0.6798572035647685,0.6277080689940643,1.1098020250082823,1.109386064419806,1.1009954956890822,0.008806529319200118,0.008390568730723746,0.00041596058847637174,0.6824424853735098,1.1098020250082818,0.0,0.0
main,linear,2214-01-01,2213-10-01,0.0006372760709415,0.0014161690465366666,0.0019479872144355,0.0077692104859685,0.0671561663528081,0.002028709277510643,,0.008090176523029236,0.0009129191748797894,0.0682294929224905,0.6622804041587466,0.6585604605363903,0.6536915751946785,1.1070425533604311,1.1064413091424328,1.1056543646462298,0.0013881887142013216,0.0007869444962029792,0.0006012442179983424,0.6622804041587466,1.107042553360431,0.0,0.0
main,linear,2214-04-01,2214-01-01,0.0007461354952337,0.001658078878297111,0.0017148145469576,0.0068416348158595,0.063797861667875,0.0018010595813393593,,0.007184798790362712,0.0008104768116027117,0.06508766470737214,0.6768464496194019,0.6742172319739725,0.6681263653542147,1.10866001192722,1.1082379208888873,1.1072601014145855,0.0013999105126345501,0.0009778194743017554,0.0004220910383327947,0.6768464496194019,1.10866001192722,0.0,0.0
main,linear,2214-07-01,2214-04-01,0.0006072533701547,0.0013494519336771109,0.0014813039483158,0.0059120632215968,0.0599818410703005,0.0022123786620795727,,0.00882019022330005,0.0009955703979358077,0.0705228152599008,0.6954630261449484,0.6928379468987029,0.643496220370558,1.1126145657279063,1.1121894932967291,1.1041997125372354,0.008414853190670923,0.007989780759493748,0.00042507243117717586,0.6954630261449484,1.1126145657279063,0.0,0.0
main,linear,2214-10-01,2214-07-01,0.0004840352604949,0.001075633912210889,0.0013991566998454,0.0055848919149023,0.0585114114051006,0.0018045110628008842,,0.007198530183375684,0.000812029978260398,0.06513806860252501,0.7032573915604262,0.7002651949636737,0.6678903439275196,1.1147432280349625,1.1142550222932992,1.1089727530137734,0.005770475021189103,0.0052822692795257975,0.00048820574166330566,0.7032573915604262,1.114743228034962,0.0,0.0
main,linear,2215-01-01,2214-10-01,0.0009397445667588,0.002088321259464,0.0019818189545896,0.0079037412999386,0.0676111861110032,0.001993180951103568,,0.007948918840608665,0.0008969314279966056,0.06776230807696174,0.658974532605756,0.6564886242038613,0.6558030607966094,1.1045150441112803,1.1041207726889033,1.1040120405813563,0.000503003529924051,0.00010873210754702711,0.00039427142237702384,0.658974532605756,1.10451504411128,0.0,0.0
main,linear,2215-04-01,2215-01-01,0.0004920180754821,0.0010933735010713334,0.0015683403633377,0.0062586187288631,0.061463632563297,0.002365858294069767,,0.009429902401680734,0.001064636232331395,0.0722971491009081,0.6889156411464853,0.6854977639106327,0.6357944077173051,1.1123482382333454,1.1117908514315202,1.1036852370876338,0.008663001145711613,0.008105614343886458,0.0005573868018251549,0.6889156411464853,1.1123482382333452,0.0,0.0
main,linear,2215-07-01,2215-04-01,0.0004845762285822,0.001076836063516,0.0016339395932666,0.0065197572632693,0.0625325695520748,0.001914139254949987,,0.007634601484933556,0.0008613626647274941,0.06669321474856438,0.6839143105000065,0.6802899485114213,0.6606802636286366,1.1115835179914462,1.110992187973998,1.1077927847851323,0.0037907332063138455,0.0031994031888655794,0.0005913300174482661,0.6839143105000065,1.1115835179914455,0.0,0.0
main,linear,2215-10-01,2215-07-01,0.0009760097036318,0.002168910452515111,0.0016543067288353,0.0066008246329017,0.0628565349281913,0.002053851028904319,,0.008190128928602047,0.0009242329630069435,0.06855528198255231,0.680121530534424,0.6787257194756052,0.6522261705266184,1.107622364995278,1.1074014919887745,1.103208205934506,0.004414159060772027,0.004193286054268386,0.00022087300650364128,0.680121530534424,1.1076223649952774,0.0,0.0
main,linear,2216-01-01,2215-10-01,0.0007006477554777,0.0015569950121726668,0.0016565208566659,0.0066096372334217,0.0628915336695619,0.0021667710971087217,,0.00863895567553763,0.0009750469936989248,0.06997154085954402,0.6812351850233971,0.6785571197333188,0.6459217424307732,1.10967445205054,1.1092433008861515,1.1039892165378862,0.0056852355126537635,0.005254084348265353,0.0004311511643884103,0.6812351850233971,1.1096744520505395,0.0,0.0
main,linear,2216-04-01,2216-01-01,0.0006103513429109,0.0013563363175797777,0.0016952920958817,0.0067639437727067,0.0634975378493128,0.0022558984346687794,,0.008993105168061288,0.0010151542956009507,0.07103830382673941,0.6788502617438087,0.6756497632299401,0.6412422867597375,1.1099034722840524,1.1093853228193815,1.1038148732670852,0.006088599016967233,0.005570449552296353,0.0005181494646708806,0.6788502617438087,1.1099034722840522,0.0,0.0
main,linear,2216-07-01,2216-04-01,0.0005996225511624,0.0013324945581386666,0.0015042067264949,0.0060032646875046,0.060379088391332,0.002020057523623109,,0.008055779255897066,0.000909025885630399,0.0681164664212605,0.693583671114898,0.690856132167311,0.6542013163692866,1.1123631726441179,1.1119213010395446,1.1059830825270887,0.006380090117029225,0.005938218512455906,0.0004418716045733184,0.693583671114898,1.112363172644118,0.0,0.0
main,linear,2216-10-01,2216-07-01,0.0007161867754913,0.0015915261677584445,0.0014834326811891,0.0059205403424009,0.0600189907670351,0.001977599924430251,,0.007886965210452956,0.000889919965993613,0.06755485554505374,0.6947571809113077,0.6926521716425906,0.6567444977915418,1.1117434473416368,1.1114048815824975,1.1056295583870293,0.006113888954607516,0.005775323195468252,0.00033856575913926434,0.6947571809113077,1.1117434473416368,0.0,0.0
main,linear,2217-01-01,2216-10-01,0.000831627784128,0.0018480617425066666,0.0015644088369023,0.0062429664063462,0.0613982965103291,0.002097946358844638,,0.00836541407788638,0.0009440758614800871,0.06911730515134053,0.68761637875452,0.6858184250212248,0.6497116047819428,1.109801142776822,1.1095140388324196,1.1037483673812958,0.006052775395526178,0.005765671451123833,0.0002871039444023449,0.68761637875452,1.1098011427768215,0.0,0.0
main,linear,2217-04-01,2217-01-01,0.0004452020657425,0.0009893379238722223,0.0015477310402024,0.0061765661570162,0.0611194921951805,0.0019482985371723771,,0.007770448513071182,0.0008767343417275697,0.06716038828772362,0.6907761540557216,0.6871898279003442,0.6585411836989992,1.1129750441738486,1.1123885077778728,1.107703079907839,0.005271964266009732,0.004685427870033898,0.0005865363959758341,0.6907761540557216,1.1129750441738482,0.0,0.0
main,linear,2217-07-01,2217-04-01,0.0007365489414806,0.0016367754255124445,0.0017112137650991,0.0068273055799872,0.0637427075984905,0.0019227316370233893,,0.0076687735853013805,0.0008652292366605252,0.0668114790063967,0.6771431532833011,0.6744799006015824,0.6601376037529924,1.108772559023778,1.108344748732685,1.1060408808977447,0.0027316781260333656,0.0023038678349402986,0.000427810291093067,0.6771431532833007,1.1087725590237774,0.0,0.0
main,linear,2217-10-01,2217-07-01,0.00118625844599,0.002636129879977778,0.001835167908606,0.0073204892977819,0.0655818138837789,0.002098486525937915,,0.008367561174126958,0.0009443189366720617,0.06912411732980787,0.6668085874548478,0.6658188169634197,0.6496812293394975,1.1041137695051446,1.103959229298635,1.101439548073984,0.002674221431160584,0.0025196812246510714,0.0001545402065095125,0.6668085874548304,1.1041137695051415,0.0,0.0
main,linear,2218-01-01,2217-10-01,0.0005236078663953,0.001163573036434,0.0013905292017673,0.005550526129315,0.0583526770368312,0.002162470016628504,,0.008621862834441107,0.0009731115074828267,0.06991895400200789,0.7038472260051659,0.7010757230206989,0.6461539415298938,1.1145609345260996,1.1141098338323523,1.1051705493101482,0.009390385215951369,0.00893928452220405,0.0004511006937473194,0.7038472260051659,1.114560934526099,0.0,0.0
main,linear,2218-04-01,2218-01-01,0.0004423197001534,0.0009829326670075555,0.0013690180031738,0.0054648370107349,0.0579531954922929,0.0021063475869596004,,0.008398807508142259,0.0009478564141318203,0.06922305902262482,0.7062370536769101,0.703123210535186,0.6492403393452227,1.115523999399525,1.1150146468933624,1.1062006590877307,0.00932334031179427,0.008813987805631696,0.0005093525061625748,0.7062370536769101,1.1155239993995243,0.0,0.0
main,linear,2218-07-01,2218-04-01,0.0006784284666652,0.0015076188148115555,0.0012744094580429,0.0050879013919066,0.0561305473027488,0.001751462696120143,,0.0069874665369138445,0.0007881582132540643,0.06435317593177925,0.714239912096894,0.7126067616270325,0.6715827197905333,1.1151466983483282,1.1148834088270825,1.1082696885765462,0.006877009771782072,0.0066137202505363035,0.00026328952124576865,0.7142399120968937,1.115146698348328,0.0,0.0
main,linear,2218-10-01,2218-07-01,0.0006975017589227,0.001550003908717111,0.001371137704221,0.0054732810127836,0.0579927973884023,0.0016380551969632506,,0.006536139012765063,0.0007371248386334628,0.06259832924670052,0.7047698007551717,0.7029197472889197,0.6799719040108829,1.1134855447702454,1.113187639943383,1.1094924638831722,0.003993080887073175,0.0036951760602108585,0.00029790482686231634,0.7047698007551717,1.1134855447702452,0.0,0.0
main,linear,2219-01-01,2218-10-01,0.0004659455267132,0.001035434503807111,0.0013578721037433,0.0054204355263418,0.0577440958432058,0.0017511959886178374,,0.006986405302206067,0.0007880381948780268,0.0643491738405202,0.7071633509364558,0.704199330957179,0.6716016363960421,1.115508446957081,1.1150243023190665,1.109699777132415,0.005808669824665991,0.005324525186651385,0.0004841446380146053,0.7071633509364554,1.1155084469570806,0.0,0.0
main,linear,2219-04-01,2219-01-01,0.000380115680525,0.0008447015122777777,0.0011856278595983,0.0047340838225008,0.0543150424887709,0.002043982269242406,,0.008150896036329014,0.0009197920211590826,0.06842787100751571,0.7251886210234324,0.7222918107638507,0.6527985799429863,1.1190751326700434,1.118599479776465,1.1071887716658138,0.011886361004229684,0.011410708110651147,0.00047565289357853757,0.7251886210234321,1.119075132670043,0.0,0.0
main,linear,2219-07-01,2219-04-01,0.0006186651492342,0.0013748114427426666,0.0011361686061573,0.0045369350149787,0.0532553636396189,0.0013720275601372123,,0.005476825810396435,0.0006174124020617456,0.05800940680784676,0.7295327944096992,0.7280589915468919,0.7028344458463406,1.1180481443095822,1.117809663333311,1.1137279951289205,0.004320149180661703,0.004081668204390487,0.0002384809762712159,0.7295327944096992,1.118048144309582,0.0,0.0
main,linear,2219-10-01,2219-07-01,0.0006071731947136,0.0013492737660302221,0.0011845804755379,0.0047299091637242,0.0542929728801561,0.0011864897096529603,,0.0047375189708041,0.0005339203693438321,0.05433319088541458,0.7241121807558174,0.7224110564812632,0.7221937849577149,1.1172542313057718,1.11697877119825,1.1169435887967454,0.00031064250902645973,3.51824015045743e-05,0.00027546010752188543,0.7241121807558156,1.117254231305771,0.0,0.0
main,linear,2220-01-01,2219-10-01,0.0004940050824292,0.0010977890720648888,0.0013486102297578,0.0053835382295497,0.0575692283115225,0.0013901361962780356,,0.00554896065514654,0.000625561288325116,0.058345426159627164,0.707898279103722,0.705101602872248,0.7011127847456564,1.1154298574122241,1.1149738315280588,1.1143234150470658,0.0011064423651583333,0.0006504164809930657,0.00045602588416526757,0.707898279103717,1.115429857412223,0.0,0.0
main,linear,2220-04-01,2220-01-01,0.0005894520311109,0.0013098934024686666,0.0011637116736225,0.0046467276472096,0.0538499346549368,0.001415629987604916,,0.005650507244569503,0.0006370334944222122,0.058812173804965374,0.72653620924811,0.724812560303167,0.6987341631341691,1.1177755007115133,1.117496087772477,1.1132686366898803,0.004506864021633028,0.0042274510825968115,0.00027941293903621656,0.72653620924811,1.1177755007115129,0.0,0.0
main,linear,2220-07-01,2220-04-01,0.0005678299388868,0.0012618443086373332,0.00113739977539,0.0045418429161097,0.0532821845356649,0.0010723741725087166,,0.004282601703379907,0.0004825683776289225,0.05183318766614073,0.729660629989597,0.7279119667946203,0.7359358396098352,1.1184397543289013,1.1181559083452963,1.033456609939223,0.08498314438967824,0.08469929840607326,0.00028384598360498003,0.729660629989597,1.1184397543289009,0.008600174708692676,0.0
main,linear,2220-10-01,2220-07-01,0.0005949741586652,0.0013221647970337778,0.00112080652672,0.0044756944935414,0.0529187504690372,0.0014813592424616218,,0.005912283416727893,0.0006666116591077298,0.05998280663200745,0.7314554465436862,0.7299090370485424,0.6928331172315578,1.1185325441302552,1.118281948071954,1.1122737856846994,0.00625875844555579,0.006008162387254545,0.00025059605830124454,0.7314554465436862,1.118532544130255,0.0,0.0
main,linear,2221-01-01,2220-10-01,0.0006263407963853,0.0013918684364117777,0.0012284814556999,0.0049048782363334,0.0552047565078118,0.0016218603122979403,,0.006471675721802739,0.0007298371405340731,0.06233869121181644,0.719263543868185,0.7175151113336078,0.681229182380608,1.1163312343610818,1.116048448841534,1.1101796863538103,0.006151548007271579,0.005868762487723833,0.0002827855195477458,0.719263543868185,1.1163312343610818,0.0,0.0
main,linear,2221-04-01,2221-01-01,0.0004698305807563,0.0010440679572362222,0.0013028632930648,0.005201277299011,0.0566903345528149,0.0016936315223574638,,0.006757335186768576,0.0007621341850608587,0.06347184521444064,0.7124528473997832,0.70966901771467,0.6757725694489284,1.1163447570126104,1.115890152908688,1.1103548054797863,0.0059899515328241115,0.005535347428901716,0.0004546041039223958,0.7124528473997832,1.1163447570126102,0.0,0.0
main,linear,2221-07-01,2221-04-01,0.0002893020789144,0.0006428935086986666,0.0013318858973388,0.0053169095165835,0.0572508739306938,0.0013466585660353303,,0.005375763093695252,0.0006059963547158986,0.05753225032352513,0.7105291573091348,0.7067497325485029,0.7052926741805382,1.1173133228045464,1.1166893133991636,1.116448742893495,0.0008645799110513774,0.00024057050566850258,0.0006240094053828749,0.7105291573091348,1.117313322804546,0.0,0.0
main,linear,2221-10-01,2221-07-01,0.0005499561468379,0.0012221247707508889,0.0013603737920976,0.0054304015339631,0.0577911548517414,0.0019405141938477755,,0.007739492417957017,0.000873231387231499,0.0670546263696997,0.7065085059231542,0.7039568735244118,0.6590243758477249,1.1148079420388328,1.1143933006550653,1.107091750078283,0.007716191960549734,0.007301550576782168,0.00041464138376756665,0.7065085059231542,1.1148079420388326,0.0,0.0
main,linear,2222-01-01,2221-10-01,0.0005295304302385,0.001176734289418889,0.0012014580535852,0.004797178140756,0.0546466997316127,0.0015577052254229784,,0.006216277341136167,0.0007009673514403403,0.06128655259963514,0.722667460701245,0.7205043025551261,0.6863674816882366,1.117581389283964,1.1172294332960535,1.1116752122448228,0.005906177039141314,0.005554221051230712,0.00035195598791060156,0.722667460701245,1.117581389283964,0.0,0.0
main,linear,2222-04-01,2222-01-01,0.0004000976592345,0.0008891059094100001,0.0010844849329372,0.0043308881868308,0.0521081763533827,0.0012801405973732471,,0.005110738218485733,0.0005760632688179612,0.05624412970669997,0.7368747319623581,0.7344003506728239,0.7120088692440607,1.1208467364156043,1.120440940300582,1.1167687592136146,0.004077977201989658,0.003672181086967319,0.0004057961150223388,0.7368747319623576,1.1208467364156036,0.0,0.0
main,linear,2222-07-01,2222-04-01,0.0005266600088028,0.0011703555751173334,0.0010849428600204,0.0043327139409886,0.0521185271079389,0.001247516949661076,,0.004980737771019372,0.0005613826273474842,0.055591864301003185,0.7361320763600967,0.7343426719750156,0.7154551274285392,1.119793275570338,1.119502079710936,1.1164284453708992,0.003364830199438673,0.003073634340036824,0.00029119585940184933,0.7361320763600967,1.1197932755703377,0.0,0.0
main,linear,2222-10-01,2222-07-01,0.00048123689436,0.0010694153208,0.0010665004964304,0.0042591822968247,0.0516989495295791,0.0012783495476469398,,0.00510360147872202,0.0005752572964411229,0.05620867927466812,0.7386605193750548,0.7366875952802844,0.7121953824952497,1.1205402603117052,1.120218303502425,1.1162214773187065,0.004318782992998704,0.003996826183718438,0.00032195680928026604,0.7386605193750548,1.1205402603117045,0.0,0.0
main,linear,2223-01-01,2222-10-01,0.0007868678908899,0.0017485953130886665,0.0011412538297268,0.0045572065011389,0.053365995914202,0.0013089135754853487,,0.0052253837405271675,0.000589011108968407,0.0568080475692524,0.7280518019913862,0.7274528748639927,0.7090541230303079,1.1165838966781783,1.1164879898834903,1.1135417734459352,0.003042123232243066,0.0029462164375551048,9.590679468796104e-05,0.7280518019913862,1.1165838966781707,0.0,0.0
main,linear,2223-04-01,2223-01-01,0.0010221195885231,0.0022713768633846666,0.0014679375575997,0.0058588338344038,0.0597475007507871,0.0013931546127423644,,0.005560983984334911,0.000626919575734064,0.05840107033834948,0.6945909752081209,0.6940119213193308,0.7008284366651528,1.1095917334172485,1.1095003709871565,1.0207754776592162,0.08881625575803231,0.08872489332794031,9.136243009200129e-05,0.6945909752081202,1.1095917334172476,0.008980039496743475,0.0
main,linear,2223-07-01,2223-04-01,0.0010348918843041,0.002299759742898,0.0025967376047664,0.0103465621361553,0.0747553591042848,0.0020643253810703754,,0.008231768058437061,0.000928946421481669,0.06868985444491574,0.628969370134698,0.6253786353794525,0.651622534241706,1.0991577012163467,1.098591618000034,0.7425659701385219,0.3565917310778248,0.35602564786151203,0.000566083216312796,0.628969370134698,1.0991577012163465,0.03601630268909206,0.0
main,linear,2223-10-01,2223-07-01,0.0013667843117332,0.0030372984705182224,0.0028939079903024,0.0115254806128214,0.0776025616223034,0.002527710283175111,,0.01007256977761517,0.0011374696274288,0.07404495840904754,0.6166393494176716,0.6136629629363224,0.6283592055868457,1.0951672808143544,1.0947079286689714,0.9069158933303368,0.1882513874840176,0.18779203533863453,0.0004593521453830629,0.6166393494176713,1.0951672808143542,0.01900601381649608,0.0
main,linear,2224-01-01,2223-10-01,0.0010655992180408,0.002367998262312889,0.0033701579646264,0.0134126370538042,0.0815721816476139,0.0025302397552877665,,0.010082611096374094,0.001138607889879495,0.07407134564197973,0.602998891683272,0.597905397739305,0.6282480726489974,1.094878262328218,1.094076831577269,0.6801244495320922,0.4147538127961259,0.4139523820451769,0.0008014307509489615,0.602998891683272,1.0948782623282178,0.04187266201234352,0.0
main,linear,2224-04-01,2224-01-01,0.0042808228221769,0.009512939604837555,0.005723365237222,0.0226976683370728,0.0951692513784946,0.003603657940402627,,0.01433690068311777,0.0016216460731811823,0.08330381202003703,0.54749497967297,0.5482517262134091,0.5912270360271646,1.0685418665449458,1.0548147576325777,0.275250560182962,0.7932913063619838,0.7795641974496157,0.013727108912368058,0.54749497967297,1.068541866544945,0.07987661999804707,0.0
main,linear,2224-07-01,2224-04-01,0.0018927391665701,0.004206087036822444,0.0032156836336494,0.0128008237089447,0.0803542969317687,0.0039327447302639484,,0.015638423098051635,0.0017697351286187768,0.08555097897403696,0.604423029775804,0.6026718158752018,0.5827257718373144,1.0901029175859986,1.089841859562085,1.0868684507514061,0.0032344668345924976,0.002973408810678757,0.00026105802391374056,0.604423029775804,1.0901029175859986,0.0,0.0
main,linear,2224-10-01,2224-07-01,0.0008538490379458,0.001897442306546222,0.0022579396864333,0.0090012150165151,0.0710622352693054,0.003275243565440178,,0.013036751361248267,0.00147385960444808,0.08083116467520393,0.6446784645141723,0.6411379728630946,0.6007985332619863,1.102801401171283,1.102236829027803,1.0958042410917637,0.006997160079519338,0.006432587936039402,0.0005645721434799356,0.6446784645141723,1.1028014011712828,0.0,0.0
main,linear,2225-01-01,2224-10-01,0.00120826828736,0.0026850406385777775,0.0025904305838729,0.0103215298373867,0.0746912727081056,0.002593109617009759,,0.010332162864441052,0.0011668993276543916,0.07471851459011451,0.6285373253413838,0.625646547491937,0.6255326414775281,1.0979998534810318,1.097549131154337,1.0975313712341663,0.0004684822468654648,1.7759920170723476e-05,0.0004507223266947413,0.6285373253413838,1.0979998534810311,0.0,0.0
main,linear,2225-04-01,2225-01-01,0.0008611358876112,0.0019136353058026665,0.0021384698781157,0.0085264802883804,0.0696235880680591,0.0023640224244445562,,0.009422610900728157,0.0010638100910000503,0.07227662529639507,0.6506827467880643,0.6474608245486219,0.6358825944609351,1.1037114388133085,1.1031979010057564,1.1013524626454607,0.0023589761678477483,0.0018454383602957147,0.0005135378075520336,0.6506827467880643,1.103711438813308,0.0,0.0
main,linear,2225-07-01,2225-04-01,0.0013687452023727,0.0030416560052726666,0.0030045580245573,0.0119641762962133,0.0785842006356278,0.0021123779006302357,,0.008422776443146818,0.0009505700552836061,0.06929871065146045,0.6129218085340368,0.609705851799246,0.6489035767434025,1.0945815259851126,1.0940852635071852,0.5130809532680778,0.5815005727170348,0.5810043102391074,0.0004962624779274449,0.6129218085340365,1.0945815259851122,0.058705301105011376,0.0
main,linear,2225-10-01,2225-07-01,0.0027560025617185,0.006124450137152222,0.0040703839729025,0.0161823972158942,0.0864324850764541,0.002748102881014347,,0.010947182065811023,0.0012366462964564563,0.07624625663312945,0.580085134300853,0.5794399693886094,0.6191988057419897,1.0814671414010635,1.081376534457315,0.41268569749385087,0.6687814439072126,0.6686908369634641,9.060694374851685e-05,0.580085134300853,1.0814671414010633,0.06742745669224237,0.0
main,linear,2226-01-01,2225-10-01,0.0012244487724437,0.002720997272097111,0.0024992586668384,0.0099596193094514,0.0737462496545045,0.0036329408176243305,,0.014452765336372297,0.0016348233679309488,0.08351245501391834,0.6322283437700738,0.6296195477049285,0.5904299802028611,1.0984730495590385,1.0980667151914894,1.0919627240293472,0.006510325529691219,0.006103991162142108,0.00040633436754911045,0.6322283437700734,1.0984730495590385,0.0,0.0
main,linear,2226-04-01,2226-01-01,0.0012304646560001,0.0027343659022224446,0.0025664090771965,0.0102261851462528,0.0744456858107459,0.0025840054731816053,,0.010296028356919673,0.0011628024629317224,0.07462581849398571,0.6294210853322547,0.626675008222699,0.6259203844976599,1.097997938343393,1.0975703868972473,1.0974528954896632,0.0005450428537299157,0.0001174914075841027,0.000427551446145813,0.6294210853322547,1.0979979383433929,0.0,0.0
main,linear,2226-07-01,2226-04-01,0.0006452566008776,0.001433903557505778,0.0017340019585185,0.006917988103211,0.0640899617232489,0.0028739459812641144,,0.01144632141399704,0.0012932756915688514,0.07742121304173553,0.6759715465401912,0.6728291511600131,0.6143984988780735,1.1092014687946472,1.1086938228843932,1.0992545009418127,0.009946967852834554,0.00943932194258057,0.0005076459102539843,0.6759715465401912,1.109201468794647,0.0,0.0
main,linear,2226-10-01,2226-07-01,0.0006386578656526,0.0014192397014502222,0.0016314709213924,0.0065099308642085,0.0624930523743124,0.0022892982233315706,,0.009125795539534631,0.0010301842004992068,0.07142715215253946,0.6833788780388979,0.6804811929906218,0.6395510005003509,1.1104431985537309,1.1099748937591032,1.1033600253145035,0.007083173239227358,0.006614868444599686,0.00046830479462767194,0.6833788780388979,1.1104431985537309,0.0,0.0
main,linear,2227-01-01,2226-10-01,0.0006243705949619,0.0013874902110264445,0.0019650322594472,0.007836991262918,0.0673863633198277,0.002015643287450075,,0.00803822898288653,0.0009070394793525338,0.06805861618872339,0.6613286990898617,0.6575108739990332,0.6544624841612787,1.1069740795139356,1.1063565222759104,1.1058634260329345,0.0011106534810010338,0.0004930962429758878,0.000617557238025146,0.6613286990898614,1.1069740795139351,0.0,0.0
main,linear,2227-04-01,2227-01-01,0.0007251998950464,0.0016115553223253333,0.0022883524140443,0.0091220382204799,0.0714162201348756,0.002035992918536067,,0.008119133812913404,0.0009161968133412302,0.0683242808658038,0.6437433036673983,0.6395984496891616,0.6532646237272242,1.1034804492535586,1.1028141722619147,0.9571055519105605,0.14637489734299813,0.14570862035135423,0.0006662769916438993,0.6437433036673983,1.1034804492535586,0.014790543050996807,0.0
main,linear,2227-07-01,2227-04-01,0.0012100175219693,0.002688927826598444,0.0020991702626931,0.0083702789367121,0.0691327376111293,0.0030353928450495005,,0.01208640150466489,0.0013659267802722753,0.07885088471740427,0.6512843830807746,0.6496427992898864,0.6086378384345815,1.101535121204443,1.101279198579081,1.0948865323666161,0.00664858883782693,0.006392666212464926,0.00025592262536200394,0.6512843768268047,1.10153512022945,0.0,0.0
main,linear,2227-10-01,2227-07-01,0.000536212580086,0.001191583511302222,0.0016865047911763,0.006728972553843,0.0633613150638387,0.00303134648129344,,0.012070362892713904,0.001364105916582048,0.07881605410436242,0.6798210723133566,0.6763013467809502,0.6087771557719031,1.1105646540368241,1.1099922133584683,1.099010222475741,0.011554431561083156,0.010981990882727333,0.0005724406783558234,0.6798210723133566,1.1105646540368237,0.0,0.0
main,linear,2228-01-01,2227-10-01,0.0009988634751367,0.002219696611414889,0.0022570159277563,0.0089975449497342,0.0710514079206174,0.001984916627407074,,0.007916058411443605,0.0008932124823331833,0.06765247062679759,0.6441212530812903,0.6411851595122069,0.6563012132297654,1.1017784785850349,1.101314542431686,0.9146089035883919,0.187169574996643,0.18670563884329405,0.0004639361533489428,0.6441212530812903,1.1017784785850346,0.018909414712837747,0.0
main,linear,2228-04-01,2228-01-01,0.0010770837822917,0.0023935195162037774,0.0023096884730288,0.0092067951842206,0.0716617213808519,0.002328139031305909,,0.009280085183958842,0.0010476625640876592,0.07187216807297006,0.6412771866681238,0.6385344346387897,0.6376247496792139,1.100827474783106,1.100396234179474,1.100253205175435,0.0005742696076709297,0.00014302900403895258,0.00043124060363197714,0.6412771866681238,1.1008274747831055,0.0,0.0
main,linear,2228-07-01,2228-04-01,0.0004879660783728,0.0010843690630506666,0.0014735801337053,0.0058813046987975,0.0598466538978057,0.0022225745487958193,,0.00886070306166109,0.0010001585469581187,0.070644495578925,0.6966960247379476,0.6935147524070887,0.6429629578179502,1.1136452918858821,1.1131263616641331,1.1048803357827617,0.008764956103120447,0.008246025881371466,0.0005189302217489811,0.6966960247379476,1.113645291885882,0.0,0.0
main,linear,2228-10-01,2228-07-01,0.0007158128301881,0.0015906951781957778,0.0010859316286595,0.0043366561505634,0.0521408651250706,0.0017167299520224333,,0.006849257066958159,0.000772528478410095,0.06382715671907346,0.7349877963537815,0.7342182239871241,0.6740777871597795,1.118216812840818,1.1180930333809576,1.1084199329569053,0.009796879883912757,0.009673100424052228,0.00012377945986052907,0.7349877963537815,1.118216812840818,0.0,0.0
main,linear,2229-01-01,2228-10-01,0.0004327749730098,0.000961722162244,0.0011526141635035,0.0046024916608709,0.0536117375855135,0.001179845305159688,,0.004711035578579881,0.0005309303873218596,0.05419300052851473,0.7286265681899605,0.7261098910465604,0.722951656841872,1.119255950022087,1.1188440398108233,1.1183271245116633,0.0009288255104238363,0.0005169152991599812,0.0004119102112638551,0.7286265681899605,1.1192559500220864,0.0,0.0
main,linear,2229-04-01,2229-01-01,0.000360506840445,0.0008011263121,0.0011466466076007,0.0045787036684543,0.0534828918461976,0.001558171003125608,,0.006218131757671941,0.0007011769514065236,0.06129433064726503,0.7296958460222475,0.7268134601613834,0.6863292366455647,1.1199582986923844,1.1194844490659557,1.1128290479103737,0.007129250782010654,0.0066554011555819415,0.00047384962642871287,0.7296958460222398,1.1199582986923828,0.0,0.0
main,linear,2229-07-01,2229-04-01,0.0004466152298881,0.0009924782886402222,0.0011831550040653,0.0047242275047051,0.0542629112295128,0.0013826590729877353,,0.005519176384795932,0.0006221965828444809,0.05820713896907822,0.7251130675716982,0.7225735316148426,0.7018203875467329,1.1185805299583613,1.118165229871961,1.1147713883706079,0.003809141587753473,0.0033938415013532452,0.00041530008640022764,0.7251130675716982,1.118580529958361,0.0,0.0
main,linear,2229-10-01,2229-07-01,0.0009655811794099,0.002145735954244222,0.0012329659869231,0.0049227502120768,0.0552963948900507,0.0017330576665699482,,0.006914230544882605,0.0007798759499564767,0.0640756566500254,0.7170413146321786,0.7170264677750426,0.67289700633656,1.1135393248755243,1.1135369739619831,1.1065493302145435,0.006989994660980825,0.0069876437474396536,2.350913541171451e-06,0.7170413146321786,1.113539324875524,0.0,0.0
main,linear,2230-01-01,2229-10-01,0.0003812161447474,0.0008471469883275555,0.0012913931022723,0.0051555748440457,0.0564659128387674,0.0015197774628177285,,0.006065265545780241,0.0006838998582679778,0.060646124733972254,0.714045326867727,0.7108440790097695,0.6895297250991729,1.117237558846944,1.1167119528804748,1.1132123951817505,0.004025163665193565,0.0034995576987242316,0.0005256059664693336,0.714045326867727,1.1172375588469436,0.0,0.0
main,linear,2230-04-01,2230-01-01,0.0007236575021444,0.001608127782543111,0.00146458158433,0.0058454689035216,0.0596883702012186,0.001544459373690188,,0.0061635400968630405,0.0006950067181605846,0.061064484729083296,0.696320490495795,0.6943087224302693,0.6874609887023565,1.1119428669348521,1.1116194482103754,1.1105185830829352,0.001424283851916952,0.0011008651274402315,0.0003234187244767206,0.696320490495795,1.111942866934852,0.0,0.0
main,linear,2230-07-01,2230-04-01,0.0004732084234275,0.0010515742742833332,0.0012169435446712,0.0048588956758842,0.0549677242432259,0.0015792128397151828,,0.0063019036271613205,0.0007106457778718323,0.06164355456383357,0.7212876975625321,0.7187819262061562,0.6846161396612475,1.1177631390484932,1.1173540269817517,1.1117758502220683,0.0059872888264249635,0.0055781767596834175,0.000409112066741546,0.7212876975625316,1.1177631390484926,0.0,0.0
main,linear,2230-10-01,2230-07-01,0.0004812049936381,0.001069344430306889,0.0013303634955686,0.0053108441952258,0.0572217270002998,0.0015101287281140685,,0.006026845749929288,0.0006795579276513309,0.06048093693909544,0.7097084361742309,0.7069009770639838,0.6903496864898601,1.1158158648421295,1.1153577213450403,1.1126567501653424,0.0031591146767870892,0.0027009711796979197,0.00045814349708916957,0.7097084361742309,1.115815864842129,0.0,0.0
main,linear,2231-01-01,2230-10-01,0.0012150048289816,0.0027000107310702222,0.0018260985842247,0.00728441086704,0.0654512739526386,0.0017176494002342224,,0.006852915945917526,0.0007729422301054001,0.06384120841091644,0.6672615038912486,0.6664270223595993,0.6740109217570086,1.1039926731595158,1.1038626192531047,1.0038936994187027,0.10009897374081311,0.09996891983440204,0.00013005390641107617,0.6672615038912486,1.103992673159515,0.010115087018926383,0.0
main,linear,2231-04-01,2231-01-01,0.0006039050181617,0.0013420111514704444,0.0015316480207816,0.0061125307763179,0.0608480795456983,0.002161579206585884,,0.008618322655777888,0.0009727106429636478,0.06990804951459724,0.6913143863128307,0.688529667187393,0.6462021119744392,1.1119659346303385,1.111514918875805,1.1046595078300252,0.007306426800313348,0.006855411045779691,0.00045101575453365683,0.6913143863128305,1.111965934630338,0.0,0.0
main,linear,2231-07-01,2231-04-01,0.0005867754272836,0.0013039453939635555,0.0020028886782717,0.0079875174575058,0.0678907637748155,0.0017242145258933306,,0.006879041104125183,0.0007758965366519988,0.06394133937186458,0.6592933809469635,0.6552212984448089,0.6735347716654798,1.1068927164459859,1.106232500565125,0.8931920317786877,0.2137006846672982,0.21304046878643734,0.0006602158808608483,0.6592933809469635,1.1068927164459856,0.021600967332676912,0.0
main,linear,2231-10-01,2231-07-01,0.0005899022357523,0.0013108938572273332,0.0015883559832939,0.0063383027073257,0.0617939989773451,0.0024149776436388493,,0.009624974176155043,0.0010867399396374822,0.07284029063068917,0.6868891333092351,0.6838805355322802,0.6334680839714439,1.1113454000414207,1.1108577034004432,1.1026857957170777,0.008659604324342984,0.008171907683365509,0.0004876966409774752,0.686889133309235,1.1113454000414205,0.0,0.0
main,linear,2232-01-01,2231-10-01,0.001419329962267,0.0031540665828155554,0.0019086826990486,0.0076129001789048,0.0666178461501174,0.00223847059533,,0.008923862718246967,0.0010073117678985,0.07083308626654503,0.6612130733476916,0.6610265059641998,0.6421379533873934,1.101699001057962,1.1016703057443085,1.0987651197975667,0.002933881260395177,0.0029051859467417174,2.8695313653459564e-05,0.6612130733476916,1.1016990010579617,0.0,0.0
main,linear,2232-04-01,2232-01-01,0.0013034955496021,0.002896656776893555,0.0020067224263094,0.008002760403406,0.0679413259101759,0.0020437808707356453,,0.008150095371829202,0.0009197013918310404,0.06842526455615672,0.6559750361763959,0.6549925594096636,0.6528102991306582,1.1016532006745745,1.1015009511186935,1.1011627770574384,0.0004904236171361376,0.0003381740612551365,0.00015224955588100109,0.6559750361763959,1.1016532006745745,0.0,0.0
main,linear,2232-07-01,2232-04-01,0.0009136325717841,0.0020302946039646667,0.0024005991343609,0.0095678745844323,0.0726824817167869,0.0031485555227845907,,0.01253486643316748,0.001416849985253066,0.07980533797628359,0.6377708929062156,0.6341425104398046,0.6048395802200504,1.1013186273972948,1.1007422092269796,1.0960870380650358,0.005231589332258979,0.004655171161943805,0.0005764181703151738,0.6377708929062144,1.1013186273972944,0.0,0.0
main,linear,2232-10-01,2232-07-01,0.0007031736543765,0.0015626081208366667,0.0013540873625119,0.0054053580623352,0.0576727612425845,0.0018604499055072665,,0.00742105772504964,0.00083720245747827,0.06594250533831339,0.7063347228111586,0.7045671361270385,0.6641434162089428,1.1136974737497534,1.113412948390702,1.106906012393045,0.006791461356708384,0.0065069359976570595,0.00028452535905132414,0.7063347228111586,1.1136974737497534,0.0,0.0
main,linear,2233-01-01,2232-10-01,0.0009843025700006,0.0021873390444457777,0.0012611717479411,0.0050351516880159,0.055866569057046,0.0017770689446479082,,0.00708935037216496,0.0007996810250915587,0.06473478384108884,0.7140262588854277,0.7139999457897636,0.6697829714040892,1.1129282326760634,1.1129240710764683,1.1059308481949301,0.006997384481133295,0.006993222881538141,4.161599595153831e-06,0.7140262588854275,1.112928232676063,0.0,0.0
main,linear,2233-04-01,2233-01-01,0.0004677922529059,0.001039538339790889,0.0013211974379365,0.0052743255976109,0.0570456431825945,0.0016679855762049556,,0.006655267804301701,0.00075059350929223,0.06307207451148156,0.7106641855686331,0.7078159914604742,0.677688609640604,1.1160671511712634,1.115601978192478,1.110681511604897,0.005385639566366507,0.004920466587581052,0.00046517297878545527,0.7106641855686331,1.116067151171263,0.0,0.0
main,linear,2233-07-01,2233-04-01,0.0005906444750884,0.0013125432779742222,0.0017305597562345,0.006904290724528,0.0640377808608907,0.0017476477660238743,,0.00697228676965389,0.0007864414947107434,0.06429587666222081,0.6764598780693956,0.6730767386172571,0.6718537007738514,1.1096497866196517,1.1091014015179506,1.1089031549657093,0.0007466316539423978,0.00019824655224121024,0.0005483851017011876,0.6764598780693956,1.1096497866196513,0.0,0.0
main,linear,2233-10-01,2233-07-01,0.0006288777379277,0.0013975060842837776,0.0021538473371958,0.008587594944445,0.0698132140729234,0.001949559897184372,,0.007775464510957897,0.0008773019537329674,0.06717748726904499,0.6508632934612865,0.6466212779080279,0.6584631221008016,1.105251898944575,1.1045659174230815,0.9897157305384781,0.11553616840609693,0.11485018688460347,0.0006859815214934617,0.6508632934612865,1.105251898944575,0.011676514598710108,0.0
main,linear,2234-01-01,2233-10-01,0.0009417094408258,0.0020926876462795557,0.002815079262807,0.0112128581952031,0.0768785293539575,0.002273647813126445,,0.009063621393769927,0.0010231415159069003,0.07124566686059007,0.6210399350652529,0.6166081195908525,0.6403394159485943,1.0984863173911545,1.0977835072161777,0.7907863185705728,0.30769999882058174,0.3069971886456049,0.0007028101749768645,0.6210399350652529,1.0984863173911543,0.031076056657547424,0.0
main,linear,2234-04-01,2234-01-01,0.000765736403136,0.0017016364514133332,0.001930719168275,0.0077005393885499,0.0669209625836122,0.00221570348367095,,0.008833401369600868,0.0009970665676519274,0.07056255640776785,0.6627489338923479,0.6596359311024816,0.6433219719212042,1.106266911045705,1.1057677639726,1.1031519407543893,0.0031149702913157995,0.0026158232182107444,0.0004991470731050551,0.6627489338923479,1.1062669110457048,0.0,0.0
main,linear,2234-07-01,2234-04-01,0.0015286238771975,0.0033969419493277775,0.0022659990243946,0.0090332341031101,0.0711565089220667,0.002218431094661355,,0.008844239406765597,0.0009982939925976097,0.07059511441464891,0.6414979918983243,0.6407273481960643,0.6431792794455522,1.0979655711630183,1.0978478832646794,1.0720135878975665,0.025951983265451783,0.025834295367112903,0.00011768789833888071,0.641497991898324,1.097965571163018,0.002620873901049481,0.0
main,linear,2234-10-01,2234-07-01,0.0015057640891772,0.003346142420393778,0.0026299121698219,0.010478222761823,0.0750897906906181,0.002332450356334448,,0.00929721020490093,0.0010496026603505017,0.0719210980178854,0.6257996259906787,0.6239835931258632,0.6374135577202888,1.0957112711280612,1.095433522777498,0.911902225237646,0.18380904589041525,0.1835312975398521,0.00027774835056315617,0.6257996259906476,1.0957112711280563,0.01855853080076636,0.0
main,linear,2235-01-01,2234-10-01,0.0007299807778878,0.0016221795064173335,0.0019415306721352,0.0077435347009469,0.0670684599948621,0.003079337300732732,,0.01226057200077113,0.0013857017853297294,0.07922598417660957,0.6622584894254825,0.65896113653527,0.6071406519273056,1.106425066550745,1.1058951813074664,1.0975676194699753,0.008857447080769631,0.00832756183749117,0.0005298852432784606,0.6622584894254825,1.1064250665507445,0.0,0.0
main,linear,2235-04-01,2235-01-01,0.0008673923637926,0.0019275385862057778,0.0026165480668741,0.010425185932848,0.0749556018439961,0.002191308420151472,,0.008736464751179729,0.0009860887890681626,0.07026956189102476,0.6288398736178125,0.624542727622745,0.6446085461768001,1.1001905897235487,1.0995059423125992,0.8519448399553736,0.24824574976817504,0.24756110235722562,0.0006846474109494238,0.6288398736178125,1.1001905897235482,0.02507581104964368,0.0
main,linear,2235-07-01,2235-04-01,0.0010858418961548,0.002412981991455111,0.0014509280502015,0.0057910932610627,0.0594465748719336,0.002720232354477048,,0.010836611894001424,0.0012241045595146715,0.07597833668378923,0.6957372742158178,0.6955248258477416,0.6203019334381602,1.1093292552576566,1.1092958707852076,1.0974752265416812,0.011854028715975407,0.011820644243526468,3.3384472448938496e-05,0.6957372742158178,1.109329255257656,0.0,0.0
main,linear,2235-10-01,2235-07-01,0.0010744438881725,0.0023876530848277776,0.002628319466572,0.0104719020656448,0.075073835918622,0.001916161854751408,,0.0076426454901067364,0.0008622728346381336,0.06672109941231953,0.6275561870091931,0.6240500300729591,0.660552241218306,1.0986867003213758,1.0981353376449992,0.5780891772747334,0.5205975230466424,0.5200461603702657,0.0005513626763766766,0.6275561870091931,1.0986867003213754,0.052578633606598535,0.0
main,linear,2236-01-01,2235-10-01,0.0012134623949152,0.0026965830998115555,0.0018642067574298,0.0074360013310987,0.0659957049664563,0.002606800524517894,,0.010386500455148995,0.0011730602360330523,0.07485727337679687,0.6648530878672809,0.6638969369995377,0.624952965339209,1.1036275765590011,1.103478545744439,1.0974085289566884,0.006219047602312733,0.006070016787750543,0.00014903081456218992,0.6648530878672809,1.1036275765590011,0.0,0.0
main,linear,2236-04-01,2236-01-01,0.0008641913381465,0.0019204251958811112,0.0016364553360637,0.0065297709503,0.062572784341259,0.002352832118049264,,0.009378165627108137,0.0010587744531221689,0.07215117139037484,0.6819562253874979,0.6800954238791626,0.6364221036048484,1.10867523923535,1.1083787054674046,1.1014190087122118,0.007256230523138285,0.006959696755192812,0.0002965337679454727,0.6819562253874979,1.1086752392353498,0.0,0.0
main,linear,2236-07-01,2236-04-01,0.0009074953488733,0.0020166563308295555,0.0028004418721183,0.0111548004284722,0.0767417191956442,0.0023105675354599953,,0.009210287121236505,0.001039755390956998,0.07167178671660121,0.6217002618851697,0.6171671943959828,0.6384908752982819,1.0988037430361675,1.0980833250746094,0.8313966134967894,0.26740712953937806,0.26668671157782,0.0007204179615580841,0.6217002618851697,1.0988037430361672,0.02700755785570097,0.0
main,linear,2236-10-01,2236-07-01,0.0011142885801022,0.0024761968446715553,0.002853480352608,0.0113651601795422,0.0772338931931999,0.002503347583115101,,0.009975852549861997,0.0011265064124017954,0.0737893950740838,0.6190103680863939,0.615159755565663,0.6294372427568816,1.097096179997279,1.0964921840293784,0.930287498690728,0.1668086813065509,0.1662046853386504,0.0006039959679005058,0.6190103680863939,1.0970961799972787,0.016844421077747807,0.0
main,linear,2237-01-01,2236-10-01,0.0012564053608657,0.002792011913034889,0.0025484853757955,0.0101550390021202,0.0742608732417663,0.002650650916621089,,0.010560522408795903,0.00119279291247949,0.07529661923490824,0.6300511117512078,0.6274508158895993,0.6231234039747344,1.0979325908299669,1.0975284113818198,1.096855776015408,0.0010768148145587908,0.0006726353664117113,0.0004041794481470795,0.6300511117512078,1.0979325908299664,0.0,0.0
main,linear,2237-04-01,2237-01-01,0.0008684133050245,0.0019298073444988888,0.0017823466248045,0.0071103485805266,0.0648127961923984,0.002626255387440324,,0.010463710653446312,0.0011818149243481458,0.0750531440960854,0.671676430339089,0.669416111456852,0.6241362113747946,1.1070087128091886,1.106648608146882,1.099434801609911,0.007573911199277639,0.0072138065369711235,0.00036010466230651517,0.671676430339089,1.1070087128091886,0.0,0.0
main,linear,2237-07-01,2237-04-01,0.0011610076123431,0.002580016916318,0.0022915769496349,0.0091348479567274,0.0714534717084537,0.0022882092744112015,,0.009121469583484254,0.0010296941734850406,0.07141456527395412,0.6417888726162625,0.6394368054931389,0.6396056320767822,1.1003693129332863,1.100001473334948,1.1000278761115128,0.0003414368217735664,-2.6402776564848907e-05,0.0003678395983384153,0.6417888726162625,1.1003693129332857,0.0,0.0
main,linear,2237-10-01,2237-07-01,0.0012321330406135,0.0027380734235855557,0.0023710111451547,0.0094503677023082,0.0723546675707289,0.0025436964351683855,,0.010136029184329542,0.0011446633958257736,0.07421126483494483,0.6378087792649744,0.6355473679944452,0.6276593328853702,1.0992932222112584,1.0989411687132573,1.0977131699017673,0.0015800523094910979,0.0012279988114900497,0.0003520534980010481,0.6378087792649744,1.099293222211258,0.0,0.0
main,linear,2238-01-01,2237-10-01,0.0016429606763318,0.0036510237251817777,0.0027939928105073,0.0111292200501935,0.0766812015695913,0.002378062577918172,,0.00947837298344778,0.0010701281600631774,0.07243317172657243,0.6191024199882031,0.6174147597828538,0.6352104542477739,1.0938375972513934,1.0935817979304183,0.8360954511159931,0.25774214613540025,0.25748634681442517,0.00025579932097508085,0.6191024199882031,1.0938375972513934,0.02601836472223934,0.0
main,linear,2238-04-01,2238-01-01,0.0007436713757023,0.0016526030571162222,0.0022078778914461,0.0088023062445088,0.0704689223877148,0.0029360626358538866,,0.011692628927179927,0.001321228186134249,0.07798118583550233,0.6476155679501912,0.643732652341062,0.6121318246726876,1.1039832838121946,1.1033598301217886,1.0982858973833565,0.005697386428838103,0.005073932738432152,0.0006234536904059507,0.6476155679501912,1.1039832838121946,0.0,0.0
main,linear,2238-07-01,2238-04-01,0.0011852146649948,0.002633810366655111,0.003624983766986,0.0144212823879086,0.0834559386436181,0.002583738649263978,,0.010294969313156987,0.0011626823921687902,0.07462309661589134,0.5958014312347106,0.5906457278624848,0.6259317760381498,1.0930331145101886,1.0922280624961058,0.5920267848967975,0.5010063296133911,0.5002012775993083,0.0008050520140827633,0.5958014312347106,1.0930331145101886,0.0505711118275145,0.0
main,linear,2238-10-01,2238-07-01,0.000872434905561,0.00193874423458,0.0029582960991071,0.0117807787832798,0.078178554882845,0.002934008603915572,,0.011684484931185346,0.0013203038717620075,0.0779628715750092,0.616329053009395,0.6113361028064735,0.612205751299607,1.098166211114011,1.0973709557203075,1.0975094695501442,0.0006567415638667473,-0.00013851382983665061,0.0007952553937033979,0.6163290530093949,1.0981662111140107,0.0,0.0
main,linear,2239-01-01,2238-10-01,0.001904616570369,0.004232481267486666,0.0041708408505677,0.0165792778415935,0.0870564107782668,0.003321913303807378,,0.013221589076156115,0.00149486098671332,0.08119836601220787,0.5808515461158462,0.5771304931077389,0.5993621878174886,1.0865200649508953,1.0859657998377172,0.770596295149155,0.3159237698017403,0.3153695046885623,0.0005542651131780207,0.5808515461158462,1.0865200649508946,0.031868100085848505,0.0
main,linear,2239-04-01,2239-01-01,0.0014356311821108,0.0031902915158017776,0.0033960149272985,0.0135150187357059,0.0817701726334606,0.003636836539953947,,0.014468178916401286,0.0016365764429792761,0.08354007688214664,0.600940574524163,0.5971360107405386,0.5903245785596426,1.0923307262462347,1.0917461790346064,1.0906996454725535,0.0016310807736812372,0.0010465335620528649,0.0005845472116283723,0.600940574524163,1.0923307262462345,0.0,0.0
main,linear,2239-07-01,2239-04-01,0.0018178279014416,0.004039617558759111,0.003975653530378,0.0158080302995988,0.0858292169668403,0.003272066358476877,,0.013024166938198412,0.0014724298613145949,0.08080596220439168,0.5853188699817827,0.5816857168444202,0.6008973099022049,1.0876934804260079,1.0871491551703636,0.8238745024959662,0.2638189779300417,0.2632746526743974,0.0005443252556442957,0.5853188699817827,1.0876934804260074,0.026615296660918997,0.0
main,linear,2239-10-01,2239-07-01,0.0026576114452141,0.005905803211586888,0.0053628396650217,0.0212794144794424,0.0934876321039543,0.0037738983519375324,,0.015010354348384602,0.0016982542583718896,0.08449230924975501,0.5575837804722382,0.554068270392837,0.5867081210775358,1.0788556647528484,1.0783584876577366,0.5606434554727042,0.5182122092801442,0.5177150321850323,0.0004971770951118781,0.5575837804722382,1.0788556647528482,0.052233108669256456,0.0
main,linear,2240-01-01,2239-10-01,0.0020365047877036,0.0045255661948968885,0.0055887041517483,0.0221681121685953,0.094552158648542,0.00467829080298543,,0.018582253867769016,0.0021052308613434437,0.0899896668496767,0.556208590893459,0.5503761594991449,0.5664474471292115,1.082115828686937,1.081254757957277,0.8995444991136639,0.18257132957327316,0.18171025884361325,0.0008610707296599074,0.556208590893459,1.082115828686937,0.01840829426234325,0.0
main,linear,2240-04-01,2240-01-01,0.0021751429164387,0.004833650925419332,0.0047845541778557,0.0190013025465622,0.0905634382973099,0.003887282218784094,,0.015458697830816215,0.0017492769984528422,0.0852526699007669,0.5683801658609419,0.56439050129019,0.5838438806584885,1.0831247869484715,1.082541304206885,0.8133199317990598,0.26980485514941166,0.2692213724078252,0.0005834827415864829,0.5683801658609419,1.083124786948471,0.027206640133836224,0.0
main,linear,2240-07-01,2240-04-01,0.0015261751516167,0.0033915003369259997,0.0039503629663036,0.0157080660037579,0.0856656074691852,0.004695788491517305,,0.01865126507911874,0.0021131048211827873,0.0900850195252347,0.5868827584512386,0.5822969673808869,0.5661048839251942,1.0896394445912025,1.088939018895204,1.0864658684288777,0.0031735761623248315,0.002473150466326235,0.0007004256959985966,0.5868827584512386,1.089639444591202,0.0,0.0
main,linear,2240-10-01,2240-07-01,0.0015121859301681,0.003360413178151333,0.003071373924398,0.0122290114751342,0.079158437527312,0.0034965169616043568,,0.013912884900277422,0.0015734326327219606,0.08252466091424143,0.6102375009692046,0.6074098282272634,0.5942179012307387,1.0932919745325607,1.0928596851812689,1.0908429279098126,0.00244904662274803,0.0020167572714562265,0.00043228935129180357,0.6102375009692046,1.09329197453256,0.0,0.0
main,linear,2241-01-01,2240-10-01,0.0010533940615445,0.002340875692321111,0.0026022571495859,0.0103684685861108,0.0748113104677424,0.0030571017414331436,,0.012172445937157161,0.0013756957836449147,0.07903690803250009,0.6286749627606595,0.6251448835201081,0.6078946062371041,1.098994969019653,1.0984391013523278,1.0957227681652826,0.0032722008543704106,0.002716333187045228,0.0005558676673251828,0.6286749627606595,1.0989949690196528,0.0,0.0
main,linear,2241-04-01,2241-01-01,0.0012910136125831,0.0028689191390735558,0.003128164700527,0.0124540686615435,0.0796360973414233,0.0034528293181210756,,0.01373994960749203,0.001553773193154484,0.0821995853279007,0.6092838601281881,0.6055103546255668,0.5954725236045925,1.0944937509280088,1.0939085184732784,1.0923517526266442,0.0021419983013646338,0.0015567658466342227,0.0005852324547304111,0.6092838601281881,1.0944937509280084,0.0,0.0
main,linear,2241-07-01,2241-04-01,0.001431720215821,0.0031816004796022222,0.0041063641906098,0.0163245600866873,0.0866577780338169,0.0030710629653185606,,0.012227779063934463,0.0013819783343933523,0.07915579611864824,0.5838069514336193,0.5786045027270325,0.6074203587393737,1.0897210856958046,1.088921558822948,0.6888772126888925,0.40084387300691215,0.4000443461340555,0.0007995268728566707,0.5838069514336193,1.0897210856958046,0.04044728475082382,0.0
main,linear,2241-10-01,2241-07-01,0.0017914991827828,0.003981109295072889,0.0032212854226299,0.0128230152091889,0.0803995500808936,0.0030757251661270857,,0.01224625644971955,0.0013840763247571885,0.07919536867471239,0.604627634439149,0.6024936579156889,0.6072626342482723,1.0907455434559208,1.0904252655719575,1.047560591729215,0.04318495172670578,0.04286467384274251,0.0003202778839632714,0.604627634439149,1.0907455434559206,0.004358042569459153,0.0
main,linear,2242-01-01,2241-10-01,0.0008560039190272,0.0019022309311715554,0.0026819017165893,0.0106845283930702,0.0756050972665555,0.0036067033652216196,,0.014348951105131902,0.001623016514349729,0.0833255951948243,0.6263266257333147,0.6218440842408387,0.5911437443730312,1.0998614926610089,1.09914679642112,1.094251935435752,0.0056095572252568005,0.004894860985367844,0.0007146962398889567,0.6263266257333147,1.0998614926610082,0.0,0.0
main,linear,2242-04-01,2242-01-01,0.0012255488630827,0.002723441917961556,0.0022749448857752,0.0090687743656813,0.0712607560300518,0.002920562867075205,,0.011631172916735877,0.0013142532901838423,0.07784264742883627,0.6423172415011476,0.6402738014045374,0.612691354182219,1.1000373849215912,1.0997191303422322,1.0954233155772266,0.004614069344364591,0.004295814765005623,0.0003182545793589675,0.6423172415011472,1.100037384921591,0.0,0.0
main,linear,2242-07-01,2242-04-01,0.001335691478884,0.0029682032864088888,0.0020787764080584,0.0082892136775921,0.0688744182208966,0.002900388790294528,,0.011551179154844826,0.0013051749556325376,0.07766115152274594,0.6518475170948731,0.6507962419286031,0.613425623378444,1.1008037111307856,1.1006411386956676,1.0948620309468216,0.005941680183964015,0.005779107748846046,0.00016257243511796915,0.651847517094873,1.1008037111307851,0.0,0.0
main,linear,2242-10-01,2242-07-01,0.0007119528954106,0.0015821175453568888,0.001650327388003,0.0065849860408667,0.0627935256570977,0.0028065796941518784,,0.011179145805557789,0.0012629608623683454,0.07679917916807438,0.6816377936543858,0.6790294422067952,0.6169322813562195,1.1096622093258015,1.1092425765162597,1.0992523560280065,0.01040985329779498,0.009990220488253154,0.0004196328095418256,0.6816377936543855,1.109662209325801,0.0,0.0
main,linear,2243-01-01,2242-10-01,0.000835398660945,0.0018564414687666667,0.0016238102324705,0.0064794374912923,0.0623700770127244,0.0024758700747042894,,0.009866761373147237,0.0011141415336169303,0.07349804315698068,0.6830345552700753,0.6810769772493516,0.6306700245580187,1.1090437437568548,1.1087312242299447,1.100683955185608,0.008359788571246751,0.008047269044336725,0.0003125195269100267,0.6830345552700753,1.109043743756854,0.0,0.0
main,linear,2243-04-01,2243-01-01,0.0003805871197286,0.0008457491549524445,0.0013837465575968,0.0055235082976472,0.0582272914090131,0.0019047745736315846,,0.007597356927659393,0.0008571485581342131,0.06656373787842264,0.7051794207140868,0.7017171887795363,0.6612752828003192,1.115786320633752,1.1152178424775452,1.1085775189581668,0.00720880167558513,0.006640323519378377,0.0005684781562067531,0.7051794207140868,1.1157863206337515,0.0,0.0
main,linear,2243-07-01,2243-04-01,0.0011910659376594,0.002646813194798667,0.001931958185457,0.0077054667971599,0.0669379064266894,0.00207270379178226,,0.008265074160801134,0.000932716706302017,0.06879701537791334,0.6608119933301365,0.6595583548265432,0.6511425518645082,1.1031457083149396,1.1029500287075331,1.1016364115723731,0.0015092967425665016,0.0013136171351599835,0.00019567960740651813,0.6608119933301365,1.103145708314939,0.0,0.0
main,linear,2243-10-01,2243-07-01,0.0008794646785425,0.0019543659523166665,0.0018785523955596,0.0074930623325057,0.0661979127140083,0.0021995562128722668,,0.008769239109110871,0.0009898002957925201,0.07036898607839384,0.6654361402386246,0.6629615725344321,0.6441714650196579,1.1059409957484336,1.105547031323034,1.1025555456192049,0.003385450129228751,0.002991485703829122,0.00039396442539962884,0.6654361402386246,1.1059409957484334,0.0,0.0
main,linear,2244-01-01,2243-10-01,0.0004968343496833,0.0011040763326295557,0.0014002450807265,0.0055892271831106,0.0585313763955923,0.002743191085755825,,0.010927696273518084,0.0012344359885901213,0.07619924827380975,0.7030953882594567,0.7001633721534345,0.6193921272351359,1.1146268058276765,1.1141487943850172,1.1009805245281645,0.013646281299511953,0.01316826985685271,0.000478011442659243,0.7030953882594565,1.114626805827676,0.0,0.0
main,linear,2244-04-01,2244-01-01,0.0005722490620644,0.0012716645823653333,0.0013716944642486,0.0054754989028582,0.0580031905525521,0.0017563499277457595,,0.007006912782762775,0.0007903574674855918,0.06442641097209381,0.7053407745669281,0.7028663673131246,0.671236660657933,1.114460944160427,1.1140594035140892,1.1089266134956852,0.005534330664741738,0.005132790018403943,0.0004015406463377946,0.7053407745669281,1.1144609441604263,0.0,0.0
main,linear,2244-07-01,2244-04-01,0.000754140227893,0.0016758671730955554,0.0013631334982824,0.0054413953236052,0.0578429821183336,0.0015282371314242482,,0.006098949744707816,0.0006877067091409117,0.06079019249712382,0.7052329167834506,0.7036900384050654,0.6888160499356444,1.1131606848938125,1.1129131167927622,1.11052645746044,0.0026342274333723825,0.002386659332322072,0.0002475681010503106,0.7052329167833993,1.1131606848938038,0.0,0.0
main,linear,2244-10-01,2244-07-01,0.0007386761312929,0.0016415025139842221,0.0014942124774022,0.0059634672233973,0.0602063984267396,0.0019935823511332273,,0.007950514858133029,0.0008971120580099524,0.0677676316048703,0.6937455139927513,0.691716381713206,0.6557789319753548,1.1114247138270026,1.11109880831986,1.1053267781273102,0.006097935699692414,0.005772030192549904,0.0003259055071425099,0.6937455139927513,1.1114247138270024,0.0,0.0
main,linear,2245-01-01,2244-10-01,0.0003553093192805,0.0007895762650677777,0.0011821831972141,0.0047203540529066,0.0542424001323394,0.0018559872405603528,,0.007403306391745468,0.0008351942582521587,0.06587917777357478,0.725701453453572,0.7226844317313817,0.6644370235930346,1.1193393592859255,1.1188432193959406,1.1092646132980537,0.010074745987871836,0.009578606097886855,0.0004961398899849812,0.725701453453572,1.1193393592859249,0.0,0.0
main,linear,2245-04-01,2245-01-01,0.000495006305933,0.0011000140131844445,0.0011954430230324,0.0047732044195135,0.0545210980642241,0.0012608476681634784,,0.005033860266736689,0.0005673814506735652,0.055860077769469114,0.7235046801330108,0.7211802683366422,0.7140342710532899,1.117967392471967,1.1175883972751448,1.1164232428687162,0.0015441496032508883,0.0011651544064286146,0.0003789951968222738,0.7235046801330108,1.1179673924719669,0.0,0.0
main,linear,2245-07-01,2245-04-01,0.0003880336982877,0.000862297107306,0.0011769813319878,0.0046996201375159,0.0541323773084889,0.0016557815251871943,,0.0066066945765225205,0.0007451016863342375,0.06287985180987102,0.7261087666128734,0.7232798488024642,0.6786133839526923,1.1191687260902836,1.1187044450525356,1.1113737998932254,0.007794926197058238,0.007330645159310256,0.00046428103774798224,0.7261087666128734,1.1191687260902832,0.0,0.0
main,linear,2245-10-01,2245-07-01,0.0006286553772272,0.0013970119493937777,0.0015464101565202,0.0061713071063734,0.0610972962973857,0.0014018799411132932,,0.0055957391766506825,0.000630845973500982,0.058561340814056784,0.6900075396942571,0.687299214627459,0.7000106040963617,1.1115834971670742,1.111145524587017,0.968230829085787,0.14335266808128722,0.14291469550123004,0.00043797258005717765,0.6900075396942568,1.111583497167074,0.014497029809858952,0.0
main,linear,2246-01-01,2245-10-01,0.000597407655076,0.0013275725668355554,0.0013521014024525,0.0053974464247822,0.0576352622334197,0.00204038736410439,,0.008136604333516262,0.0009181743138469755,0.06838130863771932,0.7070502129204779,0.7047606319961194,0.6530079897691417,1.114560463673422,1.1141894922098403,1.105804222562077,0.008756241111345098,0.008385269647763316,0.0003709714635817818,0.7070502129204779,1.1145604636734214,0.0,0.0
main,linear,2246-04-01,2246-01-01,0.0007679218362121,0.001706492969360222,0.0015770087701404,0.0062931290222201,0.0616071708610541,0.0020639777649194,,0.008230386186461436,0.0009287899942137301,0.0686853991352422,0.6869306929501335,0.6847942545497283,0.6516425070209889,1.1101292656248152,1.1097867501505403,1.104471836074072,0.00565742955074322,0.005314914076468336,0.0003425154742748848,0.6869306929501335,1.1101292656248147,0.0,0.0
main,linear,2246-07-01,2246-04-01,0.0006923579542869,0.0015385732317486668,0.001333011023646,0.0053213920556989,0.0572723968258979,0.0020471077878028154,,0.008163321546731828,0.000921198504511267,0.06846828841989648,0.7083921194827345,0.7066380777163415,0.6526169079791981,1.1141052668863192,1.113822732117256,1.10512119546709,0.008984071419229078,0.00870153665016593,0.00028253476906314745,0.7083921194827345,1.114105266886319,0.0,0.0
main,linear,2246-10-01,2246-07-01,0.0004564965371152,0.0010144367491448888,0.0013738834324601,0.0054842187652877,0.0580440176533866,0.0019434551941230893,,0.007751188015538868,0.0008745548373553903,0.06709463236327713,0.705713736799727,0.7026567508045457,0.6588415277963339,1.115338349011917,1.1148387303999343,1.107677787910317,0.007660561101600072,0.007160942489617295,0.0004996186119827772,0.705713736799727,1.1153383490119169,0.0,0.0
main,linear,2247-01-01,2246-10-01,0.0005833916223631,0.0012964258274735555,0.001272490349723,0.0050802542479559,0.0560924187888059,0.0017725990619510412,,0.0070715658721115515,0.0007976695778779685,0.06466854186639305,0.7149198825424431,0.7128076843720166,0.6700947657857456,1.1159357575657698,1.1155932306603116,1.1086666439265176,0.0072691136392522004,0.006926586733793982,0.00034252690545821807,0.7149198825424431,1.1159357575657691,0.0,0.0
main,linear,2247-04-01,2247-01-01,0.000445550447934,0.00099011210652,0.0012470039987121,0.0049786936350531,0.0555814966657311,0.0016616398934274912,,0.006630011634738309,0.0007477379520423711,0.06297228673997712,0.7182512397585628,0.7155101536655026,0.6781684021057065,1.1174660366634028,1.1170177471211342,1.1109107092004298,0.0065553274629730485,0.006107037920704439,0.0004482895422686095,0.7182512397585596,1.117466036663402,0.0,0.0
main,linear,2247-07-01,2247-04-01,0.000806522981532,0.0017922732922933335,0.0013207544534586,0.0052725606724896,0.0570371072486152,0.0015569874085485935,,0.006213419467431813,0.0007006443338468671,0.061274561661149765,0.7090004594907598,0.7078604026801036,0.6864264477877653,1.1133938255494873,1.1132114908254769,1.1097834561756226,0.003610369373864719,0.0034280346498543057,0.0001823347240104134,0.7090004594907598,1.1133938255494866,0.0,0.0
main,linear,2247-10-01,2247-07-01,0.0004303066343274,0.000956236965172,0.00145096803101,0.0057912524891856,0.0594472857987046,0.0016569162253290415,,0.006611210860914096,0.0007456123013980687,0.06289777876316273,0.6989214604047844,0.6955212445741513,0.6785270482676329,1.114411299935144,1.113854695029898,1.1110727972045609,0.003338502730583226,0.0027818978253371096,0.0005566049052461164,0.6989214604047844,1.1144112999351437,0.0,0.0
main,linear,2248-01-01,2247-10-01,0.0009802355872581,0.002178301305018,0.0018369439444265,0.0073275543820532,0.0656073057663373,0.0018425838788971305,,0.007349989835096382,0.0008291627455037087,0.06568810239846581,0.6676122651049197,0.6657001645907091,0.6653243297338787,1.1056146875301682,1.105312197733485,1.1052527415445537,0.0003619459856145646,5.945618893132831e-05,0.0003024897966832363,0.6676122651049197,1.1056146875301678,0.0,0.0
main,linear,2248-04-01,2248-01-01,0.0007448793070348,0.001655287348966222,0.0019562841390583,0.007802204202961,0.0672684607355831,0.0019339969148859382,,0.007713574516408417,0.0008702986116986722,0.0669657637166093,0.6613173007400647,0.6580480838986336,0.6594308369059804,1.106175290797277,1.10565041408767,1.1058724167518856,0.0003028740453914214,-0.00022200266421568138,0.0005248767096071028,0.6613173007400647,1.1061752907972764,0.0,0.0
main,linear,2248-07-01,2248-04-01,0.0007054985045086,0.0015677744544635554,0.0016929788758573,0.0067547378398816,0.0634617410133863,0.0018837819807231426,,0.007513862842409624,0.0008477018913254142,0.06627125922959103,0.6785768648386676,0.6758208770508396,0.6626228707811376,1.109213563659518,1.10877000116379,1.1066458478473382,0.0025677158121797383,0.002124153316451771,0.00044356249572796713,0.6785768648386676,1.1092135636595175,0.0,0.0
main,linear,2248-10-01,2248-07-01,0.0009629737653913,0.0021399417008695558,0.0017410311809548,0.0069459586867755,0.0641962202104989,0.002278922824189067,,0.009084577676596983,0.00102551527088508,0.07130697807266446,0.674039790416798,0.6723254708323378,0.6400728791855805,1.1067478570485987,1.1064763611976731,1.1013685097972357,0.00537934725136302,0.0051078514004374576,0.0002714958509255627,0.6740397904167911,1.1067478570486906,0.0,0.0
main,linear,2249-01-01,2248-10-01,0.0007967281226317,0.0017705069391815555,0.0021805421814772,0.0086936815899255,0.07013921271553,0.0020837481133639812,,0.008308976587992123,0.0009376866510137916,0.06893762262681283,0.6487779472837182,0.645182347901967,0.6505136910433515,1.1038256987842225,1.1032502852395398,1.0773494948699476,0.026476203914274965,0.025900790369592253,0.0005754135446827124,0.6487779472837182,1.1038256987842223,0.0026753979707223596,0.0
main,linear,2249-04-01,2249-01-01,0.0015733948724059,0.0034964330497908886,0.0022673575385051,0.0090386312914731,0.0711723666442261,0.002644909778609872,,0.010537739789450384,0.0011902094003744424,0.07523953298448476,0.641248584228486,0.6406583198345214,0.6233606249147858,1.0976403898067593,1.097550512578281,1.0949166608766774,0.002723728930081881,0.0026338517016035734,8.987722847830781e-05,0.641248584228486,1.0976403898067588,0.0,0.0
main,linear,2249-07-01,2249-04-01,0.0018373504285138,0.004083000952252888,0.0035259432589583,0.0140293545680768,0.0827411748375187,0.0022723327856510878,,0.009058397070937807,0.0010225497535429895,0.07123035991330783,0.5960238308191338,0.5933844989285652,0.6404059845659589,1.0891809571680147,1.0887860431862,0.35118453710361686,0.7379964200643978,0.7376015060825831,0.00039491398181468185,0.5960238308191338,1.0891809571680142,0.07446371662018136,0.0
main,linear,2249-10-01,2249-07-01,0.0019773193577882,0.004394043017307111,0.0046432585551543,0.0184440750875621,0.0897976989156931,0.0027492674998939037,,0.01095180223277259,0.0012371703749522566,0.07625738960583257,0.5715101482983606,0.5671379951817389,0.6191530335072848,1.0847131241200971,1.0840650538264314,0.2581437416414971,0.8265693824786,0.8259213121849343,0.000648070293665759,0.5715101482983606,1.084713124120097,0.08336313352018543,0.0
main,linear,2250-01-01,2249-10-01,0.0017194594993861,0.0038210211097468886,0.0032541678781852,0.0129532715905809,0.0806634938715251,0.004234702792018652,,0.01683151835882235,0.0019056162564083934,0.08744499592501703,0.6039269008207642,0.6014561622645676,0.5756988337631955,1.0910754408723777,1.090702840143746,1.0868184957872207,0.00425694508515706,0.0038843443565252933,0.00037260072863176674,0.6039269008207642,1.0910754408723775,0.0,0.0
main,linear,2250-04-01,2250-01-01,0.0022935755697012,0.005096834599336,0.0038088779600171,0.0151486873516836,0.084729439498978,0.003350581042468548,,0.013335116143671999,0.0015077614691108466,0.08142119017047193,0.5874646247751487,0.5858126433747294,0.5984931705868296,1.0852201118477454,1.0849804684142903,0.8990887599813289,0.1861313518664165,0.18589170843296143,0.00023964343345506123,0.5874646247751487,1.085220111847745,0.018773119953034878,0.0
main,linear,2250-07-01,2250-04-01,0.0014979915043975,0.0033288700097722224,0.0036727230913738,0.0146101569780126,0.0837930476387484,0.004043408669531345,,0.016075803914056275,0.0018195339012891055,0.08626220903528446,0.5935033717428662,0.5893605954619683,0.5800725642846871,1.0908179363657806,1.0901840083873238,1.0887627530675021,0.0020551832982784735,0.0014212553198216238,0.0006339279784568497,0.5935033717428662,1.0908179363657806,0.0,0.0
main,linear,2250-10-01,2250-07-01,0.0030587021379211,0.006797115862046888,0.0061438148202976,0.0243497067221736,0.097021839203495,0.0031353826634585857,,0.012482670101593096,0.0014109221985563636,0.07969614020249081,0.5456116498352989,0.5419433160355689,0.6052722427249985,1.0749741219740714,1.0744700453000748,-0.010290168807745692,1.085264290781817,1.0847602141078205,0.0005040766739965452,0.5456116498352989,1.074974121974071,0.10934624305570728,0.0
main,linear,2251-01-01,2250-10-01,0.0011947378654732,0.0026549730343848887,0.0038077251286523,0.0151441285097962,0.0847216612292057,0.004644693341106176,,0.018449734644777283,0.0020901120034977796,0.0898055892515602,0.5913087087226753,0.5858419833134075,0.5671095931388364,1.092275274020459,1.0914221771901675,1.0884989385993638,0.003776335421095345,0.0029232385908037894,0.0008530968302915554,0.5913087087226753,1.0922752740204584,0.0,0.0
main,linear,2251-04-01,2251-01-01,0.0039413795906521,0.008758621312560222,0.0072129294597725,0.0285410580736097,0.1013414335657454,0.00280738458968699,,0.011182338351800936,0.0012633230653591454,0.0768067044167214,0.5305523456715429,0.527638218540293,0.6169015350415885,1.068221712202795,1.0678469956567411,-0.5482086498234144,1.6164303620262095,1.6160556454801556,0.00037471654605392146,0.5305523456715429,1.0682217122027946,0.16275336765138526,0.0
main,linear,2251-07-01,2251-04-01,0.0024247475118581,0.005388327804129111,0.0068417541962603,0.0270874380301323,0.0998945824969643,0.00567103223875165,,0.022491893816132813,0.0025519645074382423,0.09493091178644317,0.5390273842528301,0.5323666153850423,0.5490708691061658,1.0774865474665711,1.076529045124175,0.8926043473790779,0.18488220008749323,0.183924697745097,0.0009575023423962215,0.5390273842528301,1.077486547466571,0.018632597639376858,0.0
main,linear,2251-10-01,2251-07-01,0.0018182796699284,0.0040406214887297775,0.0034567299023208,0.0137553907944077,0.0822287880263717,0.005810162518173456,,0.023038885559764077,0.002614573133178055,0.09556055645983215,0.5979178066166314,0.5953596499091199,0.5469105905066683,1.089578373591002,1.0891951177074777,1.081936615125252,0.007641758465749993,0.007258502582225601,0.00038325588352439155,0.5979178066166313,1.089578373591002,0.0,0.0
main,linear,2252-01-01,2251-10-01,0.0018333188453711,0.004074041878602444,0.0045856609215203,0.0182168592417286,0.0894789381175215,0.0038296265993267298,,0.015230734604698482,0.0017233319696970284,0.08486900748184029,0.5730256526433374,0.5682872738252768,0.5852865338678792,1.0857629223653595,1.0850537443157615,0.8736305698377773,0.21213235252758222,0.2114231744779842,0.0007091780495980249,0.5730256526433374,1.085762922365359,0.021396739952720734,0.0
main,linear,2252-04-01,2252-01-01,0.0019245020459002,0.004276671213111555,0.004704460061502,0.0186854645647589,0.0901321452872971,0.0034511315170675516,,0.01373322849009373,0.0015530091826803983,0.08218686326174206,0.5705917651002275,0.5659356871757585,0.5955217043363493,1.0848783663437462,1.08418575156735,0.6516730873307557,0.43320527901299055,0.4325126642365944,0.0006926147763961499,0.5705917651002275,1.0848783663437458,0.043691373161401814,0.0
main,linear,2252-07-01,2252-04-01,0.0022589148048976,0.005019810677550222,0.0059525266263774,0.0235983534639587,0.0961920762221128,0.004007435403764248,,0.015933641556309053,0.0018033459316939115,0.08603327618185888,0.5505062110333698,0.5447559602201282,0.5809246667069226,1.0800495771506926,1.0792134282810066,0.5319186087703993,0.5481309683802933,0.5472948195106073,0.0008361488696859709,0.5505062110333698,1.0800495771506922,0.0552554141934819,0.0
main,linear,2252-10-01,2252-07-01,0.0016541692238386,0.003675931608530222,0.0036143161005884,0.0143790734057603,0.0833799613342889,0.003833743743598461,,0.015247014599016784,0.0017251846846193075,0.08489660660027702,0.5944096897282486,0.5909359426865181,0.5851825810252876,1.0900282857233465,1.089502157874814,1.0886307634536636,0.001397522269682927,0.0008713944211504732,0.0005261278485324539,0.5944096897282465,1.090028285723346,0.0,0.0
main,linear,2253-01-01,2252-10-01,0.0018044799707276,0.004009955490505777,0.0041234361004416,0.0163920081996321,0.0867639565806877,0.003002396784722805,,0.01195560899797421,0.0013510785531252623,0.07856539889867457,0.5821791358939854,0.5782113599610171,0.6097812620386811,1.0873007889292277,1.0867058002944825,0.6173224694104464,0.4699783195187812,0.46938333088403605,0.0005949886347451638,0.5821791358939854,1.0873007889292272,0.04741174018733141,0.0
main,linear,2253-04-01,2253-01-01,0.0009844732042031,0.0021877182315624445,0.0020470225479186,0.0081629826768109,0.0684671869509709,0.003974317107349634,,0.015802748101569897,0.0017884426983073355,0.08582059881112362,0.6550862220267742,0.6526218577687732,0.5817178938818078,1.1036053369802181,1.103215584790648,1.0920017493828227,0.011603587597395437,0.011213835407825279,0.00038975218957015834,0.6550862220267742,1.103605336980218,0.0,0.0
main,linear,2253-07-01,2253-04-01,0.0007786687091058,0.0017303749091239998,0.0017178386521562,0.0068536690592665,0.0638440998346322,0.0028954672161489725,,0.011531663511176293,0.0013029602472670377,0.07761667060962894,0.6764857631032152,0.6739971628771831,0.6136057980497795,1.1083820252424998,1.1079833183557806,1.0983078177256904,0.01007420751680943,0.00967550063009015,0.00039870688671928,0.6764857631032152,1.1083820252424992,0.0,0.0
main,linear,2253-10-01,2253-07-01,0.0007147730004164,0.0015883844453697777,0.0018518574589422,0.0073868789705813,0.0658204447429607,0.002197850029915571,,0.008762459295055813,0.000989032513462007,0.0703484493754254,0.6678455413836352,0.6647095435452608,0.6442617055817228,1.1074244713381558,1.1069200389671507,1.1036309578142092,0.0037935135239466344,0.0032890811529415753,0.0005044323710050591,0.6678455413836352,1.1074244713381554,0.0,0.0
main,linear,2254-01-01,2253-10-01,0.0008118242352135,0.0018040538560299998,0.0018876843578793,0.0075293842113475,0.0663258644698108,0.0026390322018414736,,0.010514415331151272,0.0011875644908286632,0.07518095521398152,0.665169181778332,0.6623709056241746,0.6236042029559687,1.106348417915912,1.1059010246060006,1.0997029360451962,0.006645481870715786,0.006198088560804393,0.0004473933099113925,0.665169181778332,1.1063484179159115,0.0,0.0
main,linear,2254-04-01,2254-01-01,0.000918270246912,0.002040600548693333,0.0022339547508466,0.0089059202501937,0.070779647897281,0.0024422735441476107,,0.009733364210342765,0.0010990230948664248,0.07313722926019289,0.6455864529720055,0.6423715400194216,0.6322023341746958,1.1025302957835605,1.102019711996634,1.1004046662063396,0.0021256295772209555,0.0016150457902943671,0.0005105837869265883,0.6455864529720055,1.1025302957835603,0.0,0.0
main,linear,2254-07-01,2254-04-01,0.0006355359323129,0.0014123020718064443,0.00158769574143,0.0063356743016745,0.0617831612843894,0.002461423631757498,,0.009809402503740294,0.001107640634290874,0.07334351774175979,0.6867250008696373,0.6839334780760024,0.6313255043741465,1.1110054160093965,1.1105541813104778,1.1020503843047031,0.008955031704693361,0.008503797005774638,0.00045123469891872325,0.6867250008696371,1.111005416009396,0.0,0.0
main,linear,2254-10-01,2254-07-01,0.0007361382573419,0.001635862794093111,0.0020054087496435,0.007997537257204,0.0679240108564644,0.0019500775961205363,,0.0077775232172763165,0.0008775349182542413,0.06718450209216364,0.658500595147446,0.65507087641654,0.6584311088891729,1.1057806251790665,1.1052296799039714,1.1057694630026074,1.1162176459134088e-05,-0.0005397830986360042,0.0005509452750951382,0.658500595147446,1.105780625179066,0.0,0.0
main,linear,2255-01-01,2254-10-01,0.0008377285298651,0.0018616189552557777,0.0018077154864665,0.0072112785527734,0.0651847832803512,0.0020960753317922354,,0.008357976953781043,0.0009432338993065059,0.06909369574479117,0.6701401706293779,0.6676717237216333,0.6498169007125038,1.1069695932662866,1.1065755730697755,1.1037255377505468,0.0032440555157398077,0.002850035319228672,0.0003940201965111356,0.6701401706293779,1.106969593266286,0.0,0.0
main,linear,2255-04-01,2255-01-01,0.001182408379051,0.002627574175668889,0.0018514894990372,0.0073854152919303,0.0658152056375985,0.002023015869781375,,0.008067541020643887,0.0009103571414016187,0.06815516748444987,0.6657895219271377,0.6647338626923446,0.6540266983588278,1.103980288589649,1.10381542004145,1.1021432188416576,0.001837069747991471,0.0016722011997925001,0.0001648685481989709,0.6657895219271377,1.1039802885896488,0.0,0.0
main,linear,2255-07-01,2255-04-01,0.000734285042175,0.0016317445381666667,0.0020802882716042,0.0082952234825476,0.0688936540542493,0.0022634356282651424,,0.009023050025352197,0.0010185460327193142,0.07112656057725521,0.654330618362049,0.6507102274060327,0.6408577442653284,1.1051228920278204,1.104541250336468,1.1029583784788148,0.0021645135490055978,0.0015828718576531564,0.0005816416913524414,0.654330618362049,1.1051228920278204,0.0,0.0
main,linear,2255-10-01,2255-07-01,0.001111069156985,0.002469042571077778,0.0020768659215792,0.0082816192685564,0.0688500908420581,0.002091090427711606,,0.008338162311168018,0.0009409906924702227,0.06903069218852274,0.6529070314490982,0.6509050525382554,0.650098025878283,1.1024341326332312,1.1021200435464171,1.1019934296918497,0.0004407029413815433,0.00012661385456746999,0.0003140890868140733,0.6529070314490979,1.102434132633231,0.0,0.0
main,linear,2256-01-01,2255-10-01,0.0006840516028663,0.0015201146730362222,0.001698514713485,0.0067767687327608,0.0635473324805608,0.002439542906358838,,0.009722521446950627,0.0010977943078614772,0.07310767836136003,0.6782816246849849,0.6754118661060683,0.6323281093390021,1.1093115166214722,1.1088490278097716,1.1019056718016447,0.007405844819827534,0.0069433560081269,0.00046248881170063427,0.6782816246849849,1.109311516621472,0.0,0.0
main,linear,2256-04-01,2256-01-01,0.0013266295929669,0.0029480657621486664,0.0027815361416347,0.0110798089291852,0.0765638888936114,0.002215554704889655,,0.008832810201381047,0.0009969996172003448,0.07056077935708427,0.6207689995970153,0.61789512394337,0.6433297610883001,1.09605388613191,1.0956092012547538,0.7361123197157922,0.35994156641611785,0.35949688153896164,0.0004446848771562095,0.6207689995970153,1.0960538861319051,0.03634324771560815,0.0
main,linear,2256-07-01,2256-04-01,0.0008096789715553,0.001799286603456222,0.0019727010224538,0.0078674854861809,0.0674893009119458,0.003029175568372011,,0.01206175794325115,0.001363129005767405,0.07879734664205562,0.6600704428372145,0.6570424817648581,0.6088520104713917,1.1055473828235471,1.1050632021274605,1.0973573910625152,0.008189991761031967,0.007705811064945278,0.000484180696086689,0.6600704428372145,1.1055473828235467,0.0,0.0
main,linear,2256-10-01,2256-07-01,0.0008687965256959,0.001930658945990889,0.0018518656895373,0.007386911710397,0.0658205619209153,0.0024012397043406963,,0.009570418453142993,0.0010805578669533134,0.072689532838661,0.6671587620860799,0.6647089996403996,0.6341123463235299,1.1062864198845819,1.1058961432447232,1.1010217281484853,0.005264691736096561,0.004874415096237872,0.00039027663985868877,0.6671587620860799,1.1062864198845817,0.0,0.0
main,linear,2257-01-01,2256-10-01,0.0006670015152567,0.0014822255894593333,0.0022676315374397,0.0090397198486108,0.0711755638252946,0.0022581114899367094,,0.009001897585792062,0.0010161501704715192,0.07106424847923111,0.6449841593147929,0.6406444042150682,0.6411291991155842,1.1040552846490899,1.1033551520246097,1.103433363978564,0.0006219206705257996,-7.821195395441016e-05,0.0007001326244802097,0.6449841593147929,1.1040552846490896,0.0,0.0
main,linear,2257-04-01,2257-01-01,0.0011572189476417,0.0025715976614259996,0.0029278230595418,0.0116599596684066,0.0779076370465701,0.0022455938160419464,,0.008952164384567363,0.001010517217218876,0.07091715841213295,0.6162763849847058,0.6124287752860074,0.6417707637066455,1.0964027655805462,1.0958008924196294,0.6867067400092619,0.40969602557128426,0.4090941524103675,0.0006018731609167549,0.6162763849847058,1.0964027655805462,0.04136840554154164,0.0
main,linear,2257-07-01,2257-04-01,0.0022231848686732,0.004940410819273777,0.0048862750097833,0.0194023120208796,0.0911011825475739,0.002632527844980359,,0.010488603090574089,0.0011846375302411616,0.07511597103547772,0.5664940216864763,0.5624722137769073,0.6238746020843827,1.082576786271256,1.0819905347673406,0.07803409939628891,1.0045426868749672,1.0039564353710517,0.000586251503915447,0.5664940216864763,1.0825767862712556,0.10129069480008523,0.0
main,linear,2257-10-01,2257-07-01,0.0010735596919855,0.002385688204412222,0.0042516545027754,0.0168984657095266,0.087547127297071,0.004085407126694918,,0.016241757670650503,0.001838433207012713,0.08652680533181656,0.5820020892172267,0.5753233986588941,0.579089981650049,1.0915282111521445,1.0904778908681312,1.091070240293887,0.00045797085825749484,-0.0005923494257558115,0.0010503202840133063,0.5820020892172267,1.0915282111521445,0.0,0.0
main,linear,2258-01-01,2257-10-01,0.0009833408940032,0.0021852019866737773,0.0030401455393609,0.0121052395566142,0.0788917319595701,0.003498845035210252,,0.013922099821770173,0.0015744802658446133,0.0825418615050578,0.6132144963671531,0.6084745201207234,0.5941516324694451,1.0969900464789477,1.0962403405943446,1.0939749382804071,0.0030151081985405614,0.002265402313937459,0.0007497058846031024,0.6132144963671529,1.0969900464789475,0.0,0.0
main,linear,2258-04-01,2258-01-01,0.0019948953216532,0.004433100714784889,0.003326139326429,0.0132383251574245,0.0812313428467779,0.0034611611627042294,,0.013772932541551652,0.0015575225232169032,0.08226192091424984,0.6008667877328076,0.5992334520964291,0.5952316224121424,1.088958956901262,1.0887171398505469,1.0881246647767397,0.0008342921245223511,0.0005924750738071083,0.00024181705071524284,0.6008667877328076,1.0889589569012614,0.0,0.0
main,linear,2258-07-01,2258-04-01,0.0006952973399884,0.001545105199974222,0.0023872498891838,0.0095148601714425,0.0725350975808305,0.0033257929608225822,,0.013236953473075075,0.001496606832370162,0.081228641752177,0.6392619466422949,0.6347734815871973,0.5992439950430912,1.1029512357253435,1.102228381774221,1.0965064636096644,0.006444772115679065,0.005721918164556694,0.0007228539511223708,0.6392619466422946,1.1029512357253433,0.0,0.0
main,linear,2258-10-01,2258-07-01,0.0008471478252503,0.0018825507227784443,0.0016999238291019,0.0067823765112674,0.0635690781928317,0.002377175958827138,,0.009474851743497492,0.0010697291814722122,0.07242331404608081,0.6774322979654208,0.6753080224682643,0.6352527434070853,1.1080697730784335,1.1077308905485872,1.1013409310917743,0.006728841986659129,0.006389959456812866,0.00033888252984626277,0.6774322979654203,1.1080697730784328,0.0,0.0
main,linear,2259-01-01,2258-10-01,0.0008335732340579,0.0018523849645731112,0.0016748342153277,0.0066825252276561,0.0631793815271272,0.0021322465036064386,,0.00850174591966546,0.0009595109266228975,0.06954645864395824,0.6792880250706687,0.6771733393338434,0.6478028456567406,1.1084580250527227,1.1081203853032229,1.1034309669394724,0.005027058113250327,0.004689418363750475,0.00033763974949985176,0.6792880250706687,1.1084580250527227,0.0,0.0
main,linear,2259-04-01,2259-01-01,0.0008019250463121,0.0017820556584713333,0.0015446669777578,0.0061643666711829,0.0610679783227883,0.002161931013688445,,0.00861972077765305,0.0009728689561598003,0.06991235655378919,0.6893228459336606,0.6874437606942717,0.6461830879369619,1.1102783855653615,1.1099777681003202,1.1033768547462102,0.006901530819151347,0.006600913354110061,0.0003006174650412863,0.6893228459336606,1.1102783855653613,0.0,0.0
main,linear,2259-07-01,2259-04-01,0.0006436113600684,0.0014302474668186666,0.0016302715751698,0.0065051569128106,0.0624738342412176,0.0018662047805264592,,0.007443948786156285,0.0008397921512369067,0.06602395674840586,0.6834454925374307,0.6805742413876938,0.6637661095052845,1.110420109916442,1.1099562194218615,1.1072406323118278,0.0031794776046141227,0.0027155871100337237,0.000463890494580399,0.6834454925374307,1.1104201099164417,0.0,0.0
main,linear,2259-10-01,2259-07-01,0.0007214728835195,0.0016032730744877776,0.0016818693206467,0.0067105241980252,0.063289191369309,0.002001434098929167,,0.007981734017842745,0.0009006453445181251,0.06787155504942122,0.679298606601902,0.6766467880161529,0.6553082405011991,1.109221210664361,1.108794837293971,1.1053639131455166,0.003857297518844449,0.003430924148454473,0.00042637337038997636,0.679298606601902,1.1092212106643606,0.0,0.0
main,linear,2260-01-01,2259-10-01,0.0006832899637423,0.0015184221416495553,0.0015761151920319,0.0062895715885229,0.0615924070894039,0.001979935448616743,,0.007896251959346623,0.0008909709518775344,0.0675860528195634,0.6874000369620595,0.6848665555279808,0.6566027653300052,1.1107862707463034,1.11037795688975,1.1058227637782865,0.004963506968016951,0.0045551931114635735,0.00040831385655337726,0.6874000369620595,1.110786270746303,0.0,0.0
main,linear,2260-04-01,2260-01-01,0.001271096373382,0.0028246586075155555,0.0029818696566656,0.0118742353214392,0.0783860985477676,0.0016417806036770344,,0.006550967447446765,0.0007388012716546655,0.06265772464653532,0.6140348846838332,0.6105011389781002,0.6796848803032896,1.0953528854763674,1.094804133511314,0.036390306375884585,1.0589625791004829,1.0584138271354293,0.0005487519650535511,0.6140348846838329,1.095352885476367,0.1069157303651107,0.0
main,linear,2260-07-01,2260-04-01,0.0012020936716871,0.002671319270415778,0.0026352378042599,0.0104993575005106,0.0751430663231882,0.0024990029633045197,,0.009958604144606253,0.0011245513334870339,0.07374354909040617,0.6267817826181227,0.6237618351503775,0.6296309614890666,1.0977648353357046,1.097293786758521,1.0527519987370906,0.04501283659861399,0.044541788021430495,0.00047104857718349713,0.6267817826181227,1.097764835335704,0.0045457248850029885,0.0
main,linear,2260-10-01,2260-07-01,0.0011130271408553,0.002473393646345111,0.0032062752497512,0.0127635515320753,0.0802781020950222,0.0026829931885004044,,0.010688859241082205,0.001207346934825182,0.0756158028275593,0.6075661540885609,0.6029719698116884,0.621799760767031,1.0953087376932218,1.0945880492526094,0.8632690813853399,0.23203965630788193,0.23131896786726958,0.0007206884406123493,0.6075661540885609,1.0953087376932211,0.0234272478324411,0.0
main,linear,2261-01-01,2260-10-01,0.0013140718909439,0.002920159757653111,0.0030025592359673,0.011956252967433,0.078566812648305,0.0030955695547163486,,0.012324901475642469,0.001393006299622357,0.07936309130078299,0.6131926404955941,0.6097755919713898,0.6065948523743214,1.0949585714771706,1.0944294097992604,1.0939368427519225,0.0010217287252480833,0.0004925670473379107,0.0005291616779101727,0.613192640495594,1.09495857147717,0.0,0.0
main,linear,2261-04-01,2261-01-01,0.0011380563163586,0.0025290140363524445,0.0019461180211739,0.0077617773009552,0.0671308039701385,0.0024451646022498608,,0.009744843870553743,0.0011003240710124374,0.0731684790997344,0.6602016958295472,0.6586762819838389,0.6320693729484,1.1034004177992691,1.1031615083418116,1.0989943492327237,0.004406068566545462,0.004167159109087937,0.00023890945745752568,0.6602016958295447,1.1034004177992685,0.0,0.0
main,linear,2261-07-01,2261-04-01,0.0008221275344995,0.0018269500766655553,0.0014145050113139,0.0056460264153948,0.0587917306851173,0.002915905090048909,,0.011612704442899302,0.0013121572905220092,0.07780086261374888,0.7002121529020711,0.6988380339004958,0.6128602775446185,1.1118790047786282,1.111659449797032,1.0979220335377915,0.013956971240836724,0.01373741625924052,0.0002195549815962039,0.7002121529020711,1.111879004778628,0.0,0.0
main,linear,2261-10-01,2261-07-01,0.0004764074639124,0.0010586832531386666,0.0014794855366122,0.0059048218305897,0.059950069816379,0.00172322744037956,,0.006875113144416467,0.000775452348170802,0.06392630700369545,0.6962504457511609,0.6929968999885981,0.6736062148631162,1.1136530857951132,1.1131219902418563,1.1099567338120178,0.0036963519830954805,0.003165256429838559,0.0005310955532569217,0.6962504457511609,1.1136530857951126,0.0,0.0
main,linear,2262-01-01,2261-10-01,0.0004667809759243,0.0010372910576095554,0.0013952600052863,0.0055693703793537,0.0584398218160975,0.0019714967347681522,,0.00786269677896334,0.0008871735306456686,0.0674731615287034,0.7036970695928645,0.7006305293778954,0.6571158801938113,1.114936383642605,1.1144355189128323,1.107328175954038,0.007608207688566848,0.007107342958794227,0.000500864729772621,0.7036970695928645,1.114936383642605,0.0,0.0
main,linear,2262-04-01,2262-01-01,0.0005092439196335,0.0011316531547411112,0.001429475928807,0.005705654986439,0.0590626398558207,0.0017407283885404468,,0.006944753831614303,0.0007833277748432011,0.06419165123095909,0.7004180123045026,0.6974638505187408,0.6723471145235586,1.114103389927478,1.1136221346367396,1.1095304284404153,0.0045729614870626545,0.004091706196324374,0.00048125529073828055,0.7004180123045023,1.1141033899274777,0.0,0.0
main,linear,2262-07-01,2262-04-01,0.0005437742612475,0.0012083872472166666,0.0016712261783331,0.0066681653948152,0.0631228997651254,0.001872848835773766,,0.007470376230761411,0.0008427819760981947,0.06611769576596123,0.6808896603892793,0.6774444649183711,0.6633323581602231,1.1106869602247065,1.110126901471814,1.107832805540716,0.0028541546839904175,0.0022940959310979725,0.000560058752892445,0.6808896603892793,1.1106869602247065,0.0,0.0
main,linear,2262-10-01,2262-07-01,0.0008888212922224,0.0019751584271608886,0.001955177904866,0.0077978051774089,0.0672535151207576,0.0022932596039026976,,0.009141532391660268,0.001031966821756214,0.07147288951526448,0.660753635051054,0.658116238411695,0.6393525722774429,1.1051336916911099,1.104714050798588,1.1017285303478368,0.0034051613432730665,0.002985520450751178,0.00041964089252188863,0.660753635051054,1.1051336916911092,0.0,0.0
main,linear,2263-01-01,2262-10-01,0.0009519156175234,0.002115368038940889,0.0014673087915048,0.0058563298272805,0.059736431219481,0.002074701013043523,,0.008273013449127009,0.0009336154558695853,0.06882249704610954,0.6949833131229501,0.6940674678770775,0.6510285077835032,1.1101415414513074,1.1099963979804774,1.1031755472675078,0.0069659941837996175,0.006820850712969673,0.00014514347082994483,0.6949833131228963,1.1101415414520646,0.0,0.0
main,linear,2263-04-01,2263-01-01,0.0007392543648277,0.001642787477394889,0.0018635389858979,0.0074333451528453,0.065986256329194,0.0019478079630061984,,0.007768497662055895,0.0008765135833527893,0.06715373517785975,0.6669978858171004,0.663940701494977,0.6585715614343792,1.1071248338330615,1.1066338272354863,1.1057715033075581,0.001353330525503349,0.0008623239279281769,0.0004910065975751721,0.6669978858171004,1.1071248338330608,0.0,0.0
main,linear,2263-07-01,2263-04-01,0.0010750376191435,0.0023889724869855552,0.0020497971514067,0.0081740130280728,0.0685030172262373,0.002062525600194931,,0.008224613407607717,0.000928136520087719,0.06866677910499959,0.654544254189841,0.652460872253436,0.6517259697143941,1.1029268377374102,1.1025992267116604,1.1024836635638606,0.00044317417354955424,0.00011556314779981314,0.0003276110257497411,0.654544254189841,1.1029268377374095,0.0,0.0
main,linear,2263-10-01,2263-07-01,0.0002997973198848,0.0006662162664106666,0.001167621958201,0.0046623141521897,0.0539334319199371,0.0021951787639409304,,0.008751844486304616,0.0009878304437734187,0.07031626416581953,0.727626050246456,0.7243588166728174,0.6444031738341709,1.120059773043982,1.1195206728822988,1.1063278297597332,0.013731943284248871,0.013192843122565634,0.0005391001616832369,0.727626050246456,1.120059773043982,0.0,0.0
main,linear,2264-01-01,2263-10-01,0.0005113469454079,0.0011363265453508888,0.0011039271632905,0.0044084021018122,0.0525446648984706,0.001312035834416747,,0.005237823740872449,0.0005904161254875362,0.056868615377685526,0.7339125645299082,0.7319753890509825,0.7087381156277697,1.1195444713603362,1.1192289315675152,1.1154438927202612,0.004100578640074959,0.0037850388472540075,0.00031553979282095135,0.7339125645299082,1.119544471360336,0.0,0.0
main,linear,2264-04-01,2264-01-01,0.000455622468259,0.001012494373908889,0.0010480716269049,0.0041857003866366,0.0512740268464468,0.0014269317034631968,,0.005695521626886024,0.0006421192665584385,0.05901677397978162,0.741126938608408,0.7390767730940427,0.6976961579239459,1.1211325848355926,1.1207974980438984,1.1140340940755415,0.0070984907600510905,0.00676340396835684,0.00033508679169425015,0.741126938608408,1.1211325848355918,0.0,0.0
main,linear,2264-07-01,2264-04-01,0.0004433212118862,0.000985158248636,0.0011193143852617,0.0044697459607171,0.0528858607146753,0.0007932459702715278,,0.0031692104422398337,0.0003569606866221875,0.044733354428654955,0.7324441396961938,0.7300902740861798,0.7777902055203006,1.11980353523247,1.119418520995536,0.5081145985444863,0.6116889366879837,0.6113039224510498,0.0003850142369339338,0.7324441396961938,1.1198035352324698,0.06191060470178794,0.0
main,linear,2264-10-01,2264-07-01,0.0003907294293004,0.0008682876206675556,0.0010491713571132,0.0041900854835674,0.051299544826501,0.0015124708879739046,,0.006036171977061966,0.0006806118995882571,0.06052112075776927,0.7413432804008683,0.7389328861538468,0.6901500588451634,1.1216490247386788,1.1212534966248642,1.1132485904997453,0.00840043423893344,0.008004906125118838,0.00039552811381460273,0.7413432804008683,1.1216490247386783,0.0,0.0
main,linear,2265-01-01,2264-10-01,0.0003295129728173,0.0007322510507051111,0.0010496438163507,0.0041919693771311,0.0513105013798889,0.0010301826987415552,,0.00411436750871752,0.00046358221443369984,0.050856018541964296,0.7416196185270992,0.7388711188370508,0.7414413453622924,1.1221483624162927,1.121695671775656,1.1221190006020652,2.9361814227524263e-05,-0.0004233288264090529,0.00045269064063657716,0.7416196185270992,1.1221483624162896,0.0,0.0
main,linear,2265-04-01,2265-01-01,0.0005727963017971,0.0012728806706602221,0.0011362954321005,0.0045374405914712,0.0532581275954124,0.0009953760309144855,,0.0039755634267873985,0.00044791921391151845,0.05002656460565283,0.7297622697547922,0.7280438370992189,0.7461758134836148,1.118420010025739,1.1181411564583024,0.8961673580595481,0.22225265196619104,0.2219737983987543,0.00027885356743673206,0.7297622697547917,1.1184200100257384,0.022491611114116072,0.0
main,linear,2265-07-01,2265-04-01,0.0002996199025736,0.0006658220057191111,0.001151810912537,0.004599289750403,0.0535944255907697,0.0015295270131900907,,0.00610408564300835,0.0006882871559355408,0.0608120968866666,0.7294262744665168,0.7262043544779272,0.6887076603058789,1.120358107817472,1.1198264787729193,1.1136393817105623,0.0067187261069097115,0.006187097062356983,0.0005316290445527283,0.7294262744665168,1.1203581078174716,0.0,0.0
main,linear,2265-10-01,2265-07-01,0.0003843679742649,0.000854151053922,0.0011911987120962,0.0047562878811679,0.0544321631266724,0.001216831267811358,,0.004858448205989907,0.0005475740705151111,0.054965408660906476,0.7245508803988727,0.7216596285699552,0.7187943226178753,1.118939606365503,1.11846498910433,1.1179946310228257,0.0009449753426773455,0.00047035808150419633,0.0004746172611731492,0.7245508803988727,1.1189396063655024,0.0,0.0
main,linear,2266-01-01,2265-10-01,0.0005791426733824,0.0012869837186275555,0.0012446279791936,0.0049692250337423,0.0555334273599171,0.0017259545857086778,,0.006885965384486381,0.000776679563568905,0.06396781938135511,0.7178103144588697,0.7157653917633026,0.673408950166655,1.1164349869841184,1.1161032829912303,1.1092327050312065,0.007202281952911838,0.0068705779600237715,0.00033170399288806607,0.7178103144588694,1.116434986984118,0.0,0.0
main,linear,2266-04-01,2266-01-01,0.0008839030241412,0.001964228942536,0.0012692599121861,0.0050673817010169,0.0560281292376137,0.0020795788150280714,,0.00829240332690806,0.0009358104667626322,0.06888462917296313,0.7137145753167153,0.713146693206043,0.6507505793734868,1.1135955039382472,1.113505119270804,1.1035740932840472,0.010021410654200036,0.00993102598675688,9.038466744315521e-05,0.7137145753167153,1.113595503938247,0.0,0.0
main,linear,2266-07-01,2266-04-01,0.0005604715432944,0.0012454923184320001,0.0014017229715721,0.005595113935268,0.0585584651138215,0.0016487042885273695,,0.006578525717937045,0.0007419169298373163,0.06276778547411574,0.7026471668001415,0.7000252585118629,0.6791535837399426,1.1141065866027446,1.1136808010601609,1.110291339496184,0.003815247106560671,0.0033894615639769032,0.00042578554258376755,0.7026471668001415,1.1141065866027444,0.0,0.0
main,linear,2266-10-01,2266-07-01,0.0005501257006054,0.0012225015569008889,0.001332314828287,0.0053186183929575,0.0572590808943075,0.001723575172945857,,0.006876496895675044,0.0007756088278256357,0.06393160354934674,0.7091735412036219,0.7067071467404615,0.6735810422766154,1.1152398090101538,1.1148390230101628,1.109456072674502,0.005783736335651879,0.00538295033566083,0.000400785999991049,0.7091735412036219,1.1152398090101536,0.0,0.0
main,linear,2267-01-01,2266-10-01,0.0004570318323892,0.0010156262941982221,0.0011345481316215,0.0045304751696108,0.053220026585281,0.0018092747777700424,,0.0072174819395003365,0.0008141736499965191,0.06520748667172106,0.7305826187836152,0.72825280304095,0.667565516945562,1.1193988848259036,1.1190181237807155,1.1091000199323597,0.010298864893543813,0.009918103848355786,0.0003807610451880272,0.7305826187836152,1.1193988848259036,0.0,0.0
main,linear,2267-04-01,2267-01-01,0.0004149101177241,0.0009220224838313333,0.0010939158455482,0.0043684887056442,0.0523206632409116,0.0014579298440366983,,0.005818978410714104,0.0006560684298165143,0.05957081905238829,0.7356426028722353,0.7332179747371433,0.6948994551477109,1.1205357016929296,1.1201384241936838,1.113859900317398,0.006675801375531698,0.006278523876285913,0.00039727749924578504,0.7356426028722353,1.1205357016929296,0.0,0.0
main,linear,2267-07-01,2267-04-01,0.0004702687885996,0.0010450417524435554,0.0010450016095023,0.004173458831319,0.0512026814303694,0.0012119030579924583,,0.004838807095412734,0.0005453563760966063,0.054863598080559926,0.7414385137148054,0.7394793538541932,0.7193397500698124,1.1210749163874298,1.1207549908481895,1.1174662476831598,0.0036086687042700127,0.003288743165029695,0.00031992553924031775,0.7414385137148053,1.1210749163874292,0.0,0.0
main,linear,2267-10-01,2267-07-01,0.0005327804164685,0.0011839564810411111,0.0011135984688182,0.0044469587883371,0.0527595497268576,0.0010271065402776003,,0.004102100807102271,0.00046219794312492014,0.05078357922110395,0.7326418931364306,0.7307870857242884,0.7418525625637272,1.1191804655174453,1.1188787399228604,0.9949602966262231,0.12422016889122223,0.12391844329663726,0.0003017255945849673,0.7326418931364306,1.119180465517445,0.01257184887120738,0.0
main,linear,2268-01-01,2267-10-01,0.0004604920170664,0.001023315593480889,0.0012198276010002,0.0048703897858431,0.0550271450151425,0.001089484547264874,,0.004350821500948787,0.0004902680462691933,0.05222100105101131,0.7210447962754827,0.7184639643445923,0.7337720963074432,1.1178151720479599,1.1173934768085854,0.9433829345477228,0.17443223750023706,0.17401054226086254,0.0004216952393745199,0.7210447962754827,1.1178151720479592,0.01765118157049711,0.0
main,linear,2268-04-01,2268-01-01,0.0004536721643591,0.0010081603652424445,0.0013149536133035,0.0052494489269546,0.0569251073675005,0.0013778040884062648,,0.005499836747570264,0.0006200118397828192,0.05811700438214789,0.7113449070742253,0.7084436129346027,0.702282301555131,1.116278770552488,1.1158045155009488,1.114797367343886,0.0014814032086019058,0.0010071481570628205,0.0004742550515390853,0.7113449070742253,1.1162787705524877,0.0,0.0
main,linear,2268-07-01,2268-04-01,0.0005425048822331,0.0012055664049624444,0.001478514754571,0.0059009559063964,0.0599330942956903,0.0016382391331717372,,0.006536871147743928,0.0007372076099272818,0.06260126469070196,0.6960123919645845,0.6930818584080323,0.6799577159699332,1.113154180642695,1.112677749292814,1.1105440924766912,0.002610088166003832,0.0021336568161227643,0.00047643134988106794,0.6960123919645845,1.1131541806426948,0.0,0.0
main,linear,2268-10-01,2268-07-01,0.0008274515287266,0.001838781174948,0.0014735702483878,0.0058812653320714,0.0598464804808683,0.0018993618432432413,,0.007575829315853322,0.0008547128294594586,0.06648862195519888,0.6950529286021715,0.6935156213663373,0.6616209106387962,1.111017665921987,1.1107721187785908,1.1056777206478623,0.0053399452741247355,0.005094398130728539,0.00024554714339619643,0.6950529286021715,1.1110176659219868,0.0,0.0
main,linear,2269-01-01,2268-10-01,0.0011249124242497,0.0024998053872215555,0.0024264512861614,0.009670536259454,0.0729655258276499,0.0017570533091202378,,0.0070097115067185856,0.0007906739891041071,0.06443693545709589,0.6357665438507771,0.6329337292058529,0.6711869466979564,1.0996569625259303,1.099212916349479,0.5480802421843157,0.5515767203416145,0.5511326741651633,0.00044404617645121824,0.6357665438507771,1.0996569625259296,0.05571288995075935,0.0
main,linear,2269-04-01,2269-01-01,0.0011626585580597,0.002583685684577111,0.0016010469858813,0.0063888242444332,0.0620015327237924,0.0023976785596460104,,0.009556276166379551,0.0010789553518407047,0.07265030875808383,0.6832272175272232,0.682868134980592,0.6342801553551884,1.106838572829,1.1067824218651248,1.0991845535913602,0.007654019237639753,0.007597868273764519,5.615096387523444e-05,0.6832272175272232,1.1068385728289998,0.0,0.0
main,linear,2269-07-01,2269-04-01,0.0005544846577094,0.0012321881282431112,0.0012665721661029,0.0050566715588924,0.0559745365324464,0.0022263326682150364,,0.008875635445175778,0.0010018497006967664,0.07068920428925886,0.7156709325145791,0.7134295248774095,0.6427672114900154,1.1162644311419703,1.1159003029203902,1.104420845957824,0.011843585184146299,0.011479456962566248,0.0003641282215800512,0.7156709325145791,1.11626443114197,0.0,0.0
main,linear,2269-10-01,2269-07-01,0.0005135461395868,0.0011412136435262224,0.0011860220010822,0.0047356547864906,0.0543233434385288,0.001467597670853138,,0.005857480265131998,0.0006604189518839122,0.05974151750359286,0.7244440257539128,0.722246970638576,0.6940419450724362,1.1179862419989308,1.1176284196312831,1.1130348211561367,0.0049514208427940964,0.004593598475146399,0.0003578223676476977,0.7244440182523928,1.1179862407771988,0.0,0.0
main,linear,2270-01-01,2269-10-01,0.0004311925910758,0.0009582057579462222,0.0011215654970285,0.0044787201748572,0.052935466417117,0.0012167217209935188,,0.00485801161630095,0.0005475247744470835,0.0549631492147839,0.7322431363228682,0.7298169615510015,0.7188064188733712,1.1198594687497565,1.1194623328739457,1.117660038348367,0.0021994304013894794,0.0018022945255786738,0.00039713587581080567,0.7322431363228635,1.1198594687497558,0.0,0.0
main,linear,2270-04-01,2270-01-01,0.0005770143156455,0.0012822540347677779,0.0012479100793039,0.0049823044107738,0.0555998077646274,0.001481577754020691,,0.0059131535841003835,0.0006667099893093109,0.05998662203182537,0.7174793984114202,0.7154129768163761,0.6928140335036578,1.1163965800924776,1.1160613448129348,1.1123951214744974,0.00400145861798018,0.0036662233384374687,0.0003352352795427116,0.7174793984114199,1.116396580092477,0.0,0.0
main,linear,2270-07-01,2270-04-01,0.000527968333833,0.001173262964073333,0.0013871718727909,0.0055371526896715,0.0582906782705515,0.0018920350121334195,,0.007546688349197028,0.0008514157554600388,0.06638661512108497,0.7041328882608273,0.7013927694733845,0.6620907906888674,1.1145767265496982,1.1141308535529146,1.107735623119668,0.006841103430030193,0.006395230433246635,0.0004458729967835584,0.7041328882608273,1.114576726549698,0.0,0.0
main,linear,2270-10-01,2270-07-01,0.0005483519610707,0.0012185599134904444,0.0012575118826468,0.0050205674654728,0.0557931820940054,0.0016837302828207612,,0.006717930530403371,0.0007576786272693426,0.06331816819477033,0.7166324973735035,0.7143881570537176,0.6765079599653577,1.116464591205731,1.116099848916163,1.1099436926089106,0.006520898596820368,0.006156156307252525,0.00036474228956784316,0.7166324973735035,1.1164645912057307,0.0,0.0
main,linear,2271-01-01,2270-10-01,0.0005176436167519,0.0011503191483375555,0.0013675193203335,0.005458866852929,0.0579251643854242,0.0014052323531359434,,0.00560909244037211,0.0006323545589111745,0.05862269135304539,0.7060012376958004,0.7032672999334034,0.6996980072213709,1.1149536375917728,1.1145084881020024,1.1139273231422686,0.0010263144495041843,0.0005811649597338153,0.00044514948977036894,0.7060012376957441,1.1149536375917628,0.0,0.0
main,linear,2271-04-01,2271-01-01,0.0007927438555929,0.0017616530124286666,0.0015404437966103,0.0061475519999574,0.0609968274730673,0.0016086441464722157,,0.006419066814237984,0.0007238898659124971,0.06212505787821506,0.6897047630841542,0.6877947796580678,0.6822668457517278,1.1104028080670567,1.1100970721277272,1.1092122015878458,0.0011906064792108761,0.0008848705398813994,0.00030573593932947674,0.6897047630841542,1.1104028080670567,0.0,0.0
main,linear,2271-07-01,2271-04-01,0.0005880519059383,0.0013067820131962221,0.0013779861416324,0.0055005619544177,0.0581203891636397,0.002174823312088847,,0.008670955233759159,0.0009786704904399812,0.07006971076354905,0.7046797049534093,0.7022649449594445,0.6454886589451618,1.1142423079964339,1.113850828359616,1.1046462863412445,0.009596021655189357,0.009204542018371509,0.0003914796368178486,0.7046797049534093,1.114242307996434,0.0,0.0
main,linear,2271-10-01,2271-07-01,0.0004972387375043,0.0011049749722317778,0.0016077058987385,0.0064153319005997,0.0621098311445269,0.0014176921686157584,,0.005658720961314367,0.0006379614758770914,0.058849611459979884,0.6858377920193551,0.6823409098455466,0.6985440183193309,1.1118104978808871,1.1112404095284598,0.9286163141438886,0.18319418373699858,0.18262409538457125,0.0005700883524273337,0.6858377920193546,1.1118104978808865,0.01852656494761562,0.0
main,linear,2272-01-01,2271-10-01,0.0009652889856661,0.0021450866348135555,0.0021913349537978,0.008736570189568,0.0702698823460882,0.0019640163518488407,,0.007832951534808452,0.0008838073583319784,0.06737269759199654,0.6475208885025204,0.644607136609436,0.6575731044198371,1.1025330614518214,1.1020716772598766,0.9488832963697543,0.15364976508206707,0.15318838089012232,0.000461384191944747,0.6475208885025204,1.1025330614518212,0.015524150442311091,0.0
main,linear,2272-04-01,2272-01-01,0.0007661409522751,0.0017025354495002222,0.00179896002753,0.0071764458441518,0.0650569592220109,0.0022362086456269026,,0.008914875512660791,0.0010062938905321063,0.07080633302595962,0.6710368902988832,0.6682702255944473,0.6422548810349811,1.1075931091487594,1.1071495060297267,1.102978242352282,0.004614866796477379,0.004171263677444692,0.00044360311903268723,0.6710368902988832,1.1075931091487592,0.0,0.0
main,linear,2272-07-01,2272-04-01,0.0008229921898704,0.0018288715330453333,0.0012967777774871,0.0051770300343108,0.0565714738980637,0.0021561679895967245,,0.008596817670997847,0.0009702755953185261,0.06984171373745325,0.7112655391302735,0.7102909199828019,0.6464952627104165,1.113638950737604,1.1134832357602933,1.1032905986153612,0.010348352122242943,0.010192637144932126,0.00015571497731081685,0.7112655391302731,1.1136389507376037,0.0,0.0
main,linear,2272-10-01,2272-07-01,0.0007586486946994,0.0016858859882208888,0.0012333996067203,0.0049244782823861,0.0553052411446554,0.001973685808479786,,0.007871401358185537,0.0008881586138159037,0.0675024915119005,0.718061219258016,0.7169793263504524,0.6569825001464884,1.1151867227683032,1.115013172526253,1.1053888708628452,0.00979785190545801,0.009624301663407886,0.00017355024205012448,0.718061219258016,1.1151867227683028,0.0,0.0
main,linear,2273-01-01,2272-10-01,0.0006557327002514,0.0014571837783364443,0.0012460417381785,0.0049748589687412,0.0555620382323999,0.001703284215182066,,0.0067957495557220415,0.0007664778968319297,0.0636208691398629,0.7172686670742459,0.7156134572238758,0.6750608177775682,1.1157977708698101,1.1155305493671943,1.1089836228578793,0.0068141480119308095,0.0065469265093149875,0.000267221502615822,0.7172686670742459,1.11579777086981,0.0,0.0
main,linear,2273-04-01,2273-01-01,0.0005001139640087,0.0011113643644637776,0.0011482693012635,0.0045851721250614,0.0535179803043248,0.0013118907809257507,,0.0052372458075719,0.0005903508514165879,0.05686580420463264,0.7287668515411816,0.7266217280088286,0.708752777073871,1.1187881662692944,1.1184385135781896,1.1155258949399645,0.003262271329329991,0.0029126186382251174,0.0003496526911048736,0.7287668515411816,1.1187881662692942,0.0,0.0
main,linear,2273-07-01,2273-04-01,0.0004317643871905,0.0009594764159788888,0.0012055944444106,0.0048136640368673,0.0547327774440765,0.0014528530882671475,,0.005798759922661767,0.0006537838897202165,0.05948078596152775,0.7227285064328266,0.7200417166903469,0.6953525284817001,1.1182979047738641,1.1178581246983936,1.113816940201513,0.004480964572351143,0.004041184496880623,0.00043978007547051945,0.7227285064328266,1.1182979047738637,0.0,0.0
main,linear,2273-10-01,2273-07-01,0.0003748955532303,0.0008331012294006666,0.0012305767787029,0.0049132286512132,0.0552476070409238,0.001306284568272531,,0.005214908910006755,0.0005878280557226389,0.05675695424703195,0.7203443078120482,0.7172865442149606,0.7093208953976551,1.1183173049344892,1.1178150640699316,1.116506697931827,0.0018106070026622234,0.0013083661381045886,0.0005022408645576348,0.7203443078120478,1.1183173049344886,0.0,0.0
main,linear,2274-01-01,2273-10-01,0.0005385081778726,0.001196684839716889,0.0012889268682406,0.0051457480407164,0.0564174422447789,0.001396056031808257,,0.005572541172269796,0.0006282252143137157,0.05845446026126504,0.7134909254015092,0.711098340743285,0.7005557964493324,1.1160242684857875,1.1156351985272528,1.1139208235490476,0.002103444936739862,0.0017143749782051465,0.0003890699585347157,0.7134909254015092,1.1160242684857875,0.0,0.0
main,linear,2274-04-01,2274-01-01,0.0006134786900347,0.001363285977854889,0.0013711858959793,0.0054734729879594,0.0579936971370359,0.0016302088042721152,,0.006504907055198683,0.0007335939619224519,0.06247282805621469,0.7051829179378455,0.7029151257319618,0.6805791134148715,1.1141445832862444,1.1137775066175728,1.110162083224071,0.0039825000621733775,0.0036154233935017377,0.0003670766686716398,0.7051829179378455,1.1141445832862438,0.0,0.0
main,linear,2274-07-01,2274-04-01,0.000731801181701,0.0016262248482244444,0.0016876287195112,0.0067334455518428,0.0633787748771829,0.0015224919188767672,,0.0060760738967090555,0.0006851213634945452,0.060692429154388064,0.678837880950143,0.6762177670320071,0.6893001946606203,1.109077020364997,1.1086560152513645,0.9566372504373132,0.1524397699276837,0.1520187648140513,0.0004210051136324111,0.678837880950143,1.1090770203649964,0.015412087529567742,0.0
main,linear,2274-10-01,2274-07-01,0.0008176467558326,0.001816992790739111,0.0014421675694137,0.0057562031874932,0.059290385770598,0.0018421690911054611,,0.00734833983738814,0.0008289760909974575,0.06568216822948153,0.6977975821551642,0.6963124519733751,0.6653519237556529,1.1115244745092976,1.1112871157575082,1.1063388947714918,0.005185579737805757,0.004948220986016327,0.00023735875178942933,0.6977975821551642,1.1115244745092976,0.0,0.0
main,linear,2275-01-01,2274-10-01,0.0007421357520312,0.0016491905600693334,0.0012767093341745,0.0050970657377746,0.0561761781600462,0.0014610153157263994,,0.005831266338365504,0.0006574568920768798,0.059625404379972796,0.713682572584295,0.7123664466953583,0.6946250386829611,1.1146021786669975,1.1143908369584192,1.1115419457441107,0.0030602329228868186,0.0028488912143085354,0.00021134170857828316,0.713682572584295,1.114602178666997,0.0,0.0
main,linear,2275-04-01,2275-01-01,0.0007167380572668,0.0015927512383706666,0.0011399758101888,0.0045521118957785,0.0533382286889468,0.002028453629463911,,0.008089160141461216,0.00091280413325876,0.06822615991054391,0.7285710727131608,0.727604910712864,0.6537065970963787,1.1171779940634388,1.11702260369814,1.1051373443479382,0.012040649715500562,0.011885259350201904,0.00015539036529865768,0.7285710727131608,1.1171779940634388,0.0,0.0
main,linear,2275-07-01,2275-04-01,0.0006546080133016,0.0014546844740035557,0.0012416954203567,0.0049575384917697,0.0554739945932713,0.0014921430265530944,,0.0059552264453559545,0.0006714643619488925,0.0601705133312864,0.7177277132768479,0.7160812026576328,0.6918953917890512,1.115879952705714,1.115614117112139,1.111709223142245,0.004170729563468978,0.003904893969894019,0.000265835593574959,0.7177277132768479,1.1158799527057135,0.0,0.0
main,linear,2275-10-01,2275-07-01,0.0006240493742483,0.0013867763872184443,0.0013449595431946,0.0053689944041454,0.0575000221182296,0.0014087222516536713,,0.005622993194810744,0.0006339250132441521,0.05868642424424295,0.7075935230030885,0.7054592772267728,0.6993735428445702,1.1144599789119967,1.1141147443689874,1.113130318980108,0.0013296599318886049,0.0009844253888793286,0.00034523454300927625,0.7075935230030885,1.1144599789119964,0.0,0.0
main,linear,2276-01-01,2275-10-01,0.0006083416828838,0.0013518704064084445,0.0012819426423943,0.0051179187321062,0.0562797562042934,0.0015903270104900002,,0.0063461492842002976,0.0007156471547205001,0.06182632872906447,0.7138365099422646,0.7118215196920573,0.683722641763476,1.1155819686326787,1.1152557082962418,1.1107060339911023,0.004875934641576318,0.004549674305139417,0.000326260336436901,0.7138365099422646,1.1155819686326789,0.0,0.0
main,linear,2276-04-01,2276-01-01,0.0007490246885548,0.0016644993078995555,0.001244264581474,0.0049677768628603,0.0555260688019642,0.0019434005953371525,,0.007750970891227782,0.0008745302679017186,0.06709389019711821,0.7169738789212363,0.7158044848739674,0.658844918952254,1.1150813002951587,1.1148936011453376,1.1057510352817375,0.009330265013421268,0.009142565863600183,0.0001876991498210856,0.7169738789212363,1.1150813002951585,0.0,0.0
main,linear,2276-07-01,2276-04-01,0.0005798435761253,0.0012885412802784446,0.0011123629855863,0.0044420333378798,0.0527321807527378,0.0015127431834116578,,0.0060372562237733796,0.000680734432535246,0.06052578888576514,0.7325361986690225,0.7309382308579749,0.690126876831163,1.118818517285621,1.118559324407066,1.1119396589452157,0.006878858340405358,0.0066196654618502215,0.00025919287855513673,0.7325361986690225,1.1188185172856209,0.0,0.0
main,linear,2276-10-01,2276-07-01,0.0005215574029842,0.001159016451076,0.0011088504138482,0.004428029811984,0.0526542377819353,0.0015297855716198683,,0.0061051151379173385,0.0006884035072289408,0.0608164856744157,0.7332679403776325,0.7313690043081055,0.6886859430724883,1.1193646007566929,1.1190554835386606,1.1121073459167719,0.007257254839921012,0.006948137621888728,0.0003091172180322843,0.7332679403776325,1.1193646007566926,0.0,0.0
main,linear,2277-01-01,2276-10-01,0.0003315641754422,0.0007368092787604445,0.001051867855141,0.0042008375186879,0.0513620269343784,0.0013010510010644794,,0.005194056408479919,0.0005854729504790158,0.05665498595635295,0.7413250541893612,0.7385807831851877,0.7098538665849875,1.1220846408005434,1.1216327022913688,1.1169018284666907,0.005182812333852649,0.004730873824678072,0.00045193850917457645,0.7413250541893612,1.122084640800543,0.0,0.0
main,linear,2277-04-01,2277-01-01,0.0003067765342681,0.0006817256317068889,0.0010757876624319,0.0042962117139391,0.0519109382785392,0.0010950842406600714,,0.004373146957179053,0.0004927879082970322,0.05234688845211837,0.7384558085116387,0.7355010788135001,0.7330722998725006,1.1217951666935018,1.1213078365215794,1.1209072525833519,0.0008879141101498789,0.0004005839382275056,0.00048733017192237327,0.7384558085116387,1.1217951666935018,0.0,0.0
main,linear,2277-07-01,2277-04-01,0.0004759674428221,0.0010577054284935555,0.0010649135600655,0.0042528548242557,0.0516625830845844,0.0010911229765042663,,0.004357353804643527,0.0004910053394269198,0.052257887021728885,0.7388877634449962,0.7368914980236133,0.7335669212143919,1.1206162790657648,1.1202904080484504,1.119747703047725,0.0008685760180398017,0.0005427050007253964,0.00032587101731440526,0.7388877634449962,1.1206162790657646,0.0,0.0
main,linear,2277-10-01,2277-07-01,0.0003620354231687,0.000804523162597111,0.0010410426548519,0.0041576725123803,0.0511104394440039,0.00133301701862365,,0.005321415939840479,0.0005998576583806425,0.05727251146465411,0.7425422313961315,0.7400004594635581,0.7066374795923737,1.1220588289649087,1.1216410133950083,1.1161568185820079,0.005902010382900835,0.0054841948130004425,0.0004178155699003927,0.7425422208087122,1.1220588272245524,0.0,0.0
main,linear,2278-01-01,2277-10-01,0.0004749318333182,0.0010554040740404444,0.0011317304369595,0.0045192426616499,0.0531584867866231,0.0012015971587970853,,0.004797732558347145,0.0005407187214586884,0.05464959839524023,0.7308156113404213,0.7285905353275907,0.7204887155653453,1.1193061467240761,1.1189429015482204,1.1176202739492926,0.0016858727747834923,0.0013226275989277614,0.0003632451758557309,0.7308156113404213,1.1193061467240757,0.0,0.0
main,linear,2278-04-01,2278-01-01,0.0008192716221651,0.0018206036048113335,0.0012444844055739,0.0049686528808209,0.0555305203023,0.0010677715763449669,,0.004264250356864285,0.0004804972093552351,0.051728047546363815,0.7165900955306529,0.7157808332234027,0.7365245197850648,1.1145163167492211,1.1143869907380353,0.8395176346157674,0.2749986821334537,0.2748693561222678,0.00012932601118587073,0.7165900955306529,1.1145163167492211,0.02781843483272367,0.0
main,linear,2278-07-01,2278-04-01,0.0003872167892758,0.0008604817539462223,0.0014212029066392,0.0056727041985495,0.0589132387193022,0.0013038761680945754,,0.005205312977960896,0.000586744275642559,0.056710072679659676,0.7017521380209427,0.6982210747895663,0.7095658473334965,1.1151770570899995,1.1145975113367996,1.0051138584248487,0.1100631986651508,0.10948365291195095,0.0005795457531998505,0.7017521380209427,1.115177057089999,0.011134564583533624,0.0
main,linear,2278-10-01,2278-07-01,0.0007173421156568,0.0015940935903484446,0.0012413211984157,0.0049560471722827,0.0554664021231858,0.0016636145301163197,,0.006637870849943495,0.0007486265385523438,0.06300337586829495,0.717443771864812,0.7161215654791175,0.6780188522280092,1.1153840273415454,1.1151713814120088,1.109043452395181,0.006340574946364308,0.006127929016827682,0.00021264592953662564,0.717443771864812,1.1153840273415447,0.0,0.0
main,linear,2279-01-01,2278-10-01,0.0006275783095592,0.0013946184656871113,0.0013195945615198,0.0052679394556038,0.0570147457098261,0.0018283851677551866,,0.007293507155025414,0.0008227733254898339,0.06548424384944779,0.7100138358117922,0.7079767717529294,0.6662733187456366,1.114826431587957,1.1144969889982528,1.107752530718439,0.0070739008695179795,0.0067444582798137365,0.000329442589704243,0.7100138358117922,1.1148264315879564,0.0,0.0
main,linear,2279-04-01,2279-01-01,0.0006041569681595,0.0013425710403544443,0.0014741119668096,0.0058834226389897,0.0598559822795292,0.0019142121309414506,,0.00763489131813222,0.0008613954589236528,0.0666942199487523,0.6960873040770365,0.6934680130677567,0.6606756477523623,1.1127372071328872,1.1123129908724765,1.107001990859568,0.005735216273319077,0.005311000012908407,0.0004242162604106703,0.6960873040770365,1.1127372071328865,0.0,0.0
main,linear,2279-07-01,2279-04-01,0.0006349355558896,0.0014109679019768887,0.0011227793164098,0.0044835591253422,0.0529621816327096,0.001759954378940165,,0.0070212546750790805,0.0007919794705230743,0.06448030174208393,0.7310095538816711,0.7296698452059855,0.6709822065088142,1.1181681654775761,1.1179516007067876,1.1084647060906638,0.009703459386912305,0.009486894616123731,0.00021656477078857428,0.7310095538816711,1.1181681654775757,0.0,0.0
main,linear,2279-10-01,2279-07-01,0.0004135531102422,0.0009190069116493334,0.0010307428024635,0.0041166010047476,0.0508691904240869,0.0012497021816670895,,0.004989445997889308,0.0005623659817501903,0.05563599239700815,0.7435898158903752,0.7413666206421431,0.7152209996198027,1.1218479502585241,1.1214836475499166,1.1171993092470938,0.0046486410114303656,0.004284338302822821,0.00036430270860754455,0.7435898158903732,1.1218479502585237,0.0,0.0
