split,model,date,feature_date,c_q_realised,pd_q_realised,pd_q_true,pd_a_true,k_irb_true,pd_q_hat,pd_q_hat_std,pd_a_hat,c_q_hat,k_irb_hat,alpha_oracle,alpha_bayes,alpha_hat,utility_oracle,utility_bayes_realised,utility,regret,regret_vs_bayes,regret_irreducible,alpha_oracle_panel,utility_oracle_panel,shortfall_realised_at_hat,shortfall_predicted_at_hat
main,linear,2205-01-01,2204-10-01,0.0022988657694169,0.005108590598704222,0.0054998868566241,0.0218187194378253,0.0941381292973028,0.004158038180321455,,0.016528704291282947,0.0018711171811446549,0.0869777686964813,0.5566781969641806,0.5518080221855334,0.5774208558719027,1.0807246525741656,1.08001842199225,0.7111178296171616,0.369606822957004,0.3689005923750883,0.0007062305819156567,0.5566781969641806,1.0807246525741656,0.03726147437682048,0.0
main,linear,2205-04-01,2205-01-01,0.0027625547170926,0.006139010482428,0.0053076528880667,0.0210621817749326,0.0932215006385863,0.0037820208817720413,,0.015042477618087191,0.0017019093967974186,0.08454758009151328,0.5580853624730058,0.5549967168173963,0.5864992201494955,1.0783409273890636,1.077907360445174,0.5731986341801927,0.5051422932088709,0.5047087262649814,0.00043356694388951844,0.5580853624730058,1.0783409273890632,0.05091308729329713,0.0
main,linear,2205-07-01,2205-04-01,0.0007823303516259,0.001738511892502,0.0025493564515603,0.0101584967293957,0.0742698862379735,0.004875086713582277,,0.019358210921111896,0.0021937890211120247,0.09104256732531371,0.6319026811838989,0.6274129432203659,0.5626808662804617,1.1012160839712555,1.1004969325761786,1.0901283623354139,0.011087721635841596,0.010368570240764763,0.0007191513950768336,0.6319026811838989,1.101216083971255,0.0,0.0
main,linear,2205-10-01,2205-07-01,0.001312171880236,0.0029159375116355555,0.0028665119553532,0.0114168406244173,0.0773533346150797,0.0022831670939922333,,0.00910143884416903,0.001027425192296505,0.07135620468232465,0.617796848544439,0.6146741820313054,0.6398590183438723,1.0956833140318814,1.0951996808095736,0.7419898559872705,0.35369345804461083,0.3532098248223031,0.0004836332223077111,0.6177968485444387,1.0956833140318811,0.03571104089826377,0.0
main,linear,2206-01-01,2205-10-01,0.0017652311443262,0.003922735876280444,0.004022020452792,0.0159912819095927,0.0861263535000501,0.002267017960548401,,0.009037282197360108,0.0010201580822467805,0.07116840370570929,0.5844822779004737,0.5805780047341031,0.6406755692808229,1.0878755594847132,1.0872885610386551,0.13490425183675558,0.9529713076479576,0.9523843092018995,0.0005869984460580291,0.5844822779004737,1.087875559484713,0.09614198391193884,0.0
main,linear,2206-04-01,2206-01-01,0.0013420153435404,0.0029822563189786664,0.003305688688627,0.0131573336615394,0.0810713410314441,0.002659826073795557,,0.010596931466291482,0.0011969217332080007,0.07538758224501085,0.6038160277604432,0.5998584559650374,0.6227457112695863,1.093337788924453,1.0927260280835505,0.7827631953484937,0.3105745935759594,0.30996283273505676,0.000611760840902642,0.6038160277604432,1.0933377889244529,0.03135007411483193,0.0
main,linear,2206-07-01,2206-04-01,0.0018437511893173,0.004097224865149555,0.0023739841110224,0.0094621751261754,0.0723877949607078,0.004207578953355551,,0.016724391135317762,0.0018934105290099978,0.08728069871717666,0.6351967049266584,0.6354051591041514,0.5763035273878703,1.0950015996260891,1.0917511136045972,1.0861933894608709,0.008808210165218266,0.00555772414372635,0.0032504860214919162,0.6351967049266584,1.0950015996260885,0.0,0.0
main,linear,2206-10-01,2206-07-01,0.0012370302491872,0.002748956109304889,0.0023770017574447,0.0094741598952711,0.0724213767831976,0.0034185978583991528,,0.013604430239142928,0.0015383690362796188,0.08194177467930824,0.6375176298124254,0.6352610547839064,0.5964703934430517,1.0992166758838064,1.098865485794713,1.0928285069040962,0.006388168979710285,0.00603697889061694,0.00035119008909334504,0.6375176298124254,1.099216675883806,0.0,0.0
main,linear,2207-01-01,2206-10-01,0.0005564739642237,0.001236608809386,0.0015594678296733,0.0062232948434364,0.0613159754715528,0.0032823386136442423,,0.013064853310195801,0.0014770523761399091,0.08088734989624809,0.6893107488619042,0.6862228329949326,0.6005784157442273,1.111968370958788,1.111466784540973,1.0975551113266664,0.014413259632121589,0.01391167321430653,0.0005015864178150586,0.6893107488619042,1.111968370958787,0.0,0.0
main,linear,2207-04-01,2207-01-01,0.0008997958996382,0.0019995464436404443,0.0014619055087695,0.0058348115215604,0.0596411341423456,0.0017259872984141111,,0.006886095558942706,0.0007766942842863501,0.06396831696182086,0.6956960671672425,0.6945459920078748,0.6734065866257711,1.1106170945977816,1.1104342303001342,1.1070730216987772,0.00354407289900438,0.003361208601357024,0.000182864297647356,0.6956960671672425,1.1106170945977811,0.0,0.0
main,linear,2207-07-01,2207-04-01,0.0007242357811311,0.0016094128469579998,0.0016602560801762,0.0066245039172496,0.0629504794984663,0.0017899471567943692,,0.007140588091292033,0.0008054762205574661,0.06492476369098513,0.680852379682837,0.6782733301915442,0.6688902011163887,1.1094522232363708,1.1090376213210624,1.1075292116145887,0.0019230116217821003,0.0015084097064737012,0.00041460191530839907,0.680852379682837,1.1094522232363706,0.0,0.0
main,linear,2207-10-01,2207-07-01,0.0007730477800139,0.0017178839555864443,0.0018823275489894,0.0075080779189218,0.0662508799480654,0.0017780149355530739,,0.00709311419317038,0.0008001067209988833,0.06474878303808454,0.6656729137410989,0.6627169477551692,0.6697171111835443,1.1066870798266752,1.1062133285704707,1.0465817505489772,0.06010532927769807,0.05963157802149355,0.0004737512562045243,0.6656729137410989,1.1066870798266746,0.0060753490869480675,0.0
main,linear,2208-01-01,2207-10-01,0.0005938073357647,0.0013195718572548889,0.0015180813570924,0.0060585119911237,0.0606171545607385,0.0017086162697523832,,0.006816968805472556,0.0007688773213885725,0.06370285438742465,0.6924681988513232,0.6896733935158037,0.6746698151695428,1.1122227304444054,1.111769798907141,1.1093382900938162,0.0028844403505892124,0.0024315088133246565,0.00045293153726455593,0.6924681988513232,1.1122227304444052,0.0,0.0
main,linear,2208-04-01,2208-01-01,0.0009019021073775,0.002004226905283333,0.001323198817957,0.0052822994050093,0.0570841780941205,0.0017979016993194818,,0.007172235330219823,0.0008090557646937669,0.06504146862174909,0.7082851191480358,0.7076155569552576,0.6683428176644848,1.1126038616010328,1.1124974139481727,1.1062537954106113,0.006350066190421444,0.006243618537561391,0.00010644765286005331,0.7082851191480358,1.1126038616010323,0.0,0.0
main,linear,2208-07-01,2208-04-01,0.0007447863935197,0.0016550808744882222,0.0013988335921039,0.0055836049006653,0.0585054818268063,0.0017192420782521367,,0.0068592538712271,0.0007736589352134616,0.06386553241452579,0.7019993776115048,0.7002954414367978,0.6738951991838402,1.1127074995916892,1.112433928999122,1.1081953137127813,0.004512185878907893,0.00423861528634073,0.00027357059256716276,0.7019993776115048,1.1127074995916892,0.0,0.0
main,linear,2208-10-01,2208-07-01,0.0009930258548254,0.002206724121834222,0.0021033754728754,0.0083869939645662,0.0691856941687878,0.001758819678798318,,0.007016739788908155,0.0007914688554592431,0.06446334777577874,0.6519809156868609,0.6494067777270782,0.671062237738042,1.1030584547740947,1.1026515614523305,0.8134079263730339,0.28965052840106076,0.2892436350792965,0.00040689332176424564,0.6519809156868609,1.1030584547740945,0.029266670804424855,0.0
main,linear,2209-01-01,2208-10-01,0.0014812840859671,0.0032917424132602223,0.0029877994341098,0.0118977426716886,0.078438029079621,0.0022647574078291655,,0.009028301313216303,0.0010191408335231244,0.07114200730844145,0.6130481861372046,0.610292503116518,0.6407904839084855,1.09391111005049,1.0934889747970595,0.645630512014399,0.4482805980360909,0.4478584627826605,0.00042213525343037794,0.6130481861372045,1.0939111100504897,0.04525303618196985,0.0
main,linear,2209-04-01,2209-01-01,0.0008538508065666,0.0018974462368146667,0.0027579721919871,0.0109863341594962,0.0763404431077866,0.0034783680457621813,,0.013841046110806943,0.0015652656205929817,0.08239014828022063,0.6234635647318503,0.6188117598834456,0.594736566038931,1.099418430198839,1.0986766464575248,1.0948375801284704,0.0045808500703685695,0.003839066329054397,0.0007417837413141726,0.6234635647318503,1.0994184301988388,0.0,0.0
main,linear,2209-07-01,2209-04-01,0.0010796708961992,0.0023992686582204443,0.0027137670350708,0.0108109608394147,0.0759157715413142,0.0026377171743661165,,0.010509196745921767,0.0011869727284647524,0.0751678305030409,0.6242374717942246,0.6205600051529307,0.6236587993663217,1.0981321849552979,1.0975540750966035,1.0980412157451984,9.096921009943415e-05,-0.00048714064859489703,0.0005781098586943312,0.6242374768976681,1.098132185757576,0.0,0.0
main,linear,2209-10-01,2209-07-01,0.0015640509439358,0.0034756687643017776,0.0034178599022721,0.0136015085813179,0.0819361863842978,0.0021089690271764994,,0.008409227107448958,0.0009490360622294247,0.06925597192638258,0.5998791695466508,0.5964920519791713,0.6490937839893883,1.0913972846700688,1.090881225163018,0.2784868143234802,0.8129104703465886,0.8123944108395378,0.0005160595070508034,0.5998791695466508,1.091397284670068,0.08204087839312224,0.0
main,linear,2210-01-01,2209-10-01,0.0012942517940065,0.002876115097792222,0.0033091843493397,0.0131711780226476,0.0810987655844262,0.0029400018975138664,,0.011708247497331903,0.00132300085388124,0.07801627108014733,0.6038901970792929,0.5997512593564862,0.6119902536122551,1.093637693399793,1.0929959201380914,0.9607623975857775,0.13287529581401558,0.1322335225523139,0.0006417732617016725,0.6038901970792929,1.0936376933997929,0.013413127018455984,0.0
main,linear,2210-04-01,2210-01-01,0.0014701808728417,0.0032670686063148886,0.0031050263716764,0.0123623780057218,0.0794426144983024,0.0030794176273047924,,0.012260890347920439,0.0013857379322871567,0.07922666456625821,0.6093370097815821,0.6062786344096368,0.6071379414725703,1.0934102614743515,1.0929414180616024,1.0930731482800973,0.0003371131942542238,-0.00013173021849488542,0.00046884341274910923,0.6093370097815821,1.093410261474351,0.0,0.0
main,linear,2210-07-01,2210-04-01,0.0023622223791649,0.005249383064810889,0.0042917421640195,0.0170567702112698,0.0877869916345573,0.0028236962389200926,,0.011247035385671511,0.0012706633075140418,0.07695871669855613,0.5768702240972011,0.5744430285293515,0.6162808171050121,1.083287240115967,1.082936807017458,0.4057977282046532,0.6774895119113138,0.6771390788128049,0.0003504330985089066,0.5768702240972011,1.083287240115967,0.0683179525688834,0.0
main,linear,2210-10-01,2210-07-01,0.0016740772991967,0.0037201717759926664,0.0056972626351369,0.0225950363830406,0.0950506034178732,0.003917864989489317,,0.01557960227756705,0.0017630392452701927,0.08545374556355102,0.5557881139584048,0.5486592884042784,0.5830898750080338,1.0840680804976008,1.0829897798548085,0.5969717647522588,0.48709631574534207,0.4860180151025497,0.0010783006427923514,0.5557881139584048,1.0840680804976008,0.04912259590176671,0.0
main,linear,2211-01-01,2210-10-01,0.0024404731958263,0.005423273768502888,0.0063083870768613,0.0249957764265924,0.097719843581084,0.004708806052803993,,0.01870260422360781,0.002118962723761797,0.09015573153397471,0.5453742685460586,0.5395934346249394,0.5658510316143142,1.0783131642749375,1.077483063878529,0.7057910900221387,0.3725220742527988,0.3716919738563904,0.0008301003964084064,0.5453742685460586,1.078313164274937,0.03754624405342122,0.0
main,linear,2211-04-01,2211-01-01,0.003225183799456,0.007167075109902222,0.0075822408822911,0.0299857615867795,0.1027366351278734,0.005294321104884148,,0.021009698213903527,0.0023824444971978667,0.09315683633779213,0.5286479074762364,0.5231391617306257,0.5552226404634963,1.071762981787921,1.071015179677999,0.5726779949757679,0.4990849868121532,0.4983371847022311,0.0007478021099220911,0.5286479074762364,1.0717629817879208,0.05026924579709591,0.0
main,linear,2211-07-01,2211-04-01,0.0026264088440535,0.005836464097896667,0.0058855969277106,0.0233353605179467,0.0958967298208951,0.005226450972259045,,0.02074247946283514,0.0023519029375165704,0.09282533318728174,0.5502876523012528,0.5457621230952319,0.556382865380657,1.077995522018836,1.077354092011531,0.9680953729637394,0.1099001490550966,0.10925871904779161,0.0006414300073049883,0.5502876523012528,1.0779955220188355,0.011076405963705516,0.0
main,linear,2211-10-01,2211-07-01,0.0019822041148714,0.004404898033047556,0.0054009448493614,0.0214293875016295,0.0936699630059208,0.004336617421358824,,0.01723395804986183,0.0019514778396114707,0.08805279095698151,0.5591209812076343,0.5534334259626301,0.5734697277456196,1.0828494057462754,1.0820066354192164,0.8283452151728736,0.2545041905734018,0.25366142024634275,0.0008427703270590392,0.5591209812076343,1.082849405746275,0.025663035854747496,0.0
main,linear,2212-01-01,2211-10-01,0.0038902392616581,0.008644976137018,0.0072232831793481,0.0285815825986308,0.1013811162582092,0.0038492921739816666,,0.015308494315559806,0.00173218147829175,0.0850005525121847,0.5305846021730319,0.5275094309402749,0.5847913069360711,1.0684972026550217,1.0681002054065782,0.053854127096459425,1.0146430755585623,1.0142460783101188,0.00039699724844344253,0.5305846021730319,1.0684972026550217,0.10216410314476099,0.0
main,linear,2212-04-01,2212-01-01,0.0036956899143841,0.008212644254186888,0.0073288109399594,0.0289945466209833,0.101783631611058,0.005831567570567131,,0.023123019304479575,0.002624205406755209,0.09565631039104529,0.5299997840305495,0.5262058341916174,0.5465831170499533,1.0694528151524578,1.068955644201071,0.7587327783092026,0.3107200368432552,0.3102228658918684,0.0004971709513867939,0.5299997840305495,1.0694528151524574,0.03128931682246483,0.0
main,linear,2212-07-01,2212-04-01,0.0034799774753281,0.007733283278506889,0.0072029122742694,0.0285018495383573,0.1013030076926659,0.007355770096182823,,0.029100025339895752,0.0033100965432822705,0.10188590748986288,0.5319630273038046,0.5277629721444788,0.5258753844321216,1.0708575950597934,1.070298146766522,1.0700467196580636,0.0008108754017297493,0.0002514271084583797,0.0005594482932713696,0.5319630273038046,1.070857595059793,0.0,0.0
main,linear,2212-10-01,2212-07-01,0.0025677439443705,0.005706097654156667,0.0061713136721794,0.0244576827042996,0.0971394556581066,0.006360402796417475,,0.025199910440040996,0.0028621812583878637,0.09793760482599324,0.5467253342775911,0.5415463249275807,0.5388633383284362,1.0778113494953832,1.0770742596235443,1.0766924101008162,0.0011189393945669757,0.0003818495227281282,0.0007370898718388474,0.5467253342775911,1.0778113494953827,0.0,0.0
main,linear,2213-01-01,2212-10-01,0.0019157401923129,0.004257200427362,0.0035668349700704,0.0141911873617475,0.0830388574728307,0.0050203874707221985,,0.019930829646709447,0.0022591743618249893,0.09179399150090983,0.5946908448511224,0.5922415448581908,0.560014205207029,1.0885153304001705,1.0881507702257525,1.0833539692629681,0.005161361137202336,0.004796800962784342,0.0003645601744179938,0.5946908448511224,1.08851533040017,0.0,0.0
main,linear,2213-04-01,2213-01-01,0.0013249037585384,0.0029442305745297774,0.0026313532117681,0.010483941558946,0.0751042174831137,0.003666630247607827,,0.014586052924759008,0.0016499836114235223,0.08375028449301242,0.6264521060481109,0.6239235292500204,0.5895233856972432,1.0969440663176082,1.096552766624564,1.0912293113025713,0.005714755015036932,0.005323455321992743,0.0003912996930441892,0.6264521060481109,1.0969440663176078,0.0,0.0
main,linear,2213-07-01,2213-04-01,0.0009360200331196,0.0020800445180435556,0.0025885276312612,0.0103139770058237,0.074671904548362,0.0025957340840250254,,0.010342579236608196,0.0011680803378112615,0.07474517310224006,0.6296914854797987,0.6257275604620568,0.6254212032887605,1.0998941311096668,1.0992652948389494,1.0992166943983512,0.0006774367113155932,4.860044059817881e-05,0.0006288362707174144,0.6296914854797987,1.0998941311096662,0.0,0.0
main,linear,2213-10-01,2213-07-01,0.0006297819821637,0.0013995155159193333,0.0019622838995107,0.0078260624581549,0.0673493772688992,0.0022127777338027954,,0.008821775937890797,0.000995749980211258,0.07052758848134004,0.6614668298019092,0.6576793137727698,0.6434752918673746,1.106960628494639,1.1063481788952665,1.1040513575858628,0.0029092709087761293,0.002296821309403674,0.0006124495993724555,0.6614668298019092,1.1069606284946385,0.0,0.0
main,linear,2214-01-01,2213-10-01,0.0011226446145642,0.0024947658101426664,0.002522863641456,0.0100533297100959,0.0739943218837975,0.0023696450516581535,,0.00944494209336788,0.0010663402732461692,0.07233943109123299,0.6316442256406277,0.6285725584154488,0.6356127906321904,1.0990251100252653,1.0985435538381156,1.0368183880180268,0.062206722007238424,0.0617251658200888,0.00048155618714962323,0.6316442256406277,1.099025110025265,0.0062828888044667575,0.0
main,linear,2214-04-01,2214-01-01,0.0012766809464952,0.0028370687699893335,0.0030792329026975,0.0122601582544193,0.0792250998661942,0.002636557212099433,,0.010504593507892346,0.001186450745444745,0.07515624773193484,0.6108668965196976,0.6071441747693039,0.6237069880562137,1.0948268173389957,1.094248927364207,0.8866255607028727,0.208201256636123,0.2076233666613344,0.0005778899747885813,0.610866896519697,1.0948268173389952,0.02101944650120985,0.0
main,linear,2214-07-01,2214-04-01,0.0014914396949192,0.003314310433153778,0.0031165430826889,0.0124080162736459,0.0795391097574149,0.0032162994612008333,,0.012803263329545178,0.001447334757540375,0.08035927593334954,0.6089001090616001,0.6058952795820395,0.6026522102008277,1.0932138403933978,1.092753844260454,1.092257377028496,0.0009564633649017384,0.0004964672319580643,0.00045999613294367414,0.6089001090616001,1.0932138403933975,0.0,0.0
main,linear,2214-10-01,2214-07-01,0.003406433591203,0.0075698524248955555,0.0047141878095398,0.0187238284083199,0.0901849094046014,0.002884377259761095,,0.011487687164599802,0.0012979697668924928,0.0775161445187531,0.565638550460015,0.5657463313765272,0.614013287877989,1.075759174889619,1.0738682386976808,0.2270148993488621,0.8487442755407568,0.8468533393488187,0.0018909361919381418,0.565638550460015,1.0757591748896185,0.08552233781219143,0.0
main,linear,2215-01-01,2214-10-01,0.0025079365029399,0.005573192228755333,0.0048495738259343,0.0192576407690789,0.090908420386992,0.004164952784776688,,0.01655601884293767,0.0018742287531495095,0.08702027369629206,0.5661989683237268,0.5631587967236034,0.5772638953762758,1.0809215160725263,1.0804870128170163,0.8870783059279161,0.19384321014461015,0.19340870688910017,0.00043450325550997704,0.5661989683237268,1.0809215160725256,0.019542461654486365,0.0
main,linear,2215-04-01,2215-01-01,0.0016398591353162,0.003644131411813778,0.0046918734961188,0.0186358245800004,0.0900637153853293,0.0050930604338645935,,0.020217133916083485,0.002291877195239067,0.09216213704662987,0.5717435969993709,0.5661813981670355,0.5587141765463841,1.0866771346899147,1.0858338975117587,1.08470185619539,0.0019752784945246127,0.0011320413163686815,0.0008432371781559311,0.5717435969993709,1.086677134689915,0.0,0.0
main,linear,2215-07-01,2215-04-01,0.001060021079667,0.0023556023992599997,0.0033012979941949,0.0131399443650108,0.0810368505060599,0.002611928153783083,,0.010406850832564984,0.0011753676692023874,0.07490904629431151,0.6049721230521058,0.5999933183611648,0.6247369069971135,1.0952224846422924,1.0944388218334538,0.7716278283922793,0.32359465625001316,0.3228109934411745,0.000783662808838681,0.6049721230521058,1.0952224846422924,0.03267056290766068,0.0
main,linear,2215-10-01,2215-07-01,0.0014748436129196,0.0032774302509324445,0.0027535545915442,0.0109688094418539,0.0762983284259098,0.003725936636328697,,0.014820657632489187,0.0016766714863479138,0.08416334773808863,0.6212215267661558,0.6189847758036356,0.5879537390105318,1.095203170487122,1.094860384904126,1.0901048299870506,0.005098340500071297,0.004755554917075466,0.0003427855829958304,0.6212215267661558,1.095203170487122,0.0,0.0
main,linear,2216-01-01,2215-10-01,0.0016142984787676,0.0035873299528168885,0.0039100812163286,0.0155488313416434,0.0854027263469514,0.002617107005789876,,0.010427404182639766,0.0011776981526054441,0.0749612285171257,0.5874852917418903,0.5832810552447328,0.6245192656127836,1.0892137628850649,1.0885753200793595,0.4644564977234529,0.624757265161612,0.6241188223559067,0.0006384428057053526,0.5874852917418903,1.0892137628850649,0.06303811338950971,0.0
main,linear,2216-04-01,2216-01-01,0.0007359526310381,0.0016354502911957779,0.0019630196290292,0.0078289880824451,0.0673592832692465,0.0031938140746206045,,0.012714183817715718,0.0014372163335792721,0.0801768136912436,0.6609593354056433,0.6576341930277829,0.6033713451582815,1.1061768207291383,1.1056426682824734,1.096925858696969,0.009250962032169241,0.00871680958550436,0.0005341524466648817,0.6609593354056433,1.1061768207291385,0.0,0.0
main,linear,2216-07-01,2216-04-01,0.0007963858397358,0.001769746310524,0.0019483098135348,0.0077704933553971,0.0671605411973913,0.0021763129625469446,,0.00867687503010528,0.0009793408331461252,0.07008783222591572,0.6615641182832721,0.6585404855508761,0.6454087705917962,1.1058741689128087,1.1053902783966925,1.1032887294020157,0.0025854395107929307,0.0021015489946767385,0.00048389051611619216,0.6615641182832721,1.1058741689128084,0.0,0.0
main,linear,2216-10-01,2216-07-01,0.0012605057175055,0.002801123816678889,0.002297683799952,0.0091591075879846,0.071523875725427,0.001955784158781171,,0.0078002159946537475,0.0008801028714515269,0.06726170683927685,0.6410898208971675,0.6391314889513234,0.6580788809652867,1.0996221160639696,1.0993178011832123,0.837259411279159,0.2623627047848106,0.2620583899040533,0.00030431488075732815,0.6410898208971675,1.0996221160639692,0.02650027188027454,0.0
main,linear,2217-01-01,2216-10-01,0.0013885055286124,0.0030855678413608885,0.0024492361516461,0.0097610107937374,0.0732124244297813,0.0027944829780608416,,0.01113116433055339,0.0012575173401273788,0.07668580646778761,0.6337098103665767,0.6318824801270589,0.6173959213882033,1.0976641523892858,1.0973825334904486,1.0951499382913155,0.0025142140979703687,0.0022325951991331028,0.0002816188988372659,0.6337098103665765,1.0976641523892856,0.0,0.0
main,linear,2217-04-01,2217-01-01,0.0010922604486049,0.002427245441344222,0.0025637091935794,0.0102154685031327,0.0744179333522983,0.002727383514866233,,0.010864983430996289,0.001227322581689805,0.07604735632053747,0.6300792436780029,0.6267914044589609,0.6200174447542548,1.0989712065643407,1.0984547613429445,1.0973907253952133,0.0015804811691273457,0.00106403594773119,0.0005164452213961557,0.6300792436780029,1.0989712065643402,0.0,0.0
main,linear,2217-07-01,2217-04-01,0.0014200591837085,0.003155687074907778,0.0033268972083222,0.0132413265322285,0.0812372520532442,0.0032265486661344767,,0.012843865219827832,0.0014519468997605145,0.08044199144541549,0.6029278894267663,0.5992103884287063,0.6023266444626479,1.0927299525587522,1.0921582031054051,1.0926374814391098,9.247111964238997e-05,-0.0004792783337046469,0.0005717494533470369,0.6029278894267663,1.092729952558752,0.0,0.0
main,linear,2217-10-01,2217-07-01,0.0013445942497337,0.0029879872216304446,0.0047624974584588,0.0189143331072364,0.0904453746213189,0.0035131103359162807,,0.013978562960395013,0.0015808996511623263,0.08264699123766121,0.5714613265228305,0.5648128980566406,0.59374681661245,1.0883216667199576,1.0872941251244912,0.7017922840068231,0.3865293827131344,0.38550184111766805,0.0010275415954663636,0.5714613265228305,1.0883216667199571,0.038997369562992046,0.0
main,linear,2218-01-01,2217-10-01,0.0023561924043919,0.005235983120870889,0.0048261541464726,0.019165315098882,0.0907846789197576,0.004013214260339737,,0.015956479995291706,0.0018059464171528816,0.0860701974866938,0.5670835010615187,0.563600167789945,0.580787121399213,1.081908449799764,1.0814053238441037,0.8422370702167921,0.2396713795829719,0.23916825362731164,0.0005031259556602663,0.5670835010615187,1.0819084497997635,0.0241650704138181,0.0
main,linear,2218-04-01,2218-01-01,0.0017734972849568,0.003941105077681778,0.0050374685162382,0.0199981282116934,0.0918809678213076,0.004477484617382288,,0.01779000991270996,0.0020148680778220296,0.0888693118204155,0.5654366544010326,0.5597066818734511,0.570494426223739,1.0849653542254205,1.084104339747992,0.9962767008552216,0.08868865337019893,0.08782763889277034,0.0008610144774285899,0.5654366544010321,1.08496535422542,0.008944865959045867,0.0
main,linear,2218-07-01,2218-04-01,0.0017283064347522,0.0038406809661159997,0.0034251565432156,0.0136303965827563,0.0819913846052996,0.004121387843042612,,0.01638391607803591,0.0018546245293691755,0.08675124164496066,0.5990904906786761,0.5962781798364869,0.5782584189890448,1.0902930829336295,1.0898692200613924,1.0871533369252755,0.003139746008353983,0.0027158831361169256,0.00042386287223705743,0.5990904906786761,1.0902930829336293,0.0,0.0
main,linear,2218-10-01,2218-07-01,0.0020624239832335,0.004583164407185556,0.0036050644388124,0.0143424660614233,0.0833138748018125,0.004001391585916281,,0.015909755546843152,0.0018006262136623264,0.0859946022449514,0.5932031972437086,0.5911885568734095,0.5810687928533959,1.087423772127681,1.087126862971643,1.0856354550564766,0.001788317071204304,0.0014914079151664428,0.00029690915603786117,0.5932031972437086,1.0874237721276805,0.0,0.0
main,linear,2219-01-01,2218-10-01,0.0020407936884396,0.004535097085421333,0.0049410055083377,0.0196180227343819,0.091386073850885,0.0033677646424621344,,0.013403160195662345,0.0015154940891079604,0.08155377319541718,0.5661652747009999,0.5614596297021993,0.5979770114335,1.0835615009575332,1.0828669851038704,0.5263760218105735,0.5571854791469597,0.5564909632932968,0.0006945158536628693,0.5661652747009999,1.083561500957533,0.05618806390025999,0.0
main,linear,2219-04-01,2219-01-01,0.0022496124892156,0.004999138864923556,0.0048303202146792,0.0191817391580739,0.0908067333577355,0.0043807183392345905,,0.01740806510573545,0.001971323252655566,0.08831127954811756,0.5673554537739245,0.5635214629650326,0.5725254438673543,1.0825524170876752,1.0819945565678537,0.9921804066341813,0.09037201045349397,0.08981414993367243,0.0005578605198215403,0.5673554537739245,1.082552417087675,0.00911242640463572,0.0
main,linear,2219-07-01,2219-04-01,0.0011682301961171,0.002596067102482444,0.003006532552048,0.0119720034056183,0.0786013654342841,0.004276868421584368,,0.016998036653906867,0.0019245907897129655,0.08769826436616501,0.6136113843579799,0.6096370221496251,0.5747684640744687,1.0959183190932584,1.0952970559416757,1.0898464832094343,0.006071835883824095,0.0054505727322413655,0.0006212631515827294,0.6136113843579797,1.0959183190932582,0.0,0.0
main,linear,2219-10-01,2219-07-01,0.0013899933244701,0.003088874054378,0.0038895920207119,0.0154678296788385,0.0852679146002345,0.0025423187762498856,,0.010130560482601525,0.0011440434493124485,0.07419697571946271,0.5887273704607506,0.5837866653703393,0.6277194145691323,1.0907229270886734,1.0899615641044225,0.4344209514453863,0.6563019756432871,0.6555406126590362,0.0007613629842508907,0.5887273704607506,1.0907229270886731,0.06623106522433142,0.0
main,linear,2220-01-01,2219-10-01,0.0023498129191829,0.005221806487073111,0.0063765707719141,0.0252633546076848,0.0980050224248455,0.0024858934339135885,,0.009906557148443573,0.0011186520452611149,0.07360471010759735,0.5447963138771329,0.5386376024979725,0.630218224426772,1.0787240865646412,1.0778341412485848,-0.4768925290991357,1.555616615663777,1.5547266703477205,0.0008899453160564619,0.5447963138771318,1.0787240865646408,0.1567960241546208,0.0
main,linear,2220-04-01,2220-01-01,0.0026894186851146,0.005976485966921333,0.0079338626693454,0.0313597672793151,0.1040301427386127,0.004278604872524738,,0.01700489370147129,0.0019253721926361324,0.08770863924865373,0.5265387001146975,0.5190213698060661,0.574730394481726,1.0742976714340249,1.0732369324281166,0.16584335396918615,0.9084543174648387,0.9073935784589304,0.0010607390059083066,0.5265387001146975,1.0742976714340249,0.09152544456855194,0.0
main,linear,2220-07-01,2220-04-01,0.0034227390116486,0.007606086692552445,0.007781134596944,0.0307631428562886,0.1034721371605789,0.004970397800207138,,0.01973385263655858,0.0022366790100932124,0.09153783077140262,0.526053104496278,0.5207914379016392,0.5609212782883725,1.070371496725792,1.06966762985309,0.4122098094762616,0.6581616872495304,0.6574578203768284,0.0007038668727019637,0.526053104496278,1.0703714967257918,0.06628260938595709,0.0
main,linear,2220-10-01,2220-07-01,0.0017986448520301,0.003996988560066889,0.0040169236360649,0.0159711394940167,0.0860938674499437,0.006129058077931404,,0.024291759743953034,0.002758076135069132,0.0969585547711385,0.5844791128641125,0.5806989660018055,0.5421571035088878,1.0876797874864494,1.0871127142305193,1.081330912557315,0.006348874929134496,0.005781801673204301,0.000567073255930195,0.5844791128641125,1.0876797874864488,0.0,0.0
main,linear,2221-01-01,2220-10-01,0.0025703697834983,0.0057119328522184445,0.0060439638402872,0.02395756016521,0.0965912926098891,0.004101800732314587,,0.01630653007810312,0.001845810329541564,0.08662931779468822,0.548360868522031,0.5434001411053695,0.5787099474200925,1.0780297238426821,1.077323830675242,0.5288974800322013,0.5491322438104809,0.5484263506430407,0.0007058931674401858,0.548360868522031,1.0780297238426817,0.05534508055117893,0.0
main,linear,2221-04-01,2221-01-01,0.0025531085209791,0.005673574491064666,0.0086078337128668,0.0339893117369691,0.1064317150285177,0.004758134484291077,,0.01889712925566367,0.0021411605179309846,0.09042195766326033,0.5203324428033231,0.5115127063845751,0.5648967258529269,1.074131198456328,1.0728746601800132,0.22402246532748404,0.8501087331288439,0.8488521948525292,0.001256538276314778,0.5203324428033231,1.0741311984563278,0.08564577581733246,0.0
main,linear,2221-07-01,2221-04-01,0.0030920165907241,0.006871147979386889,0.0075690572326151,0.0299342164280513,0.1026875102172694,0.004290849436074495,,0.017053245074010848,0.001930882246233523,0.08778167509881034,0.5291578469975609,0.5232965603757084,0.574462521096018,1.0725368698753073,1.071733405677613,0.22258168651910215,0.8499551833562051,0.849151719158511,0.0008034641976941703,0.5291578469975609,1.072536869875307,0.0856165540565248,0.0
main,linear,2221-10-01,2221-07-01,0.0029636606816684,0.006585912625929778,0.0077669870576095,0.0307078622712601,0.1034201579799018,0.004810136277228594,,0.019102165283941708,0.002164561324752867,0.09069971109676477,0.5274711703454005,0.5209568042937084,0.5639035096893117,1.0729827009353645,1.072081351144014,0.3873255306724479,0.6856571702629166,0.684755820471566,0.0009013497913505919,0.5274711703453998,1.072982700935364,0.06906980723561462,0.0
main,linear,2222-01-01,2221-10-01,0.0039036859692705,0.008674857709489999,0.0071999854142475,0.0284903932127603,0.101291774120981,0.006817791610956192,,0.02699353821458106,0.0030680062249302865,0.09979944877148755,0.5307983455407945,0.5277994523474066,0.5326797522609741,1.0684534215108576,1.0680666748271916,1.0332513528329477,0.03520206867790998,0.034815321994243975,0.00038674668366600606,0.5307983455407945,1.068453421510857,0.003544470079673956,0.0
main,linear,2222-04-01,2222-01-01,0.002622336461358,0.005827414358573333,0.0070099127810529,0.0277461932833682,0.1005561099217841,0.007386161480098963,,0.029218922475072406,0.0033237726660445333,0.10200094032020364,0.5365427202589474,0.5301967896881631,0.5255041051728446,1.0760692216193908,1.075169516934669,1.0745042039131574,0.001565017706233407,0.0006653130215115155,0.0008997046847218915,0.5365427202589474,1.0760692216193906,0.0,0.0
main,linear,2222-07-01,2222-04-01,0.0024590996070171,0.0054646657933713335,0.0054127799512054,0.0214759641641896,0.0937263602881001,0.004716289229691029,,0.01873211574433875,0.0021223301533609628,0.09019629364402214,0.557458777741304,0.5532372661430203,0.565705488247608,1.0799446080478203,1.079339205274432,0.933193343138329,0.1467512649094913,0.14614586213610292,0.000605402773388386,0.557458777741304,1.07994460804782,0.014793391744889806,0.0
main,linear,2222-10-01,2222-07-01,0.0017399275601137,0.0038665056891415556,0.0046064011514791,0.0182986815379067,0.0895941759571318,0.005117116961628199,,0.02031189380936782,0.0023027026327326894,0.09228292100073923,0.5729539269878885,0.5678714119761732,0.5582885728387236,1.0862872760999038,1.0855218460090164,1.0840786634931192,0.0022086126067846212,0.0014431825158971456,0.0007654300908874756,0.5729539269878885,1.0862872760998945,0.0,0.0
main,linear,2223-01-01,2222-10-01,0.0019648400117489,0.0043663111372197775,0.0053489957480965,0.0212249238173091,0.093421103272171,0.004248988814651966,,0.016887938340359843,0.0019120449665933849,0.08753109477468397,0.5599544835690401,0.5543001652571454,0.5753823129695185,1.0830701434988523,1.0822313163310378,0.8098395756186192,0.27323056788023314,0.27239174071241856,0.000838827167814582,0.5599544835690401,1.0830701434988523,0.027551931105450844,0.0
main,linear,2223-04-01,2223-01-01,0.0030540300724393,0.006786733494309555,0.0082027540530607,0.0324095083355548,0.1049994818964219,0.003159130224958062,,0.012576766291350294,0.001421608601231128,0.07989264412991043,0.5228662115777005,0.5159692815643947,0.6044940040387546,1.0718730322048466,1.0709249822792926,-0.47806655964400324,1.5499395918488499,1.5489915419232958,0.0009480499255540842,0.5228662115777005,1.0718730322048464,0.1561160123653078,0.0
main,linear,2223-07-01,2223-04-01,0.0033692757634324,0.007487279474294221,0.0075143608273319,0.0297203436212328,0.1024831863100407,0.005105192307382822,,0.020264922845553257,0.00229733653832227,0.0922231154525626,0.5289537000157983,0.5239520180785733,0.5584992489000786,1.071042312788243,1.0703705506800636,0.5164446869085384,0.5545976258797045,0.5539258637715252,0.000671762108179319,0.5289537000157983,1.0710423127882425,0.05585658070745325,0.0
main,linear,2223-10-01,2223-07-01,0.0018487178356823,0.0041082618570717775,0.0048525344866857,0.0192693118988938,0.0909240223917495,0.00598502904176712,,0.023726048996840277,0.0026932630687952043,0.09633453867105059,0.5682698322111179,0.5631031851063071,0.5442715742696072,1.0849636260685789,1.0841911460815037,1.081375578809223,0.0035880472593559087,0.002815567272280717,0.0007724799870751919,0.5682698322111179,1.0849636260685784,0.0,0.0
main,linear,2224-01-01,2223-10-01,0.0027158614228351,0.0060352476063002215,0.0049315203468576,0.0195806411745722,0.0913369170280692,0.004843821283429861,,0.01923496355012544,0.0021797195775434377,0.09087807951122398,0.5641660495175733,0.5616341613353719,0.5632669706619363,1.0794579282193717,1.0791013335791713,1.079331300707426,0.00012662751194580935,-0.00022996712825462673,0.0003565946402004361,0.5641660495175733,1.0794579282193713,0.0,0.0
main,linear,2224-04-01,2224-01-01,0.0033703425534298,0.007489650118732889,0.0081500640943247,0.0322038761213501,0.1048107836650402,0.004308976233005524,,0.017124820954025788,0.0019390393048524857,0.08788940541155195,0.5225175596440618,0.5165611523143698,0.574067733394281,1.0701723183583756,1.0693723932578751,0.09052239583795685,0.9796499225204187,0.9788499974199183,0.0007999251005004204,0.5225175596440618,1.0701723183583751,0.0986572934268185,0.0
main,linear,2224-07-01,2224-04-01,0.0024272296743343,0.005393843720742889,0.0068307973385161,0.0270445033175885,0.0998511103074347,0.007045500446110964,,0.027885563789732504,0.003170475200749934,0.1006947936643953,0.5391465045433516,0.5325096712692349,0.5297435926120152,1.0774902888168707,1.0765363920134845,1.076138829881055,0.0013514589358156748,0.00039756213242947425,0.0009538968033862005,0.5391465045433516,1.0774902888168705,0.0,0.0
main,linear,2224-10-01,2224-07-01,0.0033101594917801,0.0073559099817335554,0.007127957012553,0.0282084274641811,0.1010144339766307,0.0060399482026696205,,0.02394178700685179,0.0027179766912013292,0.09657386130960147,0.5332633875590693,0.5287012899158701,0.5434592413019629,1.071936380470449,1.0713209607745522,0.8821144556986618,0.18982192477178716,0.18920650507589043,0.0006154196958967351,0.5332633875590693,1.071936380470449,0.019119732918015497,0.0
main,linear,2225-01-01,2224-10-01,0.0036664656519659,0.00814770144881311,0.007946198124193,0.0314079430795003,0.1040749678299165,0.004861083813011646,,0.01930301335092377,0.002187487715855241,0.0909690239254741,0.5237207946140955,0.5188795920154698,0.5629428139147266,1.0687830504484392,1.068147229442291,0.32502350210503317,0.7437595483434061,0.7431237273372577,0.0006358210061483405,0.5237207946140955,1.068783050448439,0.0748910785720247,0.0
main,linear,2225-04-01,2225-01-01,0.0032794769401013,0.007287726533558444,0.007644572112068,0.0302294351158004,0.1029682544036295,0.005760697182267904,,0.02284443852513829,0.002592313732020557,0.0953381553211295,0.5278500664367518,0.5223980409014807,0.5476722647212573,1.0713680899542717,1.0706309475845432,0.6985213477117702,0.37284674224250147,0.37210959987277303,0.0007371423697284385,0.5278500780285357,1.0713680915215409,0.03755268071325368,0.0
main,linear,2225-07-01,2225-04-01,0.0047683569774102,0.010596348838689333,0.0088706568069713,0.0350132817994393,0.1073450999898978,0.005621627438813448,,0.022297603220469364,0.002529732347466052,0.09470419161079205,0.5119974860858989,0.5087036001512101,0.5498516907391886,1.0616017098104893,1.061205401213256,0.3268127388244064,0.7347889709860829,0.7343926623888495,0.00039630859723338574,0.5119974860858989,1.061601709810489,0.07393434537590071,0.0
main,linear,2225-10-01,2225-07-01,0.004168473027292,0.009263273393982223,0.0099010595581169,0.0390199251824552,0.110828509530593,0.009507969953119755,,0.037492900822975184,0.00427858647890389,0.10951605206573366,0.5045485440034316,0.4982252845066648,0.5021297272038433,1.063732185426199,1.0629334611973105,1.0634266519297386,0.0003055334964603418,-0.0004931907324281504,0.0007987242288884921,0.5045485440034316,1.063732185426199,0.0,0.0
main,linear,2226-01-01,2225-10-01,0.0068103071658352,0.015134015924078223,0.0120556080958762,0.0473573936778567,0.1177549476616414,0.008382482454180717,,0.03311068482129653,0.0037721171043813228,0.1056388517465489,0.48131243049400807,0.4784677636748081,0.5139719844000026,1.0480816333790044,1.0477974599016109,0.37279219119018525,0.6752894421888191,0.6750052687114256,0.0002841734773935123,0.481312430494008,1.0480816333790042,0.06785520313050364,0.0
main,linear,2226-04-01,2226-01-01,0.0045461071838418,0.010102460408537333,0.0095219727437784,0.0375473283163975,0.1095631275485423,0.01083486620336771,,0.042640172885419436,0.004875689791515469,0.11388012521672883,0.5068186469182641,0.5019887730703068,0.4893474713892579,1.0621050137656673,1.061513166201183,1.05996411464262,0.0021408991230473795,0.0015490515585629971,0.0005918475644843824,0.5068186469182641,1.0621050137656671,0.0,0.0
main,linear,2226-07-01,2226-04-01,0.0040511307315753,0.009002512736834,0.0098182867173384,0.0386985309346771,0.1105536575287162,0.010315580293536186,,0.04062823344302613,0.004642011132091284,0.11219377185622646,0.5055489338206912,0.4990386155701731,0.4942190416499746,1.0644517726607148,1.0636217806979975,1.0630073395196167,0.0014444331410981004,0.0006144411783808312,0.0008299919627172692,0.5055489338206911,1.0644517726607146,0.0,0.0
main,linear,2226-10-01,2226-07-01,0.0052190129581624,0.011597806573694223,0.0093840358687843,0.0370110803830747,0.109098302916141,0.008912887424230576,,0.03517773815635716,0.004010799340903759,0.10749080380716941,0.5062847190282589,0.5033834959651379,0.5082578636852954,1.0586327677054665,1.0582967774384713,1.019888376619802,0.03874439108566463,0.038408400818669364,0.00033599026699526746,0.5062847190282589,1.058632767705466,0.0038972900712712644,0.0
main,linear,2227-01-01,2226-10-01,0.0037557556437601,0.008346123652800222,0.0098720001202534,0.0389071010228528,0.1107321043930237,0.010229021310806274,,0.040292558201038164,0.004603059589862824,0.11191016099213945,0.505847956161992,0.4985103031325634,0.495046666815884,1.0659840434728156,1.0650269020816436,1.0645750968968848,0.001408946575930825,0.0004518051847588467,0.0009571413911719784,0.505847956161992,1.0659840434728154,0.0,0.0
main,linear,2227-04-01,2227-01-01,0.0043016983403425,0.009559329645205556,0.0099931440144844,0.0393773803000249,0.1111333804423099,0.008735522627830505,,0.03448689496312585,0.003930985182523728,0.10687692224844944,0.5034357481806792,0.4973257974376335,0.5101402665506,1.062920918470175,1.0621572783950524,0.9305836657527022,0.13233725271747265,0.13157361264235012,0.0007636400751225292,0.5034357481806792,1.062920918470175,0.013317520364817259,0.0
main,linear,2227-07-01,2227-04-01,0.0055558701653646,0.012346378145254666,0.0093273805349622,0.0367907603344379,0.1089066598218358,0.008800395764410496,,0.03473962152174048,0.003960178093984724,0.10710205182262153,0.5059127713980921,0.5039604525377458,0.5094485814723413,1.0568854888660038,1.05666596759856,0.9873935087201224,0.06949198014588132,0.06927245887843747,0.00021952126744384515,0.5059127713980921,1.0568854888660033,0.0069889551221336,0.0
main,linear,2227-10-01,2227-07-01,0.0031068656530822,0.006904145895738223,0.0069821461258168,0.0276374414682112,0.100447591981313,0.010821674019098282,,0.04258909983612158,0.004869753308594227,0.11383758931276719,0.53546244570145,0.5305518217441461,0.489469315575719,1.0733215920671912,1.0726491737314456,1.0670236909687223,0.00629790109846895,0.005625482762723344,0.0006724183357456059,0.53546244570145,1.0733215920671912,0.0,0.0
main,linear,2228-01-01,2227-10-01,0.0035162956532459,0.007813990340546445,0.0071343054503192,0.0282332818215711,0.1010389475002575,0.007234763819724321,,0.0286265164165308,0.003255643718875945,0.10142507774087749,0.5326082872788276,0.5286214822488349,0.5273668160663862,1.0707501102084303,1.0702205148153645,1.0700538486691493,0.000696261539280929,0.0001666661462151886,0.0005295953930657404,0.5326082864661451,1.0707501101004755,0.0,0.0
main,linear,2228-04-01,2228-01-01,0.0026103459522897,0.005800768782866,0.0064615818732738,0.0255968926449395,0.098357457573383,0.006621255539357662,,0.026223135216406734,0.0029795649927109483,0.09901051268335087,0.5429830605347814,0.537459745090278,0.5352871507553221,1.0770474178275549,1.0762636784740158,1.0759553948540257,0.001092022973529172,0.0003082836199901351,0.0007837393535390369,0.5429830605347814,1.0770474178275546,0.0,0.0
main,linear,2228-07-01,2228-04-01,0.0023198359881775,0.0051551910848388885,0.0060570688058284,0.0240090342711478,0.0966481159002301,0.0053476495668292046,,0.021219625028721767,0.002406442305073142,0.09341462579132379,0.5489439764298821,0.543207547690248,0.5543227435553593,1.0794879881200672,1.0786573438301463,0.9822829545573699,0.09720503356269727,0.09637438927277642,0.0008306442899208566,0.5489439764298821,1.0794879881200667,0.009798388786428025,0.0
main,linear,2228-10-01,2228-07-01,0.0023530706639981,0.005229045919995778,0.0057824911748807,0.0229301137577033,0.0954363378499732,0.0038476961199194193,,0.015302183524863122,0.0017314632539637386,0.08498990290675278,0.5525185113385763,0.5473358248643501,0.5848313764488159,1.0798219589014137,1.0790732198487754,0.4996616853020417,0.5801602735993721,0.5794115345467337,0.0007487390526383919,0.5525185113385763,1.0798219589014133,0.05848284903882861,0.0
main,linear,2229-01-01,2228-10-01,0.0020965997434199,0.004659110540933111,0.0040944064932909,0.0162773152621492,0.0865831331331032,0.005587378051131964,,0.022162896193803183,0.002514320123009384,0.09454601889463879,0.5818021558616713,0.5788811184815049,0.5503973564279304,1.0855446996777536,1.0851152078601034,1.0809271263172344,0.004617573360519156,0.004188081542868982,0.00042949181765017386,0.5818021558616713,1.0855446996777536,0.0,0.0
main,linear,2229-04-01,2229-01-01,0.0014819269313066,0.003293170958459111,0.0029568927259206,0.0117752149506734,0.0781661438370814,0.0043917628936469555,,0.01745166454062863,0.00197629330214113,0.08837559992246162,0.6140692822508484,0.6113860912310063,0.5722908235656883,1.094063581347586,1.0936525681865938,1.0876639265192194,0.006399654828366685,0.00598864166737445,0.00041101316099223517,0.6140692822508483,1.094063581347586,0.0,0.0
main,linear,2229-07-01,2229-04-01,0.0012094261188359,0.0026876135974131113,0.0024175911550842,0.0096353526250515,0.0728688709802373,0.0031965873204171658,,0.012725170807372344,0.0014384642941877247,0.08019939216226532,0.6358156193948977,0.6333460707322072,0.6032822810345619,1.0991273038897427,1.098742287080954,1.0940551697366654,0.005072134153077279,0.004687117344288616,0.00038501680878866296,0.6358156193948977,1.099127303889742,0.0,0.0
main,linear,2229-10-01,2229-07-01,0.0008695645608406,0.0019323656907568887,0.0018974202844617,0.0075681072268688,0.0664616276472486,0.0026757316663861275,,0.010660046002613499,0.0012040792498737574,0.07554449281228123,0.6643141396702443,0.6617451947359259,0.6220950759990536,1.1058281351333754,1.1054188910191465,1.0991024544522188,0.006725680681156643,0.006316436566927708,0.0004092441142289349,0.6643141396702443,1.1058281351333754,0.0,0.0
main,linear,2230-01-01,2229-10-01,0.0004809258462376,0.0010687241027502222,0.0014010733631789,0.0055925264107132,0.0585465612671566,0.001830846886150539,,0.007303300079440467,0.0008238810987677425,0.06551969536933662,0.7030989620038383,0.7000859432133993,0.6661081121838348,1.11473924098374,1.1142475442130615,1.108702676771507,0.0060365642122330865,0.0055448674415545796,0.0004916967706785069,0.703098962003838,1.11473924098374,0.0,0.0
main,linear,2230-04-01,2230-01-01,0.0005122382749056,0.001138307277568,0.0016158528628442,0.0064477624375547,0.0622417799088564,0.0016505465609952807,,0.006585858399221323,0.0007427459524478764,0.0627969996747464,0.6851472708232274,0.6816995514067736,0.6790126903930904,1.1115951549376746,1.1110335986141724,1.1105959690943794,0.0009991858432951695,0.00043762951979298137,0.0005615563235021881,0.6851472708232274,1.1115951549376744,0.0,0.0
main,linear,2230-07-01,2230-04-01,0.0008105319221649,0.0018011820492553332,0.0015845981260686,0.006323342706037,0.061732260499752,0.0020321481861174107,,0.008103848537963754,0.0009144666837528348,0.0682742877379493,0.6861402722161936,0.6841822290648688,0.6534897468973349,1.1097101797951792,1.1093970991105475,1.1044895344720747,0.005220645323104511,0.004907564638472861,0.0003130806846316503,0.6861402722161936,1.109710179795179,0.0,0.0
main,linear,2230-10-01,2230-07-01,0.0008354505520072,0.0018565567822382222,0.00185689049849,0.0074068993386793,0.0658920071730015,0.0021675433963537216,,0.008642024831685191,0.0009753945283591748,0.06998097227413948,0.6669892257559797,0.6643775294192183,0.6458801140073036,1.1064818247585977,1.1060648792054837,1.1031118501754482,0.003369974583149471,0.00295302903003547,0.00041694555311400094,0.6669892257559795,1.1064818247585977,0.0,0.0
main,linear,2231-01-01,2230-10-01,0.002877997824854,0.0063955507218977775,0.0038617726854659,0.0153578411567295,0.0850836674179573,0.0021493122912943363,,0.008569571599249093,0.0009671905310824514,0.06975743116313309,0.5842429639700019,0.5844787256492489,0.6468680545698304,1.081338318152041,1.077335942785982,0.018155643372544716,1.0631826747794964,1.0591802994134374,0.004002375366058963,0.5842429639700019,1.0813383181520408,0.10719013412549916,0.0
main,linear,2231-04-01,2231-01-01,0.0014795831794207,0.0032879626209348888,0.0036074899562822,0.0143520635443202,0.0833312182922948,0.004131479654461145,,0.016423785664634538,0.0018591658445075154,0.08681382495217388,0.5951998248345928,0.5911222463582655,0.5780268483210578,1.0911870940800175,1.0905623920612575,1.0885561224976437,0.002630971582373798,0.0020062695636138272,0.0006247020187599706,0.5951998248345928,1.091187094080017,0.0,0.0
main,linear,2231-07-01,2231-04-01,0.0030963669863942,0.0068808155253204445,0.0052031066051605,0.0206505552182973,0.0927104029457013,0.0036293454468250275,,0.014438539948667173,0.0016332054510712624,0.08348693464409186,0.5586380813681919,0.5567858971611316,0.5905273817138657,1.0765537125449456,1.076299896018474,0.5100837895292534,0.5664699230156922,0.5662161064892206,0.00025381652647160635,0.5586380813681919,1.0765537125449454,0.05708399157056698,0.0
main,linear,2231-10-01,2231-07-01,0.0024664667387425,0.005481037197205555,0.0049899492108941,0.0198108956556433,0.0916383064994869,0.004455453250557184,,0.01770306000810118,0.002004953962750733,0.08874334159202464,0.5640006010438354,0.5605652440451588,0.5709520133999261,1.0808412137443104,1.080348805706262,0.9585858701680561,0.12225534357625434,0.12176293553820594,0.0004924080380483975,0.5640006010438354,1.0808412137443102,0.012325172657844163,0.0
main,linear,2232-01-01,2231-10-01,0.0016855830539545,0.0037457401198988886,0.0031362384258085,0.012486061049764,0.0797032490612089,0.004747839644551277,,0.018856534285171755,0.002136527840048075,0.09036661999647275,0.607574636519437,0.6052440614942955,0.5650949046280039,1.091831363821968,1.0914791109954274,1.0854108000263347,0.006420563795633383,0.006068310969092661,0.0003522528265407221,0.607574636519437,1.0918313638219677,0.0,0.0
main,linear,2232-04-01,2232-01-01,0.0008041355540316,0.001786967897848,0.0015918324836554,0.0063521424786374,0.0618509979169079,0.003839912824332714,,0.015271407973917905,0.0017279607709497213,0.08493790208294813,0.6856117786660948,0.683602214037905,0.5850270904328264,1.1096695307410214,1.109348083507142,1.0935801403578278,0.01608939038319357,0.01576794314931429,0.00032144723387927954,0.6856117786660948,1.1096695307410214,0.0,0.0
main,linear,2232-07-01,2232-04-01,0.0006918375918767,0.0015374168708371112,0.0014243715839275,0.0056853248843955,0.0589705500444876,0.0025339783169329166,,0.010097452033004162,0.0011402902426198124,0.07411029579680915,0.6999742929714129,0.6979304198035513,0.6280840884823662,1.112752995926948,1.1124237655176523,1.1011728050323204,0.011580190894627584,0.011250960485331918,0.0003292304092956666,0.6999742929714127,1.1127529959269478,0.0,0.0
main,linear,2232-10-01,2232-07-01,0.0007308141575263,0.0016240314611695556,0.0014069809214301,0.0056160572509338,0.058654640908533,0.0015512583777308464,,0.006190610021614251,0.000698066269978881,0.06117868219612901,0.7013338027708846,0.6995353129780943,0.6868982591598667,1.1126986321433414,1.11240962947618,1.1103789578131156,0.0023196743302258405,0.002030671663064476,0.00028900266716136436,0.7013338027708846,1.1126986321433414,0.0,0.0
main,linear,2233-01-01,2232-10-01,0.0006236186832691,0.0013858192961535554,0.0015152228386993,0.0060471298632229,0.0605682649496595,0.0014064955757930875,,0.005614124049916458,0.0006329230091068894,0.05864577618150617,0.6925596947504634,0.6899159851876507,0.6995804522883924,1.1120310970688225,1.1116034405290345,1.0117928757097707,0.1002382213590518,0.09981056481926376,0.0004276565397880461,0.6925596947504634,1.112031097068822,0.01013739258697105,0.0
main,linear,2233-04-01,2233-01-01,0.0005540556524775,0.0012312347832833333,0.0014924124565763,0.0059562993478718,0.0601751878350208,0.0020872997120022774,,0.008323094284458099,0.0009392848704010249,0.06898268231589025,0.6947858318164336,0.6918720678144389,0.6503123847667062,1.1128745195713692,1.1124011510931864,1.1056493881142455,0.007225131457123668,0.006751762978940867,0.0004733684781828007,0.6947858318164336,1.1128745195713687,0.0,0.0
main,linear,2233-07-01,2233-04-01,0.0006928524564597,0.001539672125466,0.0014436632565558,0.0057621600756113,0.059317110452482,0.00182809354737401,,0.007292347059633442,0.0008226420963183045,0.06548004119269416,0.6982754405252615,0.6961775671021292,0.6662929078545106,1.1124722554657098,1.112134347898169,1.107320781740271,0.005151473725438782,0.004813566157897853,0.0003379075675409293,0.6982754405252615,1.1124722554657094,0.0,0.0
main,linear,2233-10-01,2233-07-01,0.0007360448905195,0.0016356553122655554,0.0018071084941009,0.0072088637245537,0.0651759404327035,0.001803652266971767,,0.007195113558591593,0.0008116435201372951,0.06512553562854247,0.6706368955048899,0.6677130922105076,0.6679490142549754,1.107730809841519,1.1072611313928198,1.1072990298041367,0.0004317800373823122,-3.7898411316961145e-05,0.00046967844869927333,0.6706368955048894,1.1077308098415186,0.0,0.0
main,linear,2234-01-01,2233-10-01,0.0013207292571471,0.002934953904771333,0.0019485059713369,0.0077712734091909,0.067163200998366,0.0020163916051387787,,0.008041204186655548,0.0009073762223124505,0.06806843189188527,0.6592656084200815,0.6585283417619029,0.6544181577654034,1.102049508441861,1.1019353849397446,1.101299158430897,0.0007503500109637962,0.0006362265088475372,0.00011412350211625899,0.6592656084200815,1.102049508441861,0.0,0.0
main,linear,2234-04-01,2234-01-01,0.0013664629255555,0.0030365842790122223,0.0023683800254748,0.0094399178658611,0.0723253138243916,0.002633162308484316,,0.010491120951990451,0.0011849230388179422,0.07512231728369095,0.6373820270251578,0.635673420160225,0.6238481868368446,1.0983705914467736,1.0981068929728173,1.0962818412037143,0.002088750243059323,0.00182505176910297,0.00026369847395635304,0.6373820270251583,1.0983705914467734,0.0,0.0
main,linear,2234-07-01,2234-04-01,0.0006589119356479,0.001464248745884222,0.0019049201477777,0.0075979359030198,0.0665657552736059,0.002755702007561922,,0.010977328317284485,0.001240065903402865,0.07631880948063714,0.664784577175339,0.6612660021781068,0.6189006235945804,1.1073034640401023,1.106735527751188,1.0998972946852255,0.007406169354876813,0.006838233065962651,0.0005679362889141615,0.664784577175339,1.1073034640401016,0.0,0.0
main,linear,2234-10-01,2234-07-01,0.0010892094170594,0.0024204653712431115,0.0024449330632792,0.0097439244915632,0.0731659777682744,0.0024756488855928183,,0.009865883171778167,0.0011140419985167683,0.07349568426024662,0.6351013311508736,0.6320800137645558,0.6306800224281515,1.099779440126582,1.099304767279171,1.0990848175721297,0.0006946225544521845,0.00021994970704120043,0.00047467284741098403,0.6351013311508736,1.0997794401265812,0.0,0.0
main,linear,2235-01-01,2234-10-01,0.0009386822977671,0.0020859606617046667,0.0019733893967582,0.007870222717211,0.0674985219327159,0.0023903786204755306,,0.009527285623190718,0.001075670379213989,0.07256971652930555,0.6594687580182896,0.6570005515477974,0.6346251753217159,1.1046004348562504,1.104208944786418,1.1006599152761298,0.003940519580120538,0.0035490295102882374,0.00039149006983230095,0.6594687580182896,1.10460043485625,0.0,0.0
main,linear,2235-04-01,2235-01-01,0.0007101528710379,0.0015781174911953333,0.0016086390736834,0.0064190466208492,0.0621249755740218,0.0021813251078128815,,0.008696792849798629,0.0009815962985157967,0.07014871348871668,0.684766743574402,0.6822672460621185,0.6451404952417078,1.1101779222310932,1.1097757569023745,1.1038021194514198,0.006375802779673423,0.005973637450954694,0.0004021653287187288,0.684766743574402,1.110177922231093,0.0,0.0
main,linear,2235-07-01,2235-04-01,0.0006556551921339,0.0014570115380753334,0.0019208959542442,0.0076614731069646,0.0667862557331673,0.0021324099507182837,,0.00850239553474974,0.0009595844778232277,0.06954848718932405,0.6638258751186972,0.6602532703342703,0.6477938464446044,1.1071703382029972,1.1065935645679768,1.1045820722141555,0.0025882659888416537,0.0020114923538212537,0.0005767736350204,0.6638258751186972,1.107170338202997,0.0,0.0
main,linear,2235-10-01,2235-07-01,0.000840112970973,0.0018669177132733332,0.001709933088777,0.0068222091180469,0.0637230652607931,0.0019187040161341429,,0.007652755754634977,0.0008634168072603643,0.06675610690227256,0.676758585493518,0.6745734904402354,0.6603915835274599,1.1080099057040065,1.107661167002025,1.105397750680185,0.002612155023821394,0.002263416321840017,0.000348738701981377,0.676758585493518,1.108009905704006,0.0,0.0
main,linear,2236-01-01,2235-10-01,0.001388336986192,0.003085193302648889,0.001896891762103,0.0075660051468936,0.0664542747919856,0.0022067029494792223,,0.008797637529255664,0.0009930163272656501,0.07045483529057983,0.6620648149464221,0.6617790627802886,0.6437944752137303,1.102035198212534,1.1019911590516345,1.0992194350214537,0.002815763191080345,0.0027717240301807777,4.4039160899567165e-05,0.6620648149464214,1.1020351982125334,0.0,0.0
main,linear,2236-04-01,2236-01-01,0.0011550070566043,0.0025666823480095555,0.0028601624314304,0.0113916600745639,0.0772952101763516,0.0027396974619477987,,0.010913836394397025,0.0012328638578765095,0.07616575839409075,0.6186196387137809,0.6149103995213467,0.6195299114518981,1.096782998823231,1.0962026886133205,1.0822109340775494,0.014572064745681512,0.013991754535771062,0.0005803102099104507,0.6186196387137809,1.0967829988232305,0.0014714476851325764,0.0
main,linear,2236-07-01,2236-04-01,0.0010085921240774,0.002241315831283111,0.0028741329176363,0.0114470627308471,0.0774229175085135,0.0028597575146704912,,0.011390054264367344,0.001286890881601721,0.07729149886016953,0.6186912435923282,0.6143915825488799,0.6149254870979535,1.0977000577682823,1.097021080755629,1.0971053918006417,0.000594665967640573,-8.431104501260833e-05,0.0006789770126531813,0.618691243592328,1.0977000577682825,0.0,0.0
main,linear,2236-10-01,2236-07-01,0.0009440147374218,0.002097810527604,0.0015915176915541,0.0063508893132283,0.0618458413678716,0.002271415200084448,,0.009054751687547324,0.0010221368400380015,0.07121967388252996,0.6849790882763486,0.6836273779085834,0.6404524713682241,1.1086101832888404,1.1083958562921343,1.1015500494739634,0.007060133814877023,0.00684580681817093,0.00021432699670609345,0.6849790882763481,1.1086101832888398,0.0,0.0
main,linear,2237-01-01,2236-10-01,0.0005557486081435,0.0012349969069855554,0.0012971464563644,0.0051784990193083,0.0565786880819821,0.0019364329054951668,,0.007723262018265564,0.0008713948074728251,0.06699901206828143,0.7125834673631565,0.7102531401614496,0.6592787058253191,1.1157538498152788,1.1153753056063809,1.1070948903472428,0.008658959468035965,0.00828041525913803,0.00037854420889793516,0.7125834673631565,1.1157538498152786,0.0,0.0
main,linear,2237-04-01,2237-01-01,0.0010294069669369,0.0022875710376375554,0.0015079618440848,0.0060182173937421,0.0604437111656821,0.0012223991798236966,,0.004880638464860532,0.0005500796309206635,0.055080031196033295,0.691213398404251,0.6905347129423502,0.7181811859034957,1.1090084520523396,1.1089014193301678,0.7231102771847843,0.3858981748675553,0.38579114214538357,0.00010703272217171822,0.691213398404251,1.1090084520523389,0.03901511548840825,0.0
main,linear,2237-07-01,2237-04-01,0.0006389702907731,0.0014199339794957778,0.0016810612889619,0.0067073083480134,0.0632766004178418,0.0019530013669282198,,0.007789149963792541,0.0008788506151176989,0.06722408540549725,0.6797376986783521,0.6767071247311028,0.6582504783777154,1.1098526114282237,1.1093628394722483,1.1063800553717509,0.0034725560564727864,0.00298278410049746,0.0004897719559753266,0.6797376986783521,1.1098526114282232,0.0,0.0
main,linear,2237-10-01,2237-07-01,0.0009612627243679,0.0021361393874842222,0.001918995982877,0.0076539169116138,0.0667601246478986,0.001985186943784356,,0.007917133250622155,0.0008933341247029603,0.0676560703186586,0.662596609005878,0.660373147877141,0.6562848772099543,1.1049469360976882,1.1045947679310817,1.1039472374809893,0.0009996986166989075,0.0006475304500923595,0.00035216816660654793,0.662596609005878,1.104946936097688,0.0,0.0
main,linear,2238-01-01,2237-10-01,0.0007889940398077,0.0017533200884615554,0.001757256484946,0.0070105199334086,0.0644399747836173,0.0027459829580038786,,0.010938772064209346,0.0012356923311017455,0.07622597879558403,0.6737229307844455,0.6711726002517614,0.6192821845845162,1.1078698186030798,1.1074614850294868,1.099153307484236,0.008716511118843862,0.008308177545250928,0.0004083335735929339,0.6737229307844449,1.1078698186030795,0.0,0.0
main,linear,2238-04-01,2238-01-01,0.0011116861444857,0.0024704136544126667,0.0022940789587576,0.0091447873108185,0.0714823396223295,0.002065482782199979,,0.00823636904306646,0.0009294672519899905,0.06870468324183239,0.6418731363286329,0.6393115857233074,0.6515560778396068,1.1006990721814691,1.1002972080829374,0.9513637244892826,0.14933534769218648,0.14893348359365477,0.00040186409853171234,0.6418731340993988,1.100699071831739,0.015085443794687403,0.0
main,linear,2238-07-01,2238-04-01,0.0006882824925345,0.0015295166500766666,0.0017244425703891,0.0068799485715568,0.0639448111358654,0.002683888887986541,,0.010692413273674095,0.0012077499995939434,0.07562458475755765,0.6764385167748463,0.6735182729531224,0.6217634089967135,1.108985862934453,1.1085153614993672,1.1001767640223379,0.00880909891211501,0.008338597477029364,0.00047050143508564624,0.6764385167748463,1.108985862934453,0.0,0.0
main,linear,2238-10-01,2238-07-01,0.0009087421067577,0.002019426903906,0.0013340667099343,0.0053255979297859,0.0572925774469999,0.0021842778660357,,0.008708526707971953,0.000982925039716065,0.07018451436518387,0.7072069763318907,0.7065334217354838,0.6449828296940586,1.1123840844479018,1.1122770481499344,1.1024958848338147,0.009888199614087156,0.009781163316119779,0.00010703629796737779,0.7072069763318906,1.1123840844479014,0.0,0.0
main,linear,2239-01-01,2238-10-01,0.0006882710701879,0.0015294912670842224,0.0015836620945548,0.0063196163453581,0.0617168617713581,0.0017212236998602748,,0.006867139521779531,0.0007745506649371236,0.06389576737035028,0.6867889743532501,0.6842575178493391,0.6737514018125018,1.1106535778676323,1.1102457164577462,1.1085529995208394,0.002100578346792892,0.0016927169369067574,0.0004078614098861344,0.68678897435325,1.1106535778676323,0.0,0.0
main,linear,2239-04-01,2239-01-01,0.0004985398145291,0.001107866254509111,0.0013029969622479,0.0052018098885263,0.0566929401297887,0.001817969954572618,,0.00725207375250303,0.0008180864795576782,0.06533375136444304,0.7122939272308504,0.709655397071606,0.6669754322411179,1.116114310951064,1.1156841920076723,1.1087267345336582,0.007387576417405839,0.006957457474014106,0.00043011894339173296,0.7122939272308504,1.1161143109510636,0.0,0.0
main,linear,2239-07-01,2239-04-01,0.000728137583169,0.0016180835181533332,0.0012684006893663,0.0050639578756407,0.056011006863637,0.001980084227398038,,0.007896843546465138,0.000891037902329117,0.06758803895236198,0.7145963351121818,0.713237029868553,0.6565937451460785,1.1148489398149464,1.114630474146365,1.1055268433573957,0.009322096457550666,0.009103630788969364,0.00021846566858130245,0.7145963351121818,1.114848939814946,0.0,0.0
main,linear,2239-10-01,2239-07-01,0.0004493831513566,0.0009986292252368888,0.0014962938669485,0.0059717554909451,0.0602424464105178,0.0016715863021090627,,0.006669598679027167,0.0007522138359490782,0.0631285423235858,0.6949664895528967,0.6915366504211067,0.6774173676545301,1.1136313079332616,1.1130705080782974,1.1107619182513582,0.0028693896819034226,0.002308589826939267,0.0005607998549641557,0.694966489552896,1.1136313079332611,0.0,0.0
main,linear,2240-01-01,2239-10-01,0.0007199441545286,0.0015998758989524443,0.0017163407221627,0.0068477081512866,0.0638212061178108,0.0016210937174037099,,0.006468624234244547,0.0007294921728316694,0.06232634276228395,0.6768594796739826,0.6741061070748967,0.6812890841000021,1.1088393823269436,1.1083966384753765,1.0441083699000924,0.0647310124268512,0.06428826857528414,0.0004427438515670623,0.6768594847006395,1.1088393831352326,0.006544329529228843,0.0
main,linear,2240-04-01,2240-01-01,0.0008602229732535,0.00191160660723,0.0019115001805913,0.0076241056485819,0.0666567883956537,0.00235119741410017,,0.009371672841053114,0.0010580388363450766,0.07213279375611516,0.6634951050555165,0.6608475604739465,0.6365012056517064,1.1057596403292267,1.1053376276262408,1.101456872953435,0.004302767375791605,0.0038807546728056863,0.00042201270298591886,0.6634951050555165,1.1057596403292267,0.0,0.0
main,linear,2240-07-01,2240-04-01,0.0008009176308985,0.001779816957552222,0.0019282343715419,0.0076906576229724,0.0668869507975503,0.001796556287445128,,0.007166882646763684,0.0008084503293503076,0.06502176361901554,0.6627437942437705,0.6597917040035037,0.6684351875629656,1.1060329255371695,1.1055606181880182,1.0210674328476328,0.08496549268953668,0.08449318534038541,0.0004723073491512686,0.6627437942437705,1.1060329255371688,0.008587606339462428,0.0
main,linear,2240-10-01,2240-07-01,0.0009026662669225,0.002005925037605556,0.0017695600612128,0.0070594743425814,0.0646234155774948,0.002100924262776971,,0.00837725082801144,0.0009454159182496369,0.06915483863957783,0.6723770163885205,0.6703073180825394,0.6495442797927674,1.1068900182397923,1.1065609913928225,1.103260221902771,0.003629796337021318,0.003300769490051536,0.00032902684696978213,0.6723770163885203,1.1068900182397925,0.0,0.0
main,linear,2241-01-01,2240-10-01,0.0007104792963999,0.0015788428808886667,0.001417747594439,0.005658941723004,0.0588506170333107,0.002403117250651121,,0.009577874645876228,0.0010814027627930045,0.07271018894108108,0.7004709335617204,0.6985389133760656,0.634024006087508,1.1127024158781138,1.112391563090345,1.1020114237252443,0.010690992152869505,0.010380139365100627,0.00031085278776887826,0.7004709335617204,1.1127024158781136,0.0,0.0
main,linear,2241-04-01,2241-01-01,0.0007339028268956,0.001630895170879111,0.0014324630510838,0.0057175522551412,0.0591163998455388,0.0016651040641590953,,0.006643799286162988,0.0007492968288715929,0.06302680506821519,0.6990547792618068,0.6971917467149981,0.6779061902982284,1.1123108201294323,1.1120115035100948,1.1089130672758034,0.003397752853628866,0.003098436234291402,0.0002993166193374641,0.6990547792618068,1.1123108201294318,0.0,0.0
main,linear,2241-07-01,2241-04-01,0.000621664453328,0.001381476562951111,0.002041929461544,0.0081427350283389,0.0684012922376333,0.0020970411133021116,,0.008361815832920727,0.0009436685009859503,0.06910588498579047,0.6569311291993456,0.6529181011540038,0.6497625326934295,1.1062805223924115,1.1056312812496536,1.1051207627956974,0.001159759596714105,0.0005105184539562213,0.0006492411427578837,0.6569311291993456,1.106280522392411,0.0,0.0
main,linear,2241-10-01,2241-07-01,0.0013011813934837,0.0028915142077415557,0.0034814435534526,0.0138532201582489,0.082412995605586,0.002119766315445304,,0.008452142886108072,0.0009538948419503867,0.06939110843770273,0.599110282588241,0.5946484202473348,0.6484926769310071,1.0928550159513386,1.0921634800006486,0.27624655768781436,0.8166084582635242,0.8159169223128342,0.0006915359506900476,0.5991102825882405,1.092855015951338,0.08242621459862642,0.0
main,linear,2242-01-01,2241-10-01,0.0021996256424476,0.004888056983216889,0.0051043502936999,0.0202616061074157,0.0922188876024621,0.0028084246441721916,,0.01118646362356579,0.0012637910898774863,0.07681642486204791,0.5630043645121606,0.5585141467466181,0.616861811301559,1.0822007448681343,1.0815451562648957,0.1334563536243123,0.948744391243822,0.9480888026405834,0.000655588603238666,0.5630043645121606,1.082200744868134,0.09566077800944939,0.0
main,linear,2242-04-01,2242-01-01,0.0024415432612415,0.005425651691647777,0.0055890094479256,0.0221693129924444,0.0945535719712028,0.0036364065017551184,,0.014466477462075633,0.0016363829257898034,0.08353702933117327,0.5549539925729705,0.5503712796484029,0.5903362060933115,1.0796828289436031,1.079024822090867,0.4471931004783094,0.6324897284652937,0.6318317216125575,0.0006580068527362037,0.5549539925729705,1.0796828289436025,0.06375700682868268,0.0
main,linear,2242-07-01,2242-04-01,0.0020649043895827,0.004588676421294889,0.0054734547350989,0.0217147217129493,0.09401378991569,0.005079708993434906,,0.02016453894310921,0.002285869047045708,0.09209487196465045,0.5577907579764869,0.5522390602039391,0.5589513897682504,1.0821910014939067,1.08137295351912,1.0615544879211583,0.020636513572748427,0.019818465597961854,0.0008180479747865732,0.5577907579764869,1.0821910014939062,0.002080753377694977,0.0
main,linear,2242-10-01,2242-07-01,0.0020984151466374,0.004663144770305333,0.0044862784358197,0.01782471434879,0.0889194184018861,0.0036228883545845747,,0.014412991532161912,0.0016302997595630587,0.083441033557047,0.5739940396843245,0.570312558235365,0.5907026418912009,1.0843862207974349,1.0838449846783549,0.7957491959612557,0.28863702483617915,0.2880957887170992,0.0005412361190799686,0.5739940396843204,1.0843862207974335,0.02910934541674337,0.0
main,linear,2243-01-01,2242-10-01,0.0014296796537938,0.0031770658973195556,0.0035903457557484,0.0142842244875465,0.0832083616285523,0.003853064263239503,,0.015323409019225687,0.0017338789184577763,0.08502570305857443,0.5958124737241951,0.5915922176674882,0.5846966930944663,1.0915782858740644,1.090929618998718,1.0898697547822935,0.0017085310917708263,0.0010598642164245664,0.0006486668753462599,0.5958124737241884,1.0915782858740628,0.0,0.0
main,linear,2243-04-01,2243-01-01,0.0015209595286719,0.003379910063715333,0.0032165649575661,0.0128043151005186,0.0803614221712561,0.003255236428231001,,0.01295750419270203,0.0014648563927039504,0.08067202290530755,0.6057581564367203,0.6026437593470295,0.6014226840471957,1.0925540338803374,1.0920781838885651,1.0918916152993188,0.0006624185810186756,0.00018656858924637199,0.0004758499917723036,0.6057581564367203,1.092554033880337,0.0,0.0
main,linear,2243-07-01,2243-04-01,0.0018523254541478,0.004116278786995111,0.0045490459180298,0.0180723968798263,0.0892742221721736,0.0027610536199063063,,0.010998558113610168,0.0012424741289578378,0.07636977734785276,0.5736360941569286,0.5690270997732756,0.6186912944492079,1.085745256432116,1.0850563189518103,0.307048220358761,0.7786970360733549,0.7780080985930493,0.0006889374803056292,0.5736360941569286,1.0857452564321155,0.07854317407790268,0.0
main,linear,2243-10-01,2243-07-01,0.0023019390579818,0.005115420128848445,0.004575676414725,0.0181774675329922,0.0894232765426189,0.0034295956138521433,,0.013647970917957664,0.0015433180262334645,0.08202490395367075,0.5716728693667233,0.5684882991422059,0.5961483597704336,1.0828814809897715,1.0824197800578796,0.6582919162256013,0.4245895647641702,0.4241278638322783,0.0004617009318919063,0.5716728693667233,1.0828814809897715,0.04281380362787579,0.0
main,linear,2244-01-01,2243-10-01,0.0015670848277039,0.003482410728230889,0.0043318701050769,0.017215214628414,0.0880248057293405,0.0044791558757424355,,0.017796605534600496,0.002015620144084096,0.08887884216352371,0.5787308539958623,0.5735720931009362,0.5704598287934927,1.0881575800650944,1.0873717503940286,1.0868976618121382,0.001259918252956238,0.00047408858189035286,0.0007858296710658852,0.5787308539958623,1.0881575800650942,0.0,0.0
main,linear,2244-04-01,2244-01-01,0.003121871378555,0.006937491952344444,0.0067361585391722,0.0266735997417226,0.0994736648217948,0.003528235014528036,,0.01403842493336227,0.0015877057565376162,0.08275795587952123,0.5382260602840271,0.5337541600105178,0.5933199815327134,1.0736192527997854,1.073007580528552,0.0575346594855648,1.0160845933142206,1.0154729210429871,0.0006116722712334877,0.5382260602840271,1.0736192527997852,0.10236204107252134,0.0
main,linear,2244-07-01,2244-04-01,0.003794064557312,0.008431254571804445,0.0079503733495755,0.0314242489072829,0.1040901318918407,0.005865190643817186,,0.023255165685201806,0.002639335789717734,0.09580613908201116,0.5233295092388134,0.5188316445995452,0.5460712677219883,1.068063898124136,1.0674789087528531,0.6364627368883615,0.4316011612357744,0.4310161718644916,0.000584989371282818,0.5233295092388134,1.0680638981241355,0.043455893966262815,0.0
main,linear,2244-10-01,2244-07-01,0.002192479092363,0.004872175760806666,0.0083143747471656,0.0328450202971586,0.1053973269813332,0.007245240733027458,,0.028667520409426328,0.0032603583298623563,0.10146515891353969,0.5241370176630146,0.514724994033997,0.5272368420357628,1.07656342443979,1.075188561120349,1.0178747472420215,0.05868867719776838,0.05731381387832757,0.001374863319440811,0.5241370176630146,1.07656342443979,0.005914148469111757,0.0
main,linear,2245-01-01,2244-10-01,0.0036698013224805,0.008155114049956667,0.0091100266054631,0.0359451682841904,0.1081673317856428,0.006597517523914576,,0.02613005346301589,0.002968882885761559,0.09891413600412083,0.5127228748942659,0.5061967880530424,0.5356069618468521,1.0673215321387068,1.0664646439705865,0.6240016270849165,0.4433199050537904,0.44246301688567,0.0008568881681203511,0.5127228748942657,1.0673215321387066,0.044632463113620124,0.0
main,linear,2245-04-01,2245-01-01,0.0042618007826811,0.009470668405958,0.0104501859938358,0.04115005863371,0.1126333335728846,0.006782106123864651,,0.02685368842403646,0.003051947755739093,0.09965735902020284,0.4997622748653115,0.4929410841466485,0.5331479555898729,1.0626611896356177,1.0618059351543183,0.39881597227984167,0.6638452173557761,0.6629899628744766,0.0008552544812994167,0.4997622748653115,1.0626611896356175,0.06680311805150796,0.0
main,linear,2245-07-01,2245-04-01,0.0039055803577643,0.008679067461698444,0.0084271114204916,0.0332847372432569,0.1057966261397051,0.010228727012872696,,0.040291416765093846,0.0046029271557927135,0.11190919543255018,0.5183973798936498,0.513481062349892,0.49504948876028476,1.066844333577842,1.066210402962805,1.0638337585174935,0.0030105750603484083,0.002376644445311493,0.0006339306150369151,0.5183973798936498,1.066844333577842,0.0,0.0
main,linear,2245-10-01,2245-07-01,0.0032246576369929,0.007165905859984222,0.0086097664001272,0.033996844542471,0.1064384748006216,0.006429664790630341,,0.025471677142084093,0.0028933491557836533,0.09822553579816162,0.5185024093348733,0.5114918225566689,0.5379001919203268,1.0703884772276495,1.0694367660708524,0.6989101973696308,0.37147827985801873,0.3705265687012216,0.0009517111567971526,0.5185024093348733,1.0703884772276493,0.037411159525482574,0.0
main,linear,2246-01-01,2245-10-01,0.0046226106432769,0.010272468096170889,0.0090692526229858,0.0357864795006608,0.1080278863633088,0.0061018206179142,,0.02418479653348471,0.00274581927806139,0.09684143536861131,0.5105935443008872,0.5066204651887413,0.5425530594677628,1.0621769639198115,1.0616931466068746,0.44014016359770336,0.6220368003221082,0.6215529830091713,0.0004838173129368961,0.5105935443008872,1.062176963919811,0.06259286349204995,0.0
main,linear,2246-04-01,2246-01-01,0.0030291491571452,0.006731442571433778,0.0062737987774074,0.0248600180144897,0.097574298550001,0.007944846525788307,,0.031402664534518454,0.0035751809366047385,0.10407005806940602,0.5440594293192257,0.5400822051278477,0.5188951177255474,1.0749216125080376,1.0743739148969569,1.071456272692841,0.0034653398151966996,0.0029176422041159444,0.0005476976110807552,0.5440594293192257,1.0749216125080374,0.0,0.0
main,linear,2246-07-01,2246-04-01,0.002676303920275,0.005947342045055555,0.004534763387052,0.0180160416643972,0.0891939211854657,0.005393778905272484,,0.021401185351043628,0.002427200507372618,0.09363576207747477,0.5711993508735012,0.5693176721500239,0.5535524254180723,1.0806744603267353,1.080408697742634,1.078182062207995,0.0024923981187403577,0.0022266355346389766,0.0002657625841013811,0.5711993508735012,1.0806744603267349,0.0,0.0
main,linear,2246-10-01,2246-07-01,0.0020755388965913,0.0046123086590917775,0.0043247261867218,0.0171870084033891,0.0879826334851184,0.004299820866435766,,0.017088670355274838,0.0019349193898960948,0.0878350518724878,0.577173348411646,0.5737264011504563,0.574266873942679,1.0849856651861143,1.084478120777385,1.0845577024834507,0.0004279627026635424,-7.958170606570114e-05,0.0005075444087292436,0.577173348411646,1.0849856651861138,0.0,0.0
main,linear,2247-01-01,2246-10-01,0.001711846181487,0.0038041026255266667,0.0045620593025706,0.0181237422559857,0.0893471683519361,0.003886756021529436,,0.015456617490583358,0.0017490402096882463,0.08524919565914535,0.5738583953396634,0.5687633227388842,0.5838569210721196,1.086584637389299,1.085815884998128,0.9138600608767804,0.1727245765125185,0.1719558241213477,0.0007687523911708016,0.5738583953396634,1.0865846373892984,0.01742331694546151,0.0
main,linear,2247-04-01,2247-01-01,0.0011640022597947,0.002586671688432667,0.0032395342986536,0.0128953055798848,0.0805463869908268,0.00248264754191041,,0.009893670104326291,0.0011171913938596845,0.07357021668635486,0.6063899292824873,0.6019161331241518,0.6303642639454111,1.0948151156394421,1.0941155929732231,0.7032021283736416,0.3916129872658005,0.39091346459958154,0.0006995226662189769,0.6063899292824873,1.094815115639442,0.03953616136919247,0.0
main,linear,2247-07-01,2247-04-01,0.001373859626271,0.003053021391713333,0.0027016985016452,0.0107630777852186,0.0757985623640113,0.0024238855112344027,,0.009660347648041911,0.0010907484800554812,0.0729375733108073,0.6235485993038424,0.6210439410932925,0.6330529315553183,1.0961894822270317,1.0958031101355896,0.9452324457042511,0.15095703652278059,0.15057066443133849,0.00038637209144209983,0.6235485993038424,1.0961894822270313,0.01524231881574789,0.0
main,linear,2247-10-01,2247-07-01,0.001725966072153,0.0038354801603399996,0.0024698215324422,0.0098427462459732,0.0734334591044205,0.0021660092752426863,,0.00863592815004044,0.0009747041738592089,0.06996223410371288,0.6314748693369262,0.630943842494065,0.6459628342484858,1.0951887360496757,1.0951086888832169,0.8679423450938547,0.227246390955821,0.22716634378936218,8.004716645881871e-05,0.6314748693369262,1.0951887360496757,0.02294303117020441,0.0
main,linear,2248-01-01,2247-10-01,0.0020326733852786,0.004517051967285778,0.0036737050890999,0.0146140418426631,0.0837999327921175,0.002711809938773513,,0.01080319599180879,0.0012203144724480808,0.07589680165524183,0.5916018271348381,0.5893343905789041,0.6206382868497842,1.087363774071661,1.0870289343096642,0.6008409709457818,0.48652280312587926,0.48618796336388237,0.0003348397619968857,0.5916018271348381,1.0873637740716604,0.04908107119693372,0.0
main,linear,2248-04-01,2248-01-01,0.0013133085707291,0.0029184634905091112,0.0027826396177565,0.0110841860964575,0.0765743034905998,0.0028276799712330103,,0.011262835614841538,0.0012724559870548548,0.07699570057306648,0.6207801992378797,0.6178524548008024,0.616129953897166,1.0961383139099836,1.0956849031631757,1.095418144763363,0.0007201691466205418,0.0002667583998126055,0.00045341074680793625,0.6207801992378797,1.0961383139099834,0.0,0.0
main,linear,2248-07-01,2248-04-01,0.0009308325157908,0.002068516701757333,0.0021279217922057,0.0084845573827523,0.0694927283071572,0.0030064834281802177,,0.011971808677119444,0.0013529175426810981,0.0786009385409213,0.6509418182406426,0.6480412896031137,0.6096387338617051,1.1032990466921917,1.102838757613947,1.0967445917251264,0.006554454967065304,0.006094165888820502,0.00046028907824480214,0.6509418182406426,1.1032990466921837,0.0,0.0
main,linear,2248-10-01,2248-07-01,0.0009433804493479,0.0020964009985508887,0.0021563133048571,0.0085973951801249,0.0698434973188814,0.002788127865642309,,0.011105956155967212,0.0012546575395390393,0.07662603665283561,0.6494059777546939,0.6464873773895919,0.6176405711356491,1.1029738352317542,1.1025110438756558,1.0979369155554546,0.0050369196762996005,0.0045741283202012095,0.00046279135609839095,0.6494059777546883,1.102973835231753,0.0,0.0
main,linear,2249-01-01,2248-10-01,0.0009844130024974,0.0021875844499942222,0.0019574906423432,0.0078070019396142,0.0672847516922262,0.0024057398550212383,,0.009588289574776976,0.0010825829347595572,0.07273901416432622,0.6602003696116788,0.657973809018513,0.6339007665222506,1.1044145638137688,1.1040624201861045,1.1002551272071623,0.004159436606606448,0.0038072929789421117,0.0003521436276643364,0.6602003696116788,1.1044145638137688,0.0,0.0
main,linear,2249-04-01,2249-01-01,0.0005640716288801,0.0012534925086224444,0.0014015912843811,0.0055945893983646,0.0585560523755349,0.0020021209493279457,,0.007984464953382897,0.0009009544271975756,0.06788062708041316,0.702641314311281,0.70003755674764,0.6552671790816789,1.114080340497475,1.1136575962844844,1.1063887098351592,0.007691630662315818,0.007268886449325107,0.0004227442129907111,0.702641314311281,1.1140803404974746,0.0,0.0
main,linear,2249-07-01,2249-04-01,0.0003106784542402,0.0006903965649782221,0.001331609412977,0.0053158079917436,0.0572455826267786,0.0019749836064875126,,0.007876561863430442,0.0008887426229193807,0.06751986495373562,0.7104479635894485,0.7067771763797924,0.6569035174004455,1.1171480491315666,1.1165427612253054,1.1083189332295655,0.008829115902001083,0.00822382799573984,0.0006052879062612426,0.7104479635894485,1.1171480491315662,0.0,0.0
main,linear,2249-10-01,2249-07-01,0.0007166606778752,0.001592579284167111,0.0012836662863733,0.0051247868088661,0.0563137937772189,0.0015456444816663861,,0.006168258590058873,0.0006955400167498738,0.0610844222855602,0.7131118454701096,0.7116426173011535,0.6873626805320631,1.114692197853224,1.114455896901394,1.1105508722836244,0.004141325569599674,0.003905024617769648,0.0002363009518300263,0.7131118454701096,1.1146921978532236,0.0,0.0
main,linear,2250-01-01,2249-10-01,0.0004812667111184,0.0010694815802631112,0.0012608180315119,0.0050337421679681,0.0558594840813368,0.0018980128224939108,,0.007570463910957392,0.0008541057701222599,0.06646986876013165,0.7166365320877622,0.7140374099429656,0.6617072495788372,1.1169460043220922,1.1165218605114304,1.1079822412119646,0.008963763110127587,0.008539619299465784,0.0004241438106618034,0.7166365320877622,1.116946004322092,0.0,0.0
main,linear,2250-04-01,2250-01-01,0.0005045513338565,0.0011212251863477777,0.0012151773319406,0.004851856567489,0.0549312779325793,0.0016784734325483441,,0.0066970089987457015,0.0007553130446467549,0.06323623830757301,0.7213142460859147,0.7189770859432012,0.6769006126358715,1.1175413926925102,1.1171605419612085,1.1103039918528892,0.007237400839620989,0.006856550108319315,0.000380850731301674,0.7213142460859081,1.1175413926925089,0.0,0.0
main,linear,2250-07-01,2250-04-01,0.0004650817710561,0.0010335150467913332,0.0011921336056004,0.0047600141021382,0.0544517747873036,0.0013363804901018739,,0.005334816026968281,0.0006013712205458433,0.057336760827955,0.7240245852762616,0.7215538717540994,0.7063043902112197,1.1182688239623275,1.1178652349288103,1.1153742445884436,0.002894579373883932,0.0024909903403667055,0.0004035890335172265,0.7240245852762616,1.1182688239623269,0.0,0.0
main,linear,2250-10-01,2250-07-01,0.0006240968253318,0.0013868818340706664,0.0013318599116019,0.0053168059883998,0.057250376660169,0.0013304866151884198,,0.005311334710701998,0.000598718976834789,0.05722408521485899,0.7088454541753942,0.706752312631352,0.7068887371528663,1.114662154325449,1.1143235697759752,1.1143456376744825,0.00031651665096643633,-2.2067898507227568e-05,0.0003385845494736639,0.7088454541753939,1.1146621543254482,0.0,0.0
main,linear,2251-01-01,2250-10-01,0.0005149246522762,0.0011442770050582223,0.001463684806831,0.0058418975264883,0.0596725493746752,0.0014998976839706302,,0.005986106069684749,0.0006749539577867836,0.06030475721808422,0.6974109793798735,0.6943881750036826,0.691226169144567,1.113573903475311,1.1130816375050334,1.1125667024683774,0.0010072010069335224,0.0005149350366560057,0.0004922659702775167,0.697410979379873,1.1135739034753105,0.0,0.0
main,linear,2251-04-01,2251-01-01,0.0008109131013344,0.0018020291140764444,0.0013893054272495,0.0055456514142319,0.0583300928418934,0.0017682078760117292,,0.0070540942533404705,0.0007956935442052782,0.06460331356963311,0.7025382288775651,0.7011911823592805,0.6704020414984437,1.1123294479115802,1.1121140674732055,1.1071911649856143,0.0051382829259658536,0.004922902487591196,0.00021538043837465715,0.7025382288775651,1.1123294479115795,0.0,0.0
main,linear,2251-07-01,2251-04-01,0.0009930653521241,0.002206811893609111,0.0018484225869373,0.0073732156014875,0.0657714996176496,0.0019065883243456483,,0.0076045705323346535,0.0008579647459555417,0.06658886263102476,0.6668241829787783,0.6649367932537966,0.661159741595316,1.105404462819688,1.105106124359309,1.1045090882720368,0.0008953745476512065,0.0005970360872722402,0.0002983384603789663,0.6668241829787772,1.1054044628196873,0.0,0.0
main,linear,2251-10-01,2251-07-01,0.0009652957380915,0.0021451016402033334,0.0019058844567667,0.0076017711322023,0.0665791151206218,0.002090322319418192,,0.008335109108400074,0.0009406450437381864,0.06902097095976721,0.6633745106207073,0.6612045608485103,0.6501414229396941,1.1050433919056717,1.1046997867766122,1.1029479716066644,0.0020954202990073334,0.0017518151699478235,0.0003436051290595099,0.6633745106207073,1.1050433919056717,0.0,0.0
main,linear,2252-01-01,2251-10-01,0.0007972780347695,0.0017717289661544444,0.002555232567126,0.0101818216796767,0.0743306025487903,0.0020132707431912422,,0.008028796043055397,0.000905971834436059,0.06802747188962213,0.6316006818391201,0.6271579134326201,0.6546031640142896,1.1010733010452145,1.1003623371695628,0.7405611661453235,0.360512134899891,0.35980117102423925,0.0007109638756517267,0.6316006818391201,1.101073301045214,0.03641931581674851,0.0
main,linear,2252-04-01,2252-01-01,0.001547614126881,0.00343914250418,0.0026227062879542,0.0104496257369316,0.0750175254806269,0.0027328934520483017,,0.010886843157407844,0.001229802053421736,0.07610040552960202,0.6259187565713441,0.6242846021400843,0.6197989338750188,1.0954675440044899,1.0952182964648711,1.0945341250320955,0.0009334189723944064,0.0006841714327756598,0.00024924753961874657,0.6259187565713441,1.0954675440044894,0.0,0.0
main,linear,2252-07-01,2252-04-01,0.0021554809844053,0.004789957743122889,0.0050116526539489,0.0198964135149557,0.0917494062143218,0.0023614102974534035,,0.009412236278499297,0.0010626346338540316,0.07224739531700615,0.5646371541608507,0.5601719330702988,0.6360082250251387,1.0826883954101985,1.082034485258504,-0.17087614959942954,1.253564545009628,1.2529106348579335,0.0006539101516944701,0.5646371541608505,1.0826883954101982,0.12640164950539823,0.0
main,linear,2252-10-01,2252-07-01,0.0015720451348302,0.003493433632956,0.0040361610502448,0.0160471633653314,0.0862162574278717,0.004359955433756113,,0.017326097622626158,0.001961979945190251,0.08818991414694927,0.5848353274015892,0.5802434525009786,0.5729685274022767,1.089058459692282,1.0883592110549518,1.0872513887444468,0.0018070709478352764,0.0011078223105049911,0.0006992486373302853,0.5848353274015892,1.089058459692282,0.0,0.0
main,linear,2253-01-01,2252-10-01,0.0029470799399132,0.006549066533140444,0.0048500498456541,0.0192595172788235,0.0909109295217373,0.0038925129920244217,,0.015479377706259512,0.0017516308464109898,0.08528717933348702,0.5647866434349695,0.563149852274944,0.583714373830792,1.0782394422250938,1.0780126988541443,0.7457309731226396,0.33250846910245424,0.3322817257315047,0.00022674337094952257,0.5647866434349695,1.0782394422250934,0.03351305124633763,0.0
main,linear,2253-04-01,2253-01-01,0.0023892334990816,0.005309407775736889,0.0041023898020024,0.016308857478601,0.0866329934114025,0.003784234868362546,,0.015051233434677513,0.0017029056907631457,0.08456262359642781,0.5806451415666664,0.5786963278004454,0.5864423809157236,1.0836754155500994,1.0833945765487114,0.9846695625769593,0.09900585297314013,0.09872501397175215,0.000280839001387978,0.5806451415666664,1.0836754155500992,0.009984127959923206,0.0
main,linear,2253-07-01,2253-04-01,0.0019265850622191,0.004281300138264667,0.0036814261252931,0.0146445865035711,0.0838539995713299,0.004493991378694773,,0.017855152397685425,0.002022296120412648,0.08896328488311747,0.5917839563262408,0.5891286794533274,0.5701534062488318,1.0880184833596178,1.0876235530125624,1.0848012818932804,0.003217201466337416,0.002822271119282016,0.0003949303470554,0.5917839563262408,1.0880184833596178,0.0,0.0
main,linear,2253-10-01,2253-07-01,0.0021801589894617,0.0048447977543593325,0.0035277591126649,0.0140365414026769,0.0827544721190324,0.0030117921996861696,,0.011992852641509177,0.0013553064898587763,0.0786470294329065,0.5947614542041864,0.5933333773713532,0.6094539704880783,1.0869531789966176,1.0867443964341486,0.8420693509557617,0.24488382804085584,0.2446750454783868,0.00020878256246903426,0.594761454204186,1.086953178996617,0.024703185056200838,0.0
main,linear,2254-01-01,2253-10-01,0.0008259067347621,0.0018353482994713332,0.0019976410645247,0.0079666527101427,0.0678214012798047,0.0032966514118015766,,0.013121541376759582,0.0014834931353107095,0.0810002962008161,0.6585562757745049,0.6555353198740543,0.600136297964836,1.1051983936962968,1.1047158233832568,1.095866331955449,0.009332061740847886,0.008849491427807887,0.0004825703130399983,0.6585562757745049,1.1051983936962966,0.0,0.0
main,linear,2254-04-01,2254-01-01,0.0007578318504955,0.0016840707788788889,0.0023426195092232,0.0093376022337156,0.0720361449194991,0.0025154505856335163,,0.010023901018574644,0.0011319527635350825,0.07391667620585128,0.6410503902287255,0.6369174612029042,0.6288999490523363,1.102838381523547,1.1021753700997243,1.100889187319124,0.001949194204422966,0.0012861827806003312,0.0006630114238226348,0.6410503902287255,1.1028383815235463,0.0,0.0
main,linear,2254-07-01,2254-04-01,0.0008554893172493,0.001901087371665111,0.001835994471563,0.0073237773763281,0.0655936806560543,0.002024530665948987,,0.008073563492465241,0.0009110387996770442,0.06817496259709743,0.6682295556605096,0.6657635767192293,0.6539374180890596,1.1065459328875875,1.1061527446118606,1.1042671214857143,0.0022788114018732486,0.001885623126146374,0.00039318827572687454,0.6682295556605096,1.1065459328875875,0.0,0.0
main,linear,2254-10-01,2254-07-01,0.0010005394078501,0.0022234209063335553,0.0021366776309392,0.0085193571742008,0.0696013987709836,0.001672829850576818,,0.006674547960941135,0.0007527734327595681,0.06314801814668794,0.6501868604385431,0.6475591896434343,0.6773238675351807,1.1027260167903243,1.1023108589785593,0.6896411573630052,0.4130848594273191,0.41266970161555405,0.0004151578117650434,0.6501868604385431,1.102726016790324,0.041737236016944124,0.0
main,linear,2255-01-01,2254-10-01,0.0009638540621598,0.0021418979159106666,0.0019128998057981,0.0076296720944228,0.0666761130206256,0.0017313219141215086,,0.006907323552459821,0.0007790948613546789,0.06404934283646771,0.662954260665071,0.6607588038248702,0.673021862787715,1.1049864042200501,1.1046387284708337,0.9547211614952477,0.15026524272480246,0.149917566975586,0.0003476757492164584,0.662954260665071,1.10498640422005,0.01518595628893854,0.0
main,linear,2255-04-01,2255-01-01,0.001634621893781,0.0036324930972911106,0.0024374233094853,0.0097141049315512,0.0730847166057958,0.00256531429477036,,0.010221839638853591,0.001154391432646662,0.07443443607031347,0.6332346520775484,0.6324258695981879,0.6267221892392882,1.0960324292871606,1.0959097743661086,1.0950447896737114,0.000987639613449165,0.0008649846923971527,0.00012265492105201226,0.6332346520775484,1.0960324292871604,0.0,0.0
main,linear,2255-07-01,2255-04-01,0.0008732545440245,0.0019405656533877777,0.0019176592075235,0.0076486005236828,0.0667417245005816,0.003069742117077112,,0.012222544188125628,0.0013813839526847006,0.07914457312178218,0.6630641052898831,0.6604575772018058,0.6074651038369718,1.105604532259461,1.105189397165634,1.0967494208219917,0.00885511143746931,0.008439976343642241,0.00041513509382706815,0.6630641052898831,1.1056045322594603,0.0,0.0
main,linear,2255-10-01,2255-07-01,0.0008321922087813,0.001849316019514,0.001634631250792,0.0065225103511374,0.0625436314898652,0.002902473323047161,,0.011559444918693651,0.0013061129953712226,0.07767996719269091,0.6822407342433526,0.6802364321674149,0.613349436926712,1.1089388891173777,1.1086188460143362,1.0979384591769796,0.011000429940398071,0.010680386837356615,0.00032004310304145633,0.6822407342433526,1.1089388891173773,0.0,0.0
main,linear,2256-01-01,2255-10-01,0.0009342458078791,0.0020761017952868888,0.0018629854315805,0.0074311432895302,0.0659784213624227,0.0021257924381643534,,0.008476094197063966,0.0009566065971739591,0.06946623324991093,0.6661662879879042,0.6639769996940947,0.6481589246001314,1.105692305762937,1.1053449586636843,1.102835301751351,0.0028570040115860618,0.0025096569123332912,0.0003473470992527705,0.6661662879879042,1.105692305762937,0.0,0.0
main,linear,2256-04-01,2256-01-01,0.0007634537277998,0.001696563839555111,0.0014866238176543,0.005933248105536,0.0600745934161131,0.00271989475004375,,0.010835272465987478,0.0012239526375196874,0.07597507355499665,0.6942610037688578,0.6923742835381151,0.6203153967351479,1.1113354871192345,1.1110329223564044,1.0994771656310143,0.011858321488220191,0.01155575672539011,0.00030256476283008205,0.6942610037688578,1.1113354871192345,0.0,0.0
main,linear,2256-07-01,2256-04-01,0.001359849792827,0.0030218884285044445,0.0022407607177314,0.0089329617976655,0.0708601449531962,0.0018290309235453606,,0.007296076033298848,0.0008230639155954123,0.06549354783303661,0.6434178415315587,0.6420197368360472,0.6662299541713604,1.099344681192223,1.0991288117271825,0.7483213079536266,0.35102337323859634,0.35080750377355585,0.00021586946504048576,0.6434178415315587,1.099344681192223,0.035454559769561134,0.0
main,linear,2256-10-01,2256-07-01,0.0018578728098272,0.0041286062440604445,0.0031967646687621,0.0127258734193737,0.0802008353344218,0.002904120134189725,,0.011565974955500158,0.0013068540603853763,0.07769482167383691,0.6051118318905608,0.6032765911910306,0.6132892952580123,1.0904165795638723,1.0901423555643024,0.9564988012375665,0.1339177783263058,0.1336435543267359,0.0002742239995698892,0.6051118318905608,1.090416579563872,0.013513966530360022,0.0
main,linear,2257-01-01,2256-10-01,0.0012811172973918,0.002846927327537333,0.0031358312704393,0.0124844477025274,0.0796998670615073,0.0033799228258430958,,0.013451302350323657,0.0015209652716293932,0.08164714379358608,0.6090839267696674,0.6052574682958238,0.5976139208098178,1.0945230201558247,1.0939291965536044,1.0927430033849335,0.0017800167708912351,0.0011861931686709681,0.000593823602220267,0.6090839267696674,1.0945230201558245,0.0,0.0
main,linear,2257-04-01,2257-01-01,0.001590575129739,0.00353461139942,0.0031422028944165,0.0125096949433982,0.0797527384943521,0.0032150843180716038,,0.012798449496715936,0.0014467879431322218,0.08034945044772264,0.6077427125390363,0.6050479306169917,0.6026909007580429,1.092434171268111,1.0920243104362597,1.0916658197506939,0.0007683515174170541,0.0003584906855658154,0.00040986083185123867,0.6077427125390363,1.0924341712681105,0.0,0.0
main,linear,2257-07-01,2257-04-01,0.0013487355424229,0.002997190094273111,0.0035503532708044,0.0141259618831769,0.0829193160824189,0.0027880403213202953,,0.011105608899491748,0.001254618144594133,0.07662521229161434,0.5971288184824518,0.5927001284612295,0.6176439445401543,1.092263952896129,1.0915796642889437,0.7518710002749629,0.3403929526211662,0.3397086640139808,0.0006842886071853904,0.5971288184824518,1.092263952896129,0.034356279900214726,0.0
main,linear,2257-10-01,2257-07-01,0.0022839231829657,0.005075384851034889,0.0038894790119794,0.0154673828980371,0.0852671689647747,0.003514152253046632,,0.013982686852141213,0.0015813685138709843,0.08265465183028527,0.5856477825247671,0.5837894636452895,0.5937173311688555,1.085013081988553,1.0847433269925024,0.9483961914561423,0.13661689053241077,0.13634713553636013,0.0002697549960506418,0.5856477825247671,1.0850130819885528,0.013778827241237468,0.0
main,linear,2258-01-01,2257-10-01,0.0014552006613404,0.003233779247423111,0.0027923788285488,0.0111228180692131,0.0766660329032049,0.0031933418940752745,,0.012712313133151798,0.0014370038523338735,0.0801729673220498,0.6198811912809299,0.6174768395950312,0.6033865191371153,1.0951195249401513,1.094750581998554,1.0925884505981132,0.002531074342038142,0.0021621314004407477,0.0003689429415973944,0.6198811912809299,1.095119524940151,0.0,0.0
main,linear,2258-04-01,2258-01-01,0.0018268183775006,0.004059596394445778,0.0037502263682753,0.0149167310641219,0.0843305061876434,0.00209870096296072,,0.008368413533348718,0.000944415433332324,0.06912682116584906,0.5904675127504492,0.587320296349705,0.6496691736407193,1.0884117731059795,1.0879405346782427,0.09465283529059576,0.9937589378153837,0.9932876993876469,0.0004712384277367754,0.5904675127504492,1.088411773105979,0.100262331002402,0.0
main,linear,2258-07-01,2258-04-01,0.001256997021669,0.00279332671482,0.0030027006014604,0.0119568133510653,0.0785680428303698,0.0035727592185139656,,0.014214631480009565,0.0016077416483312845,0.0830816815411466,0.6134026992082645,0.6097706581722192,0.592077394841284,1.0953411998071032,1.094776671560696,1.0920266071142053,0.003314592692897911,0.0027500644464906188,0.000564528246407292,0.6134026992082641,1.0953411998071028,0.0,0.0
main,linear,2258-10-01,2258-07-01,0.0013466241753375,0.0029924981674166666,0.0025700301599447,0.0102405581667764,0.0744828596208054,0.0026311157271265984,,0.010482999099200252,0.0011840020772069693,0.07510184050848236,0.628814203256988,0.6265191559253415,0.6239334247845983,1.0971730220681595,1.0968183597786456,1.096418777027652,0.000754245040507584,0.0003995827509937211,0.0003546622895138629,0.6288142032569877,1.0971730220681588,0.0,0.0
main,linear,2259-01-01,2258-10-01,0.0027627309126229,0.006139402028050889,0.0046738298924942,0.0185646593709858,0.0899653011685273,0.002842102898284793,,0.011320038063486138,0.0012789463042281568,0.0771291380439049,0.5684142401365545,0.5665350337690677,0.615586138071094,1.079789836418938,1.0795260471644264,0.256525697937354,0.823264138481584,0.8230003492270723,0.00026378925451164825,0.5684142401365545,1.0797898364189376,0.08298857847282781,0.0
main,linear,2259-04-01,2259-01-01,0.0029945817279853,0.006654626062189556,0.0066002969712667,0.0261409526058381,0.0989254331385382,0.003722194815054536,,0.014805856942897044,0.0016749876667745411,0.08413749400869504,0.5401900957910003,0.5355694598692675,0.588051800793325,1.0745755021879444,1.073937604072122,0.19516720024100764,0.8794083019469368,0.8787704038311144,0.0006378981158223773,0.5401900957910003,1.0745755021879442,0.08860158105146254,0.0
main,linear,2259-07-01,2259-04-01,0.004351163963429,0.009669253252064443,0.0090296413614356,0.0356322971655806,0.1078921812518446,0.005181563552469015,,0.020565718354865425,0.002331703598611057,0.0926039206995821,0.511657216543504,0.507033354477995,0.5571596734665747,1.0636953679567838,1.0631197509496912,0.18004485407606063,0.8836505138807231,0.8830748968736306,0.0005756170070925215,0.511657216543504,1.0636953679567838,0.08893150401356875,0.0
main,linear,2259-10-01,2259-07-01,0.0045811629549922,0.010180362122204889,0.0111653620065436,0.0439190083655191,0.1149408817467752,0.007060207426548004,,0.027943155755414506,0.003177093341946602,0.10075197643603266,0.49328626230458195,0.4863260704789511,0.5295568978337477,1.0602738445564066,1.0594233900592125,0.32941998292867547,0.7308538616277311,0.730003407130537,0.0008504544971941197,0.4932862623045818,1.0602738445564062,0.07352857114782285,0.0
main,linear,2260-01-01,2259-10-01,0.0028768729024802,0.006393050894400444,0.0089953987287077,0.0354989967073581,0.1077746784183463,0.006911059841513634,,0.02735898096081868,0.0031099769286811354,0.10016849751473088,0.5158586498591283,0.5073913101422525,0.5314665526254089,1.0718236554634362,1.0706447369928764,0.7714351934461241,0.30038846201731206,0.29920954354675233,0.001178918470559731,0.5158586498591283,1.0718236554634355,0.03025615701567186,0.0
main,linear,2260-04-01,2260-01-01,0.0042781984674133,0.009507107705362889,0.0119474950271719,0.0469403255764846,0.1174163773084377,0.009231197647750378,,0.03641663981573251,0.0041540389414876705,0.10858031196888528,0.48805585942890134,0.4794013395151539,0.5049455285756952,1.0611133860858473,1.0600296842786496,0.7171682901929268,0.34394509589292044,0.3428613940857228,0.0010837018071976345,0.4880558594289013,1.0611133860858473,0.034605998674299254,0.0
main,linear,2260-07-01,2260-04-01,0.0039357872117499,0.008746193803888667,0.0122533462681922,0.0481198546507287,0.1183720215543404,0.009368428029119968,,0.03695038872285472,0.004215792613103986,0.10904555044155585,0.48659951315477434,0.4767744686870968,0.503542202103672,1.0625971967988193,1.0613332821719563,0.7165912827995164,0.3460059139993028,0.3447419993724399,0.0012639146268629275,0.4865995131547743,1.0625971967988188,0.03481854575577403,0.0
main,linear,2260-10-01,2260-07-01,0.0070738392568249,0.015719642792944223,0.0122399340041788,0.048068152616375,0.1183302542129789,0.009812504053115845,,0.03867607472392809,0.00441562682390213,0.1105344266759841,0.47937696834665067,0.4768887487086859,0.49909560765867955,1.046624974507155,1.046382966265523,0.63720416202304,0.409420812484115,0.4091788042424831,0.00024200824163189694,0.4793769683466506,1.046624974507155,0.04113386790399698,0.0
main,linear,2261-01-01,2260-10-01,0.004604390684175,0.010231979298166667,0.0122613330465379,0.0481506413448502,0.1183968872764967,0.018211953341960907,,0.07088181370850943,0.00819537900388241,0.1357241913915413,0.4849630422547797,0.4767064590108568,0.43307530881710365,1.0591441979595322,1.058137257324267,1.0528161727066365,0.006328025252895664,0.005321084617630589,0.0010069406352650745,0.4849630422547797,1.059144197959532,0.0,0.0
main,linear,2261-04-01,2261-01-01,0.0048503074718097,0.010778461048466,0.010859848352002,0.0427368847432683,0.1139606340446039,0.012919840402901173,,0.050686426529004125,0.005813928181305528,0.1204318531831126,0.4950226846117411,0.4891169966082176,0.47119787050848866,1.0591536887558963,1.0584479771978008,1.0563066967251447,0.0028469920307516716,0.0021412804726561596,0.000705711558095512,0.4950226846117411,1.059153688755896,0.0,0.0
main,linear,2261-07-01,2261-04-01,0.003322202383921,0.007382671964268888,0.0092493666643318,0.0364873197985103,0.1086420571060914,0.01046106219291687,,0.04119221303876197,0.0047074779868125916,0.11266877356540489,0.5123888983454762,0.504758902289668,0.4928383027396989,1.06905873872626,1.068030383299743,1.0664237490177753,0.0026349897084847473,0.0016066342819678336,0.0010283554265169137,0.5123888983454762,1.06905873872626,0.0,0.0
main,linear,2261-10-01,2261-07-01,0.004732175805377,0.010515946234171111,0.0093271189091747,0.0367897428419956,0.1089057738430114,0.008245364762842655,,0.032575780467631765,0.003710414143279195,0.10515165832720862,0.5080321134324659,0.5039631223492972,0.5154927598684375,1.0613084223012577,1.0608173836108454,0.9153549688877072,0.14595345341355048,0.14546241472313826,0.0004910386904122266,0.5080321134324659,1.0613084223012572,0.014685379110922603,0.0
main,linear,2262-01-01,2261-10-01,0.0049194018324544,0.01093200407212089,0.010187096176266,0.0401299411065924,0.111772519965951,0.010016501881182194,,0.03946803543389621,0.0045074258465319875,0.1112105652033077,0.5002703327177876,0.4954491920437198,0.4970985194674778,1.0594351079816438,1.0588623276310656,1.0590582775947495,0.00037683038689428905,-0.0001959499636838835,0.0005727803505781726,0.5002703327177876,1.0594351079816438,0.0,0.0
main,linear,2262-04-01,2262-01-01,0.0040003426768316,0.00888965039295911,0.0078319531994517,0.0309616937218519,0.1036584373329365,0.010072593577206135,,0.03968570891324574,0.004532667109742761,0.11139567677846995,0.5239475910534938,0.5201994048252121,0.4965541702150046,1.067063496207843,1.0665837412147885,1.0635572322114228,0.003506263996420067,0.0030265090033656517,0.0004797549930544154,0.5239475910534938,1.067063496207843,0.0,0.0
main,linear,2262-07-01,2262-04-01,0.0034176883289162,0.0075948629531471116,0.0080048456297934,0.031636964815598,0.1042876014433532,0.006809649523347616,,0.026961631073234682,0.0030643422855064274,0.09976707317295944,0.5238199500673678,0.5182079040600815,0.5327863793542919,1.0700992183133307,1.0693481968255107,0.9001253200913415,0.16997389822198916,0.16922287673416925,0.000751021487819914,0.5238199500673678,1.0700992183133304,0.01711738137349328,0.0
main,linear,2262-10-01,2262-07-01,0.0027453656808072,0.006100812624016,0.0076181959178131,0.0301263273948906,0.1028703698513535,0.006509627681225538,,0.025785360802419,0.002929332456551492,0.09855515918358929,0.5296168703178633,0.5227110475851559,0.5368006599855631,1.0744357144159293,1.073465126284115,0.9398042248516418,0.1346314895642875,0.13366090143247322,0.0009705881318142762,0.5296168703178633,1.0744357144159289,0.013564114493234247,0.0
main,linear,2263-01-01,2262-10-01,0.0046897379987943,0.010421639997320667,0.0079232239346176,0.0313182165323999,0.1039914546183925,0.005106262397021055,,0.020269137975252205,0.002297818078659475,0.0922284875624271,0.5211558143786006,0.5191437794404447,0.5584803197688918,1.0631133345557657,1.0628696718531991,0.3514464489009028,0.7116668856548629,0.7114232229522963,0.00024366270256659384,0.5211558143786006,1.0631133345557655,0.07161869810482813,0.0
main,linear,2263-04-01,2263-01-01,0.0024473537517558,0.005438563892790667,0.0055206643539181,0.0219004631067074,0.0942355026829537,0.006940185558050871,,0.027473079987526572,0.003123083501122892,0.10028307310217309,0.5559173369885467,0.5514708028133454,0.5310907412966595,1.0797888488106258,1.0791506534901514,1.0762255753554872,0.003563273455138516,0.0029250781346641386,0.0006381953204743773,0.5559173369885467,1.079788848810625,0.0,0.0
main,linear,2263-07-01,2263-04-01,0.0031999594699685,0.007111021044374444,0.006261556982794,0.0248119658087464,0.0975226415056869,0.005098879337310791,,0.02024005550463437,0.002294495701789856,0.09219140145568687,0.5437069657740982,0.5402558364840382,0.5586110133269304,1.0739443677098819,1.0734750127276895,0.8018522737441276,0.2720920939657543,0.27162273898356193,0.0004693549821923604,0.5437069657740982,1.0739443677098814,0.027411905047355467,0.0
main,linear,2263-10-01,2263-07-01,0.0023893203291191,0.005309600731375778,0.0073525655928455,0.0290874880493693,0.1018737620443998,0.005439631175249815,,0.021581630127285756,0.0024478340288624167,0.09385390922135467,0.53343836109521,0.5259146054996594,0.5527939932003917,1.0768720934590277,1.0757878691409324,0.7168147833088339,0.3600573101501938,0.3589730858320985,0.0010842243180952948,0.53343836109521,1.0768720934590272,0.03628465882911458,0.0
main,linear,2264-01-01,2263-10-01,0.0037867223206633,0.008414938490362888,0.0097224675861674,0.0383263792721549,0.1102345001679332,0.004809245932847261,,0.019098655047032564,0.002164160669781268,0.0906949801673555,0.5070448164902096,0.4999859231717825,0.5639204065306265,1.0659831499285541,1.0650645565399386,-0.04832266783137329,1.1143058177599274,1.1133872243713119,0.0009185933886155517,0.5070448164902096,1.0659831499285537,0.1121707196223648,0.0
main,linear,2264-04-01,2264-01-01,0.0030549231077403,0.006788718017200666,0.0126219235474437,0.0495398344286364,0.1195148976556788,0.005393737927079201,,0.02140102407630795,0.0024271820671856402,0.09363556638454822,0.4859799045289817,0.4736660923421026,0.5535531080514458,1.0667983115584387,1.0651057686049834,-0.3143660823367911,1.3811643938952298,1.3794718509417745,0.0016925429534553338,0.4859799045289817,1.0667983115584383,0.13904523826779558,0.0
main,linear,2264-07-01,2264-04-01,0.0074311326377831,0.016513628083962444,0.0126902712104427,0.0498029757231042,0.1197257979104527,0.009102783165872097,,0.035916978879943384,0.0040962524246424435,0.1081425773573861,0.4753824742886245,0.4730963906614551,0.5062719571136715,1.044537953479326,1.0443237733365072,0.3976504560460792,0.6468874974332468,0.646673317290428,0.00021418014281882058,0.4753824742886245,1.044537953479326,0.06497814921080003,0.0
main,linear,2264-10-01,2264-07-01,0.0056047504461922,0.012455000991538222,0.0124533669880434,0.0488906511932573,0.1189934116697617,0.013859613798558712,,0.05429653403979928,0.006236826209351421,0.12328545308414808,0.481236200971785,0.4750799779576927,0.4636590934943158,1.0538755936420554,1.0531863891125384,1.0519077925956117,0.0019678010464436735,0.0012785965169266333,0.0006892045295170401,0.481236200971785,1.053875593642055,0.0,0.0
main,linear,2265-01-01,2264-10-01,0.005466889398214,0.012148643107142221,0.0127617239637911,0.0500780133191551,0.1199459387864054,0.013794138096272945,,0.054045345601964834,0.006207362143322826,0.12308853272181905,0.4793569058483727,0.472503012159099,0.4641725473142415,1.0543260483170953,1.0535492889647609,1.0526051881702505,0.0017208601468448048,0.0009441007945103497,0.0007767593523344551,0.4793569058483727,1.054326048317095,0.0,0.0
main,linear,2265-04-01,2265-01-01,0.0056624783475693,0.012583285216820667,0.0119675385594596,0.0470176579085035,0.1174792102474241,0.014042076654732227,,0.05499626350036968,0.006318934494629502,0.12383272488726133,0.4846330334973703,0.4792278416987609,0.4622373061861832,1.0539761090406012,1.053374104633675,1.0514817800620986,0.002494328978502658,0.0018923245715765091,0.0006020044069261488,0.4846330334973703,1.053976109040601,0.0,0.0
main,linear,2265-07-01,2265-04-01,0.0045436116756115,0.010096914834692222,0.0131487365441907,0.051566673751804,0.1211323017421145,0.012896965257823467,,0.05059842378517432,0.0058036343660205604,0.12036165914038346,0.478753138108476,0.4693276161606523,0.47138601546034453,1.0586778437217708,1.057522615150245,1.0577749005616819,0.000902943160088876,-0.0002522854114368478,0.0011552285715257238,0.478753138108476,1.0586778437217708,0.0,0.0
main,linear,2265-10-01,2265-07-01,0.007751057833473,0.017224572963273333,0.0126453608652396,0.0496300752162034,0.1195872541351205,0.011731060221791267,,0.046104972914523756,0.00527897709980607,0.11673601354668246,0.47497292566412186,0.47347049893376,0.48128712388997463,1.0429800253500077,1.0428440716240823,0.9106135298942861,0.13236649545572154,0.1322305417297962,0.00013595372592534183,0.4749729256641218,1.0429800253500074,0.013293786360145887,0.0
main,linear,2266-01-01,2265-10-01,0.0053877495039765,0.011972776675503333,0.0116141333547611,0.045653453095981,0.1163670007844536,0.016663070768117905,,0.06500476494878304,0.007498381845653057,0.1314483764740955,0.4879125749499526,0.482315412074104,0.44320071600930366,1.055681805254887,1.0550430430068245,1.0505791759111514,0.005102629343735732,0.004463867095673146,0.0006387622480625854,0.4879125749499526,1.0556818052548866,0.0,0.0
main,linear,2266-04-01,2266-01-01,0.0038262114979229,0.008502692217606444,0.0108414136256181,0.042665520227675,0.1139012305733881,0.0121471481397748,,0.04771042094227307,0.00546621666289866,0.11804095942795681,0.49769209420916505,0.4892870348351131,0.477681611025214,1.0645695196942553,1.0634790650675916,1.0619734019277258,0.00259611776652946,0.001505663139865776,0.0010904546266636839,0.497692094209165,1.064569519694255,0.0,0.0
main,linear,2266-07-01,2266-04-01,0.0041540195334287,0.009231154518730444,0.0108199183742578,0.042582302768544,0.1138319273886477,0.009324850514531136,,0.0367809207634503,0.004196182731539011,0.10889809168308674,0.49705260969598175,0.4894855391311641,0.5039862729284237,1.0628571759307368,1.061900245665218,0.9242384501454337,0.1386187257853031,0.1376617955197843,0.0009569302655187961,0.4970526096959817,1.0628571759307366,0.01394955554832955,0.0
main,linear,2266-10-01,2266-07-01,0.0054206522435504,0.012045893874556445,0.0117761194950394,0.0462789291139201,0.1168779432964925,0.009217849932610989,,0.03636471288349141,0.004148032469674945,0.10853492202093934,0.486621322259941,0.4808926506414122,0.5050827952366724,1.055374332516992,1.0547224470516945,0.6780946224704523,0.3772797100465397,0.3766278245812422,0.0006518854652974859,0.486621322259941,1.0553743325169918,0.0379380505257525,0.0
main,linear,2267-01-01,2266-10-01,0.0038003570090654,0.00844523779792311,0.0102176178057314,0.040248328907373,0.1118727408724851,0.011185785755515099,,0.04399799489151046,0.0050336035899817945,0.11500613383729931,0.5028332142264422,0.4951560397206208,0.48614128410853447,1.0653665226892788,1.0643685174117306,1.0631966313656545,0.002169891323624329,0.0011718860460760983,0.0009980052775482307,0.5028332142264414,1.0653665226892783,0.0,0.0
main,linear,2267-04-01,2267-01-01,0.005253741316515,0.011674980703366667,0.0093373090827558,0.0368293729902005,0.1089402753766641,0.007800786755979061,,0.030839928459296173,0.0035103540401905777,0.1035442576025528,0.5066009578640446,0.503859166200968,0.5205621196666069,1.0584934570879954,1.0581768827300142,0.7845206750142475,0.27397278207374787,0.2736562077157667,0.00031657435798115863,0.5066009578640446,1.0584934570879951,0.02755847739306916,0.0
main,linear,2267-07-01,2267-04-01,0.003182033233457,0.007071184963237778,0.0093209052543004,0.0367655769945897,0.1088847289805932,0.013110111467540264,,0.0514181793958135,0.005899550160393119,0.12101435070559491,0.5121199168074793,0.50402654542087,0.4696416404642596,1.06974032007569,1.0686381674499683,1.0639556425202703,0.005784677555419782,0.0046825249296980065,0.001102152625721775,0.5121199168074793,1.0697403200756896,0.0,0.0
main,linear,2267-10-01,2267-07-01,0.0026234451351457,0.005829878078101556,0.0073628396159442,0.0291276836812264,0.1019126908024374,0.0072351302951574326,,0.028627950730739316,0.0032558086328208446,0.10142648034605384,0.532662501070254,0.5257889035088379,0.5273622666890185,1.0755131917087297,1.074538752379246,1.074761801073708,0.0007513906350218313,-0.00022304869446188036,0.0009744393294837117,0.532662501070254,1.0755131917087293,0.0,0.0
main,linear,2268-01-01,2267-10-01,0.001787050013138,0.003971222251417777,0.0050538823406197,0.0200627946893485,0.091964285826443,0.005505868699401617,,0.0218422539704336,0.002477640914730728,0.09416619594823829,0.5651271266959896,0.5594123159546933,0.5517107968789848,1.0848422528930592,1.0839842912146245,1.0828280660075598,0.0020141868854994804,0.0011562252070647094,0.000857961678434771,0.5651271266959896,1.0848422528930588,0.0,0.0
main,linear,2268-04-01,2268-01-01,0.002784944334021,0.006188765186713333,0.0070031061120166,0.0277195348987098,0.1005295335255537,0.004558921791613102,,0.0181113631333647,0.002051514806225896,0.0893296001597206,0.5361514049245424,0.5302837006533957,0.5688268332684633,1.075141917854103,1.0743195558341867,0.470277417367321,0.6048645004867821,0.6040421384668657,0.0008223620199163673,0.5361514049245424,1.0751419178541028,0.06094439799582796,0.0
main,linear,2268-07-01,2268-04-01,0.0027150895326451,0.006033532294766888,0.0055457974462573,0.0219993358865026,0.0943528631592615,0.004171302076429129,,0.01658109975552491,0.001877085934393108,0.08705923924593538,0.5547297669493144,0.5510647451301194,0.577120053715692,1.0781331910105774,1.0776169759687346,0.67766178877791,0.4004714022326674,0.3999551871908247,0.000516215041842738,0.5547297669493144,1.0781331910105774,0.04036250540770958,0.0
main,linear,2268-10-01,2268-07-01,0.0022958489641629,0.005101886587028667,0.0063017690441886,0.0249698018719676,0.0976920417266298,0.005340418312698603,,0.021191161267240965,0.0024031882407143713,0.09337980580180878,0.5458876073086442,0.5396867519234365,0.5544441774742342,1.0791763630499631,1.0782769816193785,0.923671483180619,0.15550487986934414,0.15460549843875948,0.0008993814305846559,0.5458876073086442,1.079176363049963,0.015674593772964873,0.0
main,linear,2269-01-01,2268-10-01,0.0041282384970612,0.009173863326802666,0.0083461616750971,0.032969016881417,0.1055101639603255,0.005359179340302944,,0.02126500739685866,0.002411630703136325,0.09347005687388654,0.5185689083902606,0.5143729742462457,0.5541295121278245,1.065711815299607,1.065180116532057,0.3844729828721607,0.6812388324274463,0.6807071336598962,0.0005316987675501039,0.5185689083902606,1.0657118152996068,0.06857449873220756,0.0
main,linear,2269-04-01,2269-01-01,0.0045396252243703,0.010088056054156223,0.0101809806344511,0.0401062187248686,0.1117524274414012,0.005922609940171242,,0.023480805676110994,0.002665174473077059,0.09606039395171481,0.5012730975691413,0.4955080010446747,0.5452042398241285,1.0614579604113847,1.0607511379713082,0.19045279063536724,0.8710051697760175,0.8702983473359409,0.0007068224400765821,0.5012730975691413,1.0614579604113847,0.0876391292459694,0.0
main,linear,2269-07-01,2269-04-01,0.0036929723680992,0.008206605262442667,0.0080581494019007,0.0318450837446452,0.1044801817651858,0.008923006244003773,,0.03521714019455269,0.004015352809801698,0.10752567386881508,0.5225393237612945,0.5176007659181305,0.5081512875424962,1.0684893735529404,1.0678420754118192,1.0666035296700547,0.0018858438828857071,0.0012385457417645185,0.0006472981411211887,0.5225393237612945,1.06848937355294,0.0,0.0
main,linear,2269-10-01,2269-07-01,0.0027095779163914,0.006021284258647556,0.0074325882737076,0.029400532237172,0.1021761361541991,0.006214536260813475,,0.024627380819111755,0.0027965413173660636,0.09732351376641649,0.5316724788613109,0.5249394188629932,0.5409258967820065,1.0749148963739434,1.0739661798010374,0.902175386464307,0.1727395099096365,0.17179079333673042,0.000948716572906072,0.5316724788612789,1.0749148963739386,0.017404335555182282,0.0
main,linear,2270-01-01,2269-10-01,0.0021002597908377,0.004667243979639334,0.0045638117771075,0.0181306566341741,0.0893569759132283,0.004896183032542467,,0.019441365402866784,0.0022032823646441105,0.09115298296288898,0.5725499956092004,0.5687278702488868,0.5622879089321287,1.0841633619221227,1.0836015194236874,1.082654861840554,0.0015085000815686644,0.0009466575831333923,0.0005618424984352721,0.5725499956092004,1.084163361922122,0.0,0.0
main,linear,2270-04-01,2270-01-01,0.0025040623840513,0.005564583075669555,0.0049995479335859,0.0198487180967211,0.0916874984802928,0.0033971192315220833,,0.013519391095186295,0.0015287036541849375,0.08177859240838713,0.5637246735238092,0.5603910505237059,0.5971033252516297,1.0805897276526741,1.0801131549882284,0.4932524325130556,0.5873372951396185,0.5868607224751727,0.0004765726644457846,0.5637246735238092,1.080589727652674,0.05921090863676726,0.0
main,linear,2270-07-01,2270-04-01,0.0011150629582811,0.0024779176850691113,0.003436870491792,0.0136767717413189,0.0820797359125765,0.0044905561953783035,,0.0178415960151872,0.0020207502879202367,0.08894375703685686,0.6009803188678334,0.5959360910153777,0.5702242510030588,1.0942633846475411,1.0934722006846422,1.089439314766443,0.004824069881098181,0.0040328859181992804,0.0007911839628989004,0.6009803188678334,1.094263384647541,0.0,0.0
main,linear,2270-10-01,2270-07-01,0.0008485761671697,0.0018857248159326668,0.0024141323355494,0.0096216173772207,0.0728310398570747,0.0038993721827864647,,0.015506495040860657,0.0017547174822539092,0.08533235792580256,0.6374314418406263,0.6335075850601064,0.5835448905092613,1.1016793909317195,1.1010534799060654,1.0930837187399578,0.008595672191761716,0.007969761166107592,0.0006259110256541245,0.6374314418406263,1.1016793909317195,0.0,0.0
main,linear,2271-01-01,2270-10-01,0.0012131028701462,0.0026957841558804445,0.0037816154100491,0.0150408740627379,0.0845448239957888,0.0022154904436320066,,0.008832554861035291,0.000996970699634403,0.0705600117675583,0.591863322571241,0.5865096344548083,0.6433331268823494,1.092253127238514,1.091418653379152,0.2306525324672959,0.8616005947712182,0.860766120911856,0.0008344738593621948,0.591863322571241,1.0922531272385134,0.08696231402221277,0.0
main,linear,2271-04-01,2271-01-01,0.0018046114475323,0.004010247661182889,0.003448423733597,0.0137225090649633,0.0821665592363915,0.0030251184944063425,,0.012045676578021691,0.0013613033224828541,0.07876234704486536,0.5981892657820697,0.5956002109310661,0.6089920859495614,1.089700804683175,1.0893125658484304,0.9107287349986204,0.1789720696845547,0.17858383084981,0.000388238834744703,0.5981892657820697,1.0897008046831749,0.018059199454329433,0.0
main,linear,2271-07-01,2271-04-01,0.0017672539892845,0.003927231087298888,0.0032653253961252,0.0129974666353279,0.0807524039331577,0.0027539164293557405,,0.010970244869128232,0.0012392623932100833,0.07630178064892275,0.6034287101217625,0.6011073050612888,0.618970592919296,1.0907119053483412,1.0903629344217205,0.8354887848508811,0.2552231204974601,0.2548741495708394,0.0003489709266206731,0.6034287101217625,1.0907119053483412,0.025755949226369645,0.0
main,linear,2271-10-01,2271-07-01,0.0017686111825862,0.003930247072413778,0.0044948557548162,0.0178585634929115,0.0889681962016715,0.0029971743933856487,,0.011934906861902905,0.001348728477023542,0.07851990686225632,0.5749214331608041,0.5701355925390366,0.609963780827979,1.0864186760130483,1.0856992977010085,0.4821707618166766,0.6042479141963717,0.6035285358843319,0.0007193783120398312,0.5749214331608041,1.0864186760130476,0.06095152657249747,0.0
main,linear,2272-01-01,2271-10-01,0.001347736379707,0.0029949697326822223,0.0033838572749582,0.0134668810156719,0.0816772817918392,0.0033689411357045174,,0.013407818774498259,0.001516023511067033,0.0815628240531312,0.6015941492240028,0.5974967940438942,0.597941799145187,1.0929599138623518,1.092326779738461,1.092395543099837,0.0005643707625146988,-6.876336137606742e-05,0.0006331341238907662,0.6015941492240028,1.0929599138623511,0.0,0.0
main,linear,2272-04-01,2272-01-01,0.0009300421917264,0.0020667604260586666,0.0020996968531927,0.0083723720600421,0.0691393747600866,0.002728115301579237,,0.010867886689558959,0.0012276518857106567,0.07605440841075892,0.6524458793000357,0.6496132103783839,0.6199883974100855,1.1035428857667353,1.103093342404021,1.0983918970851723,0.005150988681563051,0.0047014453188487515,0.00044954336271429973,0.6524458757162612,1.1035428851979918,0.0,0.0
main,linear,2272-07-01,2272-04-01,0.0008500595815078,0.0018890212922395555,0.0014897531577513,0.0059457096644746,0.0601290175015738,0.002227769698947668,,0.0088813452494787,0.0010024963645264508,0.07070627993314267,0.6935819085860622,0.6921024912643583,0.6426924780644054,1.110625901172918,1.110389934991565,1.1025090673254037,0.008116833847514382,0.007880867666161251,0.00023596618135313108,0.6935819085860618,1.1106259011729176,0.0,0.0
main,linear,2272-10-01,2272-07-01,0.0005108763192833,0.0011352807095184444,0.0015861227662379,0.0063294123074232,0.0617573249525366,0.0019766120240092278,,0.007883037000665505,0.0008894754108041526,0.06754164867049718,0.6874354514284121,0.6840597181510227,0.6568045118072476,1.1119772109082673,1.111427333539582,1.1069876992688101,0.004989511639457156,0.004439634270771764,0.0005498773686853919,0.6874354514284121,1.111977210908267,0.0,0.0
main,linear,2273-01-01,2272-10-01,0.0005891240394213,0.0013091645320473333,0.0016609200843231,0.0066271467241488,0.0629609454857664,0.0018043124582618475,,0.007197740057837021,0.0008119406062178314,0.06513517073537783,0.681430673058489,0.6782229692390794,0.6679039015856336,1.1104658811668482,1.109945884279501,1.1082730730219126,0.0021928081449356096,0.0016728112575883358,0.0005199968873472738,0.681430673058489,1.1104658811668482,0.0,0.0
main,linear,2273-04-01,2273-01-01,0.0009062507565596,0.0020138905701324442,0.0025163770192416,0.010027578853393,0.0739263928259324,0.001973451115190983,,0.007870468132267328,0.0008880530018359423,0.06749934852065821,0.6327806485925472,0.6288589645236685,0.6569967931751779,1.1005725695483153,1.0999492669162871,0.7217274177753981,0.3788451517729172,0.3782218491408891,0.0006233026320281443,0.6327806485925472,1.1005725695483146,0.03826940050693095,0.0
main,linear,2273-07-01,2273-04-01,0.0010924540411846,0.002427675647076889,0.0019010647232912,0.0075826020797608,0.066512276034034,0.0025018693413585424,,0.00996998386535275,0.0011258412036113442,0.07377380540783468,0.663109164631914,0.6615120338656937,0.6295031035366244,1.1041581767916748,1.1039073067425482,1.0988794893001845,0.005278687491490297,0.005027817442363691,0.0002508700491266058,0.663109164631914,1.1041581767916746,0.0,0.0
main,linear,2273-10-01,2273-07-01,0.000578268066394,0.0012850401475422222,0.0017933218585055,0.0071540144732663,0.0649743350414338,0.002006280468776822,,0.008001003193399137,0.00090282621094957,0.06793550187798955,0.6722571357717008,0.6686575972426982,0.6550189005004875,1.109051750469423,1.108467842978401,1.1062554101536426,0.0027963403157804656,0.002212432824758359,0.0005839074910221065,0.6722571357717002,1.1090517504694224,0.0,0.0
main,linear,2274-01-01,2273-10-01,0.0013478790344266,0.002995286743170222,0.0023091182144806,0.0092045299170434,0.0716551897901635,0.0020319682080298662,,0.008103133005412877,0.0009143856936134398,0.06827194520783754,0.640192280015253,0.6385627024469145,0.653500298827505,1.0989232855202193,1.0986714812231315,0.8931044412209126,0.20581884429930675,0.20556704000221893,0.00025180429708782093,0.640192280015253,1.0989232855202191,0.02078752154642971,0.0
main,linear,2274-04-01,2274-01-01,0.0014443039055899,0.0032095642346442223,0.0036795989214184,0.0146373580919784,0.0838412154534329,0.0027070168871432543,,0.010784179199744615,0.0012181575992144644,0.07585028219957936,0.5935228068906875,0.5891773106970895,0.6208303208985928,1.0911395584771464,1.090472277287863,0.6352409122963203,0.4558986461808261,0.4552313649915427,0.0006672811892833863,0.5935228068906875,1.0911395584771462,0.04600919050428187,0.0
main,linear,2274-07-01,2274-04-01,0.0017182068304419,0.003818237400982,0.0047866824275243,0.0190096939093146,0.090574802197452,0.003998130094259977,,0.015896865497160406,0.00179915854241699,0.08597370673762225,0.5698232616635055,0.5643498682537703,0.5811466849850642,1.0859395657561197,1.085114079882707,0.8889292975797418,0.1970102681763779,0.1961847823029652,0.0008254858734126902,0.5698232616635055,1.0859395657561195,0.019871804346144883,0.0
main,linear,2274-10-01,2274-07-01,0.0025578902397332,0.005684200532740444,0.0056677397919339,0.0224789467551775,0.0949158549791976,0.0038418846670538187,,0.015279204809651947,0.0017288481001742184,0.08495108667118824,0.5534838386309997,0.5491226810414953,0.5849774585271096,1.078827775803165,1.0782066549524494,0.5143063016417835,0.5645214741613815,0.5639003533106659,0.0006211208507156396,0.5534838386309997,1.0788277758031648,0.05690068300744666,0.0
main,linear,2275-01-01,2274-10-01,0.0026256686642777,0.005834819253950445,0.0061354107181942,0.0243167056952343,0.0969858125797699,0.004606488160789013,,0.018299024787624685,0.002072919672355056,0.08959465831452072,0.5470115906360669,0.5420650050755508,0.5678696721087894,1.077535235301561,1.0768340898744082,0.6991821377018377,0.37835309759972335,0.3776519521725705,0.0007011454271528272,0.5470115906360669,1.0775352353015608,0.03813095911779418,0.0
main,linear,2275-04-01,2275-01-01,0.0034621534527469,0.007693674339437555,0.0060431824858636,0.0239544910718119,0.096587901580164,0.0038904629182070494,,0.015471272772976219,0.0017507083131931723,0.08527366004400265,0.5457024181392645,0.5434116370002655,0.5837651040946157,1.0727849511360645,1.072479410263011,0.38036294861742226,0.6924220025186423,0.6921164616455888,0.0003055408730534559,0.5457024181392645,1.072784951136064,0.06974987451631298,0.0
main,linear,2275-07-01,2275-04-01,0.0032286722541777,0.007174827231505999,0.0095142296918224,0.0375172321073953,0.1095370995300755,0.006684272084385157,,0.026470203981054152,0.0030079224379733205,0.09926519965382155,0.5102931949831312,0.5020666986177728,0.5344433559767149,1.0692535619557888,1.0681371171720475,0.5992705865610428,0.469982975394746,0.4688665306110047,0.0011164447837412883,0.5102931949831312,1.0692535619557884,0.047326047289432904,0.0
main,linear,2275-10-01,2275-07-01,0.0031824367978024,0.007072081772894222,0.0065119780630236,0.025794579888154,0.0985648037584248,0.008516720496118069,,0.03363414058036607,0.003832524223253131,0.10611227750034834,0.5406947378515056,0.5367685453930072,0.5125011992361629,1.0736294476578854,1.0730947959184092,1.0697901747180052,0.0038392729398801784,0.0033046212004039788,0.0005346517394761996,0.5406947378515056,1.0736294476578851,0.0,0.0
main,linear,2276-01-01,2275-10-01,0.0058811025434502,0.013069116763222666,0.008959682814031,0.0353599463021175,0.1076519295266024,0.004784926772117615,,0.01900277163260533,0.002153217047452927,0.09056542813882039,0.5083030472020456,0.5077657124301296,0.5643833869531627,1.0555010884925093,1.0554424174597652,-0.04166105324292779,1.0971621417354371,1.097103470702693,5.8671032744150864e-05,0.5083030472020456,1.0555010884925091,0.11032854965261463,0.0
main,linear,2276-04-01,2276-01-01,0.0026340727701143,0.005853495044698444,0.0065094185332613,0.0257845404418861,0.0985543008435394,0.009448491968214512,,0.03726168991887613,0.0042518213856965305,0.10931581609334245,0.542333534063283,0.5368035189387944,0.5027300171994726,1.076826573778672,1.076043195860335,1.071216368399269,0.005610205379402933,0.004826827461065886,0.0007833779183370471,0.542333534063283,1.0768265737786715,0.0,0.0
main,linear,2276-07-01,2276-04-01,0.002555019134829,0.00567782029962,0.0065674546933059,0.026012161201677,0.0987917305065386,0.005347033496946096,,0.021217200070207665,0.0024061650736257436,0.09341166093274493,0.5418681173930064,0.5360135592771067,0.5543330822744992,1.0771890096370962,1.0763550289537456,0.8489277862553526,0.2282612233817436,0.22742724269839298,0.0008339806833506103,0.5418681173930064,1.077189009637096,0.023003685524396245,0.0
main,linear,2276-10-01,2276-07-01,0.0019153442202513,0.004256320489447333,0.0047551514599089,0.0188853666196882,0.090405935107117,0.0042584128677845,,0.016925155550979176,0.001916285790503025,0.08758772849527426,0.5697314834552533,0.5649540978973681,0.5751742422898198,1.0848025701811703,1.0840914727856077,0.9900808218127286,0.09472174836844172,0.09401065097287908,0.0007110973955626321,0.5697314834552533,1.0848025701811703,0.009553188428588877,0.0
main,linear,2277-01-01,2276-10-01,0.0019559843753001,0.004346631945111333,0.004489268003318,0.0178365123422132,0.0889364302279652,0.004285248462110758,,0.017031128151082653,0.0019283618079498411,0.08774829323622242,0.574407557338352,0.5702508279857782,0.5745849335441812,1.085265147560762,1.0846481220061892,1.082203629776147,0.003061517784614942,0.0024444922300421723,0.0006170255545727699,0.574407557338352,1.0852651475607618,0.0003087847536322741,0.0
main,linear,2277-04-01,2277-01-01,0.0015711596043514,0.0034914657874475555,0.0028927306706156,0.0115208120922615,0.077591903031624,0.003785407403483987,,0.015055870522437398,0.0017034333315677941,0.08457058690482812,0.615903629456433,0.6137061548454192,0.5864122962549123,1.093794980720927,1.0934603308196809,1.0893037926571187,0.004491188063808327,0.004156538162562118,0.00033464990124620897,0.6159036294564326,1.093794980720927,0.0,0.0
main,linear,2277-07-01,2277-04-01,0.0019649719978934,0.004366604439763111,0.0030195965477088,0.0120237884581148,0.0787146295277713,0.0031061337795108557,,0.01236676649536883,0.0013977602007798852,0.07945190980881701,0.6102040705426192,0.6091831425608537,0.6062416891989193,1.090523944734992,1.0903724897830154,1.0899361243531038,0.0005878203818880934,0.0004363654299115449,0.00015145495197654846,0.6102040705426192,1.0905239447349917,0.0,0.0
main,linear,2277-10-01,2277-07-01,0.0011849208070386,0.0026331573489746666,0.0023899085614672,0.0095254188370614,0.0725645183650754,0.0034405700862407684,,0.013691417981029574,0.0015482565388083458,0.08210757262633021,0.6371478625693069,0.6346474395860199,0.5958283720631372,1.099491143316458,1.0991007002874582,1.0930390721517915,0.006452071164666506,0.006061628135666686,0.00039044302899982064,0.6371478625693069,1.0994911433164576,0.0,0.0
main,linear,2278-01-01,2277-10-01,0.000666210549106,0.0014804678869022223,0.0016164659109157,0.0064502027596449,0.0622516844716734,0.0030481943394988775,,0.012137141628329018,0.0013716874527744949,0.07896075214372493,0.6843788655629218,0.6816514485628543,0.608198707297432,1.1104162452163386,1.1099762095001,1.0981254988784268,0.012290746337911829,0.0118507106216732,0.00044003571623862925,0.6843788655629218,1.1104162452163386,0.0,0.0
main,linear,2278-04-01,2278-01-01,0.0006280879177241,0.0013957509282757777,0.0018330255456928,0.0073119669113111,0.0655510328724497,0.0022356128320097923,,0.008912508208708037,0.0010060257744044065,0.07079928149115391,0.6694375988042247,0.6659621373551363,0.6422857040807702,1.108260859924318,1.1076988113543178,1.103869879380969,0.004390980543349077,0.0038289319733488814,0.0005620485700001954,0.6694375988042247,1.1082608599243178,0.0,0.0
main,linear,2278-07-01,2278-04-01,0.0008938523999194,0.0019863386664875555,0.0018787450625341,0.007493828665116,0.0662006183880483,0.002232500584796071,,0.008900142468834082,0.001004625263158232,0.07076241679747865,0.6653604668204013,0.6629490724256838,0.64244689043002,1.1058332179250383,1.105449657973394,1.102188550643927,0.0036446672811112357,0.003261107329466828,0.0003835599516444077,0.6653604668204013,1.105833217925038,0.0,0.0
main,linear,2278-10-01,2278-07-01,0.0009384823989838,0.002085516442186222,0.0027264342512771,0.0108612173546757,0.0760382054714944,0.0015871751820668578,,0.006333601964741087,0.000714228831930086,0.06177461357933586,0.6243105744357591,0.620055152497629,0.6839752398710436,1.0990251300855807,1.0983501571494192,0.15280000226277912,0.9462251278228015,0.9455501548866401,0.0006749729361614776,0.6243105744357591,1.0990251300855731,0.09556888507959593,0.0
main,linear,2279-01-01,2278-10-01,0.0015754071351555,0.00350090474479,0.0036739911750687,0.0146151736203813,0.0838019382786039,0.0023653057869523764,,0.009427708020149583,0.0010643876041285694,0.07229097415306043,0.5931995132290167,0.5893267576345561,0.6358209381585406,1.0903122107653571,1.0897225994934496,0.3783005578587886,0.7120116529065685,0.711422041634661,0.0005896112719074864,0.5931995132290167,1.090312210765357,0.0718500591325284,0.0
main,linear,2279-04-01,2279-01-01,0.0016993933210565,0.0037764296023477775,0.0051158401739345,0.0203068646500695,0.0922765237439125,0.002517017303034663,,0.010030120700384115,0.0011326577863655985,0.07393310607866047,0.5644107884465692,0.5583111007168954,0.6288306510544577,1.0852294532168403,1.0843083633641382,-0.04640748462113198,1.1316369378379723,1.1307158479852701,0.0009210898527021172,0.5644107884465692,1.08522945321684,0.11413647279135053,0.0
main,linear,2279-07-01,2279-04-01,0.0018164199548992,0.004036488788664889,0.0040609334245867,0.0161450542230554,0.086372965016066,0.004709688946604729,,0.018706086140216183,0.002119360025972128,0.09016052049785012,0.5834666924256129,0.5796609779633688,0.5658338426864734,1.0874241988960938,1.0868539666233552,1.0847821667411974,0.0026420321548963344,0.0020717998821577766,0.0005702322727385578,0.583466703597494,1.0874242005700414,0.0,0.0
main,linear,2279-10-01,2279-07-01,0.0018092583453308,0.004020574100735111,0.0039706234745618,0.0157881489460538,0.0857967639276147,0.003876554546877742,,0.015416284933160274,0.0017444495460949838,0.08518174156543752,0.5854594484960631,0.5818068917956053,0.5841101919598843,1.087764713416896,1.0872171680781395,1.0875624498552985,0.00020226356159747105,-0.0003452817771589789,0.00054754533875645,0.5854594484960631,1.0877647134168955,0.0,0.0
