split,model,date,feature_date,c_q_realised,pd_q_realised,pd_q_true,pd_a_true,k_irb_true,pd_q_hat,pd_q_hat_std,pd_a_hat,c_q_hat,k_irb_hat,alpha_oracle,alpha_bayes,alpha_hat,utility_oracle,utility_bayes_realised,utility,regret,regret_vs_bayes,regret_irreducible,alpha_oracle_panel,utility_oracle_panel,shortfall_realised_at_hat,shortfall_predicted_at_hat
main,dfl_linear,2205-01-01,2204-10-01,0.0008024878294395,0.0017833062876433333,0.0014497154844785,0.0057862640709047,0.0594250052790947,0.0036030279006808996,,0.014334407669172933,0.001621362555306405,0.08329930304412346,0.6972163889528912,0.6956334966137285,0.5912442791282664,1.1115372766778813,1.1112840532832766,1.0945843755112872,0.016952901166594092,0.01669967777198944,0.0002532233946046514,0.6972163889528912,1.111537276677881,0.0,0.0
main,dfl_linear,2205-04-01,2205-01-01,0.0006968617081011,0.001548581573558,0.0016565249886489,0.0066096536793534,0.0628915989438518,0.002956959418952465,,0.011775479363315133,0.0013306317385286092,0.07816673379412813,0.6812524516970497,0.6785568053711748,0.611383714740211,1.1097030244137276,1.109268940758011,1.0984519650787647,0.011251059334962843,0.010816975679246221,0.00043408365571662166,0.6812524516970497,1.1097030244137271,0.0,0.0
main,dfl_linear,2205-07-01,2205-04-01,0.0009482242415641,0.0021071649812535553,0.0017457557131661,0.0069647581472165,0.0642674152345095,0.002558609936386347,,0.01019522779345372,0.0011513744713738561,0.07436543418040407,0.6737834300181285,0.6719883783090246,0.6270116938462013,1.1068066384239716,1.106522090852296,1.0993924876876704,0.00741415073630125,0.00712960316462552,0.00028454757167573064,0.6737834224862129,1.1068066372300287,0.0,0.0
main,dfl_linear,2205-10-01,2205-07-01,0.0009112524565611,0.0020250054590246667,0.0021898492364838,0.0087306662900275,0.0702519328854187,0.0039428421296179295,,0.015678337434197887,0.0017742789583280684,0.08561674107917525,0.6478228508229611,0.6446860954032554,0.582479712444404,1.102930937295969,1.1024325461462767,1.0925487310020403,0.01038220629392872,0.009883815144236419,0.000498391149692301,0.6478228508229611,1.1029309372959688,0.0,0.0
main,dfl_linear,2206-01-01,2205-10-01,0.0004936293289645,0.0010969540643655557,0.0015509632264095,0.0061894349015609,0.0611737340599231,0.004563305992633104,,0.018128661068192997,0.002053487696684897,0.08935414572344672,0.6902865907079035,0.6869226278446524,0.568738101539062,1.1125606901732845,1.112012149919566,1.0927405429843697,0.019820147188914783,0.01927160693519636,0.0005485402537184214,0.6902865907079035,1.112560690173284,0.0,0.0
main,dfl_linear,2206-04-01,2206-01-01,0.0007512839166638,0.0016695198148084444,0.0014696911287128,0.0058658172561869,0.0597783507512836,0.0032122491393238306,,0.01278721776656766,0.0014455121126957238,0.0803265100623007,0.6957507299904833,0.6938571659306645,0.6027812508902977,1.1116590593039117,1.1113551665840946,1.0967386515589663,0.014920407744945408,0.014616515025128285,0.0003038927198171226,0.6957507299904833,1.111659059303911,0.0,0.0
main,dfl_linear,2206-07-01,2206-04-01,0.00045176561148,0.0010039235810666667,0.0012777982786268,0.005101404846591,0.0561977596479988,0.0039639342576265335,,0.015761709272447355,0.0017837704159319402,0.08575353925250004,0.7150542649393153,0.7122528492145644,0.5819683361771979,1.1168987472373881,1.1164407652285082,1.0951415476652184,0.021757199572169705,0.021299217563289785,0.00045798200887992024,0.7150542649393153,1.1168987472373877,0.0,0.0
main,dfl_linear,2206-10-01,2206-07-01,0.0003028332747415,0.0006729628327588889,0.0011649386063622,0.0046516182555363,0.053876157827682,0.0037157125771045685,,0.014780216202303742,0.0016720706596970558,0.08409264009149565,0.7279133249736172,0.7246699997739845,0.5882219870103056,1.1200850748362703,1.119550018070644,1.0970399619117186,0.02304511292455169,0.022510056158925318,0.0005350567656263738,0.7279133249736172,1.1200850748362698,0.0,0.0
main,dfl_linear,2207-01-01,2206-10-01,0.0007954316007399,0.001767625779422,0.0012117518182834,0.0048382043332297,0.0548604683335161,0.002777406945824623,,0.011063429487286891,0.0012498331256210805,0.07652487874594471,0.7201710495754665,0.7193565238302594,0.6180549968350213,1.115260268220975,1.1151299068909533,1.0989170347135058,0.016343233507469135,0.01621287217744749,0.0001303613300216444,0.720171049575467,1.115260268220975,0.0,0.0
main,dfl_linear,2207-04-01,2207-01-01,0.0007431410858784,0.0016514246352853333,0.001331518593322,0.0053154461623787,0.0572438443357052,0.0035064914263784885,,0.013952365117606114,0.0015779211418703199,0.08259826943601323,0.7082805654554465,0.7067861964690684,0.5939343728360256,1.1137276111113237,1.1134876623915242,1.0953672042887537,0.018360406822570008,0.01812045810277052,0.00023994871979948762,0.7082805654554465,1.1137276111113232,0.0,0.0
main,dfl_linear,2207-07-01,2207-04-01,0.0007024276249683,0.0015609502777073334,0.0014481957986719,0.0057802117128981,0.0593979503157586,0.0035549288149923086,,0.01414406968890447,0.001599717966746539,0.08295256186559467,0.6978348628616068,0.6957698495170735,0.5925725363809149,1.1123344721073503,1.11200205508966,1.0953897929184788,0.016944679188871437,0.01661226217118128,0.0003324170176901564,0.6978348628616068,1.1123344721073505,0.0,0.0
main,dfl_linear,2207-10-01,2207-07-01,0.0006220513455861,0.0013823363235246665,0.0012755843911195,0.00509258317069,0.0561538671756083,0.004381433594971895,,0.017410888690109316,0.001971645117737353,0.08831544998889097,0.714408594366542,0.7124839320385421,0.5725102270538451,1.1155766555793392,1.1152652846961446,1.0926204105740396,0.02295624500529958,0.02264487412210503,0.00031137088319455053,0.7144085943665418,1.1155766555793392,0.0,0.0
main,dfl_linear,2208-01-01,2207-10-01,0.0003907099998061,0.0008682444440135555,0.0011645245081456,0.0046499676436905,0.0538673098018926,0.0027015500236302614,,0.010762488673747628,0.0012156975106336176,0.07579711691748008,0.7274948328859449,0.7247180936847633,0.621049913601065,1.1193767368646808,1.1189210936766094,1.1019098813687525,0.017466855495928302,0.01701121230785696,0.00045564318807134185,0.7274948328859449,1.1193767368646803,0.0,0.0
main,dfl_linear,2208-04-01,2208-01-01,0.0004287518516627,0.0009527818925837777,0.0012196872241799,0.0048698303307644,0.0550242554578233,0.003496262477710843,,0.01391187760471324,0.0015733181149698795,0.08252277995747913,0.7212248892315497,0.7184794204685083,0.5942251520230899,1.118073516323668,1.1176240488196352,1.0972820741975347,0.020791442126133264,0.020341974622100523,0.00044946750403274116,0.7212248892315497,1.1180735163236677,0.0,0.0
main,dfl_linear,2208-07-01,2208-04-01,0.0005880329061218,0.001306739791381778,0.0014560244098183,0.0058113899394151,0.0595370594745435,0.003598283976316452,,0.014315636209430105,0.0016192277893424035,0.08326532532951168,0.697714522195388,0.6950692841792353,0.5913742387155536,1.1131132487475257,1.112684403630792,1.0958733969822383,0.017239851765287417,0.016811006648553617,0.0004288451167338003,0.697714522195388,1.1131132487475253,0.0,0.0
main,dfl_linear,2208-10-01,2208-07-01,0.0010453251462645,0.002322944769476667,0.001718531127541,0.0068564247077144,0.0638546770780435,0.004090071655809879,,0.01626018791259287,0.0018405322451144456,0.08655601715087358,0.6752194330282054,0.6739468358363221,0.5789816505481953,1.1063786262228301,1.1061781326730509,1.0912166765066593,0.015161949716170797,0.014961456166391551,0.00020049354977924594,0.6752194330282054,1.10637862622283,0.0,0.0
main,dfl_linear,2209-01-01,2208-10-01,0.0011823955115599,0.0026275455812442223,0.0026572411813457,0.0105866741417343,0.0753619888610656,0.0067287771962583065,,0.02664466670011245,0.003027949738316238,0.09944407574847891,0.6260000960951488,0.6228519407765263,0.5338519036550542,1.0977662191053954,1.0972745526590506,1.0833748788668547,0.014391340238540717,0.013899673792195921,0.0004916664463447962,0.6260000960951488,1.097766219105395,0.0,0.0
main,dfl_linear,2209-04-01,2209-01-01,0.0010344878523909,0.002298861894202,0.002461353239573,0.0098091230090389,0.0733427625028005,0.005828013177961111,,0.023109048943623534,0.0026226059300825002,0.09564043014747646,0.6346093640724656,0.6313287107242271,0.5466374091859443,1.1000494163827095,1.0995322045805718,1.0861801871485857,0.013869229234123814,0.013352017431986107,0.000517211802137707,0.6346093640724656,1.1000494163827093,0.0,0.0
main,dfl_linear,2209-07-01,2209-04-01,0.0006797526245929,0.0015105613879842221,0.0019540884678189,0.0077934729327026,0.0672387884362013,0.0045743677765131,,0.01817230449654006,0.002058465499430895,0.08941597217965597,0.6617321572785331,0.6581834052731528,0.5685146828337105,1.1066728607159175,1.1061007931139102,1.0916459732383053,0.015026887477612272,0.01445481987560493,0.0005720676020073423,0.6617321572785331,1.106672860715917,0.0,0.0
main,dfl_linear,2209-10-01,2209-07-01,0.0006289629530819,0.0013976954512931112,0.0014605048692134,0.0058292334869284,0.059616380983446,0.00446524191647768,,0.01774169307499196,0.002009358862414956,0.08879938831785542,0.6971296231638364,0.6946703837500444,0.5707483595734926,1.1127330896268646,1.1123354051101872,1.0922959286713068,0.02043716095555781,0.020039476438880488,0.0003976845166773213,0.6971296231638364,1.112733089626864,0.0,0.0
main,dfl_linear,2210-01-01,2209-10-01,0.0006463421328499,0.0014363158507775555,0.0020310829628956,0.0080996135618415,0.068260420214028,0.003512237686663866,,0.013975109018314669,0.0015805069589987398,0.08264057329693923,0.6574329649687035,0.6535522147620882,0.593771515706228,1.106199471866905,1.1055725887558494,1.0959158191597755,0.010283652707129498,0.009656769596073866,0.0006268831110556317,0.6574329649687035,1.1061994718669048,0.0,0.0
main,dfl_linear,2210-04-01,2210-01-01,0.0007475135617334,0.0016611412482964445,0.0014090441214593,0.0056242752399732,0.0586922954116679,0.004487312864512205,,0.017828796617837095,0.0020192907890304924,0.08892530600283777,0.7010665491475326,0.6993436661322028,0.5702911938970441,1.1125386127251313,1.1122620471627482,1.0915459165589516,0.020992696166179714,0.020716130603796623,0.00027656556238309093,0.7010665491475326,1.112538612725131,0.0,0.0
main,dfl_linear,2210-07-01,2210-04-01,0.0005459167640541,0.0012131483645646665,0.0013647741265265,0.005447931020297,0.0578737508067706,0.003794886637479067,,0.015093357958123055,0.00170769898686558,0.08463486941318651,0.7061166046385651,0.7035317122879059,0.5861695265887769,1.1147727806607874,1.1143526301065516,1.0952764827554897,0.01949629790529772,0.01907614735106189,0.0004201505542358319,0.7061166046385651,1.1147727806607874,0.0,0.0
main,dfl_linear,2210-10-01,2210-07-01,0.0007803701755043,0.001734155945565111,0.0012679039983543,0.0050619786605703,0.0560011045506529,0.002789374440908432,,0.01111090085660238,0.0012552184984087945,0.07663777205738503,0.7143802349755572,0.7132892875373305,0.6175925231507513,1.114441069182447,1.1142663034412623,1.0989360360325133,0.015505033149933567,0.015330267408748988,0.00017476574118457933,0.7143802349755571,1.1144410691824465,0.0,0.0
main,dfl_linear,2211-01-01,2210-10-01,0.000641896270103,0.0014264361557844443,0.0013351855393082,0.0053300553525587,0.0573139504114639,0.0039331647567451,,0.015640083458496656,0.001769924140535295,0.08555371805643884,0.7084368166840489,0.7064226107077124,0.5827155239511745,1.1144699557005888,1.114144498209598,1.0941557788102436,0.020314176890345204,0.019988719399354427,0.00032545749099077703,0.7084368166840489,1.1144699557005882,0.0,0.0
main,dfl_linear,2211-04-01,2211-01-01,0.0007431144263626,0.0016513653919168888,0.001663514852878,0.0066374741275165,0.0630018073375688,0.0030875923112034798,,0.012293287535114938,0.001389416540041566,0.0792958073174281,0.6805270752845332,0.6780263958746083,0.6068626004537101,1.1092714537760586,1.1088699225446432,1.0974432333440525,0.011828220432006153,0.011426689200590756,0.00040153123141539737,0.680527075284531,1.109271453776058,0.0,0.0
main,dfl_linear,2211-07-01,2211-04-01,0.0015581030038577,0.0034624511196837777,0.0032518751068126,0.0129441897154717,0.0806451831033858,0.0044772871769964695,,0.01778923071194216,0.0020147792296484114,0.08886818568075536,0.6045829072845157,0.6015280468998564,0.5704985144390258,1.0921499039845883,1.0916842853113826,1.0869547959353183,0.005195108049270036,0.004729489376064322,0.0004656186732057144,0.6045829072845157,1.0921499039845883,0.0,0.0
main,dfl_linear,2211-10-01,2211-07-01,0.0026557344849771,0.0059016321888379995,0.0052499613971614,0.0208350510606789,0.0929406078216865,0.00678629893809557,,0.026870120652624063,0.0030538345221430064,0.09967407961834755,0.5592955555787201,0.5559790287213248,0.5330928268747872,1.0791082483947767,1.078639150030189,1.0754020648747113,0.0037061835200653537,0.0032370851554777147,0.000469098364587639,0.5592955555787201,1.0791082483947765,0.0,0.0
main,dfl_linear,2212-01-01,2211-10-01,0.0014378412117737,0.0031952026928304443,0.0035021423345872,0.0139351509974449,0.0825662020846223,0.010550792329013348,,0.041539939635303,0.004747856548056007,0.11296072898624326,0.5980716610338381,0.5940578650694225,0.4919929781871382,1.0918767182354008,1.0912601125259114,1.0755807425360318,0.016295975699369025,0.01567936998987962,0.000616605709489404,0.5980716610338381,1.0918767182354003,0.0,0.0
main,dfl_linear,2212-04-01,2212-01-01,0.0037865039134857,0.008414453141079333,0.0076952541369566,0.0304275341812808,0.1031558223433096,0.005926297511905432,,0.023495295350971057,0.0026668338803574445,0.09607665423479882,0.5259218193931673,0.5217990779431134,0.5451488566156941,1.0684408153848546,1.0679043025875945,0.7053557498073393,0.3630850655775153,0.3625485527802552,0.0005365127972600803,0.5259218193931673,1.0684408153848544,0.03655871753140216,0.0
main,dfl_linear,2212-07-01,2212-04-01,0.0035906400196107,0.007979200043579333,0.0080987443177766,0.032003559787484,0.1046264221304256,0.012376311235129833,,0.04859376587062736,0.0055693400558084255,0.11875435912278025,0.522419468461004,0.5171404838394064,0.4757306008860002,1.0690082681966504,1.068310948114674,1.062840967607901,0.00616730058874948,0.005469980506773053,0.0006973200819764269,0.522419468461004,1.0690082681966502,0.0,0.0
main,dfl_linear,2212-10-01,2212-07-01,0.0035833810075226,0.007963068905605776,0.0098325412636126,0.0387538848972672,0.1106010461167116,0.011951235122978687,,0.046954756041402756,0.0053780558053404095,0.11742810406773953,0.5066255740549118,0.4988982243459968,0.4793689487727824,1.0669587718412892,1.0659374774720454,1.0633563675275428,0.0036024043137463657,0.0025811099445025576,0.0010212943692438081,0.5066255740549118,1.066958771841289,0.0,0.0
main,dfl_linear,2213-01-01,2212-10-01,0.0039086469687344,0.00868588215274311,0.0099816797240203,0.0393328834444037,0.111095475619211,0.01702842116355896,,0.06639354853883028,0.0076627895236015325,0.13247246053170986,0.5045303706275432,0.4974374791723256,0.4407410020784009,1.0650407912275495,1.0641264215499329,1.0568174785314643,0.008223312696085117,0.007308943018468517,0.0009143696776165999,0.5045303706275432,1.0650407912275492,0.0,0.0
main,dfl_linear,2213-04-01,2213-01-01,0.0041743927081831,0.009276428240406889,0.0113369577564465,0.0445824832427136,0.115488064197259,0.01966296322643757,,0.07636232001714105,0.008848333451896907,0.13956995997501764,0.49294482600296496,0.4847803134989812,0.4242759855256882,1.0622372778964644,1.0612064586104195,1.0535674197659592,0.008669858130505137,0.007639038844460266,0.0010308192860448706,0.4929448260029649,1.062237277896464,0.0,0.0
main,dfl_linear,2213-07-01,2213-04-01,0.0047983793060634,0.010663065124585333,0.01212362983824,0.0476197311872698,0.1179675350378795,0.029164627194404602,,0.11165355928966891,0.013124082237482071,0.16078917437816342,0.4855172269767455,0.4778832137158896,0.379718134569982,1.0582699359854681,1.0573537306701752,1.045572330217181,0.012697605768287046,0.01178140045299414,0.0009162053152929062,0.4855172269767455,1.058269935985468,0.0,0.0
main,dfl_linear,2213-10-01,2213-07-01,0.0039303067572897,0.008734015016199333,0.0115570377665713,0.04543291696365,0.1161864342863809,0.0318334586918354,,0.121381629469271,0.014325056411325933,0.16556609777956163,0.49184341014348043,0.4828199885240951,0.37021942663663066,1.0632987381199515,1.06213745143754,1.0476461045330552,0.01565263358689628,0.014491346904484725,0.0011612866824115553,0.4918434101434804,1.0632987381199517,0.0,0.0
main,dfl_linear,2214-01-01,2213-10-01,0.0061872697960726,0.013749488435716889,0.0117385525534425,0.0461338995208038,0.1167596237426874,0.021282479166984558,,0.0824506070709069,0.00957711562514305,0.14367382800102885,0.4850909819940491,0.4812214636970324,0.41517715030857355,1.0514813971626105,1.0510707356255564,1.044061630830603,0.007419766332007471,0.007009104794953425,0.00041066153705404673,0.4850909819940491,1.0514813971626105,0.0,0.0
main,dfl_linear,2214-04-01,2214-01-01,0.0047419737008155,0.010537719335145556,0.0109894415415203,0.0432384533126755,0.1143774012444716,0.02931790240108967,,0.11221443395827457,0.01319305608049035,0.161076678536078,0.49426802904372036,0.4879269639349425,0.37914558211578986,1.0595989689305527,1.0588343616320874,1.045717474003718,0.013881494926834659,0.013116887628369378,0.0007646072984652807,0.4942680290437203,1.0595989689305525,0.0,0.0
main,dfl_linear,2214-07-01,2214-04-01,0.0033300239103022,0.007400053134004889,0.009384137290108,0.0370114747542517,0.1090986456012922,0.02727471850812435,,0.10471601878462877,0.01227362332865596,0.1571073207673773,0.5111725096665811,0.5033824652916867,0.3870913411004934,1.0688548148291965,1.0678054977145213,1.052141111091527,0.01671370373766945,0.015664386622994186,0.0010493171146752633,0.5111725096665811,1.0688548148291963,0.0,0.0
main,dfl_linear,2214-10-01,2214-07-01,0.0040170218103048,0.008926715134010665,0.0090202842526616,0.0355958729830682,0.1078600901628731,0.01683046855032444,,0.06564127584127155,0.0075737108476459985,0.13191876714454015,0.5126177962813856,0.5071310733799336,0.4420681157812942,1.0655278210951458,1.0648264545033237,1.0565094708239193,0.009018350271226439,0.008316983679404366,0.0007013665918220724,0.5126177962813856,1.065527821095145,0.0,0.0
main,dfl_linear,2215-01-01,2214-10-01,0.0036309740744418,0.008068831276537333,0.0084597062618137,0.0334118418759287,0.1059116167965538,0.01962767355144024,,0.07622931827442625,0.008832453098148108,0.13947830536486547,0.5188266835454056,0.5131237441495607,0.42448251638510265,1.0683244204648084,1.0675733988972504,1.055900212632216,0.01242420783259246,0.011673186265034552,0.0007510215675579079,0.5188266835453262,1.0683244204647977,0.0,0.0
main,dfl_linear,2215-04-01,2215-01-01,0.0025935045035372,0.005763343341193778,0.0070215476765622,0.0277917601939782,0.1006014998386742,0.015871616080403328,,0.06199094444261266,0.007142227236181498,0.12919787436999408,0.536495063323667,0.5300483988573403,0.44868644444509403,1.076217147009822,1.075301301912741,1.0637426195233313,0.012474527486490805,0.011558682389409825,0.0009158450970809806,0.536495063323667,1.076217147009822,0.0,0.0
main,dfl_linear,2215-07-01,2215-04-01,0.0035976063031045,0.007994680673565555,0.0080046370081376,0.0316361502085404,0.1042868464580636,0.015422706492245197,,0.060278283910571995,0.006940217921510339,0.1279022442388747,0.5233288041940839,0.5182102867707122,0.4518963364591357,1.0690919290589582,1.0684161622372803,1.0596611334411825,0.009430795617775711,0.008755028796097797,0.0006757668216779145,0.5233288041940839,1.0690919290589582,0.0,0.0
main,dfl_linear,2215-10-01,2215-07-01,0.0031529693157026,0.007006598479339111,0.0091325255047333,0.0360327236512073,0.1082441728867757,0.01682763732969761,,0.06563051315168489,0.0075724367983639245,0.13191082780286226,0.5138821523285972,0.505963576592975,0.4420871920164209,1.0701296550094115,1.0690490045490115,1.0603317747458296,0.00979788026358186,0.008717229803181903,0.0010806504603999567,0.5138821523285972,1.0701296550094117,0.0,0.0
main,dfl_linear,2216-01-01,2215-10-01,0.0026449959232214,0.005877768718269778,0.008665480914103,0.0342139774442236,0.106633059859982,0.014682598412036896,,0.05744953601888425,0.006607169285416603,0.12573648070609672,0.5195397374719778,0.5108912669395597,0.45734970733406954,1.0735408710196432,1.0723166796632002,1.0647378697182726,0.008803001301370683,0.007578809944927656,0.0012241913564430273,0.5195397374719778,1.0735408710196428,0.0,0.0
main,dfl_linear,2216-04-01,2216-01-01,0.0038919979217381,0.00864888427052911,0.0070311288569164,0.0278292827309405,0.1006388418720538,0.010772314853966236,,0.04239798954296725,0.004847541684284806,0.11367830318375964,0.532677520850931,0.5299263683799893,0.4899260641534347,1.068758025461872,1.0684029066437464,1.063239666542872,0.005518358918999988,0.005163240100874322,0.0003551188181256659,0.532677520850931,1.0687580254618716,0.0,0.0
main,dfl_linear,2216-07-01,2216-04-01,0.0040321920873566,0.008960426860792443,0.0084200413832939,0.0332571657513586,0.1057716572865638,0.011571819894015789,,0.045490017742488065,0.005207318952307105,0.11623320711704249,0.5181243744311547,0.5135587042276201,0.4826891961318906,1.066153124875955,1.0655701888744424,1.0616288293772023,0.004524295498752773,0.003941359497240171,0.0005829360015126017,0.5181243744311547,1.0661531248759546,0.0,0.0
main,dfl_linear,2216-10-01,2216-07-01,0.005407167272233,0.012015927271628889,0.0100948439145322,0.0397720449269237,0.1114690133900175,0.01431758888065815,,0.05605209343433715,0.006442914996296167,0.12465492456151163,0.4998096181246565,0.4963387959182521,0.4601154215286951,1.056942473750233,1.056547048781979,1.0524201803294242,0.004522293420808898,0.004126868452554833,0.0003954249682540656,0.4998096181246565,1.0569424737502329,0.0,0.0
main,dfl_linear,2217-01-01,2216-10-01,0.0043101438593279,0.00957809746517311,0.0105458741541226,0.0415208829346154,0.1129447463768616,0.03011832945048809,,0.11513909533859557,0.01355324825271964,0.16255162751144145,0.4988653436389474,0.4920391848055304,0.37621250736578365,1.062307563756174,1.061454986337946,1.0469884009532018,0.015319162802972297,0.014466585384744324,0.0008525774182279733,0.4988653436389472,1.0623075637561736,0.0,0.0
main,dfl_linear,2217-04-01,2217-01-01,0.0049331978559829,0.010962661902184223,0.0126503950501893,0.0496494575179297,0.1196027909357486,0.022719398140907288,,0.08782720820231038,0.010223729163408279,0.14714580596861496,0.48138022560669397,0.4734285186226096,0.4076908571370412,1.0571244389331695,1.056180825598296,1.0483798673757,0.008744571557469438,0.007800958222595966,0.0009436133348734721,0.4813802256066939,1.057124438933169,0.0,0.0
main,dfl_linear,2217-07-01,2217-04-01,0.0084237167136759,0.018719370474835333,0.0133153642235001,0.0522070751116849,0.1216399996454025,0.041032109409570694,,0.15430013121763542,0.018464449234306814,0.1786985536303048,0.4689030069417206,0.4679801399764894,0.0,1.0392766441995305,1.0391993422481665,1.0,0.039276644199530475,0.03919934224816646,7.730195136401719e-05,0.4689030069417206,1.0392766441995305,0.0,0.0
main,dfl_linear,2217-10-01,2217-07-01,0.0069572690619937,0.015460597915541555,0.013595682104932,0.0532836910649493,0.1224899418802012,0.06903069466352463,,0.2488244407656538,0.031063812598586083,0.19718674245318787,0.47026245682852,0.4657394172237951,0.0,1.0462866683280891,1.0458414777095768,1.0,0.04628666832808914,0.045841477709576806,0.00044519061851233666,0.47026245682852,1.0462866683280891,0.0,0.0
main,dfl_linear,2218-01-01,2217-10-01,0.0061071811337095,0.013571513630465555,0.0132836809691059,0.0520853316095115,0.1215436062055758,0.05943030118942261,,0.21735658776714872,0.026743635535240173,0.1935588665197843,0.47426903100435613,0.4682354543295355,0.0,1.0507127284242068,1.0500675689992094,1.0,0.05071272842420682,0.05006756899920939,0.0006451594249974324,0.4742690310043559,1.0507127284242066,0.0,0.0
main,dfl_linear,2218-04-01,2218-01-01,0.0059824113349678,0.013294247411039555,0.0127321525649841,0.0499641936477274,0.1198548735531024,0.043735090643167496,,0.16379477361241812,0.019680790789425372,0.18171440911974276,0.47838354615177037,0.4727483132706668,0.0,1.051749564263893,1.051139967950498,1.0,0.05174956426389299,0.05113996795049802,0.0006095963133949667,0.4783835461517703,1.0517495642638923,0.0,0.0
main,dfl_linear,2218-07-01,2218-04-01,0.0063471422603936,0.014104760578652445,0.0130128191253195,0.0510440610807571,0.1207168025938663,0.04030933231115341,,0.15174762073226045,0.018139199540019035,0.17783307480145027,0.4755927098102585,0.4704354536860975,0.0,1.0497130293764054,1.0491739487304796,1.0,0.049713029376405427,0.049173948730479644,0.0005390806459257824,0.4755927098102585,1.0497130293764052,0.0,0.0
main,dfl_linear,2218-10-01,2218-07-01,0.0046899752080344,0.010422167128965334,0.0125477686893767,0.0492542733826202,0.1192857160382653,0.04832376912236214,,0.1797298835040385,0.021745696105062964,0.18610172118156368,0.48268210391847716,0.4742865508626406,0.0,1.0584529224509087,1.0574362188944242,1.0,0.05845292245090872,0.057436218894424185,0.0010167035564845328,0.4826821039184771,1.0584529224509085,0.0,0.0
main,dfl_linear,2219-01-01,2218-10-01,0.006111145146037,0.01358032254674889,0.0131564943011989,0.0515964963959921,0.1211559799182809,0.029495127499103546,,0.11286261650932927,0.013272807374596596,0.1614070667925925,0.4751335851888493,0.4692646196164243,0.3784880195882636,1.0507863392832668,1.050159014071801,1.0404560350534284,0.010330304229838383,0.00970297901837247,0.0006273252114659122,0.4751335851888493,1.0507863392832664,0.0,0.0
main,dfl_linear,2219-04-01,2219-01-01,0.0042902758947518,0.009533946432781777,0.0105361460101391,0.0414831879667556,0.1129131261133488,0.035126958042383194,,0.13327626362571698,0.015807131119072438,0.17082605805428386,0.49899351765999916,0.4921306345621208,0.35946232507708475,1.0624227123623389,1.061564184621128,1.0449677451294537,0.0174549672328852,0.01659643949167422,0.0008585277412109793,0.4989935176599991,1.0624227123623384,0.0,0.0
main,dfl_linear,2219-07-01,2219-04-01,0.0035002291175517,0.007778286927892666,0.0093956833166074,0.0370563700443917,0.1091376487324186,0.020780853927135468,,0.08056806221893564,0.00935138426721096,0.1424242159509748,0.5106264466645237,0.503265181000149,0.4179177157208788,1.0679121474715687,1.0669331160041584,1.0555820986680384,0.01233004880353028,0.011351017336119984,0.0009790314674102962,0.5106264466645237,1.0679121474715687,0.0,0.0
main,dfl_linear,2219-10-01,2219-07-01,0.0050903373546564,0.011311860788125334,0.0103435882516243,0.0407368292866558,0.1122853796261714,0.015169873833656311,,0.05931265581754275,0.0068264432251453405,0.1271665145566668,0.4985648321222241,0.4939522350576154,0.4537364132442045,1.0583802599098362,1.0578401403543811,1.0531310032899786,0.005249256619857645,0.004709137064402569,0.0005401195554550764,0.4985648321222241,1.058380259909836,0.0,0.0
main,dfl_linear,2220-01-01,2219-10-01,0.0043035994637084,0.009563554363796445,0.0096843052806435,0.0381781307142545,0.1101070870835799,0.02466869167983532,,0.09508317826964285,0.011100911255925895,0.15160115394334064,0.5060455042991266,0.5003649697846996,0.39833408533283504,1.0632374731131156,1.0625276107675905,1.0497774227757646,0.013460050337350982,0.012750187991825923,0.0007098623455250586,0.5060455042991266,1.0632374731131156,0.0,0.0
main,dfl_linear,2220-04-01,2220-01-01,0.0043623409018843,0.009694090893076221,0.0103924286111143,0.0409261769813744,0.1124449405932997,0.016186416149139404,,0.06319055891451442,0.007283887267112732,0.13009821235131191,0.4999817891433946,0.4934881036675071,0.44647834392194635,1.062186030486315,1.06137836802392,1.0555314543639243,0.006654576122390843,0.005846913659995678,0.0008076624623951645,0.4999817891433946,1.0621860304863149,0.0,0.0
main,dfl_linear,2220-07-01,2220-04-01,0.003335480890617,0.007412179756926666,0.0086492880490941,0.034150873716589,0.1065765615802164,0.025594785809516907,,0.0985152235936283,0.011517653614282608,0.1536161200416975,0.5178340877781505,0.5110655180609966,0.39418328654007057,1.0697238697037883,1.0688125143407898,1.0530748839421817,0.01664898576160656,0.015737630398608093,0.0009113553629984672,0.5178340877781505,1.069723869703788,0.0,0.0
main,dfl_linear,2220-10-01,2220-07-01,0.0051554074629427,0.011456461028761555,0.0099430023127426,0.0391827516989554,0.1109674887347844,0.012125348672270775,,0.04762635946341154,0.0054564069025218485,0.11797290259347948,0.5016985096582591,0.4978148915503654,0.4778684699470643,1.0584207472141933,1.0579685157098335,1.0556458361884058,0.00277491102578753,0.0023226795214277285,0.0004522315043598013,0.5016985096582591,1.058420747214193,0.0,0.0
main,dfl_linear,2221-01-01,2220-10-01,0.0033139208184329,0.007364268485406444,0.007936750484019,0.0313710457260171,0.1040406397911217,0.024239033460617065,,0.09348756890082977,0.01090756505727768,0.15064417802261654,0.5247840755087965,0.5189881634761324,0.4003221586882602,1.0707727959553712,1.069991154669352,1.0539877633020576,0.01678503265331366,0.01600339136729434,0.0007816412860193189,0.5247840755087965,1.0707727959553712,0.0,0.0
main,dfl_linear,2221-04-01,2221-01-01,0.0015885459694439,0.0035301021543197777,0.0041811887070369,0.0166201528763263,0.087119791209568,0.012909932062029839,,0.050648309000178804,0.005809469427913427,0.12040145305112489,0.5817053531891028,0.576896634198034,0.4712793381199705,1.0884858423936443,1.0877543663148592,1.0716884398736284,0.016797402520015936,0.016065926441230838,0.0007314760787850982,0.5817053531891028,1.0884858423936443,0.0,0.0
main,dfl_linear,2221-07-01,2221-04-01,0.0016085974809919,0.003574661068870889,0.0044907412348634,0.0178423262464708,0.088944809306271,0.006686162669211626,,0.026477615664385334,0.0030087732011452317,0.09927281492486187,0.5755282776392533,0.5702204330485932,0.5344181544796098,1.0874308172668934,1.0866244812300427,1.081185612981652,0.006245204285241446,0.0054388682483907935,0.0008063360368506522,0.5755282776392533,1.0874308172668934,0.0,0.0
main,dfl_linear,2221-10-01,2221-07-01,0.0025584960356037,0.005685546745786,0.0061930201951051,0.0245429084105865,0.0972320131407778,0.007753284182399511,,0.03065431692787468,0.00348897788207978,0.10336976442539161,0.5464764223088915,0.5412342016383952,0.5211172134523743,1.0778264613476118,1.0770798902830006,1.0742149286129714,0.0036115327346404325,0.0028649616700291425,0.00074657106461129,0.5464764223088915,1.0778264613476116,0.0,0.0
main,dfl_linear,2222-01-01,2221-10-01,0.0031631128005086,0.0070291395566857776,0.0054074899248196,0.0214551456410347,0.0937011655021726,0.010184923186898232,,0.0401215120618994,0.004583215434104205,0.11176538108229768,0.5553572340972378,0.5533248895076991,0.495470083695976,1.0757334395680558,1.0754562910288752,1.067566696420846,0.008166743147209887,0.007889594608029293,0.0002771485391805939,0.5553572340972376,1.0757334395680556,0.0,0.0
main,dfl_linear,2222-04-01,2222-01-01,0.0019630872144779,0.004362416032173111,0.0047932721910933,0.0190356759972156,0.0906099574522004,0.00833034422248602,,0.03290731658992052,0.003748654900118709,0.10545404033004589,0.5689154414844363,0.564224191420276,0.514548015522724,1.084409487876414,1.0837134511958433,1.0763430403027412,0.008066447573672697,0.007370410893102086,0.0006960366805706109,0.5689154414844363,1.0844094878764134,0.0,0.0
main,dfl_linear,2222-07-01,2222-04-01,0.0028147491611298,0.0062549981358440004,0.0056226936869955,0.0223017966814504,0.0947091025599066,0.009369724430143833,,0.03695542993529588,0.004216375993564725,0.10904993334273244,0.5533303902980419,0.5498347605964738,0.503529009407433,1.0773846430508807,1.076895770468718,1.070419795012108,0.006964848038772731,0.006475975456610161,0.0004888725821625695,0.5533303902980419,1.0773846430508804,0.0,0.0
main,dfl_linear,2222-10-01,2222-07-01,0.0016881226944439,0.003751383765430889,0.0036879875088056,0.0146705429840261,0.0838998508957716,0.012637205421924591,,0.04959867501298176,0.005686742439866066,0.11956208064142723,0.5924592615323659,0.5889543094161831,0.47353853334016166,1.0895317166881748,1.0890020526247584,1.0715605621528952,0.017971154535279643,0.017441490471863164,0.0005296640634164795,0.5924592615323659,1.0895317166881744,0.0,0.0
main,dfl_linear,2223-01-01,2222-10-01,0.0019356774978096,0.004301505550688,0.0040615539815936,0.0161475063309413,0.0863768777544712,0.006285344250500202,,0.024905335351213642,0.002828404912725091,0.0976229478379064,0.5830476936962595,0.5796464433760594,0.5399187601055484,1.0866660895325952,1.0861605167158936,1.0802552657519164,0.006410823780678809,0.005905250963977204,0.0005055728167016049,0.5830476936962595,1.0866660895325948,0.0,0.0
main,dfl_linear,2223-04-01,2223-01-01,0.0014788644027844,0.003286365339520889,0.0030856821733374,0.0122857175163252,0.0792796686436282,0.005362339783459902,,0.021277446948916534,0.002413052902556956,0.09348523253051232,0.6099103089051213,0.6069268542437875,0.5540766287091652,1.0934451854487501,1.0929880863146055,1.084890831597012,0.008554353851738083,0.008097254717593483,0.0004570991341446007,0.6099103089051213,1.09344518544875,0.0,0.0
main,dfl_linear,2223-07-01,2223-04-01,0.0016902507926569,0.003756112872570889,0.0033679948165337,0.0134040716208597,0.0815555442102236,0.005307354498654604,,0.021061007121031206,0.002388309524394572,0.09322005493967163,0.6007961851108956,0.5979701209601801,0.5550017669797409,1.090778796817541,1.090351785611929,1.0838593750869616,0.006919421730579467,0.006492410524967296,0.0004270112056121711,0.6007961851108956,1.0907787968175406,0.0,0.0
main,dfl_linear,2223-10-01,2223-07-01,0.0013667242067141,0.003037164903809111,0.0046367072795426,0.0184182330688724,0.0897616407115544,0.006520979572087526,,0.025829886603663366,0.002934440807439387,0.09860171762773882,0.5736301133130608,0.5672678369499465,0.5366456227126994,1.088529917420943,1.0875480097630923,1.0828219989858474,0.00570791843509566,0.004726010777244882,0.000981907657850778,0.5736301133130608,1.0885299174209428,0.0,0.0
main,dfl_linear,2224-01-01,2223-10-01,0.0028178365460098,0.006261858991132889,0.0061273429184266,0.0242850244646584,0.0969511916365109,0.006376292090862989,,0.025262261071685832,0.0028693314408883455,0.09800386144210356,0.5465405846113462,0.5421819839328678,0.5386414867336395,1.076418197882752,1.07580877121158,1.0753137331061005,0.0011044647766516036,0.0004950381054795727,0.0006094266711720309,0.5465405846113462,1.0764181978827516,0.0,0.0
main,dfl_linear,2224-04-01,2224-01-01,0.0021873477432613,0.004860772762802889,0.0049801190098381,0.0197721599715079,0.0915878353104259,0.007054740563035011,,0.027921748028495674,0.003174633253365755,0.1007307293152456,0.5650509743494009,0.5607440461981278,0.5296262572958599,1.0825689339549918,1.0819395775212983,1.0773924432390243,0.0051764907159674856,0.004547134282274046,0.0006293564336934399,0.5650509743494009,1.082568933954991,0.0,0.0
main,dfl_linear,2224-07-01,2224-04-01,0.0012152189238389,0.002700486497419778,0.0025131829266708,0.0100148986301951,0.0738928768563029,0.008820679970085621,,0.034818632606689603,0.00396930598653853,0.10717230155652598,0.6316796286658304,0.6290003529239442,0.5092330700419379,1.0984458872302771,1.098028327971477,1.07936285913345,0.019083028096827048,0.018665468838027,0.00041755925880004874,0.6316796286658304,1.0984458872302767,0.0,0.0
main,dfl_linear,2224-10-01,2224-07-01,0.0019554558183624,0.004345457374138667,0.0046166751504994,0.0183392116045747,0.0896510699102683,0.006009839475154877,,0.023823515830622255,0.0027044277638196947,0.09644287078650103,0.5720610182173703,0.5676662591667062,0.5439036454734856,1.0849198505952033,1.0842674686462508,1.0807400169578492,0.004179833637354191,0.0035274516884016283,0.0006523819489525629,0.5720610182173703,1.0849198505952031,0.0,0.0
main,dfl_linear,2225-01-01,2224-10-01,0.0019006095653751,0.004223576811944667,0.0047498862798672,0.0188646047491324,0.0903776305666358,0.007210498210042715,,0.028531541962708462,0.003244724194519222,0.10133211029382005,0.5698712222470277,0.565055462930794,0.5276684833528008,1.0849073383771537,1.084189819594236,1.0786193875351975,0.0062879508419562136,0.005570432059038621,0.0007175187829175922,0.5698712222470277,1.0849073383771533,0.0,0.0
main,dfl_linear,2225-04-01,2225-01-01,0.0019270402122806,0.004282311582845778,0.0039103686041324,0.0155499674605078,0.0854046119519452,0.0050531537272036076,,0.020059924197504242,0.0022739191772416234,0.09196059271206142,0.5864013903662065,0.5832739878755888,0.5594253610565791,1.0872152429837934,1.0867501056689637,1.0832031089922491,0.004012133991544209,0.0035469966767145422,0.0004651373148296667,0.5864013903662065,1.0872152429837931,0.0,0.0
main,dfl_linear,2225-07-01,2225-04-01,0.0018736606783726,0.004163690396383556,0.0051767434096998,0.0205467358060529,0.0925800401505669,0.004461049102246761,,0.01772514537500569,0.0020074720960110426,0.08877539682537647,0.5628928589503607,0.5572435448906751,0.5708355235805267,1.0840192981441403,1.083176062358247,0.9441005143474248,0.13991878379671552,0.13907554801082211,0.0008432357858934036,0.5628928589503607,1.08401929814414,0.014110433287059299,0.0
main,dfl_linear,2225-10-01,2225-07-01,0.0019693196850012,0.004376265966669333,0.004897285663695,0.019445711452724,0.091158741441786,0.0063911001197993755,,0.025320366053952048,0.0028759950539097193,0.09806549992433504,0.5671247010390745,0.5622674245505276,0.5384352147560101,1.0841084513984978,1.0833880842504653,1.079853605403841,0.004254845994656753,0.0035344788466242782,0.0007203671480324747,0.5671247010390745,1.084108451398497,0.0,0.0
main,dfl_linear,2226-01-01,2225-10-01,0.0015423705366202,0.0034274900813782224,0.0033355606369451,0.0132756350807375,0.0813046983083701,0.004514643922448158,,0.01793665128595301,0.002031589765101671,0.08908037211964104,0.6022388703072548,0.5989472471946402,0.5697289129036012,1.0918873753159253,1.0913851516580717,1.0869271264765732,0.004960248839352088,0.004458025181498515,0.0005022236578535733,0.6022388703072548,1.091887375315925,0.0,0.0
main,dfl_linear,2226-04-01,2226-01-01,0.0014758480354735,0.0032796623010522222,0.0024416843970095,0.0097310248438849,0.0731308564078439,0.004525402095168829,,0.0179791030841564,0.002036430942825973,0.08914115144809479,0.6336866324848455,0.6322294605715882,0.5695087358079383,1.0971071025408683,1.096883803302496,1.0872723841264622,0.009834718414406085,0.009611419176033698,0.00022329923837238752,0.6336866324848455,1.097107102540868,0.0,0.0
main,dfl_linear,2226-07-01,2226-04-01,0.0009954767940519,0.002212170653448667,0.0027706497227008,0.0110366249081282,0.07646090799584,0.004465725272893906,,0.017743600715103613,0.0020095763728022577,0.08880215264571721,0.6224464651771006,0.6183173072216129,0.5707383171951863,1.0983746960335186,1.0977221023062331,1.0902024697863508,0.008172226247167735,0.007519632519882302,0.0006525937272854332,0.6224464651771006,1.0983746960335186,0.0,0.0
main,dfl_linear,2226-10-01,2226-07-01,0.0016912387796613,0.0037583083992473332,0.0033405056065738,0.0132952175420376,0.0813431114667043,0.004540726542472839,,0.01803957104596743,0.002043326944112778,0.08922747870635776,0.601560379067365,0.598797460522202,0.5691962180007715,1.0908883212694525,1.0904708785037511,1.085998497452935,0.004889823816517369,0.004472381050816043,0.00041744276570132577,0.601560379067365,1.0908883212694522,0.0,0.0
main,dfl_linear,2227-01-01,2226-10-01,0.0018246735012702,0.004054830002822666,0.0035139785393191,0.0139819992968164,0.082653374786344,0.0058850315399467945,,0.023333138662168684,0.0026482641929760574,0.09589422331513862,0.5963809838202385,0.5937222461028868,0.5457706739010753,1.0893099995034177,1.0889118448494988,1.081730940351004,0.007579059152413636,0.0071809044984947334,0.0003981546539189029,0.5963809838202385,1.089309999503417,0.0,0.0
main,dfl_linear,2227-04-01,2227-01-01,0.0015247780086283,0.0033883955747295554,0.0033345562526668,0.0132716576058801,0.0812968886518752,0.0064048138447105885,,0.02537417479763604,0.002882166230119765,0.0981224899235167,0.6023310091867609,0.5989777096448154,0.5382446004702243,1.0920073987761472,1.0914951748270791,1.0822180575783984,0.009789341197748769,0.009277117248680744,0.0005122239490680247,0.6023310091867606,1.092007398776147,0.0,0.0
main,dfl_linear,2227-07-01,2227-04-01,0.0017542653369632,0.0038983674154737776,0.0044157722306004,0.0175464386891887,0.0885148583836215,0.005406504962593317,,0.02145126935545938,0.0024329272331669928,0.09369647201202018,0.576471462320409,0.571783309036736,0.5533412116753402,1.086734366628857,1.0860289995251988,1.0832542504899045,0.0034801161389523827,0.0027747490352942883,0.0007053671036580944,0.576471462320409,1.0867343666288567,0.0,0.0
main,dfl_linear,2227-10-01,2227-07-01,0.0024206880921977,0.005379306871550444,0.0047399581351644,0.0188254547915529,0.0903241753578294,0.0052042012102901936,,0.020654865642520726,0.0023418905446305873,0.09271580250895918,0.5683598694986955,0.5652469704292512,0.556766953361826,1.0817262383939956,1.0812786249274244,1.080059256823465,0.001666981570530579,0.001219368103959395,0.00044761346657118395,0.5683598694986955,1.081726238393995,0.0,0.0
main,dfl_linear,2228-01-01,2227-10-01,0.0016742081926698,0.003720462650377333,0.0035951575984469,0.0143032651497043,0.0832429068790774,0.008184382691979408,,0.0323378144554437,0.003682972211390734,0.10493375520864913,0.594823428755412,0.5914600087450208,0.5161753147612791,1.0899717534547666,1.0894630095463889,1.0780756034716223,0.011896149983144255,0.011387406074766515,0.0005087439083777401,0.5948234287554119,1.0899717534547666,0.0,0.0
main,dfl_linear,2228-04-01,2228-01-01,0.0014512953666645,0.0032251008148099997,0.0045709481873699,0.0181588129226041,0.0893968753793565,0.006001311354339123,,0.02379001425902172,0.0027005901094526055,0.09640567388650434,0.5745535733756736,0.568583679772098,0.5440299378792288,1.0881865309377068,1.087270229601569,1.0835015482820014,0.004684982655705383,0.003768681319567646,0.000916301336137737,0.5745535733756733,1.0881865309377063,0.0,0.0
main,dfl_linear,2228-07-01,2228-04-01,0.0025005827328675,0.005556850517483333,0.0042466917475785,0.0168788666662759,0.0875172709768228,0.006973259150981903,,0.02760263251665629,0.0031379666179418564,0.10041280131506182,0.5773076937861726,0.5754331134492855,0.5306657160864675,1.0825516360497445,1.082283581985365,1.0758821050368206,0.0066695310129238905,0.006401476948544316,0.0002680540643795748,0.5773076937861726,1.082551636049744,0.0,0.0
main,dfl_linear,2228-10-01,2228-07-01,0.0024711318790317,0.005491404175626,0.0043296496002135,0.0172064475076019,0.0880117051845162,0.005812338553369045,,0.023047438834842948,0.0026155523490160705,0.09557030406489704,0.5757621284362755,0.5736200181358118,0.5468772426726762,1.082500196074114,1.0821932559141547,1.0783613188861556,0.004138877187958467,0.0038319370279991105,0.00030694015995935686,0.5757621284362755,1.082500196074114,0.0,0.0
main,dfl_linear,2229-01-01,2228-10-01,0.0018600423621599,0.004133427471466444,0.0040174313213095,0.0159731458596373,0.0860971052667007,0.008375893346965313,,0.03308498539283278,0.0037691520061343907,0.10561552506233149,0.5842583839202657,0.5806869080287207,0.5140446357227395,1.0872879550532168,1.0867543780679738,1.0767980508165667,0.010489904236650194,0.00995632725140716,0.0005335769852430339,0.5842583839202655,1.0872879550532164,0.0,0.0
main,dfl_linear,2229-04-01,2229-01-01,0.0016775758728715,0.003727946384158889,0.0045620485476989,0.0181236998225893,0.0893471081516788,0.006144003476947546,,0.024350447524982388,0.002764801564626396,0.09702264749733565,0.5739714763486244,0.5687635403468155,0.5419405895970297,1.08679840102218,1.0860108348517168,1.0819545544759237,0.0048438465462563585,0.0040562803757930865,0.0007875661704632719,0.5739714763486244,1.0867984010221798,0.0,0.0
main,dfl_linear,2229-07-01,2229-04-01,0.0014720035138763,0.003271118919725111,0.0035346807065309,0.0140639355125881,0.0828050909871248,0.00689820758998394,,0.027308629500077286,0.0031041934154927733,0.10011783874327895,0.5970965708711476,0.5931388142850608,0.5316328416301404,1.0915229414018945,1.0909162966114494,1.0814886632841474,0.010034278117747153,0.00942763332730201,0.0006066447904451433,0.5970965708711476,1.091522941401894,0.0,0.0
main,dfl_linear,2229-10-01,2229-07-01,0.0015026799857282,0.003339288857173778,0.0048062865127658,0.0190869872855509,0.09067924890128,0.005489542614668608,,0.021778020793024044,0.0024702941766008737,0.09408953137126072,0.5701841682190165,0.563976597009462,0.551976439053798,1.0872228968831767,1.0862733048501372,1.0844376022854414,0.002785294597735355,0.0018357025646957847,0.0009495920330395702,0.5701841682190165,1.0872228968831763,0.0,0.0
main,dfl_linear,2230-01-01,2229-10-01,0.0018668167095722,0.004148481576827111,0.0058277300391131,0.0231079360742196,0.0956391648027411,0.005805787164717913,,0.023021687321581052,0.002612604224123061,0.09554094782170085,0.5533851130279206,0.5466417365246962,0.5469776860115583,1.0826380128291193,1.0816310124572102,1.0816811804098467,0.0009568324192725797,-5.016795263657059e-05,0.0010070003719091503,0.5533851130279206,1.0826380128291135,0.0,0.0
main,dfl_linear,2230-04-01,2230-01-01,0.0036341124563846,0.008075805458632445,0.0076324781092447,0.030182159222402,0.1029233955316546,0.008460463024675846,,0.03341479274817527,0.003807208361104131,0.10591428418190986,0.5269883678982613,0.52254144981748,0.5131154633662198,1.0693826958854193,1.0687972196517466,1.0675562048756975,0.0018264910097218756,0.0012410147760490986,0.000585476233672777,0.5269883678982612,1.0693826958854191,0.0,0.0
main,dfl_linear,2230-07-01,2230-04-01,0.0040387497928598,0.008974999539688444,0.0066687260879926,0.0264092572122824,0.0992025240867073,0.014221228659152985,,0.05568291826217808,0.006399552896618844,0.12436793035188806,0.5363619198144531,0.5346508196759159,0.46085416025794107,1.068446486603343,1.0682281288333697,1.0588107524805308,0.009635734122812156,0.009417376352838902,0.00021835776997325418,0.5363619198144531,1.068446486603343,0.0,0.0
main,dfl_linear,2230-10-01,2230-07-01,0.0048707923978212,0.010823983106269334,0.0093540633518321,0.0368945286102938,0.1089969710115743,0.009464575909078121,,0.037324217707813356,0.004259059159085155,0.10937000843559778,0.5074396628830147,0.5036884225202137,0.5025674321287776,1.060533530841111,1.0600860375905756,1.0599523123195809,0.0005812185215301469,0.00013372527099475562,0.00044749325053539124,0.5074396628830147,1.060533530841111,0.0,0.0
main,dfl_linear,2231-01-01,2230-10-01,0.0036196743179661,0.008043720706591333,0.0088857144762442,0.0350719224595272,0.1073970843303483,0.016246840357780457,,0.06342068687899749,0.007311078161001206,0.13027024469509055,0.514888619706867,0.5085444950487521,0.4460584926092532,1.067863996977094,1.0670278206854802,1.0587919620582706,0.009072034918823357,0.008235858627209547,0.0008361762916138105,0.514888619706867,1.067863996977094,0.0,0.0
main,dfl_linear,2231-04-01,2231-01-01,0.0048408519346186,0.010757448743596888,0.0097656904415081,0.0384942657772362,0.1103786008357917,0.009541235864162445,,0.03762219843091852,0.0042935561388731,0.10962784705567678,0.5039828371621351,0.4995578308998263,0.5017951030223166,1.0602720537203298,1.0597428606695174,1.060010419355272,0.0002616343650578834,-0.0002675586857545653,0.0005291930508124487,0.5039828371621351,1.0602720537203294,0.0,0.0
main,dfl_linear,2231-07-01,2231-04-01,0.0062192917479138,0.013820648328697335,0.0117782953541331,0.0462873286511197,0.1168847930859827,0.016296880319714546,,0.06361123393626744,0.007333596143871546,0.130412520584896,0.48472137143116883,0.480873627050102,0.4457117577074561,1.051286954146643,1.050879835539396,1.0471594607282713,0.004127493418371708,0.003720374811124749,0.00040711860724695903,0.4847213714311688,1.0512869541466427,0.0,0.0
main,dfl_linear,2231-10-01,2231-07-01,0.0049703511880945,0.01104522486243222,0.0119525543067854,0.046959845827979,0.1174322400158687,0.024888183921575546,,0.09589748693424638,0.011199682764708997,0.1520845968104353,0.486375187600047,0.4793575276945168,0.3973339532928076,1.0575364766013322,1.0567063120796936,1.0470032112849998,0.010533265316332363,0.00970310079469372,0.0008301645216386433,0.486375187600047,1.0575364766013318,0.0,0.0
main,dfl_linear,2232-01-01,2231-10-01,0.0052027089783526,0.011561575507450222,0.009941802823989,0.0391780954354038,0.1109635168885766,0.015443949960172176,,0.06035938390013773,0.006949777482077479,0.12796386515760697,0.5015894637656444,0.4978266170834228,0.4517427953486796,1.0581707898468224,1.0577344015663863,1.0523899266459114,0.0057808632009110905,0.005344474920474962,0.00043638828043612854,0.5015894637656444,1.0581707898468222,0.0,0.0
main,dfl_linear,2232-04-01,2232-01-01,0.0044125083999611,0.009805574222135778,0.0086027519941566,0.0339695051155335,0.106413938037925,0.013038137927651405,,0.05114143014009043,0.005867162067443132,0.12079429585560897,0.5153936542366894,0.5115676332270597,0.47022848853082394,1.0638443456257034,1.0633703975945197,1.0582495145177457,0.005594831107957665,0.005120883076773941,0.0004739480311837241,0.5153936542366894,1.0638443456257032,0.0,0.0
main,dfl_linear,2232-07-01,2232-04-01,0.0021369883183396,0.004748862929643556,0.0061799862869726,0.0244917344160444,0.0971764659515752,0.010028637014329433,,0.03951513104300619,0.004512886656448245,0.11125064174687137,0.5479048120060066,0.5414214851515236,0.49698058068803513,1.0803393465888202,1.079388695614787,1.0728723206018702,0.007467025986950038,0.006516375012916686,0.0009506509740333513,0.5479048120060066,1.08033934658882,0.0,0.0
main,dfl_linear,2232-10-01,2232-07-01,0.0023603445882682,0.005245210196151556,0.0066272041466405,0.0262464599116479,0.0990346262653276,0.009253331460058689,,0.03650274288439126,0.00416399915702641,0.10865552486226356,0.5417265608266033,0.535207172052351,0.5047182108236012,1.0782234486571871,1.0772820713832336,1.072879570443186,0.005343878214001174,0.004402500940047682,0.000941377273953492,0.5417265608266033,1.078223448657187,0.0,0.0
main,dfl_linear,2233-01-01,2232-10-01,0.0024428811940583,0.00542862487568511,0.0050144521129601,0.0199074437878018,0.0917637035191603,0.009130493737757206,,0.036024817193673675,0.004108722181990743,0.10823723676055193,0.5636769267292787,0.5601213463520888,0.5059846195416059,1.0809277660522034,1.0804172871532092,1.0726448129673805,0.008282953084822964,0.007772474185828715,0.0005104788989942488,0.5636769267292787,1.0809277660522032,0.0,0.0
main,dfl_linear,2233-04-01,2233-01-01,0.002724141828613,0.006053648508028889,0.005471034145765,0.0217051974400508,0.0940023769312509,0.009405496530234814,,0.037094526272780204,0.004232473438605666,0.10917078448630599,0.5557824356133438,0.552278647660851,0.5031655775617343,1.0782311473784145,1.0777379591555951,1.07082487306483,0.007406274313584538,0.00691308609076513,0.0004931882228194073,0.5557824356133438,1.078231147378414,0.0,0.0
main,dfl_linear,2233-07-01,2233-04-01,0.0026026685458925,0.005783707879761111,0.0057086402020389,0.0226397724541536,0.0951023756538062,0.01080731488764286,,0.04253350667173983,0.004863291699439287,0.11379127339833355,0.5527761729041067,0.5484813947878082,0.48960204845634303,1.0784794654665264,1.077869721582137,1.069510425625447,0.00896903984107933,0.008359295956689827,0.000609743884389502,0.5527761729041061,1.078479465466526,0.0,0.0
main,dfl_linear,2233-10-01,2233-07-01,0.0035985482213994,0.007996773825332,0.0066542209192359,0.0263523883399297,0.0991439536944596,0.0076256729662418365,,0.030155556912937143,0.0034315528348088267,0.10289813681638317,0.5378006447351964,0.5348448031175896,0.5226222245717886,1.0709974927797201,1.0706072787739198,1.0689937209610945,0.002003771818625655,0.0016135578128253503,0.0003902140058003045,0.5378006447351811,1.070997492779718,0.0,0.0
main,dfl_linear,2234-01-01,2233-10-01,0.0051606744094666,0.011468165354370221,0.0113273821460697,0.0445454682500978,0.115457591933787,0.010413702577352524,,0.0410086446051231,0.004686166159808636,0.11251436956383053,0.4906331500421575,0.4848661688235097,0.49328638697159477,1.057106389788497,1.056435152067713,1.0033375883456241,0.05376880144287277,0.05309756372208896,0.0006712377207838127,0.4906331500421575,1.0571063897884967,0.005407762032777819,0.0
main,dfl_linear,2234-04-01,2234-01-01,0.0053658521602656,0.011924115911701333,0.0106496689728015,0.0419230016807231,0.1132815718897174,0.021755686029791832,,0.08422384957327733,0.009790058713406324,0.1448348513368324,0.4954237006631628,0.4910669342899716,0.4126532717439811,1.0566474783669093,1.0561493192587663,1.0471833851567078,0.009464093210201474,0.008965934102058482,0.0004981591081429926,0.4954237006631628,1.056647478366909,0.0,0.0
main,dfl_linear,2234-07-01,2234-04-01,0.0045027615954911,0.010006136878869112,0.0086050455954279,0.0339784447452801,0.1064219621359022,0.015248994342982769,,0.059614915836193605,0.006862047454342247,0.12739721396950307,0.5151327350561902,0.5115428397498302,0.4531580610930454,1.063347100529527,1.0629056425452312,1.055725927121862,0.007621173407664994,0.0071797154233692595,0.00044145798429573446,0.5151327350561902,1.0633471005295267,0.0,0.0
main,dfl_linear,2234-10-01,2234-07-01,0.0037329599696481,0.008295466599218,0.0067379438961675,0.0266805978034244,0.0994808183439256,0.015902794897556305,,0.062109809515483616,0.007156257703900337,0.12928735094594665,0.5364410340020809,0.5337305340964901,0.4484661844700108,1.0700969646522855,1.069742782544599,1.0586012558472881,0.011495708804997395,0.011141526697310944,0.00035418210768645153,0.5364410340020809,1.070096964652285,0.0,0.0
main,dfl_linear,2235-01-01,2234-10-01,0.003807731833345,0.008461626296322222,0.0073683232024039,0.0291491369106027,0.1019334553077503,0.012817508541047573,,0.05029269910057155,0.005767878843471408,0.12011756593047172,0.5292652209141258,0.5257218710717935,0.4720413035739678,1.0687635568140021,1.0683031953004036,1.0613288720177039,0.007434684796298274,0.006974323282699757,0.0004603615135985173,0.5292652209141258,1.068763556814002,0.0,0.0
main,dfl_linear,2235-04-01,2235-01-01,0.00179708592491,0.003993524277577778,0.0055657483819434,0.0220778168909658,0.0944456973988817,0.012944919057190418,,0.05078289934083158,0.005825213575735688,0.12050876833600416,0.5572806971145017,0.5507438444914083,0.4709918620037381,1.0836083441451512,1.0826276257628928,1.0706625043570872,0.012945839788063962,0.011965121405805634,0.0009807183822583276,0.5572806971145013,1.0836083441451507,0.0,0.0
main,dfl_linear,2235-07-01,2235-04-01,0.004168831082167,0.009264069071482223,0.00697493719806,0.0276092052477145,0.1004193727061163,0.007757805287837982,,0.03067198384081793,0.003491012379527092,0.10338639644729448,0.5325148082951805,0.5306442019652371,0.521064263746282,1.0672628449482389,1.0670265655029154,1.0658165073242558,0.0014463376239830517,0.001210058178659601,0.0002362794453234507,0.5325148082951805,1.0672628449482384,0.0,0.0
main,dfl_linear,2235-10-01,2235-07-01,0.0036784576289806,0.008174350286623555,0.0083674301742641,0.0330519758140518,0.1055855514386624,0.009421450085937977,,0.037156555266317226,0.00423965253867209,0.10922462698368973,0.5195776603398118,0.5141380095416529,0.5030038025205488,1.0681766028518396,1.0674628367675234,1.0660018570755725,0.002174745776267084,0.0014609796919509144,0.0007137660843161697,0.5195776603398118,1.0681766028518394,0.0,0.0
main,dfl_linear,2236-01-01,2235-10-01,0.0045364498448368,0.010080999655192888,0.0100811247822602,0.0397188124809408,0.1114238016481352,0.011794704012572765,,0.046350669723842164,0.005307616805657745,0.11693643760469612,0.5021082151070005,0.4964715554457489,0.48073024418358684,1.0615762927928418,1.0608850382082078,1.0589545946064927,0.002621698186349164,0.001930443601715126,0.0006912545846340379,0.5021082151070005,1.0615762927928412,0.0,0.0
main,dfl_linear,2236-04-01,2236-01-01,0.0045641906571081,0.010142645904684666,0.0092111291844749,0.0363385662034934,0.1085120581219707,0.019853847101330757,,0.07708148514302082,0.008934231195598842,0.1400640864307877,0.5094859889983456,0.505151964619149,0.423165117267752,1.0623397342425847,1.0618094312826716,1.051777676954507,0.010562057288077575,0.0100317543281645,0.000530302959913076,0.5094859889983456,1.0623397342425849,0.0,0.0
main,dfl_linear,2236-07-01,2236-04-01,0.0032992741338405,0.007331720297423333,0.0089631019577513,0.03537325847865,0.1076636889718824,0.021747466176748276,,0.08419306936777071,0.009786359779536725,0.14481483141716442,0.5150312806061431,0.5077298258757282,0.41269661302468735,1.069532961319606,1.0685472119322108,1.055717038383388,0.013815922936218028,0.012830173548822765,0.0009857493873952627,0.5150312806061431,1.0695329613196058,0.0,0.0
main,dfl_linear,2236-10-01,2236-07-01,0.0051022336594193,0.011338297020931778,0.0114142706015233,0.0448813004507333,0.115733829228898,0.011834988370537758,,0.04650616292790066,0.005325744766741991,0.11706314369943938,0.4901094339921516,0.4840888499568692,0.4803787767737638,1.0573318564015446,1.0566275825487583,1.0561935868567347,0.001138269544809889,0.0004339956920236254,0.0007042738527862635,0.4901094339921516,1.057331856401544,0.0,0.0
main,dfl_linear,2237-01-01,2236-10-01,0.0047004521904743,0.010445449312165112,0.0108195988349223,0.0425810656519917,0.1138308968506828,0.023945273831486702,,0.09239542832717518,0.010775373224169016,0.14998176016926137,0.49570876958118226,0.4894884922967146,0.4017049794676248,1.0599785195714868,1.0592258941475674,1.0486044860439308,0.01137403352755606,0.010621408103636654,0.0007526254239194063,0.4957087695811822,1.0599785195714866,0.0,0.0
main,dfl_linear,2237-04-01,2237-01-01,0.0045775129026402,0.010172250894756001,0.0110897928588626,0.0436267107230041,0.1146991465472247,0.016599809750914574,,0.06476413752613308,0.007469914387911558,0.13127009838524709,0.4938840776621713,0.4870117286371358,0.4436312169933226,1.0603649176681733,1.0595249456953026,1.054222768256869,0.00614214941130431,0.005302177438433642,0.0008399719728706678,0.4938840776621713,1.060364917668173,0.0,0.0
main,dfl_linear,2237-07-01,2237-04-01,0.0034559197131993,0.007679821584887333,0.009110400476792,0.0359466232681614,0.1081686092812725,0.01984206587076187,,0.07703711089606013,0.008928929641842843,0.14003366943558931,0.5132823902333835,0.5061929093952473,0.42323337359218854,1.0684928142507524,1.067546788235794,1.0564766011726767,0.012016213078075655,0.011070187063117354,0.0009460260149583011,0.5132823902333835,1.0684928142507522,0.0,0.0
main,dfl_linear,2237-10-01,2237-07-01,0.003104955676038,0.006899901502306666,0.0081566321457978,0.0322295109331806,0.1048343378921349,0.01757706329226494,,0.06847616074969409,0.007909678481519222,0.13399244776926916,0.5231786584983981,0.5164872123890646,0.4371309076928999,1.0716495491748654,1.0707331526642776,1.05986527156228,0.011784277612585381,0.010867881101997545,0.0009163965105878358,0.5231786584983981,1.071649549174865,0.0,0.0
main,dfl_linear,2238-01-01,2237-10-01,0.0037580333020298,0.008351185115621778,0.0082386012367719,0.0325493898035191,0.1051275286837905,0.013575584627687931,,0.05320653328847125,0.0061090130824595695,0.12242917806020474,0.520601327414332,0.5155682715199725,0.46589898494561205,1.067896651750568,1.0672402422769354,1.0607623904627879,0.007134261287780053,0.006477851814147506,0.0006564094736325465,0.520601327414332,1.067896651750568,0.0,0.0
main,dfl_linear,2238-04-01,2238-01-01,0.0024730916665178,0.005495759258928444,0.006915220209022,0.0273752796768791,0.1001848829299863,0.013922612182796001,,0.05453817136575145,0.006265175482258201,0.12347465600415189,0.5380452413300455,0.531412784767833,0.46316669350690204,1.0770852485180187,1.0761350225460922,1.0663574676099543,0.010727780908064366,0.009777554936137856,0.0009502259719265105,0.5380452413300455,1.0770852485180185,0.0,0.0
main,dfl_linear,2238-07-01,2238-04-01,0.0017940448774387,0.0039867663943082225,0.0039871407589902,0.0158534325735993,0.0859031690689935,0.0075056529603898525,,0.029686291028400924,0.003377543832175434,0.10245057985710337,0.5851470402411508,0.5814097464983378,0.5240567360350397,1.0878069022595829,1.0872460856377375,1.0786397186261776,0.009167183633405296,0.008606367011559923,0.0005608166218453725,0.5851470402411508,1.0878069022595822,0.0,0.0
main,dfl_linear,2238-10-01,2238-07-01,0.0014699578999912,0.0032665731110915557,0.0033966773781348,0.0135176416316968,0.081775223846883,0.007384130731225014,,0.02921097812228024,0.003322858829051256,0.10199326249006725,0.6007984039241466,0.5971164016421722,0.5255288738239092,1.0921026482577525,1.0915381957578023,1.0805637976049074,0.0115388506528451,0.010974398152894915,0.0005644524999501854,0.6007984039241466,1.0921026482577525,0.0,0.0
main,dfl_linear,2239-01-01,2238-10-01,0.0031605397070421,0.007023421571204667,0.0058779313889897,0.0233052362297071,0.0958627298561259,0.004350068047642708,,0.017287062547324483,0.0019575306214392185,0.08813191219755243,0.5487773260908494,0.5458781240940797,0.573180453370558,1.0748502654889176,1.0744548299837553,0.6334970940562696,0.44135317143264796,0.44095773592748566,0.0003954355051623004,0.5487773260908494,1.0748502654889174,0.04446816262882036,0.0
main,dfl_linear,2239-04-01,2239-01-01,0.001808922727313,0.004019828282917778,0.0043456023950406,0.0172694319164377,0.088105671417846,0.012760461308062077,,0.050073153593721775,0.005742207588627935,0.11994205164829734,0.5776520449831434,0.5732763703220943,0.47251347508165054,1.0865962644306797,1.0859403036610402,1.0708348601733488,0.015761404257330858,0.015105443487691383,0.0006559607696394743,0.5776520449831434,1.0865962644306792,0.0,0.0
main,dfl_linear,2239-07-01,2239-04-01,0.0016510262862895,0.0036689473028655556,0.0033085383950997,0.0131686197693908,0.0810937002147678,0.006516025867313147,,0.02581045675306326,0.002932211640290916,0.09858140771771653,0.6026102914163416,0.5997710566223435,0.5367132467323448,1.0912892746427758,1.0908591597101622,1.0813065486654851,0.009982725977290663,0.009552611044677084,0.0004301149326135789,0.6026102914163416,1.0912892746427754,0.0,0.0
main,dfl_linear,2239-10-01,2239-07-01,0.0006819681365356,0.001515484747856889,0.00175681394881,0.007008759103099,0.0644333544222046,0.005401553586125374,,0.021431783206141475,0.0024306991137564185,0.09367286646734868,0.6742391643739121,0.671203858802061,0.553423324693879,1.1086740833497433,1.1081848518305182,1.0892009478140035,0.019473135535739816,0.01898390401651473,0.0004892315192250862,0.6742391643739121,1.1086740833497428,0.0,0.0
main,dfl_linear,2240-01-01,2239-10-01,0.0005571494075212,0.0012381097944915555,0.0014298252670594,0.0057070463548332,0.0590689320086603,0.004951785784214735,,0.019660507115666692,0.0022283036028966307,0.091441833543283,0.7001522235459577,0.6974319919283578,0.5612617380670737,1.113724679590488,1.1132828364330718,1.0911649055469845,0.02255977404350351,0.022117930886087267,0.000441843157416244,0.7001522235459577,1.113724679590488,0.0,0.0
main,dfl_linear,2240-04-01,2240-01-01,0.0005559918957554,0.001235537546123111,0.0024174008543361,0.0096345969293395,0.0728667909983727,0.004210236947983503,,0.016734889431013644,0.0018946066265925765,0.08729684724908535,0.6384767054509335,0.6333549478507039,0.5762440538953522,1.1037142077771636,1.102882229057502,1.0936051308149886,0.010109076962175001,0.009277098242513437,0.0008319787196615636,0.6384767054509335,1.1037142077771631,0.0,0.0
main,dfl_linear,2240-07-01,2240-04-01,0.001281294377046,0.0028473208378799997,0.0026577341730329,0.0105886304287937,0.0753668720586639,0.005278298631310463,,0.0209466193532043,0.0023752343840897083,0.09307892605757441,0.6255936451350714,0.6228316657072996,0.5554950131409335,1.0970840361844192,1.0966554127276569,1.0862056358395311,0.010878400344888073,0.010449776888125761,0.0004286234567623115,0.6255936451350714,1.097084036184419,0.0,0.0
main,dfl_linear,2240-10-01,2240-07-01,0.0018758959991896,0.004168657775976889,0.0033061725230243,0.0131592498682384,0.0810751387200308,0.005716134328395128,,0.02266923817629063,0.0025722604477778077,0.09513642933034014,0.6018620221094914,0.5998436149359492,0.5483644272668752,1.089822514121001,1.0895212849352616,1.0818384774287568,0.007984036692244123,0.007682807506504741,0.0003012291857393823,0.6018620221094904,1.0898225141210007,0.0,0.0
main,dfl_linear,2241-01-01,2240-10-01,0.0009981553997542,0.0022181231105648886,0.0023611887225407,0.0094113562424918,0.0722449143480662,0.0062622567638754845,,0.024814712678090656,0.002818015543743968,0.09752559644231798,0.6392101525850432,0.6360188922551497,0.540245901939878,1.1010069949804826,1.1005027169823631,1.0853688178837357,0.015638177096746864,0.01513389909862739,0.0005042779981194734,0.6392101525850429,1.1010069949804824,0.0,0.0
main,dfl_linear,2241-04-01,2241-01-01,0.0021607777085731,0.004801728241273556,0.0041019542810519,0.0163071367459547,0.086630275945369,0.0052937911823391914,,0.021007612011088805,0.002382206032052636,0.09315426296987617,0.5814255852491063,0.5787063970552789,0.5552316335177514,1.0851161838838466,1.0847181158796295,1.0812815930629844,0.003834590820862127,0.0034365228166450823,0.0003980680042170448,0.5814255852491063,1.085116183883846,0.0,0.0
main,dfl_linear,2241-07-01,2241-04-01,0.0021400682052526,0.004755707122783555,0.0056832034042409,0.0225397540107692,0.094986507978774,0.006151409354060888,,0.02437952803545307,0.0027681342093274,0.09705436261391263,0.5545494267668057,0.5488796389828948,0.5418334991423881,1.0812965677321764,1.080465380710148,1.0794324214153674,0.001864146316808979,0.0010329592947806443,0.0008311870220283346,0.5545494267668057,1.0812965677321762,0.0,0.0
main,dfl_linear,2241-10-01,2241-07-01,0.0033079824368071,0.007351072081793556,0.0055954616244002,0.022194691130097,0.0945834258356051,0.008778308518230915,,0.034653581712418835,0.003950238833203912,0.10702548080968816,0.5522073044603837,0.5502682419432581,0.5096836640322115,1.074503906503029,1.0742422878476567,1.068766609467951,0.005737297035077971,0.00547567837970564,0.000261618655372331,0.5522073044603837,1.0745039065030286,0.0,0.0
main,dfl_linear,2242-01-01,2241-10-01,0.0029421645134581,0.006538143363240222,0.0055996807174706,0.0222112856856859,0.0946029313554153,0.008286329917609692,,0.032735611240592655,0.0037288484629243615,0.10529760635515352,0.5532653525274696,0.5502009345624767,0.515036418359587,1.0766706023572927,1.076245940357084,1.0713728995520493,0.005297702805243443,0.004873040805034812,0.000424662000208631,0.5532653525274694,1.0766706023572927,0.0,0.0
main,dfl_linear,2242-04-01,2242-01-01,0.0025719669969613,0.005715482215469555,0.0074934206881343,0.0296384545407657,0.1024047400409234,0.007246780674904585,,0.028673547243617148,0.0032610513037070635,0.1014710472631087,0.5314153929006636,0.5242040070372821,0.5272177487468812,1.075609957485134,1.0745839191245157,1.0750127152895839,0.0005972421955502405,-0.0004287961650681904,0.001026038360618431,0.5314153929006622,1.0756099574851337,0.0,0.0
main,dfl_linear,2242-07-01,2242-04-01,0.003170120386267,0.007044711969482222,0.0082611900503979,0.032637527191986,0.1052080801730213,0.010694554075598717,,0.042096854993605826,0.0048125493340194225,0.1134269224078052,0.5219800556317885,0.5153162697131245,0.4906484132444952,1.0711452531903094,1.0702369871918782,1.0668747880519158,0.0042704651383935754,0.003362199139962385,0.0009082659984311903,0.5219800556317885,1.071145253190309,0.0,0.0
main,dfl_linear,2242-10-01,2242-07-01,0.0031359181528497,0.006968707006332666,0.0070940382891992,0.0280756263893304,0.1008832311855222,0.01097158994525671,,0.04316937343018601,0.0049372154753655195,0.11432007662363644,0.534133389541196,0.5291287505541472,0.4880903464533855,1.0729844235198671,1.0723005855525225,1.06669306442743,0.006291359092437165,0.005607521125092552,0.0006838379673446138,0.534133389541196,1.0729844235198671,0.0,0.0
main,dfl_linear,2243-01-01,2242-10-01,0.0020615439216808,0.004581208714846223,0.0039334270786093,0.0156411204131154,0.0855554285570085,0.00934633519500494,,0.03686447501820711,0.004205850837752223,0.1089708239876397,0.585421915666554,0.5827091247895593,0.5037671545751858,1.0862821519133699,1.0858823284214671,1.0742475008140622,0.01203465109930768,0.011634827607404974,0.0003998234919027066,0.585421915666554,1.0862821519133696,0.0,0.0
main,dfl_linear,2243-04-01,2243-01-01,0.0009238044126152,0.0020528986947004444,0.0025062341081075,0.0099873121052738,0.0738198091023856,0.0069901421666145325,,0.027668759965650658,0.0031455639749765397,0.100478870507996,0.6331373336428665,0.6293087848401228,0.530449450154463,1.1005181214258946,1.099910293529812,1.0842151921987297,0.01630292922716481,0.015695101331082206,0.0006078278960826022,0.6331373336428665,1.100518121425894,0.0,0.0
main,dfl_linear,2243-07-01,2243-04-01,0.00062536478666,0.0013896995259111112,0.002054263978524,0.0081917705693069,0.0685606002555695,0.005523132625967264,,0.021910173541800804,0.002485409681685269,0.09424704896605883,0.6562284119777277,0.6522023012198784,0.5514308354484381,1.1061425518036914,1.1054913430753237,1.089191926087658,0.01695062571603345,0.016299416987665793,0.0006512087283676582,0.6562284119777277,1.1061425518036907,0.0,0.0
main,dfl_linear,2243-10-01,2243-07-01,0.0007049928882885,0.0015666508628633335,0.0012409543249504,0.0049545851357284,0.0554589569193058,0.00476572522893548,,0.01892706053737092,0.0021445763530209662,0.090462685248497,0.7175456625042523,0.716161148253119,0.5647509365214499,1.1154890254098369,1.115266187742654,1.0908967033965846,0.024592322013252232,0.024369484346069337,0.00022283766718289577,0.7175456625042523,1.1154890254098366,0.0,0.0
main,dfl_linear,2244-01-01,2243-10-01,0.0005312953862375,0.001180656413861111,0.0013356594469715,0.0053319433989458,0.0573229988970734,0.0022483509965240955,,0.008963118929717573,0.001011757948435843,0.07094962791993988,0.7089468531363498,0.706375713624535,0.6416290468875785,1.1153364694053174,1.1149181783129325,1.10438473435424,0.010951735051077494,0.010533443958692601,0.0004182910923848926,0.7089468531363498,1.1153364694053172,0.0,0.0
main,dfl_linear,2244-04-01,2244-01-01,0.0003331961414473,0.0007404358698828889,0.0013198611402069,0.0052690015541851,0.057019886538179,0.002622038358822465,,0.010446974984040236,0.0011799172614701092,0.07501081652544112,0.7114749525227606,0.7079500190507078,0.6243125606942452,1.117157184934654,1.1165767410536664,1.102804324833829,0.014352860100824927,0.01377241621983738,0.0005804438809875467,0.7114749525227606,1.1171571849346538,0.0,0.0
main,dfl_linear,2244-07-01,2244-04-01,0.0005653913819222,0.0012564252931604443,0.0013270554034132,0.0052976645024708,0.0571582953259619,0.003130505559965968,,0.012463344470089344,0.0014087275019846856,0.07965558611762794,0.7096039077585679,0.7072303429664452,0.6054330487184691,1.1152014171631892,1.1148160782088912,1.0982896859039397,0.016911731259249496,0.016526392304951454,0.0003853389542980423,0.7096039077585673,1.1152014171631883,0.0,0.0
main,dfl_linear,2244-10-01,2244-07-01,0.00066975222454,0.0014883382767555556,0.0016489077757382,0.0065793356472838,0.0627710137772798,0.003603827441111207,,0.014337571382292635,0.0016217223485000432,0.0833050249339987,0.6819385965731286,0.6791380108850794,0.5912223980300595,1.1099983853037403,1.1095466438930934,1.0953656377062648,0.01463274759747546,0.014181006186828604,0.00045174141064685536,0.6819385965731286,1.1099983853037398,0.0,0.0
main,dfl_linear,2245-01-01,2244-10-01,0.0006036387082688,0.0013414193517084444,0.0016564015363279,0.0066091623199374,0.0628896486628519,0.0043881721794605255,,0.017437490012127577,0.0019746774807572367,0.08835470667899775,0.6816944365291016,0.6785661980671722,0.5723670179340521,1.1104096938458845,1.109903033042523,1.092702630139307,0.017707063706577486,0.017200402903216006,0.0005066608033614806,0.6816944365291016,1.110409693845884,0.0,0.0
main,dfl_linear,2245-04-01,2245-01-01,0.0007575117119692,0.0016833593599315554,0.0013830828309495,0.0055208643943321,0.0582149933425089,0.0033152461983263493,,0.013195185277965593,0.0014918607892468571,0.08114624902833857,0.7033708646634227,0.701780162711757,0.5995657249381299,1.1128381885850505,1.112583000410757,1.0961852612022465,0.016652927382803995,0.01639773920851062,0.0002551881742933748,0.7033708646634227,1.1128381885850505,0.0,0.0
main,dfl_linear,2245-07-01,2245-04-01,0.0010068247528415,0.0022373883396477777,0.0015425903935882,0.0061560987408565,0.0610330143729303,0.0036778186913579702,,0.014630315470366972,0.0016550184111110867,0.08382875347740402,0.6885163119258746,0.6876162143335591,0.5892247218366247,1.1087385877477258,1.1085964337575756,1.0930572929192404,0.01568129482848546,0.015539140838335186,0.0001421539901502733,0.6885163119258746,1.1087385877477254,0.0,0.0
main,dfl_linear,2245-10-01,2245-07-01,0.0008291111522396,0.001842469227199111,0.001786787890009,0.0071280187021341,0.0648782771913087,0.004175499081611633,,0.016597678462832888,0.001878974586725235,0.08708496249725128,0.6715583384739023,0.6691084573368924,0.5770251272462774,1.1072538357855335,1.1068625679922397,1.0921560416961509,0.01509779408938261,0.014706526296088818,0.00039126779329379247,0.6715583384739023,1.1072538357855335,0.0,0.0
main,dfl_linear,2246-01-01,2245-10-01,0.0004813322854264,0.0010696273009475556,0.0016088564188417,0.0064199118123864,0.062128501711349,0.0035043659154325724,,0.013943952170692664,0.0015769646619446577,0.08258260264013255,0.6858247871434301,0.6822500959977661,0.5939947025354486,1.111917468118118,1.1113341261482346,1.0969320217489298,0.014985446369188304,0.014402104399304783,0.0005833419698835218,0.6858247871434301,1.1119174681181176,0.0,0.0
main,dfl_linear,2246-04-01,2246-01-01,0.0005322514137064,0.0011827809193475556,0.0015623475028624,0.0062347596814952,0.0613639814211545,0.003178998827934265,,0.01265548751659229,0.0014305494725704194,0.08005583739558064,0.6891977577129,0.6859869425639876,0.6038488840276841,1.1121169584871076,1.1115946311511111,1.0982326182947633,0.013884340192344302,0.01336201285634786,0.000522327335996442,0.6891977577129,1.112116958487107,0.0,0.0
main,dfl_linear,2246-07-01,2246-04-01,0.0007088857091121,0.0015753015758046666,0.0019204816932949,0.0076598255928368,0.066780560354188,0.004179159179329872,,0.01661213614587287,0.0018806216306984425,0.08710737320894502,0.6636164722372468,0.660279400372912,0.5769424424528609,1.1067832850008537,1.106246312953194,1.09283646780773,0.013946817193123628,0.013409845145464061,0.0005369720476595674,0.6636164722372468,1.1067832850008532,0.0,0.0
main,dfl_linear,2246-10-01,2246-07-01,0.0006902699796782,0.0015339332881737777,0.0014571584222414,0.0058159061964524,0.059557156008941,0.00483884010463953,,0.019215326822614842,0.0021774780470877886,0.09085177895578432,0.6971195110777328,0.6949681794598923,0.5633607692730147,1.11230407115361,1.111957497438134,1.0907558989702906,0.021548172183319503,0.02120159846784353,0.00034657371547597293,0.6971195110777328,1.11230407115361,0.0,0.0
main,dfl_linear,2247-01-01,2246-10-01,0.0005837847467524,0.0012972994372275556,0.0014800016025013,0.0059068769439569,0.0599590899917074,0.003218688303604722,,0.012812726762571836,0.001448409736622125,0.08037858018473155,0.6956866461068356,0.6929517654011892,0.6025762044106144,1.1128140440207834,1.1123705498786356,1.0977150543720744,0.015098989648709038,0.0146554955065612,0.0004434941421478378,0.6956866461068356,1.1128140440207828,0.0,0.0
main,dfl_linear,2247-04-01,2247-01-01,0.0008005239467693,0.0017789421039317778,0.0017671737759679,0.0070499797500429,0.0645879306013329,0.003957462962716818,,0.015736130446408758,0.001780858333222568,0.08571164969038825,0.6729997983094622,0.6704745402826779,0.5821248572218696,1.1076764415688134,1.1072724135155354,1.0931369271311164,0.014539514437696965,0.014135486384418972,0.00040402805327799385,0.672999798309462,1.107676441568813,0.0,0.0
main,dfl_linear,2247-07-01,2247-04-01,0.0011327344137353,0.002517187586078444,0.0030772636569439,0.0122523537896453,0.0792084132228605,0.0034069018438458443,,0.01355812353498842,0.00153310582973063,0.08185305197761036,0.6114669016313059,0.6072106556984573,0.5968143954447005,1.0958001434506806,1.0951333060963762,1.0935044963913814,0.0022956470592991884,0.0016288097049947936,0.0006668373543043948,0.6114669016313055,1.09580014345068,0.0,0.0
main,dfl_linear,2247-10-01,2247-07-01,0.0031328386790493,0.006961863731220667,0.0062510791783877,0.0247708363097033,0.0974783674672623,0.007394105661660433,,0.029249999892108858,0.003327347547747195,0.10203096374973421,0.5440364669943266,0.5404047122575423,0.5254072682959494,1.0743543415889154,1.0738579838102578,1.0718082589500078,0.002546082638907654,0.002049724860250013,0.0004963577786576412,0.5440364669943266,1.0743543415889154,0.0,0.0
main,dfl_linear,2248-01-01,2247-10-01,0.0012115167451997,0.0026922594337771113,0.0050064111093406,0.0198757608217764,0.0917226164924166,0.010652364231646061,,0.04193344188525072,0.004793563904240727,0.11329030507102263,0.5677491172966078,0.5602667344161114,0.49104176921709447,1.0885034760790582,1.0873370860766716,1.0765459639684818,0.011957512110576385,0.010791122108189777,0.001166390002386608,0.5677491172966078,1.0885034760790575,0.0,0.0
main,dfl_linear,2248-04-01,2248-01-01,0.0016461736808677,0.0036581637352615555,0.0041745398712859,0.0165938894778332,0.087079085904073,0.01166346576064825,,0.04584397256052253,0.005248559592291713,0.11652281616273531,0.5816480836253991,0.5770468108504386,0.48188074463536035,1.0881419403811543,1.0874446714963668,1.073023371107384,0.01511856927377031,0.014421300388982816,0.0006972688847874942,0.5816480836253989,1.088141940381154,0.0,0.0
main,dfl_linear,2248-07-01,2248-04-01,0.0023988805713197,0.005330845714043777,0.005788806886324,0.0229549406496319,0.0954647328269466,0.005131291691213846,,0.020367725575866857,0.002309081261046231,0.0923538431071597,0.5522920770398945,0.5472385824063125,0.5580388740269001,1.0795362416096541,1.0788084818121495,0.9763103499060293,0.10322589170362484,0.10249813190612023,0.0007277597975046124,0.5522920770398945,1.0795362416096537,0.010405349480104742,0.0
main,dfl_linear,2248-10-01,2248-07-01,0.0048198622052471,0.01071080490054911,0.0092035624309279,0.0363091275518506,0.1084863085076121,0.010949105024337769,,0.04308235876232469,0.004927097260951996,0.11424783495043112,0.508889861505222,0.5052298837463655,0.48829638189873664,1.0609657066318527,1.0605272362530842,1.0584985793982615,0.0024671272335912153,0.0020286568548226747,0.00043847037876854067,0.508889861505222,1.0609657066318523,0.0,0.0
main,dfl_linear,2249-01-01,2248-10-01,0.0051208319412023,0.011379626536005112,0.0091611896510362,0.0361442626845636,0.1083419641206464,0.017585868015885353,,0.06850955451274499,0.00791364060714841,0.1340166643130779,0.5084845828647747,0.5056670439060912,0.43707377769784067,1.0593867689858536,1.0590577038757467,1.0510465810382668,0.008340187947586841,0.008011122837479956,0.00032906511010688533,0.5084845828647747,1.0593867689858534,0.0,0.0
main,dfl_linear,2249-04-01,2249-01-01,0.0056338174140034,0.012519594253340888,0.0100396445125184,0.0395578488811906,0.1112869805193969,0.018724624067544937,,0.07282096434050356,0.008426080830395222,0.13710094651331373,0.499698179540514,0.4968736831413599,0.4298931969087105,1.055797211106395,1.05548182268133,1.0480026592916045,0.007794551814790385,0.0074791633897255405,0.0003153884250648442,0.499698179540514,1.055797211106395,0.0,0.0
main,dfl_linear,2249-07-01,2249-04-01,0.0041580726516753,0.009240161448167333,0.0104301342741777,0.041072337737397,0.1125679654342513,0.03165615722537041,,0.12073784302764912,0.014245270751416683,0.16526350919569757,0.5001849659571318,0.4931307678145026,0.3708223101649899,1.0632330200035431,1.0623412333993452,1.0468790870424374,0.016353932961105766,0.015462146356907791,0.000891786604197975,0.5001849659571318,1.0632330200035431,0.0,0.0
main,dfl_linear,2249-10-01,2249-07-01,0.0043881406463597,0.00975142365857711,0.0107609216429675,0.0423538729036689,0.1136415056692152,0.020502038300037384,,0.07952044585326767,0.009225917235016824,0.14172128030230546,0.4969446609297831,0.4900316841825482,0.41947066280706785,1.0616800723800293,1.0608220434290123,1.052064108697396,0.009615963682633177,0.008757934731616235,0.0008580289510169425,0.4969446609297831,1.061680072380029,0.0,0.0
main,dfl_linear,2250-01-01,2249-10-01,0.0037126748237624,0.008250388497249777,0.0091613387882723,0.0361448429878247,0.1083424726112787,0.018083330243825912,,0.07039482653578277,0.00813749860972166,0.13537573519402865,0.512150385487207,0.5056655027831332,0.433886555533344,1.067026786340065,1.0661780886532854,1.0567841444186254,0.010242641921439644,0.009393944234660001,0.0008486976867796425,0.512150385487207,1.067026786340065,0.0,0.0
main,dfl_linear,2250-04-01,2250-01-01,0.0036608262636263,0.008135169474725111,0.0089725075357581,0.0354098776718301,0.1076960282321403,0.012866291217505932,,0.05048040838589141,0.005789831047877669,0.12026747821186479,0.5139885704930205,0.5076311540202608,0.4716386623125989,1.0675338512621815,1.0666985392666806,1.0619694232491612,0.005564428013020262,0.0047291160175193525,0.0008353119955009092,0.5139885704930205,1.0675338512621813,0.0,0.0
main,dfl_linear,2250-07-01,2250-04-01,0.002657422943663,0.005905384319251111,0.007191109822613,0.028455651721854,0.101257691676505,0.015820231288671494,,0.06179502213869059,0.007119104079902172,0.12905026556608595,0.5344303655697404,0.5279101497210376,0.4490502031523268,1.075582226263164,1.0746600997125215,1.0635072710024556,0.012074955260708453,0.011152828710065954,0.0009221265506424992,0.5344303655697404,1.075582226263164,0.0,0.0
main,dfl_linear,2250-10-01,2250-07-01,0.0050573908786824,0.011238646397072,0.0101624280311314,0.0400342498946066,0.1116914494895179,0.015306784771382809,,0.05983564360533167,0.006888053147122264,0.12756545297502941,0.5001279289753643,0.4956865450054489,0.4527370839239564,1.058728067806118,1.0582065334469537,1.0531631461124418,0.0055649216936761725,0.0050433873345119284,0.0005215343591642441,0.5001279289753643,1.0587280678061175,0.0,0.0
main,dfl_linear,2251-01-01,2250-10-01,0.0047517178730745,0.010559373051276666,0.0103122269419008,0.0406152308043303,0.1121827985741574,0.019564878195524216,,0.0759926160305675,0.008804195187985897,0.13931497938149962,0.499663929915118,0.4942510188568271,0.4248509228584823,1.0602009199626568,1.059548757167074,1.0511872378048366,0.009013682157820169,0.008361519362237502,0.000652162795582667,0.499663929915118,1.0602009199626563,0.0,0.0
main,dfl_linear,2251-04-01,2251-01-01,0.0058702724857809,0.013045049968402,0.0125055314606317,0.0490915943586229,0.1191550092817885,0.01725839637219906,,0.06726694510923825,0.007766278367489577,0.13311222324009733,0.4802490755485008,0.4746410520026238,0.4392156566328835,1.0524899153470073,1.0518769736545095,1.0480050744697624,0.004484840877244878,0.003871899184747063,0.0006129416924978148,0.4802490755485007,1.0524899153470073,0.0,0.0
main,dfl_linear,2251-07-01,2251-04-01,0.0042476120142392,0.009439137809420444,0.0119820975184153,0.0470738266061226,0.1175248317089695,0.034791987389326096,,0.13207205032240654,0.015656394325196745,0.17032139665746548,0.48787045682901137,0.4791019356602362,0.36054281942429944,1.061239392609081,1.0601387338113626,1.045256733548939,0.015982659060141957,0.014882000262423478,0.001100658797718479,0.4878704568290113,1.0612393926090808,0.0,0.0
main,dfl_linear,2251-10-01,2251-07-01,0.0043528681109257,0.009673040246501556,0.0112680943193992,0.0443162642961544,0.1152687585046121,0.018913639709353447,,0.0735351398524493,0.008511137869209052,0.13760361226055204,0.49304406648811183,0.4853987999944599,0.42874042053218003,1.0613698452270304,1.060418228823294,1.0533658856054122,0.00800395962161815,0.007052343217881729,0.0009516164037364216,0.4930440664881118,1.06136984522703,0.0,0.0
main,dfl_linear,2252-01-01,2251-10-01,0.0033589401929711,0.007464311539935778,0.0103804803503994,0.0408798577253406,0.1124059273399079,0.027690116316080093,,0.1062443468812524,0.012460552342236043,0.15793856903038597,0.5026012946078424,0.4936015146264333,0.3854187003003897,1.067554940248855,1.0663452747893392,1.0518043580148488,0.015750582234006272,0.01454091677449032,0.0012096654595159517,0.5026012946078424,1.067554940248853,0.0,0.0
main,dfl_linear,2252-04-01,2252-01-01,0.0067451452599604,0.014989211688800888,0.0122305330706177,0.0480319123344735,0.1183009710454571,0.014213509857654572,,0.05565334131477839,0.006396079435944557,0.12434491456175482,0.48020102396161085,0.4769688960617608,0.4609134926106315,1.0482835154195227,1.0479585296541805,1.046344182159242,0.001939333260280618,0.001614347494938384,0.0003249857653422339,0.4802010239616108,1.0482835154195225,0.0,0.0
main,dfl_linear,2252-07-01,2252-04-01,0.0055891283883461,0.012420285307435776,0.011278802841433,0.0443576659906858,0.1153028862969978,0.03366084396839142,,0.12799633556822176,0.01514737978577614,0.16856745648286575,0.4899750701054556,0.4853024601751178,0.3641820314920042,1.0549304760386338,1.0544066357384303,1.0408279799832816,0.014102496055352187,0.013578655755148716,0.0005238403002034708,0.4899750701054556,1.0549304760386338,0.0,0.0
main,dfl_linear,2252-10-01,2252-07-01,0.0048581024109951,0.010795783135544667,0.0107897871526492,0.0424656425830936,0.113734712382395,0.024715600535273552,,0.09525725470804658,0.011122020240873099,0.15170478111761643,0.4955577734443025,0.4897642273109401,0.39811947140186094,1.0591790017990714,1.0584871424530535,1.047543019556698,0.0116359822423735,0.010944122896355601,0.0006918593460178979,0.4955577734443025,1.0591790017990714,0.0,0.0
main,dfl_linear,2253-01-01,2252-10-01,0.0054490609762926,0.012109024391761333,0.0109054310905694,0.0429133275177531,0.1141073914333331,0.016221070662140846,,0.06332254716998365,0.007299481797963381,0.13019690734764972,0.4932025406072479,0.4886973692140631,0.4462373948223423,1.0559831196477045,1.0554717403899505,1.0506521345872646,0.005330985060439941,0.004819605802685922,0.0005113792577540188,0.4932025406072477,1.055983119647704,0.0,0.0
main,dfl_linear,2253-04-01,2253-01-01,0.0051314540698175,0.01140323126626111,0.0115588513212931,0.0454399225469458,0.1161921735425245,0.02650107629597187,,0.10186441724994721,0.011925484333187342,0.15552554397015936,0.48894105675597005,0.4828039364626166,0.39029018780211916,1.05705231177909,1.056336199078869,1.0455411898246858,0.01151112195440418,0.010795009254183308,0.0007161127002208723,0.48894105675597,1.0570523117790898,0.0,0.0
main,dfl_linear,2253-07-01,2253-04-01,0.0038970123919125,0.008660027537583333,0.0112748072110618,0.0443422180901401,0.1152901534007044,0.025939518585801125,,0.09979028437287674,0.011672783363610507,0.1543496550157251,0.49410247219785625,0.4853383999517764,0.39268331244071014,1.0637539807589433,1.0626231536030677,1.0506678791432524,0.013086101615690904,0.011955274459815257,0.0011308271558756466,0.4941024721978562,1.0637539807589431,0.0,0.0
main,dfl_linear,2253-10-01,2253-07-01,0.0043940180786032,0.009764484619118222,0.0120521810164653,0.0473441751247613,0.1177442282702857,0.015052699483931065,,0.05886488681409641,0.00677371476776898,0.12682408570491208,0.4870013317815123,0.47849727215261,0.45459718400449484,1.060417297177776,1.0593622850776294,1.0563972444627765,0.004020052714999611,0.0029650406148529207,0.0010550121001466906,0.4870013317815123,1.0604172971777757,0.0,0.0
main,dfl_linear,2254-01-01,2253-10-01,0.005367886483309,0.011928636629575556,0.0096236845595373,0.0379426030354494,0.1099043319547087,0.02242424339056015,,0.08672474438401667,0.010090909525752067,0.1464456643243714,0.5038488464217109,0.5009691728860401,0.4091859450755175,1.0576005720754682,1.05727136452796,1.046778601735378,0.010821970340090248,0.010492762792581933,0.0003292075475083145,0.5038488464217109,1.057600572075468,0.0,0.0
main,dfl_linear,2254-04-01,2254-01-01,0.0028306447797654,0.006290321732812,0.0069612419481481,0.0275555614437811,0.1003657109987858,0.01671297661960125,,0.06519456024616233,0.007520839478820563,0.13158881938982275,0.5364911740058151,0.5308199384078481,0.44286205965434206,1.0749443578220792,1.074152122776023,1.0618649742487623,0.01307938357331695,0.01228714852726065,0.0007922350460562999,0.5364911740058151,1.074944357822079,0.0,0.0
main,dfl_linear,2254-07-01,2254-04-01,0.0038520345411293,0.00856007675806511,0.009903762976909,0.0390304207838406,0.1108374733434932,0.009353375993669033,,0.03689185561049746,0.004209019197151065,0.1089946457658785,0.5053324963392044,0.4981987983150092,0.5036954229024704,1.0654302770784492,1.0645066083223358,1.0652183093753245,0.0002119677031247047,-0.000711701052988678,0.0009236687561133827,0.5053324963392044,1.0654302770784487,0.0,0.0
main,dfl_linear,2254-10-01,2254-07-01,0.0026165323349875,0.005814516299972222,0.0083546328351917,0.0330020597396825,0.1055402011288717,0.01539696380496025,,0.060180000469786,0.006928633712232113,0.1278275315385188,0.5225841711094064,0.5142793353903247,0.45208261680309664,1.0741205569317762,1.0729426432429277,1.0641209917734096,0.009999565158366641,0.008821651469518077,0.0011779136888485642,0.5225841711094061,1.074120556931776,0.0,0.0
main,dfl_linear,2255-01-01,2254-10-01,0.0041282497942642,0.009173888431698222,0.0088607722361873,0.0349747858260144,0.1073109553043958,0.010403251275420189,,0.040968131243076855,0.004681463073939085,0.11248026655801475,0.5137711052540723,0.5088081527982947,0.49338545022844343,1.065103791087044,1.0644748981490182,1.0625205718043933,0.002583219282650706,0.0019543263446248904,0.0006288929380258157,0.5137711052540723,1.0651037910870438,0.0,0.0
main,dfl_linear,2255-04-01,2255-01-01,0.0038971838066928,0.008660408459317334,0.0073387320808292,0.0290333644594553,0.1018212955736712,0.012360984459519386,,0.04853470560515316,0.005562443006783724,0.11870676104869496,0.5293288408681439,0.5260841058875323,0.4758603351157624,1.06829832739538,1.067879665204872,1.0613993843768426,0.006898943018537551,0.006480280828029539,0.00041866219050801234,0.5293288408681421,1.06829832739538,0.0,0.0
main,dfl_linear,2255-07-01,2255-04-01,0.0021660415289807,0.004813425619957111,0.005281848139085,0.0209605936697625,0.0930962042078049,0.0172592606395483,,0.06727022625520185,0.007766667287796736,0.1331146203963077,0.5603426039137176,0.5554345956545675,0.43920995750869624,1.0820003039521615,1.0812820680617627,1.0642738027824041,0.01772650116975738,0.017008265279358614,0.0007182358903987662,0.5603426039137176,1.082000303952161,0.0,0.0
main,dfl_linear,2255-10-01,2255-07-01,0.0018687899070295,0.004152866460065555,0.0033117292528595,0.013181256873519,0.0811187115904352,0.006598121020942926,,0.026132419984515542,0.002969154459424317,0.09891658921683748,0.6017299556035532,0.5996733141459798,0.5355988183842507,1.0898455638635047,1.089538482406615,1.07997138482842,0.009874179035084696,0.00956709757819496,0.0003070814568897351,0.601729955603553,1.0898455638635045,0.0,0.0
main,dfl_linear,2256-01-01,2255-10-01,0.0027616051861486,0.0061369004136635555,0.0046649160350551,0.0185295010781673,0.0899165445210784,0.007351058069616556,,0.02908158997741117,0.0033079761313274504,0.10186804727581036,0.5685754570596017,0.5667103433219819,0.5259330665135293,1.079818867476687,1.0795570354464723,1.0738325603337648,0.005986307142922254,0.005724475112707461,0.0002618320302147925,0.5685754570596017,1.0798188674766869,0.0,0.0
main,dfl_linear,2256-04-01,2256-01-01,0.0021401381181067,0.004755862484681556,0.004932089199704,0.0195828830860625,0.0913398676471577,0.009693198837339878,,0.03821268091735919,0.004361939476802946,0.11013679566232606,0.5659950002539129,0.5616236821868442,0.5002765443769749,1.0829740852956453,1.0823332561045946,1.0733398504331733,0.009634234862472058,0.008993405671421373,0.0006408291910506847,0.5659950002539129,1.082974085295645,0.0,0.0
main,dfl_linear,2256-07-01,2256-04-01,0.0014037645561069,0.0031194767913486666,0.0027095748025428,0.0107943279551835,0.075875119103026,0.009241200052201748,,0.03645555103100262,0.004158540023490787,0.10861430958655258,0.6231349287285757,0.6207277823927617,0.5048427562429104,1.0959393207601869,1.0955687108428456,1.0777267793725978,0.0182125413875891,0.017841931470247818,0.00037060991734128024,0.623134928728574,1.0959393207601864,0.0,0.0
main,dfl_linear,2256-10-01,2256-07-01,0.0006279243901847,0.0013953875337437776,0.0015956233557296,0.006367233582993,0.0619130233426151,0.005209825001657009,,0.02067701123668131,0.002344421250745654,0.09274352762976751,0.6861489504829984,0.683299571691506,0.5566696948276367,1.1109645270680646,1.110503723375494,1.0900250439444534,0.020939483123611158,0.020478679431040536,0.0004608036925706216,0.6861489504829984,1.110964527068064,0.0,0.0
main,dfl_linear,2257-01-01,2256-10-01,0.0007706267578671,0.0017125039063713332,0.0016058801025023,0.0064080638632388,0.0620801774067814,0.0030509387142956257,,0.01214801900363005,0.0013729224214330316,0.07898424116913702,0.6846932386303475,0.6824852008917605,0.6081048875354698,1.109752034783706,1.109398100173261,1.097475402126713,0.01227663265699297,0.011922698046547886,0.00035393461044508356,0.6846932386303475,1.109752034783706,0.0,0.0
main,dfl_linear,2257-04-01,2257-01-01,0.0008319322442535,0.0018487383205633332,0.0014134402190194,0.0056417852877285,0.0587723683022427,0.004475207068026066,,0.01778102150964389,0.0020138431806117295,0.08885631833206395,0.7002590185775541,0.6989364429103768,0.570541600562865,1.1118178345521894,1.111606644773533,1.0911044693525989,0.02071336519959055,0.020502175420934243,0.00021118977865630661,0.7002590185775541,1.111817834552189,0.0,0.0
main,dfl_linear,2257-07-01,2257-04-01,0.0004804686680258,0.0010677081511684444,0.0015389261688634,0.0061415094858424,0.060971216490134,0.0037334314547479153,,0.014850302716038821,0.001680044154636562,0.08421504939845503,0.6913158170568491,0.6879212104811654,0.5877577095346057,1.112819501367486,1.1122655174837697,1.095919303563594,0.01690019780389207,0.016346213920175767,0.0005539838837163025,0.6913158285802392,1.1128195032480486,0.0,0.0
main,dfl_linear,2257-10-01,2257-07-01,0.000338480616159,0.00075217914702,0.0012784623203477,0.0051040508417041,0.0562109126129357,0.00434906268492341,,0.01728309334322653,0.0019570782082155348,0.08812600694914052,0.7155665967500803,0.7121836302705988,0.5732020355441141,1.1177931340283058,1.1172362463455363,1.0943577641896656,0.023435369838640252,0.02287848215587074,0.0005568876827695135,0.7155665967500803,1.1177931340283054,0.0,0.0
main,dfl_linear,2258-01-01,2257-10-01,0.0006337701298942,0.0014083780664315554,0.0011858590650788,0.0047350053585172,0.0543199121397403,0.002176995389163494,,0.008679586950461005,0.0009796479251235723,0.07009612973845807,0.7238315793905665,0.7222655051729368,0.6453721971982622,1.1170162769966963,1.1167631018387376,1.1043323529168236,0.012683924079872622,0.012430748921913981,0.00025317515795864054,0.7238315793905665,1.1170162769966965,0.0,0.0
main,dfl_linear,2258-04-01,2258-01-01,0.0007327220058338,0.001628271124075111,0.0012350769467988,0.0049311628305012,0.0553394365002021,0.0032941221725195646,,0.013111524108256778,0.0014823549776338042,0.08098037561108708,0.7180185935998937,0.7167971658254217,0.6002142377779354,1.1153660434834973,1.1151697932874742,1.0964380901443467,0.01892795333915065,0.018731703143127554,0.00019625019602309557,0.7180185935998937,1.1153660434834969,0.0,0.0
main,dfl_linear,2258-07-01,2258-04-01,0.0005296076444132,0.0011769058764737777,0.0012241457180869,0.0048875990113571,0.0551158981255579,0.0030286440160125494,,0.012059650995642657,0.0013628898072056473,0.07879276389706137,0.7202249633306453,0.7179895276100459,0.608870347893564,1.1171834273767771,1.1168197132141784,1.0990655945391092,0.01811783283766788,0.017754118675069153,0.00036371416259872724,0.7202249633306453,1.117183427376777,0.0,0.0
main,dfl_linear,2258-10-01,2258-07-01,0.0006463579576834,0.0014363510170742222,0.0011462229634807,0.0045770149134599,0.0534737246294944,0.0023854884784668684,,0.009507864848815939,0.0010734698153100908,0.07251558734566244,0.7282255965445313,0.7268635618925146,0.6348570830591489,1.1176349561263283,1.117414937924149,1.1025525406776675,0.015082415448660846,0.014862397246481418,0.00022001820217942836,0.7282255965445313,1.117634956126328,0.0,0.0
main,dfl_linear,2259-01-01,2258-10-01,0.0005192745023699,0.001153943338599778,0.0014647474208301,0.005846129339051,0.059691294938215,0.003490481059998274,,0.013888993447893183,0.0015707164769992233,0.08248000841283325,0.6972986690947268,0.69429403819224,0.5943900010526644,1.1135252822139405,1.1130361065044894,1.096771004456745,0.016754277757195624,0.01626510204774445,0.0004891757094511728,0.6972986690947268,1.1135252822139403,0.0,0.0
main,dfl_linear,2259-04-01,2259-01-01,0.0005096921939888,0.0011326493199751112,0.0012738475250754,0.005085662240792,0.056119387847519,0.003483308246359229,,0.01386060127817712,0.001567488710861653,0.08242683749815968,0.7151588076408696,0.7126655584812955,0.5945950270453,1.1165015710664972,1.116095413104031,1.0968613601049149,0.019640210961582305,0.01923405299911618,0.0004061579624661249,0.7151588076408633,1.1165015710664954,0.0,0.0
main,dfl_linear,2259-07-01,2259-04-01,0.0004319437337058,0.0009598749637906666,0.0011380533320568,0.0045444482300994,0.0532964128364181,0.004204133991152048,,0.016710784424463165,0.0018918602960184218,0.08725975330404728,0.7303089082032457,0.727833987988624,0.576380683879135,1.119537373012466,1.119132276679191,1.0943423146453881,0.025195058367077916,0.024789962033802793,0.0004050963332751234,0.7303089082032457,1.119537373012466,0.0,0.0
main,dfl_linear,2259-10-01,2259-07-01,0.000705295191417,0.0015673226475933332,0.0012310590255371,0.0049151505246164,0.0552574608074727,0.0019230812322348356,,0.007670163914782369,0.0008653865545056761,0.06681628000460818,0.7185830576190142,0.7172340041224363,0.6601155874885152,1.1156538219282703,1.115436695750286,1.10624365520172,0.009410166726550262,0.009193040548565845,0.0002171261779844169,0.7185830576190142,1.11565382192827,0.0,0.0
main,dfl_linear,2260-01-01,2259-10-01,0.0007062698937235,0.0015694886527188889,0.0014284833313465,0.0057017015931051,0.0590447542802757,0.003234702395275235,,0.01287616505674527,0.0014556160778738559,0.08050759437839634,0.6995402665008976,0.6975544231833758,0.6020686275595333,1.1125821224753818,1.1122625262115262,1.0968952999739943,0.015686822501387532,0.01536722623753195,0.0003195962638555816,0.6995402665008976,1.1125821224753816,0.0,0.0
main,dfl_linear,2260-04-01,2260-01-01,0.0006663109853835,0.00148069107863,0.0012429273555234,0.0049624478898773,0.0554989756654155,0.0036350227892398834,,0.01446100276220108,0.0016357602551579475,0.08352722076568456,0.7175387834998803,0.7159484283202476,0.5903736317485104,1.115765475889133,1.1155088929302233,1.095249045770602,0.020516430118531215,0.02025984715962137,0.0002565829589098456,0.7175387834998803,1.1157654758891329,0.0,0.0
main,dfl_linear,2260-07-01,2260-04-01,0.0003262493898059,0.0007249986440131111,0.0011823712713358,0.0047211036842779,0.0542463707124225,0.0029582262504845858,,0.011780501861027304,0.0013312018127180636,0.0781779373094614,0.7258336189107876,0.72266296104122,0.6113385901551229,1.1195720202243098,1.1190496939541743,1.1007103947260315,0.0188616254982783,0.018339299228142814,0.0005223262701354869,0.7258336189107876,1.1195720202243091,0.0,0.0
main,dfl_linear,2260-10-01,2260-07-01,0.0006280027082625,0.0013955615739166666,0.0011146728715933,0.0044512420510699,0.0527833309413019,0.0022673404309898615,,0.00903856332582198,0.0010203031939454378,0.0711721670106824,0.732003676585042,0.7306557958508323,0.6406591881854923,1.1183796147527518,1.1181616355169188,1.1036073865626252,0.01477222819012658,0.01455424895429358,0.00021797923583299905,0.732003676585042,1.1183796147527512,0.0,0.0
main,dfl_linear,2261-01-01,2260-10-01,0.00043203549841,0.0009600788853555555,0.0011307167638219,0.0045152017138309,0.0531363179752476,0.0031383889727294445,,0.012494582527905251,0.0014122750377282502,0.07972110458051455,0.7311632859365381,0.7287122748748156,0.6051732859904411,1.1196765470907515,1.1192753664702382,1.099054548624021,0.020621998466730407,0.0202208178462171,0.0004011806205133084,0.7311632859365381,1.119676547090751,0.0,0.0
main,dfl_linear,2261-04-01,2261-01-01,0.0005676886817459,0.0012615304038797778,0.0011616602997218,0.0046385507395863,0.0538060412366103,0.0021747902501374483,,0.008670823846918752,0.0009786556125618519,0.07006930842704921,0.7268829542596916,0.7250512968919898,0.6454904354005584,1.1179899040547556,1.1176925837285463,1.1047780170037724,0.013211887050983195,0.012914566724773868,0.00029732032620932713,0.7268829542596916,1.1179899040547556,0.0,0.0
main,dfl_linear,2261-07-01,2261-04-01,0.0006319939844446,0.0014044310765435556,0.0011520712993511,0.0046003277024009,0.0536000386093331,0.0023126218002289534,,0.009218447328403823,0.001040679810103029,0.07169529303090902,0.7276323917603281,0.726173718254877,0.6383891683542633,1.1176436488709394,1.1174078104508305,1.1032147991421715,0.0144288497287679,0.01419301130865902,0.00023583842010888034,0.7276323917603281,1.117643648870939,0.0,0.0
main,dfl_linear,2261-10-01,2261-07-01,0.0004818403745956,0.0010707563879902222,0.0011288440490301,0.0045077362150682,0.0530953206677889,0.0032266362104564905,,0.012844212018402912,0.0014519862947054208,0.08044269675056444,0.7311161964457836,0.7289375032946537,0.6023238691686187,1.1193047079832081,1.1189491853570586,1.098288170432847,0.021016537550361036,0.020661014924211463,0.00035552262614957364,0.7311161964457836,1.1193047079832077,0.0,0.0
main,dfl_linear,2262-01-01,2261-10-01,0.000322445721676,0.0007165460481688889,0.0010772248176022,0.0043019417893203,0.0519436156798045,0.0026990948244929314,,0.010752747220511005,0.001214592671021819,0.07577320319791547,0.7381922688562976,0.7353185034831939,0.6211487272884231,1.1216360317791878,1.1211625055300027,1.1023501186880686,0.019285913091119156,0.018812386841934092,0.00047352624918506336,0.7381922688562976,1.1216360317791878,0.0,0.0
main,dfl_linear,2262-04-01,2262-01-01,0.0003305092970844,0.0007344651046319999,0.0010726493089409,0.0042836987118605,0.0518394616896926,0.002406216925010085,,0.009590184114004363,0.0010827976162545384,0.07274425420096702,0.738716268620445,0.7359007392454195,0.6338783683650662,1.1216628071813692,1.1211991038327112,1.1043965389456776,0.017266268235691662,0.016802564887033578,0.0004637033486580844,0.738716268620445,1.1216628071813688,0.0,0.0
main,dfl_linear,2262-07-01,2262-04-01,0.0004382494774903,0.0009738877277562221,0.0010377835546887,0.0041446767201064,0.0510343014999894,0.0022516243625432253,,0.008976124212101144,0.0010132309631444515,0.07098812403408448,0.7425417929022787,0.7404311066484486,0.6414610959327314,1.1214928356800415,1.1211474904608767,1.1049542642154702,0.016538571464571383,0.016193226245406533,0.00034534521916484984,0.7425418024463328,1.1214928372416155,0.0,0.0
main,dfl_linear,2262-10-01,2262-07-01,0.0009312832601664,0.0020695183559253333,0.0010420143920083,0.0041615473285474,0.0511331054258908,0.0017071847105398774,,0.006811271858070178,0.0007682331197429448,0.06368086610059963,0.7392928781768098,0.7398723423776483,0.6747746437780093,1.117316292715641,1.1095702365048905,1.1070780768533535,0.01023821586228757,0.0024921596515370403,0.007746056210750529,0.7392928781768098,1.1173162927156406,0.0,0.0
main,dfl_linear,2263-01-01,2262-10-01,0.0005004731427351,0.0011121625394113332,0.0011249022186765,0.004492022136923,0.0530088502436316,0.0021350139286369085,,0.008512744914920267,0.0009607562678866088,0.06958078436397508,0.7314790062657229,0.7294129792457739,0.6476505934383252,1.1192276152896485,1.1188908644525404,1.1055639824187153,0.013663632870933196,0.013326882033825038,0.00033675083710815734,0.7314790062657229,1.1192276152896392,0.0,0.0
main,dfl_linear,2263-04-01,2263-01-01,0.0006351599066222,0.0014114664591604444,0.0012045470386725,0.0048094895420457,0.0547110037654417,0.002760642673820257,,0.010996927906429255,0.0012422892032191157,0.07636586726900584,0.7217810802355321,0.7201586788263902,0.6187073528587352,1.1166747574443288,1.116412498850868,1.1000130542355853,0.016661703208743495,0.016399444615282643,0.00026225859346085123,0.7217810802355321,1.1166747574443283,0.0,0.0
main,dfl_linear,2263-07-01,2263-04-01,0.0005594702739467,0.0012432672754371112,0.0011341763845888,0.004528993236091,0.0532119143970642,0.0028789271600544453,,0.011466074686710792,0.0012955172220245005,0.07746659067932073,0.7300794864113028,0.7282973005449198,0.614214318864839,1.118568776014445,1.1182793395890411,1.09975165903692,0.01881711697752486,0.018527680552121062,0.00028943642540379955,0.7300794864112031,1.1185687760144285,0.0,0.0
main,dfl_linear,2263-10-01,2263-07-01,0.0003821048254107,0.000849121834246,0.0013462499331544,0.0053741351557516,0.0575245022473036,0.0020384173840284348,,0.00812877252594213,0.0009172878228127957,0.06835575865320825,0.708684026321292,0.7053327212898746,0.6531229474254416,1.1163510005604886,1.115800786813449,1.107229040869497,0.009121959690991721,0.008571745943952047,0.000550213747039674,0.708684026321292,1.116351000560488,0.0,0.0
main,dfl_linear,2264-01-01,2263-10-01,0.0006129621000948,0.0013621380002106665,0.0012648603147262,0.0050498501211073,0.055940353741324,0.0029620244167745113,,0.01179556000858395,0.0013329109875485302,0.07821149660168834,0.7155465157396329,0.7136100350174663,0.6112034538633657,1.1158257856942255,1.115512326825804,1.0989357347223927,0.016890050971832826,0.016576592103411336,0.00031345886842149007,0.7155465157396329,1.1158257856942253,0.0,0.0
main,dfl_linear,2264-04-01,2264-01-01,0.0006120652001132,0.0013601448891404444,0.0013150396197392,0.005249791597303,0.0569267709671362,0.002316294936463237,,0.009233038093419577,0.0010423327214084566,0.07173727067024942,0.7105359208703614,0.7084349436729838,0.6382076074811163,1.1150210916002694,1.114680986781397,1.1033126313869606,0.011708460213308847,0.011368355394436369,0.00034010481887247757,0.7105359208703614,1.115021091600269,0.0,0.0
main,dfl_linear,2264-07-01,2264-04-01,0.0006341524344652,0.0014092276321448888,0.0012789676678351,0.0051060644872202,0.0562209184507312,0.004189453087747097,,0.01665279706491729,0.0018852538894861936,0.08717029381602998,0.7140048397304545,0.7121309718246615,0.5767103865944314,1.1154249340013664,1.115122007372136,1.0932301219914622,0.022194812009904252,0.02189188538067377,0.0003029266292304822,0.7140048397304545,1.115424934001366,0.0,0.0
main,dfl_linear,2264-10-01,2264-07-01,0.0003832333835438,0.0008516297412084444,0.0013046672443652,0.0052084649178442,0.0567254796428191,0.0024098826106637716,,0.009604741185647248,0.0010844471747986973,0.07278448172601158,0.7127140987676795,0.709485334823141,0.6337064550289417,1.117004610237269,1.1164745515958974,1.1040341097555193,0.012970500481749747,0.01244044184037807,0.0005300586413716779,0.7127140987676795,1.1170046102372684,0.0,0.0
main,dfl_linear,2265-01-01,2264-10-01,0.0009981722821564,0.0022181606270142225,0.0012819578311248,0.0051179792536732,0.0562800563091193,0.004046801012009382,,0.016089209280600203,0.0018210604554042221,0.08628368768097085,0.7118540738486289,0.7118199423290442,0.5799927142906465,1.1124859543520116,1.1124805609480886,1.0916494494882527,0.020836504863758876,0.02083111145983585,5.393403923026341e-06,0.7118540738486289,1.1124859543520107,0.0,0.0
main,dfl_linear,2265-04-01,2265-01-01,0.000433462879131,0.0009632508425133333,0.0013778720866894,0.005500107617964,0.0581182686688342,0.00330801447853446,,0.013166544833525973,0.001488606515340507,0.08108959104613908,0.7054587485268955,0.7022758181791348,0.5997871182194445,1.1154591679500723,1.1149382324731745,1.0981643813495758,0.017294786600496437,0.016773851123598638,0.0005209354768977992,0.7054587485268955,1.115459167950072,0.0,0.0
main,dfl_linear,2265-07-01,2265-04-01,0.0003915152026273,0.0008700337836162222,0.0013373935608591,0.0053388520793814,0.0573560858472134,0.0039747306145727634,,0.01580438248681193,0.0017886287765577437,0.08582326570953072,0.7094835059749226,0.7062042607448661,0.5817079383506905,1.116415493217762,1.115877418762719,1.0954494586293833,0.020966034588378646,0.0204279601333357,0.0005380744550429473,0.7094835059749226,1.1164154932177612,0.0,0.0
main,dfl_linear,2265-10-01,2265-07-01,0.0004780472167703,0.0010623271483784444,0.0012948806371784,0.0051694709353027,0.0565343241983939,0.002984580583870411,,0.011884982271812117,0.001343061262741685,0.07840985339833183,0.71320381807144,0.7104854961314429,0.6104056872934567,1.1164087904338118,1.115965107210269,1.0996301280661867,0.016778662367625152,0.01633497914408233,0.0004436832235428234,0.7132038180714393,1.1164087904338114,0.0,0.0
main,dfl_linear,2266-01-01,2265-10-01,0.000522952125431,0.0011621158342911113,0.00115345278758,0.0046058345670114,0.0536298016852614,0.0031101626809686422,,0.012382732298699572,0.001399573206435889,0.07948569748425806,0.7280523694352049,0.7260113542095582,0.606107426456036,1.1185054327249022,1.118173215699496,1.098656395975567,0.019849036749335136,0.019516819723928824,0.0003322170254063117,0.7280523694352049,1.118505432724902,0.0,0.0
main,dfl_linear,2266-04-01,2266-01-01,0.0005732321320332,0.001273849182296,0.0013056049688143,0.0052122011485038,0.0567437325953045,0.0030723947566002607,,0.012233057288879912,0.0013825776404701173,0.07916710686467876,0.7116578315787849,0.7093899648767557,0.6073752729922997,1.1154790643444956,1.1151110628792025,1.0985573756358902,0.016921688708605442,0.0165536872433123,0.00036800146529314404,0.7116578315787849,1.1154790643444956,0.0,0.0
main,dfl_linear,2266-07-01,2266-04-01,0.0003904005716399,0.0008675568258664445,0.0013270261172001,0.0052975478233681,0.0571577331769059,0.0042310492135584354,,0.016817088842280392,0.001903972146101296,0.08742292849903989,0.7104889833317494,0.7072332631891344,0.5757799999147186,1.1165883961473682,1.1160541455134565,1.0944831915746174,0.02210520457275078,0.02157095393883912,0.0005342506339116593,0.7104889833317459,1.1165883961473675,0.0,0.0
main,dfl_linear,2266-10-01,2266-07-01,0.0005553773447706,0.001234171877268,0.0013763860320735,0.0054941879235644,0.0580906264179746,0.002665051259100437,,0.010617665710761726,0.0011992730665951969,0.07543923784129473,0.7049898915782472,0.7024175849869919,0.6225313972086177,1.1145229476443972,1.114105086145112,1.1011278763868673,0.013395071257529922,0.01297720975824479,0.0004178614992851326,0.7049898915782469,1.114522947644397,0.0,0.0
main,dfl_linear,2267-01-01,2266-10-01,0.0004916384445079,0.001092529876684222,0.0013070183944374,0.0052178327234336,0.0567712244172729,0.00243822718039155,,0.009717296956096688,0.0010972022311761976,0.07309342742392498,0.7119319456943396,0.709246366931293,0.6323887802676761,1.1161044357328826,1.1156664618383467,1.103132248722419,0.012972187010463543,0.012534213115927617,0.0004379738945359257,0.7119319456943396,1.116104435732882,0.0,0.0
main,dfl_linear,2267-04-01,2267-01-01,0.0005859284493194,0.001302063220709778,0.0011240196275451,0.0044885036682817,0.0529894563506237,0.0033557680435478687,,0.013355656132025384,0.0015100956195965409,0.08146128814693637,0.7311256960814019,0.7295197061454491,0.5983369909696745,1.11854524348805,1.1182848471307374,1.0970147878300123,0.021530455658037795,0.02127005930072512,0.0002603963573126755,0.7311256960814015,1.1185452434880494,0.0,0.0
main,dfl_linear,2267-07-01,2267-04-01,0.0004528028375653,0.0010062285279228889,0.0012499653927928,0.0049904948996823,0.0556413033382195,0.002431547734886408,,0.00969077386363515,0.0010941964806988837,0.07302095826548004,0.7179054641254445,0.7151928293040526,0.6326974520972464,1.1173574216604782,1.116913981897928,1.1034282999360376,0.013929121724440607,0.013485681961890261,0.0004434397625503461,0.7179054641254445,1.1173574216604778,0.0,0.0
main,dfl_linear,2267-10-01,2267-07-01,0.0006681377684433,0.0014847505965406664,0.001368327837074,0.0054620876661686,0.0579402899940771,0.003453234676271677,,0.013741554301450853,0.0015539556043222547,0.08220262179005393,0.7051767033082685,0.7031895452539174,0.5954607817455659,1.113758134266723,1.1134375686670714,1.0960589129541451,0.01769922131257795,0.017378655712926294,0.00032056559965165654,0.7051767033082685,1.1137581342667229,0.0,0.0
main,dfl_linear,2268-01-01,2267-10-01,0.0011801433739145,0.0026225408309211115,0.0013593779880065,0.0054264345455504,0.057772431701261,0.003872706089168787,,0.015401069346119178,0.0017427177401259542,0.0851562460811371,0.7034694933355257,0.704053324759872,0.5842059622610452,1.109880926267259,1.101672809413211,1.0912521337062184,0.018628792561040664,0.010420675706992677,0.008208116854047987,0.7034694933355257,1.1098809262672586,0.0,0.0
main,dfl_linear,2268-04-01,2268-01-01,0.0004496953609496,0.0009993230243324446,0.0013884916230887,0.0055424097422557,0.0583150650190004,0.004861203487962484,,0.019303485103522644,0.002187541569583118,0.09096965332332078,0.7044001489551985,0.7012680311870466,0.5629405706117394,1.1151715702320997,1.114659459435353,1.092042498231828,0.0231290720002717,0.022616961203524966,0.0005121107967467342,0.7044001489551985,1.1151715702320997,0.0,0.0
main,dfl_linear,2268-07-01,2268-04-01,0.0007216311512406,0.0016036247805346667,0.0014331884740148,0.005720441491872,0.0591294407961849,0.0030419742688536644,,0.01211248794201425,0.001368888420984149,0.07890743085785462,0.6990510353404771,0.6971257693233908,0.6084117648859042,1.1123960039031133,1.112086452531566,1.0978226876776025,0.014573316225510835,0.014263764853963412,0.00030955137154742296,0.6990510353404771,1.1123960039031129,0.0,0.0
main,dfl_linear,2268-10-01,2268-07-01,0.0004933266065494,0.0010962813478875555,0.0014594480520611,0.0058250247064389,0.0595976903852063,0.004401602316647768,,0.017490505381897448,0.0019807210424914955,0.08843276360317812,0.6978804482529879,0.6947643396865302,0.5720824155918787,1.1138010853733638,1.1132929517268455,1.0932876110519303,0.020513474321433467,0.020005340674915217,0.0005081336465182495,0.6978804482529879,1.1138010853733633,0.0,0.0
main,dfl_linear,2269-01-01,2268-10-01,0.0006965828243843,0.0015479618319651112,0.0012728689645546,0.0050817629323739,0.0560999448166684,0.0036202401388436556,,0.014402513341103429,0.0016291080624796451,0.08342218308840546,0.7143034202702817,0.7127680147348779,0.5907746377709786,1.1150272596658148,1.114780006907111,1.0951349044879932,0.01989235517782162,0.019645102419117766,0.0002472527587038531,0.7143034202702817,1.1150272596658146,0.0,0.0
main,dfl_linear,2269-04-01,2269-01-01,0.0003433634781658,0.0007630299514795555,0.0011097697239302,0.0044316948282834,0.0526746557563152,0.0036122458986938,,0.014370882036888633,0.0016255106544122101,0.08336518916908736,0.7341172568811549,0.7312561129678237,0.5909923955325502,1.1208110086089915,1.120340160554808,1.0972574704044724,0.02355353820451911,0.023082690150335594,0.0004708480541835147,0.7341172568811549,1.1208110086089915,0.0,0.0
main,dfl_linear,2269-07-01,2269-04-01,0.0002739551089143,0.0006087891309206667,0.0010801324813057,0.004313534847501,0.0520096252985666,0.0023336978629231453,,0.009302165386374073,0.0010501640383154154,0.07193523897337187,0.738096805776345,0.7349499548449632,0.6373525442260781,1.1219782094622683,1.1214581594646922,1.1053291675732786,0.016649041888989746,0.01612899189141359,0.0005200499975761552,0.7380968057763444,1.121978209462268,0.0,0.0
main,dfl_linear,2269-10-01,2269-07-01,0.0005663265195348,0.001258503376744,0.0011920530536936,0.0047596930454425,0.0544500855050879,0.002323842141777277,,0.009263017281389674,0.0010457289637997747,0.07182330996565811,0.7235030676615113,0.7215629801328798,0.6378357480089643,1.117451125625319,1.117136178150685,1.103544172673458,0.013906952951860951,0.013592005477226943,0.00031494747463400863,0.7235030676615113,1.1174511256253183,0.0,0.0
main,dfl_linear,2270-01-01,2269-10-01,0.0005126268933547,0.0011391708741215554,0.0014703271412839,0.0058683501036246,0.0597895319490197,0.0035120639950037003,,0.01397442154636952,0.0015804287977516651,0.08263929566943116,0.6968536275984398,0.6938010966939065,0.5937764325976835,1.1134991503341505,1.1130019732365335,1.096710582996513,0.01678856733763756,0.016291390240020576,0.0004971770976169854,0.6968536275984398,1.1134991503341505,0.0,0.0
main,dfl_linear,2270-04-01,2270-01-01,0.0011086434023836,0.002463652005296889,0.0017778487401034,0.0070924529508815,0.0647463241093117,0.0045421128161251545,,0.0180450409353462,0.0020439507672563198,0.08923527360827556,0.6708934375411706,0.6697286784740563,0.5691680110609625,1.105272281674592,1.1050895151758673,1.0893101822551363,0.01596209941945559,0.01577933292073097,0.00018276649872461803,0.6708934375411706,1.1052722816745912,0.0,0.0
main,dfl_linear,2270-07-01,2270-04-01,0.0011850944445226,0.002633543210050222,0.0027117086841063,0.0108027942591528,0.0758958198139841,0.003493133932352066,,0.013899494165170445,0.0015719102695584298,0.08249964406549673,0.6239045900260477,0.6206423401521975,0.5943143135172779,1.097422112488856,1.09691271525207,1.0928016187584069,0.004620493730449038,0.004111096493663036,0.0005093972367860022,0.6239045900260477,1.0974221124888557,0.0,0.0
main,dfl_linear,2270-10-01,2270-07-01,0.0014679574019085,0.0032621275597966666,0.003998889974007,0.0158998687011012,0.0859785766822783,0.01047311257570982,,0.041238916768610245,0.004712900659069419,0.1127080263979259,0.5860066273293614,0.5811285298696758,0.4927245017506648,1.089846785729777,1.0890988737492815,1.075544730499646,0.01430205523013095,0.013554143249635553,0.0007479119804953971,0.5860066273293614,1.089846785729777,0.0,0.0
main,dfl_linear,2271-01-01,2270-10-01,0.0008209982310766,0.0018244405135035555,0.0027980502570269,0.011145314080064,0.0767192936574786,0.008529591374099255,,0.03368431887434942,0.003838316118344665,0.1061574932479201,0.6221215524621573,0.6172589140177166,0.5123610883634071,1.0994088138727818,1.0986318127897277,1.081870187372864,0.017538626499917775,0.016761625416863657,0.0007770010830541185,0.6221215524621567,1.099408813872781,0.0,0.0
main,dfl_linear,2271-04-01,2271-01-01,0.0006591155454241,0.0014647012120535556,0.0021259260807564,0.0084766253654107,0.0694678969093045,0.005092447157949209,,0.020214718101032814,0.0022916012210771443,0.09215905094600117,0.6522007981193635,0.6481515368277273,0.55872505323519,1.1052709772362683,1.104617390649921,1.0901831652614598,0.015087811974808574,0.014434225388461286,0.0006535865863472878,0.652200798119363,1.1052709772362677,0.0,0.0
main,dfl_linear,2271-07-01,2271-04-01,0.0006545198184709,0.001454488485490889,0.0015339640366912,0.0061217523051827,0.060887319938257,0.007102612871676683,,0.028109199509326444,0.0031961757922545075,0.10091643588317219,0.6908852188625932,0.6883356610055138,0.5290205186180303,1.111546736088574,1.111135097730042,1.0854129029896966,0.0261338330988774,0.025722194740345428,0.00041163835853197384,0.6908852188625932,1.1115467360885734,0.0,0.0
main,dfl_linear,2271-10-01,2271-07-01,0.0005005507013,0.0011123348917777777,0.0014904598359848,0.0059485237599187,0.0601412938120538,0.005394886713474989,,0.021405545259355563,0.002427699021063745,0.09364105195680729,0.6952079873838639,0.6920412098066199,0.5535340208689215,1.1133150734241455,1.1127989061185397,1.0902229970825854,0.023092076341560075,0.0225759090359543,0.0005161673056057747,0.6952079873838636,1.113315073424145,0.0,0.0
main,dfl_linear,2272-01-01,2271-10-01,0.0004489385934251,0.0009976413187224443,0.0011855418615692,0.0047337410524298,0.0543132310023734,0.00450855353847146,,0.017912617993104285,0.002028849092312157,0.08904589943370947,0.7248363700252228,0.7223015966940501,0.569853844783129,1.1185184399600125,1.118103977616115,1.0931771520882174,0.025341287871795126,0.0249268255278976,0.0004144623438975259,0.7248363700252225,1.1185184399600123,0.0,0.0
main,dfl_linear,2272-04-01,2272-01-01,0.0006115327805395,0.0013589617345322223,0.0012947162788042,0.0051688160522326,0.0565311036036629,0.0025493477005511522,,0.010158461992389567,0.0011472064652480185,0.07426979570748046,0.7125418197550576,0.7105023695800728,0.6274133228611667,1.1153495989159947,1.1150194431929594,1.1015686001019078,0.013780998814086898,0.0134508430910516,0.00033015572303529694,0.7125418197550576,1.115349598915994,0.0,0.0
main,dfl_linear,2272-07-01,2272-04-01,0.000737414020626,0.0016386978236133333,0.0012895434678408,0.0051482049121083,0.0564295679415944,0.0032054302282631397,,0.012760203850191165,0.001442443602718413,0.08027124685422668,0.7124182356336706,0.7110347172476801,0.6029989900272805,1.1144327916313976,1.1142105628011072,1.0968572312278888,0.017575560403508828,0.01735333157321839,0.0002222288302904385,0.7124182356336706,1.1144327916313974,0.0,0.0
main,dfl_linear,2272-10-01,2272-07-01,0.0005997599785153,0.0013327999522562222,0.0012754333285919,0.0050919812298109,0.0561508699106564,0.00316841178573668,,0.01261354127133485,0.001425785303581506,0.07996901601997522,0.7145376887315745,0.7124997175077113,0.6041919647851494,1.1157568206184842,1.1154266643886492,1.0978805484857186,0.017876272132765658,0.017546115902930648,0.00033015622983501025,0.7145376887338786,1.1157568206188573,0.0,0.0
main,dfl_linear,2273-01-01,2272-10-01,0.0007356400817725,0.0016347557372722221,0.0013415868513136,0.0053555579289863,0.0574359443921487,0.0033020470291376114,,0.013142910925839746,0.001485921163111925,0.08104273793534947,0.7073557249151222,0.7057907507492633,0.5999702938444447,1.1136321695525524,1.1133807664699211,1.0963813874056187,0.017250782146933652,0.016999379064302378,0.0002514030826312741,0.7073557249151218,1.113632169552552,0.0,0.0
main,dfl_linear,2273-04-01,2273-01-01,0.0005699706554343,0.0012666014565206666,0.0016994307781147,0.0067804143465663,0.0635614712392767,0.003006629180163145,,0.011972386442306915,0.0013529831310734152,0.07860220512452187,0.6787417343051063,0.6753443446142258,0.6096336543179581,1.110159982651533,1.1096085853077535,1.098943720990153,0.011216261661380011,0.010664864317600609,0.0005513973437794029,0.6787417343051031,1.1101599826515325,0.0,0.0
main,dfl_linear,2273-07-01,2273-04-01,0.0008925059132624,0.0019833464739164443,0.0019312389466067,0.007702606480946,0.0669280719476411,0.004522590897977352,,0.0179680102201607,0.0020351659040898085,0.08912528332153612,0.6621614176883717,0.6596033772555137,0.569566207564203,1.1053332883634355,1.1049263682328418,1.090603710788331,0.014729577575104402,0.014322657444510778,0.0004069201305936243,0.6621614176883717,1.105333288363435,0.0,0.0
main,dfl_linear,2273-10-01,2273-07-01,0.0009426351207876,0.0020947447128613333,0.0024791647033059,0.0098798421800306,0.0735331533055298,0.004490839783102274,,0.017842715152525668,0.0020208779023960233,0.08894536970559386,0.6342127707698423,0.6305212492189594,0.5702183968978467,1.1005694331715368,1.0999840551296185,1.0904216118044872,0.010147821367049614,0.009562443325131342,0.0005853780419182719,0.6342127707698423,1.1005694331715368,0.0,0.0
main,dfl_linear,2274-01-01,2273-10-01,0.0010741073130989,0.002386905140219778,0.0022948545693215,0.0091478684466839,0.0714912820431462,0.004309526644647121,,0.017126994260721506,0.0019392869900912047,0.08789266932091727,0.6419911312836005,0.6392728045769235,0.5740557783158028,1.1009588363650813,1.10053135522431,1.090275395660898,0.010683440704183367,0.010255959563411965,0.00042748114077140187,0.6419911312836005,1.1009588363650813,0.0,0.0
main,dfl_linear,2274-04-01,2274-01-01,0.0013757748422519,0.003057277427226444,0.0029713545754978,0.0118325494717016,0.0782937400622554,0.004721388686448336,,0.018752226169664543,0.002124624908901751,0.09022389878028951,0.6139884385568107,0.6108724792393883,0.5656064663224387,1.0947029592055444,1.0942223466246013,1.0872404148723556,0.007462544333188825,0.006981931752245707,0.0004806125809431183,0.6139884385568105,1.0947029592055442,0.0,0.0
main,dfl_linear,2274-07-01,2274-04-01,0.0013844101962574,0.003076467102794222,0.0038498689640023,0.0153107749332865,0.0850043999702515,0.005978929810225964,,0.0237020872825644,0.0026905184146016835,0.09630785220076733,0.5896615347453322,0.5847768321883544,0.5443622638678642,1.0908998034267936,1.0901467977174766,1.0839166536442368,0.0069831497825567634,0.006230144073239741,0.0007530057093170228,0.5896615347453322,1.0908998034267932,0.0,0.0
main,dfl_linear,2274-10-01,2274-07-01,0.0019084036023496,0.004240896894110223,0.0032798937741521,0.0130551698983567,0.0808680041105454,0.006882711313664913,,0.027247916903772595,0.003097220091149211,0.10005667587803681,0.6024952657484836,0.6006541922540101,0.5318337143394629,1.0897211632902153,1.0894469980560335,1.0791985302460658,0.010522633044149465,0.010248467809967687,0.00027416523418177796,0.6024952657484836,1.0897211632902148,0.0,0.0
main,dfl_linear,2275-01-01,2274-10-01,0.0014772736822783,0.0032828304050628886,0.0044428418682129,0.0176532848062817,0.0886709492571105,0.004872556775808334,,0.019348238415618613,0.0021926505491137505,0.09102929511838827,0.5768735175365883,0.5712152163351506,0.5627281273765955,1.0883927502915458,1.0875257442842168,1.0862252908707561,0.0021674594207896636,0.0013004534134606338,0.0008670060073290298,0.5768735175365883,1.0883927502915454,0.0,0.0
main,dfl_linear,2275-04-01,2275-01-01,0.0013974584658552,0.003105463257456,0.0025660962382532,0.0102249433996629,0.0744424716583047,0.0069697764702141285,,0.027588991121971773,0.003136399411596358,0.10039915955630542,0.6287728969785632,0.626688493623425,0.5307103862315881,1.0968470066125686,1.0965259555200535,1.0817428876653405,0.015104118947228073,0.01478306785471295,0.0003210510925151233,0.6287728969785632,1.0968470066125682,0.0,0.0
main,dfl_linear,2275-07-01,2275-04-01,0.0010542327511592,0.0023427394470204445,0.0019567263137936,0.0078039625407939,0.067274432382921,0.006965490523725748,,0.027572203199783818,0.003134470735676587,0.10038236535064836,0.6599411216701122,0.6580208558738849,0.5307653865049129,1.1039127929975652,1.103610432414732,1.0835730823964738,0.02033971060109141,0.020037350018258238,0.00030236058283317213,0.6599411216701122,1.103912792997565,0.0,0.0
main,dfl_linear,2275-10-01,2275-07-01,0.0016328839926321,0.0036286310947379998,0.0034848395682138,0.0138666627655348,0.0824381987888038,0.0037573836743831635,,0.014945039091707524,0.0016908226534724236,0.08437954214026401,0.5978319552108883,0.594551207301094,0.5871346732698846,1.0906738661759512,1.0901762713345629,1.0890513970143239,0.001622469161627338,0.001124874320239,0.000497594841388338,0.5978319552108883,1.0906738661759507,0.0,0.0
main,dfl_linear,2276-01-01,2275-10-01,0.0015500938084104,0.0034446529075786666,0.005025609313327,0.0199514038437951,0.0918206105399572,0.007354781962931156,,0.029096159382878573,0.00330965188331902,0.10188216268044852,0.5663453623025292,0.5599200638023527,0.5258874781761786,1.086367136471554,1.085387284477747,1.0801973470951836,0.00616978937637036,0.005189937382563459,0.0009798519938069017,0.5663453623025292,1.0863671364715537,0.0,0.0
main,dfl_linear,2276-04-01,2276-01-01,0.0011334918788481,0.0025188708418846665,0.0034322553878931,0.0136585008835593,0.0820449655694641,0.008427022956311703,,0.03328439225728441,0.003792160330340266,0.10579631377461364,0.6010393445946871,0.5960706822724195,0.5134820343863686,1.0941618777322448,1.0933834618460136,1.0804447046177965,0.013717173114448311,0.012938757228217135,0.0007784158862311763,0.6010393445946866,1.0941618777322442,0.0,0.0
main,dfl_linear,2276-07-01,2276-04-01,0.0013905821259064,0.0030901825020142218,0.0046899474429766,0.0186282282789562,0.0900532280066749,0.007100071292370558,,0.02809924824119825,0.003195032081566751,0.10090659634312277,0.5725940099235508,0.5662190690810348,0.529052587366337,1.088233403711149,1.0872510624374991,1.081523923960983,0.006709479750165892,0.005727138476516069,0.0009823412736498227,0.5725940099235508,1.0882334037111487,0.0,0.0
main,dfl_linear,2276-10-01,2276-07-01,0.0034169541416741,0.007593231425942443,0.0069287190687122,0.0274281615947293,0.1002380033261579,0.007283682934939861,,0.028817962359529492,0.0032776573207229376,0.10161192744265914,0.5351744501584806,0.5312385251781527,0.5267613122230861,1.071622642086753,1.0710958954416865,1.0704967079787349,0.0011259341080180896,0.0005991874629516225,0.0005267466450664671,0.5351744501584806,1.0716226420867527,0.0,0.0
main,dfl_linear,2277-01-01,2276-10-01,0.0040429724650422,0.008984383255649332,0.007243668744142,0.0286613681246875,0.1014591472444672,0.011522521264851093,,0.04529957576542476,0.0051851345691829925,0.11607715363406636,0.52993574861239,0.5272563333367937,0.48312581516192293,1.0676040493680674,1.0672622356235832,1.0616324932686958,0.005971556099371611,0.005629742354887446,0.00034181374448416513,0.52993574861239,1.067604049368067,0.0,0.0
main,dfl_linear,2277-04-01,2277-01-01,0.0021500956947879,0.004777990432862,0.0062148037421077,0.0246284309203044,0.097324649752349,0.017937954515218735,,0.0698441808493876,0.008072079531848431,0.13498043358825088,0.5474210341693916,0.5409220747397221,0.4348097745400388,1.0801966576524182,1.0792445663151369,1.0636992158798242,0.016497441772594046,0.015545350435312688,0.0009520913372813578,0.5474210341693916,1.0801966576524178,0.0,0.0
main,dfl_linear,2277-07-01,2277-04-01,0.0029396222290089,0.006532493842242,0.0068555227971709,0.0271413886116477,0.0999491450237704,0.008257809095084667,,0.03262433571058243,0.0037160140927881002,0.10519603036686405,0.5373779456457997,0.5321871490325216,0.51535395269976,1.0744826133244991,1.0737631493045745,1.0714300047019216,0.0030526086225775018,0.0023331446026528813,0.0007194640199246205,0.5373779456457997,1.074482613324499,0.0,0.0
main,dfl_linear,2277-10-01,2277-07-01,0.0042595922270888,0.009465760504641776,0.0091419527858404,0.0360694085199131,0.1082763482889908,0.012878821231424809,,0.050528617730044245,0.005795469554141164,0.12030595777745659,0.5108923715382856,0.5058659808016054,0.4715354094544892,1.0640679866715976,1.0634376567769577,1.0591324631392594,0.004935523532338282,0.0043051936376983235,0.0006303298946399583,0.5108923715382856,1.0640679866715972,0.0,0.0
main,dfl_linear,2278-01-01,2277-10-01,0.00429128602443,0.009536191165399999,0.0091752486796812,0.0361989661817274,0.1083898850586973,0.019560452550649643,,0.07597593218829923,0.00880220364779234,0.13930345734551322,0.5105135900052884,0.5055218387303569,0.4248769311655778,1.0638586847801756,1.0632342808908224,1.0531466400676817,0.010712044712493984,0.010087640823140731,0.0006244038893532533,0.5105135900052884,1.0638586847801754,0.0,0.0
main,dfl_linear,2278-04-01,2278-01-01,0.004146497491951,0.009214438871002222,0.010278799452964,0.0404856083135056,0.1120733513472329,0.01932188682258129,,0.07507625021921982,0.00869484907016158,0.13868016673730993,0.5014545919416725,0.4945701547789484,0.42628741690921595,1.0634515693680664,1.062580446939016,1.0539402889901048,0.009511280377961562,0.008640157948911265,0.0008711224290502972,0.5014545919416725,1.0634515693680662,0.0,0.0
main,dfl_linear,2278-07-01,2278-04-01,0.0046061463925642,0.01023588087236489,0.009919092593201,0.0390899339998069,0.1108882868002726,0.014823909848928452,,0.057990131403287015,0.0066707594320178035,0.12615282592435323,0.503285360452614,0.4980486983393966,0.45629265482560727,1.0613698800812474,1.0607313291692453,1.0556396583509169,0.005730221730330554,0.005091670818328398,0.000638550912002156,0.503285360452614,1.061369880081247,0.0,0.0
main,dfl_linear,2278-10-01,2278-07-01,0.003232371753227,0.007183048340504444,0.0055397483041114,0.0219755394401659,0.0943246585925493,0.0162750706076622,,0.0635281883582437,0.00732378177344799,0.13035053159605303,0.5532288215728726,0.5511622948780507,0.44586277332366436,1.0750600298650104,1.0747796512054364,1.0604930035753068,0.014567026289703522,0.014286647630129545,0.00028037865957397656,0.5532288215728726,1.07506002986501,0.0,0.0
main,dfl_linear,2279-01-01,2278-10-01,0.003531921966413,0.007848715480917777,0.0076521395588131,0.0302590156590394,0.1029963036374174,0.010303124785423279,,0.040579936478185474,0.004636406153440476,0.11215300764425339,0.5270696965045212,0.5223084013184157,0.4943378511721735,1.06993201862361,1.0693002862629075,1.0655891318430812,0.004342886780528854,0.003711154419826279,0.0006317323607025749,0.5270696965045211,1.0699320186236094,0.0,0.0
main,dfl_linear,2279-04-01,2279-01-01,0.0039861592348777,0.008858131633061556,0.0070667839765154,0.0279689084423079,0.1007775226327776,0.012652869336307049,,0.04965898374978672,0.005693791201338172,0.11961042658915914,0.5320176625335035,0.5294735276284367,0.4734078920929227,1.068171896119369,1.0678458947237832,1.0606617334623092,0.007510162657059727,0.007184161261474031,0.0003260013955856955,0.5320176625335032,1.0681718961193682,0.0,0.0
main,dfl_linear,2279-07-01,2279-04-01,0.0044041840153226,0.009787075589605778,0.0075756210412234,0.0299598797269177,0.1027119742411321,0.013469086028635502,,0.05279758757784081,0.006061088712885976,0.12210673860890203,0.5254414532904848,0.5232181671217584,0.46674733683005903,1.065132755657103,1.064857161194815,1.0578571409868365,0.007275614670266606,0.007000020207978519,0.0002755944622880868,0.5254414532904848,1.065132755657103,0.0,0.0
main,dfl_linear,2279-10-01,2279-07-01,0.0025787611192688,0.0057305802650417775,0.0072108103046345,0.0285327635304563,0.1013333072103922,0.015281809493899345,,0.059740256499301925,0.006876814272254706,0.12749277276077922,0.5344390623488433,0.5276645951950307,0.45291886736094017,1.076003855728569,1.075040442571728,1.0644106740633015,0.01159318166526746,0.010629768508426451,0.0009634131568410087,0.5344390623488433,1.0760038557285685,0.0,0.0
