split,model,date,feature_date,c_q_realised,pd_q_realised,pd_q_true,pd_a_true,k_irb_true,pd_q_hat,pd_q_hat_std,pd_a_hat,c_q_hat,k_irb_hat,alpha_oracle,alpha_bayes,alpha_hat,utility_oracle,utility_bayes_realised,utility,regret,regret_vs_bayes,regret_irreducible,alpha_oracle_panel,utility_oracle_panel,shortfall_realised_at_hat,shortfall_predicted_at_hat
main,dfl_mlp,2205-01-01,2204-10-01,0.0042187598531352,0.009375021895856001,0.0089043353319676,0.0351444359140151,0.1074613202279435,0.014279334433376789,0.0009020895373106465,0.0559055459978125,0.006425700495019555,0.12454106291723234,0.513136078085339,0.508348007351777,0.46040826245774513,1.06455888226412,1.063956483586729,1.0579250691558164,0.006633813108303688,0.006031414430912596,0.0006023986773910917,0.513136078085339,1.06455888226412,0.0,0.0
main,dfl_mlp,2205-04-01,2205-01-01,0.0034232461935151,0.007607213763366889,0.0079183989742881,0.0312993716793125,0.1039738997079362,0.015095665492117405,0.001930896275928358,0.059029095287348676,0.006793049471452832,0.126949755923807,0.5246668171795944,0.519199343694833,0.4542809617666061,1.0701833884384346,1.069452017970943,1.0607680458452506,0.009415342593183995,0.008683972125692385,0.0007313704674916099,0.5246668171795944,1.0701833884384344,0.0,0.0
main,dfl_mlp,2205-07-01,2205-04-01,0.0041245385538991,0.009165641230886888,0.0084685995265581,0.0334465192714684,0.1059429563684654,0.013475077599287033,0.001632472817205652,0.05282059822411034,0.006063784919679165,0.12212489885082511,0.5174175811008095,0.5130264318981055,0.466699484673934,1.065585066007781,1.065028467583551,1.059156313248996,0.006428752758784961,0.005872154334555013,0.0005565984242299482,0.5174175811008095,1.0655850660077806,0.0,0.0
main,dfl_mlp,2205-10-01,2205-07-01,0.0023262392138682,0.005169420475262666,0.0062246534527993,0.0246670991757008,0.0973664553077119,0.013673014752566815,0.0021939090548872375,0.05358054081822794,0.006152856638655067,0.12272350481451848,0.5467686912881656,0.5407812984138218,0.4651269454515074,1.0791379924305124,1.0782713915085538,1.067321361436493,0.011816630994019528,0.010950030072060857,0.0008666009219586712,0.5467686912881656,1.0791379924305122,0.0,0.0
main,dfl_mlp,2206-01-01,2205-10-01,0.0017595730731917,0.0039101623848704446,0.0033671361566896,0.0134006715638823,0.0815489368124702,0.009846962615847587,0.0010902402699703476,0.03880988417633824,0.004431133177131414,0.1106489655948195,0.6005698960095712,0.5979958293189734,0.49875632441830814,1.090328276353728,1.089941125734081,1.0750150805169705,0.01531319583675761,0.014926045217110495,0.00038715061964711417,0.6005698960095709,1.0903282763537274,0.0,0.0
main,dfl_mlp,2206-04-01,2206-01-01,0.0024978021465479,0.005550671436773111,0.0047879071505227,0.0190145227802714,0.0905813394423869,0.006282820180058479,0.000550024418002557,0.024895428213448922,0.0028272690810263157,0.09761231787417468,0.5672820871553147,0.5643264955366244,0.5399544671672862,1.0811338064921456,1.0807110919311005,1.0772253562128182,0.003908450279327402,0.003485735718282257,0.0004227145610451455,0.5672820871553147,1.0811338064921456,0.0,0.0
main,dfl_mlp,2206-07-01,2206-04-01,0.0017939302876212,0.0039865117502693335,0.0043616280148319,0.0173327008027219,0.0881997126701148,0.007342953793704509,0.0007102934066240404,0.02904988214309734,0.003304329207167029,0.10183731347808764,0.577388389884657,0.5729327373447376,0.5260323486092968,1.0866433042972732,1.0859746859709911,1.0789367809419745,0.0077065233552986445,0.007037905029016578,0.0006686183262820666,0.577388389884657,1.086643304297273,0.0,0.0
main,dfl_mlp,2206-10-01,2206-07-01,0.0018884110772265,0.004196469060503333,0.0047033264127217,0.018680993659858,0.0901259893114755,0.00819525271654129,0.0009912829535105418,0.0323802349966098,0.0036878637224435806,0.1049726531347872,0.57072934248678,0.5659577850706677,0.5160533646784256,1.0851048134132768,1.0843932983861715,1.076951756362988,0.008153057050288792,0.007441542023183478,0.0007115150271053139,0.57072934248678,1.0851048134132766,0.0,0.0
main,dfl_mlp,2207-01-01,2206-10-01,0.001869051208312,0.004153447129582222,0.0028808944492213,0.0114738760515802,0.0774844893273908,0.006374020688235759,0.000632296818654392,0.02525334812230584,0.002868309309706092,0.09799439740537794,0.6151819132021142,0.6141416967397252,0.5386731680904981,1.0918524964359342,1.091697182248612,1.0804290148821556,0.011423481553778592,0.011268167366456305,0.0001553141873222863,0.6151819132021138,1.091852496435934,0.0,0.0
main,dfl_mlp,2207-04-01,2207-01-01,0.002011181421516,0.004469292047813333,0.0036319006627046,0.0144486498915651,0.0835050746448462,0.006171029061079025,0.0007689373041606904,0.024456565206704917,0.0027769630774855613,0.09713824040604625,0.5927111032810054,0.5904581483812867,0.5415504212228116,1.0876549697587587,1.087321784345984,1.0800889093056576,0.007566060453101153,0.007232875040326325,0.00033318541277482794,0.5927111032810054,1.0876549697587583,0.0,0.0
main,dfl_mlp,2207-07-01,2207-04-01,0.0016647198335558,0.0036993774079017777,0.0042005788270487,0.0166967422965031,0.0872381192516666,0.006547120399773121,0.0008686687017892946,0.02593241361217502,0.0029462041798979043,0.09870871186612092,0.5810479309926717,0.5764603884463314,0.5362895783101671,1.0879432322570681,1.0872488948399244,1.081168930180686,0.006774302076382188,0.006079964659238435,0.0006943374171437533,0.5810479309926717,1.0879432322570677,0.0,0.0
main,dfl_mlp,2207-10-01,2207-07-01,0.0017223991728705,0.0038275537174899997,0.0030273122180746,0.0120543720493695,0.0787812781066042,0.007773889414966107,0.0008706999849291983,0.030734833076783152,0.003498250236734748,0.10344552407248976,0.6108598251577774,0.6089163137683289,0.5208760939377826,1.092103006050591,1.0918099711612597,1.078535618247883,0.013567387802708053,0.013274352913376752,0.0002930348893313006,0.6108598251577774,1.0921030060505903,0.0,0.0
main,dfl_mlp,2208-01-01,2207-10-01,0.0014125085115902,0.0031389078035337775,0.0027493242916379,0.0109520275312476,0.0762579323692651,0.005550327617675066,0.0004600816384261129,0.02201715663830539,0.00249764742795378,0.09437396795667301,0.6216182376943268,0.6191508022523361,0.5509917691474313,1.0956514534156174,1.0952717769969986,1.0847838115793995,0.010867641836217912,0.01048796541759911,0.00037967641861880175,0.6216182376943268,1.095651453415617,0.0,0.0
main,dfl_mlp,2208-04-01,2208-01-01,0.0019532420796421,0.0043405379547602225,0.0026284253964816,0.0104723224529781,0.0750748973771967,0.006845460738986731,0.0008667750101282288,0.027101961885953707,0.0030804573325440288,0.09990927802551797,0.6241100921485541,0.6240456097406609,0.5323182693362702,1.0926601145378185,1.0926505409908172,1.0790320048141948,0.013628109723623716,0.013618536176622342,9.573547001373583e-06,0.6241100921485541,1.0926601145378183,0.0,0.0
main,dfl_mlp,2208-07-01,2208-04-01,0.0006507436365878,0.0014460969701951111,0.0019101026200834,0.0076185473908837,0.0666374787022394,0.006961220595985651,0.00097413011567229,0.02755547780639167,0.003132549268193543,0.10036562728206105,0.664503818194659,0.6609362847398546,0.5308202126383317,1.107312425144918,1.1067362950214503,1.085723516967774,0.021588908177144095,0.021012778053676406,0.0005761301234676885,0.6645038181946539,1.1073124251449165,0.0,0.0
main,dfl_mlp,2208-10-01,2208-07-01,0.0022159331046589,0.004924295788130888,0.0036434769332056,0.014494451479142,0.0835870865576416,0.005529568810015917,0.0005431963340975154,0.021935493809101647,0.0024883059645071626,0.09427713556982342,0.5917054033310968,0.5901452632209975,0.5513267081658819,1.086294711845155,1.086067179967837,1.0804058559307943,0.005888855914360613,0.00566132403704267,0.00022753187731794355,0.5917054033310966,1.086294711845155,0.0,0.0
main,dfl_mlp,2209-01-01,2208-10-01,0.0009640220418716,0.002142271204159111,0.002378741525678,0.00948106944281,0.0724407179123238,0.005658485367894173,0.0006795470251952896,0.02244255441031706,0.0025463184155523778,0.09487349346336477,0.6385502588604764,0.6351780846977138,0.5492684713281224,1.101120678244717,1.1005866614875917,1.0869820340504703,0.014138644194246597,0.01360462743712132,0.0005340167571252774,0.6385502588604764,1.1011206782447165,0.0,0.0
main,dfl_mlp,2209-04-01,2209-01-01,0.0004523640493925,0.0010052534430944444,0.0015609190171255,0.006229072466016,0.0613401775825524,0.007083051465451717,0.0006706085180025366,0.028032607052389857,0.003187373159453273,0.10084064843534683,0.6896906429346935,0.6861038928273769,0.5292675961385946,1.112748115492368,1.1121617666423655,1.086522739821269,0.02622537567109906,0.025639026821096644,0.0005863488500024161,0.6896906429346935,1.1127481154923675,0.0,0.0
main,dfl_mlp,2209-07-01,2209-04-01,0.0007892416844833,0.0017538704099628888,0.0017976936226507,0.0071714075044362,0.0650384220230146,0.003708926821127534,0.00068388052291223,0.014753374348331239,0.0016690170695073904,0.08404559661389735,0.6710163387755935,0.6683570968490159,0.5884005595681723,1.107434804258989,1.1070090394610996,1.094207391519608,0.013227412739380995,0.012801647941491634,0.00042576479788936084,0.6710163387755935,1.107434804258989,0.0,0.0
main,dfl_mlp,2209-10-01,2209-07-01,0.0005684202618224,0.001263156137383111,0.0018252499303912,0.0072810348101683,0.0654390273980146,0.004229705641046166,0.0005567416693888602,0.01681178246992776,0.0019033675384707747,0.08741480844738055,0.6702078301555914,0.6664841379845333,0.5758098700303116,1.1087853183632146,1.1081809042992647,1.0934630381942667,0.015322280168947877,0.014717866104998034,0.000604414063949843,0.6702078301555914,1.1087853183632144,0.0,0.0
main,dfl_mlp,2210-01-01,2209-10-01,0.001004263789206,0.0022316973093466667,0.0021974380992677,0.0087608224119316,0.0703434887184261,0.0047309031710028645,0.0006311657438754233,0.018789747051994987,0.0021289064269512893,0.09027532594894462,0.6470491892254928,0.6442835090685975,0.5654220577496569,1.10220618308414,1.1017693235421224,1.089312576719779,0.012893606364360988,0.012456746822343323,0.00043685954201766464,0.6470491892254928,1.10220618308414,0.0,0.0
main,dfl_mlp,2210-04-01,2210-01-01,0.0010796263166881,0.002399169592640222,0.0018742869089291,0.007476096251989,0.0661379433281445,0.004897572379559278,0.0006298254694823536,0.01944684154852072,0.002203907570801675,0.09116023860856873,0.6648159454862833,0.6632387351156016,0.5622621010520028,1.104511550936687,1.1042636075726435,1.0883897033650156,0.016121847571671344,0.01587390420762791,0.00024794336404343476,0.6648159454862833,1.1045115509366867,0.0,0.0
main,dfl_mlp,2210-07-01,2210-04-01,0.0010599612192242,0.0023554693760537778,0.0018471050815835,0.0073679747393912,0.0657527029111844,0.0045999537222087385,0.0005673605582349245,0.01827324632787808,0.0020699791749939325,0.08955840783156933,0.6666103813874866,0.6650241040553422,0.5680004439671986,1.104924732547068,1.104675051879817,1.0894034901554157,0.015521242391652201,0.01527156172440125,0.00024968066725095106,0.6666103813874866,1.1049247325470672,0.0,0.0
main,dfl_mlp,2210-10-01,2210-07-01,0.0010244724129566,0.0022766053621257774,0.0021740898053596,0.0086680403049964,0.0700607831571682,0.005012347083538771,0.0004330933085593235,0.019899149676523287,0.002255556187592447,0.0917529534848096,0.6481500637557452,0.6455280261345964,0.5601593812462409,1.1022490921132269,1.1018354518449591,1.0883680977199124,0.013880994393314472,0.013467354125046738,0.00041364026826773426,0.6481500637557452,1.1022490921132264,0.0,0.0
main,dfl_mlp,2211-01-01,2210-10-01,0.0012962457668476,0.0028805461485502224,0.0041741443841042,0.0165923272573103,0.0870766625481495,0.005484082270413637,0.00018474046731925574,0.02175653696561808,0.002467837021686137,0.09406384599716142,0.5828425879729018,0.5770557533694151,0.552065478556929,1.0903624824054639,1.0894653057906598,1.0855908750015428,0.004771607403921019,0.0038744307891169782,0.0008971766148040405,0.5828425879729018,1.0903624824054634,0.0,0.0
main,dfl_mlp,2211-04-01,2211-01-01,0.0017057792717437,0.0037906206038748886,0.0055187512297212,0.0218929366303951,0.0942265502237582,0.007244424428790808,0.0007101504391225065,0.028664325647421496,0.0032599909929558637,0.1014620372653261,0.5582465224638946,0.5515017949005695,0.5272469614144879,1.0842629621364672,1.0832448982425873,1.0795838201389272,0.004679141997540048,0.0036610781036601203,0.001018063893879928,0.5582465224638946,1.0842629621364672,0.0,0.0
main,dfl_mlp,2211-07-01,2211-04-01,0.0012498242964491,0.0027773873254424443,0.003017958837989,0.0120172967669007,0.0787004594305984,0.008244296163320541,0.0009755484667344573,0.03257161092531646,0.0037099332734942436,0.1051478466031671,0.6129318117945841,0.6092398965240611,0.515504689878365,1.0953119736770158,1.0947378743656226,1.080161885036131,0.015150088640884851,0.014575989329491668,0.0005740993113931836,0.6129318117945839,1.0953119736770154,0.0,0.0
main,dfl_mlp,2211-10-01,2211-07-01,0.0009620163511792,0.0021378141137315555,0.0027569360876457,0.0109822239318029,0.076330571930882,0.00519285649061203,0.0002735365904875171,0.020610190801360506,0.0023367854207754137,0.09265978964869154,0.6230817260001638,0.6188523060620438,0.5569635163412895,1.0986835818826963,1.0980137270444563,1.0882117906480309,0.010471791234665462,0.009801936396425459,0.0006698548382400027,0.6230817260001638,1.098683581882696,0.0,0.0
main,dfl_mlp,2212-01-01,2211-10-01,0.0009462097696511,0.002102688377002444,0.0025812420162749,0.0102850599519314,0.0745976141597989,0.00581582086160779,0.0007425011625150802,0.023061126520619868,0.0026171193877235054,0.09558589688728042,0.629945760912347,0.6260384401597838,0.5468239018502179,1.0998702795000188,1.0992508210642804,1.0866923143287426,0.013177965171276229,0.012558506735537822,0.000619458435738407,0.629945760912347,1.0998702795000186,0.0,0.0
main,dfl_mlp,2212-04-01,2212-01-01,0.0022590792474754,0.00502017610550089,0.0035682819932567,0.0141969137271551,0.0830493244567832,0.005164776276797056,0.00024403450320606638,0.02049960599155265,0.0023241493245586753,0.09252066242215494,0.5934422105681392,0.5922014142610648,0.5574521687476431,1.0862919615507434,1.0861115383430309,1.0810586780908245,0.005233283459918914,0.005052860252206415,0.00018042320771249898,0.5934422105681392,1.086291961550743,0.0,0.0
main,dfl_mlp,2212-07-01,2212-04-01,0.0020887600050431,0.004641688900095777,0.0056417599920617,0.0223767805168858,0.0947967845697029,0.006466461531817913,0.0009342781496610731,0.02561603521389466,0.002909907689318061,0.09837758487264305,0.5552916518880614,0.5495326129834653,0.5373925916477571,1.0816902875812133,1.0808430615465552,1.0790571138724203,0.002633173708793013,0.001785947674134869,0.0008472260346581439,0.5552916518880614,1.081690287581213,0.0,0.0
main,dfl_mlp,2212-10-01,2212-07-01,0.0023155849106671,0.005145744245926889,0.0043464392216226,0.0172727357697729,0.088110590819454,0.010035924706608057,0.0028874555395059617,0.039543413238360525,0.004516166117973626,0.11127470187770884,0.5759500231244659,0.5732583872360477,0.496909798869351,1.0834229920564564,1.083033124341684,1.071974477887806,0.011448514168650448,0.011058646453877996,0.00038986771477245163,0.5759500231244659,1.083422992056456,0.0,0.0
main,dfl_mlp,2213-01-01,2212-10-01,0.0013055307916976,0.0029011795371057776,0.0024999654808678,0.0099624254173888,0.0737537130455118,0.00821903059259057,0.0013115235970576674,0.032473023886804175,0.003698563766665757,0.10505765504133742,0.6318746162347609,0.6295880058597858,0.5157870358515997,1.097905617847574,1.0975513197071092,1.0799184634504417,0.017987154397132166,0.01763285625666744,0.0003542981404647261,0.6318746162347609,1.0979056178475737,0.0,0.0
main,dfl_mlp,2213-04-01,2213-01-01,0.0007273110672795,0.0016162468161766666,0.001753727579901,0.0069964785223785,0.0643871388435592,0.005732832103967666,0.000757933881034832,0.02273488879859875,0.0025797744467854497,0.09521217016361866,0.6742431206693636,0.6714221915758899,0.5481044000696857,1.1083689994354542,1.1079156002772472,1.0880951152497544,0.020273884185699753,0.019820485027492785,0.0004533991582069685,0.6742431206693636,1.1083689994354538,0.0,0.0
main,dfl_mlp,2213-07-01,2213-04-01,0.0004067198156924,0.0009038218126497777,0.0021654386192681,0.0086336603246459,0.06995526057252,0.004640037100762129,0.0004363671104204263,0.018431367872692506,0.0020880166953429584,0.08977997433753171,0.6512028457932676,0.6459936185134503,0.5672018188037442,1.1067535070790748,1.1058995438556571,1.0929829833669864,0.013770523712088423,0.012916560488670736,0.0008539632234176864,0.6512028457932676,1.1067535070790748,0.0,0.0
main,dfl_mlp,2213-10-01,2213-07-01,0.0016370923362174,0.003637982969372,0.0035693990710726,0.0142013343688778,0.0830574016880372,0.005742196831852198,0.0006630233171830887,0.022771706639259648,0.0025839885743334894,0.09525456750238072,0.5956121393170265,0.592170451764878,0.547958920612512,1.0903121187189209,1.0897902588133124,1.083086505167935,0.007225613550985832,0.006703753645377342,0.0005218599056084905,0.5956121393170265,1.0903121187189206,0.0,0.0
main,dfl_mlp,2214-01-01,2213-10-01,0.001173864956063,0.002608588791251111,0.0032349993397289,0.0128773413449552,0.0805099801704844,0.006574093271046877,0.0007105046073992488,0.02603819549743347,0.002958341971971095,0.09881879441309122,0.6064875499512477,0.6020592480128264,0.5359236200389919,1.0947705635800469,1.0940785911389952,1.0837441485996486,0.011026414980398247,0.010334442539346567,0.0006919724410516803,0.6064875499512477,1.0947705635800462,0.0,0.0
main,dfl_mlp,2214-04-01,2214-01-01,0.0026860006788261,0.005968890397391333,0.0046749452903408,0.0185690586887504,0.0899713956675443,0.0063226200640201565,0.000379888700410986,0.02505163651140685,0.0028451790288090703,0.09777956157463703,0.5686425521164761,0.5665131264385326,0.5393930736355017,1.0802582059456254,1.0799576588198951,1.0761299347513738,0.0041282711942516315,0.0038277240685213876,0.0003005471257302439,0.5686425521164761,1.0802582059456252,0.0,0.0
main,dfl_mlp,2214-07-01,2214-04-01,0.0009183739454507,0.0020408309898904443,0.0025115300082885,0.0100083366642157,0.0738755152268986,0.007114410772919655,0.0006275333758786255,0.028155391865011703,0.003201484847813845,0.10096208183886225,0.6329358646901855,0.6290736161464444,0.5288717919637913,1.1005205071952233,1.099907119324209,1.0839934403076832,0.01652706688754013,0.01591367901652574,0.0006133878710143925,0.632935865946822,1.1005205073947977,0.0,0.0
main,dfl_mlp,2214-10-01,2214-07-01,0.0008697510334771,0.0019327800743935554,0.0020341406589018,0.0081117699160502,0.0683002074661042,0.007775862514972687,0.0006823242253265,0.030742542817061902,0.003499138131737709,0.1034527729923332,0.6562973414823992,0.6533730160271708,0.5208530320406424,1.1045498004588172,1.1040839481332074,1.0829731847537576,0.021576615705059643,0.021110763379449837,0.0004658523256098057,0.6562973414823989,1.1045498004588166,0.0,0.0
main,dfl_mlp,2215-01-01,2214-10-01,0.0007360961045155,0.0016357691211455554,0.0017268158948143,0.0068893928082797,0.06398091750669,0.005088765639811754,0.00026694215557509143,0.0202002157794966,0.0022899445379152895,0.0921405176791065,0.6760547448254124,0.6733467368079009,0.5587904003988484,1.1086007844896173,1.1081657726842018,1.089763552897264,0.018837231592353287,0.01840221978693779,0.0004350118054154972,0.6760547448254124,1.1086007844896169,0.0,0.0
main,dfl_mlp,2215-04-01,2215-01-01,0.0010802483265514,0.002400551836780889,0.0018803013992498,0.0075000189758606,0.0662224647236623,0.004527913546189666,0.00047581239332943276,0.017989013083089644,0.00203756109578535,0.0891553192652946,0.6644398410088967,0.6628481582406894,0.5694574297218117,1.1044482930260553,1.1041980844474637,1.0895172938382718,0.014930999187783511,0.014680790609191918,0.00025020857859159307,0.6644398410088965,1.1044482930260549,0.0,0.0
main,dfl_mlp,2215-07-01,2215-04-01,0.0025201033724948,0.005600229716655111,0.0052892965015441,0.0209899171859416,0.0931324268843816,0.004246664559468627,0.0005170785655549413,0.01687875929347027,0.001910999051760882,0.08751710731209303,0.5591198463199968,0.555307958257094,0.5754337147967422,1.0798417360783614,1.0792974024034223,0.7903937509816759,0.28944798509668557,0.28890365142174645,0.0005443336749391126,0.5591198463199968,1.0798417360783612,0.029177758865111203,0.0
main,dfl_mlp,2215-10-01,2215-07-01,0.0043773970160798,0.009727548924621778,0.0077614904742756,0.0306863840934071,0.1033999495030584,0.008158509247004985,0.001552960781531754,0.03223683708186553,0.0036713291611522435,0.10484106782798458,0.5236223120673448,0.5210211189750996,0.5164660892921966,1.0650475209633499,1.0647243850726549,1.0641585318193485,0.0008889891440013731,0.0005658532533063809,0.00032313589069499216,0.5236223120673448,1.0650475209633496,0.0,0.0
main,dfl_mlp,2216-01-01,2215-10-01,0.0030182901872812,0.0067073115272915556,0.0059593919475101,0.0236253269902495,0.0962222196888371,0.012491558119654656,0.004020038981892076,0.04903777066706294,0.005621201153844595,0.11911174045788467,0.5481238782753046,0.5446534179423519,0.4747585072332528,1.0755408423181225,1.075062553545869,1.0654298397780826,0.010111002540039937,0.009632713767786516,0.00047828877225342126,0.5481238782753046,1.0755408423181223,0.0,0.0
main,dfl_mlp,2216-04-01,2216-01-01,0.0038255507944006,0.00850122398755689,0.0077427304202276,0.0306130755436249,0.1033309195657699,0.009280121326446534,0.0005377404012949433,0.03660695081840892,0.00417605459690094,0.10874646860183212,0.5253301786149756,0.5212409168484453,0.5044435791550671,1.0681586971860846,1.067628137995302,1.0654487759483817,0.0027099212377028614,0.0021793620469203745,0.0005305591907824869,0.5253301786149756,1.0681586971860844,0.0,0.0
main,dfl_mlp,2216-07-01,2216-04-01,0.0041157617642862,0.009146137253969334,0.007146307828952,0.0282802702538085,0.1010852559313895,0.012151721492409706,0.002127890047459921,0.04772805565701277,0.0054682746715843675,0.11805523290291756,0.5307826878036044,0.5284707753485143,0.47764243634943854,1.0673257406349341,1.0670324921513294,1.0605853045414304,0.006740436093503721,0.006447187609899041,0.00029324848360468003,0.5307826878036044,1.067325740634934,0.0,0.0
main,dfl_mlp,2216-10-01,2216-07-01,0.0021816529708948,0.004848117713099555,0.0051773763943779,0.0205492286240015,0.0925831773290575,0.011254158988595008,0.001377869402624905,0.04426238497666979,0.005064371544867754,0.11522433313477135,0.5619087736619353,0.5572325261883782,0.4855242571206297,1.082141774520891,1.0814581844372664,1.0709756208163788,0.011166153704512238,0.01048256362088762,0.0006835900836246189,0.5619087736619353,1.0821417745208908,0.0,0.0
main,dfl_mlp,2217-01-01,2216-10-01,0.0022675893209691,0.005039087379931333,0.0062525518242834,0.0247766171020256,0.0974845935281928,0.009507432766258716,0.0011997410695584983,0.037490812783607885,0.004278344744816422,0.10951424562096698,0.546590900114667,0.5403837736167896,0.502135134003358,1.079432834338875,1.0785307892248364,1.07297233983707,0.00646049450180497,0.005558449387766284,0.0009020451140386854,0.546590900114667,1.0794328343388748,0.0,0.0
main,dfl_mlp,2217-04-01,2217-01-01,0.0026564349674715,0.005903188816603334,0.008119675077593,0.0320852625157682,0.1047016827031845,0.009155260771512986,0.0013850463613705778,0.036121192793572954,0.004119867347180843,0.10832174673239488,0.5247742844905341,0.5169038591024051,0.5057283247120212,1.0742217922009047,1.0731086334677975,1.0715280144935617,0.002693777707343026,0.0015806189742357812,0.0011131587331072446,0.5247742844905341,1.0742217922009043,0.0,0.0
main,dfl_mlp,2217-07-01,2217-04-01,0.0023634005346973,0.005252001188216222,0.0083933052281202,0.0331528956656254,0.1056771481419684,0.01059992890805006,0.0018576196300541731,0.041730316018780966,0.0047699680086225275,0.11312028438458205,0.522901655997372,0.5138527549882955,0.49153207362447876,1.0754892176737756,1.0741828640790831,1.0709605167126628,0.004528700961112797,0.003222347366420353,0.0013063535946924443,0.522901655997372,1.0754892176737751,0.0,0.0
main,dfl_mlp,2217-10-01,2217-07-01,0.0034607567945776,0.007690570654616889,0.0080245420270723,0.0317138712194878,0.1043588367036107,0.012301052734255791,0.0021264148120702644,0.0483037380296778,0.005535473730415106,0.11852048226971622,0.5235065058526583,0.5179831907919952,0.4763686578816267,1.069831806011895,1.069095037582951,1.0635439738292367,0.006287832182658271,0.005551063753714391,0.0007367684289438792,0.5235065058526583,1.0698318060118948,0.0,0.0
main,dfl_mlp,2218-01-01,2217-10-01,0.0051609801835403,0.011468844852311777,0.0100487149893435,0.039593048466691,0.1113169148666515,0.008745506592094898,0.0004157968637892182,0.034525792766581964,0.003935477966442704,0.10691161534781773,0.5008065564459403,0.4967856537066957,0.5100335744264073,1.0582889743468724,1.057820980680251,0.8751198541590535,0.18316912018781895,0.18270112652119752,0.0004679936666214246,0.5008065564459403,1.0582889743468722,0.01842430546390339,0.0
main,dfl_mlp,2218-04-01,2218-01-01,0.0048440573944939,0.010764571987764222,0.0108993555008204,0.0428898113859833,0.114087840971212,0.014222483150660992,0.0016765134843016532,0.05568772516422549,0.006400117417797446,0.12437167060171027,0.49472646640803497,0.4887532342731344,0.4608445192395244,1.059149212377993,1.0584350561722502,1.055098306220898,0.0040509061570950244,0.003336749951352136,0.0007141562057428885,0.4947264664080349,1.0591492123779926,0.0,0.0
main,dfl_mlp,2218-07-01,2218-04-01,0.0037072592019142,0.008238353782031554,0.0076098504054138,0.030093702069317,0.102839359954071,0.01809705197811127,0.0012619044634729056,0.07044678828851936,0.00814367339015007,0.13541296698950628,0.5270186080421826,0.5228102675767383,0.4337997612243983,1.0690011803086428,1.068450193199601,1.0567962783198255,0.012204901988817296,0.011653914879775629,0.0005509871090416674,0.5270186080421826,1.0690011803086426,0.0,0.0
main,dfl_mlp,2218-10-01,2218-07-01,0.0038010187594274,0.00844670835428311,0.010026497672446,0.0395068285314544,0.1112435776775513,0.01059577353298664,0.0012260807174072552,0.04171421739436809,0.004768098089843988,0.11310679981126544,0.5044273636126345,0.4970013641497854,0.4915709971527103,1.0655704183683212,1.0646051140912205,1.0638992217039764,0.0016711966643447873,0.0007058923872440559,0.0009653042771007314,0.5044273636126345,1.065570418368321,0.0,0.0
main,dfl_mlp,2219-01-01,2218-10-01,0.0031531479457376,0.007006995434972445,0.0078722998144556,0.0311193082743771,0.1038058960074525,0.015622535161674023,0.002589703291112225,0.061040951019381895,0.007030140822753311,0.1284806779004484,0.5258755881391602,0.5197315533910891,0.4504585154064465,1.0717654635028335,1.0709269961706014,1.0614734071633445,0.010292056339489042,0.009453589007256902,0.0008384673322321401,0.5258755881391602,1.071765463502833,0.0,0.0
main,dfl_mlp,2219-04-01,2219-01-01,0.0024593091391531,0.005465131420340222,0.00488247285474,0.0193873251677414,0.0910812776225396,0.013984650187194348,0.0020300316264694144,0.0547760797926401,0.006293092584237457,0.12366071892277607,0.5658009813889012,0.5625430573842758,0.46268335097082897,1.0811397696286202,1.0806725608186354,1.0663519890273339,0.014787780601286382,0.014320571791301528,0.0004672088099848537,0.5658009813889002,1.0811397696286198,0.0,0.0
main,dfl_mlp,2219-07-01,2219-04-01,0.0026276826742203,0.005839294831600666,0.0059905859709823,0.0237478798139066,0.0963588334644938,0.007865837682038546,0.0008340168087841739,0.031094065167077578,0.003539626956917346,0.10378230476727203,0.5488880333225394,0.5441890308219512,0.5198063599467744,1.0777901538457018,1.0771241963001716,1.0736686068112415,0.004121547034460216,0.0034555894889300998,0.0006659575455301159,0.5488880333225394,1.077790153845701,0.0,0.0
main,dfl_mlp,2219-10-01,2219-07-01,0.0020066845050979,0.0044592989002175554,0.004183636075456,0.0166298200321679,0.0871347575379218,0.008890366926789284,0.0005960234869716388,0.035090040444973436,0.0040006651170551785,0.10741313892060105,0.5802434870283152,0.5768414280962691,0.5084953752208969,1.08583724967472,1.08533397236358,1.0752233251334136,0.010613924541306385,0.010110647230166414,0.0005032773111399713,0.5802434870283152,1.08583724967472,0.0,0.0
main,dfl_mlp,2220-01-01,2219-10-01,0.002357718068952,0.00523937348656,0.0031064845226184,0.0123681564341716,0.0794548531201855,0.007728060428053141,0.0004414456955228802,0.0305557468067843,0.0034776271926239134,0.10327687706849908,0.6060144340156336,0.6062299913371121,0.521413086464489,1.0875223131033827,1.0839964842489236,1.0753039479725806,0.0122183651308021,0.008692536276343032,0.0035258288544590677,0.6060144340156336,1.0875223131033824,0.0,0.0
main,dfl_mlp,2220-04-01,2220-01-01,0.0014568965802962,0.0032375479562137778,0.0033055452543752,0.0131567655954094,0.0810702150798438,0.007593192253261804,0.0006449285940797905,0.030028577466837403,0.003416936513967812,0.10277740594697352,0.6034015702564812,0.5998628557290144,0.5230085860800466,1.0925805269605686,1.092037578330891,1.0802457482561922,0.012334778704376381,0.011791830074698861,0.0005429486296775199,0.6034015702564812,1.0925805269605684,0.0,0.0
main,dfl_mlp,2220-07-01,2220-04-01,0.0010612677488832,0.002358372775296,0.0023500252155841,0.009367017033925,0.0721196076494626,0.008415951952338218,0.0010904934358798484,0.03324121765763133,0.0037871783785521983,0.1057572105156582,0.6394643720879296,0.6365579700702393,0.5136036361894106,1.1006435853642045,1.100186154532499,1.0808347011318513,0.019808884232353163,0.01935145340064759,0.0004574308317055742,0.6394643720879296,1.100643585364204,0.0,0.0
main,dfl_mlp,2220-10-01,2220-07-01,0.0007958182831825,0.0017684850737388889,0.0021932494651889,0.0087441779794478,0.0702929942298721,0.00556715726852417,0.0004836023489943497,0.022083358850167434,0.0025052207708358763,0.09445224224515814,0.6481351223938753,0.6445054899646727,0.5507212311635259,1.1037287227584334,1.103147829788811,1.0881384265885052,0.01559029616992813,0.01500940320030586,0.0005808929696222709,0.6481351223938753,1.1037287227584334,0.0,0.0
main,dfl_mlp,2221-01-01,2220-10-01,0.0008894137659766,0.0019764750355035555,0.0019684218833172,0.0078504699180481,0.067431910138876,0.005736969038844108,0.0006329002430155501,0.022751153468781204,0.002581636067479849,0.09523090663279517,0.6599731058903634,0.6573035493342206,0.5480401024016085,1.1050055901340488,1.1045808480361172,1.087196393089638,0.01780919704441075,0.017384454946479222,0.00042474209793152973,0.6599731058903634,1.1050055901340483,0.0,0.0
main,dfl_mlp,2221-04-01,2221-01-01,0.001163024584398,0.00258449907644,0.0022580082370254,0.0090014873656494,0.0710630385702882,0.005910539347678423,0.0006654111046583994,0.023433375244378496,0.00265974270645529,0.09600711156114386,0.6433927255151394,0.6411344719811974,0.5453857744230423,1.100607162314574,1.100254039764649,1.0852818394667216,0.015325322847852263,0.01497220029792734,0.0003531225499249224,0.6433927255151394,1.1006071623145737,0.0,0.0
main,dfl_mlp,2221-07-01,2221-04-01,0.0007993322033933,0.0017762937853184444,0.0023252684414251,0.0092686827862457,0.0718395380149797,0.006769861932843924,0.0008730809834087999,0.026805700526351006,0.003046437869779766,0.09960849030962675,0.6416884222743734,0.6377656559209542,0.5333091263310518,1.1026744327374094,1.1020467639247615,1.085333021633217,0.017341411104192295,0.01671374229154443,0.0006276688126478636,0.6416884222743728,1.102674432737409,0.0,0.0
main,dfl_mlp,2221-10-01,2221-07-01,0.0004894543672361,0.0010876763716357778,0.001635604309198,0.0065263835231821,0.0625591867646234,0.006241955701261759,0.0005080932442115835,0.024735022017735808,0.002808880065567792,0.097439770421784,0.6837670327025457,0.6801611827947861,0.5405345514052085,1.1115261338907443,1.1109380000960898,1.0881641346678022,0.02336199922294213,0.022773865428287632,0.0005881337946544996,0.6837670327025452,1.1115261338907438,0.0,0.0
main,dfl_mlp,2222-01-01,2221-10-01,0.0010433028323506,0.002318450738556889,0.0016194874876904,0.006462230495523,0.0623004521266238,0.005056418757885694,0.00044927843181721296,0.020072787271251835,0.0022753884410485624,0.09197713824182935,0.6823900394899258,0.6814147093349963,0.5593669292027597,1.1075221320246307,1.1073684522057337,1.0881377530904586,0.01938437893417211,0.019230699115275085,0.00015367981889702342,0.6823900394899258,1.107522132024631,0.0,0.0
main,dfl_mlp,2222-04-01,2222-01-01,0.0006765103548304,0.0015033563440675557,0.0017514651892414,0.0069874764570913,0.0643532133397385,0.005771039612591266,0.0008803460847077358,0.022885096767435775,0.0025969678256660697,0.09538478670835428,0.6746285236024662,0.6715825428805152,0.5475124380002264,1.1087736601464042,1.108282541760106,1.0882781112469821,0.020495548899422067,0.02000443051312395,0.0004911183862981172,0.6746285236024662,1.1087736601464036,0.0,0.0
main,dfl_mlp,2222-07-01,2222-04-01,0.0013653159633089,0.003034035474019778,0.0035150406355875,0.013986203046161,0.0826611816532512,0.0050540236756205555,0.00036746107199077106,0.02006335150099392,0.00227431065402925,0.09196500215169477,0.5979913555042184,0.59369220250075,0.5594097881066147,1.0922980762888024,1.0916345156064626,1.0863431332645792,0.005954943024223169,0.005291382341883422,0.0006635606823397477,0.5979913555042184,1.092298076288802,0.0,0.0
main,dfl_mlp,2222-10-01,2222-07-01,0.0013253528247037,0.0029452284993415553,0.0026349042701956,0.0104980338831183,0.0751397330894353,0.006039115600287914,0.001137131911450855,0.02393851657596291,0.0027176020201295616,0.0965702459582575,0.6263109957631143,0.6237757058065527,0.5434714963447769,1.096919416814427,1.0965270896387778,1.0841002965576576,0.012819120256769345,0.012426793081120158,0.0003923271756491875,0.6263109957631139,1.0969194168144265,0.0,0.0
main,dfl_mlp,2223-01-01,2222-10-01,0.0008400808033419,0.0018668462296486667,0.0013579689645217,0.0054208213932469,0.0577459192523794,0.0064101538620889185,0.0003304123331949985,0.02539512689949619,0.002884569237940013,0.09814465721115971,0.7052882502645372,0.7041899333499568,0.5381704848501365,1.1125634348457438,1.112388144353653,1.085891574522345,0.026671860323398855,0.026496569831307992,0.00017529049209086267,0.7052882502645372,1.1125634348457432,0.0,0.0
main,dfl_mlp,2223-04-01,2223-01-01,0.0007264666113906,0.0016143702475346665,0.0013400640764908,0.0053494912981609,0.0574069685486768,0.005111719109117984,0.0005973998645047507,0.02029063199038894,0.002300273599103093,0.09225586530211845,0.7075466546007271,0.7059407312686115,0.5583838656671811,1.1137277477672367,1.113469619144253,1.0897520170846222,0.023975730682614493,0.023717602059630805,0.00025812862298368877,0.7075466546007265,1.113727747767236,0.0,0.0
main,dfl_mlp,2223-07-01,2223-04-01,0.0007153205657489,0.0015896012572197775,0.0011474336044446,0.0045818408356478,0.053499914478379,0.005651721637696028,0.0006717599537893889,0.02241595589388412,0.0025432747369632126,0.0948424956993553,0.7277213456034337,0.7267204299505076,0.5493751883597578,1.1170516456149309,1.1168906515407504,1.08836523793898,0.028686407675950765,0.0285254136017703,0.00016099407418046496,0.7277213456034337,1.1170516456149309,0.0,0.0
main,dfl_mlp,2223-10-01,2223-07-01,0.0003803866460212,0.0008453036578248889,0.0011398549969398,0.0045516302935018,0.053335602528553,0.004495793767273426,0.0003069598898549124,0.017862265169815483,0.0020231071952730418,0.0889735248413428,0.7303748697681332,0.7276193005560447,0.5701162643087561,1.1199247296505537,1.1194722758402271,1.0936108862676455,0.02631384338290821,0.02586138957258166,0.0004524538103265474,0.7303748697681332,1.1199247296505537,0.0,0.0
main,dfl_mlp,2224-01-01,2223-10-01,0.0005358301882207,0.0011907337516015555,0.0012247484013501,0.0048900008998035,0.0551282651376735,0.0048129305243492125,0.0004256107072575143,0.0191131817120892,0.002165818735957146,0.09071455308244353,0.7201285445271798,0.717923465230955,0.563850505630439,1.1171229293449951,1.116764291503772,1.0917056037203108,0.02541732562468435,0.02505868778346132,0.00035863784122303066,0.7201285445271798,1.1171229293449945,0.0,0.0
main,dfl_mlp,2224-04-01,2224-01-01,0.0007168938695722,0.001593097487938222,0.0013900154045852,0.0055484795004911,0.058343197222563,0.004762444831430912,0.0003449285165786389,0.018914125592440545,0.0021431001741439104,0.09044509228623325,0.7029378233079159,0.7011241780748647,0.5648139071875715,1.1130542361535312,1.11276254566587,1.090839620132393,0.022214616021138056,0.021922925533476967,0.0002916904876610893,0.7029378233079159,1.113054236153531,0.0,0.0
main,dfl_mlp,2224-07-01,2224-04-01,0.000781848626242,0.0017374413916488888,0.0014594476911472,0.0058250232690947,0.0595976840001556,0.0050022505223751065,0.000390023200255904,0.019859367077103562,0.002251012735068798,0.09170133272236347,0.6964780933562874,0.6947643717933536,0.5603420735631603,1.1115629152788737,1.1112884087647976,1.0897564415542014,0.02180647372467237,0.021531967210596248,0.0002745065140761227,0.6964780933562874,1.111562915278873,0.0,0.0
main,dfl_mlp,2224-10-01,2224-07-01,0.0010066363598876,0.002236969688639111,0.0016244000058747,0.0064817851093189,0.0623795632291212,0.004791748616844416,9.327966089046436e-05,0.0190296689019116,0.0021562868775799873,0.09060183362307032,0.6821924499583225,0.6810309847851491,0.5642532297712284,1.1077411343473096,1.1075576999289567,1.0891145644288491,0.018626569918460456,0.018443135500107566,0.0001834344183528902,0.6821924499583225,1.1077411343473094,0.0,0.0
main,dfl_mlp,2225-01-01,2224-10-01,0.0010760025231802,0.002391116718178222,0.0020448682758403,0.0081544183706379,0.0684393344984852,0.0047675823792815205,0.0003085531643432977,0.018934383415592948,0.0021454120706766843,0.09047264001903264,0.6548130674490739,0.652747046276949,0.5647153095454442,1.1029627902035788,1.102637929086603,1.0887958210241409,0.014166969179437938,0.013842108062462222,0.0003248611169757165,0.6548130674490739,1.1029627902035786,0.0,0.0
main,dfl_mlp,2225-04-01,2225-01-01,0.0017128098020261,0.0038062440045024447,0.0040048760960594,0.0159235268690708,0.0860169068375091,0.005884935893118381,0.0005033278533290886,0.023332762789742723,0.0026482211519032717,0.09589379926937197,0.5850357682943254,0.5809856653096664,0.5457721210316286,1.0882654590887428,1.0876544123482337,1.082341677947558,0.005923781141184747,0.0053127344006755894,0.000611046740509158,0.5850357682943254,1.0882654590887426,0.0,0.0
main,dfl_mlp,2225-07-01,2225-04-01,0.0020091216107234,0.004464714690496444,0.004347553936242,0.0172771367327253,0.088117142322916,0.006355431210249662,0.0007182305741759783,0.025180400996063557,0.0028599440446123482,0.09791684875726597,0.5769466032846882,0.573234439175067,0.5389328693573827,1.0853354704629004,1.0847864087838357,1.0797129053064893,0.005622565156411019,0.005073503477346364,0.0005490616790646552,0.5769466032846882,1.0853354704629,0.0,0.0
main,dfl_mlp,2225-10-01,2225-07-01,0.0023590540352989,0.0052423423006642215,0.0049725905102644,0.019742493313501,0.0915491178618924,0.00819871686398983,0.0005952598490466774,0.03239375362510111,0.0036894225887954234,0.10498504422916921,0.5646266782383562,0.5608812697227441,0.5160145268233027,1.0815374335066879,1.0809965610867904,1.0745173789885611,0.007020054518126706,0.006479182098229286,0.0005408724198974202,0.5646266782383562,1.0815374335066872,0.0,0.0
main,dfl_mlp,2226-01-01,2225-10-01,0.0036301336715281,0.008066963714506888,0.0072761890841334,0.0287886368590588,0.1015833532409856,0.0066008145920932295,0.0005924763587108295,0.026142982360143563,0.002970366566441953,0.09892753665299825,0.5307475605941983,0.5268538368059072,0.5355624771552625,1.0698987442718813,1.0693859460537631,0.9798134843141544,0.09008525995772687,0.08957246173960876,0.0005127982181181157,0.5307475605941983,1.069898744271881,0.009071937803264651,0.0
main,dfl_mlp,2226-04-01,2226-01-01,0.0030935606422777,0.006874579205061556,0.0071992972010059,0.028487699391402,0.1012891322872245,0.01300004981458187,0.0019027693820904024,0.05099495102682461,0.005850022416561842,0.12067770324638968,0.5330982113660909,0.5278080319243085,0.4705399428739678,1.0730687830579955,1.0723436878208927,1.0644942719238815,0.008574511134114005,0.00784941589701127,0.0007250952371027353,0.5330982113660909,1.0730687830579952,0.0,0.0
main,dfl_mlp,2226-07-01,2226-04-01,0.0019975691441399,0.004439042542533111,0.0045642316572521,0.0181323132634421,0.089359325175054,0.012037963047623635,0.001326153811518396,0.04728933367272725,0.005417083371430636,0.11769974755951947,0.5728791067868391,0.5687193796392501,0.47861975326812817,1.0848000336697907,1.0841842929349763,1.0708473580400029,0.013952675629787858,0.013336934894973451,0.0006157407348144073,0.5728791067868382,1.0848000336697905,0.0,0.0
main,dfl_mlp,2226-10-01,2226-07-01,0.0014600448491233,0.003244544109162889,0.0039519764323727,0.0157144436689659,0.0856760781532973,0.009244820103049278,0.0009655893397962822,0.03646963341223264,0.004160169046372175,0.10862661049949845,0.5870745298182256,0.5822578194155705,0.5048055797011126,1.090056969576336,1.0893180883608211,1.0774369495252738,0.01262002005106222,0.011881138835547311,0.0007388812155149083,0.5870745298182256,1.090056969576336,0.0,0.0
main,dfl_mlp,2227-01-01,2226-10-01,0.0011846296064936,0.002632510236652444,0.0033733407894369,0.013425240006522,0.0815966409006478,0.006397446896880865,0.0003765535921479734,0.025345269273286064,0.0028788511035963893,0.09809188629806559,0.6024776088792962,0.5978102683158136,0.5383469481733163,1.094079110164443,1.0933502876479282,1.0840648699594013,0.010014240205041602,0.009285417688526865,0.0007288225165147377,0.6024776088792962,1.0940791101644425,0.0,0.0
main,dfl_mlp,2227-04-01,2227-01-01,0.0021582611471309,0.004796135882513111,0.0040167466594623,0.0159704400840161,0.0860927386619806,0.00717488992959261,0.000708080058984867,0.028392160221208274,0.0032287004683166746,0.10119534037189884,0.5832570156802553,0.5807031690092614,0.5281127636074554,1.0853989690769408,1.0850250415166711,1.0773248916960736,0.008074077380867184,0.007700149820597524,0.0003739275602696601,0.5832570156802552,1.0853989690769406,0.0,0.0
main,dfl_mlp,2227-07-01,2227-04-01,0.0020273567420297,0.004505237204510445,0.0045977083391549,0.0182643881403254,0.0895459395116632,0.006381096225231886,0.0005761879337110437,0.02528111222056051,0.0028714933013543487,0.09802387019657616,0.5721697807901633,0.5680454314366781,0.5385745155058335,1.0845246005460416,1.083915325129338,1.0795616918540187,0.0049629086920228715,0.004353633275319346,0.0006092754167035253,0.5721697807901633,1.084524600546041,0.0,0.0
main,dfl_mlp,2227-10-01,2227-07-01,0.0016211055152414,0.0036024567005364444,0.0036998572300404,0.014717497660185,0.0839825766706093,0.007248896639794111,0.0008988800076824862,0.02868182839973643,0.0032620034879073502,0.10147913694730726,0.5924041273243262,0.5886399043562763,0.527191522532096,1.0899203974099145,1.089349029977423,1.0800218449377392,0.009898552472175304,0.00932718503968366,0.0005713674324916429,0.5924041273243262,1.089920397409914,0.0,0.0
main,dfl_mlp,2228-01-01,2227-10-01,0.0014306651815313,0.0031792559589584445,0.0026156771719497,0.0104217296219975,0.0749468322929104,0.0074808565899729725,0.0007455327394524696,0.02958931854724456,0.003366385465487838,0.10235761236254334,0.6266547568094842,0.6245792972781984,0.5243554865461308,1.0963126677299104,1.095993683405525,1.0805899503662855,0.01572271736362496,0.015403733039239587,0.00031898432438537405,0.6266547568094842,1.0963126677299102,0.0,0.0
main,dfl_mlp,2228-04-01,2228-01-01,0.0008556149753082,0.001901366611796,0.0021795132658271,0.0086895927854645,0.0701267216786819,0.005902762617915868,0.0003401111361212173,0.023402816289056716,0.002656243178062141,0.09597273657611201,0.6485827244583663,0.6452373779659243,0.5455029370553324,1.1034125267912778,1.1028791318661124,1.0869770886051044,0.016435438186173323,0.01590204326100797,0.0005333949251653536,0.6485827244583663,1.103412526791277,0.0,0.0
main,dfl_mlp,2228-07-01,2228-04-01,0.0006520523375903,0.001449005194645111,0.0016690980234554,0.0066596953564713,0.0630895322167119,0.005574354808777571,0.0004045750734445343,0.022111670537677153,0.002508459663949907,0.0944856554309036,0.6805425417958315,0.67760472608542,0.5506058024804572,1.1098936534696235,1.109419256526288,1.0889115368107352,0.020982116658888383,0.020507719715552764,0.0004743969433356199,0.6805425417958315,1.1098936534696235,0.0,0.0
main,dfl_mlp,2228-10-01,2228-07-01,0.0003528094397464,0.0007840209772142222,0.0011655346236485,0.0046539940003749,0.0538888884900245,0.005278120189905167,0.0005391292025426598,0.020945916830245825,0.0023751540854573252,0.09307805716977821,0.7275812261608462,0.7246008106513113,0.5554980517426039,1.119666670747304,1.119176476128963,1.0913638231286023,0.02830284761870172,0.027812653000360843,0.0004901946183408779,0.7275812261608462,1.1196666707473035,0.0,0.0
main,dfl_mlp,2229-01-01,2228-10-01,0.0007705850578187,0.001712411239597111,0.0010299369850878,0.0041133876881727,0.0508502384001274,0.004403742961585522,0.00010047627282566818,0.01749895536412993,0.001981684332713485,0.08844518282525404,0.7417251746690623,0.7414741402451059,0.572037153184833,1.118894205978323,1.118853966628859,1.0916942089074382,0.02719999707088472,0.027159757721420874,4.023934946384422e-05,0.7417251746690623,1.118894205978323,0.0,0.0
main,dfl_mlp,2229-04-01,2229-01-01,0.0004671834679395,0.00103818548431,0.00101913090179,0.0040702960733018,0.0505949897362648,0.004562563356012106,0.0006910359853220634,0.018125730999676293,0.0020531535102054476,0.08934998962570471,0.744811408001871,0.7429251666529254,0.5687531250636557,1.1216486807788022,1.1213406044399268,1.0928934044370076,0.028755276341794644,0.028447200002919226,0.0003080763388754182,0.744811408001871,1.1216486807788018,0.0,0.0
main,dfl_mlp,2229-07-01,2229-04-01,0.0002802582730683,0.000622796162374,0.0010155708858712,0.0040560994268513,0.050510447658084,0.004908541077747941,0.0013151427964041926,0.019490074138557523,0.0022088434849865733,0.09121745175479926,0.7463204054626841,0.7434069420126315,0.5620586497683542,1.123290203437825,1.122808906800567,1.0928506372956117,0.030439566142213215,0.029958269504955393,0.000481296637257822,0.7463204054626841,1.1232902034378247,0.0,0.0
main,dfl_mlp,2229-10-01,2229-07-01,0.0004655768937164,0.0010346153193697776,0.001049663377489,0.0041920473755537,0.0513109549300867,0.0043688103556633,0.0010011408806849284,0.01736105557607992,0.0019659646600484852,0.08824174566597959,0.7408695280928175,0.7388685648756989,0.5727792396839242,1.1210167633842074,1.120689917586122,1.0935601844749265,0.027456578909280882,0.027129733111195486,0.0003268457980853956,0.7408695280928175,1.1210167633842072,0.0,0.0
main,dfl_mlp,2230-01-01,2229-10-01,0.0006121159050349,0.0013602575667442222,0.0011257803322921,0.0044955227465949,0.0530281338129241,0.004401357658207416,0.0005724493285064649,0.01748953961365285,0.0019806109461933375,0.08843134379578244,0.7307791333342187,0.7293068971188466,0.5720875913651192,1.1182976790943338,1.118059355202185,1.092608876211863,0.025688802882470663,0.025450478990321823,0.00023832389214883953,0.7307791333342187,1.1182976790943335,0.0,0.0
main,dfl_mlp,2230-04-01,2230-01-01,0.0003777020014572,0.000839337781016,0.0011667098205113,0.0046586783619176,0.0539139748885554,0.004412312712520361,0.00040482183638452894,0.017532783054722056,0.0019855407206341626,0.088494840018655,0.7273167498499505,0.7244645046394468,0.5718562236852478,1.119442124053675,1.1189737198455565,1.0939119331768048,0.02553019087687014,0.025061786668751695,0.00046840420811844474,0.7273167498499505,1.1194421240536745,0.0,0.0
main,dfl_mlp,2230-07-01,2230-04-01,0.0004561422991589,0.0010136495536864445,0.0011592601693904,0.0046289836025593,0.0537546066159874,0.004392343666404485,0.0004275208890569666,0.01745395715648146,0.0019765546498820186,0.08837897762593784,0.7277450921164036,0.7253312411993935,0.5722785027130972,1.11894162228036,1.1185471059213734,1.0935323841359326,0.025409238144427526,0.02501472178544084,0.00039451635898668513,0.7277450921164036,1.11894162228036,0.0,0.0
main,dfl_mlp,2230-10-01,2230-07-01,0.0004163278022905,0.0009251728939788889,0.0013693991297613,0.0054663552635537,0.0579603198472537,0.004844378307461738,0.0002016313100230214,0.01923715942348858,0.002179970238357782,0.09088101896672482,0.7063311656807619,0.703086603193944,0.5632564929937476,1.1157229828153965,1.1151914043333058,1.0922820974444103,0.02344088537098621,0.022909306888895475,0.0005315784820907332,0.7063311656807619,1.1157229828153958,0.0,0.0
main,dfl_mlp,2231-01-01,2230-10-01,0.000601327004371,0.0013362822319355554,0.0014499357195538,0.005787141185129,0.0594289240743612,0.0038071415852755307,0.0007095176604866906,0.015141820896535596,0.001713213713373989,0.08471772305080826,0.698176528131249,0.6956137504127843,0.5858568402290809,1.1130953327242168,1.1126801967419973,1.0949010337712335,0.0181942989529833,0.017779162970763762,0.00041513598221953885,0.698176528131249,1.113095332724216,0.0,0.0
main,dfl_mlp,2231-04-01,2231-01-01,0.0006439579310632,0.0014310176245848887,0.0017838506665009,0.0071163326224057,0.0648349885817828,0.0037505203392356632,0.0007009280387755874,0.014917893767508073,0.0016877341526560486,0.0843325221929534,0.6725901802023417,0.6693118134323842,0.587312666603038,1.1086639524650281,1.1081342981504994,1.0948864814925814,0.013777470972446748,0.013247816657917966,0.0005296543145287824,0.6725901802023414,1.1086639524650277,0.0,0.0
main,dfl_mlp,2231-07-01,2231-04-01,0.0007547878102549,0.001677306245010889,0.0019990460336494,0.0079722389625916,0.0678399894432616,0.006185190472751856,0.0013797348592552575,0.024512167437302113,0.0027833357127383354,0.09719865562254439,0.6587841791719727,0.6554511398358102,0.5413466589085292,1.1057033194206136,1.1051685261867583,1.0868602201039692,0.018843099316644407,0.018308306082789105,0.0005347932338553019,0.6587841791719707,1.105703319420613,0.0,0.0
main,dfl_mlp,2231-10-01,2231-07-01,0.0011156954779385,0.0024793232843077777,0.0017508284882715,0.0069849430092788,0.0643436583660008,0.005841554142534733,0.0010172103572772687,0.023162270219952097,0.00262869936414063,0.09570088564309949,0.6726788227026353,0.6716277193199077,0.5464307684414553,1.1055049950080995,1.1053401367527105,1.0857038657245985,0.019801129283500973,0.01963627102811194,0.0001648582553890332,0.672678822702635,1.105504995008099,0.0,0.0
main,dfl_mlp,2232-01-01,2231-10-01,0.0006342018741522,0.001409337498116,0.0019483478896715,0.0077706447714591,0.0671610575108814,0.005621367506682873,0.0007295619672212936,0.02229658092805531,0.002529615378007293,0.09470299428897118,0.6622724456663097,0.6585381282000218,0.5498558163620064,1.1070616266095308,1.106457944386552,1.0888885812563143,0.01817304535321651,0.017569363130237825,0.0006036822229786853,0.6622724456663097,1.1070616266095303,0.0,0.0
main,dfl_mlp,2232-04-01,2232-01-01,0.0009043650386021,0.002009700085782444,0.0016896147363024,0.0067413494433515,0.0634096007537889,0.004711607005447149,0.0004858988282349297,0.0187136504619293,0.002120223152451217,0.09017092133355081,0.6779019103321092,0.6760702514211121,0.565796521870559,1.1077568130627349,1.1074656592485044,1.0899369497408298,0.017819863321905105,0.0175287095076746,0.0002911538142305048,0.6779019103321092,1.1077568130627344,0.0,0.0
main,dfl_mlp,2232-07-01,2232-04-01,0.0007377539018068,0.001639453115126222,0.0015305694832392,0.0061082364121221,0.0608297878138672,0.00493233809247613,0.000525313375835959,0.01958386399858081,0.0022195521416142586,0.09134115854282877,0.6907625713967607,0.6886201376269663,0.5616190982968079,1.1109519841719553,1.1106078611873595,1.090208641702887,0.020743342469068393,0.020399219484472653,0.00034412298459574053,0.6907625713967607,1.1109519841719548,0.0,0.0
main,dfl_mlp,2232-10-01,2232-07-01,0.0006202764818734,0.001378392181940889,0.0013754125530981,0.0054903100584665,0.0580725048154892,0.004981277789920568,0.0010219497856231359,0.019776726177810566,0.0022415750054642558,0.0915937897378887,0.7047574869391631,0.7025105598048405,0.560722949198773,1.1140278128600538,1.1136642662620662,1.090723422883047,0.0233043899770069,0.02294084337901925,0.00036354659798765177,0.7047574869391631,1.1140278128600534,0.0,0.0
main,dfl_mlp,2233-01-01,2232-10-01,0.0006006754551011,0.001334834344669111,0.0016097879697074,0.0064236200547994,0.0621436100070538,0.0048832126893103124,0.0002145675972284417,0.01939024136739842,0.0021974457101896407,0.09108515194789196,0.6851929658321747,0.6821766233103695,0.5625292670540976,1.1109966322939722,1.110508005179479,1.0911259416301342,0.019870690663837953,0.019382063549344686,0.0004886271144932675,0.6851929658321747,1.1109966322939715,0.0,0.0
main,dfl_mlp,2233-04-01,2233-01-01,0.0006597919649381,0.001466204366529111,0.0017322995046331,0.0069112136336485,0.064064166014011,0.0049824750982224945,0.0005047006365048892,0.019781444188915254,0.0022421137942001228,0.09159994076513685,0.6760230143737518,0.6729515253631312,0.5607011556361334,1.10911152088482,1.1086157761687312,1.090498332974668,0.018613187910151874,0.018117443194063165,0.0004957447160887085,0.6760230143737518,1.1091115208848197,0.0,0.0
main,dfl_mlp,2233-07-01,2233-04-01,0.0012837962999473,0.002852880666549556,0.0021352848226311,0.0085138215649165,0.0695841420148415,0.0047070284374058245,0.00024261872537625255,0.018695593716351988,0.002118162796832621,0.09014608677476856,0.6490643038674937,0.6476357073354657,0.5658856461155692,1.1007101395324093,1.1004884755844473,1.0878039695606512,0.012906169971758086,0.012684506023796116,0.00022166394796196975,0.6490643038674937,1.1007101395324088,0.0,0.0
main,dfl_mlp,2233-10-01,2233-07-01,0.0010456731735449,0.002323718163433111,0.0022885039725956,0.0091226403022318,0.0714179722138078,0.006080129742622375,0.000948920992474014,0.024099608818138107,0.002736058384180069,0.09674787405487732,0.6424107467908753,0.639590845510297,0.5428696725555229,1.1012074886177055,1.1007632321537792,1.0855254624561037,0.015682026161601748,0.01523776969767554,0.000444256463926207,0.6424107467908751,1.101207488617705,0.0,0.0
main,dfl_mlp,2234-01-01,2233-10-01,0.0007747734461632,0.0017217187692515556,0.0015697627957011,0.0062642817178805,0.0614872350745938,0.006196305993944407,0.0005295096538656283,0.024555808862882667,0.002788337697274983,0.09724600224275132,0.687464718242845,0.6853819931517641,0.5411870499070268,1.1101677785761117,1.1098340171617724,1.0867264508276269,0.02344132774848484,0.02310756633414557,0.0003337614143392731,0.687464718242845,1.1101677785761117,0.0,0.0
main,dfl_mlp,2234-04-01,2234-01-01,0.0007920934429288,0.0017602076509528888,0.0014929333928931,0.0059583737760101,0.0601842237660047,0.0047558840364217755,0.000248639606086381,0.0188882553188634,0.002140147816389799,0.09040987086420031,0.6935951751596472,0.6918269858309138,0.564940004035132,1.1110300675239106,1.1107470174284142,1.0904350679494583,0.020594999574452322,0.02031194947895587,0.000283050095496451,0.6935951751596472,1.11103006752391,0.0,0.0
main,dfl_mlp,2234-07-01,2234-04-01,0.0008333413783023,0.0018518697295606666,0.0014159187795054,0.0056516575127445,0.0588174194823601,0.004854366835206747,0.00041460057462438344,0.01927653509153593,0.0021844650758430363,0.09093367385088887,0.7000312617744788,0.6987075137497055,0.5630687832125927,1.111771601812694,1.1115602434845664,1.0899032704209017,0.02186833139179223,0.021656973063664653,0.0002113583281275755,0.7000312617744838,1.1117716018126944,0.0,0.0
main,dfl_mlp,2234-10-01,2234-07-01,0.0006921068158031,0.001538015146229111,0.0013671232686695,0.0054572891357507,0.0579177523302931,0.004767384566366673,0.0002829884373468082,0.0189336034269042,0.002145323054865003,0.09047157987436587,0.7051695695868444,0.7033054061789911,0.5647191033741925,1.1135879610365098,1.1132876835859933,1.0909643499622694,0.02262361107424038,0.02232333362372385,0.00030027745051652843,0.7051695695868444,1.1135879610365091,0.0,0.0
main,dfl_mlp,2235-01-01,2234-10-01,0.0006769875506005,0.0015044167791122222,0.0014659517802041,0.0058509256298742,0.0597125266600422,0.0039815815631300214,0.0005387970889319506,0.015831460530658092,0.0017917117034085097,0.08586740824966674,0.6964296821869619,0.6941874459354525,0.5815431731317657,1.1122854443603172,1.1119239283303417,1.0937622782026675,0.018523166157649706,0.018161650127674234,0.0003615160299754727,0.6964296821869619,1.1122854443603172,0.0,0.0
main,dfl_mlp,2235-04-01,2235-01-01,0.0003559951962491,0.000791100436109111,0.0011571175515106,0.0046204428752381,0.0537086184594295,0.005005904519930482,0.000980880566402219,0.01987376474483693,0.0022526570339687167,0.09172002589271254,0.7285198771603597,0.7255817057029861,0.5602759069175923,1.1197978435965297,1.1193146905409366,1.0921317970477877,0.02766604654874194,0.02718289349314884,0.0004831530555930996,0.7285198771603597,1.1197978435965297,0.0,0.0
main,dfl_mlp,2235-07-01,2235-04-01,0.0006143347268912,0.0013651882819804445,0.0012590244298059,0.0050265948445546,0.0558235327707303,0.003974862676113844,0.0008566813270759353,0.015804904458966984,0.0017886882042512297,0.08582411737376026,0.7161381078019439,0.714227561758687,0.5817047591333739,1.1159117170219977,1.115602482434547,1.0941527851910717,0.02175893183092592,0.02144969724347523,0.00030923458745069077,0.7161381078019436,1.1159117170219972,0.0,0.0
main,dfl_mlp,2235-10-01,2235-07-01,0.0007849391031465,0.0017443091181033334,0.0015657819822722,0.0062484332389254,0.0614211328283659,0.0035633706022053955,0.0006820075728941992,0.014177477572461572,0.001603516770992428,0.08301377963338114,0.6877291760415716,0.6857063139541484,0.5923377035962885,1.1101402463484864,1.109816283753326,1.0948632439459691,0.015277002402517281,0.01495303980735696,0.0003239625951603209,0.6877291760415716,1.110140246348486,0.0,0.0
main,dfl_mlp,2236-01-01,2235-10-01,0.000983787110514,0.00218619357892,0.0015597314471861,0.0062243443875248,0.06132037343825,0.005248215701431036,0.0011498931173140007,0.020828177661316505,0.0023616970656439662,0.09293206464298319,0.6872655575081722,0.6862012211734948,0.5560089456329588,1.1086993836916053,1.108531045991052,1.0879395585258953,0.020759825165709955,0.02059148746515671,0.00016833770055324493,0.6872655575081704,1.1086993836916044,0.0,0.0
main,dfl_mlp,2236-04-01,2236-01-01,0.0005952441640774,0.0013227648090608887,0.0013304302200429,0.0053111100292996,0.0572230050536199,0.004684807313606143,0.0004362886853476632,0.018607955533068266,0.0021081632911227645,0.09002521918320318,0.7091280712553863,0.7068943435113636,0.566319689364964,1.1149124725109225,1.114550502383964,1.0917707229123477,0.023141749598574846,0.022779779471616246,0.00036197012695859954,0.7091280712553863,1.1149124725109223,0.0,0.0
main,dfl_mlp,2236-07-01,2236-04-01,0.0006663965057405,0.0014808811238677779,0.0023301825979047,0.0092882024657439,0.0718953723577258,0.003978892927989364,0.0005129801848075736,0.015820833896512787,0.0017905018175952137,0.08585009415747977,0.6420060541333013,0.6375245784195525,0.5816077911427708,1.1035787111830078,1.10285568766066,1.0938342949146955,0.00974441626831224,0.009021392745964363,0.0007230235223478765,0.6420060541333013,1.1035787111830078,0.0,0.0
main,dfl_mlp,2236-10-01,2236-07-01,0.0010729866084472,0.002384414685438222,0.0018961385671088,0.0075630094757775,0.0664437928739191,0.00489073758944869,0.0006429317438213288,0.019419901833003794,0.0022008319152519106,0.0911245259482789,0.6634961176389185,0.6618273323095697,0.5623891477535945,1.1043481232735055,1.104085673181282,1.0884470165798474,0.015901106693658074,0.015638656601434597,0.00026245009222347626,0.6634961176389137,1.1043481232735042,0.0,0.0
main,dfl_mlp,2237-01-01,2236-10-01,0.0010105041003232,0.002245564667384889,0.0020590539440034,0.0082108124582825,0.0686222122600957,0.005304712150245905,0.000468034048186976,0.02105060508092793,0.002387120467610657,0.09320724954083787,0.6543101566987161,0.6519258288833766,0.5550464967235458,1.1033122753631126,1.1029358020204747,1.087639043841464,0.015673231521648567,0.015296758179010661,0.00037647334263790633,0.6543101566987161,1.1033122753631126,0.0,0.0
main,dfl_mlp,2237-04-01,2237-01-01,0.0013020179696073,0.002893373265794,0.00186634909363,0.0074445228126599,0.066025996199665,0.004937136266380549,0.0004679733985158022,0.019602773961286735,0.002221711319871247,0.0913660323906378,0.6643281514475788,0.6637566671528059,0.5615307749091182,1.1029574575341858,1.102868889000875,1.08702593859054,0.01593151894364575,0.01584295041033501,8.856853331074e-05,0.6643281514475788,1.1029574575341856,0.0,0.0
main,dfl_mlp,2237-07-01,2237-04-01,0.0018384527828885,0.004085450628641111,0.0034436548663211,0.0137036301215147,0.0821307587782852,0.005709326360374689,0.00044313130148984636,0.022642470348151478,0.00256919686216861,0.09510549515441934,0.598196271670737,0.5957386716693451,0.5484706786837896,1.0894994176370179,1.0891317226524015,1.0820596995632872,0.007439718073730672,0.007072023089114365,0.0003676949846163069,0.598196271670737,1.0894994176370174,0.0,0.0
main,dfl_mlp,2237-10-01,2237-07-01,0.0013501284907465,0.003000285534992222,0.0023995223182401,0.0095635982586641,0.0726706242260604,0.007793162856251002,0.0013600570161938258,0.030810140633347527,0.0035069232853129507,0.10351629048244643,0.6360483467419634,0.6341932315569552,0.520651025093859,1.0982686523083645,1.0979820393959314,1.0804399143886123,0.017828737919752147,0.01754212500731911,0.00028661291243303744,0.6360483467419634,1.0982686523083638,0.0,0.0
main,dfl_mlp,2238-01-01,2237-10-01,0.001722326217383,0.003827391594184444,0.0040988878679919,0.0162950213588934,0.0866111343139273,0.006314094364643097,0.0007854362599536078,0.025018176059151576,0.002841342464089394,0.09774380196974074,0.5829766322669546,0.578777330972868,0.5395130383371842,1.0878993148420981,1.087266157891826,1.081346015935166,0.006553298906932126,0.005920141956659908,0.0006331569502722179,0.5829766322669546,1.0878993148420977,0.0,0.0
main,dfl_mlp,2238-04-01,2238-01-01,0.001642751955639,0.00365055990142,0.0040494936187546,0.0160998494355428,0.0863007225408747,0.007686998322606086,0.0008246584509129803,0.030395267036709916,0.003459149245172739,0.10312531456234614,0.5843050645423767,0.5799293935231542,0.5218964243444149,1.0885645679684517,1.087901336658463,1.0791051355725338,0.009459432395917844,0.008796201085929045,0.0006632313099887988,0.5843050645423767,1.0885645679684517,0.0,0.0
main,dfl_mlp,2238-07-01,2238-04-01,0.0013305322090325,0.0029567382422944445,0.0027376871161146,0.0109058608989115,0.0761464667701808,0.008083292748779058,0.0008702347566728991,0.0319432416330353,0.0036374817369505762,0.10457080169431274,0.6223666091495663,0.6196093042329761,0.5173154655290302,1.0962768021441287,1.0958502617481578,1.080025949317707,0.016250852826421802,0.015824312430450904,0.000426540395970898,0.6223666091495663,1.0962768021441285,0.0,0.0
main,dfl_mlp,2238-10-01,2238-07-01,0.0009739024272647,0.002164227616143778,0.0018630072157093,0.0074312299399472,0.0659787297353043,0.0062478332780301574,0.0004049544363865548,0.024758094611537218,0.0028115249751135708,0.09746464051251244,0.6659889847698502,0.663975571088102,0.5404508850959595,1.1054000665533457,1.105081421739529,1.085532284407998,0.01986778214534768,0.019549137331531075,0.00031864481381660426,0.6659889847698502,1.1054000665533454,0.0,0.0
main,dfl_mlp,2239-01-01,2238-10-01,0.0014118009195724,0.0031373353768275555,0.0029814714945184,0.0118726568766756,0.0783826076578096,0.004806225653737783,0.0005717282205889758,0.019086747342644483,0.0021628015441820026,0.09067892529689081,0.6135179766418837,0.6105151680381732,0.56397775347759,1.0944093676398643,1.0939472894739206,1.0867860194744547,0.007623348165409549,0.007161269999465869,0.0004620781659436801,0.6135179766418835,1.0944093676398636,0.0,0.0
main,dfl_mlp,2239-04-01,2239-01-01,0.0015397212966968,0.003421602881548444,0.0036614249575335,0.0145654597948255,0.083713690625008,0.006486754771322012,0.000907839507813616,0.02569564118829515,0.0029190396470949054,0.09846117177502436,0.593635931139027,0.5896627471129686,0.5371138430138582,1.0905904975747647,1.0899841786189923,1.0819650693979372,0.008625428176827432,0.008019109221055087,0.0006063189557723447,0.5936359311390266,1.0905904975747642,0.0,0.0
main,dfl_mlp,2239-07-01,2239-04-01,0.0018172259700807,0.004038279933512667,0.0041396784823637,0.0164561757738092,0.0868645522191153,0.006445681024342775,0.0009624976884820104,0.025534512737809822,0.002900556460954249,0.09829179438052676,0.5817952352217681,0.5778392446882594,0.5376789093145633,1.087169065410115,1.086576348287834,1.0805592159891357,0.006609849420979197,0.006017132298698158,0.000592717122281039,0.5817952352217679,1.0871690654101147,0.0,0.0
main,dfl_mlp,2239-10-01,2239-07-01,0.0010453097993167,0.002322910665148222,0.0017796812816401,0.007099744070636,0.0647734253900832,0.00690263845026493,0.0010349927607881072,0.027325988569404158,0.0031061873026192186,0.10013531051009698,0.6710565607031259,0.6696012143173141,0.5315754806901793,1.1057228822101377,1.105493596895706,1.0837480701655309,0.02197481204460683,0.021745526730175158,0.00022928531443167088,0.6710565607031259,1.1057228822101377,0.0,0.0
main,dfl_mlp,2240-01-01,2239-10-01,0.0009292146008026,0.0020649213351168886,0.0021631346440913,0.0086245041320788,0.0699270868454669,0.00502843651920557,0.0004383231731148506,0.019962542974082176,0.0022627964336425065,0.09183501173113653,0.6491133195049762,0.6461180248387313,0.5598691384473348,1.1030193819362413,1.1025440051476876,1.088855629479312,0.014163752456929357,0.013688375668375663,0.00047537678855369414,0.6491133195049762,1.1030193819362408,0.0,0.0
main,dfl_mlp,2240-04-01,2240-01-01,0.0010108555463121,0.002246345658471333,0.001790301245125,0.0071419968518777,0.0649299690569396,0.004581222403794527,0.0003863543515073428,0.018199348177850405,0.002061550081707537,0.08945420922100403,0.6705072167261573,0.6688657704453054,0.5683765703326555,1.1058673530212952,1.1056081826968818,1.08974179773074,0.01612555529055526,0.01586638496614179,0.0002591703244134713,0.6705072167261572,1.105867353021295,0.0,0.0
main,dfl_mlp,2240-07-01,2240-04-01,0.0007028408093351,0.0015618684651891109,0.0020852296490228,0.0083148657488878,0.0689564283210583,0.005625055357813835,0.0008969866204474314,0.022311084878497534,0.002531274911016226,0.09471997716083815,0.6541965023771688,0.6504296652364123,0.5497972736918832,1.1053070524074147,1.1047006986364138,1.088501742372118,0.016805310035296728,0.016198956264295905,0.0006063537710008227,0.6541965023771684,1.1053070524074144,0.0,0.0
main,dfl_mlp,2240-10-01,2240-07-01,0.0012921964213892,0.002871547603087111,0.0028499140164575,0.0113510165285751,0.0772011048292623,0.005492121074348688,0.0007143790256869603,0.021788165668237824,0.0024714544834569096,0.09410165263236174,0.61845480614935,0.6152931656624023,0.5519344266375059,1.0959087565601193,1.0954184555635416,1.0855929067656762,0.01031584979444311,0.009825548797865347,0.0004903009965777638,0.61845480614935,1.095908756560119,0.0,0.0
main,dfl_mlp,2241-01-01,2240-10-01,0.0009010701128371,0.0020023780285268887,0.0021682261850644,0.0086447382625204,0.0699893077778408,0.006080109998583794,0.0006975302906679674,0.02409953127379605,0.0027360494993627074,0.0967477887721928,0.6489697883284565,0.6458433257588724,0.5428699612366499,1.1031792516352108,1.1026821775433242,1.0863105145154834,0.01686873711972736,0.016371663027840766,0.0004970740918865957,0.6489697883284565,1.1031792516352108,0.0,0.0
main,dfl_mlp,2241-04-01,2241-01-01,0.0004760712939207,0.0010579362087126667,0.001272762866752,0.0050813401596172,0.0560978360135186,0.004406425729393959,0.0007901848280421273,0.017509545245326663,0.0019828915782272817,0.08846073859012527,0.7154411049941342,0.7127791284740373,0.5719804655237589,1.1167880959132284,1.116353556763915,1.093369683404799,0.023418412508429354,0.02298387335911589,0.00043453914931346205,0.7154411049941342,1.1167880959132277,0.0,0.0
main,dfl_mlp,2241-07-01,2241-04-01,0.0009831465673264,0.002184770149614222,0.0013427656402586,0.0053602541245264,0.0574583556669292,0.003541664918884635,0.0006016139725912853,0.014091576873758838,0.0015937492134980857,0.08285606031182799,0.7060077451347958,0.7056747802649229,0.5929430027338212,1.1116682102712945,1.111615545705844,1.0937849256817023,0.017883284589592208,0.01783062002414182,5.266456545038878e-05,0.7060077451347958,1.111668210271294,0.0,0.0
main,dfl_mlp,2241-10-01,2241-07-01,0.0002242201679126,0.0004982670398057778,0.0010633361077266,0.0042465651367474,0.0516263923725613,0.003744956152513623,0.0011490075961709174,0.014895886321351748,0.0016852302686311304,0.08429433535795415,0.7404631330769015,0.7370945260607332,0.5874572818792889,1.1227375386766034,1.1221791657941949,1.097375625651876,0.025361913024727345,0.02480354014231878,0.0005583728824085643,0.7404631330769015,1.1227375386766032,0.0,0.0
main,dfl_mlp,2242-01-01,2241-10-01,0.0004584607009767,0.001018801557726,0.001031915808996,0.004121278528772,0.0508967581342189,0.002681343071162701,0.0013164229215908829,0.010682311740112693,0.0012066043820232154,0.07559961609157974,0.7431892995787777,0.7412102677104494,0.6218667750306892,1.1214485714568019,1.1211251671862987,1.101622603429209,0.019825968027592955,0.019502563757089808,0.000323404270503147,0.7431892995787777,1.121448571456802,0.0,0.0
main,dfl_mlp,2242-04-01,2242-01-01,0.0005664476005776,0.0012587724457279999,0.0010254581931651,0.0040955276978609,0.0507446947040501,0.0026615346781909467,0.0014426453304993282,0.010603711476289246,0.001197690605185926,0.0754044850390904,0.7434328252013287,0.7420734786632203,0.6226755701508839,1.1206855572335641,1.12046488700101,1.101082364958846,0.019603192274718184,0.019382522042164174,0.00022067023255400997,0.7434328252013287,1.1206855572335634,0.0,0.0
main,dfl_mlp,2242-07-01,2242-04-01,0.0006019001341152,0.0013375558535893334,0.0010697495895898,0.0042721370686756,0.0517732755845232,0.0028115944704040887,0.0012189092268234444,0.011199036341661417,0.00126521751168184,0.07684602682820632,0.7375981530984119,0.7362711795304588,0.6167408681954722,1.1194768854478025,1.119261940944071,1.0999003017440274,0.01957658370377513,0.019361639200043523,0.00021494450373160667,0.7375981482087643,1.119476884655772,0.0,0.0
main,dfl_mlp,2242-10-01,2242-07-01,0.0003303643926192,0.0007341430947093333,0.0010859884398405,0.004336882655755,0.0521421481072744,0.0029105011373758314,0.001012669546787622,0.011591276996137934,0.0013097255118191243,0.07775229466950699,0.7370689694916462,0.7342110819503769,0.61305671406365,1.121392573450351,1.120921889786235,1.1009682068728657,0.020424366577485253,0.019953682913369297,0.0004706836641159562,0.7370689694916462,1.121392573450351,0.0,0.0
main,dfl_mlp,2243-01-01,2242-10-01,0.0003198499740423,0.000710777720094,0.0011008508465749,0.0043961374856766,0.0524760028437482,0.002768036490306258,0.0009771159467753799,0.011026258581518622,0.0012456164206378162,0.0764361242069116,0.7353165318981083,0.7323558548421398,0.6184189808997789,1.1211812676224773,1.1206933436018691,1.1019163758412822,0.01926489178119506,0.018776967760586905,0.00048792402060815476,0.7353165318981083,1.121181267622477,0.0,0.0
main,dfl_mlp,2243-04-01,2243-01-01,0.0003273738790102,0.0007274975089115556,0.0011765325360907,0.0046978312839568,0.0541228666548112,0.002443509385921061,0.0010913209485576573,0.009738271437538693,0.0010995792236644776,0.07315059230968513,0.7264789259500274,0.7233313587502471,0.6321454742263535,1.1196701573195305,1.119151670342803,1.104130960510065,0.015539196809465361,0.015020709832737955,0.0005184869767274058,0.7264789259500274,1.1196701573195298,0.0,0.0
main,dfl_mlp,2243-07-01,2243-04-01,0.0004668991789315,0.0010375537309588888,0.0011030472095983,0.0044048939264014,0.0525250400589492,0.0029332307167351246,0.0008702167206316169,0.01168140068650847,0.001319953822530806,0.07795593216999007,0.7342578353954351,0.7320840924486546,0.6122337595997845,1.1199270725417316,1.1195720329146426,1.099996757216051,0.01993031532568068,0.019575275698591632,0.0003550396270890488,0.7342578353954351,1.1199270725417312,0.0,0.0
main,dfl_mlp,2243-10-01,2243-07-01,0.0005384597788527,0.0011965772863393334,0.0010791371805933,0.004309566525471,0.0519870456173622,0.0025304604321718218,0.0010746058789329839,0.01008348712017404,0.0011387071944773198,0.07407364642295078,0.7367811942983234,0.7350759797074908,0.6282383837660308,1.1198119702526712,1.119534676096126,1.1021612374607987,0.01765073279187246,0.017373438635327254,0.00027729415654520473,0.7367811942983234,1.1198119702526712,0.0,0.0
main,dfl_mlp,2244-01-01,2243-10-01,0.0003243298449356,0.0007207329887457777,0.0011335427431335,0.0045264672820229,0.0531980823400095,0.0030735889449715614,0.001040859208922624,0.012237790140777527,0.0013831150252372026,0.07917724450195207,0.7314089781838675,0.7283731964740314,0.6073348650843369,1.120504530730101,1.1200043653489606,1.1000624891080006,0.020442041622100282,0.01994187624096,0.0005001653811402829,0.7314089781838672,1.120504530730101,0.0,0.0
main,dfl_mlp,2244-04-01,2244-01-01,0.0004442880346703,0.0009873067437117778,0.0011558288787395,0.0046153060472658,0.0536809261935358,0.0027473748428747057,0.0014461469053945015,0.010944293852856113,0.0012363186792936176,0.0762392945462037,0.7281983898321409,0.7257326107594069,0.6192274296026212,1.1191020311771136,1.1186987354542757,1.1012790547961195,0.01782297638099406,0.017419680658156134,0.00040329572283792636,0.7281983898321409,1.1191020311771134,0.0,0.0
main,dfl_mlp,2244-07-01,2244-04-01,0.0006895419744025,0.0015323154986722222,0.0013097951307845,0.005228896128633,0.0568251608678927,0.002909353747963905,0.000994416097246454,0.011586727387853935,0.0013092091865837573,0.07774197016123546,0.7106577786577398,0.7089648140363104,0.6130984862227458,1.1144902231362988,1.114217478781575,1.098772974278489,0.015717248857809674,0.015444504503085987,0.0002727443547236863,0.7106577786577398,1.1144902231362988,0.0,0.0
main,dfl_mlp,2244-10-01,2244-07-01,0.0006745388773952,0.0014989752831004444,0.0011951658605897,0.0047720997405148,0.0545152982274762,0.0028046020306646824,0.001069179116352965,0.01117130154715662,0.001262070913799107,0.0767806795838125,0.7225964008822489,0.7212115158750307,0.6170078991692978,1.1165220016976085,1.1162986826041768,1.0994953689039457,0.017026632793662788,0.016803313700231026,0.00022331909343176193,0.7225964008822489,1.1165220016976083,0.0,0.0
main,dfl_mlp,2245-01-01,2244-10-01,0.0005462865373311,0.0012139700829579998,0.0015023606183164,0.0059959135074439,0.0603472659856445,0.0025192516390234233,8.948326540944462e-05,0.010038990697910033,0.0011336632375605405,0.07395651877434407,0.6939935715681657,0.6910144993255407,0.62873191953958,1.1127997265720317,1.1123155167058691,1.1021922846503014,0.010607441921730354,0.010123232055567755,0.0004842098661625993,0.6939935715681653,1.112799726572031,0.0,0.0
main,dfl_mlp,2245-04-01,2245-01-01,0.0005998759822652,0.001333057738367111,0.0017474786848841,0.0069716139846618,0.0642933344083614,0.0034562643617391587,0.00024361576158415612,0.013753547875090533,0.0015553189627826214,0.08222530449831415,0.6752503907329449,0.6718657295222809,0.5953731111497151,1.1093914007289758,1.1088430814152677,1.0964511823745,0.012940218354475785,0.012391899040767651,0.0005483193137081344,0.6752503907329449,1.1093914007289756,0.0,0.0
main,dfl_mlp,2245-07-01,2245-04-01,0.0011488241512487,0.0025529425583304447,0.0017541316888806,0.0069980864678613,0.0643931943281865,0.0037031293381005526,0.0003150806143108651,0.014730441289505736,0.0016664082021452488,0.08400533183357181,0.6723049739447953,0.6713935773751296,0.5885534655801483,1.1052236337120016,1.1050809894322031,1.092115537861869,0.013108095850132617,0.01296545157033413,0.00014264427979848726,0.6723049739447947,1.105223633712001,0.0,0.0
main,dfl_mlp,2245-10-01,2245-07-01,0.000911343231811,0.002025207181802222,0.0020708207219271,0.0082575885997344,0.0687729679265252,0.004346467088907957,0.0005430799524082244,0.017272845791736047,0.001955910190008581,0.08811075462453417,0.6540893510736233,0.6512502107809686,0.5732577863883694,1.1039260119493628,1.103474910693095,1.0910829620761662,0.012843049873196621,0.012391948616928827,0.00045110125626779407,0.6540893510736233,1.1039260119493624,0.0,0.0
main,dfl_mlp,2246-01-01,2245-10-01,0.0007040497840919,0.0015645550757597778,0.0020560858101632,0.0081990130579482,0.0685840506143103,0.004755965620279312,0.0001797049551274447,0.018888577020322206,0.0021401845291256906,0.09041030913570537,0.6557888722707347,0.6520970457493734,0.5649384349135216,1.1055554504021625,1.1049612158432265,1.0909322092342109,0.014623241167951662,0.014029006609015626,0.0005942345589360354,0.6557888722707347,1.1055554504021623,0.0,0.0
main,dfl_mlp,2246-04-01,2246-01-01,0.0010715098731991,0.002381133051553556,0.0017613463350845,0.0070267931424284,0.0645010855156832,0.004546018037945032,0.0004693330930640325,0.018060449841803883,0.0020457081170752647,0.0892572195521153,0.672166796486073,0.670884120316693,0.5690886069888714,1.105721688220946,1.1055199426262858,1.0895090453629934,0.01621264285795254,0.016010897263292412,0.00020174559466012987,0.6721667964860728,1.1057216882209455,0.0,0.0
main,dfl_mlp,2246-07-01,2246-04-01,0.0004465723621236,0.0009923830269413334,0.0012950186939515,0.0051700210198536,0.0565370291508676,0.004275123961269856,0.0003086933005940942,0.01699114794211065,0.0019238057825714352,0.08768783727112807,0.7133501900496148,0.7104713285794017,0.574806720806891,1.1166572071344176,1.1161864146070914,1.0940006011448051,0.0226566059896125,0.02218581346228632,0.0004707925273261804,0.7133501900496148,1.1166572071344174,0.0,0.0
main,dfl_mlp,2246-10-01,2246-07-01,0.0008897914313242,0.0019773142918315554,0.0021620879178844,0.0086203443324912,0.0699142772458553,0.00285144099034369,0.00017053615256401998,0.011357072337962237,0.0012831484456546605,0.07721514893333466,0.6493334855811432,0.6461746015720543,0.6152360153850633,1.1033103118622123,1.1028077268279235,1.097885333237374,0.0054249786248383725,0.004922393590549579,0.0005025850342887939,0.6493334855811432,1.1033103118622123,0.0,0.0
main,dfl_mlp,2247-01-01,2246-10-01,0.0011329744335415,0.0025177209634255552,0.0022848149263788,0.0091079851131776,0.0713752918474896,0.004908834770321846,0.0006481491660853815,0.019491231693890998,0.0022089756466448307,0.09121898198283607,0.6422266544552917,0.6397761226740656,0.5620532095259521,1.1006178141481215,1.1002338887074423,1.0880570200335316,0.01256079411458999,0.012176868673910768,0.0003839254406792225,0.6422266544552917,1.100617814148121,0.0,0.0
main,dfl_mlp,2247-04-01,2247-01-01,0.0011625885695381,0.002583530154529111,0.0033454285428096,0.0133147124598718,0.0813812928697043,0.0065518075600266455,0.0006710477029484291,0.025950796279970545,0.0029483134020119907,0.09872786427117779,0.6033405175844282,0.5986486297447937,0.53622588221631,1.0943468390613553,1.0936131492560153,1.0838518473987884,0.010494991662566955,0.0097613018572269,0.0007336898053400542,0.6033405175844282,1.0943468390613549,0.0,0.0
main,dfl_mlp,2247-07-01,2247-04-01,0.0010650959459908,0.0023668798799795555,0.0026972567304066,0.0107454541977424,0.0757552850995121,0.006034098938107491,0.000514617244406803,0.02391881114136407,0.002715344522148371,0.096548454116934,0.6249203885898392,0.6212227838140875,0.5435453949884044,1.0983306235585526,1.0977488089947915,1.0855263463914107,0.012804277167141942,0.01222246260338089,0.0005818145637610517,0.6249203885898392,1.0983306235585524,0.0,0.0
main,dfl_mlp,2247-10-01,2247-07-01,0.0011546293031075,0.0025658428957944443,0.0017022122436378,0.0067914835358419,0.0636043579575793,0.004966982547193766,0.0002748575121021167,0.01972039424640548,0.002235142146237195,0.09152024115998657,0.6758629564226205,0.6751396046153676,0.5609836385000961,1.105741264935296,1.1056280938636085,1.0877679697922553,0.01797329514304069,0.01786012407135318,0.00011317107168751228,0.675862956422619,1.1057412649352951,0.0,0.0
main,dfl_mlp,2248-01-01,2247-10-01,0.0008522569677941,0.0018939043728757776,0.001872657722508,0.0074696160645565,0.0661150038412946,0.005517725180834532,0.00031209076416361,0.021888900004393808,0.0024829763313755394,0.09422174771756504,0.6659241096271122,0.6633448067167673,0.5515184213024098,1.106199865792837,1.1057885251926725,1.087954740604587,0.018245125188249833,0.017833784588085377,0.00041134060016445595,0.6659241096271122,1.1061998657928365,0.0,0.0
main,dfl_mlp,2248-04-01,2248-01-01,0.0007320239483839,0.0016267198852975555,0.0021088370300906,0.0084087024524942,0.069254315636554,0.0050088511779904366,0.0004335106715109123,0.019885375201841637,0.0022539830300956965,0.09173509106263197,0.6527997221161866,0.6491011655743758,0.5602225893758703,1.1048917030146452,1.104297419835251,1.0900164314966585,0.014875271517986732,0.014280988338592593,0.0005942831793941394,0.6527997221161866,1.104891703014645,0.0,0.0
main,dfl_mlp,2248-07-01,2248-04-01,0.0010949815755961,0.0024332923902135556,0.0021100240690097,0.0084134206237963,0.0692692068215037,0.0038597594015300275,0.0005300959737056328,0.015349880935160098,0.0017368917306885125,0.0850702790444983,0.6511934846394986,0.6490348743260199,0.5845290569722186,1.102270056741151,1.1019310465937076,1.0918003960934812,0.010469660647669743,0.010130650500226324,0.0003390101474434193,0.6511934846394986,1.1022700567411503,0.0,0.0
main,dfl_mlp,2248-10-01,2248-07-01,0.0007406957980679,0.0016459906623731112,0.0019289462630379,0.007693488745346,0.0668966994534766,0.0042666163295507434,0.00030019596307357256,0.016957551575584207,0.0019199773482978346,0.08763692218956842,0.6629655672049362,0.659747048885006,0.5749936008626126,1.1064676571915053,1.1059507855437127,1.0923399715041702,0.014127685687335134,0.013610814039542563,0.0005168716477925717,0.6629655672049358,1.1064676571915053,0.0,0.0
main,dfl_mlp,2249-01-01,2248-10-01,0.0017056882109611,0.003790418246580222,0.0041331383225196,0.0164303384267336,0.0868240957953933,0.004705867590382695,0.0010386216746947404,0.01869101558177555,0.002117640415672213,0.09013978646778201,0.582310169236268,0.577988857488792,0.5659082591601181,1.0878957125238025,1.0872434402552615,1.0854199570775505,0.0024757554462520037,0.0018234831777110827,0.000652272268540921,0.582310169236268,1.0878957125238018,0.0,0.0
main,dfl_mlp,2249-04-01,2249-01-01,0.0025624580497085,0.005694351221574444,0.0053951603926459,0.02140662235339,0.093642358649544,0.007765183225274086,0.0004944409967844205,0.030700813744369504,0.0034943324513733386,0.10341352693632727,0.5573986316409386,0.5535294763614557,0.5209779089776333,1.0793598640102293,1.0788089914041907,1.074174448342442,0.0051854156677872965,0.004634543061748708,0.0005508726060385882,0.5573986316409386,1.079359864010229,0.0,0.0
main,dfl_mlp,2249-07-01,2249-04-01,0.0015310044780417,0.003402232173426,0.0039850145550616,0.015845029055597,0.085889497956162,0.00860053338110447,0.0002823909809496999,0.033960857703757785,0.0038702400214970113,0.10640617539582196,0.5860960304585326,0.5814607455080651,0.5115916218562518,1.0894909766450886,1.0887832151935717,1.078114901831945,0.011376074813143733,0.010668313361626769,0.0007077614515169639,0.5860960304585326,1.0894909766450886,0.0,0.0
main,dfl_mlp,2249-10-01,2249-07-01,0.0012441394306062,0.002764754290236,0.002774973323209,0.0110537758463442,0.0765018585911343,0.0064058942720293995,0.0006387025160055708,0.025378413991482107,0.0028826524224132297,0.098126976045213,0.6213264092702478,0.6181493693654777,0.5382296002263669,1.0966526699069008,1.0961584540090803,1.0837262461544193,0.012926423752481542,0.012432207854661037,0.0004942158978205047,0.6213264092702478,1.0966526699069006,0.0,0.0
main,dfl_mlp,2250-01-01,2249-10-01,0.0032496682150861,0.007221484922413555,0.0047243632410286,0.0187639566014935,0.0902399875832324,0.005855643283575773,0.0005323920809534369,0.023217643735274685,0.0026350394776090977,0.09576366654300979,0.5659640809304295,0.5655487661753972,0.5462162979198155,1.0766900107495119,1.0766337342222527,1.0740141206314087,0.002675890118103208,0.002619613590844061,5.6276527259147e-05,0.5659640809304295,1.0766900107495114,0.0,0.0
main,dfl_mlp,2250-04-01,2250-01-01,0.0030702645276497,0.0068228100614437775,0.0056018212980278,0.0222197049458654,0.0946128227658315,0.009570763073861599,0.0004950323841371449,0.0377369535787524,0.00430684338323772,0.109726961068959,0.5528432803086066,0.5501668015274749,0.501498756014416,1.0759039199630358,1.0755364465064126,1.0688544525979067,0.007049467365129125,0.006681993908505879,0.00036747345662324626,0.5528432803086066,1.0759039199630356,0.0,0.0
main,dfl_mlp,2250-07-01,2250-04-01,0.0023307695058095,0.005179487790687778,0.0045910985942537,0.0182383119030381,0.0895092012606714,0.010869509726762771,0.0008101661526238826,0.04277428426520902,0.004891279377043247,0.11399175470772391,0.5712980764765802,0.5681780254475043,0.4890279613360297,1.082662435494273,1.0822109881193394,1.070758582906751,0.011903852587522135,0.01145240521258839,0.00045144737493374443,0.5712980764765802,1.0826624354942729,0.0,0.0
main,dfl_mlp,2250-10-01,2250-07-01,0.0011723498705267,0.0026052219345037778,0.0040117589228306,0.0159507284387263,0.0860609045416541,0.007858416251838207,0.0005445726522404095,0.03106507413452697,0.003536287313327193,0.10375519898803769,0.5867399515561519,0.5808217369449433,0.5198923282552044,1.0916936667990365,1.090768788925685,1.0812469541096963,0.010446712689340165,0.009521834815988672,0.0009248778733514929,0.5867399515561519,1.091693666799036,0.0,0.0
main,dfl_mlp,2251-01-01,2250-10-01,0.0022141419080647,0.004920315351254889,0.0043846042799391,0.0174234053937821,0.0883339289604101,0.0075678880326449875,0.0008834608457250824,0.029929645015207784,0.0034055496146902444,0.1026831512392845,0.5755459549193729,0.5724428115347376,0.5233105307081247,1.0839483162384136,1.0834956961479414,1.0763293313892406,0.007618984849173005,0.007166364758700805,0.0004526200904722,0.5755459549193729,1.0839483162384136,0.0,0.0
main,dfl_mlp,2251-04-01,2251-01-01,0.0017066001217313,0.0037924447149584443,0.0045233542064788,0.017971022212186,0.0891295928824782,0.00732928728684783,0.0007042201372691792,0.02899641042079326,0.0032981792790815236,0.1017854406720175,0.5745931152937014,0.5695506014475494,0.5261999829461332,1.08672563656428,1.0859645497855626,1.0794214675854417,0.0073041689788382325,0.006543082200120898,0.0007610867787173348,0.5745931152937014,1.0867256365642797,0.0,0.0
main,dfl_mlp,2251-07-01,2251-04-01,0.0013321065846795,0.002960236854843333,0.0042116423603445,0.0167404403618078,0.0873053815146243,0.00876171886920929,0.0005425573917475992,0.034588953746933715,0.00394277349114418,0.10696791550783445,0.5819451865720296,0.5762126261399997,0.5098605128843805,1.0900146611945496,1.089127954856954,1.0788646806997624,0.011149980494787215,0.010263274157191526,0.0008867063375956885,0.5819451865720296,1.0900146611945494,0.0,0.0
main,dfl_mlp,2251-10-01,2251-07-01,0.0021937091547064,0.004874909232680889,0.0046014775490479,0.018279257893364,0.0895668659962527,0.008266314584761857,0.0008678213712464085,0.032657521342710716,0.003719841563142836,0.10522633969241742,0.5715573276490722,0.5679699254734998,0.5152591693734285,1.083483325624011,1.0829593392284564,1.075260252885727,0.008223072738284154,0.007699086342729533,0.0005239863955546209,0.5715573276490722,1.0834833256240108,0.0,0.0
main,dfl_mlp,2252-01-01,2251-10-01,0.0023317775792889,0.005181727953975333,0.0053309691349846,0.0211539663489697,0.093334242222637,0.006481017544865608,0.0006539277544246605,0.02567313578863384,0.0029164578951895235,0.0984375595300295,0.5590776700265124,0.5546031309072822,0.5371925644947682,1.080888600803965,1.0802412145318927,1.077722215058625,0.0031663857453401167,0.0025189994732677246,0.0006473862720723922,0.5590776700265115,1.0808886008039646,0.0,0.0
main,dfl_mlp,2252-04-01,2252-01-01,0.0030666169604913,0.006814704356647334,0.0059540529804004,0.0236043504859869,0.0961987803754801,0.009749563783407212,0.0003929144977719038,0.03843162907447484,0.0043873037025332455,0.11032486185183539,0.5480491126505129,0.5447331512990836,0.4997174025579821,1.0752656838849235,1.0748102902110892,1.0686281050083712,0.0066375788765522525,0.00618218520271796,0.0004553936738342923,0.5480491126505129,1.075265683884923,0.0,0.0
main,dfl_mlp,2252-07-01,2252-04-01,0.0040141223398619,0.008920271866359778,0.0090193181431179,0.0355921121739264,0.1078567760463629,0.008948894683271646,0.0008371329515990748,0.035317942630699095,0.004027002607472241,0.10761481410483685,0.5126341262994837,0.5071411668517514,0.5078790084214414,1.0655447722327698,1.0648424491578612,1.064936788678288,0.0006079835544818835,-9.433952042670057e-05,0.000702323074908584,0.5126341262994837,1.065544772232769,0.0,0.0
main,dfl_mlp,2252-10-01,2252-07-01,0.0033313503998567,0.0074030008885704445,0.0071280306038919,0.0282087155795951,0.1010147182159835,0.010500837117433548,0.0005772751647463226,0.04134636243738843,0.004725376702845097,0.11279828355728154,0.5332023198161704,0.5287003644260584,0.49246300786710356,1.0718151521158754,1.071208799519226,1.0663281169399463,0.005487035175929078,0.00488068257927976,0.0006063525966493177,0.5332023198161704,1.071815152115875,0.0,0.0
main,dfl_mlp,2253-01-01,2252-10-01,0.0040740401848253,0.009053422632945111,0.0077848633640219,0.0307777123761285,0.1034858285829612,0.011350765451788902,0.0007173597536041294,0.04463585567426154,0.005107844453305006,0.11553199130463902,0.5242192678527514,0.520747887652131,0.4846565952624661,1.066711933370344,1.066270166920981,1.0616772035546953,0.005034729815648786,0.004592963366285785,0.00044176644936300136,0.5242192678527514,1.066711933370344,0.0,0.0
main,dfl_mlp,2253-04-01,2253-01-01,0.0028175165293389,0.006261147842975333,0.007465248681697,0.0295282761450659,0.1022990044217179,0.013303321041166782,0.0020830995945792423,0.052160800338252655,0.005986494468525052,0.12160336721027415,0.5310208499658393,0.5245439594569478,0.468077138061123,1.0742499025722376,1.0733442724274185,1.06544880845934,0.008801094112897534,0.007895463968078387,0.0009056301448191473,0.5310208499658393,1.0742499025722372,0.0,0.0
main,dfl_mlp,2253-07-01,2253-04-01,0.0041823358440354,0.009294079653412,0.0092884841549554,0.0366394790396314,0.1087748377040279,0.011066719889640808,0.0007430074709334449,0.04353745229047856,0.004980023950338364,0.11462524499587944,0.5097952670363511,0.5043579610399404,0.4872216816611122,1.0643242546776497,1.06363819366789,1.061475995487042,0.002848259190607605,0.002162198180847952,0.0006860610097596531,0.5097952670363511,1.0643242546776492,0.0,0.0
main,dfl_mlp,2253-10-01,2253-07-01,0.0031111605861006,0.006913690191334666,0.0083188176723598,0.032862352275115,0.1054131105008721,0.013978385739028454,0.002392305578588113,0.05475205841129205,0.006290273582562804,0.12364194225446175,0.521582368131467,0.5146757305543823,0.4627320877949242,1.0713985727847302,1.0704531342579024,1.063342652414831,0.008055920369899106,0.007110481843071392,0.0009454385268277132,0.521582368131467,1.0713985727847295,0.0,0.0
main,dfl_mlp,2254-01-01,2253-10-01,0.0029913820103731,0.006647515578606889,0.0059005416967663,0.0233940889632908,0.0959629128365383,0.013467424735426902,0.001784412900553411,0.05279120730171394,0.0060603411309421065,0.1221017028662178,0.5489851246768984,0.5455364269143226,0.46676060684961274,1.07580725868651,1.0753310411868586,1.0644531891259272,0.011354069560582714,0.010877852060931392,0.0004762174996513213,0.5489851246768984,1.0758072586865095,0.0,0.0
main,dfl_mlp,2254-04-01,2254-01-01,0.0028045333126908,0.006232296250424,0.0058878149648965,0.023344076904036,0.0959065610437956,0.008760720491409302,0.0004734024297171535,0.03458506428289276,0.003942324221134186,0.10696444972326288,0.5497190751490667,0.5457285890517403,0.5098711642867422,1.076935750036272,1.0763772628838586,1.0713588489459465,0.005576901090325492,0.005018413937912136,0.0005584871524133561,0.5497190751490667,1.0769357500362715,0.0,0.0
main,dfl_mlp,2254-07-01,2254-04-01,0.0037041574788168,0.008231461064037333,0.007639724283674,0.0302104849872557,0.1029502776063258,0.010157637484371661,0.0006731755506165154,0.04001566585888572,0.004570936867967248,0.11167569832025644,0.5267193244345819,0.5224555032874435,0.4957326829488854,1.068978333256593,1.0684199499537783,1.0649203714850224,0.004057961771570584,0.003499578468755926,0.0005583833028146579,0.5267193244345819,1.0689783332565927,0.0,0.0
main,dfl_mlp,2254-10-01,2254-07-01,0.0043010527140136,0.009557894920030221,0.0092948994505248,0.0366644315403488,0.1087965937204966,0.01172940358519554,0.0012595435187976148,0.04609857683620866,0.005278231613337994,0.11673079250666243,0.5094304526454656,0.504292320932402,0.4813016456381884,1.0636734437349187,1.063031231360618,1.0601576389749021,0.003515804760016561,0.0028735923857159396,0.0006422123743006214,0.5094304526454656,1.0636734437349185,0.0,0.0
main,dfl_mlp,2255-01-01,2254-10-01,0.0029104066250776,0.006467570277950222,0.0058906704493872,0.0233552982284188,0.0959192132505167,0.014445221796631814,0.0024349013258339863,0.0565409138652071,0.006500349808484317,0.12503411528156874,0.5493611397679643,0.545685436184633,0.45914249721928496,1.0763040284736094,1.075793488192217,1.0637730258752232,0.012531002598386243,0.01202046231699394,0.0005105402813923021,0.5493611397679643,1.0763040284736092,0.0,0.0
main,dfl_mlp,2255-04-01,2255-01-01,0.0032878794786562,0.007306398841458221,0.0078441667608083,0.0310094081803462,0.1037031171945944,0.010914953052997589,0.0009135691272327932,0.0429501822817876,0.004911728873848915,0.11413802546681716,0.5257872395252108,0.5200575739412572,0.4886098542160821,1.071045005490493,1.0702708061713189,1.0660215523808392,0.005023453109653797,0.00424925379047969,0.000774199319174107,0.5257872395252108,1.0710450054904928,0.0,0.0
main,dfl_mlp,2255-07-01,2255-04-01,0.0029925381615081,0.006650084803351334,0.0091525897163376,0.036110799302908,0.1083126368248627,0.009106972813606262,0.00034488288065570225,0.03593328387125527,0.004098137766122818,0.10815689639920432,0.5141251328052113,0.5057559421459217,0.5062284731458409,1.0709876315141753,1.069832058707703,1.0698973032451922,0.0010903282689831428,-6.524453748912862e-05,0.0011555728064722715,0.5141251328052113,1.0709876315141749,0.0,0.0
main,dfl_mlp,2255-10-01,2255-07-01,0.0051139293126483,0.011364287361440666,0.0096587611106585,0.0380788900698121,0.1100217049642323,0.013846034184098244,0.003214594660154217,0.05424444184720567,0.00623071538284421,0.1232446351747847,0.5041958271304603,0.500619253358353,0.4637654414453077,1.058920680761143,1.0585027198219492,1.0541959573108073,0.00472472345033581,0.004306762511141926,0.00041796093919388433,0.5041958271304603,1.058920680761143,0.0,0.0
main,dfl_mlp,2256-01-01,2255-10-01,0.0038016290098158,0.008448064466257333,0.0118148556448171,0.0464284551914885,0.1169998354019247,0.013691877387464047,0.002001131871154585,0.05365293649587677,0.006161344824358821,0.12278041454197937,0.4901925538597987,0.4805543305715474,0.46497792452876446,1.0637170467169552,1.0624642346970858,1.0604395556527075,0.003277491064247684,0.002024679044378308,0.001252812019869376,0.4901925538597987,1.063717046716955,0.0,0.0
main,dfl_mlp,2256-04-01,2256-01-01,0.0042876264967312,0.009528058881624888,0.0111045024954923,0.0436836121063151,0.1147462376435699,0.019161779433488846,0.005123998565879856,0.07447208298380847,0.008622800745069981,0.13825945331031614,0.4944770213189659,0.4868780255890959,0.42724348689694897,1.061870811795267,1.060919997067048,1.0534583008489355,0.008412510946331553,0.007461696218112435,0.0009508147282191182,0.4944770213189659,1.0618708117952669,0.0,0.0
main,dfl_mlp,2256-07-01,2256-04-01,0.006737548163392,0.014972329251982221,0.012211264327293,0.0479576287446416,0.1182409308949433,0.018774361722171305,0.005239407680893884,0.07300893279755039,0.008448462774977088,0.13723347665899224,0.4803570431389914,0.4771333053393076,0.4295887984910514,1.0483356961096153,1.0480113090461831,1.043227165943625,0.005108530165990333,0.004784143102558147,0.0003243870634321855,0.4803570431389914,1.048335696109615,0.0,0.0
main,dfl_mlp,2256-10-01,2256-07-01,0.0050220018684706,0.011160004152156889,0.0111603644869076,0.0438996802814583,0.1149249099063405,0.025505430996418,0.007889143037595076,0.09818450662549394,0.0114774439483881,0.15342453064181816,0.4922545826733557,0.4863713273036265,0.39457600182681346,1.0579777355496356,1.0572848058421156,1.0464731541226255,0.011504581427010052,0.010811651719490056,0.0006929297075199958,0.4922545826733557,1.0579777355496354,0.0,0.0
main,dfl_mlp,2257-01-01,2256-10-01,0.0039100042289678,0.008688898286595111,0.0114136338788077,0.044878839778516,0.1157318071143272,0.019131313264369964,0.003011154085946834,0.07435708500249327,0.008609090968966483,0.13817917908479393,0.4929950023851412,0.4840945321471542,0.4274262807178777,1.0635470349588447,1.0623997647215662,1.0550952295088147,0.008451805450029992,0.0073045352127514285,0.0011472702372785637,0.4929950023851412,1.0635470349588447,0.0,0.0
main,dfl_mlp,2257-04-01,2257-01-01,0.0048699968412132,0.010822215202696,0.0104437606031616,0.0411251541957869,0.1126123911622568,0.014821264334023,0.0014587291506518187,0.05798001296370425,0.006669568950310349,0.12614504366201532,0.498299829404753,0.4930018439192589,0.4563123745402787,1.0594471853882164,1.0588151355524442,1.0544380806965903,0.005009104691626076,0.004377054855853935,0.0006320498357721416,0.498299829404753,1.059447185388216,0.0,0.0
main,dfl_mlp,2257-07-01,2257-04-01,0.0045283006753376,0.01006289038963911,0.0108230988603599,0.042594616154349,0.1138421842018777,0.015694877691566946,0.0034234215634810924,0.06131693939944971,0.0070626949612051255,0.12868941520754695,0.496104373713363,0.4894561508956321,0.44994154803766867,1.0608804370786034,1.0600645871639776,1.0552154739119142,0.005664963166689185,0.004849113252063386,0.0008158499146257991,0.496104373713363,1.0608804370786031,0.0,0.0
main,dfl_mlp,2257-10-01,2257-07-01,0.0041670113496961,0.009260025221546888,0.0103374276250881,0.0407129433510672,0.1122652362577399,0.013462483137845992,0.0005037731642776327,0.05277222866901554,0.006058117412030697,0.1220867227241319,0.5009210745783161,0.494010882491427,0.46680008818428026,1.063281302498459,1.062408338716408,1.0589708021599287,0.004310500338530421,0.0034375365564793814,0.0008729637820510394,0.5009210745783161,1.063281302498459,0.0,0.0
main,dfl_mlp,2258-01-01,2257-10-01,0.005520719754669,0.012268266121486668,0.0113920157235742,0.0447952916515651,0.1156631329161261,0.013337291963398456,0.0010757929810180774,0.05229132599867026,0.006001781383529305,0.12170667376333158,0.48927543220055403,0.4842875774693511,0.4678036834666039,1.055186747169455,1.0546241530560925,1.0527648884561793,0.002421858713275604,0.0018592645999131463,0.0005625941133624579,0.489275432200554,1.055186747169455,0.0,0.0
main,dfl_mlp,2258-04-01,2258-01-01,0.0048000263843955,0.010666725298656666,0.0112929119532907,0.044412213120928,0.1153478376269817,0.014954801835119724,0.0029403660381166923,0.05849065906763862,0.006729660825803876,0.12653728577728182,0.49176812881817594,0.4851756196581931,0.4553202650418971,1.0590120457081331,1.0582209463483283,1.054638311671528,0.004373734036605015,0.0035826346768002004,0.0007910993598048144,0.4917681288181759,1.059012045708133,0.0,0.0
main,dfl_mlp,2258-07-01,2258-04-01,0.0041915786200965,0.009314619155769999,0.0091984136813134,0.0362890958218341,0.1084687827225871,0.01855518314987421,0.004285105057297061,0.0721803989441192,0.008349832417443394,0.13664807499377538,0.5105678237109597,0.5052829285068973,0.43093588985917164,1.0643745426436806,1.0637082007868657,1.0543342128706812,0.010040329772999401,0.00937398791618449,0.0006663418568149115,0.5105678237109597,1.06437454264368,0.0,0.0
main,dfl_mlp,2258-10-01,2258-07-01,0.0059940200107637,0.013320044468363778,0.0120909608037459,0.0474937442188477,0.117865476372151,0.011149457097053528,0.00045312887844549166,0.043857494547384634,0.005017255693674088,0.11489004327506065,0.48295297033037976,0.4781636880368287,0.48647013014596885,1.052187801331323,1.0516702724450535,0.9797418495816577,0.0724459517496654,0.07192842286339585,0.0005175288862695471,0.4829529703303797,1.0521878013313228,0.007282601533552757,0.0
main,dfl_mlp,2259-01-01,2258-10-01,0.0057762513973264,0.012836114216280888,0.0127223291865304,0.0499263814143612,0.1198246092590346,0.017695964127779008,0.0017962292429706528,0.06892704133418914,0.007963183857500554,0.13431899914167195,0.47892522319577496,0.4728298854672685,0.43636153710237696,1.0527955125998956,1.052123577892221,1.0481033988489283,0.004692113750967231,0.004020179043292771,0.0006719347076744597,0.4789252231957749,1.0527955125998956,0.0,0.0
main,dfl_mlp,2259-04-01,2259-01-01,0.0036542756421962,0.008120612538213778,0.0095330633723735,0.0375904348792772,0.1096003951363455,0.022648876905441283,0.0026438425464432387,0.0875638876561794,0.010191994607448577,0.1469791337840341,0.50902326636442,0.5018772366830111,0.40804612675667734,1.066914795513356,1.0659753981489113,1.0536406190761276,0.013274176437228391,0.012334779072783686,0.0009393973644447051,0.50902326636442,1.066914795513356,0.0,0.0
main,dfl_mlp,2259-07-01,2259-04-01,0.0037329924040499,0.008295538675666445,0.0084536526343816,0.0333882365087513,0.1058902755119053,0.015746749751269818,0.001847743045846211,0.061514795018798085,0.007086037388071419,0.12883886738340378,0.5186096079016549,0.5131900305333649,0.44957202222649933,1.0677667568578362,1.0670585802714534,1.058745610293603,0.00902114656423314,0.00831296997785036,0.0007081765863827805,0.5186096079016549,1.0677667568578362,0.0,0.0
main,dfl_mlp,2259-10-01,2259-07-01,0.0043397685530037,0.009643930117786,0.0090587558590051,0.0357456238400741,0.1079919480717713,0.013691878877580166,0.0009369089429340666,0.05365294221484829,0.006161345494911075,0.12278041903682352,0.5114259747836424,0.5067297557537438,0.4649779133540112,1.0637248601380989,1.0631397003777152,1.0579373241813237,0.005787535956775169,0.005202376196391523,0.0005851597603836467,0.5114259747836424,1.0637248601380984,0.0,0.0
main,dfl_mlp,2260-01-01,2259-10-01,0.0037789729623964,0.008397717694214222,0.0081786894341868,0.0323155958187608,0.1049133721997217,0.014166251383721828,0.0014246132132077934,0.05547224087682401,0.0063748131226748226,0.12420391432805777,0.5211255210482068,0.5162392369262753,0.4612772671487648,1.0678558949955397,1.067219650618889,1.0600630376737596,0.007792857321780033,0.007156612945129259,0.0006362443766507742,0.5211255210482068,1.0678558949955397,0.0,0.0
main,dfl_mlp,2260-04-01,2260-01-01,0.0061418635093822,0.013648585576404887,0.0097239484347256,0.0383321315577664,0.110239440810874,0.012916671857237817,0.0005801352375042836,0.050674237213433226,0.0058125023357570174,0.12042213237546372,0.5010489326483395,0.4999712365299293,0.4712239178621675,1.0534024791264436,1.0532876168031893,1.0502236883421865,0.0031787907842570906,0.003063928461002785,0.00011486232325430557,0.5010489326483395,1.0534024791264434,0.0,0.0
main,dfl_mlp,2260-07-01,2260-04-01,0.0032748688847551,0.007277486410566889,0.0090926652934287,0.0358776019666993,0.1081079866915132,0.012485100142657756,0.0007560798825948604,0.04901289451538782,0.00561829506419599,0.11909173859799004,0.5139198844512954,0.5063770206218184,0.4748128202592488,1.0695083381993529,1.068488155976571,1.0642190564920555,0.005289281707297366,0.004269099484515593,0.0010201822227817736,0.5139198844512954,1.0695083381993524,0.0,0.0
main,dfl_mlp,2260-10-01,2260-07-01,0.0055205794278808,0.012267954284179554,0.0097927779484476,0.0385994680484451,0.1104687964609186,0.014347349107265473,0.001196317208786332,0.056166088900044486,0.006456307098269463,0.12474343690536789,0.5020348075026155,0.4992901936477609,0.4598879994679709,1.056626617356649,1.056317040816879,1.0518727016206977,0.004753915735951297,0.004444339196181257,0.00030957653977004007,0.5020348075026155,1.0566266173566483,0.0,0.0
main,dfl_mlp,2261-01-01,2260-10-01,0.0047597720057685,0.01057727112393,0.0101610260574749,0.0400288112263231,0.1116868400901298,0.012459164671599864,0.0009912100055199586,0.04891298606753447,0.005606624102219939,0.11901138132114317,0.5008850256899527,0.4957000460971554,0.47503113489602683,1.0603076990820353,1.059683415717608,1.057194831685067,0.003112867396968255,0.0024885840325410413,0.0006242833644272139,0.5008850256899527,1.0603076990820353,0.0,0.0
main,dfl_mlp,2261-04-01,2261-01-01,0.0037902092965887,0.008422687325752666,0.0086082643846961,0.0339909903192029,0.106433221404717,0.01531931534409523,0.0010436019678535448,0.05988349840021345,0.006893691904842854,0.12760190218560538,0.5170004369055661,0.5115080524260934,0.4526459668479394,1.067260674777136,1.0665461270517298,1.0588882929143495,0.008372381862786549,0.007657834137380304,0.0007145477254062449,0.5170004369055661,1.0672606747771358,0.0,0.0
main,dfl_mlp,2261-07-01,2261-04-01,0.0043607077541671,0.00969046167592689,0.0105602791770262,0.0415766980017849,0.1129915520321789,0.0127168420702219,0.0009061015682792419,0.04990525986745731,0.005722578931599855,0.11980770145097705,0.4986231419366832,0.4919038804041022,0.47287546910909,1.0620251898308581,1.0611893612520586,1.058822361561333,0.0032028282695251153,0.002366999690725624,0.0008358285787994912,0.4986231419366832,1.062025189830858,0.0,0.0
main,dfl_mlp,2261-10-01,2261-07-01,0.003759327209894,0.00835406046643111,0.010198616470922,0.0401746275026382,0.1118103592684698,0.012544386275112628,0.0004673232597901546,0.04924124659579043,0.005644973823800683,0.11927525339549455,0.503094820611482,0.4953384748356924,0.4743149105010089,1.065606949379914,1.0645954697068238,1.0618538554731207,0.0037530939067933478,0.0027416142337031157,0.001011479673090232,0.5030948160687402,1.0656069487875095,0.0,0.0
main,dfl_mlp,2262-01-01,2261-10-01,0.0038952992505666,0.008656220556814666,0.0092736498815798,0.0365817787946155,0.1087245090168194,0.014303806610405445,0.0013712471975098727,0.05599929745108312,0.006436712974682451,0.12461391375191724,0.5106735666454243,0.5045098708447019,0.4602208609135356,1.0659008955820504,1.0651054890838616,1.0593901248873578,0.006510770694692525,0.005715364196503758,0.0007954064981887665,0.5106735666454243,1.06590089558205,0.0,0.0
main,dfl_mlp,2262-04-01,2262-01-01,0.002928044222849,0.006506764939664444,0.0084879737815702,0.0335220618302125,0.1060111793891044,0.012247903458774089,0.00095473392455712,0.048098873784741425,0.0055115565564483405,0.11835507354717309,0.5204559299955657,0.512814701363229,0.4768208340307231,1.0721974164485448,1.0711374285918356,1.0661443752329844,0.006053041215560384,0.0049930533588511405,0.0010599878567092436,0.5204559299955657,1.0721974164485444,0.0,0.0
main,dfl_mlp,2262-07-01,2262-04-01,0.0037471286850838,0.008326952633519557,0.008876743986227,0.0350369880616299,0.1073661194137289,0.011219817586243153,0.0006549037320858594,0.04412959825393359,0.005048917913809419,0.11511478694477026,0.5146329461875203,0.5086392581884361,0.4858338611108716,1.067174376210019,1.0663920278284806,1.0634152686950908,0.0037591075149281394,0.0029767591333897947,0.0007823483815383447,0.5146329461875199,1.0671743762100183,0.0,0.0
main,dfl_mlp,2262-10-01,2262-07-01,0.0042661791460632,0.009480398102362666,0.0094808480909026,0.0373874742011632,0.1094248010872921,0.011537885293364525,0.0009105758629246827,0.045358930491770866,0.005192048382014036,0.11612580809566408,0.5078952749650033,0.5024031352652027,0.4829896107499953,1.0636586838897233,1.062970308938702,1.060537052554531,0.0031216313351922764,0.002433256384170912,0.0006883749510213644,0.5078952749650033,1.0636586838897228,0.0,0.0
main,dfl_mlp,2263-01-01,2262-10-01,0.005394745874702,0.011988324166004444,0.0110101513254521,0.0433185887667632,0.1144438701359582,0.013209923356771468,0.0006632402511590887,0.05180187116171142,0.005944465510547161,0.12131894669397118,0.4925171442825677,0.4877376407093489,0.4688314525340218,1.0561728319160875,1.055627717387634,1.053471418580831,0.0027014133352565306,0.0021562988068031252,0.0005451145284534054,0.4925171442825677,1.0561728319160872,0.0,0.0
main,dfl_mlp,2263-04-01,2263-01-01,0.0070995068517732,0.015776681892829332,0.0127092776016482,0.0498761413948277,0.1197843891997069,0.013692459091544151,0.0006168986338324499,0.05365516903740586,0.006161606591194868,0.12278216920561398,0.4760003066914693,0.4729383326319628,0.46497333170515487,1.0461743771361445,1.0458773505523014,1.0451047061831404,0.0010696709530040316,0.0007726443691609131,0.00029702658384311853,0.4760003066914693,1.0461743771361445,0.0,0.0
main,dfl_mlp,2263-07-01,2263-04-01,0.0046031477735152,0.010229217274478222,0.0119373206956136,0.0469010689788806,0.1173844713812965,0.01978689767420292,0.001209170185086419,0.07682929745960221,0.008904103953391314,0.13989109475775718,0.48735883804954344,0.4794894781141355,0.42355353399938905,1.0594424372896163,1.058482623087124,1.0516601986419596,0.007782238647656703,0.0068224244451644545,0.0009598142024922485,0.4873588380495434,1.059442437289616,0.0,0.0
main,dfl_mlp,2263-10-01,2263-07-01,0.005509447570565,0.012243216823477778,0.0124923453778089,0.0490408031550599,0.1191141785826183,0.01800155360251665,0.0035792144271292346,0.07008510784612176,0.008100699121132494,0.13515356077519675,0.4811772453948905,0.4747518888593504,0.4344050566370133,1.0543275691698213,1.0536021109213975,1.0490467306757187,0.005280838494102547,0.004555380245678808,0.0007254582484237382,0.4811772453948905,1.0543275691698208,0.0,0.0
main,dfl_mlp,2264-01-01,2263-10-01,0.0065689820476718,0.014597737883715111,0.0112155086550269,0.0441129360804417,0.1151010350698763,0.01612264048308134,0.0013814098969576116,0.06294762079363725,0.007255188217386603,0.12991636395048742,0.48811436330666796,0.4858727524522844,0.44692286815871485,1.0499390681377976,1.049709728528864,1.045724758874378,0.00421430926341948,0.003984969654485804,0.00022933960893367633,0.4881143633066679,1.0499390681377976,0.0,0.0
main,dfl_mlp,2264-04-01,2264-01-01,0.005600398997494,0.012445331105542221,0.0126443195500534,0.0496260659730741,0.119584040149928,0.01712491624057293,0.0011692697398650903,0.06676009082231638,0.007706212308257819,0.13274135757437616,0.4798822714665666,0.4734791839141653,0.4400988411546218,1.0537448996860181,1.0530277794283078,1.0492893142259703,0.004455585460047873,0.0037384652023375597,0.0007171202577103131,0.4798822714665666,1.053744899686018,0.0,0.0
main,dfl_mlp,2264-07-01,2264-04-01,0.0050791548422835,0.011287010760629998,0.0116135588317858,0.045651234146827,0.1163651850773193,0.01863616146147251,0.0025385831031716284,0.07248657598105435,0.008386272657662631,0.13686477526534155,0.48865265129681995,0.4823204813847966,0.43043646964677623,1.0572742206175767,1.0565320367870643,1.05045079210964,0.006823428507936713,0.0060812446774243245,0.0007421838305123885,0.4886526512968199,1.0572742206175765,0.0,0.0
main,dfl_mlp,2264-10-01,2264-07-01,0.0043798868216019,0.009733081825782,0.007797802730651,0.03082826946498,0.1035333128804337,0.016375730745494366,0.0018263616649775785,0.06391142928740712,0.007369078835472465,0.13063635849897223,0.5232500918992604,0.5205969087587774,0.4451671570362057,1.0649882536199602,1.064658725271082,1.055290264736954,0.009697988883006214,0.009368460534127987,0.00032952834887822746,0.5232500918992604,1.0649882536199602,0.0,0.0
main,dfl_mlp,2265-01-01,2264-10-01,0.0044643797570272,0.009920843904504888,0.0091531117736082,0.0361128307154636,0.1083144174353909,0.01086952406913042,0.0007850349764420018,0.04277433978420464,0.004891285831108689,0.11399180090048984,0.5102592770139477,0.5057505439106804,0.48902783003267836,1.0629436466669793,1.0623874664735908,1.0603246159952817,0.002619030671697553,0.0020628504783091195,0.0005561801933884336,0.5102592770139477,1.062943646666979,0.0,0.0
main,dfl_mlp,2265-04-01,2265-01-01,0.0047160665955166,0.01048014799003689,0.0095049488997625,0.0374811579779303,0.1095058924311921,0.012461785040795804,0.0005505340482588033,0.04892308059367634,0.0056078032683581115,0.11901950226930896,0.5065292602386966,0.5021601559913438,0.4750090638270135,1.0612086584814666,1.0606806988338435,1.0573997789381164,0.0038088795433501854,0.003280919895727097,0.0005279596476230886,0.5065292622062167,1.06120865871922,0.0,0.0
main,dfl_mlp,2265-07-01,2265-04-01,0.0035261221581921,0.007835827018204667,0.0091285041370927,0.0360170747758125,0.1082304440030887,0.013540276885032653,0.0006488499260329912,0.05307096918677545,0.006093124598264694,0.12232236203695412,0.5129347560705696,0.5060052268417452,0.4661797236168292,1.0680863329289827,1.067166515684136,1.0618801270361755,0.006206205892807182,0.005286388647960383,0.0009198172448467989,0.5129347560705696,1.0680863329289825,0.0,0.0
main,dfl_mlp,2265-10-01,2265-07-01,0.005474359947676,0.012165244328168888,0.0113096772343072,0.0444770262106376,0.1154012307256501,0.011595939472317695,0.0006643666973620403,0.045583181964421904,0.005218172762542963,0.11630948911546954,0.4900145007744824,0.4850250344582452,0.48247602095040487,1.0554972785619103,1.054932189566401,1.0546434974716181,0.000853781090292216,0.00028869209478288305,0.000565088995509333,0.4900145007744824,1.05549727856191,0.0,0.0
main,dfl_mlp,2266-01-01,2265-10-01,0.0054175083062143,0.012038907347142889,0.0122792625157071,0.0482197514835059,0.118452691809255,0.01401016879826784,0.0009314994158040124,0.05487392762119103,0.006304575959220528,0.12373718008938839,0.48292801063625895,0.4765538838213884,0.46248497861255894,1.0549692406976368,1.0542437062423826,1.0526423142755812,0.002326926422055564,0.0016013919668014243,0.0007255344552541398,0.4829280106362589,1.0549692406976368,0.0,0.0
main,dfl_mlp,2266-04-01,2266-01-01,0.0045533013567609,0.010118447459468667,0.0088450971559172,0.0349137360516678,0.1072567760561687,0.017335659079253673,0.0016054552146361303,0.0675602347484503,0.007801046585664153,0.1333263096677232,0.5127939986990236,0.5089741207432377,0.43870713458391836,1.0628003356812847,1.0623325267394998,1.053727140698882,0.009073194982402777,0.00860538604061789,0.0004678089417848863,0.5127939986990213,1.0628003356812843,0.0,0.0
main,dfl_mlp,2266-07-01,2266-04-01,0.0022323952733535,0.00496087838523,0.0052801447717217,0.020953887576976,0.0930879139385863,0.013094212673604489,0.0006044465024442541,0.051357051314490754,0.005892395703122021,0.12096577091484514,0.5601603478353163,0.5554635839716854,0.46977108352840874,1.081601945308057,1.0809177393134592,1.0684343945685029,0.013167550739554112,0.012483344744956382,0.0006842059945977308,0.5601603478353163,1.081601945308057,0.0,0.0
main,dfl_mlp,2266-10-01,2266-07-01,0.0012605729280325,0.0028012731734055555,0.003687801654586,0.0146698077617812,0.0838985533330635,0.010145003348588944,0.001078721554969353,0.03996665278327727,0.004565251506865025,0.11163414623157693,0.593968387649763,0.5889592429112487,0.4958544337486382,1.0922992844293762,1.0915208920358048,1.077052938115487,0.015246346313889214,0.014467953920317855,0.0007783923935713588,0.593968387649763,1.0922992844293755,0.0,0.0
main,dfl_mlp,2267-01-01,2266-10-01,0.000657277167169,0.0014606159270422222,0.0023138652570517,0.0092233867184581,0.0717095112003645,0.00814040843397379,0.00047608243832172826,0.03216618958519224,0.003663183795288205,0.10477613996349655,0.6428107219009972,0.6383276656280592,0.5166699354171287,1.1037671531761981,1.1030434658276174,1.083404595634954,0.020362557541244053,0.019638870192663305,0.0007236873485807482,0.6428107219009972,1.1037671531761974,0.0,0.0
main,dfl_mlp,2267-04-01,2267-01-01,0.0029716527041858,0.006603672675968444,0.0052773546350079,0.0209429028399902,0.093074329137992,0.005368165671825409,0.0003344924465004185,0.02130037742286217,0.0024156745523214343,0.09351318604400649,0.5578925535821958,0.5555110900551329,0.5539792314217891,1.0771473198468324,1.076818002799587,1.0766061720676872,0.0005411477791452679,0.00021183073189989798,0.0003293170472453699,0.5578925535821958,1.0771473198468324,0.0,0.0
main,dfl_mlp,2267-07-01,2267-04-01,0.0028357863221429,0.0063017473825397775,0.0079446792606011,0.0314020112940005,0.1040694504391676,0.008009066339582205,0.0005702508206256958,0.03165344535278125,0.003604079852811992,0.10430287373458592,0.5260244343140407,0.5188970393209779,0.5181597144165543,1.0734551760053517,1.0724598913388554,1.0723569297137017,0.0010982462916500069,0.0001029616251537746,0.0009952846664962323,0.5260244343140407,1.0734551760053517,0.0,0.0
main,dfl_mlp,2267-10-01,2267-07-01,0.0029784075819353,0.006618683515411778,0.0067288124513748,0.0266448048929969,0.0994442171257137,0.009985793009400367,0.00024059149940814124,0.039348848697969396,0.004493606854230166,0.11110907718230786,0.5387274264934755,0.5338514340068597,0.4973973999176641,1.0744607091342573,1.0737867693264214,1.0687482413146707,0.005712467819586564,0.005038528011750643,0.0006739398078359216,0.5387274264934755,1.0744607091342568,0.0,0.0
main,dfl_mlp,2268-01-01,2267-10-01,0.0021500100253032,0.004777800056229333,0.006024434363336,0.023880847878405,0.0965064318195228,0.010149071738123894,0.0005805582284055987,0.03998243596589113,0.004567082282155753,0.11164752846821602,0.5498842801769481,0.5436879392011125,0.4958152168831322,1.0805579919183566,1.079650228586598,1.0726368795664,0.007921112351956472,0.007013349020198012,0.0009077633317584599,0.5498842772639196,1.0805579914915977,0.0,0.0
main,dfl_mlp,2268-04-01,2268-01-01,0.0039760360812972,0.008835635736216001,0.0072286925655267,0.0286027544666809,0.1014018350671184,0.009440670907497405,0.0003714874403911092,0.037231283730427056,0.004248301908373832,0.1092894521362396,0.5302849087957113,0.5274422094600897,0.5028091466989835,1.068003545370288,1.0676389986331702,1.064480063552615,0.0035234818176730354,0.003158935080555203,0.00036454673711783236,0.5302849087957113,1.0680035453702876,0.0,0.0
main,dfl_mlp,2268-07-01,2268-04-01,0.0035605904458803,0.007912423213067333,0.0081942071488039,0.0323761547031409,0.1049689126933847,0.01039861086755991,0.0004631742451759782,0.04095014278331144,0.00467937489040196,0.11246512132468581,0.5215681325388609,0.5160650923936305,0.49342945640697145,1.0690525411705936,1.0683239711478387,1.0653271465943854,0.0037253945762081297,0.0029968245534532922,0.0007285700227548375,0.5215681325388609,1.0690525411705931,0.0,0.0
main,dfl_mlp,2268-10-01,2268-07-01,0.0041297686285816,0.009177263619070222,0.0088929634556913,0.0351001519671249,0.1074220974811464,0.01147902589291334,0.0006393912699440967,0.0451315282709005,0.0051655616518110035,0.11593931457703603,0.513473894858304,0.5084679692575849,0.4835120528166648,1.0650583305103807,1.0644240681544883,1.061262095800566,0.0037962347098146054,0.0031619723539222377,0.0006342623558923677,0.513473894858304,1.065058330510381,0.0,0.0
main,dfl_mlp,2269-01-01,2268-10-01,0.0040420764084243,0.008982392018720666,0.0088427396587373,0.0349045540509272,0.1072486241928156,0.011557378433644771,0.0002940960950884641,0.04543423292994808,0.005200820295140147,0.116187512395842,0.5141633986326968,0.5089990996605989,0.48281697198613555,1.0655965735334083,1.064937716216507,1.0615974203731506,0.0039991531602576735,0.003340295843356378,0.0006588573169012957,0.5141633986326968,1.065596573533408,0.0,0.0
main,dfl_mlp,2269-04-01,2269-01-01,0.0022732346188854,0.0050516324864119996,0.0045814128857607,0.0182000996817163,0.0894552709683975,0.013194891437888146,0.000549875911408584,0.05174409367334265,0.005937701147049666,0.12127311628933092,0.5716621110441141,0.5683727337343943,0.4689531996088568,1.0830440136441053,1.0825661735198224,1.0681237310544087,0.014920282589696576,0.014442442465413707,0.00047784012428286893,0.5716621110441141,1.083044013644105,0.0,0.0
main,dfl_mlp,2269-07-01,2269-04-01,0.0010765236589134,0.002392274797585333,0.0019377414379752,0.0077284657901701,0.0670168553037097,0.008182854857295752,0.0005382213860020523,0.032331851930799016,0.0036822846857830884,0.10492828592393039,0.6609674462286294,0.6591970917881451,0.5161924652139191,1.1039270600300428,1.1036486987684395,1.0811634001423822,0.022763659887660603,0.022485298626057304,0.0002783612616032993,0.6609674462286294,1.1039270600300424,0.0,0.0
main,dfl_mlp,2269-10-01,2269-07-01,0.0009500502640473,0.002111222808994,0.0020788809625328,0.0082896292926979,0.0688757489391745,0.0056150157004594805,0.000411388857181443,0.0222715995297732,0.0025267570652067663,0.09467372132085802,0.6534845681959943,0.6507902918806838,0.5499567467338871,1.1035769755912725,1.103149934149548,1.0871678679268018,0.01640910766447079,0.01598206622274634,0.0004270414417244517,0.6534845681959943,1.1035769755912723,0.0,0.0
main,dfl_mlp,2270-01-01,2269-10-01,0.0007741566222515,0.0017203480494477777,0.001503627459841,0.0060009580592028,0.060369106960166,0.006042412389069796,0.0005511098273462278,0.0239514661903385,0.0027190855750814083,0.09658455906926258,0.6927929781001982,0.6909058008815694,0.5434229662536177,1.1110259176023773,1.1107234815370588,1.08708811345052,0.023937804151857422,0.023635368086538877,0.0003024360653185454,0.6927929781001982,1.111025917602377,0.0,0.0
main,dfl_mlp,2270-04-01,2270-01-01,0.0010413080941225,0.002314017986938889,0.0019769189321607,0.0078842573674282,0.0675457522985536,0.0030363718047738074,0.00018920617012712325,0.01209028178764604,0.0013663673121482134,0.07885930402303717,0.6588176839800157,0.6567858585545535,0.6086041699259075,1.1038210490398483,1.103500859930984,1.095908056064947,0.007912992974901334,0.00759280386603689,0.00032018910886444374,0.6588176839800157,1.1038210490398477,0.0,0.0
main,dfl_mlp,2270-07-01,2270-04-01,0.0012813657024817,0.002847479338848222,0.0025072178018454,0.0099912173641305,0.073830165541418,0.004432598128914833,0.00023344644748589033,0.017612852938026724,0.001994669158011675,0.08861199463467165,0.6316659191225745,0.6292650520209663,0.5714296861451584,1.09802592397069,1.097653342185222,1.0886780832603238,0.009347840710366206,0.008975258924898144,0.0003725817854680624,0.6316659191225745,1.09802592397069,0.0,0.0
main,dfl_mlp,2270-10-01,2270-07-01,0.000744192666911,0.0016537614820244444,0.0020558258071055,0.008197979447196,0.0685807051425651,0.004636781010776758,0.00020124805305101742,0.018418523910327278,0.002086551454849541,0.08976204680867639,0.6556306535009354,0.6521120591359769,0.5672663781472946,1.1052667945427825,1.1047018558107118,1.0910791967407216,0.014187597802060914,0.013622659069990162,0.0005649387320707522,0.6556306535009354,1.1052667945427823,0.0,0.0
main,dfl_mlp,2271-01-01,2270-10-01,0.0015211065817015,0.0033802368482255558,0.0038478908571331,0.0153029535165691,0.0849912025332881,0.004869056399911642,0.00036544116910127155,0.019334440512950746,0.002191075379960239,0.0910109210005225,0.5892324513873205,0.5848264841077772,0.5627935630070509,1.0900281982334963,1.0893550151888092,1.0859886286568918,0.0040395695766044515,0.0033663865319173425,0.000673183044687109,0.5892324513873205,1.0900281982334956,0.0,0.0
main,dfl_mlp,2271-04-01,2271-01-01,0.001709626626394,0.003799170280875555,0.00477194406615,0.0189515817013843,0.0904960048490326,0.00675816023722291,0.0009859114984765523,0.026759837138646936,0.0030411721067503095,0.09956173101503034,0.5701071175857151,0.5646317022623792,0.5334634077689145,1.0860312926731874,1.0852050320571405,1.0805016200438915,0.005529672629295934,0.004703412013248975,0.0008262606160469588,0.5701071175857151,1.0860312926731872,0.0,0.0
main,dfl_mlp,2271-07-01,2271-04-01,0.0037254679135074,0.008278817585572,0.0092449715963681,0.0364702227339239,0.108627125233186,0.007446474861353636,0.0004114643350044743,0.02945484807131138,0.0033509136876091364,0.10222841530495572,0.5113713789380591,0.5048040237473387,0.5247710998336321,1.0668594150203963,1.0660007640587514,0.8065764277374803,0.260282987282916,0.25942433632127115,0.0008586509616448357,0.5113713789380591,1.066859415020396,0.026203493809090816,0.0
main,dfl_mlp,2271-10-01,2271-07-01,0.0038999391135361,0.008666531363413556,0.0101950719805689,0.0401608788451619,0.1117987185681281,0.012146867625415326,0.0010514678073555096,0.04770933927908971,0.0054660904314368965,0.11804008389158892,0.5027685943429585,0.4953725299247676,0.4776840129503514,1.0648574547882603,1.0639033579751114,1.0616215285154995,0.003235926272760814,0.0022818294596118616,0.0009540968131489524,0.5027685943429585,1.06485745478826,0.0,0.0
main,dfl_mlp,2272-01-01,2271-10-01,0.0041178759705027,0.009150835490005999,0.0091107639237057,0.0359480376821663,0.1081698511377306,0.01267793234437704,0.0015513326644524443,0.04975547462688079,0.005705069554969668,0.11968774750959603,0.5115410603581386,0.5061891389719315,0.47319908530875104,1.0648742717364248,1.0641955344282643,1.0600116949053024,0.004862576831122345,0.004183839522961863,0.0006787373081604819,0.5115410603581386,1.0648742717364246,0.0,0.0
main,dfl_mlp,2272-04-01,2272-01-01,0.0029698834094031,0.006599740909784667,0.0063281313811305,0.0250732660865704,0.0978026587485103,0.011488566733896732,0.00045200249010679284,0.045168391894819915,0.00516985503025353,0.11596956253486874,0.543559370954603,0.5393156084806651,0.48342724854503766,1.0751748947421367,1.074587977444163,1.0668585521044933,0.008316342637643359,0.007729425339669582,0.0005869172979737769,0.543559370954603,1.0751748947421365,0.0,0.0
main,dfl_mlp,2272-07-01,2272-04-01,0.0015337793601701,0.0034083985781557776,0.0045888182145383,0.0182293154107263,0.0894965142495114,0.010383327677845954,0.0009487694623124552,0.04089089597697271,0.004672497455030679,0.11241522564916256,0.5739529978439396,0.5682238200078272,0.4935744804929477,1.087620931019774,1.0867463020904644,1.0753501692139475,0.012270761805826425,0.011396132876516862,0.0008746289293095622,0.5739529978439396,1.0876209310197735,0.0,0.0
main,dfl_mlp,2272-10-01,2272-07-01,0.00214945907906,0.004776575731244444,0.0040589905896657,0.016137377153631,0.0863607110043361,0.008217685203999282,0.0004129862448669472,0.03246777392761235,0.003697958341799677,0.10505284864743143,0.5823766868038246,0.5797064981257862,0.5158020891755355,1.0853213348142088,1.0849301377292664,1.0755677961457253,0.009753538668483497,0.0093623415835411,0.00039119708494239624,0.5823766868038246,1.0853213348142086,0.0,0.0
main,dfl_mlp,2273-01-01,2272-10-01,0.0008125081159571,0.0018055735910157778,0.0035660189121729,0.0141879579306789,0.0830329525467814,0.008036868087947369,0.00046340244731104646,0.03176199713316219,0.003616590639576316,0.10440337138937977,0.5986394284147647,0.5922641846339965,0.5178427844442894,1.0957074300324914,1.094688188450453,1.0827900731351325,0.012917356897358845,0.011898115315320368,0.001019241582038477,0.5986394284147647,1.095707430032491,0.0,0.0
main,dfl_mlp,2273-04-01,2273-01-01,0.0019195736848942,0.004265719299764889,0.0063656745532535,0.0252205974905724,0.0979596009977018,0.008104607835412026,0.0007963294010798974,0.032026448412082575,0.0036470735259354118,0.1046475151479266,0.5462117594798523,0.538789676330725,0.517074145800108,1.0812786383938424,1.0801742007797903,1.0769428372602479,0.004335801133594552,0.0032313635195424517,0.0011044376140521006,0.5462117594798482,1.0812786383938413,0.0,0.0
main,dfl_mlp,2273-07-01,2273-04-01,0.0024536345114838,0.005452521136630666,0.0066399282247541,0.0262963500560302,0.0990861546690865,0.007492794468998909,0.001022229563159687,0.02963600555128465,0.003371757511049509,0.10240239217214112,0.5413019059475551,0.5350363360345126,0.5242115538610613,1.0776571498235405,1.0767582682638766,1.0752053054499378,0.002451844373602796,0.0015529628139387963,0.0008988815596639999,0.5413019059475551,1.07765714982354,0.0,0.0
main,dfl_mlp,2273-10-01,2273-07-01,0.0027563700229258,0.006125266717612888,0.0066000729799921,0.026140074264512,0.0989245228439331,0.010183029621839524,0.000976630840946705,0.040114166861270784,0.004582363329827786,0.11175915978954248,0.5408887721422506,0.5355724795980343,0.4954882920252625,1.0759604177471978,1.0752138172937888,1.0695845423117527,0.006375875435445044,0.0056292749820361365,0.0007466004534089077,0.5408887721422504,1.0759604177471973,0.0,0.0
main,dfl_mlp,2274-01-01,2273-10-01,0.0024246061246365,0.005388013610303334,0.0048803809166621,0.0193790793579474,0.0910703196228041,0.009108181670308113,0.00048018365280711703,0.03593798838060669,0.0040986817516386505,0.10816102745507687,0.5659472049938945,0.5625820633163217,0.5062159294852522,1.0813571398444832,1.080873387473868,1.0727705337233373,0.008586606121145923,0.00810285375053077,0.00048375237061515364,0.5659472049938945,1.0813571398444828,0.0,0.0
main,dfl_mlp,2274-04-01,2274-01-01,0.0025109629023784,0.005579917560840889,0.0039329203382588,0.01563911727494,0.085552124188774,0.008238755166530609,0.00042439607056540254,0.032549990429454057,0.0037074398249387743,0.10512807795024821,0.5838969710421896,0.582721493658157,0.5155665542439092,1.0834332548041072,1.0832652904046285,1.0736694961988416,0.009763758605265682,0.009595794205786934,0.0001679643994787483,0.5838969710421887,1.0834332548041066,0.0,0.0
main,dfl_mlp,2274-07-01,2274-04-01,0.0013104191395848,0.002912042532410667,0.0032936944886804,0.0131098302222941,0.0809770054989754,0.0073213430121541025,0.0007607835298029584,0.028965326550797865,0.0032946043554693463,0.10175526094806547,0.604275514522569,0.6002274251286305,0.5262975506484977,1.0935997444416632,1.092972712361687,1.0815212846740836,0.012078459767579597,0.011451427687603433,0.0006270320799761642,0.604275514522569,1.093599744441663,0.0,0.0
main,dfl_mlp,2274-10-01,2274-07-01,0.0012299810562972,0.002733291236216,0.0024616638424967,0.0098103562686781,0.0733460947988693,0.007833302672952413,0.0003653144483427645,0.03096696576765834,0.003524986202828586,0.10366337579296957,0.6338096420913943,0.6313145637846028,0.5201837220537011,1.098684281340645,1.098295797175617,1.0809927040658196,0.0176915772748254,0.017303093109797496,0.0003884841650279025,0.6338096420913943,1.098684281340645,0.0,0.0
main,dfl_mlp,2275-01-01,2274-10-01,0.0010544463579858,0.0023432141288573334,0.0023624916195837,0.0094165309909957,0.0722594994382136,0.005619893036782742,0.0004573876902373296,0.022290781939935833,0.002528951866552234,0.09469620156220385,0.6389206932872696,0.6359561951876107,0.549879234920023,1.100601600491476,1.1001348238529771,1.0865815299006294,0.014020070590846645,0.013553293952347722,0.0004667766384989225,0.6389206932872693,1.1006016004914754,0.0,0.0
main,dfl_mlp,2275-04-01,2275-01-01,0.0009797066286431,0.002177125841429111,0.0021270706435608,0.0084811744717617,0.0694821408256272,0.0069007289595901964,0.00045221387424608555,0.027318507662161262,0.0031053280318155884,0.10012778190810415,0.6507796246632226,0.6480882904788068,0.5316001964508091,1.1029552458227372,1.1025294688591585,1.0841007106412277,0.01885453518150948,0.018428758217930774,0.00042577696357870565,0.6507796246632226,1.1029552458227363,0.0,0.0
main,dfl_mlp,2275-07-01,2275-04-01,0.0009064382909229,0.002014307313162,0.0018455641949813,0.0073618452698951,0.0657307030778995,0.005089513584971428,0.0001095214093863157,0.020203162115428386,0.0022902811132371427,0.09214428394982205,0.6673912541767245,0.6651263238829337,0.558777120135771,1.1060722408235613,1.1057122627296496,1.0888095864049827,0.01726265441857855,0.01690267632466691,0.00035997809391163926,0.6673912541767245,1.1060722408235608,0.0,0.0
main,dfl_mlp,2275-10-01,2275-07-01,0.0006108529946883,0.0013574510993073334,0.0019013875598687,0.0075838860746405,0.0665167581455465,0.004355595447123051,0.0003290367110478035,0.01730888468208458,0.001960017951205373,0.08816435389959056,0.6652137891196895,0.6614914072645118,0.5730619041376279,1.1076924382201907,1.1070898163495566,1.092773834092279,0.014918604127911683,0.014315982257277593,0.0006026218706340902,0.6652137891196895,1.1076924382201905,0.0,0.0
main,dfl_mlp,2276-01-01,2275-10-01,0.0010103378949006,0.0022451953220013333,0.0026310278639435,0.0104826504132676,0.0751009610322675,0.0037111205048859118,0.00014372304408728017,0.014762051781826102,0.0016700042271986604,0.08406081474298661,0.6277018567065626,0.6239370861767133,0.5883427842311095,1.0991120022014014,1.0985175576557054,1.092897337649826,0.006214664551575266,0.005620220005879251,0.0005944445456960157,0.6277018567065626,1.099112002201401,0.0,0.0
main,dfl_mlp,2276-04-01,2276-01-01,0.0007167776313719,0.0015928391808264445,0.00202516640345,0.0080760910264611,0.0681832659926163,0.006209724955260754,0.000813486958161327,0.02460849203496407,0.0027943762298673395,0.09730307391247826,0.6574619957032167,0.6538999751262835,0.5409947482334916,1.1057410747581684,1.1051681870679635,1.0870093883609921,0.01873168639717626,0.018158798706971346,0.0005728876902049151,0.6574619957032166,1.1057410747581682,0.0,0.0
main,dfl_mlp,2276-07-01,2276-04-01,0.0006132302783235,0.0013627339518299999,0.0017982132846276,0.0071734749605537,0.0650460301434684,0.003433540929108858,0.00013089845499557237,0.01366359027242725,0.0015450934180989862,0.08205465591646291,0.6717754646772999,0.6683214422408256,0.5960331675096879,1.108738747514037,1.1081796528561094,1.0964785162896076,0.012260231224429319,0.011701136566501846,0.0005590946579274725,0.6717754646772996,1.1087387475140364,0.0,0.0
main,dfl_mlp,2276-10-01,2276-07-01,0.0007378601407068,0.0016396892015706666,0.0014319352412078,0.0057154500737979,0.0591069077914067,0.0036726546939462425,0.0003367505176248248,0.014609886391674709,0.0016526946122758092,0.08379256800565542,0.6990818362076023,0.6972397772470222,0.5893624208718073,1.11228750226258,1.1119916281760405,1.0946642163185458,0.017623285944034173,0.017327411857494646,0.00029587408653952707,0.6990818362076023,1.112287502262579,0.0,0.0
main,dfl_mlp,2277-01-01,2276-10-01,0.0003871386641079,0.0008603081424619999,0.0011738479844511,0.0046871308912322,0.0540659160055007,0.003744834568351507,0.00022187590686498834,0.014895405428107078,0.0016851755557581783,0.08429350025617405,0.7264640815191338,0.7236399632767089,0.5874604452657046,1.1192335423547977,1.1187700237437066,1.0964190682846744,0.02281447407012327,0.022350955459032207,0.00046351861109106274,0.7264640815191338,1.1192335423547974,0.0,0.0
main,dfl_mlp,2277-04-01,2277-01-01,0.0005643640329615,0.00125414229547,0.0013256421514281,0.0052920339582901,0.0571311560230134,0.0022472475189715623,0.00013063660548718535,0.008958734717404493,0.0010112613835372031,0.07093663781625625,0.7097457653461616,0.7073713497826997,0.6416857373423408,1.1152317387530741,1.1148462372858454,1.1041817603673092,0.011049978385764936,0.010664476918536225,0.0003855014672287105,0.7097457653461616,1.115231738753074,0.0,0.0
main,dfl_mlp,2277-07-01,2277-04-01,0.0005440499420967,0.001208999871326,0.0012381394448811,0.0049433674336827,0.0554017725222847,0.003403901495039463,0.0003287021472820262,0.013546244331418822,0.0015317556727677583,0.08183023948465044,0.7186705073627463,0.71646531979461,0.5969028939035255,1.1168267187577683,1.1164682445680087,1.0970322363271365,0.019794482430631755,0.019436008240872216,0.00035847418975953893,0.7186705073627463,1.116826718757768,0.0,0.0
main,dfl_mlp,2277-10-01,2277-07-01,0.0009578129298767,0.002128473177503778,0.0016831734121013,0.006715714278179,0.0633095003161825,0.0024754400365054607,0.0002257855161761086,0.00986505396426507,0.0011139480164274573,0.07349345676491495,0.6781163744433298,0.6765494857894092,0.6306894625377377,1.1074284645924501,1.1071802351607152,1.0999150044867836,0.007513460105666558,0.007265230673931589,0.0002482294317349698,0.6781163744433298,1.1074284645924497,0.0,0.0
main,dfl_mlp,2278-01-01,2277-10-01,0.0005131370996389,0.0011403046658642222,0.0012560436447923,0.0050147166292219,0.0557636916970538,0.003944421373307705,0.00036278025246021684,0.015684579967832235,0.0017749896179884673,0.08562701029839734,0.7169649653980104,0.7145442703040663,0.5824413010923657,1.1167711009579953,1.1163768456668086,1.094861416183993,0.021909684774002347,0.021515429482815707,0.0003942552911866404,0.7169649653980104,1.116771100957995,0.0,0.0
main,dfl_mlp,2278-04-01,2278-01-01,0.0006096686923908,0.001354819316424,0.0013337135373671,0.0053241908851006,0.0572858276600308,0.0031962692737579346,0.00019220378263603988,0.012723910781142656,0.0014383211731910706,0.08019680384235228,0.7087398425443396,0.7065684267432,0.6032924921292346,1.1147473286169562,1.114395769204686,1.0976750532296553,0.01707227538730094,0.016720715975030664,0.00035155941227027476,0.7087398425443396,1.1147473286169562,0.0,0.0
main,dfl_mlp,2278-07-01,2278-04-01,0.0006405398400984,0.0014234218668853333,0.0016645105833094,0.0066414371994117,0.0630174723834338,0.0032056923024356364,0.0003232020609023249,0.012761242098024539,0.0014425615360960365,0.0802733731396454,0.6809298176047017,0.6779510641911495,0.6029906098935287,1.1100345825927225,1.109553232121597,1.0974400273736924,0.012594555219030079,0.012113204747904671,0.00048135047112540796,0.6809298176047015,1.1100345825927218,0.0,0.0
main,dfl_mlp,2278-10-01,2278-07-01,0.0006957923823664,0.0015462052941475556,0.0013573100354063,0.0054181963972755,0.0577335126956668,0.00397332226857543,0.00021028209735592638,0.015798815997924542,0.0017879950208589434,0.08581418144298233,0.7060685556099563,0.7042538690617328,0.5817418546582103,1.1137067461182542,1.1134145052289188,1.0936849160728306,0.020021830045423572,0.019729589156088245,0.00029224088933532677,0.7060685556099563,1.113706746118254,0.0,0.0
main,dfl_mlp,2279-01-01,2278-10-01,0.0003595997335844,0.0007991105190764444,0.0011809482885954,0.0047154319072599,0.054216316358375,0.0032226536888629196,0.00029766696574184666,0.012828435542241223,0.001450194159988314,0.08041059056381258,0.7258162438650089,0.7228255036957951,0.6024502044109161,1.1193270956900707,1.1188354060353227,1.0990452250109937,0.020281870679077052,0.019790181024329057,0.0004916896547479954,0.7258162438650089,1.11932709569007,0.0,0.0
main,dfl_mlp,2279-04-01,2279-01-01,0.0005217276890008,0.0011593948644462223,0.0011444241827533,0.0045698444844775,0.0534347708192646,0.002705596247687936,0.00014370237124104436,0.010778542653407941,0.0012175183114595711,0.0758364773585397,0.72909414228039,0.7270765525236141,0.6208873302527236,1.1186839298839457,1.1183555011292188,1.1010697303630312,0.017614199520914475,0.017285770766187536,0.00032842875472693933,0.7290941422803894,1.1186839298839453,0.0,0.0
main,dfl_mlp,2279-07-01,2279-04-01,0.0003952191772706,0.000878264838379111,0.0010981005035564,0.0043851723609434,0.0524144888759031,0.002733216993510723,0.0003566690627490376,0.010888126741151471,0.0012299476470798254,0.07610351704980496,0.7352416332289582,0.7326970252032573,0.6197861207065638,1.1206147784486666,1.1201973410792525,1.101674554671609,0.01894022377705773,0.0185227864076436,0.0004174373694141309,0.7352416332289579,1.1206147784486662,0.0,0.0
main,dfl_mlp,2279-10-01,2279-07-01,0.0005925575159083,0.001316794479796222,0.001129240316915,0.004509315923829,0.0531040002196695,0.0025724791921675205,0.0003188085893727909,0.010250278924771372,0.0011576156364753842,0.07450797026852256,0.7304785482288565,0.7288898079233592,0.626413912523957,1.11839189056282,1.1181343963915844,1.1015256745846689,0.01686621597815119,0.016608721806915527,0.00025749417123566154,0.7304785482288565,1.1183918905628194,0.0,0.0
