refit_step,test_date,train_end_date,n_train,ref0_alpha_hat_mean,ref1_alpha_hat_mean,ref2_alpha_hat_mean,ref3_alpha_hat_mean,ref4_alpha_hat_mean,ref5_alpha_hat_mean,ref6_alpha_hat_mean,ref7_alpha_hat_mean,ref8_alpha_hat_mean,ref9_alpha_hat_mean,ref10_alpha_hat_mean,ref11_alpha_hat_mean,ref12_alpha_hat_mean,ref13_alpha_hat_mean,ref14_alpha_hat_mean,ref15_alpha_hat_mean,ref16_alpha_hat_mean,ref17_alpha_hat_mean,ref18_alpha_hat_mean,ref19_alpha_hat_mean,ref20_alpha_hat_mean,ref21_alpha_hat_mean,ref22_alpha_hat_mean,ref23_alpha_hat_mean,ref24_alpha_hat_mean,ref25_alpha_hat_mean,ref26_alpha_hat_mean,ref27_alpha_hat_mean,ref28_alpha_hat_mean,ref29_alpha_hat_mean,ref30_alpha_hat_mean,ref31_alpha_hat_mean,ref32_alpha_hat_mean,ref33_alpha_hat_mean,ref34_alpha_hat_mean,ref35_alpha_hat_mean,ref36_alpha_hat_mean,ref37_alpha_hat_mean,ref38_alpha_hat_mean,ref39_alpha_hat_mean,ref40_alpha_hat_mean,ref41_alpha_hat_mean,ref42_alpha_hat_mean,ref43_alpha_hat_mean,ref44_alpha_hat_mean,ref45_alpha_hat_mean,ref46_alpha_hat_mean,ref47_alpha_hat_mean,ref48_alpha_hat_mean,ref49_alpha_hat_mean,ref50_alpha_hat_mean,ref51_alpha_hat_mean,ref52_alpha_hat_mean,ref53_alpha_hat_mean,ref54_alpha_hat_mean,ref55_alpha_hat_mean,ref56_alpha_hat_mean,ref57_alpha_hat_mean,ref58_alpha_hat_mean,ref59_alpha_hat_mean,ref60_alpha_hat_mean,ref61_alpha_hat_mean,ref62_alpha_hat_mean,ref63_alpha_hat_mean,ref64_alpha_hat_mean,ref65_alpha_hat_mean,ref66_alpha_hat_mean,ref67_alpha_hat_mean,ref68_alpha_hat_mean,ref69_alpha_hat_mean,ref70_alpha_hat_mean,ref71_alpha_hat_mean,ref72_alpha_hat_mean,ref73_alpha_hat_mean,ref74_alpha_hat_mean,ref75_alpha_hat_mean,ref76_alpha_hat_mean,ref77_alpha_hat_mean,ref78_alpha_hat_mean,ref79_alpha_hat_mean,ref80_alpha_hat_mean,ref81_alpha_hat_mean,ref82_alpha_hat_mean,ref83_alpha_hat_mean,ref84_alpha_hat_mean,ref85_alpha_hat_mean,ref86_alpha_hat_mean,ref87_alpha_hat_mean,ref88_alpha_hat_mean,ref89_alpha_hat_mean,ref90_alpha_hat_mean,ref91_alpha_hat_mean,ref92_alpha_hat_mean,ref93_alpha_hat_mean,ref94_alpha_hat_mean,ref95_alpha_hat_mean,ref96_alpha_hat_mean,ref97_alpha_hat_mean,ref98_alpha_hat_mean,ref99_alpha_hat_mean,ref100_alpha_hat_mean,ref101_alpha_hat_mean,ref102_alpha_hat_mean,ref103_alpha_hat_mean,ref104_alpha_hat_mean,ref105_alpha_hat_mean,ref106_alpha_hat_mean,ref107_alpha_hat_mean,ref108_alpha_hat_mean,ref109_alpha_hat_mean,ref110_alpha_hat_mean,ref111_alpha_hat_mean,ref112_alpha_hat_mean,ref113_alpha_hat_mean,ref114_alpha_hat_mean,ref115_alpha_hat_mean,ref116_alpha_hat_mean,ref117_alpha_hat_mean,ref118_alpha_hat_mean,ref119_alpha_hat_mean,ref120_alpha_hat_mean,ref121_alpha_hat_mean,ref122_alpha_hat_mean,ref123_alpha_hat_mean,ref124_alpha_hat_mean,ref125_alpha_hat_mean,ref126_alpha_hat_mean,ref127_alpha_hat_mean,ref128_alpha_hat_mean,ref129_alpha_hat_mean,ref130_alpha_hat_mean,ref131_alpha_hat_mean,ref132_alpha_hat_mean,ref133_alpha_hat_mean,ref134_alpha_hat_mean,ref135_alpha_hat_mean,ref136_alpha_hat_mean,ref137_alpha_hat_mean,ref138_alpha_hat_mean,ref139_alpha_hat_mean,ref140_alpha_hat_mean,ref141_alpha_hat_mean
0,2006-01-01,2005-07-01,61,0.4754009246826172,0.32942521572113037,0.3931856155395508,0.4638378620147705,0.39483290910720825,0.4372575283050537,0.5296388268470764,0.4759711027145386,0.5288922190666199,0.506281316280365,0.44774317741394043,0.5096591711044312,0.4860121011734009,0.5996589660644531,0.5951232314109802,0.6585992574691772,0.600483775138855,0.6114187836647034,0.5640362501144409,0.591410219669342,0.6072546243667603,0.5335394740104675,0.6112886667251587,0.6377478241920471,0.5979456901550293,0.6283372044563293,0.624348521232605,0.6607878804206848,0.6805420517921448,0.6599037051200867,0.6535075306892395,0.5988321304321289,0.6344428658485413,0.5887152552604675,0.5357096791267395,0.5533906817436218,0.5722422003746033,0.5871052742004395,0.5873417258262634,0.5532762408256531,0.4256543517112732,0.3976883888244629,0.42031988501548767,0.43002161383628845,0.3749612271785736,0.3374447226524353,0.4548249840736389,0.4170319736003876,0.33437246084213257,0.28193333745002747,0.43881699442863464,0.4489496350288391,0.624255895614624,0.6270169615745544,0.5921877026557922,0.6700440645217896,0.716059684753418,0.6930805444717407,0.6642003655433655,0.6898025870323181,0.7250608205795288,0.6459333896636963,0.65282142162323,0.565182089805603,0.52504563331604,0.539821982383728,0.5361211895942688,0.5288890600204468,0.43940356373786926,0.4774112403392792,0.3161159157752991,0.3586026430130005,0.19875836372375488,0.07870758324861526,0.13568130135536194,0.1373729556798935,0.23165476322174072,0.3901326060295105,0.34390461444854736,0.4208183288574219,0.4623934030532837,0.39020586013793945,0.3485408127307892,0.430464506149292,0.5171476602554321,0.5488213896751404,0.46778547763824463,0.42985036969184875,0.4697650671005249,0.5780484676361084,0.45601701736450195,0.5475601553916931,0.606842041015625,0.5795897245407104,0.5744922161102295,0.7191018462181091,0.6747006177902222,0.5598287582397461,0.5821338295936584,0.5937876105308533,0.5108495354652405,0.41952016949653625,0.4181755483150482,0.5224374532699585,0.5611512660980225,0.5473974943161011,0.5645244121551514,0.5970637202262878,0.6006855964660645,0.6088799834251404,0.6712595224380493,0.6245795488357544,0.577750563621521,0.4973360002040863,0.539992094039917,0.5626122951507568,0.5748336911201477,0.5576393604278564,0.4491344392299652,0.4153648912906647,0.9300036430358887,0.7070833444595337,0.9089667797088623,0.7917124032974243,0.8326476812362671,0.8318401575088501,0.7273707985877991,0.8511744141578674,0.6839278936386108,0.538006603717804,0.6340291500091553,0.6334965229034424,0.6297265887260437,0.5315411686897278,0.5707107186317444,0.6442545652389526,0.5439722537994385,0.563361406326294,0.5408529043197632,0.6101472973823547,0.5690696835517883,0.5167258977890015
1,2006-04-01,2005-10-01,62,0.4985390901565552,0.3703239858150482,0.40827494859695435,0.467049241065979,0.4065769612789154,0.43366336822509766,0.5177677869796753,0.4822479784488678,0.5242003798484802,0.5106424689292908,0.4635429084300995,0.5137696266174316,0.4944857060909271,0.600469172000885,0.5999099612236023,0.6615812182426453,0.6151726841926575,0.6242672801017761,0.5808893442153931,0.5998008251190186,0.6071587204933167,0.5461796522140503,0.6166602969169617,0.6472378373146057,0.6096055507659912,0.638292670249939,0.6330780982971191,0.6613205075263977,0.6776548624038696,0.6603497862815857,0.6453534960746765,0.6018245816230774,0.6344594359397888,0.58754962682724,0.5376659631729126,0.5594277381896973,0.5717341303825378,0.5861685276031494,0.5864956974983215,0.5500175356864929,0.4333653151988983,0.4097757637500763,0.4226124882698059,0.43337690830230713,0.36992743611335754,0.3424514830112457,0.43464741110801697,0.40695178508758545,0.3300215005874634,0.2820751965045929,0.4394770562648773,0.4310453534126282,0.5979390740394592,0.6003068089485168,0.5843751430511475,0.6517844796180725,0.6888251900672913,0.6796886324882507,0.6603261828422546,0.6739128232002258,0.7155773043632507,0.6406025886535645,0.6436657905578613,0.5788217782974243,0.5440091490745544,0.5383718013763428,0.5542565584182739,0.5517084002494812,0.4755677580833435,0.505778431892395,0.3488849401473999,0.39392611384391785,0.25311753153800964,0.08929965645074844,0.1438494622707367,0.15651804208755493,0.26117414236068726,0.39527326822280884,0.35420629382133484,0.42062777280807495,0.45199254155158997,0.4029446840286255,0.3861148953437805,0.46190568804740906,0.5232608914375305,0.5518820881843567,0.4809908866882324,0.443056583404541,0.47469258308410645,0.5717608332633972,0.48335757851600647,0.5383648872375488,0.6010881066322327,0.5809984803199768,0.5791240334510803,0.702871561050415,0.6634681820869446,0.5561156868934631,0.5705205798149109,0.5910269021987915,0.5109308958053589,0.4257882833480835,0.42073607444763184,0.5227415561676025,0.552951455116272,0.5499163866043091,0.5684089660644531,0.5827236175537109,0.5960214734077454,0.6122512817382812,0.6696955561637878,0.6210607290267944,0.5789762139320374,0.5143954157829285,0.5408468246459961,0.5652571320533752,0.5720256567001343,0.5639507174491882,0.46597450971603394,0.4084438681602478,0.9193344712257385,0.7056851387023926,0.8775597810745239,0.7901240587234497,0.8127419352531433,0.8238318562507629,0.7343019247055054,0.8333218097686768,0.6837524771690369,0.5692814588546753,0.6365146040916443,0.6231829524040222,0.6316921710968018,0.5500497817993164,0.5784608721733093,0.6390366554260254,0.5525363087654114,0.5781921744346619,0.558674693107605,0.6094635725021362,0.5793380737304688,0.5357602834701538
2,2006-07-01,2006-01-01,63,0.5223612189292908,0.40003329515457153,0.43173831701278687,0.49406033754348755,0.4424078166484833,0.45818811655044556,0.5285061001777649,0.503940224647522,0.5402329564094543,0.5269274711608887,0.4818115532398224,0.5218433737754822,0.5036202669143677,0.6008961200714111,0.5996110439300537,0.6593843102455139,0.6140648126602173,0.6207483410835266,0.580713152885437,0.5988494157791138,0.6062895059585571,0.5517967343330383,0.6147205233573914,0.6477475762367249,0.6103622913360596,0.6371389031410217,0.6328884363174438,0.659727931022644,0.676049530506134,0.658966064453125,0.6390612125396729,0.5977193117141724,0.6342641711235046,0.6007988452911377,0.5442730784416199,0.5692251920700073,0.5762612819671631,0.5906798243522644,0.5869059562683105,0.5625540614128113,0.45113372802734375,0.44095301628112793,0.4484049379825592,0.4637565314769745,0.38839247822761536,0.3906128704547882,0.4580612778663635,0.4389699697494507,0.3740873336791992,0.3109126389026642,0.466704785823822,0.4439542889595032,0.5934764742851257,0.606501042842865,0.5821219682693481,0.6407696008682251,0.6789646148681641,0.665361762046814,0.6646254062652588,0.661444902420044,0.6966139078140259,0.6328904032707214,0.6314567923545837,0.5762825012207031,0.5453519821166992,0.5425976514816284,0.5543844103813171,0.5531293153762817,0.4895224869251251,0.5190795660018921,0.37192028760910034,0.4016149640083313,0.28607526421546936,0.11732117086648941,0.17325572669506073,0.18011386692523956,0.3079875409603119,0.42730069160461426,0.3867930769920349,0.4423654079437256,0.472250372171402,0.41493985056877136,0.3951171934604645,0.47048941254615784,0.5282104015350342,0.560439944267273,0.4829256534576416,0.45034852623939514,0.4839669167995453,0.5539131760597229,0.5191944241523743,0.5365235805511475,0.5968261957168579,0.5841840505599976,0.5729520916938782,0.6929587125778198,0.6558595895767212,0.5555956363677979,0.5643376111984253,0.5822732448577881,0.5138092637062073,0.43358227610588074,0.43269920349121094,0.5293585062026978,0.5556969046592712,0.5462769269943237,0.5637356638908386,0.5859494209289551,0.5914713740348816,0.6111957430839539,0.6600515842437744,0.6183319687843323,0.5755057334899902,0.5148576498031616,0.5360002517700195,0.564114511013031,0.5704583525657654,0.5609843730926514,0.46957284212112427,0.3334304988384247,0.9308175444602966,0.7232969999313354,0.8252007365226746,0.8123230934143066,0.7995254397392273,0.8111895322799683,0.7319291830062866,0.8201717138290405,0.6703009605407715,0.5685975551605225,0.6253190636634827,0.627412736415863,0.6397382616996765,0.5570878386497498,0.5762816071510315,0.6434152126312256,0.5599408149719238,0.577953577041626,0.5669841766357422,0.6180409789085388,0.586338222026825,0.5446822643280029
3,2006-10-01,2006-04-01,64,0.5034525990486145,0.3149045705795288,0.4337155222892761,0.5498906970024109,0.46973544359207153,0.5251364707946777,0.6674001216888428,0.5586522221565247,0.5759261250495911,0.540881335735321,0.4444943368434906,0.5070025324821472,0.4627978801727295,0.5970873832702637,0.5783631205558777,0.6558448076248169,0.5645021200180054,0.6107383966445923,0.5317229628562927,0.5421160459518433,0.5907448530197144,0.5052873492240906,0.5957190990447998,0.6327515840530396,0.5762795805931091,0.5962666273117065,0.5980729460716248,0.6578495502471924,0.6784657835960388,0.6606568098068237,0.6803152561187744,0.6015661954879761,0.638658881187439,0.5861286520957947,0.5246809124946594,0.5109555721282959,0.5640922784805298,0.6024436950683594,0.6036933660507202,0.5840210318565369,0.4377005994319916,0.4153333008289337,0.4345754086971283,0.43932652473449707,0.4502144455909729,0.3155757188796997,0.5722588896751404,0.4704703092575073,0.3898983299732208,0.3173503279685974,0.4457534849643707,0.5109307765960693,0.6885285377502441,0.6285176873207092,0.5642586946487427,0.6621031761169434,0.694654107093811,0.6705421805381775,0.5659295320510864,0.6537328362464905,0.6769996881484985,0.6066577434539795,0.6599873304367065,0.5026237368583679,0.45663994550704956,0.5351667404174805,0.4904542565345764,0.48035144805908203,0.40065279603004456,0.4388294816017151,0.2799224853515625,0.3873479962348938,0.14343872666358948,0.0914243534207344,0.15361317992210388,0.1784195750951767,0.25413599610328674,0.47833922505378723,0.42141327261924744,0.5373314619064331,0.5220306515693665,0.41173726320266724,0.35675281286239624,0.4065064489841461,0.49708256125450134,0.5351516604423523,0.4701705574989319,0.3951296806335449,0.3789791464805603,0.5955146551132202,0.2794162333011627,0.5009616613388062,0.5571674108505249,0.5212147831916809,0.521503210067749,0.7018953561782837,0.6475222706794739,0.5306695103645325,0.5668612718582153,0.5263491272926331,0.44138893485069275,0.3587469160556793,0.37603068351745605,0.4366697669029236,0.5082582235336304,0.4900478720664978,0.5198348760604858,0.5545893907546997,0.5559020638465881,0.5556504130363464,0.6389808058738708,0.5740711688995361,0.528516411781311,0.4423470199108124,0.5096791386604309,0.48738208413124084,0.5338720679283142,0.4992206394672394,0.3780524730682373,0.6582090258598328,0.9242296814918518,0.6078650951385498,0.9744623899459839,0.5152382850646973,0.7547627687454224,0.7570582628250122,0.5245509147644043,0.7806366086006165,0.6557324528694153,0.4977688789367676,0.6629310846328735,0.614477276802063,0.6069487929344177,0.5158611536026001,0.5509236454963684,0.6279520392417908,0.5246911644935608,0.5360674262046814,0.49722740054130554,0.598730742931366,0.5433174967765808,0.4598996937274933
4,2007-01-01,2006-07-01,65,0.5094428062438965,0.31864842772483826,0.4388445317745209,0.5604649782180786,0.4818176329135895,0.534058690071106,0.6787580847740173,0.5718801021575928,0.5841608047485352,0.5495856404304504,0.45257899165153503,0.5125060081481934,0.4677831828594208,0.6032112836837769,0.5842323303222656,0.662173330783844,0.5701640248298645,0.6186444759368896,0.53717041015625,0.5436938405036926,0.5941373705863953,0.5095928907394409,0.5992371439933777,0.6391913294792175,0.5812662243843079,0.5998669862747192,0.6019501686096191,0.6617919206619263,0.6815956830978394,0.6634885668754578,0.6837077140808105,0.6047545075416565,0.6393211483955383,0.586323618888855,0.5252633690834045,0.5100969672203064,0.5645238161087036,0.6053751707077026,0.6050878763198853,0.5851277709007263,0.4382706880569458,0.4151081144809723,0.4321352243423462,0.43853336572647095,0.45305389165878296,0.31429579854011536,0.5797324776649475,0.4749647080898285,0.390697717666626,0.3181284964084625,0.4466281235218048,0.5154653787612915,0.6934250593185425,0.6288534998893738,0.5657888054847717,0.6628015637397766,0.6920711398124695,0.671695351600647,0.5636965036392212,0.6519614458084106,0.6743028163909912,0.6067429780960083,0.6633511781692505,0.5038429498672485,0.45799896121025085,0.5392996668815613,0.49450525641441345,0.4849318265914917,0.4055604040622711,0.44192785024642944,0.281532347202301,0.39635559916496277,0.14497871696949005,0.0904381200671196,0.15120916068553925,0.18445874750614166,0.26546725630760193,0.49275854229927063,0.43726417422294617,0.5528284311294556,0.5302013754844666,0.42139503359794617,0.3701271712779999,0.4164620339870453,0.5002580285072327,0.5383000373840332,0.4789959490299225,0.3999926745891571,0.3777647316455841,0.6011821031570435,0.2767302691936493,0.5022830367088318,0.5583235025405884,0.5234469175338745,0.5244983434677124,0.7038794159889221,0.6495171189308167,0.5333467721939087,0.5679892897605896,0.5238705277442932,0.43867066502571106,0.35684308409690857,0.37425318360328674,0.4327342212200165,0.5069801807403564,0.4905089735984802,0.521825909614563,0.5543735027313232,0.5559115409851074,0.5579506754875183,0.6396069526672363,0.5735647678375244,0.5292963981628418,0.44283226132392883,0.5092613697052002,0.48384565114974976,0.533065140247345,0.4986962080001831,0.3733040690422058,0.6676208972930908,0.9255871176719666,0.6041336059570312,0.9760448932647705,0.4951655864715576,0.7460147738456726,0.7512478828430176,0.5098738074302673,0.7695590853691101,0.6537299752235413,0.5004684329032898,0.6666435599327087,0.6119182109832764,0.6073078513145447,0.5199453234672546,0.5523537993431091,0.6284675598144531,0.5264536142349243,0.5388962030410767,0.49984508752822876,0.5993760228157043,0.546597421169281,0.46114853024482727
5,2007-04-01,2006-10-01,66,0.5189034938812256,0.3735853135585785,0.4575103521347046,0.5221126675605774,0.4486615061759949,0.4845738410949707,0.5844211578369141,0.5012313723564148,0.5324407815933228,0.5025543570518494,0.4413633942604065,0.49793025851249695,0.47476470470428467,0.5704962611198425,0.5715955495834351,0.6405331492424011,0.5793267488479614,0.6064847111701965,0.5638032555580139,0.5834618210792542,0.603100597858429,0.5350334644317627,0.6024577021598816,0.622262716293335,0.5920802354812622,0.6108879446983337,0.6125839948654175,0.6582286953926086,0.671376645565033,0.6557363271713257,0.6651341319084167,0.608646035194397,0.6398806571960449,0.5779358148574829,0.5288888216018677,0.5359344482421875,0.5641489028930664,0.5835322141647339,0.6009839773178101,0.569278359413147,0.4617884159088135,0.44476887583732605,0.45733386278152466,0.4553133249282837,0.4249196946620941,0.34939655661582947,0.4834774136543274,0.418369323015213,0.3593520224094391,0.2903798222541809,0.41608384251594543,0.45798373222351074,0.5959551930427551,0.586615264415741,0.5412923693656921,0.6259270310401917,0.6695683002471924,0.6390129923820496,0.6070917248725891,0.6569274067878723,0.6839577555656433,0.6167406439781189,0.6425942778587341,0.5465177893638611,0.511354386806488,0.5615376234054565,0.5246710181236267,0.5122659802436829,0.448898047208786,0.4667205810546875,0.3084327280521393,0.36091476678848267,0.19816668331623077,0.11574524641036987,0.17215827107429504,0.158479243516922,0.23326289653778076,0.3900614380836487,0.3554065525531769,0.4364866316318512,0.4509170353412628,0.36458897590637207,0.32696494460105896,0.3855303227901459,0.46897801756858826,0.49930110573768616,0.42211398482322693,0.3837755620479584,0.40338820219039917,0.5355585217475891,0.3641911447048187,0.49362796545028687,0.5393169522285461,0.5148025751113892,0.5153982639312744,0.660160481929779,0.6220913529396057,0.5219548344612122,0.5599876642227173,0.5366424918174744,0.452467679977417,0.38529103994369507,0.3884339928627014,0.4619385302066803,0.5101518034934998,0.49465179443359375,0.5206299424171448,0.5530215501785278,0.5643211603164673,0.558483362197876,0.6367746591567993,0.5871192812919617,0.5463936924934387,0.4790414571762085,0.5280089378356934,0.5258905291557312,0.5479702353477478,0.5251709222793579,0.44147205352783203,0.6053187251091003,0.8744686245918274,0.6350261569023132,0.9127859473228455,0.6565998196601868,0.7624794840812683,0.7562172412872314,0.6186679601669312,0.7891286015510559,0.6496942043304443,0.5292373895645142,0.6432006359100342,0.6334652900695801,0.6317538022994995,0.5474281907081604,0.5844832062721252,0.6489192843437195,0.5643449425697327,0.5703821182250977,0.5363925695419312,0.6115294694900513,0.5611063838005066,0.5124340653419495
6,2007-07-01,2007-01-01,67,0.5044093132019043,0.39233607053756714,0.441951721906662,0.491349995136261,0.4312155246734619,0.44404053688049316,0.5274854898452759,0.48112353682518005,0.5085986852645874,0.49327483773231506,0.45902085304260254,0.5001510381698608,0.4907936751842499,0.5727742314338684,0.5837056636810303,0.6456065773963928,0.6012040376663208,0.6227807998657227,0.5860667824745178,0.5939479470252991,0.6032440662384033,0.5523200035095215,0.6054700016975403,0.631901741027832,0.6091471314430237,0.624645471572876,0.6262896060943604,0.6602727174758911,0.6668006777763367,0.652686357498169,0.6508050560951233,0.6126436591148376,0.6319589614868164,0.5754142999649048,0.5371020436286926,0.5501123666763306,0.563022255897522,0.5790652632713318,0.5875260829925537,0.5501819252967834,0.45618218183517456,0.440402090549469,0.4395466446876526,0.4483470916748047,0.4018608033657074,0.3620395362377167,0.4405458867549896,0.3962942361831665,0.33571577072143555,0.28159964084625244,0.4132375717163086,0.4365560710430145,0.557950496673584,0.5629583597183228,0.5475962162017822,0.6126976609230042,0.6453754901885986,0.6336876153945923,0.6296298503875732,0.6478205323219299,0.6755912899971008,0.6185382008552551,0.635506808757782,0.5749741196632385,0.5457661747932434,0.5736922025680542,0.5563703775405884,0.5493927597999573,0.49953028559684753,0.5022510290145874,0.35415107011795044,0.40093204379081726,0.27108219265937805,0.1343870759010315,0.17346151173114777,0.17123480141162872,0.2592441737651825,0.3713020086288452,0.3543168604373932,0.4153572916984558,0.42377519607543945,0.3734939396381378,0.3716798424720764,0.42614293098449707,0.47609812021255493,0.5050472617149353,0.44827449321746826,0.418514609336853,0.4346565008163452,0.533077597618103,0.4414462447166443,0.5096948146820068,0.5537827014923096,0.5434695482254028,0.546055018901825,0.6571637988090515,0.6309064030647278,0.5489118695259094,0.5753926634788513,0.5602457523345947,0.485866516828537,0.42736780643463135,0.4214588403701782,0.49237415194511414,0.530051589012146,0.5289834141731262,0.5529530048370361,0.5681818127632141,0.5848446488380432,0.5917210578918457,0.6513887047767639,0.6078104376792908,0.5771088004112244,0.5253564715385437,0.5501601696014404,0.5550236701965332,0.5705115795135498,0.5600296854972839,0.4849051535129547,0.5150766968727112,0.851019561290741,0.6515941023826599,0.8485524654388428,0.696822464466095,0.7472755908966064,0.7588719725608826,0.6630111932754517,0.766923189163208,0.6567098498344421,0.5768212080001831,0.6412968635559082,0.6216455101966858,0.6341918706893921,0.572146475315094,0.5930985808372498,0.6422489881515503,0.577429473400116,0.5918945670127869,0.5657911896705627,0.6126826405525208,0.5803406238555908,0.5468701720237732
7,2007-10-01,2007-04-01,68,0.506868302822113,0.39265045523643494,0.44032856822013855,0.49027952551841736,0.42979729175567627,0.4398670494556427,0.5287716388702393,0.4768795967102051,0.49863728880882263,0.48534196615219116,0.4527970552444458,0.4918650984764099,0.48263946175575256,0.5668026804924011,0.5787931084632874,0.6431155800819397,0.6002398133277893,0.6254847645759583,0.5885757207870483,0.5908119678497314,0.601346492767334,0.5515214204788208,0.6060162782669067,0.6333675384521484,0.6110552549362183,0.6242579817771912,0.6264844536781311,0.6617230176925659,0.6677463054656982,0.6537837386131287,0.6560019254684448,0.6190831065177917,0.6318210959434509,0.5732876062393188,0.5385950207710266,0.549869954586029,0.56451815366745,0.5837921500205994,0.5927082300186157,0.5515598654747009,0.45912376046180725,0.4383513927459717,0.43737268447875977,0.4458329975605011,0.40479519963264465,0.3512842059135437,0.4417737126350403,0.38952526450157166,0.32115858793258667,0.271892249584198,0.4027383029460907,0.4349101185798645,0.5583344101905823,0.5542231798171997,0.5436862707138062,0.608970046043396,0.6370017528533936,0.6323615312576294,0.6207546591758728,0.6442611813545227,0.6750712990760803,0.6184574365615845,0.6413540840148926,0.5784878134727478,0.5495494604110718,0.5813844799995422,0.5651216506958008,0.5579389929771423,0.5056240558624268,0.5045942664146423,0.3525373339653015,0.4138447642326355,0.2689817547798157,0.12257314473390579,0.1568567305803299,0.1643918752670288,0.2483997941017151,0.35782602429389954,0.3419230282306671,0.4034319818019867,0.4037139415740967,0.36018291115760803,0.36767807602882385,0.41420790553092957,0.4523938000202179,0.4822104871273041,0.4401082694530487,0.4051143527030945,0.41413143277168274,0.5270302891731262,0.412560373544693,0.4950130581855774,0.5390392541885376,0.5304592251777649,0.538946270942688,0.6503363251686096,0.6251505613327026,0.5448778867721558,0.5737694501876831,0.5552074909210205,0.4777076840400696,0.42304104566574097,0.4154992401599884,0.48602747917175293,0.5275841951370239,0.532224714756012,0.5584132075309753,0.5673291087150574,0.5883243680000305,0.5964016318321228,0.6564748287200928,0.6102217435836792,0.5831688046455383,0.5306984782218933,0.5574246644973755,0.5578271746635437,0.5767766237258911,0.5690557360649109,0.4865593910217285,0.5234185457229614,0.8280447721481323,0.6314280033111572,0.8641358017921448,0.6559977531433105,0.7334855794906616,0.7532332539558411,0.6498615145683289,0.756802499294281,0.6639716029167175,0.5915823578834534,0.6580431461334229,0.6258684396743774,0.6415184140205383,0.5849217176437378,0.603516697883606,0.6462728381156921,0.5834126472473145,0.6012713313102722,0.5719605684280396,0.6147704720497131,0.5861679911613464,0.5512357950210571
8,2008-01-01,2007-07-01,69,0.5055444240570068,0.41324231028556824,0.45595791935920715,0.4900118112564087,0.4310506582260132,0.43917611241340637,0.5252981781959534,0.47698459029197693,0.49953538179397583,0.48877426981925964,0.46542462706565857,0.5010521411895752,0.4957808554172516,0.5659873485565186,0.584701418876648,0.6425471305847168,0.6045854687690735,0.6271596550941467,0.5930711627006531,0.5933743715286255,0.5992741584777832,0.5565133690834045,0.6053289771080017,0.6292862892150879,0.6148308515548706,0.62445467710495,0.6275418400764465,0.6610584855079651,0.6608784198760986,0.6486220359802246,0.6513645648956299,0.6219455003738403,0.6320340633392334,0.5709139108657837,0.5420834422111511,0.5526725053787231,0.5624984502792358,0.576866090297699,0.5860973000526428,0.541067361831665,0.458236962556839,0.4427425265312195,0.44109997153282166,0.45476943254470825,0.4161798655986786,0.37439894676208496,0.4374968707561493,0.386653333902359,0.32933077216148376,0.2840553820133209,0.4115910828113556,0.4470502436161041,0.5517206788063049,0.5505043864250183,0.5493040680885315,0.6074906587600708,0.62900310754776,0.6244180202484131,0.6221043467521667,0.6382431387901306,0.6670584678649902,0.6121706962585449,0.6334787607192993,0.5839935541152954,0.5573669672012329,0.587581217288971,0.5684754252433777,0.5623739361763,0.5273598432540894,0.5176752209663391,0.37826377153396606,0.4387610852718353,0.31551066040992737,0.16311463713645935,0.1919858455657959,0.19319824874401093,0.2702605724334717,0.3657524287700653,0.35801729559898376,0.41628536581993103,0.4109729826450348,0.378374844789505,0.3983418643474579,0.44042548537254333,0.4701126217842102,0.49705734848976135,0.4564228355884552,0.42779019474983215,0.4331059753894806,0.5333119630813599,0.44118207693099976,0.5096822381019592,0.5497762560844421,0.5453042387962341,0.5547083616256714,0.6473838090896606,0.6305997967720032,0.5612860321998596,0.593384325504303,0.5701240301132202,0.49427464604377747,0.4499865174293518,0.43712273240089417,0.49692460894584656,0.5330674052238464,0.544686496257782,0.5685775876045227,0.5669291019439697,0.5950149297714233,0.597686231136322,0.6580350399017334,0.6113644242286682,0.5884829759597778,0.5490672588348389,0.5694569945335388,0.566426694393158,0.5829830765724182,0.579177975654602,0.5178577899932861,0.5942400693893433,0.7884612679481506,0.6321108341217041,0.8406273126602173,0.6537139415740967,0.7211030721664429,0.7426367402076721,0.6546006798744202,0.7381554841995239,0.6616905927658081,0.60675448179245,0.6534224152565002,0.6155449151992798,0.6342703104019165,0.5911309719085693,0.605378270149231,0.6376465559005737,0.5919016599655151,0.610384464263916,0.5783798694610596,0.617240846157074,0.5902559757232666,0.566860556602478
9,2008-04-01,2007-10-01,70,0.5130070447921753,0.4471515119075775,0.46656519174575806,0.4905674457550049,0.44449907541275024,0.4451666474342346,0.5194322466850281,0.4996181130409241,0.5197572708129883,0.5202950835227966,0.5095207095146179,0.5296982526779175,0.5252773761749268,0.5889318585395813,0.6081998348236084,0.6570020914077759,0.6267404556274414,0.6403709650039673,0.6046504974365234,0.599446177482605,0.6003092527389526,0.5694950819015503,0.6145102381706238,0.6421415209770203,0.6272472739219666,0.6367008686065674,0.6403583288192749,0.6599250435829163,0.6604148745536804,0.6529287695884705,0.6428366303443909,0.6207098364830017,0.6343821287155151,0.5914828181266785,0.5600600242614746,0.5713972449302673,0.5713182687759399,0.5838524103164673,0.5866158604621887,0.5429181456565857,0.469599187374115,0.46467146277427673,0.4616028666496277,0.48085087537765503,0.4398287832736969,0.422194242477417,0.4600391983985901,0.42262017726898193,0.37605518102645874,0.3344157040119171,0.46694400906562805,0.4676280915737152,0.5645055174827576,0.5674057006835938,0.5808439254760742,0.6226423978805542,0.6327843070030212,0.6367108821868896,0.6371614933013916,0.6365990042686462,0.6609686017036438,0.6160537004470825,0.6256771683692932,0.5973614454269409,0.5734400153160095,0.581275463104248,0.5826190710067749,0.5815698504447937,0.5647582411766052,0.559763491153717,0.45434075593948364,0.5089113116264343,0.4203466773033142,0.2474067211151123,0.25888770818710327,0.26301655173301697,0.3486427962779999,0.4160327911376953,0.41405513882637024,0.4636980891227722,0.4523879885673523,0.43813174962997437,0.4822627902030945,0.5176200270652771,0.5366143584251404,0.5593286752700806,0.5241305828094482,0.4965225160121918,0.49273422360420227,0.5751253366470337,0.5241786241531372,0.5534600019454956,0.5971277356147766,0.6009122133255005,0.6100162267684937,0.6739031672477722,0.6602981090545654,0.6053548455238342,0.620151937007904,0.6087894439697266,0.5509455800056458,0.5090669989585876,0.49503466486930847,0.5447039008140564,0.5677285194396973,0.5841001272201538,0.6049976944923401,0.5923540592193604,0.6159884333610535,0.6268924474716187,0.6745161414146423,0.6317184567451477,0.6095386147499084,0.5864472389221191,0.5875905752182007,0.5872675776481628,0.5984207391738892,0.602969229221344,0.5642284750938416,0.5874389410018921,0.8084990978240967,0.6756039261817932,0.8080191016197205,0.6966016888618469,0.724690854549408,0.756859540939331,0.6953601241111755,0.7413365244865417,0.6792021989822388,0.6404545307159424,0.655512809753418,0.6104629039764404,0.6327285170555115,0.6016098856925964,0.6029048562049866,0.6270057559013367,0.5926165580749512,0.6172102093696594,0.6006962060928345,0.6253241300582886,0.6045724749565125,0.5902286171913147
10,2008-07-01,2008-01-01,71,0.5038193464279175,0.44323962926864624,0.468149870634079,0.4930221438407898,0.44648268818855286,0.44716471433639526,0.5228359699249268,0.5029709339141846,0.5258957147598267,0.5258116126060486,0.5175339579582214,0.5374146699905396,0.534323513507843,0.5950273275375366,0.6140965223312378,0.6603573560714722,0.6290457248687744,0.6426985859870911,0.606303870677948,0.6004930734634399,0.6032304763793945,0.573111355304718,0.6154123544692993,0.6427130699157715,0.6285285353660583,0.6368932723999023,0.6404311656951904,0.6605567336082458,0.658873438835144,0.6502838134765625,0.6430102586746216,0.6213984489440918,0.633188784122467,0.5927228331565857,0.5627977252006531,0.5721632838249207,0.5718936324119568,0.5836445093154907,0.5840539336204529,0.5426278114318848,0.47087204456329346,0.4668142795562744,0.46245551109313965,0.48465362191200256,0.44690075516700745,0.4329114258289337,0.4681280851364136,0.4302418529987335,0.38449156284332275,0.3426409661769867,0.4741794466972351,0.478550523519516,0.5697454810142517,0.5728583931922913,0.58698570728302,0.6270696520805359,0.6368969678878784,0.6400489211082458,0.6418269276618958,0.6401270031929016,0.6609309315681458,0.6187192797660828,0.6287437677383423,0.5992785692214966,0.5756489038467407,0.5878815054893494,0.5840696692466736,0.5827035307884216,0.5687928795814514,0.5623259544372559,0.46205487847328186,0.5193201899528503,0.4339956045150757,0.2715577483177185,0.2815689742565155,0.28248077630996704,0.3636826276779175,0.42846590280532837,0.42982128262519836,0.4784347116947174,0.4667142331600189,0.4532310664653778,0.4972386062145233,0.5318621397018433,0.5494272112846375,0.5734989047050476,0.5411202311515808,0.5155203342437744,0.5103282332420349,0.5886791944503784,0.5423049330711365,0.570206880569458,0.6099810600280762,0.6142309308052063,0.6209648251533508,0.6820427179336548,0.6706015467643738,0.619573712348938,0.635377824306488,0.6204982995986938,0.5646129250526428,0.5268195271492004,0.512704074382782,0.5562465190887451,0.5798230767250061,0.5945534110069275,0.6141902804374695,0.602368175983429,0.624695360660553,0.6343352794647217,0.6781201362609863,0.6373380422592163,0.6171865463256836,0.594441831111908,0.5962741374969482,0.5938584208488464,0.6063399910926819,0.6101502776145935,0.5728563070297241,0.611350953578949,0.8111411929130554,0.6819815635681152,0.8079355955123901,0.6978426575660706,0.7249422073364258,0.7554190754890442,0.694456934928894,0.736304759979248,0.6802639961242676,0.6431692242622375,0.6555351614952087,0.6107921004295349,0.63267982006073,0.6034441590309143,0.6030091047286987,0.626435399055481,0.5952972769737244,0.6178981065750122,0.6010955572128296,0.6259316205978394,0.6063987016677856,0.5932640433311462
11,2008-10-01,2008-04-01,72,0.5125316977500916,0.4599124491214752,0.47249606251716614,0.49375832080841064,0.44953441619873047,0.44665971398353577,0.525140643119812,0.5081202387809753,0.526845395565033,0.5310490727424622,0.5257269740104675,0.5411749482154846,0.5366562604904175,0.5993488430976868,0.6170756816864014,0.6628938317298889,0.6355946063995361,0.6490867733955383,0.6113554835319519,0.6008633971214294,0.6020946502685547,0.5758721232414246,0.6192449331283569,0.6487862467765808,0.6320695877075195,0.6406703591346741,0.6424619555473328,0.6589223742485046,0.6567367911338806,0.6491575241088867,0.6402052640914917,0.6221336722373962,0.6323160529136658,0.5930017232894897,0.5642331838607788,0.5731374025344849,0.572769045829773,0.5859301090240479,0.5849600434303284,0.5426589250564575,0.4731367826461792,0.4679999053478241,0.4619561433792114,0.48412108421325684,0.4483179450035095,0.427701860666275,0.4673093259334564,0.42998602986335754,0.3815792500972748,0.34499916434288025,0.4797239303588867,0.47540852427482605,0.5707868933677673,0.5627472996711731,0.5887351632118225,0.6242034435272217,0.6262766718864441,0.6409080028533936,0.6340209245681763,0.6333287358283997,0.6605748534202576,0.6179796457290649,0.6282974481582642,0.6037518978118896,0.5814728140830994,0.5824705958366394,0.5922051668167114,0.5936096906661987,0.5820973515510559,0.5764814019203186,0.48134416341781616,0.5519173741340637,0.4694804847240448,0.27544665336608887,0.28754737973213196,0.3080098032951355,0.3844142556190491,0.4399133026599884,0.43952256441116333,0.4868450462818146,0.46833673119544983,0.4693484604358673,0.5274332165718079,0.5551509857177734,0.5582562685012817,0.5813202261924744,0.5600202679634094,0.5288969874382019,0.5148141980171204,0.6002967357635498,0.544514536857605,0.5696491003036499,0.6131604909896851,0.6184003353118896,0.6283958554267883,0.6809074878692627,0.6702502965927124,0.6204781532287598,0.632586658000946,0.6245834827423096,0.5682076215744019,0.532243549823761,0.5168464779853821,0.5591837763786316,0.5799225568771362,0.6013288497924805,0.6211709380149841,0.5964484214782715,0.624971330165863,0.6388020515441895,0.6803688406944275,0.6357496976852417,0.6181872487068176,0.6013174057006836,0.5989086031913757,0.5951344966888428,0.6066688299179077,0.6152507662773132,0.577861487865448,0.6324049830436707,0.8035291433334351,0.6772356629371643,0.815794825553894,0.6782214641571045,0.713275134563446,0.7550570964813232,0.693729043006897,0.726974368095398,0.6874037384986877,0.6604124307632446,0.6643947958946228,0.6049495935440063,0.6321753859519958,0.6110002398490906,0.6056027412414551,0.6202192306518555,0.5943909287452698,0.6225930452346802,0.6057596206665039,0.622718095779419,0.6100587248802185,0.597636342048645
12,2009-01-01,2008-07-01,73,0.5133492350578308,0.4661657512187958,0.4745906591415405,0.492287814617157,0.44723987579345703,0.44338929653167725,0.5225822329521179,0.5049650073051453,0.5255523324012756,0.5312350392341614,0.5270538926124573,0.5430508255958557,0.5389106869697571,0.6016582250595093,0.6180765628814697,0.6638078689575195,0.6380103826522827,0.6508262157440186,0.61369788646698,0.6031085848808289,0.6030907034873962,0.5787311792373657,0.6216503977775574,0.6513890624046326,0.6338843703269958,0.6433970332145691,0.6429395079612732,0.6596049666404724,0.6557184457778931,0.6479910016059875,0.6392982006072998,0.6239246129989624,0.6351209282875061,0.5965448021888733,0.5670769810676575,0.5771393179893494,0.5766987204551697,0.588941216468811,0.5872642993927002,0.5481656193733215,0.47899648547172546,0.4763118326663971,0.46734264492988586,0.4906759560108185,0.4505276083946228,0.4317411184310913,0.46576714515686035,0.4305971562862396,0.38497689366340637,0.3473398685455322,0.48426583409309387,0.4738048017024994,0.568720281124115,0.559228777885437,0.5897536873817444,0.6238835453987122,0.625319242477417,0.6420800685882568,0.6362764835357666,0.6346378922462463,0.6658902168273926,0.6210981607437134,0.6303640604019165,0.6084674596786499,0.5871345400810242,0.5831735730171204,0.5966273546218872,0.5993263721466064,0.5903841853141785,0.5854234099388123,0.4915352761745453,0.5662974119186401,0.49307140707969666,0.2842433750629425,0.3010193407535553,0.3202134668827057,0.38944265246391296,0.4392590820789337,0.43691563606262207,0.4833194315433502,0.4667314291000366,0.4727461040019989,0.5335760116577148,0.5629494786262512,0.5609960556030273,0.5868573784828186,0.5662842392921448,0.5352486371994019,0.5215568542480469,0.603505551815033,0.5555853247642517,0.5712429285049438,0.6172652840614319,0.6227791905403137,0.6308760643005371,0.6820528507232666,0.6732109189033508,0.6234947443008423,0.6366709470748901,0.6335195302963257,0.57590651512146,0.5422692894935608,0.5268786549568176,0.5683768391609192,0.586419403553009,0.6084128022193909,0.6279078722000122,0.5982765555381775,0.6312386989593506,0.6456677317619324,0.6859681010246277,0.6401045322418213,0.6239393949508667,0.6096251010894775,0.6067391633987427,0.6046144962310791,0.6141838431358337,0.6243873834609985,0.5873406529426575,0.6346313953399658,0.8077319264411926,0.6824325323104858,0.8107575178146362,0.687800943851471,0.7170231938362122,0.7628005743026733,0.7044888734817505,0.7326281070709229,0.6961106657981873,0.672358512878418,0.6701205372810364,0.6093857288360596,0.6388208866119385,0.6185429096221924,0.6112015247344971,0.6229559779167175,0.5996504426002502,0.628086268901825,0.6095818281173706,0.6251609921455383,0.6149381995201111,0.6036596894264221
13,2009-04-01,2008-10-01,74,0.5024665594100952,0.4638308882713318,0.4759290814399719,0.4933892488479614,0.45188555121421814,0.4464714229106903,0.5200917720794678,0.5102090835571289,0.5305483937263489,0.5368664860725403,0.5404484272003174,0.5524774193763733,0.5521465539932251,0.6075416207313538,0.6255720257759094,0.6656172275543213,0.6411609649658203,0.6562475562095642,0.6192557215690613,0.6061868667602539,0.6093851327896118,0.5871973037719727,0.622645378112793,0.6512224078178406,0.6369929313659668,0.643274188041687,0.6459219455718994,0.6593257188796997,0.6547349691390991,0.6478596925735474,0.6409379243850708,0.6263084411621094,0.6316693425178528,0.5981290340423584,0.576202929019928,0.5790432095527649,0.5780556797981262,0.590186595916748,0.5848909020423889,0.54743891954422,0.48538005352020264,0.47963276505470276,0.4684305191040039,0.48962271213531494,0.46313169598579407,0.441048800945282,0.4751041531562805,0.44095638394355774,0.39489367604255676,0.36661529541015625,0.49161070585250854,0.4885936677455902,0.5711501836776733,0.5624667406082153,0.5955552458763123,0.6246291995048523,0.6240769028663635,0.6432881355285645,0.6354116797447205,0.6349525451660156,0.655290424823761,0.6223397850990295,0.6332326531410217,0.6120957732200623,0.5920416712760925,0.5944952368736267,0.6015386581420898,0.6032193899154663,0.5967817902565002,0.587274432182312,0.5092372298240662,0.576915442943573,0.5027997493743896,0.333925724029541,0.33205655217170715,0.35200709104537964,0.40936216711997986,0.45203933119773865,0.4606592059135437,0.5049465894699097,0.48480433225631714,0.494862824678421,0.5574485063552856,0.5786764621734619,0.579660952091217,0.6010942459106445,0.5907324552536011,0.5646719932556152,0.5445544719696045,0.6224825978279114,0.5708969831466675,0.5953888297080994,0.629995584487915,0.6363017559051514,0.645620584487915,0.6855022311210632,0.6786198019981384,0.6411471962928772,0.650370717048645,0.6387149691581726,0.5932426452636719,0.5647023916244507,0.5502170920372009,0.5770138502120972,0.5962615013122559,0.6171777844429016,0.6340607404708862,0.6098983883857727,0.63397616147995,0.6479859948158264,0.6805315613746643,0.6425731182098389,0.6307457685470581,0.6193841099739075,0.6133880615234375,0.6055998206138611,0.618026077747345,0.6249610781669617,0.5952873826026917,0.6577008366584778,0.7821358442306519,0.6729985475540161,0.8060096502304077,0.6589775085449219,0.698708176612854,0.7401111125946045,0.6849817633628845,0.705673098564148,0.6865407824516296,0.6680838465690613,0.6649368405342102,0.6028931140899658,0.6278139352798462,0.6155762672424316,0.6063184142112732,0.61493980884552,0.5978170037269592,0.6234011650085449,0.6092580556869507,0.6203162670135498,0.6123255491256714,0.6027165055274963
14,2009-07-01,2009-01-01,75,0.49674686789512634,0.45870643854141235,0.4721662104129791,0.492324560880661,0.4515957236289978,0.44569677114486694,0.5171796083450317,0.5113783478736877,0.5332170128822327,0.5392668843269348,0.5455614924430847,0.5579297542572021,0.559499979019165,0.6143685579299927,0.6313092112541199,0.6697721481323242,0.646256148815155,0.6625938415527344,0.6258231997489929,0.6124494075775146,0.6170282959938049,0.5944667458534241,0.6265980005264282,0.6552572846412659,0.6408602595329285,0.6471384763717651,0.6498030424118042,0.6615035533905029,0.6570850014686584,0.6496299505233765,0.6433212757110596,0.628695547580719,0.6309205889701843,0.5977692604064941,0.5798488855361938,0.5803553462028503,0.5804224014282227,0.5928592085838318,0.5860223174095154,0.5496093034744263,0.48947033286094666,0.4793780744075775,0.4655765891075134,0.4842984974384308,0.4619247019290924,0.43408456444740295,0.47339293360710144,0.4421154260635376,0.39169934391975403,0.36832818388938904,0.4898748993873596,0.48864683508872986,0.5711854696273804,0.5625364184379578,0.5984257459640503,0.6266809105873108,0.6268467903137207,0.6488637328147888,0.6385442018508911,0.6403844356536865,0.6580570936203003,0.6285799741744995,0.6397820115089417,0.6176118850708008,0.5980361700057983,0.6001120209693909,0.6073831915855408,0.6087923049926758,0.5980876088142395,0.5879002213478088,0.512123703956604,0.5770271420478821,0.4982655942440033,0.3317234516143799,0.33066582679748535,0.3556015193462372,0.4093737304210663,0.4526307284832001,0.46506091952323914,0.5083511471748352,0.49000149965286255,0.5029582381248474,0.56467604637146,0.5849459767341614,0.5867193937301636,0.6062218546867371,0.6012369394302368,0.5766167044639587,0.5558401346206665,0.6331833600997925,0.5777556300163269,0.6065152287483215,0.6375728845596313,0.6424686908721924,0.6521761417388916,0.689602792263031,0.6821334362030029,0.6471080780029297,0.6534677743911743,0.6421090960502625,0.6002627015113831,0.5712864995002747,0.5574461221694946,0.5812105536460876,0.6012983322143555,0.620962381362915,0.6372429728507996,0.6160815954208374,0.6364181637763977,0.6519650816917419,0.6798601746559143,0.6456406712532043,0.6358089447021484,0.6230923533439636,0.6162267923355103,0.6080026626586914,0.6206531524658203,0.6256939172744751,0.5930923223495483,0.6546810865402222,0.7773164510726929,0.6679718494415283,0.808222234249115,0.6518710851669312,0.6972723603248596,0.7358663082122803,0.6799004673957825,0.6999523043632507,0.6840447187423706,0.6647161245346069,0.6635313034057617,0.6022558212280273,0.6249244213104248,0.6145303249359131,0.6065035462379456,0.614655077457428,0.5970808863639832,0.6219107508659363,0.6093940734863281,0.6166718602180481,0.6119832992553711,0.6011631488800049
15,2009-10-01,2009-04-01,76,0.5067347884178162,0.4770594835281372,0.4780624806880951,0.49255433678627014,0.45255497097969055,0.4459565281867981,0.517350971698761,0.5125601887702942,0.5355961322784424,0.5440950989723206,0.5524139404296875,0.5657930970191956,0.5668929815292358,0.6220277547836304,0.6363239288330078,0.6726529002189636,0.6563354730606079,0.6679649353027344,0.6358485817909241,0.6224242448806763,0.6220034956932068,0.6023545861244202,0.6345193386077881,0.6616587042808533,0.6456659436225891,0.6541624665260315,0.6511808633804321,0.6602590084075928,0.6534071564674377,0.6435730457305908,0.6386536359786987,0.6297057867050171,0.6273592710494995,0.591194212436676,0.5767886638641357,0.5824711322784424,0.5825303792953491,0.5932438373565674,0.5869725942611694,0.548578143119812,0.49379730224609375,0.47707033157348633,0.46378812193870544,0.4829639196395874,0.4543362259864807,0.4238754212856293,0.4615721106529236,0.4356154799461365,0.3759341537952423,0.36109763383865356,0.48671188950538635,0.4813483655452728,0.5701860189437866,0.5548387169837952,0.6027182340621948,0.628016471862793,0.6243515014648438,0.6559297442436218,0.642539381980896,0.6438791751861572,0.6743449568748474,0.6370951533317566,0.6456467509269714,0.6298990845680237,0.6127380132675171,0.5993373394012451,0.6216946244239807,0.6251786947250366,0.6088233590126038,0.6005313396453857,0.5213515162467957,0.5982211828231812,0.5297297835350037,0.29657283425331116,0.3203001022338867,0.3677634596824646,0.4179212152957916,0.4555586576461792,0.46248161792755127,0.4997282326221466,0.4851790964603424,0.5159687399864197,0.5842536687850952,0.6048930287361145,0.5863862037658691,0.6055083274841309,0.6117504239082336,0.584141731262207,0.566278874874115,0.6409316658973694,0.5901115536689758,0.606816828250885,0.6429456472396851,0.6459754705429077,0.6569927334785461,0.6893501877784729,0.6830012798309326,0.6431518793106079,0.6494196057319641,0.6530475616455078,0.6024976372718811,0.5757994651794434,0.5572939515113831,0.5903246402740479,0.6060400605201721,0.6312288045883179,0.6471817493438721,0.6123638153076172,0.6436253190040588,0.6611628532409668,0.6853979825973511,0.6475397348403931,0.6410118341445923,0.628524661064148,0.62262362241745,0.6191277503967285,0.6262384653091431,0.6378127932548523,0.5945167541503906,0.6632007360458374,0.7665561437606812,0.6652081608772278,0.8043474555015564,0.6605510115623474,0.7022090554237366,0.7481082677841187,0.6947113871574402,0.7040820121765137,0.6923032402992249,0.6789778470993042,0.6701704263687134,0.6033737063407898,0.6316640973091125,0.6255850791931152,0.6179676055908203,0.61714768409729,0.6022738218307495,0.632343590259552,0.6153119802474976,0.6129820346832275,0.6196539998054504,0.6104977130889893
16,2010-01-01,2009-07-01,77,0.5168406367301941,0.486023873090744,0.498113751411438,0.5213519930839539,0.47540268301963806,0.45154401659965515,0.5619590282440186,0.5294878482818604,0.5122926831245422,0.5277926325798035,0.5296552777290344,0.526151180267334,0.5224865078926086,0.5864529609680176,0.6053524017333984,0.654609203338623,0.6200895309448242,0.6691117882728577,0.609960675239563,0.5679850578308105,0.5916420221328735,0.5785346031188965,0.6110660433769226,0.6573055386543274,0.6337525248527527,0.6275008916854858,0.6351466774940491,0.6618539690971375,0.6480594873428345,0.6473552584648132,0.6543410420417786,0.6400038003921509,0.6388294100761414,0.6092271208763123,0.5883874893188477,0.5597593784332275,0.5747115015983582,0.6044829487800598,0.5829124450683594,0.5684915781021118,0.4926096796989441,0.4964810907840729,0.4583294689655304,0.47890013456344604,0.4950091242790222,0.4138623774051666,0.5046042203903198,0.42769142985343933,0.386851966381073,0.36735835671424866,0.4718841016292572,0.4990854263305664,0.5658755302429199,0.49350035190582275,0.5416817665100098,0.5637953281402588,0.5340869426727295,0.591191828250885,0.540439248085022,0.5656336545944214,0.5827982425689697,0.5765665173530579,0.629114031791687,0.5841480493545532,0.5665611624717712,0.601813793182373,0.5949687361717224,0.6018773913383484,0.6257833242416382,0.5948282480239868,0.5269239544868469,0.6629395484924316,0.5394283533096313,0.44716596603393555,0.38822993636131287,0.4668692648410797,0.4586194157600403,0.48713719844818115,0.5001299977302551,0.5673728585243225,0.48590946197509766,0.5138359069824219,0.6075114607810974,0.5889603495597839,0.5617185235023499,0.5972875952720642,0.6253575682640076,0.5766803622245789,0.48690265417099,0.6307668685913086,0.463420033454895,0.5547899007797241,0.5763515830039978,0.5899159908294678,0.6021687388420105,0.6328281760215759,0.6361835598945618,0.6214737296104431,0.640802800655365,0.5845757126808167,0.5490052700042725,0.5437079071998596,0.5410522222518921,0.5123167634010315,0.5493438243865967,0.5866783261299133,0.6053518652915955,0.5531961917877197,0.5905647873878479,0.6099337339401245,0.6453890204429626,0.5937433838844299,0.5994374752044678,0.6125264167785645,0.6068220734596252,0.5583835244178772,0.5980331897735596,0.598380446434021,0.5728622674942017,0.8024885058403015,0.727821409702301,0.5820696949958801,0.8803418278694153,0.36461856961250305,0.5299078822135925,0.6207354068756104,0.5117822289466858,0.5369236469268799,0.6729137897491455,0.7051323056221008,0.7035837173461914,0.5692532658576965,0.6126065254211426,0.6352015733718872,0.5933369398117065,0.5789343118667603,0.5936242938041687,0.6170697808265686,0.5872430205345154,0.6043080687522888,0.6006552577018738,0.5778920650482178
17,2010-04-01,2009-10-01,78,0.5055529475212097,0.48142433166503906,0.4807741045951843,0.49386852979660034,0.45689958333969116,0.44618940353393555,0.5205707550048828,0.519031822681427,0.5335816144943237,0.5460898280143738,0.5587252974510193,0.5673133134841919,0.5708867907524109,0.6233994960784912,0.6401164531707764,0.6743038296699524,0.6591388583183289,0.6730741262435913,0.6394490599632263,0.6192724108695984,0.6193207502365112,0.6037967205047607,0.6339409351348877,0.6633253693580627,0.6487985253334045,0.6547227501869202,0.6541906595230103,0.6607672572135925,0.653447151184082,0.6465463638305664,0.6406195163726807,0.6342939138412476,0.6277328133583069,0.5903749465942383,0.5813118815422058,0.5833699703216553,0.5812810063362122,0.5931217074394226,0.5868989825248718,0.5436621308326721,0.491224080324173,0.4721783399581909,0.45764654874801636,0.4777507781982422,0.45885127782821655,0.425466924905777,0.4666755199432373,0.43724361062049866,0.37543371319770813,0.3666425347328186,0.48862940073013306,0.4890393912792206,0.5717198848724365,0.5506689548492432,0.6045787930488586,0.6270356774330139,0.6165170073509216,0.6555886268615723,0.6402162909507751,0.6412762999534607,0.6696562767028809,0.6366490125656128,0.6476523280143738,0.6336637139320374,0.6169875860214233,0.6044889688491821,0.62859708070755,0.6320776343345642,0.6198214888572693,0.6054457426071167,0.5303995013237,0.6164729595184326,0.5491167902946472,0.31860509514808655,0.33174365758895874,0.3943421542644501,0.44452446699142456,0.4749149978160858,0.48545369505882263,0.5225657820701599,0.49799996614456177,0.5350265502929688,0.6114596128463745,0.6229340434074402,0.5996996164321899,0.6164906620979309,0.6304077506065369,0.6022360324859619,0.5752644538879395,0.6552391648292542,0.5932388305664062,0.6156246662139893,0.644908607006073,0.6496744155883789,0.6653727889060974,0.6889129877090454,0.6854973435401917,0.652554988861084,0.6588178277015686,0.6554790139198303,0.6073988676071167,0.5848573446273804,0.5656588673591614,0.5939153432846069,0.6113023161888123,0.6405965685844421,0.6554332375526428,0.6152892708778381,0.6476803421974182,0.6670845150947571,0.6909000873565674,0.6521531939506531,0.6484277844429016,0.640867292881012,0.6301641464233398,0.6209729313850403,0.6316758990287781,0.6462754607200623,0.6100761294364929,0.7129045724868774,0.7515987753868103,0.6676680445671082,0.815287172794342,0.6344083547592163,0.6897194981575012,0.7406546473503113,0.6907672882080078,0.6901095509529114,0.6980962157249451,0.6935765743255615,0.679398775100708,0.5989928245544434,0.6304435729980469,0.6320255994796753,0.6205493807792664,0.6138341426849365,0.6049261093139648,0.6387262940406799,0.6220371723175049,0.6134564876556396,0.6224132180213928,0.6165567636489868
18,2010-07-01,2010-01-01,79,0.5069357752799988,0.47931966185569763,0.4768317937850952,0.49417123198509216,0.4570513963699341,0.4407999515533447,0.5243370532989502,0.5208046436309814,0.5239800214767456,0.5408820509910583,0.5515900254249573,0.5546420216560364,0.5565779209136963,0.6160485744476318,0.6329582929611206,0.671461284160614,0.6519328355789185,0.6740866899490356,0.6325781941413879,0.6045358180999756,0.6101639866828918,0.59620600938797,0.6288037896156311,0.6654115319252014,0.6464334726333618,0.6503214836120605,0.6524350643157959,0.6613831520080566,0.6548717021942139,0.6509885191917419,0.6440839767456055,0.6359178423881531,0.6314823627471924,0.5989541411399841,0.5857468247413635,0.5804176330566406,0.5804606080055237,0.5980812907218933,0.5867955088615417,0.5493632555007935,0.4878712296485901,0.47329390048980713,0.452890008687973,0.47308117151260376,0.46174558997154236,0.41870808601379395,0.4752909541130066,0.43543753027915955,0.3749696612358093,0.36548861861228943,0.4870480000972748,0.48777374625205994,0.5715071558952332,0.5367311239242554,0.5915766954421997,0.6132046580314636,0.5964869260787964,0.6446618437767029,0.6197587251663208,0.6241116523742676,0.6512242555618286,0.624811589717865,0.644403874874115,0.6237128973007202,0.6062327027320862,0.6004159450531006,0.6239445209503174,0.6288564801216125,0.6235633492469788,0.6062004566192627,0.5322333574295044,0.6340619325637817,0.5512819886207581,0.3401193916797638,0.33520349860191345,0.41101133823394775,0.4566858112812042,0.4841551184654236,0.492834210395813,0.5379376411437988,0.4979498088359833,0.5349134802818298,0.6185351014137268,0.6218053102493286,0.597835123538971,0.6194724440574646,0.6380529403686523,0.6030546426773071,0.55872642993927,0.6563084721565247,0.567895233631134,0.6039044857025146,0.631428062915802,0.6390729546546936,0.655489444732666,0.6800792217254639,0.6771600842475891,0.6482768058776855,0.6547947525978088,0.6407185792922974,0.5971442461013794,0.5759493112564087,0.5615119338035583,0.5795072317123413,0.6014848947525024,0.633517324924469,0.6486319303512573,0.6043044924736023,0.6365992426872253,0.6603639125823975,0.6860895156860352,0.6435683369636536,0.6411033868789673,0.6387016177177429,0.6259300708770752,0.6080770492553711,0.6264998912811279,0.6398163437843323,0.6052811741828918,0.7277927994728088,0.7671821713447571,0.6607803702354431,0.8390647172927856,0.5782760977745056,0.6587611436843872,0.7233011722564697,0.6623039245605469,0.6648219227790833,0.7012065052986145,0.7053699493408203,0.6918738484382629,0.5934085249900818,0.6294694542884827,0.6349921226501465,0.6136692762374878,0.6055635809898376,0.5998451709747314,0.6345421075820923,0.6177628636360168,0.6123449802398682,0.6189723610877991,0.6084374189376831
19,2010-10-01,2010-04-01,80,0.5101099610328674,0.4857926368713379,0.4783760905265808,0.4924021363258362,0.4584629237651825,0.44369155168533325,0.5155791640281677,0.5214645862579346,0.5320705771446228,0.5476500391960144,0.561610221862793,0.566454291343689,0.5703763961791992,0.6249792575836182,0.6418903470039368,0.6764819622039795,0.6623853445053101,0.6754630208015442,0.641451358795166,0.6193426847457886,0.6185081005096436,0.6046044826507568,0.6352293491363525,0.6673572063446045,0.6511337161064148,0.6577589511871338,0.6580272912979126,0.6615493297576904,0.6564438343048096,0.6508795022964478,0.6399289965629578,0.6340938210487366,0.6287490725517273,0.5945993661880493,0.5837327241897583,0.5867628455162048,0.581766664981842,0.5944927334785461,0.5873082280158997,0.543506920337677,0.4894501566886902,0.4705296754837036,0.4553248882293701,0.4750799238681793,0.45312491059303284,0.4261881113052368,0.4649946093559265,0.43868646025657654,0.3748054504394531,0.3663536012172699,0.4917708933353424,0.4844192564487457,0.5693845152854919,0.5494017004966736,0.6047693490982056,0.6252282857894897,0.6135381460189819,0.6567275524139404,0.6438201069831848,0.6401278972625732,0.6690334677696228,0.6380406022071838,0.6466529369354248,0.6358769536018372,0.6193740963935852,0.6016126871109009,0.6323030591011047,0.6364049315452576,0.623787522315979,0.6098435521125793,0.5346775054931641,0.6200560331344604,0.5574859976768494,0.3163948059082031,0.32638832926750183,0.3966073989868164,0.4592505991458893,0.48419132828712463,0.49302253127098083,0.5285172462463379,0.5028790235519409,0.5413755178451538,0.6202544569969177,0.630905270576477,0.6077378392219543,0.624293327331543,0.6378755569458008,0.6091273427009583,0.5810710787773132,0.658715546131134,0.6038720607757568,0.6176165342330933,0.6462809443473816,0.6524534225463867,0.6686813235282898,0.690037190914154,0.6859368085861206,0.6532394289970398,0.6558840870857239,0.654261589050293,0.6084805727005005,0.5836488008499146,0.5651284456253052,0.5968745946884155,0.6132775545120239,0.642840564250946,0.6569543480873108,0.6163778305053711,0.6468870043754578,0.6705639362335205,0.6929762959480286,0.6544650197029114,0.6495876312255859,0.6431155800819397,0.6283620595932007,0.6204909086227417,0.6312729716300964,0.647671103477478,0.6121479868888855,0.6989984512329102,0.7730709910392761,0.6816145181655884,0.8097262978553772,0.6474933624267578,0.6915034055709839,0.7452408075332642,0.7004696726799011,0.6946806311607361,0.7024491429328918,0.7001997828483582,0.682283878326416,0.5997611880302429,0.6335287094116211,0.6340792775154114,0.6197171807289124,0.6142087578773499,0.6034237146377563,0.6394198536872864,0.6265880465507507,0.614704966545105,0.624197244644165,0.6185322999954224
20,2011-01-01,2010-07-01,81,0.5190443992614746,0.49518686532974243,0.4863855540752411,0.4923156797885895,0.45361006259918213,0.4398617148399353,0.5153930187225342,0.512947678565979,0.5181710720062256,0.532478392124176,0.5456995368003845,0.5537369251251221,0.5580441355705261,0.6122933626174927,0.6311410665512085,0.6683899760246277,0.6555070281028748,0.6759101152420044,0.6420990824699402,0.6195207238197327,0.61830735206604,0.6034139394760132,0.6329465508460999,0.6630879044532776,0.6480526924133301,0.6541528701782227,0.6557288765907288,0.6596331596374512,0.6543076038360596,0.6520909667015076,0.6425209045410156,0.6360451579093933,0.6314367651939392,0.5843333601951599,0.5787609219551086,0.5754161477088928,0.5752289295196533,0.5884649157524109,0.5879576802253723,0.5424382090568542,0.48972538113594055,0.4670390486717224,0.4473375082015991,0.45467981696128845,0.4442398250102997,0.3903857171535492,0.4415258467197418,0.41021621227264404,0.3508021831512451,0.3472300171852112,0.46272704005241394,0.4631865322589874,0.5459744334220886,0.5152514576911926,0.5769975781440735,0.6012585759162903,0.5880133509635925,0.6382984519004822,0.6155795454978943,0.6273417472839355,0.6594944000244141,0.6285266280174255,0.643039345741272,0.6301038861274719,0.6142613291740417,0.5956008434295654,0.626904308795929,0.6303720474243164,0.6188406944274902,0.5988357663154602,0.5174999237060547,0.6069079637527466,0.5333090424537659,0.30968955159187317,0.3204492926597595,0.39311498403549194,0.4336005449295044,0.46649056673049927,0.47587156295776367,0.520056962966919,0.4896056652069092,0.5305561423301697,0.6100648045539856,0.6154912710189819,0.5998128652572632,0.6115508079528809,0.624914824962616,0.5951293706893921,0.5586997270584106,0.6526342034339905,0.5588696002960205,0.5976395010948181,0.6211658120155334,0.62260502576828,0.645014762878418,0.6616901755332947,0.6581243872642517,0.6268659830093384,0.6329644322395325,0.626338541507721,0.577957034111023,0.5533668994903564,0.536328911781311,0.5618612170219421,0.580098569393158,0.61339271068573,0.6280604004859924,0.5818532109260559,0.6182562112808228,0.6398572325706482,0.6711557507514954,0.6291428208351135,0.6263188719749451,0.627172589302063,0.6118425130844116,0.5962386131286621,0.608112096786499,0.6216668486595154,0.5959237217903137,0.771507978439331,0.7244968414306641,0.6440799236297607,0.8283951878547668,0.5761309862136841,0.6587949395179749,0.7123029232025146,0.6608713865280151,0.6653314232826233,0.6885486841201782,0.6916812658309937,0.6802980303764343,0.5861248970031738,0.6189510822296143,0.6256580352783203,0.6146705150604248,0.6028112173080444,0.5964048504829407,0.6320406794548035,0.6132769584655762,0.6003642082214355,0.6083813905715942,0.6028614044189453
21,2011-04-01,2010-10-01,82,0.501366376876831,0.4800650179386139,0.4871995747089386,0.4933844804763794,0.45438146591186523,0.4499038755893707,0.5215213298797607,0.5215672254562378,0.5385869741439819,0.5491607189178467,0.5661752820014954,0.5745741724967957,0.578467071056366,0.6261621713638306,0.6472930312156677,0.6784917712211609,0.6639977097511292,0.6771116852760315,0.6455065608024597,0.6279566287994385,0.6274304389953613,0.6092103123664856,0.6384478807449341,0.6613156795501709,0.6514070630073547,0.6558582782745361,0.6598780751228333,0.6610362529754639,0.6561176180839539,0.6515389084815979,0.6466748714447021,0.6353459358215332,0.627473771572113,0.5864629149436951,0.5816730856895447,0.5782114267349243,0.5756829380989075,0.585935115814209,0.5872371196746826,0.5343474745750427,0.49072107672691345,0.46565183997154236,0.45761358737945557,0.46721571683883667,0.4648841619491577,0.4165453314781189,0.4658017158508301,0.43254178762435913,0.37050357460975647,0.3694726824760437,0.4835231900215149,0.4917393922805786,0.5697214603424072,0.5523453950881958,0.6057167649269104,0.6307882070541382,0.622035026550293,0.6578206419944763,0.6361115574836731,0.6478051543235779,0.6675482392311096,0.6394606828689575,0.6488087773323059,0.6336712837219238,0.6159366965293884,0.6071750521659851,0.6260822415351868,0.6256654262542725,0.613187313079834,0.5970807075500488,0.5303575396537781,0.6071622967720032,0.5310959815979004,0.3497229218482971,0.35017022490501404,0.40033888816833496,0.43867695331573486,0.4770033657550812,0.4962226450443268,0.5372321605682373,0.5130909085273743,0.5474917888641357,0.6221766471862793,0.6285935044288635,0.6228090524673462,0.6298330426216125,0.6430776119232178,0.6183373332023621,0.5899122953414917,0.6762279868125916,0.5896995067596436,0.6357940435409546,0.6558570265769958,0.6577476263046265,0.6800312399864197,0.6948235034942627,0.6898083090782166,0.6621626615524292,0.6662320494651794,0.6558228731155396,0.6117347478866577,0.5885684490203857,0.567846417427063,0.5902717709541321,0.6087532639503479,0.6362707018852234,0.6508979201316833,0.6165058612823486,0.6416947841644287,0.6559405326843262,0.683353066444397,0.6483898162841797,0.6431441903114319,0.6375218033790588,0.626086950302124,0.60951828956604,0.6207556128501892,0.6334218978881836,0.6123079657554626,0.7934596538543701,0.7174713015556335,0.6630610227584839,0.8362325429916382,0.6081395745277405,0.6868516802787781,0.7236081957817078,0.6758396029472351,0.6839250922203064,0.6899349093437195,0.6801543235778809,0.6746993660926819,0.5946164131164551,0.6171389222145081,0.6206029653549194,0.6151804327964783,0.607122540473938,0.5977036356925964,0.6305602192878723,0.6179218292236328,0.6077132821083069,0.6118024587631226,0.6097186207771301
22,2011-07-01,2011-01-01,83,0.5079020261764526,0.4937818944454193,0.49350467324256897,0.49320289492607117,0.4512327313423157,0.4463360607624054,0.5208204984664917,0.5187754034996033,0.5381365418434143,0.5517024397850037,0.5692242980003357,0.5771586298942566,0.5787822008132935,0.6293956637382507,0.6494154334068298,0.6808107495307922,0.6689085364341736,0.6785181164741516,0.6491265296936035,0.6324675679206848,0.6300076246261597,0.6131754517555237,0.6450095772743225,0.6670434474945068,0.6541684865951538,0.6601224541664124,0.6601818799972534,0.6620355844497681,0.6546470522880554,0.6475989818572998,0.6458055377006531,0.6361186504364014,0.6284802556037903,0.5925700068473816,0.5827168822288513,0.5817610025405884,0.5787588953971863,0.5883224606513977,0.587425947189331,0.5390036702156067,0.4951711893081665,0.47037893533706665,0.4631099998950958,0.4742375612258911,0.46405792236328125,0.41960546374320984,0.4641241133213043,0.42907699942588806,0.3623684048652649,0.36401432752609253,0.4852231740951538,0.4890543222427368,0.5703619122505188,0.5478920936584473,0.6055518388748169,0.6288633346557617,0.6193150281906128,0.6601544618606567,0.6377902030944824,0.6476719379425049,0.6764747500419617,0.6439071893692017,0.6524267792701721,0.6386348009109497,0.6221514344215393,0.6080471873283386,0.6328734755516052,0.6335015296936035,0.6221043467521667,0.6085216403007507,0.5403732657432556,0.631428062915802,0.563176691532135,0.34909558296203613,0.36244335770606995,0.41827669739723206,0.44882503151893616,0.4812777042388916,0.49319082498550415,0.5332508087158203,0.5114002823829651,0.5556331276893616,0.6330980062484741,0.6416938900947571,0.6247274279594421,0.6377377510070801,0.6563546061515808,0.6285045146942139,0.6005797982215881,0.6842038035392761,0.6045743227005005,0.6388289928436279,0.6621802449226379,0.6646061539649963,0.6835612058639526,0.698368489742279,0.6950200200080872,0.663784384727478,0.6710371971130371,0.6673392057418823,0.6168741583824158,0.598136305809021,0.5753815770149231,0.6012682914733887,0.6170989871025085,0.6458631157875061,0.6594496965408325,0.6158236265182495,0.6485975980758667,0.6628016233444214,0.68820720911026,0.6496560573577881,0.6456905007362366,0.6406590342521667,0.6339093446731567,0.6184008121490479,0.6275388598442078,0.6441843509674072,0.6156713366508484,0.8080392479896545,0.7408638000488281,0.6761447191238403,0.8383384346961975,0.6194915771484375,0.6896211504936218,0.7340713739395142,0.6860142350196838,0.689204216003418,0.7026407718658447,0.6986148357391357,0.6874402165412903,0.6038166284561157,0.6315146684646606,0.6336617469787598,0.623106837272644,0.6111196279525757,0.6033415198326111,0.6367117762565613,0.6203652024269104,0.6103129982948303,0.6185714602470398,0.6164067983627319
23,2011-10-01,2011-04-01,84,0.5045058727264404,0.4806066155433655,0.4810769557952881,0.4941679537296295,0.4554552733898163,0.4362996518611908,0.529154896736145,0.5218436121940613,0.5132334232330322,0.5320557951927185,0.5489686727523804,0.5457826852798462,0.5487353801727295,0.607657790184021,0.629951000213623,0.670058012008667,0.648678183555603,0.6824199557304382,0.6342204213142395,0.5965127348899841,0.6072662472724915,0.5941107273101807,0.6258851885795593,0.6641408801078796,0.6473148465156555,0.6462544202804565,0.6563709378242493,0.6613852977752686,0.6570901274681091,0.6601438522338867,0.6532481908798218,0.6420649886131287,0.6349749565124512,0.5957298278808594,0.5904451608657837,0.5698831677436829,0.5723683834075928,0.5945393443107605,0.5875393152236938,0.5422788262367249,0.4829541742801666,0.4646322429180145,0.44095152616500854,0.44984230399131775,0.46930041909217834,0.3926474153995514,0.47398075461387634,0.42057234048843384,0.3629222512245178,0.3606101870536804,0.4731139838695526,0.48442569375038147,0.5615910887718201,0.5090616345405579,0.5743647217750549,0.5958297848701477,0.5691121220588684,0.6304321885108948,0.5854350328445435,0.608045756816864,0.626167893409729,0.6126821637153625,0.641675591468811,0.6166033148765564,0.5980618000030518,0.599875807762146,0.6209338903427124,0.6243970394134521,0.6274139285087585,0.600300133228302,0.5349955558776855,0.6473830342292786,0.5414654016494751,0.39266839623451233,0.3535114824771881,0.443007230758667,0.4639662802219391,0.49139049649238586,0.5108363628387451,0.5675657391548157,0.5066565275192261,0.5469412803649902,0.6440027952194214,0.6277006268501282,0.6152690052986145,0.6285076141357422,0.6560525894165039,0.6180785298347473,0.5486818552017212,0.6761963367462158,0.5239630937576294,0.6052536964416504,0.6194075345993042,0.6266955137252808,0.6557682156562805,0.6656163930892944,0.663938581943512,0.6486111283302307,0.6533414721488953,0.6194738745689392,0.5846678018569946,0.5662775039672852,0.5545408129692078,0.5522510409355164,0.5805003643035889,0.6190502047538757,0.6344507932662964,0.5854024291038513,0.6148130893707275,0.6391288042068481,0.6719117164611816,0.6275991201400757,0.6284164786338806,0.6383013129234314,0.618255615234375,0.5811913013458252,0.6093165874481201,0.6199751496315002,0.6083463430404663,0.8330776691436768,0.7088258266448975,0.6286546587944031,0.87849360704422,0.4565719962120056,0.6061335206031799,0.6748988628387451,0.6056993007659912,0.6140744090080261,0.6939756274223328,0.708810567855835,0.7008079290390015,0.5736806392669678,0.6080227494239807,0.6282166838645935,0.6033928990364075,0.5853539705276489,0.5889446139335632,0.6266450881958008,0.6112390756607056,0.600972056388855,0.6038064360618591,0.5947695374488831
24,2012-01-01,2011-07-01,85,0.5027192234992981,0.49143874645233154,0.4967743456363678,0.4930245578289032,0.4521959722042084,0.4475135803222656,0.5146427750587463,0.5136286020278931,0.534743070602417,0.5467186570167542,0.5668994188308716,0.5754971504211426,0.5808670520782471,0.6241083741188049,0.6463741064071655,0.675075352191925,0.6628114581108093,0.6723487973213196,0.645898699760437,0.631273090839386,0.6288257241249084,0.612714946269989,0.6403061747550964,0.6594385504722595,0.6513552069664001,0.6561301350593567,0.6590073108673096,0.660772442817688,0.6540051698684692,0.648871898651123,0.6461434960365295,0.6372149586677551,0.630887508392334,0.5956494808197021,0.5885876417160034,0.5865554809570312,0.5805097818374634,0.5870369672775269,0.5882174372673035,0.5407333970069885,0.4999222755432129,0.47804906964302063,0.4709160327911377,0.4808714985847473,0.47209835052490234,0.4386215806007385,0.4679514467716217,0.43633997440338135,0.37813127040863037,0.3768607974052429,0.49081122875213623,0.4975810945034027,0.5652385354042053,0.5532228946685791,0.6050974726676941,0.6279199123382568,0.6227564811706543,0.6560670733451843,0.6446260809898376,0.6512941718101501,0.6728386282920837,0.6443323493003845,0.6501306295394897,0.6390081644058228,0.6229497790336609,0.6146068572998047,0.6305856704711914,0.6292637586593628,0.6213226318359375,0.6043825745582581,0.5405588746070862,0.6173008680343628,0.5606083273887634,0.388905793428421,0.3905467391014099,0.42401304841041565,0.45344242453575134,0.4823068678379059,0.497813880443573,0.5363747477531433,0.5196312665939331,0.5546872615814209,0.6238887906074524,0.6338192820549011,0.6297280788421631,0.6415238380432129,0.6519087553024292,0.632430911064148,0.6100950241088867,0.6806325316429138,0.6167587041854858,0.6462517976760864,0.6613301038742065,0.6641094088554382,0.6819079518318176,0.694506049156189,0.6935657262802124,0.6683618426322937,0.6778420209884644,0.6677719950675964,0.6233377456665039,0.6070058941841125,0.5860874652862549,0.6079712510108948,0.6231271028518677,0.647128701210022,0.6580339670181274,0.6234386563301086,0.6506087183952332,0.6616787314414978,0.6874996423721313,0.6542884707450867,0.6498998999595642,0.6464058756828308,0.6383828520774841,0.6231793761253357,0.6326344013214111,0.6465405821800232,0.6305494904518127,0.8110732436180115,0.7324448227882385,0.6852076053619385,0.8184615969657898,0.6370638012886047,0.6941874027252197,0.729019045829773,0.6935380697250366,0.6936376094818115,0.70014888048172,0.6945926547050476,0.681849479675293,0.6085292100906372,0.6316630244255066,0.6312603950500488,0.6228282451629639,0.6143170595169067,0.6075170040130615,0.6364069581031799,0.6221888065338135,0.6144812703132629,0.6170914769172668,0.619268000125885
25,2012-04-01,2011-10-01,86,0.497547447681427,0.4608897268772125,0.4728851914405823,0.4935774803161621,0.45565932989120483,0.44880712032318115,0.5156782865524292,0.5204262137413025,0.5398167967796326,0.5464311242103577,0.5599789619445801,0.5704177618026733,0.5747629404067993,0.6301883459091187,0.6461453437805176,0.6801151633262634,0.6615608930587769,0.675428032875061,0.642616331577301,0.6280808448791504,0.6311635375022888,0.6072591543197632,0.6373871564865112,0.6637083292007446,0.6482399106025696,0.6570530533790588,0.6624336242675781,0.6608707308769226,0.6640092134475708,0.6590332388877869,0.6469408869743347,0.6303115487098694,0.6278696656227112,0.5897473096847534,0.582190990447998,0.5797693133354187,0.5754528641700745,0.5865546464920044,0.5879058837890625,0.5385591983795166,0.4854739308357239,0.45676201581954956,0.4478667974472046,0.45230022072792053,0.4450038969516754,0.4064996838569641,0.46225860714912415,0.4397246539592743,0.37199005484580994,0.36008715629577637,0.4825868308544159,0.4797564744949341,0.5673882961273193,0.5563176870346069,0.6020176410675049,0.6299694776535034,0.6308547854423523,0.6653020977973938,0.6489751935005188,0.6581900119781494,0.6750907301902771,0.6492918729782104,0.6523072123527527,0.6323986053466797,0.6130362749099731,0.6004970073699951,0.6237644553184509,0.6219229102134705,0.5949342846870422,0.584343433380127,0.5045238137245178,0.5704384446144104,0.48721247911453247,0.3068752586841583,0.32519206404685974,0.37752193212509155,0.44572940468788147,0.4932589828968048,0.505403995513916,0.5460394024848938,0.5342138409614563,0.5518775582313538,0.6085082292556763,0.622546374797821,0.6368747353553772,0.643862247467041,0.6449601054191589,0.623224139213562,0.6036621928215027,0.6819974780082703,0.6031231880187988,0.6434719562530518,0.6573472023010254,0.6550875306129456,0.6746761202812195,0.6987912654876709,0.6879413723945618,0.6546385884284973,0.6533020734786987,0.6456926465034485,0.6054762601852417,0.5704628229141235,0.556193470954895,0.5905405282974243,0.6113461852073669,0.6283060312271118,0.6399338245391846,0.6213836073875427,0.6342624425888062,0.6556652784347534,0.6803823113441467,0.6505317091941833,0.6400361061096191,0.625892162322998,0.6131533980369568,0.6024703979492188,0.6153085231781006,0.6230272054672241,0.5963127613067627,0.7552306652069092,0.7905541658401489,0.6921552419662476,0.8353829383850098,0.654191255569458,0.7110244631767273,0.7365610599517822,0.6922909021377563,0.7117733359336853,0.6893541812896729,0.6646088361740112,0.667900800704956,0.6005249619483948,0.6194547414779663,0.607380747795105,0.6063860654830933,0.6131370067596436,0.5874369740486145,0.6184209585189819,0.6134147047996521,0.6036926507949829,0.6040234565734863,0.5968677997589111
26,2012-07-01,2012-01-01,87,0.4990413784980774,0.4624158442020416,0.47354888916015625,0.4908042252063751,0.4504808783531189,0.44641655683517456,0.516380786895752,0.5175272226333618,0.537436306476593,0.5443292856216431,0.556378185749054,0.5677183866500854,0.5700781345367432,0.6272536516189575,0.6441084146499634,0.6790117621421814,0.6597890257835388,0.6743688583374023,0.6400797963142395,0.626173734664917,0.6293473839759827,0.6044171452522278,0.637344479560852,0.6630242466926575,0.647316575050354,0.6560837030410767,0.6615399122238159,0.661253809928894,0.6640064120292664,0.6593422293663025,0.6482219099998474,0.6306830644607544,0.6298297643661499,0.5912088751792908,0.5820184946060181,0.5781258940696716,0.5752492547035217,0.5865954160690308,0.5876451730728149,0.5381984710693359,0.48291364312171936,0.45502805709838867,0.44789162278175354,0.4516565501689911,0.44606831669807434,0.40217652916908264,0.4606640338897705,0.4340226352214813,0.3676930367946625,0.35784682631492615,0.48093870282173157,0.4793241620063782,0.569468080997467,0.5543377995491028,0.6003804206848145,0.6293013095855713,0.629079282283783,0.6635823249816895,0.6420162916183472,0.6545304656028748,0.673122763633728,0.6453842520713806,0.6503520011901855,0.6289482712745667,0.6088668704032898,0.5968375205993652,0.6199777722358704,0.6185050010681152,0.5936301350593567,0.5838168859481812,0.5048685073852539,0.5741205215454102,0.4849366545677185,0.30978456139564514,0.3255825936794281,0.3764526844024658,0.43620994687080383,0.48684975504875183,0.4976160228252411,0.5426293611526489,0.5285047292709351,0.5476981401443481,0.6063169836997986,0.6196011900901794,0.6348599195480347,0.642034649848938,0.6428331732749939,0.6190495491027832,0.5964467525482178,0.6809902191162109,0.5912179350852966,0.6390944719314575,0.6552636623382568,0.6525855660438538,0.6729172468185425,0.6975716948509216,0.6863078474998474,0.6519413590431213,0.6520944237709045,0.6437735557556152,0.6022588014602661,0.5670657157897949,0.5523116588592529,0.5846604108810425,0.6053972244262695,0.6246882081031799,0.6364609003067017,0.6147865653038025,0.6299640536308289,0.6494677066802979,0.677579402923584,0.6451584100723267,0.6342257857322693,0.6219780445098877,0.6107460260391235,0.5980397462844849,0.6111415028572083,0.6185174584388733,0.593666136264801,0.7682644128799438,0.7837708592414856,0.6851590275764465,0.845637321472168,0.6394498944282532,0.7066969871520996,0.7340625524520874,0.6854643821716309,0.7090303897857666,0.6894546747207642,0.6649484634399414,0.6694698333740234,0.597586989402771,0.6161597967147827,0.6055442690849304,0.6039775609970093,0.6087861657142639,0.5849301815032959,0.6165025234222412,0.6094585061073303,0.6030980944633484,0.601642906665802,0.5937858819961548
27,2012-10-01,2012-04-01,88,0.4936533570289612,0.46073755621910095,0.47400447726249695,0.4895953834056854,0.45199188590049744,0.4467391073703766,0.501890242099762,0.5158450603485107,0.5412505269050598,0.5491332411766052,0.5649659633636475,0.5747168660163879,0.5804321765899658,0.6316729784011841,0.6496508717536926,0.6807583570480347,0.6634974479675293,0.6714070439338684,0.6443880796432495,0.636085569858551,0.6372007727622986,0.6135377883911133,0.6406959891319275,0.6630454063415527,0.6495259404182434,0.6587381958961487,0.6640235781669617,0.661975085735321,0.6645442843437195,0.6578987836837769,0.6463804841041565,0.6279823184013367,0.627485454082489,0.6001291275024414,0.5864731669425964,0.5865215063095093,0.5787012577056885,0.5869209170341492,0.5866258144378662,0.5434140563011169,0.494562566280365,0.4692116975784302,0.46225714683532715,0.4658004641532898,0.449027419090271,0.428143709897995,0.46519601345062256,0.4462217390537262,0.3802640438079834,0.37056946754455566,0.4884827136993408,0.4832074046134949,0.5626819729804993,0.5688890218734741,0.6046842336654663,0.6319626569747925,0.6409784555435181,0.666194498538971,0.663023829460144,0.6646184325218201,0.6763167381286621,0.6541828513145447,0.6522741317749023,0.6345774531364441,0.616192638874054,0.6082176566123962,0.6234292387962341,0.619428813457489,0.5941731929779053,0.5854126811027527,0.5124930739402771,0.5624043345451355,0.49376562237739563,0.3385731279850006,0.34799128770828247,0.372563898563385,0.44266146421432495,0.48623839020729065,0.49996453523635864,0.5365261435508728,0.5358256101608276,0.5488706827163696,0.5960434079170227,0.6182339191436768,0.6404029726982117,0.650628387928009,0.6466559171676636,0.6311787962913513,0.6221204996109009,0.6812422275543213,0.6349552869796753,0.6574516892433167,0.6686519384384155,0.6684746146202087,0.6812794208526611,0.7065600156784058,0.6963685750961304,0.6647740602493286,0.663566529750824,0.6558420658111572,0.6200916171073914,0.5876402258872986,0.5732060074806213,0.6070176959037781,0.6250176429748535,0.6341250538825989,0.6442136168479919,0.6358425617218018,0.6414585709571838,0.659698486328125,0.6794184446334839,0.6567164063453674,0.6443862318992615,0.6270546317100525,0.6179136037826538,0.6109004616737366,0.6205459833145142,0.62675940990448,0.5998849868774414,0.7278267741203308,0.8122756481170654,0.7134082913398743,0.8054271936416626,0.6975138187408447,0.7226879000663757,0.7397565245628357,0.7053267955780029,0.7219364047050476,0.688091516494751,0.6602733135223389,0.6627236604690552,0.6148378252983093,0.6293885707855225,0.6091379523277283,0.6070607304573059,0.6205620169639587,0.5912530422210693,0.6149793863296509,0.6145622730255127,0.6096210479736328,0.6063018441200256,0.6004968881607056
28,2013-01-01,2012-07-01,89,0.5017762184143066,0.4694150686264038,0.48287302255630493,0.49383631348609924,0.4570766091346741,0.45236238837242126,0.5016955137252808,0.5133039951324463,0.5403116345405579,0.5453275442123413,0.5606518983840942,0.571759819984436,0.5785883665084839,0.624056339263916,0.644647479057312,0.6746816635131836,0.657787024974823,0.6630814075469971,0.639600396156311,0.6346395015716553,0.6331654191017151,0.6094028353691101,0.6364237070083618,0.6557741761207581,0.6465654969215393,0.6557377576828003,0.6626692414283752,0.6612600684165955,0.664828896522522,0.6591408252716064,0.6448418498039246,0.628001868724823,0.6305986046791077,0.6003191471099854,0.5872626900672913,0.5908958315849304,0.5790546536445618,0.5835391283035278,0.5866429209709167,0.5405483245849609,0.4920705556869507,0.4699919521808624,0.4674498438835144,0.4725688695907593,0.4503101110458374,0.4468044936656952,0.4634791910648346,0.44873225688934326,0.3905777633190155,0.37414833903312683,0.49311813712120056,0.4883333444595337,0.5602652430534363,0.5750666260719299,0.6051458716392517,0.6320741176605225,0.644062876701355,0.6615828275680542,0.6703800559043884,0.6654385924339294,0.6761650443077087,0.6518416404724121,0.6454926133155823,0.6338317394256592,0.615498423576355,0.6080203056335449,0.6197940111160278,0.6149107813835144,0.592130184173584,0.5818703770637512,0.5060679912567139,0.5426648855209351,0.48979651927948,0.3467785120010376,0.35504522919654846,0.3655288815498352,0.4460901618003845,0.48772701621055603,0.49966904520988464,0.5338835716247559,0.5379758477210999,0.5423367023468018,0.5826560258865356,0.6080160737037659,0.6381757259368896,0.6466458439826965,0.6304324269294739,0.6212626099586487,0.6203504204750061,0.6665533781051636,0.6408535838127136,0.6528487801551819,0.6615163683891296,0.6616212129592896,0.6739704012870789,0.6993033289909363,0.6904640197753906,0.6585672497749329,0.6606144905090332,0.6512155532836914,0.6148127913475037,0.5820099711418152,0.5667822360992432,0.6059664487838745,0.6218813061714172,0.6300253868103027,0.63780677318573,0.6334415078163147,0.6389080882072449,0.6537700891494751,0.6781309843063354,0.6560891270637512,0.6411342620849609,0.6250088214874268,0.6151291728019714,0.6117551326751709,0.6197717189788818,0.625700831413269,0.6091774106025696,0.7203843593597412,0.8087093830108643,0.7232577204704285,0.7783742547035217,0.7259044647216797,0.7322852611541748,0.7430892586708069,0.7204633951187134,0.7330633401870728,0.6847637891769409,0.6556662917137146,0.6549082398414612,0.6165339946746826,0.6301077604293823,0.6064006090164185,0.6075235605239868,0.6243056058883667,0.5956004858016968,0.6179528832435608,0.6172113418579102,0.6159010529518127,0.6066775321960449,0.6057735681533813
29,2013-04-01,2012-10-01,90,0.49886050820350647,0.46845701336860657,0.4837542474269867,0.49176719784736633,0.454102486371994,0.44995301961898804,0.5040666460990906,0.5102148652076721,0.5346832871437073,0.5395427346229553,0.5572656989097595,0.5679600834846497,0.5754123330116272,0.6191741824150085,0.641863226890564,0.672146201133728,0.6557143330574036,0.6637816429138184,0.639238715171814,0.6308746337890625,0.6295756101608276,0.6063286662101746,0.6338706612586975,0.6521144509315491,0.6456161737442017,0.6528493762016296,0.6617441773414612,0.6595409512519836,0.6629517078399658,0.6592859625816345,0.6467270255088806,0.6306126713752747,0.6301484704017639,0.593536913394928,0.5859004855155945,0.5866184234619141,0.5755538940429688,0.5806262493133545,0.5877057313919067,0.5344183444976807,0.48925307393074036,0.464569091796875,0.4631269872188568,0.4664233922958374,0.4544583559036255,0.4377194941043854,0.46204397082328796,0.442063570022583,0.3843444883823395,0.3697662055492401,0.48707056045532227,0.48866596817970276,0.5586859583854675,0.5674073100090027,0.6030400395393372,0.630671501159668,0.6383630037307739,0.6587615609169006,0.6612418293952942,0.6628374457359314,0.672994077205658,0.6487489938735962,0.6450892686843872,0.633360743522644,0.6145707964897156,0.6087026596069336,0.6201539635658264,0.6146743297576904,0.5938335657119751,0.5799006223678589,0.5053033232688904,0.5482447743415833,0.4881931245326996,0.3511652648448944,0.35317379236221313,0.3681992292404175,0.43978625535964966,0.4820477366447449,0.4979648292064667,0.5349172949790955,0.5322650074958801,0.5394824743270874,0.5875750184059143,0.605685293674469,0.6350846290588379,0.6399702429771423,0.6283785700798035,0.6178667545318604,0.6109775304794312,0.6685538291931152,0.6211797595024109,0.6487727165222168,0.6554073095321655,0.6553019285202026,0.6740516424179077,0.6946767568588257,0.6870824098587036,0.6586720943450928,0.6621344685554504,0.6484642028808594,0.6110495328903198,0.5803099870681763,0.5636463165283203,0.5992518067359924,0.616828978061676,0.6293530464172363,0.6382565498352051,0.6293925642967224,0.6377124190330505,0.6510485410690308,0.6794354319572449,0.6550790071487427,0.6417915225028992,0.6290403604507446,0.6174532771110535,0.6089249849319458,0.6189601421356201,0.6262368559837341,0.6168366074562073,0.7630570530891418,0.7734549641609192,0.7088190317153931,0.7981904149055481,0.6936132311820984,0.7227861285209656,0.7350653409957886,0.7112179398536682,0.7247290015220642,0.6860591769218445,0.6597123742103577,0.6600066423416138,0.6111776828765869,0.624504029750824,0.6069375872612,0.6095226407051086,0.6202886700630188,0.5956062078475952,0.6210756897926331,0.6184077858924866,0.6138365268707275,0.6045910120010376,0.6061808466911316
30,2013-07-01,2013-01-01,91,0.5030933022499084,0.47278153896331787,0.4841068983078003,0.49244752526283264,0.4559484124183655,0.45088711380958557,0.499914288520813,0.5107303261756897,0.5371789336204529,0.5429143905639648,0.5592926144599915,0.5700334906578064,0.5771856307983398,0.6216954588890076,0.6428208947181702,0.6726911664009094,0.6570237278938293,0.6620954871177673,0.6394885778427124,0.6339178085327148,0.6315231323242188,0.6087521314620972,0.6358181238174438,0.6545331478118896,0.6462458372116089,0.6551490426063538,0.6620665788650513,0.6602786779403687,0.6636431813240051,0.6585311889648438,0.6443359851837158,0.6287670135498047,0.6307950615882874,0.599796712398529,0.5877566337585449,0.5917472839355469,0.5794281363487244,0.5835745930671692,0.587684154510498,0.540408194065094,0.49354276061058044,0.4714614450931549,0.4692419469356537,0.47417181730270386,0.45202064514160156,0.44776734709739685,0.4624096155166626,0.4474591016769409,0.3900742828845978,0.37429895997047424,0.4929788410663605,0.48779886960983276,0.5584655404090881,0.5726402997970581,0.6046002507209778,0.6309572458267212,0.6419022083282471,0.6602892875671387,0.6691315770149231,0.6644321084022522,0.6763553619384766,0.6513875722885132,0.6448610424995422,0.6350217461585999,0.617042064666748,0.6082507371902466,0.6213383078575134,0.616584062576294,0.5948164463043213,0.5839049816131592,0.5088900923728943,0.5466215014457703,0.49615055322647095,0.349157452583313,0.3563273847103119,0.3668971061706543,0.44503656029701233,0.4842056930065155,0.496111124753952,0.5299196839332581,0.5334652066230774,0.5398446917533875,0.5825977921485901,0.6067125201225281,0.6351059079170227,0.6433199644088745,0.6283016800880432,0.6191934943199158,0.6180305480957031,0.6645037531852722,0.6385488510131836,0.6500312089920044,0.6589070558547974,0.6594342589378357,0.6730323433876038,0.6967163681983948,0.6887256503105164,0.6577165126800537,0.6603919267654419,0.6517342925071716,0.6148818135261536,0.5833408832550049,0.5674717426300049,0.6067648530006409,0.6219294667243958,0.6314618587493896,0.639291524887085,0.6327423453330994,0.6399908065795898,0.6545626521110535,0.6795938014984131,0.6569099426269531,0.6425536274909973,0.6278253793716431,0.6174448132514954,0.6140128374099731,0.6215655207633972,0.6287211775779724,0.6140218377113342,0.7244104146957397,0.7996526956558228,0.7211912274360657,0.7765268683433533,0.7231748700141907,0.7309299111366272,0.7433696985244751,0.7227593064308167,0.7333515882492065,0.6872279047966003,0.6601112484931946,0.6574642658233643,0.6173673868179321,0.6315140128135681,0.6091777086257935,0.6101231575012207,0.6247190237045288,0.5974716544151306,0.6207221150398254,0.6193795800209045,0.6167474389076233,0.60799640417099,0.608391284942627
31,2013-10-01,2013-04-01,92,0.502127468585968,0.4713803231716156,0.4863298237323761,0.49240750074386597,0.4533766210079193,0.4495401382446289,0.5021910667419434,0.5067112445831299,0.5332857370376587,0.5380181074142456,0.5530710816383362,0.5654376745223999,0.5725278854370117,0.6160501837730408,0.6389054656028748,0.6699777841567993,0.6526716947555542,0.658798336982727,0.635731041431427,0.6302458643913269,0.627798855304718,0.604630708694458,0.6329196095466614,0.6508671045303345,0.6442853212356567,0.6523207426071167,0.6597726345062256,0.6609185338020325,0.6629006266593933,0.6581577658653259,0.6457678079605103,0.6302359700202942,0.633268415927887,0.5990522503852844,0.5864199995994568,0.5904141664505005,0.5784001350402832,0.5820331573486328,0.5877624750137329,0.539270281791687,0.4909830391407013,0.47159042954444885,0.4699678122997284,0.47669610381126404,0.45454949140548706,0.4506324529647827,0.46232423186302185,0.4431345462799072,0.38991209864616394,0.3704724609851837,0.4899696707725525,0.4895252287387848,0.557506263256073,0.5715619325637817,0.6017279624938965,0.6299847364425659,0.6409707069396973,0.6561230421066284,0.6668606400489807,0.6628707647323608,0.6750752329826355,0.6478602290153503,0.6430545449256897,0.6321507692337036,0.6135637760162354,0.6093509793281555,0.6173986196517944,0.6121873259544373,0.5942222476005554,0.5812069773674011,0.5033910870552063,0.5436139702796936,0.49330127239227295,0.354794442653656,0.3591561019420624,0.36152443289756775,0.4362384080886841,0.4773581326007843,0.4891381561756134,0.5255476832389832,0.5272231698036194,0.5303544402122498,0.5732789635658264,0.5978749394416809,0.6277816295623779,0.6374622583389282,0.618614137172699,0.6098700165748596,0.6086104512214661,0.6572491526603699,0.6293113231658936,0.6436650156974792,0.6529567241668701,0.65398770570755,0.6676914095878601,0.693560004234314,0.6870900392532349,0.655835747718811,0.6630042195320129,0.6503686904907227,0.6105484962463379,0.5808162093162537,0.5643954277038574,0.6026889085769653,0.6187576651573181,0.6291223764419556,0.6374920606613159,0.629795491695404,0.6401751041412354,0.6517701745033264,0.6812732219696045,0.6561927199363708,0.6415325403213501,0.6279101967811584,0.6191223859786987,0.6141286492347717,0.6226239800453186,0.6297305822372437,0.61865234375,0.7400215864181519,0.7924498915672302,0.7195094227790833,0.7801681756973267,0.7197087407112122,0.7308717370033264,0.7436527013778687,0.722089409828186,0.7345778942108154,0.6889193654060364,0.6622802019119263,0.6596754193305969,0.6184192299842834,0.6331820487976074,0.6107499599456787,0.6119412779808044,0.6262077689170837,0.6009461283683777,0.623589038848877,0.6189220547676086,0.6202296614646912,0.6083020567893982,0.6100181341171265
32,2014-01-01,2013-07-01,93,0.49492940306663513,0.46204671263694763,0.4842081665992737,0.49353304505348206,0.4512522518634796,0.44723090529441833,0.5058348774909973,0.5038698315620422,0.5296781659126282,0.5344108939170837,0.5468432307243347,0.5600526332855225,0.5666167140007019,0.6127820014953613,0.6342270374298096,0.6674036383628845,0.6458598971366882,0.6561363935470581,0.6300864219665527,0.6233603954315186,0.6251407265663147,0.6013941168785095,0.6296771764755249,0.6494700908660889,0.6407576203346252,0.6478700041770935,0.6550218462944031,0.6610739827156067,0.6612157821655273,0.6559327840805054,0.6480391621589661,0.6306391358375549,0.6349473595619202,0.6044095754623413,0.5881476998329163,0.5885601043701172,0.5796639323234558,0.5853656530380249,0.5880217552185059,0.5476799011230469,0.49498873949050903,0.47994574904441833,0.47390180826187134,0.48205891251564026,0.4616488218307495,0.45347949862480164,0.4720686972141266,0.4459739327430725,0.3955632746219635,0.37221163511276245,0.4893752336502075,0.4932686686515808,0.558556318283081,0.5685752034187317,0.5947450399398804,0.6248472332954407,0.6370468735694885,0.6510516405105591,0.6598735451698303,0.6590097546577454,0.6695662140846252,0.6444575786590576,0.6449607014656067,0.6261580586433411,0.6072453260421753,0.6128396391868591,0.6124690771102905,0.607001543045044,0.59280925989151,0.5789388418197632,0.5007591843605042,0.5502873063087463,0.49167853593826294,0.3743653893470764,0.37479040026664734,0.3691524863243103,0.43316465616226196,0.4761822819709778,0.48673686385154724,0.5274562835693359,0.5262462496757507,0.5250104069709778,0.5647749900817871,0.5899064540863037,0.6210668087005615,0.6373979449272156,0.6191869378089905,0.6085517406463623,0.6029331088066101,0.6565514206886292,0.6204374432563782,0.6407111287117004,0.648922860622406,0.650672197341919,0.6603729128837585,0.6922557950019836,0.6870813369750977,0.6571701169013977,0.6685585975646973,0.6495064496994019,0.610310435295105,0.5842331051826477,0.5711593627929688,0.601726233959198,0.6209049820899963,0.6281548142433167,0.636920154094696,0.630774974822998,0.641191303730011,0.6518219709396362,0.6810228228569031,0.6554218530654907,0.642087459564209,0.6278836131095886,0.623396635055542,0.6144800186157227,0.6267607808113098,0.631199836730957,0.6169921159744263,0.7463016510009766,0.8050844669342041,0.7176029086112976,0.7929436564445496,0.7026995420455933,0.7224777340888977,0.7378875613212585,0.7084513306617737,0.7274681925773621,0.6919127702713013,0.6661766171455383,0.6666556000709534,0.6234713196754456,0.6387318968772888,0.6144532561302185,0.6116518378257751,0.6276655197143555,0.602888822555542,0.6214421391487122,0.6140753030776978,0.6216700673103333,0.6076623201370239,0.6059391498565674
33,2014-04-01,2013-10-01,94,0.5038861632347107,0.471714586019516,0.4844466745853424,0.4918489158153534,0.4514308571815491,0.4475443363189697,0.5015918016433716,0.5025402903556824,0.5315259099006653,0.5366368293762207,0.5474900007247925,0.5608141422271729,0.5653407573699951,0.6126559376716614,0.6325514316558838,0.6661355495452881,0.6471914052963257,0.6526278257369995,0.6286017894744873,0.6248006224632263,0.6230325102806091,0.5998328328132629,0.6304192543029785,0.6499219536781311,0.640049934387207,0.6494148969650269,0.653824508190155,0.6590554118156433,0.6596279740333557,0.6530656218528748,0.6420531272888184,0.6265706419944763,0.6336989402770996,0.6053804755210876,0.5853042602539062,0.5918814539909363,0.5816010236740112,0.5860226154327393,0.5878790616989136,0.5485353469848633,0.49571025371551514,0.48336097598075867,0.4794739782810211,0.4902556240558624,0.45770570635795593,0.4599592983722687,0.4676494598388672,0.4479799270629883,0.39903372526168823,0.3730762302875519,0.49620962142944336,0.488036185503006,0.5591028332710266,0.572547197341919,0.5991084575653076,0.6273795962333679,0.640079140663147,0.6525705456733704,0.6646303534507751,0.657778799533844,0.6740241050720215,0.6438910365104675,0.6397751569747925,0.6270424723625183,0.6086809635162354,0.6047720313072205,0.6123725771903992,0.6088531613349915,0.5935906171798706,0.5851375460624695,0.5067834854125977,0.5505635738372803,0.5033615827560425,0.3548106551170349,0.3638303577899933,0.35877686738967896,0.430001825094223,0.46898630261421204,0.4748857617378235,0.5114476084709167,0.5154598951339722,0.5170190334320068,0.5580556392669678,0.5881708860397339,0.6133232712745667,0.6304271221160889,0.6087349653244019,0.5974903702735901,0.5982723236083984,0.6439014673233032,0.6282545924186707,0.6314756870269775,0.648504912853241,0.6511225700378418,0.6587038636207581,0.6922855377197266,0.6857802271842957,0.6506417393684387,0.6595903635025024,0.65165776014328,0.6101905703544617,0.581230640411377,0.5666361451148987,0.6050920486450195,0.6195682883262634,0.6281806826591492,0.6375232934951782,0.628523588180542,0.6417493224143982,0.6536542773246765,0.6820971369743347,0.6551200747489929,0.6398347616195679,0.6248932480812073,0.6198254823684692,0.6183316111564636,0.6256405711174011,0.6324434876441956,0.6139475107192993,0.6932569742202759,0.8130500316619873,0.721566379070282,0.7694905400276184,0.7323092222213745,0.7327086925506592,0.7517249584197998,0.7256929874420166,0.7404689192771912,0.6929039359092712,0.6659933924674988,0.6616069674491882,0.624514102935791,0.6415727734565735,0.6149910092353821,0.6124837398529053,0.6291245222091675,0.6027114391326904,0.6229057312011719,0.6165269613265991,0.6237930655479431,0.6114841103553772,0.609772801399231
34,2014-07-01,2014-01-01,95,0.4994921386241913,0.45934823155403137,0.47683265805244446,0.4924146831035614,0.4514442980289459,0.44607633352279663,0.5066249966621399,0.5053299069404602,0.5290536880493164,0.5344215631484985,0.5423266291618347,0.5546652674674988,0.5583472847938538,0.6109485030174255,0.6300049424171448,0.666490375995636,0.6431429982185364,0.6542482972145081,0.6246054768562317,0.6170641779899597,0.6199697852134705,0.5952548980712891,0.6272547245025635,0.6512418389320374,0.6384560465812683,0.6468342542648315,0.6529982089996338,0.6604788899421692,0.6621500849723816,0.6563249230384827,0.6456412076950073,0.6272659301757812,0.6343979835510254,0.6066123247146606,0.5855467915534973,0.587724506855011,0.5801786184310913,0.5885588526725769,0.5875861048698425,0.5501745939254761,0.49064892530441284,0.47816264629364014,0.47138282656669617,0.48237326741218567,0.45607656240463257,0.44910725951194763,0.4731826186180115,0.44740673899650574,0.3959027826786041,0.36887186765670776,0.4915800988674164,0.4880580008029938,0.5630053281784058,0.5695787668228149,0.5940316915512085,0.6241598129272461,0.6352244019508362,0.6505430936813354,0.6559698581695557,0.6527430415153503,0.6662354469299316,0.6393914222717285,0.6409967541694641,0.6205024719238281,0.6007318496704102,0.6036438941955566,0.6081544756889343,0.6047592759132385,0.5887719988822937,0.5791245698928833,0.4976729452610016,0.5490251183509827,0.48334214091300964,0.3466883897781372,0.34953612089157104,0.35368838906288147,0.42730703949928284,0.47212153673171997,0.47816240787506104,0.5199540257453918,0.5163528323173523,0.5139709115028381,0.5555489659309387,0.5822839140892029,0.6096718311309814,0.6284852623939514,0.6090346574783325,0.593592643737793,0.5863020420074463,0.6445780992507935,0.6086927652359009,0.6260954141616821,0.6419489979743958,0.6447401642799377,0.6529470682144165,0.691057562828064,0.6830599904060364,0.6483497023582458,0.6569474339485168,0.6418372392654419,0.6023716926574707,0.5714040398597717,0.5598227977752686,0.5941970944404602,0.6135900616645813,0.6222176551818848,0.6324655413627625,0.6253677606582642,0.635906994342804,0.6502622365951538,0.6795764565467834,0.6514723300933838,0.6363095641136169,0.6201954483985901,0.6152145862579346,0.6092410087585449,0.6218170523643494,0.626059889793396,0.6038728952407837,0.6912230849266052,0.8217131495475769,0.7144508957862854,0.7940919399261475,0.7052889466285706,0.7218063473701477,0.7437334656715393,0.7076597809791565,0.730079710483551,0.6911205053329468,0.6636814475059509,0.6652784943580627,0.6204238533973694,0.6380615234375,0.6119131445884705,0.606952965259552,0.6257439255714417,0.5977140069007874,0.6180868148803711,0.6117546558380127,0.6216331124305725,0.6078246831893921,0.6013544201850891
35,2014-10-01,2014-04-01,96,0.49512964487075806,0.4503287971019745,0.4759960472583771,0.49283573031425476,0.4448680579662323,0.4442217946052551,0.5148817300796509,0.5000877380371094,0.5247441530227661,0.5282776951789856,0.5302937626838684,0.547845184803009,0.5487520098686218,0.6059924960136414,0.6231211423873901,0.6628057956695557,0.6355962157249451,0.6518535614013672,0.6193620562553406,0.6125839948654175,0.6192746758460999,0.5915208458900452,0.6256769895553589,0.6492845416069031,0.6340269446372986,0.6419647932052612,0.6459387540817261,0.6606429219245911,0.6590330004692078,0.6512615084648132,0.6490930318832397,0.6279042959213257,0.6349808573722839,0.6050426959991455,0.5816482305526733,0.5797224640846252,0.5797090530395508,0.5903140306472778,0.587772011756897,0.5570158362388611,0.49303117394447327,0.4808753430843353,0.4713391661643982,0.4811975955963135,0.4591963589191437,0.4327634871006012,0.4744851887226105,0.43766090273857117,0.38547152280807495,0.35971811413764954,0.47826087474823,0.48618367314338684,0.5643928647041321,0.5606825947761536,0.5826410055160522,0.6178185343742371,0.6297335624694824,0.644646942615509,0.6394245624542236,0.6473254561424255,0.6639171838760376,0.6340051293373108,0.6444747447967529,0.6122808456420898,0.5918607115745544,0.6043931841850281,0.6006805300712585,0.5971327424049377,0.5813016891479492,0.5716748833656311,0.48531076312065125,0.5512102246284485,0.4646848440170288,0.3363516628742218,0.3459613621234894,0.34757694602012634,0.39940816164016724,0.45585861802101135,0.4590538740158081,0.5088928937911987,0.5022889375686646,0.49932652711868286,0.5374531149864197,0.5652159452438354,0.5905972719192505,0.6150739789009094,0.5992496609687805,0.5785602927207947,0.5660844445228577,0.6395226120948792,0.5753199458122253,0.6129665374755859,0.6316245198249817,0.6320828795433044,0.6378548741340637,0.6849578619003296,0.6768878698348999,0.6390206217765808,0.6544618010520935,0.6352553367614746,0.5903988480567932,0.5622701048851013,0.5522127151489258,0.5799373388290405,0.6034601926803589,0.6118499040603638,0.6240000128746033,0.6143090724945068,0.6299103498458862,0.6402915120124817,0.6727800369262695,0.6410019397735596,0.6278954744338989,0.6098601222038269,0.6138071417808533,0.6027235984802246,0.6179733872413635,0.6188635230064392,0.5876166820526123,0.714815080165863,0.8136419653892517,0.6906492710113525,0.8230196237564087,0.6630623936653137,0.7078189849853516,0.7326462864875793,0.6779765486717224,0.7164702415466309,0.688344419002533,0.6595935821533203,0.6706827878952026,0.6206501722335815,0.6378743648529053,0.6119142174720764,0.6066091060638428,0.6238337159156799,0.5968213677406311,0.6138099431991577,0.5993165373802185,0.6173545122146606,0.6030409932136536,0.590802788734436
36,2015-01-01,2014-07-01,97,0.5014333724975586,0.4733065068721771,0.4911211133003235,0.4929421842098236,0.4471965730190277,0.4478830099105835,0.5037202835083008,0.49251788854599,0.5283021330833435,0.5310046076774597,0.5378183722496033,0.5575860738754272,0.5614610314369202,0.6047117710113525,0.6241040825843811,0.6574890613555908,0.6381551623344421,0.6425226926803589,0.6221050024032593,0.6231852173805237,0.6207899451255798,0.5977641344070435,0.6269997358322144,0.6423735618591309,0.6346403956413269,0.6432420015335083,0.6427147388458252,0.6576619148254395,0.650604784488678,0.6396805047988892,0.6389331221580505,0.6259439587593079,0.6325114369392395,0.6043946743011475,0.5813884139060974,0.5907896161079407,0.5847181677818298,0.5867546200752258,0.5858493447303772,0.5562697052955627,0.5045185089111328,0.4983079731464386,0.49264827370643616,0.5096598863601685,0.46740400791168213,0.4734370708465576,0.468669056892395,0.44418415427207947,0.40166395902633667,0.3740447163581848,0.49174436926841736,0.49408605694770813,0.557827353477478,0.5731479525566101,0.5941721796989441,0.6241155862808228,0.6401141881942749,0.643868088722229,0.6614909172058105,0.6539751291275024,0.6748062372207642,0.6382731199264526,0.6387051939964294,0.6231719255447388,0.6062659621238708,0.6117178797721863,0.6065525412559509,0.6034660935401917,0.5935937762260437,0.5845537781715393,0.504852831363678,0.5522162914276123,0.5114877820014954,0.36184757947921753,0.3784336745738983,0.3523921072483063,0.4022981822490692,0.4423680603504181,0.44600147008895874,0.48195594549179077,0.4906868636608124,0.4928213059902191,0.5278801321983337,0.5659016370773315,0.5805737376213074,0.606713056564331,0.5841382741928101,0.5743438005447388,0.5817718505859375,0.6193334460258484,0.6201391816139221,0.6159682273864746,0.6394087672233582,0.6427695751190186,0.6420842409133911,0.6842653751373291,0.6818507313728333,0.643854022026062,0.6634272933006287,0.6561821699142456,0.6075377464294434,0.5871772766113281,0.5708236694335938,0.6050496697425842,0.6185548305511475,0.6264104843139648,0.6368558406829834,0.6250929832458496,0.6471850275993347,0.6510441899299622,0.679787278175354,0.6511945724487305,0.6389033198356628,0.622001588344574,0.6276261806488037,0.6282820105552673,0.6330018639564514,0.6384642124176025,0.6110355854034424,0.667585015296936,0.7949535250663757,0.7047153115272522,0.7469022870063782,0.733515739440918,0.7288653254508972,0.7499587535858154,0.7180050015449524,0.7341488003730774,0.6890497803688049,0.6645004153251648,0.6593583226203918,0.6315783858299255,0.6495571136474609,0.6225433349609375,0.6195700764656067,0.634480357170105,0.6136330366134644,0.6272124648094177,0.6104349493980408,0.6277039051055908,0.6159111857414246,0.6133964657783508
37,2015-04-01,2014-10-01,98,0.4994317889213562,0.4719315469264984,0.4920278787612915,0.4921720027923584,0.4451233148574829,0.44710227847099304,0.50282222032547,0.4909003973007202,0.5279210805892944,0.5300996899604797,0.5372450947761536,0.5580941438674927,0.5625132918357849,0.6042625904083252,0.6250618696212769,0.6579583883285522,0.6383916735649109,0.6429774761199951,0.6230867505073547,0.6251575350761414,0.6227519512176514,0.5992317199707031,0.6277509927749634,0.6419584155082703,0.635604202747345,0.6436036825180054,0.6433884501457214,0.6594685912132263,0.6512838006019592,0.639965832233429,0.6407405138015747,0.6274678111076355,0.6333866715431213,0.6043871641159058,0.581924319267273,0.5905956625938416,0.5848679542541504,0.5862781405448914,0.5852363705635071,0.5555827021598816,0.5042085647583008,0.4977574646472931,0.49236172437667847,0.5093407034873962,0.46784526109695435,0.4734806716442108,0.46669065952301025,0.4407075047492981,0.39851394295692444,0.37273427844047546,0.48853442072868347,0.4955906867980957,0.5571019053459167,0.5740426182746887,0.5938705801963806,0.6245043277740479,0.6413868069648743,0.6433101296424866,0.6620553731918335,0.6549568176269531,0.6745354533195496,0.6381627917289734,0.6395961046218872,0.6234135627746582,0.6064264178276062,0.6150421500205994,0.6059417724609375,0.6022921204566956,0.5933376550674438,0.582769513130188,0.5032007098197937,0.5488237142562866,0.507228672504425,0.36658158898353577,0.38014134764671326,0.3491211235523224,0.39552855491638184,0.4372780919075012,0.4426797032356262,0.4795866906642914,0.48863863945007324,0.490430623292923,0.5243417024612427,0.5630711913108826,0.5792073011398315,0.6053325533866882,0.5823082327842712,0.5738169550895691,0.5817762613296509,0.6185734272003174,0.6195820569992065,0.6178085207939148,0.6401224732398987,0.6433711051940918,0.6422122716903687,0.6844757795333862,0.6826622486114502,0.6452926993370056,0.6664592623710632,0.6567238569259644,0.6078099012374878,0.5885364413261414,0.5714643001556396,0.6038316488265991,0.6178665161132812,0.6256483793258667,0.6359535455703735,0.625234842300415,0.6472522616386414,0.6490330696105957,0.6784251928329468,0.6504220962524414,0.6384871006011963,0.6215348243713379,0.6284709572792053,0.628170907497406,0.6329904198646545,0.6374544501304626,0.6107820868492126,0.6755998134613037,0.7884965538978577,0.7019349336624146,0.7462705373764038,0.7310945391654968,0.7277980446815491,0.7467871904373169,0.7143735289573669,0.731022298336029,0.6865886449813843,0.6621412634849548,0.6579582095146179,0.6315566301345825,0.6485310792922974,0.6220601797103882,0.6196510791778564,0.6345252394676208,0.614915668964386,0.6271524429321289,0.6090937256813049,0.6281886100769043,0.6154614686965942,0.6133682131767273
38,2015-07-01,2015-01-01,99,0.49153009057044983,0.40290969610214233,0.4844575822353363,0.5404531359672546,0.47629988193511963,0.49152815341949463,0.6052290797233582,0.5368937849998474,0.5473542809486389,0.5366787910461426,0.4998832046985626,0.5277202129364014,0.5112382769584656,0.5894954204559326,0.5953086018562317,0.648240864276886,0.5855914354324341,0.630935788154602,0.5701360702514648,0.5599640011787415,0.5982406139373779,0.5542821288108826,0.6008257865905762,0.6342915296554565,0.6039615273475647,0.6052074432373047,0.6117254495620728,0.6596007943153381,0.6547567844390869,0.6430646181106567,0.6662272214889526,0.622626006603241,0.6387062072753906,0.6142998337745667,0.5734409093856812,0.5468443632125854,0.5759658217430115,0.6029152870178223,0.5855907797813416,0.5863562822341919,0.48660337924957275,0.4888658821582794,0.4754151999950409,0.4924783408641815,0.5054222941398621,0.42636385560035706,0.5581663250923157,0.4695607125759125,0.4264819324016571,0.3810214102268219,0.4782741963863373,0.5384719967842102,0.622127890586853,0.5749268531799316,0.5540764927864075,0.6077772378921509,0.6198340058326721,0.618760347366333,0.5670508742332458,0.6115167140960693,0.6144219040870667,0.5906251668930054,0.6427115201950073,0.545665442943573,0.517839252948761,0.5984795093536377,0.5413719415664673,0.5363624691963196,0.5284205675125122,0.5225129127502441,0.42578938603401184,0.5383665561676025,0.3489686846733093,0.3580770492553711,0.36317747831344604,0.3631722927093506,0.3788989782333374,0.49258163571357727,0.4822135865688324,0.5671376585960388,0.5276920199394226,0.48039689660072327,0.4842306971549988,0.5047284960746765,0.5464234352111816,0.5916356444358826,0.5710436105728149,0.5264590382575989,0.4795050024986267,0.6200260519981384,0.42804208397865295,0.5676180720329285,0.587067186832428,0.5817362666130066,0.5728183388710022,0.66948002576828,0.6545015573501587,0.6088749170303345,0.6455660462379456,0.57916659116745,0.5325440168380737,0.5070536732673645,0.5160874724388123,0.5075426697731018,0.559567928314209,0.5575137734413147,0.5743265748023987,0.5795678496360779,0.5897467136383057,0.5873463749885559,0.6347846984863281,0.5917169451713562,0.5779334306716919,0.5471092462539673,0.5838140845298767,0.5437663197517395,0.5877187848091125,0.564155638217926,0.5067998170852661,0.7608674764633179,0.8453056812286377,0.6164407134056091,0.9179653525352478,0.4632183909416199,0.6348430514335632,0.6609882116317749,0.5081388354301453,0.6395989060401917,0.6537802219390869,0.6081098318099976,0.6742854118347168,0.606073260307312,0.6177291870117188,0.5851346850395203,0.5727001428604126,0.6066017150878906,0.5761709809303284,0.575126588344574,0.5407350659370422,0.6103293895721436,0.5753775238990784,0.5307583212852478
39,2015-10-01,2015-04-01,100,0.5002785921096802,0.46832701563835144,0.49102407693862915,0.4928029477596283,0.44301748275756836,0.44742944836616516,0.5078591108322144,0.4898202121257782,0.5263708233833313,0.5285416841506958,0.5311205387115479,0.5539833903312683,0.5560194253921509,0.6015215516090393,0.6211431622505188,0.6559551358222961,0.6342165470123291,0.6402426958084106,0.6188807487487793,0.6215267777442932,0.620890736579895,0.5959274172782898,0.6270472407341003,0.6417533159255981,0.6333354711532593,0.6413164734840393,0.6396496891975403,0.6601600646972656,0.6506859660148621,0.6379640102386475,0.6426351070404053,0.6277714371681213,0.6342218518257141,0.6068417429924011,0.5809343457221985,0.5889312624931335,0.5865041017532349,0.5894973874092102,0.5861415266990662,0.5607222318649292,0.505266547203064,0.49978259205818176,0.4945647716522217,0.5129327774047852,0.47034022212028503,0.4703451693058014,0.4715351164340973,0.4393519461154938,0.3954036831855774,0.3703169822692871,0.4854489266872406,0.49753090739250183,0.5625756978988647,0.5748605132102966,0.5908901691436768,0.6238127946853638,0.6410886645317078,0.6419846415519714,0.6562014222145081,0.6520311832427979,0.6741666197776794,0.6353256702423096,0.6412194967269897,0.6188459396362305,0.6013497114181519,0.6150842905044556,0.6024147272109985,0.5990117788314819,0.5896763801574707,0.5805544853210449,0.4978022575378418,0.5515327453613281,0.49849143624305725,0.3552926778793335,0.372125506401062,0.3416379690170288,0.38263365626335144,0.43019425868988037,0.4317798316478729,0.472226083278656,0.4796968102455139,0.4805757999420166,0.5120773315429688,0.5524073243141174,0.5653727054595947,0.5960645079612732,0.5747411251068115,0.562380850315094,0.5688132643699646,0.6122281551361084,0.6036103367805481,0.6085098385810852,0.634361743927002,0.6373987793922424,0.6339126825332642,0.6832095980644226,0.6808639168739319,0.6403254866600037,0.6650751829147339,0.6542278528213501,0.6021093726158142,0.5837082862854004,0.5672123432159424,0.5988020300865173,0.6147964596748352,0.6226845979690552,0.6339247226715088,0.6218770742416382,0.6464094519615173,0.6466249823570251,0.6773370504379272,0.6469336152076721,0.6352724432945251,0.6159409284591675,0.6284061670303345,0.6269893050193787,0.6331200003623962,0.6366583108901978,0.602009117603302,0.6665343046188354,0.7929412722587585,0.6940376162528992,0.7619031667709351,0.7187938690185547,0.7239894866943359,0.7462447881698608,0.704335629940033,0.7285907864570618,0.6877802610397339,0.6622849106788635,0.6627362370491028,0.6346426606178284,0.6521956324577332,0.6242767572402954,0.6204948425292969,0.6358250379562378,0.6154951453208923,0.6264274716377258,0.6045255661010742,0.6293148398399353,0.6159899830818176,0.609992504119873
40,2016-01-01,2015-07-01,101,0.49997663497924805,0.46296241879463196,0.4844563603401184,0.4932085871696472,0.43947166204452515,0.4482748210430145,0.5173898339271545,0.49968311190605164,0.5414156317710876,0.5415071845054626,0.5354740619659424,0.5615116953849792,0.5566219091415405,0.6119580864906311,0.6273948550224304,0.6653438806533813,0.6395078897476196,0.6438403725624084,0.6155911684036255,0.6222192645072937,0.6221451163291931,0.5927048921585083,0.6296553015708923,0.6484462022781372,0.6318075060844421,0.6435407996177673,0.6368438601493835,0.6598623394966125,0.6483529806137085,0.6311182379722595,0.6349875926971436,0.6159082055091858,0.6284993886947632,0.6008592247962952,0.5649489760398865,0.5752728581428528,0.5779429078102112,0.5825366377830505,0.5735363364219666,0.5531400442123413,0.4875721037387848,0.4850926399230957,0.47903329133987427,0.5015156865119934,0.4510064423084259,0.44855958223342896,0.4610719382762909,0.4292139410972595,0.38325244188308716,0.3562409579753876,0.4817868173122406,0.48484697937965393,0.569027841091156,0.5743715763092041,0.5904194712638855,0.6258140206336975,0.642673134803772,0.6441398859024048,0.6489650011062622,0.644950807094574,0.6735885143280029,0.6274191737174988,0.6342417597770691,0.6062921285629272,0.5869701504707336,0.5939714312553406,0.5872563719749451,0.5872094035148621,0.5767128467559814,0.5761918425559998,0.4888842701911926,0.5493168234825134,0.48850101232528687,0.31865474581718445,0.3544824719429016,0.33573561906814575,0.37761709094047546,0.4362228810787201,0.4324072003364563,0.47668564319610596,0.48375245928764343,0.48813626170158386,0.5198114514350891,0.5681832432746887,0.5741519331932068,0.606941819190979,0.5809482336044312,0.5604951977729797,0.5648651123046875,0.6155669689178467,0.603831946849823,0.6053078174591064,0.6455380916595459,0.6459450721740723,0.6360377669334412,0.6930568814277649,0.6854084134101868,0.6318153738975525,0.6530205011367798,0.651518702507019,0.592039167881012,0.5657510757446289,0.5486860871315002,0.5835216045379639,0.598404586315155,0.6073824167251587,0.6213025450706482,0.6034882068634033,0.6323715448379517,0.6338841319084167,0.6653193831443787,0.6284665465354919,0.6132147312164307,0.5909773111343384,0.6064485311508179,0.6079031825065613,0.6112194657325745,0.6131762862205505,0.5641623735427856,0.645623505115509,0.8302476406097412,0.6906062960624695,0.7777196168899536,0.726409912109375,0.7264061570167542,0.7521345019340515,0.6911817789077759,0.7244711518287659,0.6741095185279846,0.6424335241317749,0.6457189321517944,0.6160688996315002,0.6367785930633545,0.607027530670166,0.6022809743881226,0.621214747428894,0.5982182025909424,0.610073447227478,0.5855602025985718,0.6171392798423767,0.6062281727790833,0.592979907989502
41,2016-04-01,2015-10-01,102,0.5067878365516663,0.4793592095375061,0.49620890617370605,0.49323782324790955,0.44479700922966003,0.449624240398407,0.5065542459487915,0.4938887655735016,0.5308091044425964,0.533330500125885,0.5383846163749695,0.5602987408638,0.5624606013298035,0.6054444313049316,0.6266995072364807,0.6598153114318848,0.6413612961769104,0.6452822089195251,0.6254206895828247,0.6289853453636169,0.6251844167709351,0.6010035276412964,0.6312827467918396,0.6444645524024963,0.6374879479408264,0.6458543539047241,0.6443637609481812,0.6609504818916321,0.6516980528831482,0.6397250890731812,0.641527533531189,0.6276982426643372,0.6338168382644653,0.603060781955719,0.5794035792350769,0.5882002711296082,0.584600567817688,0.5861650705337524,0.5850282311439514,0.5548383593559265,0.5035228729248047,0.4958127439022064,0.4919840693473816,0.507561206817627,0.46597692370414734,0.46437498927116394,0.4618528187274933,0.4335462749004364,0.38969686627388,0.3694458305835724,0.4839172065258026,0.4926778972148895,0.5585340857505798,0.5720905065536499,0.5928599834442139,0.6243382692337036,0.6399447321891785,0.6428717374801636,0.6563392877578735,0.6521006226539612,0.6749467849731445,0.6358176469802856,0.6389615535736084,0.6223303079605103,0.6053617596626282,0.6117793321609497,0.6047793030738831,0.6018074154853821,0.5927250981330872,0.5833673477172852,0.5037012696266174,0.551201581954956,0.5047430396080017,0.35539743304252625,0.37164613604545593,0.3450886607170105,0.38572564721107483,0.43160170316696167,0.4358631372451782,0.4747677743434906,0.4824253022670746,0.4889930188655853,0.5248844623565674,0.5638033151626587,0.5761774778366089,0.6010847091674805,0.5798552632331848,0.5685209035873413,0.5749967098236084,0.6170513033866882,0.609649121761322,0.6128078699111938,0.63931804895401,0.6415131688117981,0.6408770084381104,0.6830259561538696,0.6800363063812256,0.6396222710609436,0.6608885526657104,0.6537300944328308,0.6018045544624329,0.5816339254379272,0.5628064870834351,0.5956165790557861,0.6089197993278503,0.6195964813232422,0.63092440366745,0.6160257458686829,0.6413255929946899,0.6414308547973633,0.6728297472000122,0.6425010561943054,0.6304065585136414,0.6141331195831299,0.6229328513145447,0.6221597790718079,0.6253098845481873,0.6300163865089417,0.6003978252410889,0.6835790276527405,0.778527557849884,0.6904958486557007,0.7550575733184814,0.7196831107139587,0.722617506980896,0.7429037690162659,0.704908549785614,0.724765956401825,0.6818143129348755,0.6581102609634399,0.6560029983520508,0.62706059217453,0.6441938877105713,0.6200677752494812,0.6182757616043091,0.6307063698768616,0.6124551892280579,0.6255202293395996,0.6050974130630493,0.6255174875259399,0.6138399243354797,0.6104276776313782
42,2016-07-01,2016-01-01,103,0.49189579486846924,0.46325886249542236,0.48821184039115906,0.4928198456764221,0.44344860315322876,0.45051470398902893,0.5148952007293701,0.4993569254875183,0.5369015336036682,0.5377407670021057,0.5385432839393616,0.5618444681167603,0.5621697306632996,0.6069332957267761,0.62583988904953,0.6581411957740784,0.6348332762718201,0.640251100063324,0.6148685216903687,0.6177661418914795,0.6176872253417969,0.5922756791114807,0.6229535937309265,0.6391138434410095,0.629207968711853,0.6371929049491882,0.6341524124145508,0.6546615362167358,0.6424371004104614,0.6280518174171448,0.632925808429718,0.617756187915802,0.6239524483680725,0.5941640734672546,0.5689627528190613,0.5757504105567932,0.5752674341201782,0.5778995752334595,0.5711577534675598,0.5452607274055481,0.48858046531677246,0.4829562306404114,0.4778275787830353,0.5001175403594971,0.46172189712524414,0.46105581521987915,0.4664555490016937,0.434976726770401,0.39138591289520264,0.37055617570877075,0.4841334819793701,0.4988937973976135,0.5665027499198914,0.5741475820541382,0.5925443172454834,0.6243501901626587,0.6379132270812988,0.6397400498390198,0.6487391591072083,0.6440296173095703,0.6654737591743469,0.6254292726516724,0.6325629949569702,0.6090191006660461,0.5910186767578125,0.6031275391578674,0.5909759402275085,0.5892125964164734,0.5821831226348877,0.5737648010253906,0.4954127371311188,0.5513813495635986,0.49824628233909607,0.356852650642395,0.37837615609169006,0.35812991857528687,0.3953858017921448,0.4462125301361084,0.4502808153629303,0.4909605085849762,0.4941387474536896,0.4999566078186035,0.5334377288818359,0.5730125308036804,0.5802198648452759,0.6076143383979797,0.5871925950050354,0.5731512904167175,0.5751686096191406,0.620536208152771,0.6082323789596558,0.6153290271759033,0.6436027884483337,0.6450775861740112,0.6401050686836243,0.6860795617103577,0.682802140712738,0.6404149532318115,0.6628875136375427,0.6524059772491455,0.5990961790084839,0.5795065760612488,0.56141197681427,0.5891343355178833,0.6048474907875061,0.6153541207313538,0.6266290545463562,0.6104269623756409,0.6365593075752258,0.6359186768531799,0.6656122803688049,0.6331783533096313,0.6217675805091858,0.6037216782569885,0.615070641040802,0.6122534275054932,0.6179293394088745,0.6207870244979858,0.5850215554237366,0.6854517459869385,0.7903572916984558,0.6837355494499207,0.7653452754020691,0.7072563767433167,0.7145124673843384,0.7358019948005676,0.686103105545044,0.7082270979881287,0.6697769165039062,0.6444797515869141,0.6432986259460449,0.6110451221466064,0.6295687556266785,0.6072996258735657,0.6034804582595825,0.6172615885734558,0.6014279127120972,0.6136077642440796,0.5900852084159851,0.6155140995979309,0.6051367521286011,0.5985247492790222
43,2016-10-01,2016-04-01,104,0.4988284111022949,0.46139055490493774,0.4818994104862213,0.49300023913383484,0.4484107792377472,0.45170673727989197,0.5081765055656433,0.5017269849777222,0.5380384922027588,0.5377150774002075,0.5394226312637329,0.5634222030639648,0.5673167705535889,0.6129847764968872,0.6308176517486572,0.6646174192428589,0.6422884464263916,0.6491507887840271,0.6236966848373413,0.6264148950576782,0.6249015927314758,0.5987696051597595,0.6273977756500244,0.6464816927909851,0.6372246742248535,0.6472809314727783,0.6465742588043213,0.6623806953430176,0.6558553576469421,0.6446595788002014,0.6392033100128174,0.6250854730606079,0.6335052847862244,0.5979232788085938,0.577303946018219,0.586656391620636,0.5836919546127319,0.5862559080123901,0.5827463269233704,0.5518441796302795,0.492970734834671,0.4853106439113617,0.4769047796726227,0.49551922082901,0.45327576994895935,0.45585107803344727,0.4587036073207855,0.4398645758628845,0.3980211615562439,0.37140047550201416,0.4877256453037262,0.49057266116142273,0.5632085204124451,0.5795801281929016,0.5993171334266663,0.6317149996757507,0.647997260093689,0.6497550010681152,0.6645347476005554,0.6567674279212952,0.6754587292671204,0.636795699596405,0.6383380889892578,0.6205200552940369,0.6019306778907776,0.6044471263885498,0.6003527641296387,0.5990409851074219,0.5843086242675781,0.576373279094696,0.49207308888435364,0.5272913575172424,0.4781237244606018,0.32591965794563293,0.3472329080104828,0.3309978246688843,0.38984400033950806,0.4417884349822998,0.44798949360847473,0.4863604009151459,0.4951525926589966,0.49415120482444763,0.5250558257102966,0.5675144791603088,0.5864328145980835,0.6074488162994385,0.577328622341156,0.5678755640983582,0.5761139988899231,0.6157635450363159,0.6146286725997925,0.6152307987213135,0.6433651447296143,0.6435139179229736,0.6421242356300354,0.688243567943573,0.6817137598991394,0.6388517618179321,0.6538389325141907,0.6484270691871643,0.6009376645088196,0.5709505081176758,0.5554682612419128,0.5912026762962341,0.6056955456733704,0.6146154403686523,0.6261425614356995,0.6184027194976807,0.6378358006477356,0.643488883972168,0.6735737323760986,0.6449800729751587,0.6307429075241089,0.6116660833358765,0.6134177446365356,0.617572546005249,0.6211990714073181,0.6222536563873291,0.5910049080848694,0.6221728324890137,0.7990474700927734,0.6928046345710754,0.7488434314727783,0.739046573638916,0.734971284866333,0.7515527606010437,0.7120549082756042,0.732907235622406,0.6736221313476562,0.6405328512191772,0.6397547125816345,0.6150451302528381,0.6308534741401672,0.6052250862121582,0.6078206300735474,0.6271892786026001,0.6044062972068787,0.6193159222602844,0.6027097105979919,0.6214575171470642,0.6099069714546204,0.6036736369132996
44,2017-01-01,2016-07-01,105,0.5064041018486023,0.4738566279411316,0.48581328988075256,0.4929129183292389,0.45011192560195923,0.4499783515930176,0.505882740020752,0.5020697116851807,0.5346637964248657,0.5377179980278015,0.5426562428474426,0.5625941753387451,0.5662258863449097,0.6125245690345764,0.6303871273994446,0.6648045182228088,0.6457115411758423,0.6527451276779175,0.6279003620147705,0.6274799704551697,0.6244927644729614,0.6013002395629883,0.630055844783783,0.6497353315353394,0.6398213505744934,0.6496369242668152,0.648910641670227,0.6613178253173828,0.6554966568946838,0.6461183428764343,0.639177143573761,0.6266788840293884,0.6344232559204102,0.6002933979034424,0.5797690153121948,0.5886887311935425,0.5850209593772888,0.5888481140136719,0.5869144797325134,0.5549068450927734,0.500130295753479,0.49257346987724304,0.48252686858177185,0.4981144368648529,0.4573337733745575,0.4534599483013153,0.458645761013031,0.4396111071109772,0.39762887358665466,0.3729987144470215,0.48966431617736816,0.4848596453666687,0.5579639077186584,0.5701826214790344,0.5966692566871643,0.6266880631446838,0.6392972469329834,0.6475133895874023,0.6584683656692505,0.652553379535675,0.6737788319587708,0.6369667649269104,0.6380752921104431,0.6241765022277832,0.6067227125167847,0.6030839085578918,0.6066854000091553,0.6062096357345581,0.5938385128974915,0.5859197378158569,0.5060377717018127,0.5465297102928162,0.5004740953445435,0.33605000376701355,0.35278239846229553,0.3430674970149994,0.39748048782348633,0.441455215215683,0.4479295611381531,0.4852178990840912,0.4901445209980011,0.49646756052970886,0.536949098110199,0.5741550922393799,0.5874719023704529,0.6076791286468506,0.5840080976486206,0.5717087984085083,0.5748688578605652,0.6195015907287598,0.6121158003807068,0.6115618348121643,0.6410115361213684,0.6426899433135986,0.6445740461349487,0.6847389936447144,0.6788246035575867,0.6386027932167053,0.6506960391998291,0.6485995054244995,0.602495014667511,0.5741322040557861,0.5585415959358215,0.5928729772567749,0.6055111289024353,0.6171974539756775,0.6298076510429382,0.6161255240440369,0.6377134919166565,0.6461061239242554,0.675368070602417,0.6456668972969055,0.6326684355735779,0.617792546749115,0.6161670684814453,0.6188385486602783,0.6218122243881226,0.6259477138519287,0.5975921750068665,0.6359328627586365,0.7896832823753357,0.6901120543479919,0.7515755891799927,0.725893497467041,0.7261988520622253,0.749233067035675,0.7120909690856934,0.7289772629737854,0.6802341341972351,0.6538153886795044,0.6490707397460938,0.6167830228805542,0.634871780872345,0.6129897236824036,0.6125298142433167,0.6268064975738525,0.6058967709541321,0.6234323978424072,0.6087850332260132,0.6215705871582031,0.6127946376800537,0.6076575517654419
45,2017-04-01,2016-10-01,106,0.5012526512145996,0.46917295455932617,0.4863269031047821,0.4924074411392212,0.44880247116088867,0.45097851753234863,0.509944498538971,0.5027730464935303,0.5342162847518921,0.5376285314559937,0.5428277850151062,0.5625676512718201,0.5660560131072998,0.6110170483589172,0.6304904222488403,0.6636142134666443,0.6437605023384094,0.6505398154258728,0.625736653804779,0.6242029070854187,0.6219584941864014,0.5987394452095032,0.6283388733863831,0.6465018391609192,0.6382361650466919,0.6464452147483826,0.6467741131782532,0.6600678563117981,0.6534845232963562,0.644137442111969,0.6405453085899353,0.627303957939148,0.6323739290237427,0.5982719659805298,0.5791476964950562,0.5865970849990845,0.5828860998153687,0.5867800712585449,0.585631787776947,0.5503898859024048,0.4972074627876282,0.4877060353755951,0.48131322860717773,0.4981488287448883,0.4631884694099426,0.4564802646636963,0.4659094214439392,0.4409497082233429,0.39632648229599,0.3750758767127991,0.4893418252468109,0.49391135573387146,0.5642573833465576,0.5748090744018555,0.599638044834137,0.6305093765258789,0.6416760683059692,0.648735523223877,0.6573784351348877,0.6535370349884033,0.6731292605400085,0.6362566947937012,0.639442503452301,0.6226475834846497,0.604625940322876,0.6068944931030273,0.6058853268623352,0.6040886044502258,0.5925090312957764,0.5828952193260193,0.5044412612915039,0.5511484742164612,0.49889814853668213,0.3439772129058838,0.357047438621521,0.3469333052635193,0.3985999524593353,0.44507503509521484,0.45267704129219055,0.4912644624710083,0.49311208724975586,0.49933457374572754,0.5404836535453796,0.5746996402740479,0.5871053338050842,0.6071893572807312,0.5873150825500488,0.5741924047470093,0.5754802823066711,0.6247671842575073,0.6071253418922424,0.615837812423706,0.6424877643585205,0.6445176005363464,0.6483286619186401,0.6878857612609863,0.6830060482025146,0.644542932510376,0.659574031829834,0.6524208188056946,0.6049121022224426,0.5796191692352295,0.5625154376029968,0.5953036546707153,0.61002516746521,0.6225997805595398,0.6350753307342529,0.6205837726593018,0.6425687670707703,0.6482842564582825,0.6786884069442749,0.6482993364334106,0.6360234618186951,0.6203077435493469,0.6212279200553894,0.6203998923301697,0.6254804730415344,0.6307722926139832,0.6031163334846497,0.6694183349609375,0.7786849737167358,0.6893410086631775,0.7674431800842285,0.7140430808067322,0.7247850298881531,0.7470456957817078,0.7081111073493958,0.7263289093971252,0.6827020049095154,0.6562609076499939,0.6536014080047607,0.6178494691848755,0.6351996660232544,0.6145333647727966,0.6140488386154175,0.6265793442726135,0.6070175170898438,0.6250770092010498,0.6088830828666687,0.6227539777755737,0.6131249666213989,0.6090553402900696
46,2017-07-01,2017-01-01,107,0.5070716142654419,0.4752729833126068,0.48846906423568726,0.4935165047645569,0.45147082209587097,0.45306816697120667,0.5093814730644226,0.5043439865112305,0.5356766581535339,0.5388261079788208,0.5443176031112671,0.5636422634124756,0.5671572089195251,0.6111332178115845,0.6311706900596619,0.6638392210006714,0.6452987790107727,0.6507638692855835,0.6267615556716919,0.6258082389831543,0.6220216751098633,0.5990771055221558,0.6289681792259216,0.6470083594322205,0.6394580006599426,0.6480963230133057,0.6486656069755554,0.6606959700584412,0.6549922823905945,0.645968496799469,0.6396952271461487,0.6275959014892578,0.633204996585846,0.5978986620903015,0.5795922875404358,0.5887905359268188,0.5835658311843872,0.5865907669067383,0.5858279466629028,0.548420786857605,0.4952409863471985,0.4854019582271576,0.48055022954940796,0.49781206250190735,0.46043291687965393,0.4587263762950897,0.4624798893928528,0.440876305103302,0.39670535922050476,0.37531960010528564,0.4914760887622833,0.49337565898895264,0.564537763595581,0.5765809416770935,0.6021339297294617,0.6317808628082275,0.6424493193626404,0.6495611667633057,0.6603587865829468,0.653567910194397,0.674126386642456,0.6362689733505249,0.6373471617698669,0.6243939399719238,0.6064952611923218,0.6048267483711243,0.6071867346763611,0.6059394478797913,0.5937017798423767,0.5844035744667053,0.5053027272224426,0.5471362471580505,0.49975430965423584,0.336893767118454,0.3507827818393707,0.3438812494277954,0.4017798602581024,0.44673392176628113,0.4537389278411865,0.4907219409942627,0.49339529871940613,0.5001391768455505,0.5418869853019714,0.5763013362884521,0.5885286331176758,0.6064450144767761,0.5842673778533936,0.5722489356994629,0.5754281878471375,0.6210128664970398,0.6103757619857788,0.6142055988311768,0.6417658925056458,0.6438334584236145,0.6484977006912231,0.686436116695404,0.6811330914497375,0.6417458653450012,0.6554168462753296,0.650594174861908,0.6031229496002197,0.5759583115577698,0.5579617023468018,0.5941857099533081,0.607429563999176,0.6215624213218689,0.6334245800971985,0.6184278130531311,0.6406357884407043,0.6469306349754333,0.678026556968689,0.6474951505661011,0.6343482136726379,0.6194067597389221,0.6183016300201416,0.6197305917739868,0.6234567165374756,0.6293730139732361,0.6035892367362976,0.6558158993721008,0.7765923142433167,0.6909930109977722,0.7571398615837097,0.7235759496688843,0.7276914119720459,0.7495028972625732,0.7144386172294617,0.7292168140411377,0.6809144020080566,0.6549152135848999,0.6499889492988586,0.6153963804244995,0.6332105398178101,0.6130973696708679,0.6135743260383606,0.6261130571365356,0.6068283319473267,0.6263259649276733,0.6109708547592163,0.6235934495925903,0.6139849424362183,0.6111194491386414
47,2017-10-01,2017-04-01,108,0.509021520614624,0.48028862476348877,0.4924581050872803,0.4928666353225708,0.4497345983982086,0.4531537890434265,0.5099518299102783,0.5014488697052002,0.5338242053985596,0.5369288921356201,0.5423845052719116,0.5624964833259583,0.5652147531509399,0.6081945300102234,0.6282997131347656,0.6605279445648193,0.6429775357246399,0.6472370028495789,0.6245537996292114,0.6245121359825134,0.6194395422935486,0.5968337655067444,0.6278611421585083,0.6437822580337524,0.636978030204773,0.6459112167358398,0.6459404826164246,0.65772944688797,0.6517942547798157,0.6432482004165649,0.6378695964813232,0.6264035105705261,0.6329617500305176,0.5966774225234985,0.578345537185669,0.5880042314529419,0.5826623439788818,0.5845184922218323,0.5860198140144348,0.5477259755134583,0.49644264578819275,0.48714548349380493,0.48423928022384644,0.5004028081893921,0.4635143578052521,0.46038490533828735,0.4622226059436798,0.4398643970489502,0.39808765053749084,0.3766317665576935,0.4925958514213562,0.4934366047382355,0.5634768009185791,0.5740666389465332,0.6007936000823975,0.6306166052818298,0.6409600377082825,0.6475856900215149,0.6572380065917969,0.6524540185928345,0.6753469705581665,0.6351012587547302,0.6352383494377136,0.623496413230896,0.6058206558227539,0.6020750403404236,0.6057870984077454,0.6044194102287292,0.5936932563781738,0.5851678252220154,0.5072323083877563,0.551305890083313,0.507413923740387,0.34409967064857483,0.3612745702266693,0.3506341874599457,0.40206754207611084,0.4462663531303406,0.4512944519519806,0.4887813329696655,0.4925633370876312,0.5004904866218567,0.5424036979675293,0.5764802694320679,0.5888651013374329,0.6065075397491455,0.583461344242096,0.5715009570121765,0.5754212141036987,0.6213114261627197,0.6079715490341187,0.6123082637786865,0.6402965784072876,0.6417070031166077,0.6472381949424744,0.6837744116783142,0.6792123913764954,0.6395798325538635,0.6550933718681335,0.6520659327507019,0.6026962399482727,0.577040433883667,0.5584108233451843,0.5950804948806763,0.6068158745765686,0.6216100454330444,0.6331084370613098,0.6151421666145325,0.6402549147605896,0.6447070240974426,0.6779312491416931,0.6458644866943359,0.6326305866241455,0.6194694638252258,0.6193355917930603,0.6204864978790283,0.6230916380882263,0.6303189992904663,0.6081950664520264,0.6789845824241638,0.7683345079421997,0.690499484539032,0.7596462368965149,0.7220588326454163,0.7283423542976379,0.7503855228424072,0.7170644998550415,0.7323096990585327,0.6835683584213257,0.6578405499458313,0.6517306566238403,0.6160791516304016,0.633731484413147,0.6137341260910034,0.6149056553840637,0.6251370906829834,0.6071319580078125,0.6271098852157593,0.6103169918060303,0.6231667399406433,0.6129952073097229,0.6118902564048767
48,2018-01-01,2017-07-01,109,0.503947377204895,0.47490888833999634,0.49267351627349854,0.49377840757369995,0.4494171142578125,0.45287132263183594,0.5103668570518494,0.5014299750328064,0.5338515639305115,0.5367215871810913,0.5440763831138611,0.563581645488739,0.5672922730445862,0.609228789806366,0.6308246850967407,0.6626368165016174,0.6445345878601074,0.6493857502937317,0.6276425123214722,0.6270700097084045,0.6233375072479248,0.6000925302505493,0.6297970414161682,0.6444928646087646,0.6388031840324402,0.6463423371315002,0.6475643515586853,0.6595937609672546,0.6531594395637512,0.6439158320426941,0.6418298482894897,0.6285268068313599,0.6320136189460754,0.5967442989349365,0.5792410969734192,0.5869741439819336,0.5817155838012695,0.584111750125885,0.5861878395080566,0.546877384185791,0.4980340003967285,0.48616522550582886,0.4837990999221802,0.49864304065704346,0.46606776118278503,0.45954641699790955,0.46538230776786804,0.438962459564209,0.39297133684158325,0.3736903965473175,0.48752060532569885,0.49624693393707275,0.5631117224693298,0.5751549601554871,0.6000815629959106,0.6309235095977783,0.6424415111541748,0.648542046546936,0.6584333181381226,0.6556712985038757,0.6751201152801514,0.6380059123039246,0.6397974491119385,0.624902606010437,0.6071517467498779,0.6102493405342102,0.6080446243286133,0.6047680377960205,0.5931688547134399,0.5822766423225403,0.5043554306030273,0.5506998896598816,0.5008425712585449,0.3501574397087097,0.3627077043056488,0.3490319550037384,0.3992484211921692,0.44531944394111633,0.4536811411380768,0.4914581775665283,0.49441927671432495,0.5011074542999268,0.5422636270523071,0.5747866034507751,0.5887735486030579,0.6068379878997803,0.5879371166229248,0.5763677358627319,0.5794230103492737,0.6275771260261536,0.6081520915031433,0.6194515824317932,0.6428356766700745,0.6446390748023987,0.6507501602172852,0.6870978474617004,0.6831228733062744,0.6458027362823486,0.662559449672699,0.6540576219558716,0.604922354221344,0.5817996263504028,0.5626441836357117,0.5969022512435913,0.6113458275794983,0.6243236064910889,0.6361027359962463,0.6212458610534668,0.6437262296676636,0.6468042135238647,0.6786789894104004,0.648659884929657,0.6363602876663208,0.6210323572158813,0.6233139634132385,0.6211277842521667,0.6257978081703186,0.6323566436767578,0.6087077260017395,0.7017343044281006,0.7650218605995178,0.6911499500274658,0.7683912515640259,0.7128109335899353,0.7254774570465088,0.7445954084396362,0.7097333073616028,0.7270804643630981,0.6833760142326355,0.6578189730644226,0.6557068228721619,0.6205515265464783,0.63686603307724,0.6163601875305176,0.6173588633537292,0.6281372308731079,0.6093257069587708,0.6274437308311462,0.6108660697937012,0.6238256096839905,0.613264262676239,0.6120777130126953
49,2018-04-01,2017-10-01,110,0.501667857170105,0.47186434268951416,0.4900856018066406,0.4918137192726135,0.44711071252822876,0.45015621185302734,0.5087271928787231,0.49994832277297974,0.5320224761962891,0.5351861119270325,0.5425796508789062,0.5624141097068787,0.5667171478271484,0.609067440032959,0.6312326192855835,0.6633840203285217,0.644677460193634,0.6504359841346741,0.6277852058410645,0.6266160607337952,0.6232514381408691,0.599937915802002,0.6296271681785583,0.6452625393867493,0.6396833062171936,0.6470059156417847,0.6485058069229126,0.6613392233848572,0.6545259952545166,0.6453467607498169,0.6430292129516602,0.6300318241119385,0.6332834362983704,0.5973144769668579,0.5802099704742432,0.5875639915466309,0.5822523832321167,0.5848311185836792,0.5859249234199524,0.5464757084846497,0.4957660734653473,0.4839319586753845,0.48075294494628906,0.49674633145332336,0.4639298617839813,0.458162784576416,0.46346431970596313,0.43653643131256104,0.3902249038219452,0.37124377489089966,0.4858357906341553,0.49619171023368835,0.5632514953613281,0.5752435922622681,0.6003891825675964,0.6314452886581421,0.6427199840545654,0.6490975022315979,0.6596826910972595,0.6560748219490051,0.6752790808677673,0.6380497217178345,0.6407219767570496,0.625433623790741,0.6073837280273438,0.6115514039993286,0.6084485650062561,0.6053475737571716,0.5940312743186951,0.581973671913147,0.5026594400405884,0.5496054887771606,0.49846673011779785,0.3475019931793213,0.35821518301963806,0.34542936086654663,0.3966914415359497,0.4431576728820801,0.45201513171195984,0.49069744348526,0.4927099645137787,0.4994310140609741,0.5412099957466125,0.5739692449569702,0.5878925323486328,0.6065092086791992,0.5873450040817261,0.5759418606758118,0.5782940983772278,0.6268846988677979,0.6078247427940369,0.6194531321525574,0.6426600217819214,0.6447304487228394,0.6507024765014648,0.6877135038375854,0.6840617060661316,0.646865963935852,0.6642401814460754,0.6542818546295166,0.6050928831100464,0.5817870497703552,0.5625653862953186,0.596435546875,0.6115267872810364,0.625164806842804,0.6368004679679871,0.6218753457069397,0.6446226835250854,0.6479242444038391,0.6801657676696777,0.6498162746429443,0.637751579284668,0.6225182414054871,0.6244072914123535,0.6220127940177917,0.6273471713066101,0.633606493473053,0.6096698045730591,0.6983924508094788,0.7662277817726135,0.6914754509925842,0.769460141658783,0.7128386497497559,0.7259544730186462,0.7457413077354431,0.7104576230049133,0.7269281148910522,0.6843286752700806,0.6592707633972168,0.6564767360687256,0.6200355291366577,0.6368788480758667,0.616892397403717,0.6174228191375732,0.6283532977104187,0.6101480722427368,0.6285284161567688,0.6112810373306274,0.6247993111610413,0.6140387654304504,0.6127030253410339
50,2018-07-01,2018-01-01,111,0.506679117679596,0.4802934229373932,0.49362826347351074,0.49264514446258545,0.4496142268180847,0.4530218243598938,0.5080663561820984,0.5010033845901489,0.5347262620925903,0.5375739932060242,0.5456443428993225,0.5646086931228638,0.567797064781189,0.6086708903312683,0.6302237510681152,0.6611056327819824,0.6448960304260254,0.6471194624900818,0.6267358064651489,0.6271290183067322,0.6214399337768555,0.5987930297851562,0.6289821863174438,0.6428805589675903,0.6375012993812561,0.6457399725914001,0.6462003588676453,0.6566685438156128,0.6504381895065308,0.6408140659332275,0.637144923210144,0.6251882314682007,0.6289713978767395,0.5937409400939941,0.5763102769851685,0.5864105224609375,0.5797145962715149,0.5809166431427002,0.5833235383033752,0.5424721837043762,0.49520882964134216,0.4832185208797455,0.4828478693962097,0.4985158443450928,0.4628446698188782,0.46151259541511536,0.46126213669776917,0.4382971525192261,0.39246684312820435,0.3734506368637085,0.4895559549331665,0.4941307604312897,0.5619994401931763,0.5750454664230347,0.6017187237739563,0.6308806538581848,0.6417070627212524,0.6481156945228577,0.6594306230545044,0.6538907289505005,0.6754471063613892,0.6365653872489929,0.6355761885643005,0.6248038411140442,0.6074560880661011,0.605434238910675,0.6075305342674255,0.6049231886863708,0.5930290222167969,0.5836341381072998,0.5068232417106628,0.5506393909454346,0.5078983902931213,0.34498247504234314,0.3612441420555115,0.3502422273159027,0.40346410870552063,0.44650977849960327,0.45378559827804565,0.48889675736427307,0.49359288811683655,0.5029106140136719,0.5455130338668823,0.5785353183746338,0.5896230340003967,0.6062334179878235,0.5867515802383423,0.5756988525390625,0.5810678601264954,0.6248252987861633,0.6137980818748474,0.6180648803710938,0.6434407830238342,0.6453443765640259,0.6516874432563782,0.6858299970626831,0.6816818118095398,0.6430460810661316,0.6584710478782654,0.6543518304824829,0.6042996644973755,0.5805059671401978,0.5599032640457153,0.5975210070610046,0.609639048576355,0.624013364315033,0.6353508234024048,0.6183490753173828,0.6421486735343933,0.645499587059021,0.676981508731842,0.6464990973472595,0.6336478590965271,0.6189606785774231,0.6201246976852417,0.6204473376274109,0.6229531168937683,0.6310907602310181,0.6080694794654846,0.6919975280761719,0.7622470855712891,0.6923344135284424,0.7562123537063599,0.7226341962814331,0.7274975776672363,0.7470722794532776,0.7157477736473083,0.7288662791252136,0.6810920834541321,0.6562230587005615,0.6507686376571655,0.6169057488441467,0.6340421438217163,0.6140807867050171,0.6155492663383484,0.6253221035003662,0.6071063280105591,0.6266639828681946,0.610707700252533,0.6218966841697693,0.612610399723053,0.6128842234611511
51,2018-10-01,2018-04-01,112,0.498135507106781,0.4705106317996979,0.49332180619239807,0.4921879768371582,0.44632837176322937,0.45145517587661743,0.5096952319145203,0.49840259552001953,0.5316945910453796,0.5338170528411865,0.5431943535804749,0.563601553440094,0.5687114596366882,0.6080019474029541,0.6315090656280518,0.662270188331604,0.64393150806427,0.6499403119087219,0.6288397908210754,0.6281082630157471,0.6250207424163818,0.6013040542602539,0.6297680735588074,0.6423355340957642,0.6392806172370911,0.6454523205757141,0.6481847763061523,0.6604503989219666,0.6534227132797241,0.644689679145813,0.6450899839401245,0.6313055753707886,0.6326372027397156,0.5952579379081726,0.5809577703475952,0.5862188339233398,0.5811890959739685,0.5829656720161438,0.5867645740509033,0.5449383854866028,0.498565673828125,0.484697550535202,0.48325225710868835,0.4964686334133148,0.4700496792793274,0.45848798751831055,0.46580109000205994,0.43635475635528564,0.3902970552444458,0.3735303282737732,0.4837871491909027,0.5001453161239624,0.5625404119491577,0.575174868106842,0.6001431941986084,0.6320064067840576,0.6438649892807007,0.6486797332763672,0.6578307151794434,0.6584787368774414,0.6749081611633301,0.6392467021942139,0.6424091458320618,0.62607342004776,0.6080753207206726,0.6160323023796082,0.6086477041244507,0.603889524936676,0.5929384231567383,0.5791642665863037,0.5027485489845276,0.5488420724868774,0.49516814947128296,0.3623238205909729,0.3693719804286957,0.3500109612941742,0.3933660387992859,0.4413663148880005,0.4533919095993042,0.49283573031425476,0.4951053857803345,0.5009898543357849,0.5418199896812439,0.5722182989120483,0.5901340842247009,0.6066941022872925,0.5893513560295105,0.5796526670455933,0.5817604660987854,0.6322125196456909,0.6043863296508789,0.6249452233314514,0.643950879573822,0.645253598690033,0.653331995010376,0.68767911195755,0.6848421692848206,0.6506968140602112,0.6694528460502625,0.655985414981842,0.607557475566864,0.5867001414299011,0.5669164061546326,0.5974375009536743,0.6134005784988403,0.6262139678001404,0.6376579999923706,0.6243994235992432,0.645882785320282,0.6463062763214111,0.6792832016944885,0.6504886746406555,0.6392589807510376,0.6243945360183716,0.6275904178619385,0.622200608253479,0.6281999349594116,0.6338703036308289,0.6144344210624695,0.7315645813941956,0.746335506439209,0.6867793798446655,0.7770081758499146,0.7005646228790283,0.7233686447143555,0.7388790249824524,0.7045506238937378,0.7233505249023438,0.6831281185150146,0.6572771072387695,0.6574375033378601,0.6213595271110535,0.635317325592041,0.6163768768310547,0.618925929069519,0.6282781958580017,0.6111174821853638,0.6283091306686401,0.6107956767082214,0.6239455938339233,0.6120577454566956,0.6124818921089172
52,2019-01-01,2018-07-01,113,0.4999206066131592,0.47201716899871826,0.49004900455474854,0.4923977851867676,0.4501152038574219,0.4510059952735901,0.5045853853225708,0.4991416335105896,0.5319996476173401,0.5344445109367371,0.5449478030204773,0.5629573464393616,0.5687293410301208,0.6083194613456726,0.6302425861358643,0.6612339019775391,0.6441758275032043,0.648337721824646,0.6282908916473389,0.6271793842315674,0.6231961846351624,0.6006420850753784,0.6279627680778503,0.6423571705818176,0.6379905939102173,0.6452438235282898,0.6474716663360596,0.6573347449302673,0.6519163250923157,0.6428807973861694,0.6395096182823181,0.6267849206924438,0.6287521719932556,0.5940083265304565,0.5785956978797913,0.5870463252067566,0.5796623229980469,0.5815455913543701,0.5847955346107483,0.543916642665863,0.49828001856803894,0.4854113459587097,0.4824939966201782,0.4966919720172882,0.464074969291687,0.46223053336143494,0.46353408694267273,0.440824031829834,0.39433014392852783,0.37314075231552124,0.48695018887519836,0.49397706985473633,0.5575207471847534,0.5741302371025085,0.5995949506759644,0.6291767358779907,0.6417666673660278,0.6477212309837341,0.6622255444526672,0.6570684909820557,0.6738322377204895,0.6395395398139954,0.6387847065925598,0.6265607476234436,0.6092981100082397,0.6119882464408875,0.6097828149795532,0.605748176574707,0.5927894115447998,0.5808083415031433,0.5037941932678223,0.5447193384170532,0.5005373358726501,0.351945161819458,0.3623185455799103,0.3472241759300232,0.40350115299224854,0.4455094635486603,0.45665276050567627,0.4907940626144409,0.4957844913005829,0.5009299516677856,0.5418654084205627,0.5737764239311218,0.5895566940307617,0.60622638463974,0.5875851511955261,0.5787932276725769,0.5842337608337402,0.626923143863678,0.6161651611328125,0.6225832104682922,0.6427454352378845,0.6452656984329224,0.6521111726760864,0.6861274242401123,0.6825770735740662,0.6476168036460876,0.6624593138694763,0.6536738276481628,0.6069585680961609,0.5840243697166443,0.5649958252906799,0.6002126932144165,0.6145028471946716,0.6257331967353821,0.6371804475784302,0.6258196234703064,0.6450770497322083,0.6495240330696106,0.6789126396179199,0.6518376469612122,0.6397141218185425,0.6236130595207214,0.6237016916275024,0.6225621700286865,0.6271401643753052,0.6338611245155334,0.6120652556419373,0.692052960395813,0.7630933523178101,0.6952323913574219,0.7538154125213623,0.720840573310852,0.7267128229141235,0.7433405518531799,0.7142754197120667,0.7276821732521057,0.6814844608306885,0.655925452709198,0.6525895595550537,0.6212061643600464,0.6368804574012756,0.6155301928520203,0.6172839403152466,0.629295289516449,0.6091920733451843,0.6269230246543884,0.6133082509040833,0.622734010219574,0.61269211769104,0.61317378282547
53,2019-04-01,2018-10-01,114,0.4941970109939575,0.468952476978302,0.49370598793029785,0.4925343096256256,0.44668564200401306,0.4509141147136688,0.5074259042739868,0.4959855079650879,0.5315479040145874,0.5332111120223999,0.5431584715843201,0.5632030963897705,0.5687759518623352,0.6063222885131836,0.629388689994812,0.6596713662147522,0.640937328338623,0.6453590393066406,0.6256939768791199,0.6260222792625427,0.6230179667472839,0.5999410152435303,0.6271676421165466,0.6390675902366638,0.6362857818603516,0.642400324344635,0.6444352865219116,0.6576374769210815,0.649571418762207,0.6397795677185059,0.641472339630127,0.6279237270355225,0.6299237608909607,0.5959689021110535,0.5794367790222168,0.5861221551895142,0.5800319910049438,0.580952525138855,0.5841236114501953,0.5456351637840271,0.5006115436553955,0.4899689853191376,0.4878321886062622,0.5031332969665527,0.47271353006362915,0.46965691447257996,0.4692743718624115,0.4409501254558563,0.3975955545902252,0.37662264704704285,0.4872274100780487,0.5017890334129333,0.559929609298706,0.5766808390617371,0.5990377068519592,0.6301589608192444,0.6440538167953491,0.6457605957984924,0.6605295538902283,0.6578242778778076,0.673210084438324,0.6383305191993713,0.6399851441383362,0.6242259740829468,0.6067798733711243,0.6170764565467834,0.606292188167572,0.6011642217636108,0.5924314260482788,0.5791376233100891,0.5043293833732605,0.5490319728851318,0.5036963224411011,0.37672337889671326,0.383819580078125,0.3547705411911011,0.3982798159122467,0.4423289895057678,0.45421746373176575,0.4909749925136566,0.4961007833480835,0.49944427609443665,0.537600040435791,0.5704925656318665,0.5879756212234497,0.6075552701950073,0.5883644223213196,0.5805570483207703,0.5858775973320007,0.628878116607666,0.6150935292243958,0.6264098882675171,0.6450064778327942,0.6475873589515686,0.6523318290710449,0.6879697442054749,0.6864237785339355,0.6529247164726257,0.6728479862213135,0.6593303084373474,0.6112342476844788,0.592917263507843,0.5736090540885925,0.6034061908721924,0.6186026930809021,0.6284434795379639,0.6396303176879883,0.6284763813018799,0.649242639541626,0.6489639282226562,0.6797988414764404,0.652425229549408,0.6411869525909424,0.6253840923309326,0.6300070285797119,0.6258782148361206,0.631450891494751,0.637138307094574,0.6173103451728821,0.7217028737068176,0.756834864616394,0.6943994164466858,0.7612584829330444,0.7141906023025513,0.7254417538642883,0.7402287125587463,0.7087541222572327,0.7251507639884949,0.6831285357475281,0.6575720310211182,0.6555491089820862,0.6252193450927734,0.6395184993743896,0.6178750991821289,0.6190382838249207,0.6303712725639343,0.6129207611083984,0.6275020241737366,0.6104567050933838,0.6251899003982544,0.6127470135688782,0.6139419078826904
54,2019-07-01,2019-01-01,115,0.49750176072120667,0.47301846742630005,0.4951403737068176,0.4922370910644531,0.44736480712890625,0.4514903724193573,0.5065427422523499,0.4956580400466919,0.5305606126785278,0.5325462818145752,0.5441094040870667,0.5631077885627747,0.5684632062911987,0.6058809161186218,0.6287491917610168,0.6590738892555237,0.6424134373664856,0.6460316777229309,0.6278263926506042,0.6276301145553589,0.6233312487602234,0.6006191372871399,0.6282322406768799,0.6387850046157837,0.6364691257476807,0.6428461670875549,0.6452577114105225,0.6554198861122131,0.6490266919136047,0.6402935981750488,0.641127347946167,0.6275274157524109,0.6287539601325989,0.5934456586837769,0.5784691572189331,0.5855450630187988,0.579075038433075,0.5801262259483337,0.5868597030639648,0.5446807742118835,0.5038056969642639,0.49087798595428467,0.490129292011261,0.501757800579071,0.4739055633544922,0.46460309624671936,0.46816498041152954,0.4407746493816376,0.396221786737442,0.37600040435791016,0.48642367124557495,0.4974896013736725,0.5570740103721619,0.5731322169303894,0.5984878540039062,0.6295693516731262,0.6426578164100647,0.6463238000869751,0.658126711845398,0.6586249470710754,0.6748462915420532,0.6400874853134155,0.6400321125984192,0.6261986494064331,0.6090312600135803,0.6151636838912964,0.6089082360267639,0.6033558249473572,0.5927093029022217,0.580420732498169,0.5069217085838318,0.5511425137519836,0.5054331421852112,0.372061163187027,0.38043683767318726,0.35415807366371155,0.39706218242645264,0.4401933550834656,0.4526005983352661,0.48832470178604126,0.49380573630332947,0.49899962544441223,0.540160596370697,0.5705271363258362,0.5884052515029907,0.6050394177436829,0.5881828665733337,0.5795578360557556,0.5848103165626526,0.6312116384506226,0.6102885007858276,0.624875009059906,0.6435384154319763,0.6456241011619568,0.6539642214775085,0.6865301132202148,0.6842162609100342,0.6512751579284668,0.6690400838851929,0.6584457159042358,0.6104552745819092,0.5913664102554321,0.5715782046318054,0.6032825112342834,0.617598831653595,0.6280677914619446,0.6401242017745972,0.6278346180915833,0.6484796404838562,0.6490058302879333,0.680275022983551,0.6530085802078247,0.6415725946426392,0.626373291015625,0.6294658184051514,0.6251973509788513,0.6297294497489929,0.636990487575531,0.6193501949310303,0.7326712608337402,0.7441758513450623,0.6913798451423645,0.7659766674041748,0.7088690400123596,0.7253660559654236,0.7401106953620911,0.71062171459198,0.7280697226524353,0.6849955320358276,0.6587812304496765,0.6578904390335083,0.6261487007141113,0.639562726020813,0.6184345483779907,0.621387779712677,0.6307116150856018,0.6118890047073364,0.6283072233200073,0.6131566166877747,0.6236163973808289,0.6121322512626648,0.614398181438446
55,2019-10-01,2019-04-01,116,0.4930870532989502,0.46610885858535767,0.4922385811805725,0.4919748902320862,0.4458759129047394,0.4509420394897461,0.5083783268928528,0.4972394108772278,0.5321337580680847,0.5337969660758972,0.5440008044242859,0.5639083385467529,0.5692558884620667,0.6078868508338928,0.6308744549751282,0.6617094278335571,0.6427373290061951,0.6483311653137207,0.6277908682823181,0.6274920701980591,0.6249985694885254,0.6012225151062012,0.6286497712135315,0.6404527425765991,0.6374983191490173,0.643463671207428,0.6462748646736145,0.6582246422767639,0.6511181592941284,0.6421300172805786,0.6438241004943848,0.6287967562675476,0.6303532719612122,0.5950984358787537,0.5794152021408081,0.5844858288764954,0.5795813798904419,0.581507682800293,0.5862975120544434,0.5458841919898987,0.5020543932914734,0.48979276418685913,0.4874444007873535,0.4998266100883484,0.4738556742668152,0.46187302470207214,0.4697846472263336,0.4400268793106079,0.39567816257476807,0.37604644894599915,0.4850248694419861,0.4996577501296997,0.5598259568214417,0.5753551721572876,0.5987551808357239,0.6311387419700623,0.6446712613105774,0.6472746133804321,0.6575484871864319,0.6591833233833313,0.6731539368629456,0.6394574642181396,0.6418952345848083,0.6243751049041748,0.6065008640289307,0.6168956160545349,0.6065616607666016,0.600946307182312,0.5910018682479858,0.577997088432312,0.5043085217475891,0.5489283204078674,0.4968041777610779,0.37528735399246216,0.3799239993095398,0.35184726119041443,0.3926090896129608,0.4395786225795746,0.45348578691482544,0.4919186532497406,0.4957030415534973,0.49904340505599976,0.538827121257782,0.569902241230011,0.5900035500526428,0.6075703501701355,0.5900388956069946,0.5809469819068909,0.5840787291526794,0.6334490180015564,0.6077396869659424,0.6274890899658203,0.6459402441978455,0.6478205919265747,0.6548666954040527,0.6897148489952087,0.6869842410087585,0.6541945338249207,0.672363817691803,0.6582978367805481,0.611280083656311,0.5916244983673096,0.5727254152297974,0.6009760499000549,0.6170564889907837,0.6268135905265808,0.6391990184783936,0.6288225054740906,0.648047685623169,0.6481049656867981,0.6795385479927063,0.6524934768676758,0.6411128640174866,0.6252540946006775,0.6290943622589111,0.6231923699378967,0.6292306780815125,0.6344289183616638,0.6154857873916626,0.7330784797668457,0.7498018741607666,0.6892147064208984,0.774442732334137,0.7027104496955872,0.7238478660583496,0.7377033829689026,0.7034785151481628,0.7242475748062134,0.6829524040222168,0.6553265452384949,0.6569274067878723,0.6246276497840881,0.6372030973434448,0.6162295341491699,0.6187589168548584,0.6296111941337585,0.610881507396698,0.6260315775871277,0.6102536916732788,0.6235753893852234,0.6109832525253296,0.6114193797111511
56,2020-01-01,2019-07-01,117,0.4894462823867798,0.46294736862182617,0.49152323603630066,0.4925031363964081,0.44677460193634033,0.4501577615737915,0.5064026713371277,0.49667733907699585,0.5325177907943726,0.5331891179084778,0.5462497472763062,0.565877377986908,0.5732772946357727,0.6096218824386597,0.6337060928344727,0.6641421914100647,0.6460568308830261,0.651206374168396,0.6323968768119812,0.6315286159515381,0.628531277179718,0.6048598885536194,0.6301031112670898,0.641153872013092,0.6400126814842224,0.6452900767326355,0.648640513420105,0.6595762968063354,0.6520881652832031,0.642425000667572,0.6449018120765686,0.6301957964897156,0.628581166267395,0.5909496545791626,0.5780079364776611,0.5840286612510681,0.5779881477355957,0.5795010328292847,0.5861595273017883,0.542243242263794,0.5019658803939819,0.4872277081012726,0.48445507884025574,0.49682095646858215,0.4713538587093353,0.46033239364624023,0.46639156341552734,0.43782472610473633,0.3905892074108124,0.37010565400123596,0.4799211919307709,0.4977889657020569,0.555751621723175,0.5751261115074158,0.5997169613838196,0.6322351694107056,0.6465110778808594,0.6488847136497498,0.6629611849784851,0.6636230945587158,0.6757346987724304,0.6433441638946533,0.6447738409042358,0.628580629825592,0.610983669757843,0.6227988004684448,0.6106696724891663,0.6039741039276123,0.5921439528465271,0.5767564177513123,0.5010433793067932,0.5435194969177246,0.4936297535896301,0.3677768409252167,0.3725018799304962,0.3444981276988983,0.39022836089134216,0.4362218976020813,0.45411714911460876,0.4896354079246521,0.49438056349754333,0.49751555919647217,0.5385743379592896,0.5693101286888123,0.5884049534797668,0.6046421527862549,0.5890377759933472,0.5817707777023315,0.5870900750160217,0.6342633366584778,0.6129507422447205,0.6314247846603394,0.6475520133972168,0.6498724222183228,0.658165454864502,0.6915691494941711,0.6895131468772888,0.6578488349914551,0.6756361722946167,0.6603970527648926,0.6126065850257874,0.5937864184379578,0.5734879970550537,0.6031835675239563,0.6202292442321777,0.6293418407440186,0.6424827575683594,0.6340839266777039,0.6522008776664734,0.6524051427841187,0.682327389717102,0.6570378541946411,0.6463499069213867,0.6287055015563965,0.6318713426589966,0.6260797381401062,0.6321031451225281,0.6377882361412048,0.6180122494697571,0.736382246017456,0.7420580387115479,0.6905246376991272,0.768404483795166,0.7074021100997925,0.7264834046363831,0.7378514409065247,0.7061929702758789,0.7242345809936523,0.6819560527801514,0.6544798016548157,0.6564428210258484,0.6265873312950134,0.6391077041625977,0.6182828545570374,0.6224361062049866,0.6335377097129822,0.6140621304512024,0.6290825605392456,0.6140251755714417,0.6240577101707458,0.6128041744232178,0.6147912740707397
57,2020-04-01,2019-10-01,118,0.4668481647968292,0.3995063900947571,0.48046520352363586,0.5137614607810974,0.44336366653442383,0.4611661732196808,0.5659914612770081,0.4953373372554779,0.5253938436508179,0.5149402618408203,0.4894656836986542,0.5270922780036926,0.5204483270645142,0.5821728110313416,0.5953500866889954,0.6421388387680054,0.5900641679763794,0.6217494606971741,0.579407811164856,0.578491747379303,0.6037623882293701,0.5641223192214966,0.603157639503479,0.6243846416473389,0.6069900989532471,0.608496367931366,0.6078184247016907,0.6604302525520325,0.6435479521751404,0.6250300407409668,0.6585615277290344,0.6264424324035645,0.6336166858673096,0.6022602915763855,0.5671999454498291,0.5552346706390381,0.5767503380775452,0.591670572757721,0.5786662101745605,0.5747604966163635,0.48982107639312744,0.4905460476875305,0.4789431095123291,0.5059136748313904,0.4920710027217865,0.445390909910202,0.5200988054275513,0.43990904092788696,0.39568397402763367,0.35521650314331055,0.45669665932655334,0.5292550921440125,0.5958719849586487,0.5754575133323669,0.5597489476203918,0.6133813261985779,0.6345078945159912,0.6214998364448547,0.6065360903739929,0.6335303783416748,0.6463178396224976,0.6071138978004456,0.6495301723480225,0.569719135761261,0.5453550815582275,0.623513400554657,0.557183027267456,0.5496565103530884,0.5432075262069702,0.5289095640182495,0.42397820949554443,0.528336763381958,0.3853575587272644,0.3434443771839142,0.3655089735984802,0.32621195912361145,0.3343439996242523,0.43138498067855835,0.4260047674179077,0.49711453914642334,0.48134085536003113,0.44672825932502747,0.4493631422519684,0.4877642095088959,0.5116613507270813,0.5648440718650818,0.5434215664863586,0.5147376656532288,0.49785488843917847,0.5970790982246399,0.48277023434638977,0.5753558278083801,0.596116304397583,0.5936644673347473,0.5779831409454346,0.6728484630584717,0.6696129441261292,0.622494637966156,0.67430180311203,0.6199132800102234,0.5558127760887146,0.5453828573226929,0.5409176349639893,0.5451371073722839,0.5890607237815857,0.5873464941978455,0.6030271649360657,0.602514922618866,0.6286997199058533,0.6152525544166565,0.6591265797615051,0.6185713410377502,0.6099348068237305,0.5751218199729919,0.6193188428878784,0.5928031802177429,0.6236788630485535,0.6091114282608032,0.5465818643569946,0.7472525835037231,0.8127810955047607,0.6366826891899109,0.8748660087585449,0.5676314234733582,0.6783751845359802,0.6997536420822144,0.5801140666007996,0.6756588816642761,0.66990727186203,0.6295373439788818,0.6746917366981506,0.6307438611984253,0.645394504070282,0.6099674105644226,0.6030728220939636,0.6304745674133301,0.6074286699295044,0.6029525995254517,0.5565550923347473,0.6228094696998596,0.5945776104927063,0.5652105808258057
58,2020-07-01,2020-01-01,119,0.4636361598968506,0.3970833122730255,0.48202136158943176,0.5155292749404907,0.44586434960365295,0.4643496870994568,0.5688373446464539,0.4978526532649994,0.5279337763786316,0.5163213014602661,0.4923453629016876,0.5292811393737793,0.5235121846199036,0.5821560621261597,0.5968437790870667,0.6424604654312134,0.5895821452140808,0.6218549609184265,0.5790195465087891,0.5773890018463135,0.6033474206924438,0.5636801719665527,0.6016631126403809,0.6218923926353455,0.6069943308830261,0.6070210337638855,0.6084413528442383,0.6603817939758301,0.6437682509422302,0.6262059211730957,0.6598601341247559,0.6273607611656189,0.6335367560386658,0.6009049415588379,0.5682998895645142,0.5548469424247742,0.57575923204422,0.5903624892234802,0.5787227153778076,0.5716630816459656,0.48891210556030273,0.48982176184654236,0.4795789122581482,0.5068044662475586,0.4983050525188446,0.45107385516166687,0.5253991484642029,0.4441671371459961,0.4024178981781006,0.3609861433506012,0.4602032005786896,0.5362204909324646,0.5987178087234497,0.5799670219421387,0.5635493397712708,0.6169661283493042,0.6372897624969482,0.6218686699867249,0.6070932149887085,0.6348236799240112,0.6430139541625977,0.6061747670173645,0.648688793182373,0.5691019892692566,0.544282853603363,0.6260354518890381,0.5558035373687744,0.5474058389663696,0.5429920554161072,0.527010440826416,0.4258047342300415,0.526312530040741,0.3829214572906494,0.35985663533210754,0.37385082244873047,0.32991090416908264,0.3371984362602234,0.4344637095928192,0.43327340483665466,0.5045169591903687,0.48658835887908936,0.44923993945121765,0.45278140902519226,0.4884210526943207,0.5160755515098572,0.5664842128753662,0.5443301200866699,0.5174595713615417,0.499446302652359,0.5993912816047668,0.4820547103881836,0.5802762508392334,0.5983964800834656,0.5964439511299133,0.5828969478607178,0.6749277114868164,0.672149121761322,0.6283947229385376,0.6795132756233215,0.6210572719573975,0.5595178008079529,0.5497390627861023,0.5450077056884766,0.5459436178207397,0.5906897187232971,0.5890419483184814,0.6048245429992676,0.6067022085189819,0.6303641200065613,0.6154043078422546,0.6600911021232605,0.6209070086479187,0.6122287511825562,0.5783434510231018,0.6209444403648376,0.5924203395843506,0.6244920492172241,0.6092191934585571,0.5529232025146484,0.7597333788871765,0.8006276488304138,0.6347396373748779,0.8761029839515686,0.561180591583252,0.6773521900177002,0.6952494978904724,0.5772690176963806,0.6726614236831665,0.6674233078956604,0.6261572241783142,0.6723805069923401,0.6285633444786072,0.641176700592041,0.6075314879417419,0.6019565463066101,0.62922203540802,0.6076191663742065,0.6029852032661438,0.5579381585121155,0.6239404082298279,0.5938280820846558,0.5662997364997864
59,2020-10-01,2020-04-01,120,0.4944150745868683,0.4635293781757355,0.4866110384464264,0.49373912811279297,0.4503936171531677,0.44965606927871704,0.5070701241493225,0.5006474256515503,0.5331240892410278,0.5348268151283264,0.5461832880973816,0.563876748085022,0.5705779790878296,0.611458957195282,0.6337774991989136,0.6662679314613342,0.647228479385376,0.6538293361663818,0.6317558288574219,0.6285040378570557,0.6265689730644226,0.6031309366226196,0.6298863291740417,0.6459671854972839,0.6413887143135071,0.6476558446884155,0.6508119106292725,0.6615502834320068,0.6557555794715881,0.6462280750274658,0.6442819237709045,0.6302390098571777,0.6301272511482239,0.59397292137146,0.579338788986206,0.5863742828369141,0.5797839164733887,0.583307683467865,0.5862972140312195,0.544025719165802,0.49733781814575195,0.48351141810417175,0.4784470200538635,0.4936181902885437,0.46384504437446594,0.4579174816608429,0.4656020998954773,0.4400160610675812,0.39069870114326477,0.3671410083770752,0.4832392930984497,0.49432656168937683,0.5587611794471741,0.5747917294502258,0.6007007956504822,0.6315642595291138,0.6439242362976074,0.6505743861198425,0.6643534898757935,0.6605075001716614,0.6746516227722168,0.642414391040802,0.6438729166984558,0.6284466981887817,0.610495924949646,0.6180760264396667,0.6122487187385559,0.6075844764709473,0.5939285159111023,0.5798788070678711,0.5001310706138611,0.5445577502250671,0.4930230677127838,0.34687095880508423,0.3539751470088959,0.3409220278263092,0.39978283643722534,0.44384658336639404,0.4585842192173004,0.49369704723358154,0.4956066310405731,0.499021053314209,0.5424746870994568,0.5730745792388916,0.5885709524154663,0.6059938669204712,0.5898262858390808,0.579976499080658,0.5828177332878113,0.630771279335022,0.6136882901191711,0.6258259415626526,0.6448898315429688,0.6480988264083862,0.6556419134140015,0.6912691593170166,0.6877211928367615,0.6536581516265869,0.6683988571166992,0.6554255485534668,0.6085262298583984,0.5856657028198242,0.566836953163147,0.6001858711242676,0.6175076365470886,0.6282806992530823,0.6411952972412109,0.6315962076187134,0.6494090557098389,0.6547516584396362,0.6834979057312012,0.6567113995552063,0.6452319622039795,0.627318263053894,0.6273028254508972,0.6238861680030823,0.630929708480835,0.6368005275726318,0.6124524474143982,0.6977061629295349,0.7659902572631836,0.6952957510948181,0.765933096408844,0.714134156703949,0.7267085909843445,0.7435863018035889,0.7104517817497253,0.7257425785064697,0.6835078001022339,0.6575978994369507,0.656970202922821,0.6232923865318298,0.6393877267837524,0.6183887124061584,0.6197888851165771,0.6328198909759521,0.6117812991142273,0.629330575466156,0.6158339381217957,0.6247749328613281,0.6149506568908691,0.6142615079879761
60,2021-01-01,2020-07-01,121,0.46157604455947876,0.39761513471603394,0.46715807914733887,0.4939805567264557,0.4317758083343506,0.44486814737319946,0.5291078686714172,0.48805513978004456,0.5203757286071777,0.5130429863929749,0.5054678916931152,0.5330910086631775,0.5318641662597656,0.5889812707901001,0.6099810600280762,0.6548992395401001,0.612695038318634,0.6369258761405945,0.6015949249267578,0.6006835103034973,0.6178244352340698,0.5785433650016785,0.6140552759170532,0.6307119727134705,0.6200985908508301,0.6222626566886902,0.6303054094314575,0.660974383354187,0.6548823118209839,0.6424407362937927,0.6610676646232605,0.6251680254936218,0.6295754313468933,0.5968216061592102,0.5678646564483643,0.5574122667312622,0.5683882832527161,0.5822321772575378,0.583162248134613,0.555484414100647,0.4897347688674927,0.4797624349594116,0.4738737642765045,0.48276379704475403,0.4765113592147827,0.42454811930656433,0.49443262815475464,0.428844690322876,0.3781295120716095,0.34417060017585754,0.4486496150493622,0.4990311563014984,0.5688621401786804,0.5717625021934509,0.566274881362915,0.6180142760276794,0.6418723464012146,0.6319774985313416,0.6218445301055908,0.6489580869674683,0.648574948310852,0.6220917105674744,0.6479510068893433,0.5857516527175903,0.560788631439209,0.6215115785598755,0.5704095959663391,0.5583142638206482,0.5437842607498169,0.5300005674362183,0.4375936985015869,0.5048115849494934,0.37324732542037964,0.34527093172073364,0.3371571898460388,0.2914949953556061,0.3218894898891449,0.4091997444629669,0.42263883352279663,0.48600468039512634,0.47716954350471497,0.4448694586753845,0.4628305733203888,0.4949021339416504,0.5425118803977966,0.5749383568763733,0.5541296005249023,0.5326164960861206,0.5213310122489929,0.6177383661270142,0.5092486143112183,0.6008360385894775,0.6145488023757935,0.6139991283416748,0.6153789162635803,0.6870094537734985,0.678003191947937,0.6398963928222656,0.670305609703064,0.621792733669281,0.5719470381736755,0.5498397946357727,0.5416268706321716,0.5533103346824646,0.5924891233444214,0.5885763764381409,0.6074671149253845,0.6197978258132935,0.6266599297523499,0.6200350522994995,0.6609477996826172,0.6323646903038025,0.6179490089416504,0.5849639773368835,0.6108388900756836,0.5858120918273926,0.6111527681350708,0.5996541976928711,0.5593045353889465,0.7558619379997253,0.789097785949707,0.6549639701843262,0.8624101877212524,0.5993579030036926,0.6955224871635437,0.7013700604438782,0.6114485859870911,0.6973345279693604,0.6671460866928101,0.6185021996498108,0.6659019589424133,0.6307214498519897,0.6353716254234314,0.5985828042030334,0.6004793643951416,0.6298044323921204,0.5956030488014221,0.5968791842460632,0.5742262005805969,0.6179211735725403,0.587900698184967,0.5674524307250977
61,2021-04-01,2020-10-01,122,0.4622529447078705,0.4007608890533447,0.4686591923236847,0.4932014048099518,0.43345698714256287,0.44358736276626587,0.525188684463501,0.4839503765106201,0.5140960216522217,0.5061097145080566,0.5021613836288452,0.5294509530067444,0.5320194959640503,0.5835210680961609,0.6072823405265808,0.6505786776542664,0.6101030111312866,0.635540783405304,0.6017200350761414,0.5985424518585205,0.614543080329895,0.5771346688270569,0.610197901725769,0.6265727877616882,0.6205446124076843,0.621253490447998,0.6316343545913696,0.6615410447120667,0.6558002829551697,0.6452348232269287,0.6613417863845825,0.6297101378440857,0.6315120458602905,0.5932015776634216,0.5717001557350159,0.561717689037323,0.5692666172981262,0.581196129322052,0.5837219953536987,0.550406813621521,0.4858042895793915,0.47414931654930115,0.4687497019767761,0.47956907749176025,0.4750346839427948,0.43067479133605957,0.4887373745441437,0.4267522692680359,0.37809237837791443,0.34353581070899963,0.44787177443504333,0.5029130578041077,0.5656678676605225,0.5704085230827332,0.5680487751960754,0.6174532175064087,0.6393505334854126,0.6301915645599365,0.6270742416381836,0.649668276309967,0.6481402516365051,0.6220249533653259,0.6467113494873047,0.5908767580986023,0.5663322806358337,0.6261191368103027,0.5753440260887146,0.5632318258285522,0.5493815541267395,0.5298023223876953,0.4352710545063019,0.49719274044036865,0.37414559721946716,0.3451286852359772,0.33246079087257385,0.29064643383026123,0.3273581266403198,0.40976864099502563,0.4256763458251953,0.4867335855960846,0.47648993134498596,0.44387105107307434,0.4636906385421753,0.49228134751319885,0.5405061841011047,0.5694114565849304,0.5469160676002502,0.5305238962173462,0.5204192399978638,0.6105576753616333,0.5104301571846008,0.59892737865448,0.6071619391441345,0.60725337266922,0.6123024821281433,0.6791406869888306,0.6728565692901611,0.6386958360671997,0.6708368062973022,0.6187426447868347,0.5701058506965637,0.5492292642593384,0.5397366285324097,0.5530946850776672,0.5921568870544434,0.591699481010437,0.6082940697669983,0.620254397392273,0.6281899213790894,0.6215604543685913,0.6642962098121643,0.6363118886947632,0.6232574582099915,0.5933515429496765,0.6146583557128906,0.5904382467269897,0.6164801120758057,0.6059365272521973,0.574317455291748,0.7564464211463928,0.7649792432785034,0.6540108919143677,0.8510445952415466,0.6027725338935852,0.6955822706222534,0.700171709060669,0.6221152544021606,0.6966058611869812,0.6673387885093689,0.6232820749282837,0.6646825075149536,0.6275254487991333,0.6331874132156372,0.6003967523574829,0.6038950085639954,0.6308073997497559,0.6009181141853333,0.6045901775360107,0.5810580253601074,0.6208942532539368,0.5905738472938538,0.5751251578330994
62,2021-07-01,2021-01-01,123,0.47984248399734497,0.45166054368019104,0.48720166087150574,0.49323806166648865,0.44558945298194885,0.44683411717414856,0.5070383548736572,0.49559855461120605,0.5327811241149902,0.5322538018226624,0.5482208132743835,0.566541850566864,0.5747173428535461,0.6118643879890442,0.6366692185401917,0.6687939167022705,0.6496748924255371,0.6562570333480835,0.6372716426849365,0.6342144012451172,0.6334367394447327,0.608622670173645,0.6325882077217102,0.6437456011772156,0.6427206993103027,0.6462355852127075,0.6499765515327454,0.6616315841674805,0.6527095437049866,0.6406289339065552,0.6483590006828308,0.6312578320503235,0.6241615414619446,0.58669114112854,0.5741817951202393,0.579129695892334,0.5744016766548157,0.578180193901062,0.5852706432342529,0.5393900275230408,0.5025855302810669,0.4848700165748596,0.4805024564266205,0.4931492507457733,0.4712439477443695,0.4525241255760193,0.4678616523742676,0.4338989853858948,0.37924689054489136,0.35724613070487976,0.469564288854599,0.4947163164615631,0.5530346035957336,0.5725322365760803,0.5980149507522583,0.6319267749786377,0.6465373635292053,0.6499701142311096,0.662716805934906,0.6662073135375977,0.6752305030822754,0.6463280916213989,0.6505227088928223,0.6299982666969299,0.6122133731842041,0.6319809556007385,0.6139158010482788,0.6055053472518921,0.5916184782981873,0.573991060256958,0.49610912799835205,0.5454726815223694,0.48536571860313416,0.35761791467666626,0.35940441489219666,0.3331829309463501,0.37925684452056885,0.42639946937561035,0.4503788948059082,0.4846283197402954,0.48640528321266174,0.4898475408554077,0.5358332395553589,0.5642536878585815,0.5784419775009155,0.5964268445968628,0.5897507071495056,0.5802037119865417,0.583253026008606,0.6374176144599915,0.608058750629425,0.6341392993927002,0.6491075754165649,0.653014063835144,0.6621741652488708,0.6970854997634888,0.6952508687973022,0.664770245552063,0.6824331879615784,0.6628786325454712,0.6132227778434753,0.5971340537071228,0.5755274295806885,0.6029329895973206,0.6241010427474976,0.6319438219070435,0.6481078863143921,0.6417353749275208,0.6580581665039062,0.658443808555603,0.6851356625556946,0.6612615585327148,0.6523140072822571,0.6302533745765686,0.6361349821090698,0.626784086227417,0.6353747248649597,0.6409016847610474,0.6133118271827698,0.7451335787773132,0.735938549041748,0.6849867105484009,0.7800365090370178,0.6917292475700378,0.7210784554481506,0.7326201796531677,0.6941245794296265,0.7150692343711853,0.6810993552207947,0.654346227645874,0.6617153286933899,0.6308788657188416,0.6438585519790649,0.6232667565345764,0.6266707181930542,0.6379751563072205,0.616646945476532,0.6302897930145264,0.6154674887657166,0.6235328316688538,0.614582359790802,0.6149271726608276
63,2021-10-01,2021-04-01,124,0.46286633610725403,0.39770248532295227,0.4644542336463928,0.4942272901535034,0.43607330322265625,0.4433220326900482,0.5254555344581604,0.4834350645542145,0.5108778476715088,0.5036579966545105,0.4963722825050354,0.523710310459137,0.5263820290565491,0.5808771848678589,0.6013686656951904,0.6461224555969238,0.6034844517707825,0.6304674744606018,0.5948792695999146,0.590445339679718,0.6082496643066406,0.5716760158538818,0.6051011681556702,0.6252902150154114,0.6162190437316895,0.6180442571640015,0.6274428367614746,0.6595539450645447,0.6547338962554932,0.6445233821868896,0.6585368514060974,0.6280144453048706,0.6327335238456726,0.5976013541221619,0.5736051201820374,0.5648447275161743,0.5721464157104492,0.5850000977516174,0.584578812122345,0.5574455857276917,0.48683878779411316,0.47895509004592896,0.4702167212963104,0.4842667579650879,0.47398486733436584,0.4379439651966095,0.49450552463531494,0.43504080176353455,0.38885077834129333,0.3480437695980072,0.45419758558273315,0.5038012862205505,0.5672798156738281,0.5709120631217957,0.5656558871269226,0.614551842212677,0.6372875571250916,0.6284594535827637,0.6289005279541016,0.6472719311714172,0.6475950479507446,0.6208245158195496,0.6456015110015869,0.5882418751716614,0.5638307332992554,0.6229753494262695,0.5738020539283752,0.5630132555961609,0.5487714409828186,0.5306591987609863,0.43232461810112,0.496795117855072,0.3767533600330353,0.3398110568523407,0.3327011466026306,0.2933376729488373,0.3372189700603485,0.4180195927619934,0.4281192123889923,0.48864734172821045,0.479469358921051,0.44244152307510376,0.45735880732536316,0.48861244320869446,0.5362820029258728,0.5700782537460327,0.5435171127319336,0.5267690420150757,0.5177351236343384,0.6034900546073914,0.5131916403770447,0.5918521285057068,0.6008262634277344,0.6014367341995239,0.6026533246040344,0.6754029989242554,0.6693345308303833,0.6337202191352844,0.6669102311134338,0.6159330606460571,0.5683119297027588,0.5464712977409363,0.5405071377754211,0.556193470954895,0.5953113436698914,0.5926492810249329,0.6080330610275269,0.6211225390434265,0.6292253136634827,0.6260411143302917,0.6675053238868713,0.6388421654701233,0.6254211068153381,0.5946025252342224,0.6155103445053101,0.5943795442581177,0.6215132474899292,0.6107534170150757,0.5754837989807129,0.7215267419815063,0.7923244833946228,0.6641308069229126,0.8447701930999756,0.6186665892601013,0.6995446681976318,0.7085731625556946,0.6317086219787598,0.704719066619873,0.6730395555496216,0.6287225484848022,0.6672158241271973,0.6312699317932129,0.6395084857940674,0.6028605699539185,0.6037541031837463,0.6341046094894409,0.6020921468734741,0.605331540107727,0.5817357301712036,0.6234534978866577,0.5928251147270203,0.5752049684524536
64,2022-01-01,2021-07-01,125,0.4619624614715576,0.3916984498500824,0.46085768938064575,0.49384400248527527,0.4347984492778778,0.44329652190208435,0.5268628597259521,0.4829161465167999,0.5105538368225098,0.5024442672729492,0.49240803718566895,0.5215060710906982,0.5235729813575745,0.5805813670158386,0.6002472639083862,0.6462575793266296,0.6015986204147339,0.6296382546424866,0.5927200317382812,0.5890029668807983,0.6080501675605774,0.5696982741355896,0.604548454284668,0.6256177425384521,0.6155000925064087,0.6178675293922424,0.6273584365844727,0.661135733127594,0.657151997089386,0.6466920971870422,0.660569965839386,0.6287426948547363,0.6346021890640259,0.5991641879081726,0.574120819568634,0.5652945041656494,0.5736237168312073,0.5870928168296814,0.5859581828117371,0.5597233772277832,0.48523393273353577,0.47718507051467896,0.4687732756137848,0.4832172989845276,0.47210803627967834,0.43536701798439026,0.4958905875682831,0.4355524480342865,0.38849136233329773,0.3462028205394745,0.4533151686191559,0.5043277740478516,0.5709519386291504,0.5744348764419556,0.5660805106163025,0.6168654561042786,0.6410667896270752,0.6306424736976624,0.630232036113739,0.6492712497711182,0.6496230363845825,0.6215824484825134,0.64731365442276,0.5867177248001099,0.5614175796508789,0.622594952583313,0.5718862414360046,0.5609707832336426,0.5442569851875305,0.5272164940834045,0.4253084063529968,0.4892646074295044,0.3636292517185211,0.32674098014831543,0.32240355014801025,0.2836014926433563,0.33036738634109497,0.4158417582511902,0.4240221679210663,0.4865664541721344,0.47833648324012756,0.43743896484375,0.44850635528564453,0.4817005395889282,0.5326181054115295,0.5674746036529541,0.5381875038146973,0.5208202600479126,0.5128657817840576,0.6006428003311157,0.5069089531898499,0.5891467928886414,0.598914384841919,0.598682701587677,0.5991016626358032,0.6767389178276062,0.6693989634513855,0.6315663456916809,0.6655750274658203,0.613800585269928,0.5656219720840454,0.5414476990699768,0.5365587472915649,0.5539732575416565,0.594499945640564,0.5907731056213379,0.6061866283416748,0.6217638850212097,0.6288594603538513,0.6257905960083008,0.6684541702270508,0.6394229531288147,0.6249865889549255,0.5918227434158325,0.6142269968986511,0.5937999486923218,0.6217993497848511,0.6096347570419312,0.5713058114051819,0.7083574533462524,0.8011268377304077,0.6648211479187012,0.8500174283981323,0.6220535039901733,0.7045299410820007,0.7127688527107239,0.6324930787086487,0.710594654083252,0.67396080493927,0.6255388259887695,0.6676099300384521,0.6330205798149109,0.6404643058776855,0.6011151075363159,0.6030988097190857,0.6361369490623474,0.6015109419822693,0.6043853163719177,0.5802366733551025,0.6248210668563843,0.5925954580307007,0.5728370547294617
65,2022-04-01,2021-10-01,126,0.46565115451812744,0.40548402070999146,0.4685839116573334,0.4939172863960266,0.4364335536956787,0.4445478916168213,0.5244743227958679,0.48655223846435547,0.5164652466773987,0.5095637440681458,0.5059078335762024,0.5326623916625977,0.5357533097267151,0.5883113741874695,0.6095676422119141,0.6526421308517456,0.6131318211555481,0.6376558542251587,0.6033192873001099,0.5994786620140076,0.6144056916236877,0.5785322189331055,0.6114499568939209,0.6297669410705566,0.6220616102218628,0.6246078014373779,0.6340560913085938,0.6614599823951721,0.6572827696800232,0.648078441619873,0.6596984267234802,0.6301243305206299,0.6346636414527893,0.5967552065849304,0.5752953290939331,0.5671442747116089,0.5731138586997986,0.5844537019729614,0.5872281193733215,0.5548684000968933,0.4891502559185028,0.47935187816619873,0.47183218598365784,0.4829753637313843,0.4748082458972931,0.43559157848358154,0.4900193512439728,0.434588760137558,0.3891054689884186,0.35072892904281616,0.45832836627960205,0.5018702149391174,0.5666006207466125,0.571558952331543,0.5726438760757446,0.6203539967536926,0.641684353351593,0.6347475647926331,0.6333157420158386,0.653136134147644,0.6539046764373779,0.6265829801559448,0.6474571228027344,0.5955030918121338,0.5713247656822205,0.6223781704902649,0.5794325470924377,0.5688226222991943,0.5546709895133972,0.5374411940574646,0.4433078467845917,0.5035698413848877,0.3893619179725647,0.34780287742614746,0.3409610092639923,0.30142897367477417,0.34230753779411316,0.42091935873031616,0.43413785099983215,0.49336567521095276,0.4857345223426819,0.45381009578704834,0.4741385877132416,0.5042388439178467,0.5528116822242737,0.581307053565979,0.5552403330802917,0.5396100878715515,0.5310008525848389,0.6162009835243225,0.5256085991859436,0.6028684973716736,0.6126518845558167,0.6123393177986145,0.6170531511306763,0.6820642948150635,0.6755484938621521,0.6410175561904907,0.6703246235847473,0.6244820952415466,0.577562689781189,0.554259717464447,0.5464023351669312,0.5626874566078186,0.5987410545349121,0.5978374481201172,0.6135323643684387,0.6238869428634644,0.6323341131210327,0.6294304132461548,0.6709415912628174,0.6426228880882263,0.628882646560669,0.6010370254516602,0.6178132891654968,0.5973076820373535,0.6214740872383118,0.6124458312988281,0.5837960243225098,0.7452592253684998,0.7819498777389526,0.6675572991371155,0.845757782459259,0.6265373229980469,0.7065194845199585,0.7137845158576965,0.6426778435707092,0.7110307216644287,0.6758449077606201,0.6311978697776794,0.666621208190918,0.6296030282974243,0.6365439891815186,0.6027209758758545,0.6060465574264526,0.6331573724746704,0.6023140549659729,0.608081579208374,0.5869116187095642,0.6230745315551758,0.5941498279571533,0.5797743797302246
66,2022-07-01,2022-01-01,127,0.46462395787239075,0.39186134934425354,0.4594448208808899,0.4910317659378052,0.4316888451576233,0.44056203961372375,0.5229470729827881,0.4755924940109253,0.503423273563385,0.4949859380722046,0.48307114839553833,0.5129601359367371,0.5141170024871826,0.572543203830719,0.5914420485496521,0.6389257311820984,0.5939161777496338,0.6210731863975525,0.5854069590568542,0.5830467343330383,0.6015142202377319,0.5624822974205017,0.5998793244361877,0.6202025413513184,0.609717607498169,0.613236665725708,0.6228089928627014,0.6571118235588074,0.6551743745803833,0.6454268097877502,0.6579922437667847,0.6259546279907227,0.6348184943199158,0.600210964679718,0.5729877352714539,0.5661048293113708,0.5732361674308777,0.58610999584198,0.5868560075759888,0.5610946416854858,0.4847026467323303,0.4781620502471924,0.47199422121047974,0.4856070280075073,0.4705221354961395,0.4382990300655365,0.49522334337234497,0.4358043074607849,0.3909047544002533,0.34403353929519653,0.45392870903015137,0.500617265701294,0.5682651996612549,0.5727586150169373,0.5616196393966675,0.6133408546447754,0.6396235823631287,0.6272144913673401,0.6291403770446777,0.6474968791007996,0.6504436135292053,0.6197323799133301,0.6434333324432373,0.5833268165588379,0.5577630400657654,0.6172954440116882,0.5683085918426514,0.5571125745773315,0.5392481088638306,0.5243849754333496,0.41916459798812866,0.48205748200416565,0.35933443903923035,0.3189052641391754,0.31897294521331787,0.27634385228157043,0.3266282081604004,0.41194137930870056,0.41482579708099365,0.4776211380958557,0.47289422154426575,0.4275565445423126,0.43449774384498596,0.4694940447807312,0.5248172879219055,0.5612519979476929,0.5265560746192932,0.5097035765647888,0.5056050419807434,0.5910046100616455,0.5007827281951904,0.5793564319610596,0.589562714099884,0.5890231728553772,0.5892549753189087,0.670701801776886,0.6629666090011597,0.6229540109634399,0.6589473485946655,0.6090471744537354,0.5595850348472595,0.534214198589325,0.5304593443870544,0.5529636144638062,0.5925446152687073,0.5874282717704773,0.601947009563446,0.6185807585716248,0.626293420791626,0.6231972575187683,0.6685909628868103,0.6384869813919067,0.6221752166748047,0.5884214639663696,0.6119806170463562,0.5938335657119751,0.621354341506958,0.6098452210426331,0.5731577277183533,0.696639895439148,0.8087068796157837,0.67100590467453,0.8467852473258972,0.6345856785774231,0.7104410529136658,0.7190848588943481,0.6430521011352539,0.7229329347610474,0.6783084869384766,0.6272523999214172,0.6694079041481018,0.6374126076698303,0.6448628306388855,0.6007162928581238,0.6034195423126221,0.6384064555168152,0.6008027195930481,0.6038151979446411,0.5797590017318726,0.626358687877655,0.5912547707557678,0.5718307495117188
67,2022-10-01,2022-04-01,128,0.4753649830818176,0.4048961400985718,0.4658975303173065,0.49419358372688293,0.43614980578422546,0.44643354415893555,0.5266016125679016,0.47997239232063293,0.5088058114051819,0.5003246665000916,0.4870040714740753,0.5169248580932617,0.5157617926597595,0.5741422176361084,0.5914832949638367,0.6381869912147522,0.595703661441803,0.6195697784423828,0.5851832628250122,0.5847880244255066,0.6004239916801453,0.562052845954895,0.6011664271354675,0.6202983856201172,0.6089016795158386,0.6140849590301514,0.6217283606529236,0.6540927886962891,0.6527196168899536,0.6429744362831116,0.6534102559089661,0.6225855350494385,0.6337831020355225,0.5987505912780762,0.5703281164169312,0.5663284659385681,0.57326340675354,0.5849374532699585,0.586837112903595,0.5605818033218384,0.485838383436203,0.48015424609184265,0.4763317406177521,0.4894000291824341,0.4706712067127228,0.4400741457939148,0.4936349391937256,0.4382833242416382,0.3956280052661896,0.34882494807243347,0.4603559374809265,0.4987999498844147,0.5700205564498901,0.5728761553764343,0.5640884041786194,0.6142539978027344,0.6391692161560059,0.6274546384811401,0.6272757649421692,0.6450052261352539,0.6526536345481873,0.618193507194519,0.638823926448822,0.5830763578414917,0.5581469535827637,0.6086652278900146,0.567460834980011,0.5577762722969055,0.539905309677124,0.5291029810905457,0.42574653029441833,0.4868159592151642,0.37075671553611755,0.3143274486064911,0.3225054144859314,0.28319957852363586,0.33319205045700073,0.4171642065048218,0.4164086878299713,0.4772628843784332,0.47458383440971375,0.4329111576080322,0.4410433769226074,0.47706371545791626,0.5287080407142639,0.5629147291183472,0.526322066783905,0.5083473324775696,0.5062851309776306,0.5891746282577515,0.503573477268219,0.5752320885658264,0.5906303524971008,0.589084267616272,0.5895718336105347,0.6687147617340088,0.6598133444786072,0.6166031956672668,0.6506097316741943,0.6089410781860352,0.5577369332313538,0.5305102467536926,0.5258046984672546,0.5523271560668945,0.5879782438278198,0.5848091244697571,0.5992835164070129,0.6114170551300049,0.6222354173660278,0.6193167567253113,0.6655846238136292,0.6335107088088989,0.6159937381744385,0.584075391292572,0.6066333651542664,0.5917729735374451,0.6156562566757202,0.6060022115707397,0.5703224539756775,0.6904881596565247,0.8069471120834351,0.6698182225227356,0.8411954641342163,0.6445199847221375,0.7130157947540283,0.7233555316925049,0.649572491645813,0.7271234393119812,0.6766341924667358,0.6254569888114929,0.6648433804512024,0.6334934830665588,0.6416622996330261,0.5982041358947754,0.6020324230194092,0.6350810527801514,0.5979817509651184,0.6030300855636597,0.5791938900947571,0.624303936958313,0.5907678008079529,0.5721641182899475
68,2023-01-01,2022-07-01,129,0.47128716111183167,0.398979514837265,0.46318262815475464,0.4942893385887146,0.43579819798469543,0.44479039311408997,0.5272186398506165,0.4808166027069092,0.5077091455459595,0.4997807443141937,0.48718082904815674,0.5162929892539978,0.5160393714904785,0.5754875540733337,0.5935017466545105,0.6406999826431274,0.5969756841659546,0.6226612329483032,0.5871901512145996,0.5848144888877869,0.6021846532821655,0.5635402798652649,0.60212641954422,0.6225361227989197,0.6108195185661316,0.6150950193405151,0.6238016486167908,0.656577467918396,0.6552080512046814,0.6454257965087891,0.6569129824638367,0.6250966191291809,0.634344220161438,0.5997231006622314,0.5719255208969116,0.5661056041717529,0.5731649994850159,0.5861256718635559,0.5873149037361145,0.5605745315551758,0.4847821295261383,0.47733211517333984,0.47249636054039,0.4856001138687134,0.4699578285217285,0.43691280484199524,0.4958207607269287,0.43745192885398865,0.39103376865386963,0.34534335136413574,0.4566870331764221,0.5001009702682495,0.5708644390106201,0.5728577971458435,0.5635002851486206,0.6144202947616577,0.6391961574554443,0.6290085911750793,0.6283495426177979,0.646846354007721,0.652413010597229,0.6203012466430664,0.6429397463798523,0.5842037200927734,0.5588917136192322,0.6137914657592773,0.5698558688163757,0.5593446493148804,0.5404800176620483,0.5274667739868164,0.422298789024353,0.487469881772995,0.3652864694595337,0.312917023897171,0.31796103715896606,0.2816793918609619,0.3339555263519287,0.41945216059684753,0.42023077607154846,0.48226243257522583,0.4770967364311218,0.4345092475414276,0.4430887699127197,0.47753337025642395,0.5296453237533569,0.5648028254508972,0.531322181224823,0.5125572681427002,0.5079148411750793,0.5946066379547119,0.5023857951164246,0.5794231295585632,0.5915964841842651,0.5905095338821411,0.5915922522544861,0.6714373826980591,0.6628063321113586,0.6209858059883118,0.6554727554321289,0.6092494130134583,0.5584213733673096,0.5319578051567078,0.5276030898094177,0.5527746677398682,0.5911650061607361,0.587404727935791,0.6020021438598633,0.6155885457992554,0.624776303768158,0.6226590275764465,0.6680381894111633,0.6365605592727661,0.6197826862335205,0.5865011215209961,0.6095277667045593,0.5921328663825989,0.6185653805732727,0.608534574508667,0.5706954002380371,0.7012251019477844,0.8113137483596802,0.6721439361572266,0.8489528298377991,0.6357364058494568,0.7108954191207886,0.7211582660675049,0.6447874307632446,0.7238722443580627,0.6787697672843933,0.6283677816390991,0.6696909666061401,0.6357133984565735,0.6442316770553589,0.600770115852356,0.6034262180328369,0.637158215045929,0.5993030071258545,0.6041201949119568,0.5804044008255005,0.6252126693725586,0.5917277336120605,0.5721923112869263
69,2023-04-01,2022-10-01,130,0.4722815454006195,0.4012979567050934,0.464162677526474,0.4942415654659271,0.435941606760025,0.44455400109291077,0.5269850492477417,0.4808110296726227,0.5075253248214722,0.49990490078926086,0.48772597312927246,0.516591489315033,0.5164082050323486,0.5753391981124878,0.593588650226593,0.6406014561653137,0.597534716129303,0.6228790879249573,0.5876734256744385,0.5850558280944824,0.6018067598342896,0.5637451410293579,0.6022111177444458,0.6225966811180115,0.6111037731170654,0.6153285503387451,0.6237279176712036,0.6563516855239868,0.6545114517211914,0.6447139382362366,0.6561111211776733,0.6250379085540771,0.6340336799621582,0.5989106297492981,0.5713807940483093,0.5660119652748108,0.5728324055671692,0.5855677723884583,0.5868052244186401,0.5596627593040466,0.4844394624233246,0.4771563410758972,0.4721902906894684,0.48577287793159485,0.4695020318031311,0.43709230422973633,0.49430716037750244,0.43627625703811646,0.39011603593826294,0.34482836723327637,0.4564893841743469,0.4994684159755707,0.5699477791786194,0.5715867877006531,0.5634462237358093,0.6138411164283752,0.6378872990608215,0.6283319592475891,0.6280454993247986,0.6459201574325562,0.6523411870002747,0.6197332143783569,0.6422280073165894,0.5847235918045044,0.5596528649330139,0.6133918762207031,0.5704463720321655,0.5602469444274902,0.5421356558799744,0.5287759304046631,0.4237750172615051,0.4896546006202698,0.3694133758544922,0.31312185525894165,0.31845057010650635,0.2831874489784241,0.3351084589958191,0.41927874088287354,0.42012307047843933,0.48158490657806396,0.4759546220302582,0.43500369787216187,0.4450989067554474,0.4792836904525757,0.5292915105819702,0.5643211007118225,0.5313977599143982,0.5125586986541748,0.5077130794525146,0.5938704013824463,0.503354549407959,0.5785436034202576,0.5913285613059998,0.5904959440231323,0.5917384624481201,0.6705465912818909,0.6623483896255493,0.6205306053161621,0.6551064848899841,0.6096346974372864,0.5581857562065125,0.5322427749633789,0.5273227691650391,0.5526776909828186,0.5905232429504395,0.5877020359039307,0.6023642420768738,0.614345371723175,0.624780535697937,0.6226703524589539,0.6680948734283447,0.6360883116722107,0.6196087598800659,0.5871020555496216,0.6096773743629456,0.5924899578094482,0.6184582114219666,0.6090959906578064,0.5715806484222412,0.7024471163749695,0.8086664080619812,0.6713662147521973,0.8470193147659302,0.635780930519104,0.7098850011825562,0.7211804389953613,0.6455535292625427,0.7226642966270447,0.6787261962890625,0.6298345327377319,0.6695430874824524,0.634702205657959,0.6439977884292603,0.6015773415565491,0.6038958430290222,0.6365824341773987,0.5997903347015381,0.6051197648048401,0.5809522867202759,0.6250379681587219,0.5922649502754211,0.5733404159545898
70,2023-07-01,2023-01-01,131,0.46942973136901855,0.4006798565387726,0.4635956883430481,0.4927111268043518,0.43448424339294434,0.44338029623031616,0.5264185667037964,0.4819403290748596,0.5090577602386475,0.5020723342895508,0.49115079641342163,0.5190965533256531,0.5189239382743835,0.5772784948348999,0.5963224768638611,0.6428143978118896,0.5997613072395325,0.6249270439147949,0.5887813568115234,0.5856109261512756,0.6022390127182007,0.5646352767944336,0.6028921604156494,0.6233640313148499,0.6122682094573975,0.616031289100647,0.6248010396957397,0.656601071357727,0.6542008519172668,0.6447137594223022,0.655985414981842,0.6247862577438354,0.6336439847946167,0.5988430380821228,0.5712823271751404,0.5650807023048401,0.5718021392822266,0.584610104560852,0.5856221914291382,0.5575097799301147,0.4833346903324127,0.4767933487892151,0.47164949774742126,0.4855712354183197,0.47115862369537354,0.43747445940971375,0.4948181211948395,0.4361051023006439,0.3910198509693146,0.346839964389801,0.45825454592704773,0.5004721879959106,0.5704889297485352,0.5722058415412903,0.5656182765960693,0.6155077219009399,0.6383281350135803,0.6289567351341248,0.6273502111434937,0.6455361247062683,0.650518000125885,0.6189048886299133,0.6414671540260315,0.5845212340354919,0.5592719912528992,0.6130056977272034,0.5698058009147644,0.5597473382949829,0.5439997911453247,0.5304036736488342,0.42891359329223633,0.494851291179657,0.3748542368412018,0.3242654800415039,0.32471758127212524,0.2877205014228821,0.3368147611618042,0.4198174774646759,0.4231199622154236,0.48500490188598633,0.47758033871650696,0.43843498826026917,0.4518769681453705,0.484995037317276,0.5346088409423828,0.5687538981437683,0.536870002746582,0.5177570581436157,0.5108245611190796,0.5984369516372681,0.5066405534744263,0.582866907119751,0.5962671041488647,0.5960820317268372,0.5978903770446777,0.674081563949585,0.6660856008529663,0.6257166862487793,0.6590087413787842,0.613018274307251,0.5627190470695496,0.5371931195259094,0.5317143201828003,0.554262638092041,0.5917070508003235,0.5896731615066528,0.6048623919487,0.6158172488212585,0.6259332299232483,0.6235759854316711,0.6687450408935547,0.6367406845092773,0.6204075217247009,0.5893595814704895,0.610578179359436,0.5921674966812134,0.6180943846702576,0.6089892983436584,0.5739352703094482,0.7117237448692322,0.80538010597229,0.6710401773452759,0.8487834930419922,0.6322298645973206,0.7083785533905029,0.720039963722229,0.6440383791923523,0.7199084758758545,0.6784247159957886,0.6303259134292603,0.668768048286438,0.6322028040885925,0.6412019729614258,0.6007064580917358,0.6023278832435608,0.6339284181594849,0.5986534357070923,0.6043677926063538,0.5810428857803345,0.6245371699333191,0.5918748378753662,0.5736438632011414
71,2023-10-01,2023-04-01,132,0.473198264837265,0.40438342094421387,0.4654213786125183,0.4941536486148834,0.43691486120224,0.44626808166503906,0.5284339189529419,0.48186230659484863,0.508938193321228,0.5012977719306946,0.4896174669265747,0.5186102390289307,0.5182065963745117,0.5758962035179138,0.5934845805168152,0.6395413279533386,0.5980881452560425,0.622137725353241,0.5876665115356445,0.5847862958908081,0.6001477241516113,0.5630071759223938,0.6015089750289917,0.6209863424301147,0.6101462244987488,0.6145497560501099,0.622139573097229,0.6535647511482239,0.6515140533447266,0.6419368982315063,0.6532803177833557,0.6236163973808289,0.6317955851554871,0.5948100686073303,0.5691321492195129,0.5649958848953247,0.5718609094619751,0.5839995741844177,0.5867645740509033,0.5572851300239563,0.4849449098110199,0.47701898217201233,0.47303783893585205,0.48691484332084656,0.4713256061077118,0.43691641092300415,0.494251012802124,0.4377611577510834,0.3922741711139679,0.3475845754146576,0.45885971188545227,0.4998991787433624,0.5709220170974731,0.5714038014411926,0.5662375092506409,0.6158908009529114,0.6381393671035767,0.6292584538459778,0.6271165609359741,0.6458622813224792,0.6540130376815796,0.6194974780082703,0.6408780217170715,0.5856417417526245,0.5609190464019775,0.6107430458068848,0.5711851119995117,0.5615153908729553,0.5432159304618835,0.5307855606079102,0.42761608958244324,0.4940541088581085,0.3764186203479767,0.3106938302516937,0.31945186853408813,0.28682953119277954,0.33685302734375,0.419679194688797,0.42071670293807983,0.4804685413837433,0.4748952090740204,0.43697458505630493,0.4498261511325836,0.4829574525356293,0.529090166091919,0.5621774792671204,0.5308918952941895,0.5116252899169922,0.5073076486587524,0.5939145088195801,0.5025970339775085,0.5770949125289917,0.5920140147209167,0.5908301472663879,0.5938477516174316,0.6701798439025879,0.6621171236038208,0.6201556324958801,0.6538869142532349,0.6121587157249451,0.5596494674682617,0.5339300632476807,0.5278779864311218,0.5543870329856873,0.5906960368156433,0.5896515250205994,0.6049011945724487,0.613765299320221,0.6263833045959473,0.6242026686668396,0.6696478128433228,0.636745274066925,0.6207196712493896,0.5891133546829224,0.6105353832244873,0.594412624835968,0.6187754273414612,0.6111809611320496,0.5746191143989563,0.7050095200538635,0.7970042824745178,0.6669111847877502,0.8461118340492249,0.6352919340133667,0.7111291289329529,0.7236430048942566,0.649390459060669,0.7241657972335815,0.6791678071022034,0.6302933692932129,0.6682538986206055,0.632310152053833,0.6417651772499084,0.6013815999031067,0.6051269769668579,0.6351404786109924,0.5995144844055176,0.6067569851875305,0.5823540687561035,0.623604416847229,0.5927901268005371,0.5752411484718323
72,2024-01-01,2023-07-01,133,0.4711166024208069,0.4021020531654358,0.4649210572242737,0.49336546659469604,0.4345608055591583,0.4442344009876251,0.5276471972465515,0.47961971163749695,0.5074928998947144,0.4998568594455719,0.48773840069770813,0.517406165599823,0.5169941782951355,0.5752784013748169,0.5931950807571411,0.6397134065628052,0.5972574949264526,0.6217507719993591,0.5870795845985413,0.5846815705299377,0.600730299949646,0.5630770921707153,0.6018228530883789,0.6213028430938721,0.6101929545402527,0.6145021915435791,0.621946394443512,0.6549138426780701,0.6521318554878235,0.6420072317123413,0.6546586751937866,0.6244530081748962,0.6330015659332275,0.5970322489738464,0.570000171661377,0.5653465986251831,0.5724891424179077,0.5846253037452698,0.5864421725273132,0.5588101744651794,0.4848776161670685,0.4776862561702728,0.4732740819454193,0.4877053499221802,0.47119346261024475,0.4378841519355774,0.49442335963249207,0.4361228346824646,0.39049282670021057,0.34551796317100525,0.4572962820529938,0.5004430413246155,0.5707800984382629,0.5714830160140991,0.5647984743118286,0.6151612997055054,0.6385279297828674,0.6288064122200012,0.627705991268158,0.6462996602058411,0.6543909907341003,0.619793176651001,0.6421282291412354,0.585136890411377,0.5602450370788574,0.6128745079040527,0.5705348253250122,0.5605531930923462,0.5430125594139099,0.5300737619400024,0.4256913959980011,0.49407726526260376,0.375304639339447,0.31368565559387207,0.3220595419406891,0.2860647737979889,0.33436352014541626,0.4179351031780243,0.41835999488830566,0.4793376326560974,0.47419703006744385,0.43526291847229004,0.44649171829223633,0.480876624584198,0.5279293060302734,0.5632284283638,0.5313504934310913,0.5122145414352417,0.5079782009124756,0.5942260026931763,0.5036073923110962,0.5781781077384949,0.5924023389816284,0.5913705825805664,0.5927579402923584,0.6710630059242249,0.6635218858718872,0.6213064193725586,0.6569080352783203,0.6133661866188049,0.5601146221160889,0.5354376435279846,0.5296189188957214,0.5551626086235046,0.5921916961669922,0.5902336239814758,0.6051440834999084,0.6146132349967957,0.6274688243865967,0.6244399547576904,0.6700689792633057,0.6370475888252258,0.6211305856704712,0.5889909267425537,0.6122590899467468,0.5954402685165405,0.6204964518547058,0.6122623085975647,0.5745708346366882,0.7089100480079651,0.8030749559402466,0.6697025895118713,0.8476436734199524,0.6361362338066101,0.7114893794059753,0.7238943576812744,0.6483208537101746,0.7243243455886841,0.6806769371032715,0.6320149302482605,0.6703418493270874,0.6348512768745422,0.6445004940032959,0.6029285192489624,0.60566246509552,0.6365110874176025,0.6009124517440796,0.6068236827850342,0.5812364816665649,0.624902069568634,0.5931742191314697,0.5750815272331238
73,2024-04-01,2023-10-01,134,0.4705810546875,0.4036175608634949,0.4664074182510376,0.493516206741333,0.43437322974205017,0.44406208395957947,0.5275018215179443,0.48102065920829773,0.5097153186798096,0.5024435520172119,0.49183401465415955,0.5210248827934265,0.5209618210792542,0.5781334638595581,0.5973673462867737,0.6432398557662964,0.6016059517860413,0.6252024173736572,0.591067910194397,0.5886693596839905,0.6039774417877197,0.5666686296463013,0.6048041582107544,0.6237245798110962,0.6134639978408813,0.6172481179237366,0.6245949268341064,0.6572042107582092,0.6532488465309143,0.6425029039382935,0.6560018658638,0.6259946823120117,0.6330699920654297,0.5968928337097168,0.5701502561569214,0.5656692981719971,0.5724807381629944,0.584345281124115,0.5859508514404297,0.5569664239883423,0.484715074300766,0.4768619239330292,0.47272345423698425,0.48779985308647156,0.4713360369205475,0.43823006749153137,0.49301478266716003,0.43397676944732666,0.38688015937805176,0.3441007137298584,0.4561595320701599,0.5012989044189453,0.5709578394889832,0.5728059411048889,0.5673073530197144,0.6172670125961304,0.640066385269165,0.6305316090583801,0.6301116943359375,0.6479105353355408,0.6555270552635193,0.6212847828865051,0.643695056438446,0.5877125263214111,0.562959611415863,0.6161332726478577,0.5729309320449829,0.5627822875976562,0.546171247959137,0.5321812629699707,0.42881572246551514,0.4975195825099945,0.3796030580997467,0.31659847497940063,0.32265782356262207,0.28634771704673767,0.3337993621826172,0.4164998233318329,0.41923168301582336,0.4795265793800354,0.4736447334289551,0.43729740381240845,0.4512019753456116,0.48538848757743835,0.5298581719398499,0.5647280812263489,0.5350323915481567,0.5159781575202942,0.5114336609840393,0.5973398089408875,0.5088048577308655,0.582637369632721,0.5971201658248901,0.5967612266540527,0.5983302593231201,0.6746471524238586,0.6676276922225952,0.6259358525276184,0.6612756252288818,0.6173840165138245,0.5634128451347351,0.5398346185684204,0.532396137714386,0.5571503639221191,0.5940923094749451,0.5930727124214172,0.6084728837013245,0.6168872714042664,0.6302170753479004,0.6264693140983582,0.6713482737541199,0.638533890247345,0.6231338381767273,0.5911238193511963,0.6144264936447144,0.5970072150230408,0.6216262578964233,0.6139723062515259,0.5757763981819153,0.7161542177200317,0.7991957664489746,0.6699241399765015,0.8470291495323181,0.6365444660186768,0.711277425289154,0.7235503196716309,0.6479340195655823,0.7216275334358215,0.6803008317947388,0.6332996487617493,0.6706557869911194,0.6348847150802612,0.6448537111282349,0.6049020290374756,0.6072437167167664,0.6369813680648804,0.602735161781311,0.6087015867233276,0.5829054117202759,0.6257987022399902,0.5950648188591003,0.5777654647827148
74,2024-07-01,2024-01-01,135,0.4699777364730835,0.40435484051704407,0.46717211604118347,0.49361687898635864,0.4346277713775635,0.44415634870529175,0.5272293090820312,0.48164811730384827,0.5106106996536255,0.5033805966377258,0.49378982186317444,0.5227131843566895,0.5231337547302246,0.5793617963790894,0.5990634560585022,0.6444343328475952,0.6031354665756226,0.6267404556274414,0.5926507115364075,0.5900693535804749,0.6051904559135437,0.5681893825531006,0.6056311130523682,0.6243572235107422,0.6146763563156128,0.618216872215271,0.6258325576782227,0.6578774452209473,0.6536890864372253,0.6431401968002319,0.6564664244651794,0.6267507672309875,0.6334547400474548,0.5968679785728455,0.5709410309791565,0.5660815238952637,0.5726297497749329,0.5842386484146118,0.5859977602958679,0.5563964247703552,0.485045850276947,0.47710517048835754,0.47266751527786255,0.48758912086486816,0.4720802903175354,0.43885114789009094,0.4925817549228668,0.43396294116973877,0.3873734176158905,0.34513959288597107,0.45675644278526306,0.5020015239715576,0.570586085319519,0.5729047060012817,0.5683882236480713,0.6179345846176147,0.6403951048851013,0.6310481429100037,0.6308890581130981,0.6486270427703857,0.6554450392723083,0.6218878626823425,0.6440641283988953,0.5889263153076172,0.5642644166946411,0.6172118782997131,0.573867678642273,0.5636889934539795,0.547822892665863,0.5331800580024719,0.4310667812824249,0.49879318475723267,0.38209429383277893,0.32179760932922363,0.32606208324432373,0.2889627516269684,0.33539432287216187,0.41727375984191895,0.4214118421077728,0.4815182387828827,0.4753161668777466,0.4397117495536804,0.45465758442878723,0.4883136749267578,0.5330270528793335,0.5670921802520752,0.5377106666564941,0.519298255443573,0.5142967104911804,0.599686324596405,0.5117076635360718,0.5855106711387634,0.5993579030036926,0.599098265171051,0.6010603904724121,0.6756537556648254,0.6689493060112,0.6282946467399597,0.6631432175636292,0.618882417678833,0.5656231045722961,0.5423713326454163,0.5346676111221313,0.5582722425460815,0.5949803590774536,0.5942235589027405,0.6095619201660156,0.6178841590881348,0.6309459209442139,0.6270655989646912,0.671676516532898,0.6392937302589417,0.6241760849952698,0.5929602980613708,0.6153877973556519,0.597572922706604,0.6220763921737671,0.6143888831138611,0.577895998954773,0.721468448638916,0.7961645126342773,0.6699711680412292,0.8463351130485535,0.6359871625900269,0.7108961939811707,0.7226028442382812,0.6480147242546082,0.7203289270401001,0.6799706816673279,0.633635938167572,0.6701862812042236,0.6341320276260376,0.6438608765602112,0.6049543619155884,0.6073617339134216,0.6365168690681458,0.6031743288040161,0.6091786623001099,0.5837168097496033,0.6258271336555481,0.5952892899513245,0.5787065029144287
75,2024-10-01,2024-04-01,136,0.4742554724216461,0.4021682143211365,0.464171826839447,0.4934757351875305,0.4338046908378601,0.44450733065605164,0.5275823473930359,0.47900402545928955,0.5081130266189575,0.5001048445701599,0.4867078363895416,0.5166208148002625,0.5143917798995972,0.5752339363098145,0.5925415754318237,0.6403108239173889,0.5984412431716919,0.6212983131408691,0.5879337787628174,0.5870931148529053,0.6026905179023743,0.5635126233100891,0.6041353344917297,0.6226558089256287,0.6102426052093506,0.6152799129486084,0.6217406392097473,0.6547322869300842,0.652572512626648,0.6408848166465759,0.6548957228660583,0.6228334903717041,0.6309232711791992,0.596418023109436,0.5668466091156006,0.5637591481208801,0.5717629194259644,0.5846422910690308,0.5869040489196777,0.5591557621955872,0.48580703139305115,0.4766736626625061,0.47438743710517883,0.4874028265476227,0.46835505962371826,0.4322231709957123,0.4931431710720062,0.433594673871994,0.38315194845199585,0.3391222357749939,0.45288991928100586,0.4956870973110199,0.5709328055381775,0.5718193650245667,0.5634815692901611,0.6150526404380798,0.6398555040359497,0.6299842596054077,0.626801073551178,0.646737277507782,0.6568543314933777,0.6209503412246704,0.6430773138999939,0.5844930410385132,0.5595006346702576,0.6118752956390381,0.5706654191017151,0.5602132678031921,0.5388328433036804,0.5285367369651794,0.42165878415107727,0.49117493629455566,0.3673850893974304,0.2945763170719147,0.30755704641342163,0.2741739749908447,0.3245235085487366,0.41068628430366516,0.40937355160713196,0.4697216749191284,0.4665037989616394,0.42797350883483887,0.4384651482105255,0.47423338890075684,0.5193302631378174,0.5553749203681946,0.5257458090782166,0.5041993856430054,0.5020458698272705,0.5908219218254089,0.49746841192245483,0.5735189914703369,0.5905672311782837,0.5892775058746338,0.5905284881591797,0.6720168590545654,0.6626595258712769,0.6169604659080505,0.6520446538925171,0.6113489866256714,0.555464506149292,0.5295335650444031,0.5228627324104309,0.5523985624313354,0.5898270606994629,0.5872232913970947,0.6034111380577087,0.6134146451950073,0.6260730624198914,0.6230115294456482,0.6681572794914246,0.6349255442619324,0.6181121468544006,0.5824465155601501,0.6089261174201965,0.5931046009063721,0.6173271536827087,0.6094486117362976,0.564634382724762,0.6966728568077087,0.8068513870239258,0.6672391891479492,0.8504784107208252,0.6369962692260742,0.712813675403595,0.7253878116607666,0.6457904577255249,0.7266311645507812,0.6796117424964905,0.6285325884819031,0.6712469458580017,0.6380709409713745,0.6474835872650146,0.6032645106315613,0.6067197322845459,0.6386595964431763,0.5994948744773865,0.6051896214485168,0.5798414945602417,0.6240978837013245,0.5930619835853577,0.5727998614311218
76,2025-01-01,2024-07-01,137,0.4704101085662842,0.40213659405708313,0.466662734746933,0.49321648478507996,0.4334348440170288,0.44572970271110535,0.5283600091934204,0.4786962568759918,0.5095024108886719,0.5002511143684387,0.4881991147994995,0.5198958516120911,0.5194414258003235,0.5757217407226562,0.5942129492759705,0.6398691534996033,0.5982345342636108,0.6214644312858582,0.5883479714393616,0.5879636406898499,0.6028459072113037,0.5643355846405029,0.6027681231498718,0.6197494864463806,0.6104010939598083,0.6146675944328308,0.6215988397598267,0.6548365354537964,0.651167631149292,0.6402398347854614,0.6545456647872925,0.6243623495101929,0.6319059133529663,0.5932191610336304,0.5677078366279602,0.5638954043388367,0.5717515349388123,0.5826698541641235,0.5860859155654907,0.5563718676567078,0.48501431941986084,0.476513147354126,0.4738594591617584,0.48785579204559326,0.4717537462711334,0.4361880123615265,0.49151742458343506,0.43347233533859253,0.3879726529121399,0.34436750411987305,0.4547879695892334,0.5009300708770752,0.5709667205810547,0.5734125375747681,0.5667431354522705,0.6179850101470947,0.6420859694480896,0.6299044489860535,0.6285675168037415,0.6487277746200562,0.6569895148277283,0.6204737424850464,0.6423614025115967,0.5859365463256836,0.5610426664352417,0.6138118505477905,0.5698300004005432,0.559380292892456,0.5408895015716553,0.5281281471252441,0.4240472912788391,0.48910850286483765,0.3708650767803192,0.3090348541736603,0.3198935389518738,0.28069624304771423,0.32536551356315613,0.41096118092536926,0.4129752218723297,0.47335338592529297,0.47033262252807617,0.43198341131210327,0.4424184262752533,0.47784680128097534,0.5247796773910522,0.5582507252693176,0.526041567325592,0.5080323219299316,0.5065740346908569,0.5920884013175964,0.5013028979301453,0.5783404111862183,0.5937045812606812,0.5916943550109863,0.5937169194221497,0.6716928482055664,0.6640449166297913,0.62094646692276,0.6572796702384949,0.6150559782981873,0.5599872469902039,0.5354704260826111,0.527983546257019,0.5540775656700134,0.5905893445014954,0.5890548825263977,0.6045605540275574,0.6141873598098755,0.6279811859130859,0.6224415302276611,0.6689438223838806,0.6361631751060486,0.620309591293335,0.5873218774795532,0.6119932532310486,0.5958195328712463,0.6192867159843445,0.6108164191246033,0.5731338262557983,0.7134804129600525,0.7892746329307556,0.662963330745697,0.8465456366539001,0.6369020938873291,0.7140935063362122,0.7235808968544006,0.6475251317024231,0.7248655557632446,0.677054226398468,0.6260940432548523,0.6663424968719482,0.6337583065032959,0.6417443752288818,0.600753903388977,0.6064947247505188,0.6364556550979614,0.6013747453689575,0.6069331169128418,0.5800426602363586,0.623990535736084,0.5924662947654724,0.5752749443054199
77,2025-04-01,2024-10-01,138,0.47090914845466614,0.4017660319805145,0.4662781059741974,0.4933086037635803,0.4326000511646271,0.44391492009162903,0.5284768342971802,0.47796210646629333,0.5075346231460571,0.4991122782230377,0.4872995913028717,0.5177611708641052,0.5166620016098022,0.5748482346534729,0.5937554836273193,0.6405879259109497,0.5985804200172424,0.6226620674133301,0.5890694260597229,0.5875737071037292,0.6034363508224487,0.564673900604248,0.6040297150611877,0.6216048002243042,0.6112765669822693,0.6150633692741394,0.6222485899925232,0.6559814214706421,0.6522912979125977,0.6409477591514587,0.6566049456596375,0.6253713965415955,0.6320440173149109,0.5952484607696533,0.5682331919670105,0.5634061098098755,0.5716588497161865,0.5838935375213623,0.5865153074264526,0.5574764609336853,0.48540669679641724,0.4762304425239563,0.4735075831413269,0.4870181977748871,0.47174376249313354,0.4334145188331604,0.4927559196949005,0.4312622547149658,0.3826075494289398,0.3399527668952942,0.4516316056251526,0.4995802640914917,0.5707640051841736,0.5709437131881714,0.564116895198822,0.6155950427055359,0.639350175857544,0.6290618181228638,0.6257932186126709,0.6470713019371033,0.6556021571159363,0.6203230619430542,0.6439376473426819,0.5855013132095337,0.5605204701423645,0.6157640814781189,0.5710669755935669,0.5602886080741882,0.5416830778121948,0.5284891724586487,0.4233567416667938,0.49375632405281067,0.370028555393219,0.30722537636756897,0.3159659206867218,0.27939680218696594,0.32377785444259644,0.4093805253505707,0.4110453128814697,0.4725043475627899,0.4672519564628601,0.4297962784767151,0.442048043012619,0.4760032892227173,0.5212587714195251,0.5564990639686584,0.5278822779655457,0.5077129006385803,0.5036101937294006,0.5933843851089478,0.49646133184432983,0.5770058631896973,0.5918735861778259,0.5906572937965393,0.5928385853767395,0.67177414894104,0.6640848517417908,0.621046781539917,0.6578952670097351,0.613670825958252,0.5579639673233032,0.5344851016998291,0.5270029306411743,0.5524059534072876,0.5904024243354797,0.5890735387802124,0.6049972176551819,0.6139589548110962,0.6277080774307251,0.6225994229316711,0.668735146522522,0.6354684233665466,0.6200026273727417,0.5863332152366638,0.6125758290290833,0.5943925380706787,0.6193875074386597,0.6110981702804565,0.5704661011695862,0.719136118888855,0.7929526567459106,0.6625118255615234,0.8526250720024109,0.6261388659477234,0.7090900540351868,0.7206516861915588,0.6411539316177368,0.7207403182983398,0.6789000630378723,0.6300012469291687,0.6716522574424744,0.6361533403396606,0.6451342105865479,0.6040351986885071,0.6076471209526062,0.6373449563980103,0.6017729640007019,0.6071300506591797,0.5800166726112366,0.6244968771934509,0.5931268334388733,0.5745869278907776
78,2025-07-01,2025-01-01,139,0.4685448706150055,0.40036311745643616,0.46458762884140015,0.4933333694934845,0.4335971772670746,0.44300681352615356,0.5264294147491455,0.4804915487766266,0.5104712247848511,0.5026379227638245,0.49270978569984436,0.5220993161201477,0.5224019289016724,0.5799387693405151,0.5995298027992249,0.6458178162574768,0.6040268540382385,0.6278919577598572,0.5938920974731445,0.5916832089424133,0.6075400710105896,0.5694302320480347,0.6070199012756348,0.6259346604347229,0.6157910823822021,0.6192834377288818,0.626655638217926,0.6596874594688416,0.6553552150726318,0.643562912940979,0.6582022905349731,0.6275104284286499,0.6330844759941101,0.5971909761428833,0.5705592036247253,0.5659745931625366,0.5732392072677612,0.5855594873428345,0.5864128470420837,0.5574217438697815,0.48536214232444763,0.47629430890083313,0.47171255946159363,0.4869193732738495,0.47015684843063354,0.43595796823501587,0.4919891655445099,0.4323563873767853,0.3825731575489044,0.3403530418872833,0.45310503244400024,0.5005423426628113,0.5710318684577942,0.5741286277770996,0.5682570338249207,0.6186001896858215,0.6422505378723145,0.6324976086616516,0.6323789358139038,0.650161623954773,0.6567246317863464,0.6234356760978699,0.6464908719062805,0.5895158052444458,0.5646535754203796,0.6200085878372192,0.5748597979545593,0.5643194317817688,0.5461269617080688,0.531697690486908,0.4272969365119934,0.4952240288257599,0.37415361404418945,0.31011825799942017,0.3152198791503906,0.27934902906417847,0.3275185823440552,0.4110085964202881,0.4156145453453064,0.4755326509475708,0.4699886739253998,0.43367883563041687,0.44788655638694763,0.48253464698791504,0.5262753367424011,0.5615668296813965,0.5338724851608276,0.514765739440918,0.5106667876243591,0.5970506072044373,0.5088943243026733,0.5841430425643921,0.5986950397491455,0.5986545085906982,0.5998858213424683,0.6773048639297485,0.6699625849723816,0.6281173229217529,0.6630626916885376,0.6183742880821228,0.5643033385276794,0.5406491756439209,0.5327211618423462,0.5572509169578552,0.59527587890625,0.5938235521316528,0.6098846197128296,0.6199979186058044,0.632098376750946,0.6283623576164246,0.6718817353248596,0.640156090259552,0.6251311302185059,0.5912019610404968,0.6155031323432922,0.597974956035614,0.6229144334793091,0.6144798398017883,0.5727660059928894,0.7078824639320374,0.7988600134849548,0.6679509878158569,0.8473891019821167,0.6359713077545166,0.7115412950515747,0.7230484485626221,0.6453161835670471,0.7200571894645691,0.6791455745697021,0.6315910220146179,0.6709491014480591,0.6366334557533264,0.6462100744247437,0.6060341000556946,0.6085801720619202,0.6390886306762695,0.6039952039718628,0.6091650128364563,0.5835275053977966,0.6264845132827759,0.5963665843009949,0.5780729055404663
79,2025-10-01,2025-04-01,140,0.4708663821220398,0.3977726995944977,0.4616418182849884,0.4895096719264984,0.4279739558696747,0.44021403789520264,0.5251505970954895,0.47261562943458557,0.502466082572937,0.49419596791267395,0.48021671175956726,0.5112602710723877,0.5086202025413513,0.5702122449874878,0.5881405472755432,0.6368119716644287,0.5939289927482605,0.6177899837493896,0.5841107368469238,0.5835840702056885,0.5999273061752319,0.5597447752952576,0.6018210649490356,0.6194891333580017,0.6075816750526428,0.6122956871986389,0.6192395687103271,0.6538395285606384,0.6516606211662292,0.6401085257530212,0.6557611227035522,0.6229983568191528,0.6313595175743103,0.5966599583625793,0.5667310953140259,0.5626174211502075,0.5712945461273193,0.5842790603637695,0.5869011878967285,0.5591342449188232,0.4845345914363861,0.47548505663871765,0.47431597113609314,0.48690518736839294,0.4691939055919647,0.43014347553253174,0.4926343858242035,0.42989736795425415,0.3798281252384186,0.33584222197532654,0.449625700712204,0.49536406993865967,0.5705745220184326,0.5702539086341858,0.5607675909996033,0.6136934757232666,0.6391000747680664,0.6280703544616699,0.6232405304908752,0.6455779671669006,0.6559146642684937,0.6190547347068787,0.642631471157074,0.5819033980369568,0.5563511848449707,0.6117857694625854,0.5679543018341064,0.5569645762443542,0.5359305143356323,0.5253952145576477,0.41771459579467773,0.4893912374973297,0.361113578081131,0.29444822669029236,0.3057419955730438,0.26895540952682495,0.3149624168872833,0.40253233909606934,0.4005073010921478,0.4632076025009155,0.45978403091430664,0.41995516419410706,0.4297002851963043,0.46511027216911316,0.5125390887260437,0.549769937992096,0.5198841094970703,0.49801868200302124,0.4953765869140625,0.5874193906784058,0.4873359799385071,0.5693190693855286,0.5860258340835571,0.5845707058906555,0.5863029360771179,0.6699485778808594,0.6608374118804932,0.6151373982429504,0.6526684761047363,0.6098522543907166,0.5531312227249146,0.5279690027236938,0.521393895149231,0.5499739646911621,0.5883432626724243,0.5858911871910095,0.6019824147224426,0.6121240854263306,0.6254410147666931,0.6207385063171387,0.6679874658584595,0.6339455246925354,0.6171131730079651,0.5812857151031494,0.6098188757896423,0.5926516652107239,0.6178513169288635,0.6094658970832825,0.5653935074806213,0.703449547290802,0.8018470406532288,0.6634799838066101,0.856051504611969,0.6284131407737732,0.7116857171058655,0.7244030833244324,0.6429040431976318,0.727480947971344,0.6813831329345703,0.6293266415596008,0.6738854050636292,0.6394842863082886,0.6481005549430847,0.6031386256217957,0.6067435145378113,0.6383986473083496,0.5992678999900818,0.604537844657898,0.5776591897010803,0.6244859099388123,0.591566264629364,0.5709940791130066
80,2026-01-01,2025-07-01,141,0.47026965022087097,0.39525577425956726,0.460213303565979,0.4902714788913727,0.42633384466171265,0.43973684310913086,0.5287189483642578,0.4751439690589905,0.5049619674682617,0.49690163135528564,0.480113685131073,0.5107919573783875,0.5050778388977051,0.5723557472229004,0.587631344795227,0.6388683915138245,0.5928462147712708,0.6197924017906189,0.5816325545310974,0.5813512802124023,0.6006544232368469,0.5586719512939453,0.6026630401611328,0.6223326921463013,0.6057617664337158,0.6115642189979553,0.6182148456573486,0.6528935432434082,0.6517075896263123,0.640752911567688,0.6563099026679993,0.6195554137229919,0.6325958371162415,0.6012166142463684,0.5659815669059753,0.5576948523521423,0.5700421929359436,0.585487425327301,0.5867507457733154,0.5650800466537476,0.4867931306362152,0.48092371225357056,0.4763762354850769,0.48475679755210876,0.4707314670085907,0.4202560782432556,0.4961342513561249,0.43034932017326355,0.38338857889175415,0.33755773305892944,0.4508223831653595,0.4894734025001526,0.5698464512825012,0.5634832978248596,0.5535367727279663,0.6081489324569702,0.6341170072555542,0.6248793601989746,0.6104059219360352,0.639988362789154,0.6495161652565002,0.6150877475738525,0.6409867405891418,0.5741293430328369,0.5478777885437012,0.6036232709884644,0.5603805780410767,0.5500011444091797,0.5311648845672607,0.524441659450531,0.4201931059360504,0.496145635843277,0.35835936665534973,0.30905234813690186,0.3190602958202362,0.27912527322769165,0.31518831849098206,0.4064519703388214,0.40292879939079285,0.47131863236427307,0.46570250391960144,0.42435580492019653,0.4335055351257324,0.46875619888305664,0.5222173929214478,0.561133623123169,0.530037522315979,0.5039569139480591,0.49459967017173767,0.5966393947601318,0.47841182351112366,0.5695554614067078,0.5883817672729492,0.5855626463890076,0.5853604078292847,0.6711196899414062,0.6595231294631958,0.6130751371383667,0.6480895280838013,0.6049746870994568,0.5511568784713745,0.523724377155304,0.5210968255996704,0.5428479909896851,0.5818175077438354,0.5766562819480896,0.5938117504119873,0.6045357584953308,0.6156497001647949,0.6121509671211243,0.6600095629692078,0.6250495314598083,0.6070577502250671,0.5728466510772705,0.6020479798316956,0.5812687873840332,0.6079503297805786,0.596442461013794,0.552825391292572,0.7198917269706726,0.8188084959983826,0.6597099304199219,0.8707031011581421,0.6062940359115601,0.7025048732757568,0.7164766192436218,0.6240373849868774,0.7210202813148499,0.6791682839393616,0.6247305274009705,0.6741849780082703,0.6360547542572021,0.6433278918266296,0.5969136357307434,0.5982062816619873,0.6315218210220337,0.59040367603302,0.5936501026153564,0.5683090686798096,0.6187571287155151,0.5839386582374573,0.5587835311889648
