split,model,date,feature_date,c_q_realised,pd_q_realised,pd_q_true,pd_a_true,k_irb_true,pd_q_hat,pd_q_hat_std,pd_a_hat,c_q_hat,k_irb_hat,alpha_oracle,alpha_bayes,alpha_hat,utility_oracle,utility_bayes_realised,utility,regret,regret_vs_bayes,regret_irreducible,alpha_oracle_panel,utility_oracle_panel,shortfall_realised_at_hat,shortfall_predicted_at_hat
main,mlp,2205-01-01,2204-10-01,0.001108485905089,0.002463302011308889,0.0030294976156542,0.0120630344607333,0.0788001227338899,0.0020750870928168295,8.762893398701304e-05,0.008274548175256524,0.0009337891917675733,0.06882742007699287,0.6130884200361235,0.608840902145873,0.6510064785193839,1.0962028558442354,1.0955363559758025,0.4836766807098525,0.6125261751343829,0.61185967526595,0.0006664998684329237,0.6130884200361232,1.096202855844235,0.06184760926258004,0.0
main,mlp,2205-04-01,2205-01-01,0.000825074562289,0.001833499027308889,0.002128649770699,0.0084874507441113,0.0695017803290689,0.0028544749598950147,0.00020826345443162014,0.01136910464276919,0.0012845137319527566,0.07724302970062688,0.651351830293593,0.6480011080487926,0.6151225891735184,1.1040529692265673,1.1035176938463356,1.098265374970987,0.005787594255580286,0.005252318875348605,0.0005352753802316812,0.651351830293593,1.1040529692265673,0.0,0.0
main,mlp,2205-07-01,2205-04-01,0.0007897125308338,0.0017549167351862223,0.0018023114999266,0.0071897794466847,0.065105957680518,0.0024290669709444044,1.655290178912772e-05,0.009680922980407236,0.001093080136924982,0.07299399075971451,0.6707102818342564,0.6680406870216903,0.6328123805634245,1.1073826442069192,1.106955234403165,1.1013150812686783,0.006067562938240956,0.005640153134486736,0.00042740980375421955,0.6707102818342564,1.1073826442069188,0.0,0.0
main,mlp,2205-10-01,2205-07-01,0.0009297346517341,0.0020660770038535554,0.001925890756271,0.0076813372530374,0.0668548327569975,0.0019686950836330652,3.906574071270004e-05,0.007851556278278049,0.0008859127876348794,0.06743557785251722,0.6623193412951117,0.6599388660138555,0.657286859754383,1.105111836916421,1.104734049172735,1.104313168742305,0.0007986681741161128,0.00042088043043020384,0.00037778774368590895,0.6623193412951117,1.1051118369164206,0.0,0.0
main,mlp,2206-01-01,2205-10-01,0.0007933008565608,0.0017628907923573332,0.0026720990332568,0.0106456317189437,0.0755087430056115,0.002299117110669613,0.00012623305500423165,0.009164801389781707,0.001034602699801326,0.07154037238822068,0.6269511988284621,0.6222432191863146,0.6390599855315378,1.1003541921726572,1.0996006000356042,0.909155024949087,0.19119916722357022,0.19044557508651727,0.0007535921370529497,0.6269511988284621,1.1003541921726572,0.019313738428105243,0.0
main,mlp,2206-04-01,2206-01-01,0.001474800327299,0.0032773340606644446,0.003945531709204,0.0156889689555158,0.085634227797613,0.0022672970313578843,0.00012915826861347823,0.00903839090542835,0.001020283664111048,0.07117166055844694,0.5871679316818885,0.5824143049939694,0.6406613931302119,1.089984657944318,1.0892561551626991,0.1871407156072591,0.9028439423370589,0.90211543955544,0.000728502781618845,0.5871679316818885,1.0899846579443175,0.09110419221158539,0.0
main,mlp,2206-07-01,2206-04-01,0.0020244564710023,0.004498792157782889,0.0044068963990517,0.0175114031444941,0.0884634667304149,0.0027089025359600784,0.00010543944881713822,0.010791660685660509,0.0012190061411820354,0.07586859390865267,0.5757452637955617,0.5719705253847011,0.6207547157511968,1.0850694920682558,1.084511753951253,0.3099601436029802,0.7751093484652756,0.7745516103482728,0.0005577381170027707,0.5757452637955617,1.085069492068255,0.07817597396311438,0.0
main,mlp,2206-10-01,2206-07-01,0.0021047902320725,0.004677311626827778,0.004113353386026,0.0163521735877862,0.0867013027068293,0.006244251132011413,0.00032809844427993427,0.024744032844771557,0.002809913009405136,0.09744948530469745,0.5813747518362679,0.5784433022095479,0.5405018671202387,1.0854342393201075,1.0850034566482196,1.0794278831728839,0.006006356147223668,0.005575573475335771,0.0004307826718878971,0.5813747518362679,1.0854342393201073,0.0,0.0
main,mlp,2207-01-01,2206-10-01,0.0015881415630261,0.0035292034733913334,0.0038153851899762,0.0151744197278607,0.0847732976688375,0.003883914276957512,0.00040821782950259557,0.015445382491741544,0.0017477614246308804,0.08523042431760029,0.5897567234400035,0.5856472391946552,0.5839273858315028,1.089712957892229,1.0890878289663364,1.0888262073074106,0.0008867505848184631,0.00026162165892573697,0.0006251289258927262,0.5897567234400035,1.0897129578922289,0.0,0.0
main,mlp,2207-04-01,2207-01-01,0.0017728289344466,0.003939619854325778,0.0041712923422757,0.0165810613041302,0.0870591795545866,0.003514374000951648,0.00023396986544250192,0.013983564525220094,0.0015814683004282415,0.08265628189574752,0.5812871665517264,0.577120274022934,0.593711057782842,1.0873510168998362,1.0867248508314165,0.8754874030350572,0.21186361386477892,0.21123744779635922,0.0006261660684196979,0.5812871665517264,1.0873510168998357,0.0213730573253077,0.0
main,mlp,2207-07-01,2207-04-01,0.0015941363588965,0.003542525241992222,0.0035776844837611,0.0142341219885763,0.0831172265521846,0.0041810194030404094,0.0001068274587423815,0.016619484119404393,0.0018814587313681842,0.08711875553377962,0.5955523021604364,0.5919411987044529,0.5769004541609692,1.0905588709779686,1.090009771510512,1.0877226964046238,0.0028361745733447297,0.0022870751058881034,0.0005490994674566263,0.5955523021604362,1.090558870977968,0.0,0.0
main,mlp,2207-10-01,2207-07-01,0.0032765913691527,0.007281314153672666,0.0063585319967021,0.0251925691026566,0.0979297957593443,0.0041015591006726025,0.00020845371664110786,0.016305575395967553,0.0018457015953026712,0.08662780992723676,0.542280562130349,0.5388895011607858,0.5787155347864333,1.073334816342543,1.0728762293107077,0.4063779720691425,0.6669568442734004,0.6664982572415652,0.00045858703183521143,0.542280562130349,1.073334816342543,0.067188409451022,0.0
main,mlp,2208-01-01,2207-10-01,0.0017763042034112,0.003947342674247111,0.0050877533227153,0.0201962280083179,0.0921354193432513,0.006411192379891873,0.00040483527467753146,0.025399201590591836,0.0028850365709513427,0.09814896670017292,0.5646153623214532,0.5588083791617289,0.538156077091587,1.0848260944559827,1.0839536709711064,1.080850931933096,0.003975162522886766,0.0031027390380105047,0.0008724234848762613,0.5646153623214532,1.0848260944559829,0.0,0.0
main,mlp,2208-04-01,2208-01-01,0.0015520359209546,0.003448968713232444,0.0054568029059741,0.0216492004918043,0.0939351873362121,0.005393616668879986,0.00025133078721248955,0.02140054684958681,0.0024271275009959937,0.09363498730364125,0.5596371022981602,0.552511787198065,0.5535551231394285,1.085333264331434,1.0842467988444524,1.0844058863340156,0.0009273779974183771,-0.00015908748956316998,0.001086465486981547,0.5596371022981602,1.0853332643314335,0.0,0.0
main,mlp,2208-07-01,2208-04-01,0.0034121073983409,0.0075824608852019994,0.0083654432347557,0.0330442258749523,0.1055785123629606,0.003990959981456399,0.00047707072532927544,0.01586852737092659,0.0017959319916553797,0.08592770677422211,0.5203167508967405,0.5141599411480916,0.5813182121899896,1.0696594477984978,1.06883518072166,-0.09456449001070744,1.1642239378092052,1.1633996707323675,0.0008242670768376925,0.5203167508967405,1.0696594477984975,0.11723907479325879,0.0
main,mlp,2208-10-01,2208-07-01,0.0018557734208431,0.004123940935206889,0.0063281375259748,0.0250732902022698,0.0978026844923525,0.007791471853852272,0.00021843092466759012,0.03080353351674514,0.0035061623342335225,0.10351008533533151,0.5468710605851903,0.5393155221512994,0.5206707524065489,1.0817256503896893,1.0805965336068528,1.0778102169710357,0.0039154334186535245,0.0027863166358170766,0.001129116782836448,0.5468710605851903,1.0817256503896888,0.0,0.0
main,mlp,2209-01-01,2208-10-01,0.0025474746026976,0.0056610546726613325,0.0054985505894657,0.0218134620662575,0.0941318559234863,0.005898037925362587,0.00023373628555828938,0.02338425007978595,0.002654117066413164,0.09595183437337329,0.5559282334030703,0.5518297578878941,0.5455741973810743,1.0792338126565473,1.078649676392844,1.0777581010428663,0.0014757116136809856,0.0008915753499776358,0.0005841362637033498,0.5559282334030703,1.0792338126565466,0.0,0.0
main,mlp,2209-04-01,2209-01-01,0.0013706724539854,0.003045938786634222,0.0034668635992847,0.0137955060683037,0.0823044916125359,0.005864297784864902,0.00033261314011651,0.023251656718264457,0.002638934003189206,0.0958021694930308,0.5992503379126464,0.5950672001766245,0.546084821735828,1.0924602974571416,1.0918148674341492,1.0842572158246908,0.00820308163245076,0.007557651609458427,0.0006454300229923327,0.5992503379126464,1.0924602974571411,0.0,0.0
main,mlp,2209-07-01,2209-04-01,0.0022888051544627,0.005086233676583778,0.0050302896669413,0.0199698442847412,0.0918444471403798,0.0033957172185182572,0.00021518671527981926,0.013513839991183274,0.0015280727483332158,0.08176790224798262,0.5639100246145317,0.5598357760633873,0.5971448248422432,1.081830082425332,1.081238860279584,0.4972894610119969,0.5845406214133351,0.583949399267587,0.0005912221457480271,0.5639100246145317,1.081830082425332,0.05893633880309035,0.0
main,mlp,2209-10-01,2209-07-01,0.0032964038656676,0.007325341923705778,0.0060842721365262,0.0241158778904437,0.0967657619766427,0.004584274627268315,0.00018599663849023295,0.01821138998891758,0.0020629235822707415,0.08947121703637913,0.5456663611240278,0.5428091181857285,0.568315155239411,1.0736845816470966,1.0732987511001315,0.661676360315409,0.4120082213316876,0.4116223907847225,0.00038583054696506025,0.5456663611240278,1.073684581647096,0.04150666230183253,0.0
main,mlp,2210-01-01,2209-10-01,0.0018033391239206,0.004007420275379111,0.0044157426364426,0.0175463218738105,0.0885146872056579,0.007524000853300095,0.0006118023285822184,0.029758040427873778,0.003385800383985043,0.10251925827135028,0.5763089936024567,0.5717839324863866,0.5238362080228769,1.0864271053689065,1.085748497298894,1.0785579396633047,0.00786916570560181,0.00719055763558929,0.0006786080700125208,0.5763089936024567,1.0864271053689063,0.0,0.0
main,mlp,2210-04-01,2210-01-01,0.0018877053391632,0.004194900753696,0.0064090269147621,0.025390705235047,0.0981399801927678,0.0047066139057278635,0.0003893299153144277,0.01869395889312786,0.0021179762575775384,0.09014383714722574,0.5457690440799354,0.5381861204493319,0.5658937206013068,1.0813866880208323,1.08025590010513,0.7156480708001738,0.3657386172206585,0.36460782930495617,0.0011307879157023137,0.5457690440799354,1.0813866880208318,0.03687396682830657,0.0
main,mlp,2210-07-01,2210-04-01,0.0017593957983637,0.0039097684408082225,0.0048296915940283,0.0191792609346704,0.0908034067287465,0.00591540765017271,0.00037814797168575265,0.02345250505914709,0.0026619334425777197,0.09602861196193438,0.5689485903608527,0.5635333323170643,0.5453125111075143,1.085573305586965,1.0847588180581014,1.0820182964576852,0.0035550091292797514,0.002740521600416157,0.0008144875288635944,0.5689485903608527,1.0855733055869647,0.0,0.0
main,mlp,2210-10-01,2210-07-01,0.0015524384908304,0.0034498633129564442,0.0050405968130991,0.0200104531876537,0.0918968669773859,0.004451128840446472,0.00022283475516747447,0.017685992434337883,0.0020030079782009124,0.0887185418070235,0.5660933637162756,0.5596504931548183,0.5710421599897242,1.0863154338319663,1.0853330531801515,0.9996499090622417,0.08666552476972456,0.08568314411790978,0.0009823806518147737,0.5660933637162756,1.0863154338319658,0.008742009552548224,0.0
main,mlp,2211-01-01,2210-10-01,0.0014392163327345,0.0031982585171877777,0.0030919113982232,0.0123104042385885,0.0793322597025108,0.0037049574311822653,0.00023107880909002096,0.014737672706403693,0.0016672308440320194,0.0840180355827749,0.6098621606402133,0.6067175182452688,0.5885052163560488,1.0936796071644543,1.0931965654490576,1.0903990131550254,0.0032805940094289276,0.002797552294032224,0.0004830417153967037,0.6098621606402129,1.093679607164454,0.0,0.0
main,mlp,2211-04-01,2211-01-01,0.0020585220799084,0.004574493510907556,0.0039613039700175,0.0157513127009812,0.0857365217302348,0.002707526460289955,0.00018700538966009005,0.010786200982473404,0.0012183869071304798,0.07585523203644835,0.584812265412065,0.5820319157585786,0.6208098835812791,1.086209970979707,1.085800106349437,0.47597522783880764,0.6102347431408994,0.6098248785106293,0.0004098646302701514,0.584812265412065,1.0862099709797068,0.06155413240750729,0.0
main,mlp,2211-07-01,2211-04-01,0.0020277759238647,0.004506168719699333,0.0027834388575351,0.0110873564379997,0.0765818439782166,0.003494535107165575,0.0002607282864021834,0.013905040323757945,0.0015725407982245087,0.08251000863202249,0.6180102252339125,0.6178215613478778,0.5942743673745915,1.091293855284982,1.0912659854329858,1.0877875411756102,0.0035063141093718553,0.0034784442573756458,2.7869851996209505e-05,0.6180102252339124,1.0912938552849816,0.0,0.0
main,mlp,2211-10-01,2211-07-01,0.0011947764509305,0.0026550587798455554,0.0022000746972988,0.0087712993900627,0.0703752237189658,0.003373753931373358,0.0002971446859919464,0.013426875905580449,0.0015181892691180112,0.08159981398165517,0.6461200377051932,0.6441440610941808,0.5977979275173653,1.1008284762792275,1.1005201207118012,1.0932877029607893,0.007540773318438276,0.00723241775101191,0.00030835556742636605,0.6461200377051932,1.100828476279227,0.0,0.0
main,mlp,2212-01-01,2211-10-01,0.0011801025865219,0.002622450192270889,0.0025447927315252,0.0101403809838904,0.0742226298947,0.0024041000753641127,0.0001645319706997597,0.00958177766489876,0.0010818450339138508,0.07272099502045358,0.6305061602638896,0.6276115531236751,0.6339778036587627,1.0984844154188793,1.0980322807530545,1.0439654832833831,0.05451893213549619,0.05406679746967136,0.00045213466582483264,0.6305061602638896,1.0984844154188789,0.00550611992723371,0.0
main,mlp,2212-04-01,2212-01-01,0.0010604515258071,0.0023565589462379998,0.0021880932755144,0.0087236884702347,0.0702307027706004,0.002590830158442259,7.469301100755356e-05,0.01032311574601641,0.0011658735712990166,0.07469533766992381,0.6472862464498764,0.6447795119129378,0.6256295524722619,1.101879932526762,1.101485383829201,1.0984712666802479,0.003408665846514225,0.003014117148953055,0.00039454869756117006,0.6472862464498764,1.1018799325267616,0.0,0.0
main,mlp,2212-07-01,2212-04-01,0.001780850422317,0.0039574453829266665,0.0029766599759666,0.0118535822965206,0.078340383224592,0.0026759059634059667,7.514480187866422e-05,0.010660737609008097,0.001204157683532685,0.07554620683696214,0.6122902473297005,0.6106848988272422,0.622087982806684,1.091960788096013,1.0917196784031855,0.9334146457520529,0.15854614234396003,0.1583050326511326,0.00024110969282742367,0.6122902473297005,1.0919607880960127,0.01600176788904739,0.0
main,mlp,2212-10-01,2212-07-01,0.0017811117700162,0.003958026155591555,0.0031102793346829,0.0123831945732583,0.0794866750813382,0.00306958700530231,0.00022834307154337842,0.012221929437198797,0.0013813141523860396,0.07914325482721701,0.6080217980244044,0.6061035428846844,0.6074703599929242,1.0913181142592232,1.0910300136638222,1.0912352943976176,8.281986160563193e-05,-0.00020528073379533218,0.0002881005954009641,0.6080217980244044,1.0913181142592228,0.0,0.0
main,mlp,2213-01-01,2212-10-01,0.0010001608290034,0.0022225796200075554,0.0020159113947739,0.0080392949399102,0.0680621333692535,0.00340002360753715,0.00027387436211968316,0.013530890552595154,0.0015300106233917176,0.08180072282744359,0.6567614044802221,0.6544466004648029,0.5970174299270387,1.1037672456450536,1.103401510333493,1.0943277937512894,0.009439451893764161,0.009073716582203684,0.0003657353115604778,0.6567614044802221,1.1037672456450534,0.0,0.0
main,mlp,2213-04-01,2213-01-01,0.0006081986231529,0.0013515524958953333,0.0022246927838421,0.0088691196052923,0.0706697046517162,0.0025494197849184274,0.00012756138073754918,0.010158748130227324,0.0011472389032132924,0.07427054142133717,0.6473417604388453,0.6428525739834414,0.6274101921009053,1.1048162920796432,1.1040894119253473,1.1015890121230734,0.003227279956569795,0.0025003998022739005,0.0007268801542958947,0.6473417604388453,1.1048162920796425,0.0,0.0
main,mlp,2213-07-01,2213-04-01,0.0009477670745016,0.002106149054448,0.0019354652077601,0.0077194136647936,0.0669858089896871,0.0020440171705558897,6.132439976236467e-05,0.008151034787272304,0.0009198077267501504,0.0684283226663357,0.6616663225979409,0.6593391112486936,0.6527965492205455,1.1048888866478053,1.104519971684054,1.1034828295120567,0.0014060571357485951,0.0010371421719972407,0.00036891496375135446,0.6616663225979409,1.1048888866478053,0.0,0.0
main,mlp,2213-10-01,2213-07-01,0.0007104353316769,0.0015787451815042221,0.0016395426296161,0.0065420595400508,0.0626220586319915,0.002046211389824748,2.388707029820469e-05,0.008159757925250366,0.0009207951254211367,0.0684567029188307,0.6824424853735098,0.6798572035647685,0.652668975874604,1.1098020250082823,1.109386064419806,1.1050115969434264,0.004790428064855856,0.004374467476379484,0.00041596058847637174,0.6824424853735098,1.1098020250082818,0.0,0.0
main,mlp,2214-01-01,2213-10-01,0.0006372760709415,0.0014161690465366666,0.0019479872144355,0.0077692104859685,0.0671561663528081,0.0017344969557598234,2.7424196258463904e-05,0.006919957808646404,0.0007805236300919206,0.06409745754029093,0.6622804041587466,0.6585604605363903,0.672793595390077,1.1070425533604311,1.1064413091424328,0.9499996705753767,0.1570428827850544,0.15644163856705606,0.0006012442179983424,0.6622804041587466,1.107042553360431,0.015874210085990825,0.0
main,mlp,2214-04-01,2214-01-01,0.0007461354952337,0.001658078878297111,0.0017148145469576,0.0068416348158595,0.063797861667875,0.0016526833642274141,4.395167532109229e-05,0.006594363331943076,0.0007437075139023364,0.06283084716172066,0.6768464496194019,0.6742172319739725,0.678849514503185,1.10866001192722,1.1082379208888873,1.079387506755976,0.029272505171244134,0.02885041413291134,0.0004220910383327947,0.6768464496194019,1.10866001192722,0.0029594074493629052,0.0
main,mlp,2214-07-01,2214-04-01,0.0006072533701547,0.0013494519336771109,0.0014813039483158,0.0059120632215968,0.0599818410703005,0.0019811416976153852,0.00013728436584915102,0.007901048343810446,0.0008915137639269234,0.06760215154578204,0.6954630261449484,0.6928379468987029,0.656529650517817,1.1126145657279063,1.1121894932967291,1.106310182858159,0.006304382869747327,0.005879310438570151,0.00042507243117717586,0.6954630261449484,1.1126145657279063,0.0,0.0
main,mlp,2214-10-01,2214-07-01,0.0004840352604949,0.001075633912210889,0.0013991566998454,0.0055848919149023,0.0585114114051006,0.0016539523843675853,0.00010978171484487965,0.006599414276982518,0.0007442785729654134,0.06285092982561562,0.7032573915604262,0.7002651949636737,0.678752728375147,1.1147432280349625,1.1142550222932992,1.1107450558301177,0.003998172204844774,0.0035099664631814687,0.00048820574166330566,0.7032573915604262,1.114743228034962,0.0,0.0
main,mlp,2215-01-01,2214-10-01,0.0009397445667588,0.002088321259464,0.0019818189545896,0.0079037412999386,0.0676111861110032,0.0016817267751321197,0.00012867835893140672,0.006709956887924529,0.0007567770488094539,0.06328697059373464,0.658974532605756,0.6564886242038613,0.6766574307996612,1.1045150441112803,1.1041207726889033,0.8389801095456405,0.2655349345656398,0.2651406631432628,0.00039427142237702384,0.658974532605756,1.10451504411128,0.026833948738719304,0.0
main,mlp,2215-04-01,2215-01-01,0.0004920180754821,0.0010933735010713334,0.0015683403633377,0.0062586187288631,0.061463632563297,0.002012481936253607,6.427985554827827e-05,0.008025659830228515,0.0009056168713141232,0.0680171093032191,0.6889156411464853,0.6854977639106327,0.6546499816180956,1.1123482382333454,1.1117908514315202,1.1067602006711388,0.005588037562206605,0.00503065076038145,0.0005573868018251549,0.6889156411464853,1.1123482382333452,0.0,0.0
main,mlp,2215-07-01,2215-04-01,0.0004845762285822,0.001076836063516,0.0016339395932666,0.0065197572632693,0.0625325695520748,0.0017480051843449473,8.537242957591029e-05,0.0069737089595706125,0.0007866023329552263,0.06430124994341091,0.6839143105000065,0.6802899485114213,0.671828281139227,1.1115835179914462,1.110992187973998,1.109611631084097,0.001971886907349063,0.001380556889900797,0.0005913300174482661,0.6839143105000065,1.1115835179914455,0.0,0.0
main,mlp,2215-10-01,2215-07-01,0.0009760097036318,0.002168910452515111,0.0016543067288353,0.0066008246329017,0.0628565349281913,0.0017736092209815978,0.00011494821371765489,0.007075585052915279,0.0007981241494417191,0.06468352572415614,0.680121530534424,0.6787257194756052,0.670024213938574,1.107622364995278,1.1074014919887745,1.1060245665969572,0.00159779839832086,0.0013769253918172186,0.00022087300650364128,0.680121530534424,1.1076223649952774,0.0,0.0
main,mlp,2216-01-01,2215-10-01,0.0007006477554777,0.0015569950121726668,0.0016565208566659,0.0066096372334217,0.0628915336695619,0.002128117764368653,8.52970884427193e-05,0.00848533627765391,0.0009576529939658939,0.0694951654186519,0.6812351850233971,0.6785571197333188,0.6480304709242449,1.10967445205054,1.1092433008861515,1.1043287081659308,0.005345743884609178,0.004914592720220767,0.0004311511643884103,0.6812351850233971,1.1096744520505395,0.0,0.0
main,mlp,2216-04-01,2216-01-01,0.0006103513429109,0.0013563363175797777,0.0016952920958817,0.0067639437727067,0.0634975378493128,0.0019872254924848676,4.709079795607161e-05,0.007925238954128333,0.0008942514716181905,0.06768320147900493,0.6788502617438087,0.6756497632299401,0.6561617680533884,1.1099034722840524,1.1093853228193815,1.1062302848699874,0.003673187414064971,0.0031550379493940905,0.0005181494646708806,0.6788502617438087,1.1099034722840522,0.0,0.0
main,mlp,2216-07-01,2216-04-01,0.0005996225511624,0.0013324945581386666,0.0015042067264949,0.0060032646875046,0.060379088391332,0.0018297535832971334,7.20837195662654e-05,0.00729895083697274,0.0008233891124837101,0.06550395615279035,0.693583671114898,0.690856132167311,0.6661814489764358,1.1123631726441179,1.1119213010395446,1.107923909228318,0.004439263415799921,0.003997391811226603,0.0004418716045733184,0.693583671114898,1.112363172644118,0.0,0.0
main,mlp,2216-10-01,2216-07-01,0.0007161867754913,0.0015915261677584445,0.0014834326811891,0.0059205403424009,0.0600189907670351,0.0017111068591475487,6.314865383135487e-05,0.006826880147625114,0.0007699980866163969,0.06374106845188575,0.6947571809113077,0.6926521716425906,0.674487709680462,1.1117434473416368,1.1114048815824975,1.108483343447272,0.0032601038943647076,0.0029215381352254433,0.00033856575913926434,0.6947571809113077,1.1117434473416368,0.0,0.0
main,mlp,2217-01-01,2216-10-01,0.000831627784128,0.0018480617425066666,0.0015644088369023,0.0062429664063462,0.0613982965103291,0.0018134005600586533,4.8852551452982805e-05,0.007233895552775649,0.000816030252026394,0.06526746940012548,0.68761637875452,0.6858184250212248,0.6672850784364578,1.109801142776822,1.1095140388324196,1.106554565065707,0.0032465777111150285,0.0029594737667126836,0.0002871039444023449,0.68761637875452,1.1098011427768215,0.0,0.0
main,mlp,2217-04-01,2217-01-01,0.0004452020657425,0.0009893379238722223,0.0015477310402024,0.0061765661570162,0.0611194921951805,0.0017797203501686454,6.746218051074193e-05,0.007099899511870289,0.0008008741575758904,0.06477400288572596,0.6907761540557216,0.6871898279003442,0.6695984985274129,1.1129750441738486,1.1123885077778728,1.1095114814049805,0.003463562768868167,0.002877026372892333,0.0005865363959758341,0.6907761540557216,1.1129750441738482,0.0,0.0
main,mlp,2217-07-01,2217-04-01,0.0007365489414806,0.0016367754255124445,0.0017112137650991,0.0068273055799872,0.0637427075984905,0.0017340407706797124,0.00014450630019263066,0.0069181425456419365,0.0007803183468058706,0.0640905495334752,0.6771431532833011,0.6744799006015824,0.6728263626511125,1.108772559023778,1.108344748732685,1.1080791334732778,0.0006934255505002263,0.00026561525940715924,0.000427810291093067,0.6771431532833007,1.1087725590237774,0.0,0.0
main,mlp,2217-10-01,2217-07-01,0.00118625844599,0.002636129879977778,0.001835167908606,0.0073204892977819,0.0655818138837789,0.0017679252428933977,2.904912650085798e-05,0.007052969706840884,0.000795566359302029,0.06459911003890789,0.6668085874548478,0.6658188169634197,0.670421849602438,1.1041137695051446,1.103959229298635,1.0504906916549512,0.05362307785019338,0.05346853764368387,0.0001545402065095125,0.6668085874548304,1.1041137695051415,0.005418724326358704,0.0
main,mlp,2218-01-01,2217-10-01,0.0005236078663953,0.001163573036434,0.0013905292017673,0.005550526129315,0.0583526770368312,0.0019881689688190816,0.00014938059367854644,0.00792899040002315,0.0008946760359685868,0.06769574908999237,0.7038472260051659,0.7010757230206989,0.6561048497644297,1.1145609345260996,1.1141098338323523,1.1067901981552566,0.007770736370843023,0.007319635677095704,0.0004511006937473194,0.7038472260051659,1.114560934526099,0.0,0.0
main,mlp,2218-04-01,2218-01-01,0.0004423197001534,0.0009829326670075555,0.0013690180031738,0.0054648370107349,0.0579531954922929,0.0018425948219373822,6.246445042642435e-05,0.0073500333657405825,0.000829167669871822,0.06568825893809438,0.7062370536769101,0.703123210535186,0.665323601926859,1.115523999399525,1.1150146468933624,1.1088315077626196,0.006692491636905329,0.006183139130742754,0.0005093525061625748,0.7062370536769101,1.1155239993995243,0.0,0.0
main,mlp,2218-07-01,2218-04-01,0.0006784284666652,0.0015076188148115555,0.0012744094580429,0.0050879013919066,0.0561305473027488,0.0013924716040492058,5.876910267316225e-05,0.00555826334931131,0.0006266122218221426,0.05838848820637554,0.714239912096894,0.7126067616270325,0.7008927098024478,1.1151466983483282,1.1148834088270825,1.1129949195827302,0.0021517787655980225,0.0018884892443522538,0.00026328952124576865,0.7142399120968937,1.115146698348328,0.0,0.0
main,mlp,2218-10-01,2218-07-01,0.0006975017589227,0.001550003908717111,0.001371137704221,0.0054732810127836,0.0579927973884023,0.001449926570057869,0.00010045836366348522,0.005787104746107774,0.0006524669565260411,0.05942876128136227,0.7047698007551717,0.7029197472889197,0.6956145706570932,1.1134855447702454,1.113187639943383,1.1120113240047358,0.0014742207655096262,0.0011763159386473099,0.00029790482686231634,0.7047698007551717,1.1134855447702452,0.0,0.0
main,mlp,2219-01-01,2218-10-01,0.0004659455267132,0.001035434503807111,0.0013578721037433,0.0054204355263418,0.0577440958432058,0.0015588333597406745,6.921583125265629e-05,0.006220768816017408,0.0007014750118833035,0.061305387795421405,0.7071633509364558,0.704199330957179,0.6862748791950696,1.115508446957081,1.1150243023190665,1.112096512604206,0.0034119343528751234,0.002927789714860518,0.0004841446380146053,0.7071633509364554,1.1155084469570806,0.0,0.0
main,mlp,2219-04-01,2219-01-01,0.000380115680525,0.0008447015122777777,0.0011856278595983,0.0047340838225008,0.0543150424887709,0.0017175687942653894,6.417459827056492e-05,0.006852595180585008,0.0007729059574194253,0.06383997680928315,0.7251886210234324,0.7222918107638507,0.6740167824763289,1.1190751326700434,1.118599479776465,1.1106727759764605,0.008402356693582913,0.007926703800004375,0.00047565289357853757,0.7251886210234321,1.119075132670043,0.0,0.0
main,mlp,2219-07-01,2219-04-01,0.0006186651492342,0.0013748114427426666,0.0011361686061573,0.0045369350149787,0.0532553636396189,0.0012073090067133308,5.2935813217572845e-05,0.0048204974935729394,0.0005432890530209989,0.05476838697540395,0.7295327944096992,0.7280589915468919,0.7198505115608085,1.1180481443095822,1.117809663333311,1.116481421700605,0.0015667226089772779,0.001328241632706062,0.0002384809762712159,0.7295327944096992,1.118048144309582,0.0,0.0
main,mlp,2219-10-01,2219-07-01,0.0006071731947136,0.0013492737660302221,0.0011845804755379,0.0047299091637242,0.0542929728801561,0.001083783176727593,5.894941883890805e-05,0.004328090281672026,0.0004877024295274168,0.0520923075936218,0.7241121807558174,0.7224110564812632,0.7344887964606821,1.1172542313057718,1.11697877119825,0.9756334905575678,0.14162074074820408,0.1413452806406822,0.00027546010752188543,0.7241121807558156,1.117254231305771,0.01433010081575431,0.0
main,mlp,2220-01-01,2219-10-01,0.0004940050824292,0.0010977890720648888,0.0013486102297578,0.0053835382295497,0.0575692283115225,0.001245764596387744,7.3713868738747e-05,0.00497375453991955,0.0005605940683744848,0.055556431694008625,0.707898279103722,0.705101602872248,0.7156432202739066,1.1154298574122241,1.1149738315280588,1.0072852218905977,0.10814463552162645,0.10768860963746119,0.00045602588416526757,0.707898279103717,1.115429857412223,0.010940752523520558,0.0
main,mlp,2220-04-01,2220-01-01,0.0005894520311109,0.0013098934024686666,0.0011637116736225,0.0046467276472096,0.0538499346549368,0.0012095443671569228,7.375842119916675e-05,0.004829406559272553,0.0005442949652206153,0.05481475124806539,0.72653620924811,0.724812560303167,0.7196017055296459,1.1177755007115133,1.117496087772477,1.1166513796598274,0.0011241210516859113,0.0008447081126496947,0.00027941293903621656,0.72653620924811,1.1177755007115129,0.0,0.0
main,mlp,2220-07-01,2220-04-01,0.0005678299388868,0.0012618443086373332,0.00113739977539,0.0045418429161097,0.0532821845356649,0.0009637190843932331,6.732433175885035e-05,0.0038493073901020303,0.0004336735879769549,0.0492529402837037,0.729660629989597,0.7279119667946203,0.7506433116566417,1.1184397543289013,1.1181559083452963,0.8342780261236606,0.28416172820524066,0.2838778822216357,0.00028384598360498003,0.729660629989597,1.1184397543289009,0.028756767277681727,0.0
main,mlp,2220-10-01,2220-07-01,0.0005949741586652,0.0013221647970337778,0.00112080652672,0.0044756944935414,0.0529187504690372,0.0013453113147988915,6.217918066520288e-05,0.005370395820031737,0.0006053900916595012,0.05750669758700843,0.7314554465436862,0.7299090370485424,0.7054247622529185,1.1185325441302552,1.118281948071954,1.1143142650142601,0.004218279115995038,0.003967683057693794,0.00025059605830124454,0.7314554465436862,1.118532544130255,0.0,0.0
main,mlp,2221-01-01,2220-10-01,0.0006263407963853,0.0013918684364117777,0.0012284814556999,0.0049048782363334,0.0552047565078118,0.0014554717810824514,5.314152917078016e-05,0.005809189064283515,0.0006549623014871031,0.059527261050107604,0.719263543868185,0.7175151113336078,0.6951185862753637,1.1163312343610818,1.116048448841534,1.1124261112051617,0.003905123155920176,0.0036223376363724302,0.0002827855195477458,0.719263543868185,1.1163312343610818,0.0,0.0
main,mlp,2221-04-01,2221-01-01,0.0004698305807563,0.0010440679572362222,0.0013028632930648,0.005201277299011,0.0566903345528149,0.0015091297449544073,9.505975729362952e-05,0.006022867887114702,0.0006791083852294833,0.060463780876595805,0.7124528473997832,0.70966901771467,0.690434944396392,1.1163447570126104,1.115890152908688,1.112749196149592,0.0035955608630184877,0.003140956759096092,0.0004546041039223958,0.7124528473997832,1.1163447570126102,0.0,0.0
main,mlp,2221-07-01,2221-04-01,0.0002893020789144,0.0006428935086986666,0.0013318858973388,0.0053169095165835,0.0572508739306938,0.0011364755220711232,7.939508298582273e-05,0.004538158498323397,0.0005114139849320055,0.05326205192944575,0.7105291573091348,0.7067497325485029,0.7280223213291507,1.1173133228045464,1.1166893133991636,0.8740026019939102,0.2433107208106362,0.24268671140525333,0.0006240094053828749,0.7105291573091348,1.117313322804546,0.024619896427882093,0.0
main,mlp,2221-10-01,2221-07-01,0.0005499561468379,0.0012221247707508889,0.0013603737920976,0.0054304015339631,0.0577911548517414,0.0014909036690369248,5.6766913586447716e-05,0.005950291164590227,0.0006709066510666162,0.060149001396009684,0.7065085059231542,0.7039568735244118,0.6920027405586668,1.1148079420388328,1.1143933006550653,1.1124507488058668,0.002357193232966015,0.0019425518491984484,0.00041464138376756665,0.7065085059231542,1.1148079420388326,0.0,0.0
main,mlp,2222-01-01,2221-10-01,0.0005295304302385,0.001176734289418889,0.0012014580535852,0.004797178140756,0.0546466997316127,0.0013622164726257325,0.00010855719800689243,0.005437742195848916,0.0006129974126815797,0.05782577029188892,0.722667460701245,0.7205043025551261,0.7037786323471289,1.117581389283964,1.1172294332960535,1.1145080882145233,0.0030733010694408147,0.002721345081530213,0.00035195598791060156,0.722667460701245,1.117581389283964,0.0,0.0
main,mlp,2222-04-01,2222-01-01,0.0004000976592345,0.0008891059094100001,0.0010844849329372,0.0043308881868308,0.0521081763533827,0.001228048512712121,6.13815515794094e-05,0.004903152837771763,0.0005526218307204544,0.05519589512867386,0.7368747319623581,0.7344003506728239,0.7175623965127883,1.1208467364156043,1.120440940300582,1.1176795322621538,0.003167204153450509,0.0027614080384281703,0.0004057961150223388,0.7368747319623576,1.1208467364156036,0.0,0.0
main,mlp,2222-07-01,2222-04-01,0.0005266600088028,0.0011703555751173334,0.0010849428600204,0.0043327139409886,0.0521185271079389,0.0011604123050346971,0.00010101055448232247,0.004633576128263539,0.0005221855372656137,0.053779307423383244,0.7361320763600967,0.7343426719750156,0.7251967750349047,1.119793275570338,1.119502079710936,1.1180137368066276,0.0017795387637102866,0.0014883429043084373,0.00029119585940184933,0.7361320763600967,1.1197932755703377,0.0,0.0
main,mlp,2222-10-01,2222-07-01,0.00048123689436,0.0010694153208,0.0010665004964304,0.0042591822968247,0.0516989495295791,0.0011963103897869587,0.0001188345072026475,0.004776661454246711,0.0005383396754041315,0.054539241349273515,0.7386605193750548,0.7366875952802844,0.7210825553369679,1.1205402603117052,1.120218303502425,1.1176717540015353,0.0028685063101698827,0.0025465495008896166,0.00032195680928026604,0.7386605193750548,1.1205402603117045,0.0,0.0
main,mlp,2223-01-01,2222-10-01,0.0007868678908899,0.0017485953130886665,0.0011412538297268,0.0045572065011389,0.053365995914202,0.0011079119751229883,7.017381634767237e-05,0.00442428852502752,0.0004985603888053447,0.05263338122524387,0.7280518019913862,0.7274528748639927,0.7314843544507798,1.1165838966781783,1.1164879898834903,1.0699864647923225,0.046597431885855745,0.046501525091167784,9.590679468796104e-05,0.7280518019913862,1.1165838966781707,0.004714709124335192,0.0
main,mlp,2223-04-01,2223-01-01,0.0010221195885231,0.0022713768633846666,0.0014679375575997,0.0058588338344038,0.0597475007507871,0.0011914038099348546,6.911367139271421e-05,0.004757105344014079,0.0005361317144706846,0.05443646661676087,0.6945909752081209,0.6940119213193308,0.7216364192902722,1.1095917334172485,1.1095003709871565,0.7244868004173076,0.38510493299994086,0.38501357056984886,9.136243009200129e-05,0.6945909752081202,1.1095917334172476,0.03893721308239756,0.0
main,mlp,2223-07-01,2223-04-01,0.0010348918843041,0.002299759742898,0.0025967376047664,0.0103465621361553,0.0747553591042848,0.0018021266674622892,9.071172224441463e-05,0.007189044106930886,0.0008109570003580302,0.06510325767109829,0.628969370134698,0.6253786353794525,0.6680533328286168,1.0991577012163467,1.098591618000034,0.4839226241724318,0.6152350770439149,0.6146689938276021,0.000566083216312796,0.628969370134698,1.0991577012163465,0.06213967060185094,0.0
main,mlp,2223-10-01,2223-07-01,0.0013667843117332,0.0030372984705182224,0.0028939079903024,0.0115254806128214,0.0776025616223034,0.002343534491956234,9.188974915940609e-05,0.009341236498379812,0.0010545905213803052,0.07204647140630059,0.6166393494176716,0.6136629629363224,0.6368729642842129,1.0951672808143544,1.0947079286689714,0.7701627721340547,0.32500450868029973,0.32454515653491667,0.0004593521453830629,0.6166393494176713,1.0951672808143542,0.03281272061041862,0.0
main,mlp,2224-01-01,2223-10-01,0.0010655992180408,0.002367998262312889,0.0033701579646264,0.0134126370538042,0.0815721816476139,0.0023314219433814287,0.0001008060877442302,0.009293125264351887,0.001049139874521643,0.07190943476902571,0.602998891683272,0.597905397739305,0.6374638840408446,1.094878262328218,1.094076831577269,0.5287415312217587,0.5661367311064593,0.5653353003555104,0.0008014307509489615,0.602998891683272,1.0948782623282178,0.05715595911334714,0.0
main,mlp,2224-04-01,2224-01-01,0.0042808228221769,0.009512939604837555,0.005723365237222,0.0226976683370728,0.0951692513784946,0.00306244813837111,6.190184693763392e-05,0.012193635819689908,0.0013781016622669996,0.07908250431158885,0.54749497967297,0.5482517262134091,0.6077126540861822,1.0685418665449458,1.0548147576325777,-0.02379551225571941,1.0923373788006652,1.0786102698882971,0.013727108912368058,0.54749497967297,1.068541866544945,0.10998761361528198,0.0
main,mlp,2224-07-01,2224-04-01,0.0018927391665701,0.004206087036822444,0.0032156836336494,0.0128008237089447,0.0803542969317687,0.005672732833772898,0.000627041034248599,0.02249858110457703,0.002552729775197804,0.09493868593716347,0.604423029775804,0.6026718158752018,0.549044127895239,1.0901029175859986,1.089841859562085,1.0818474402359737,0.008255477350024965,0.007994419326111224,0.00026105802391374056,0.604423029775804,1.0901029175859986,0.0,0.0
main,mlp,2224-10-01,2224-07-01,0.0008538490379458,0.001897442306546222,0.0022579396864333,0.0090012150165151,0.0710622352693054,0.0034632022026926277,0.00031219601085116083,0.013781012197335185,0.0015584409912116825,0.08227716663388433,0.6446784645141723,0.6411379728630946,0.5951727327542173,1.102801401171283,1.102236829027803,1.094907142449971,0.007894258721311997,0.007329686577832062,0.0005645721434799356,0.6446784645141723,1.1028014011712828,0.0,0.0
main,mlp,2225-01-01,2224-10-01,0.00120826828736,0.0026850406385777775,0.0025904305838729,0.0103215298373867,0.0746912727081056,0.0025393253192305563,0.00014012307400462708,0.01011867769291841,0.0011426963936537503,0.07416589969840372,0.6285373253413838,0.625646547491937,0.6278501113106693,1.0979998534810318,1.097549131154337,1.0978927049130711,0.00010714856796067984,-0.0003435737587340615,0.0004507223266947413,0.6285373253413838,1.0979998534810311,0.0,0.0
main,mlp,2225-04-01,2225-01-01,0.0008611358876112,0.0019136353058026665,0.0021384698781157,0.0085264802883804,0.0696235880680591,0.0022653828840702773,4.6021416527020434e-05,0.009030786255689427,0.001019422297831625,0.07114931364066339,0.6506827467880643,0.6474608245486219,0.6407586739704821,1.1037114388133085,1.1031979010057564,1.1021296543324994,0.0015817844808090342,0.0010682466732570006,0.0005135378075520336,0.6506827467880643,1.103711438813308,0.0,0.0
main,mlp,2225-07-01,2225-04-01,0.0013687452023727,0.0030416560052726666,0.0030045580245573,0.0119641762962133,0.0785842006356278,0.0020536229480057956,5.5088015428863616e-05,0.008189222214490033,0.000924130326602608,0.0685523441358514,0.6129218085340368,0.609705851799246,0.652239362695364,1.0945815259851126,1.0940852635071852,0.4591713764230734,0.6354101495620392,0.6349138870841118,0.0004962624779274449,0.6129218085340365,1.0945815259851122,0.06414773415248687,0.0
main,mlp,2225-10-01,2225-07-01,0.0027560025617185,0.006124450137152222,0.0040703839729025,0.0161823972158942,0.0864324850764541,0.002746743382886052,8.54418716812991e-05,0.010941788771666516,0.0012360345222987236,0.07623325443876415,0.580085134300853,0.5794399693886094,0.6192522656444464,1.0814671414010635,1.081376534457315,0.4117716182278044,0.6696955231732591,0.6696049162295106,9.060694374851685e-05,0.580085134300853,1.0814671414010633,0.06751961540958018,0.0
main,mlp,2226-01-01,2225-10-01,0.0012244487724437,0.002720997272097111,0.0024992586668384,0.0099596193094514,0.0737462496545045,0.00396122969686985,0.0003807587331925079,0.01575101912501231,0.0017825533635914327,0.08573604102283301,0.6322283437700738,0.6296195477049285,0.5820337118570535,1.0984730495590385,1.0980667151914894,1.0906549589519428,0.007818090607095707,0.007411756239546596,0.00040633436754911045,0.6322283437700734,1.0984730495590385,0.0,0.0
main,mlp,2226-04-01,2226-01-01,0.0012304646560001,0.0027343659022224446,0.0025664090771965,0.0102261851462528,0.0744456858107459,0.002796798711642623,0.0002788000946713313,0.011140349794351856,0.0012585594202391803,0.07670755015344104,0.6294210853322547,0.626675008222699,0.6173069548174833,1.097997938343393,1.0975703868972473,1.0961118245112775,0.0018861138321155657,0.0014585623859697527,0.000427551446145813,0.6294210853322547,1.0979979383433929,0.0,0.0
main,mlp,2226-07-01,2226-04-01,0.0006452566008776,0.001433903557505778,0.0017340019585185,0.006917988103211,0.0640899617232489,0.0029835573863238097,8.647555901597724e-05,0.011880926011904491,0.0013426008238457143,0.07840089020603044,0.6759715465401912,0.6728291511600131,0.6104417004952077,1.1092014687946472,1.1086938228843932,1.09861529031624,0.010586178478407149,0.010078532568153165,0.0005076459102539843,0.6759715465401912,1.109201468794647,0.0,0.0
main,mlp,2226-10-01,2226-07-01,0.0006386578656526,0.0014192397014502222,0.0016314709213924,0.0065099308642085,0.0624930523743124,0.00199795407243073,3.1283072077372484e-05,0.00796789725283098,0.0008990793325938285,0.06782554357184226,0.6833788780388979,0.6804811929906218,0.6555165594970519,1.1104431985537309,1.1099748937591032,1.1059402739276214,0.004502924626109461,0.004034619831481789,0.00046830479462767194,0.6833788780388979,1.1104431985537309,0.0,0.0
main,mlp,2227-01-01,2226-10-01,0.0006243705949619,0.0013874902110264445,0.0019650322594472,0.007836991262918,0.0673863633198277,0.0017045258078724145,8.244239735912963e-05,0.006800690583043223,0.0007670366135425865,0.06363998093811567,0.6613286990898617,0.6575108739990332,0.6749696321552452,1.1069740795139356,1.1063565222759104,0.9029152414549625,0.20405883805897307,0.20344128082094792,0.000617557238025146,0.6613286990898614,1.1069740795139351,0.020626534483901893,0.0
main,mlp,2227-04-01,2227-01-01,0.0007251998950464,0.0016115553223253333,0.0022883524140443,0.0091220382204799,0.0714162201348756,0.0017868500202894212,6.14527132581687e-05,0.007128265893448393,0.0008040825091302395,0.06487919214120716,0.6437433036673983,0.6395984496891616,0.6691041604178084,1.1034804492535586,1.1028141722619147,0.7135981135579808,0.38988233569557784,0.38921605870393394,0.0006662769916438993,0.6437433036673983,1.1034804492535586,0.03939590427231099,0.0
main,mlp,2227-07-01,2227-04-01,0.0012100175219693,0.002688927826598444,0.0020991702626931,0.0083702789367121,0.0691327376111293,0.002325344271957874,0.00015496454690961368,0.00926898399734244,0.0010464049223810434,0.07184040051014003,0.6512843830807746,0.6496427992898864,0.6377619267274752,1.101535121204443,1.101279198579081,1.0994269726283643,0.002108148576078772,0.0018522259507167682,0.00025592262536200394,0.6512843768268047,1.10153512022945,0.0,0.0
main,mlp,2227-10-01,2227-07-01,0.000536212580086,0.001191583511302222,0.0016865047911763,0.006728972553843,0.0633613150638387,0.002439410099759698,0.00010308150699749212,0.009721994098820574,0.001097734544891864,0.07310624026155456,0.6798210723133566,0.6763013467809502,0.6323342313354948,1.1105646540368241,1.1099922133584683,1.102841495167752,0.007723158869072044,0.007150718190716221,0.0005724406783558234,0.6798210723133566,1.1105646540368237,0.0,0.0
main,mlp,2228-01-01,2227-10-01,0.0009988634751367,0.002219696611414889,0.0022570159277563,0.0089975449497342,0.0710514079206174,0.0017253592843189836,5.528009520263746e-05,0.006883596485098398,0.0007764116779435426,0.06395876294983689,0.6441212530812903,0.6411851595122069,0.6734519817899898,1.1017784785850349,1.101314542431686,0.6510527725815977,0.4507257060034372,0.45026176985008826,0.0004639361533489428,0.6441212530812903,1.1017784785850346,0.045536029449043613,0.0
main,mlp,2228-04-01,2228-01-01,0.0010770837822917,0.0023935195162037774,0.0023096884730288,0.0092067951842206,0.0716617213808519,0.002091874461621046,6.943449094909842e-05,0.008341278810414465,0.0009413435077294707,0.06904061133155522,0.6412771866681238,0.6385344346387897,0.6500537469191868,1.100827474783106,1.100396234179474,0.9653469473579234,0.13548052742518257,0.1350492868215506,0.00043124060363197714,0.6412771866681238,1.1008274747831055,0.013686045864025387,0.0
main,mlp,2228-07-01,2228-04-01,0.0004879660783728,0.0010843690630506666,0.0014735801337053,0.0058813046987975,0.0598466538978057,0.002153190178796649,5.3965357600214234e-05,0.008584983256737622,0.0009689355804584921,0.06980513801968466,0.6966960247379476,0.6935147524070887,0.6466569955899816,1.1136452918858821,1.1131263616641331,1.105482908477213,0.008162383408669038,0.007643453186920057,0.0005189302217489811,0.6966960247379476,1.113645291885882,0.0,0.0
main,mlp,2228-10-01,2228-07-01,0.0007158128301881,0.0015906951781957778,0.0010859316286595,0.0043366561505634,0.0521408651250706,0.0015842938097193836,3.698713633422989e-05,0.006322131217550986,0.0007129322143737227,0.06172725506589334,0.7349877963537815,0.7342182239871241,0.6842067004667766,1.118216812840818,1.1180930333809576,1.1100490863314707,0.008167726509347384,0.008043947049486855,0.00012377945986052907,0.7349877963537815,1.118216812840818,0.0,0.0
main,mlp,2229-01-01,2228-10-01,0.0004327749730098,0.000961722162244,0.0011526141635035,0.0046024916608709,0.0536117375855135,0.001134590758010745,5.515344961461249e-05,0.004530645095474073,0.0005105658411048353,0.05322095663493601,0.7286265681899605,0.7261098910465604,0.7282476930190573,1.119255950022087,1.1188440398108233,1.1191939386702938,6.201135179328965e-05,-0.0003498988594705654,0.0004119102112638551,0.7286265681899605,1.1192559500220864,0.0,0.0
main,mlp,2229-04-01,2229-01-01,0.000360506840445,0.0008011263121,0.0011466466076007,0.0045787036684543,0.0534828918461976,0.0013881949242204427,4.0154053951235896e-05,0.005541227882961741,0.0006246877158991993,0.0583095842579787,0.7296958460222475,0.7268134601613834,0.7012960608266541,1.1199582986923844,1.1194844490659557,1.1152895179478264,0.00466878074455801,0.004194931118129297,0.00047384962642871287,0.7296958460222398,1.1199582986923828,0.0,0.0
main,mlp,2229-07-01,2229-04-01,0.0004466152298881,0.0009924782886402222,0.0011831550040653,0.0047242275047051,0.0542629112295128,0.0012146616354584694,8.59852587544604e-05,0.004849801290786271,0.0005465977359563112,0.05492062824814229,0.7251130675716982,0.7225735316148426,0.7190341251091245,1.1185805299583613,1.118165229871961,1.117586417107503,0.0009941128508583752,0.0005788127644581476,0.00041530008640022764,0.7251130675716982,1.118580529958361,0.0,0.0
main,mlp,2229-10-01,2229-07-01,0.0009655811794099,0.002145735954244222,0.0012329659869231,0.0049227502120768,0.0552963948900507,0.001472647930495441,3.5278902562961947e-05,0.005877592340593929,0.0006626915687229485,0.059830295882333906,0.7170413146321786,0.7170264677750426,0.6935967309055823,1.1135393248755243,1.1135369739619831,1.1098270112975113,0.003712313578013049,0.0037099626644718775,2.350913541171451e-06,0.7170413146321786,1.113539324875524,0.0,0.0
main,mlp,2230-01-01,2229-10-01,0.0003812161447474,0.0008471469883275555,0.0012913931022723,0.0051555748440457,0.0564659128387674,0.0013947507133707405,3.7175229368102123e-05,0.005567341725382868,0.0006276378210168332,0.05843045248480823,0.714045326867727,0.7108440790097695,0.7006783695514799,1.117237558846944,1.1167119528804748,1.1150428670171655,0.0021946918297786056,0.001669085863309272,0.0005256059664693336,0.714045326867727,1.1172375588469436,0.0,0.0
main,mlp,2230-04-01,2230-01-01,0.0007236575021444,0.001608127782543111,0.00146458158433,0.0058454689035216,0.0596883702012186,0.0015826598275452853,0.00013381352663603961,0.006315626288190712,0.0007121969223953784,0.06170036431353117,0.696320490495795,0.6943087224302693,0.6843381950371364,1.1119428669348521,1.1116194482103754,1.1100165520778131,0.0019263148570389799,0.0016028961325622593,0.0003234187244767206,0.696320490495795,1.111942866934852,0.0,0.0
main,mlp,2230-07-01,2230-04-01,0.0004732084234275,0.0010515742742833332,0.0012169435446712,0.0048588956758842,0.0549677242432259,0.0014602128649130464,7.375023116653195e-05,0.0058280705794303556,0.0006570957892108709,0.05961121785117265,0.7212876975625321,0.7187819262061562,0.6946963422959807,1.1177631390484932,1.1173540269817517,1.1134216238967374,0.004341515151755848,0.003932403085014302,0.000409112066741546,0.7212876975625316,1.1177631390484926,0.0,0.0
main,mlp,2230-10-01,2230-07-01,0.0004812049936381,0.001069344430306889,0.0013303634955686,0.0053108441952258,0.0572217270002998,0.0013734816573560237,6.921682413257517e-05,0.005482618278715101,0.0006180667458102107,0.05803652818685901,0.7097084361742309,0.7069009770639838,0.7026951945642939,1.1158158648421295,1.1153577213450403,1.114671388320503,0.0011444765216264141,0.0006863330245372445,0.00045814349708916957,0.7097084361742309,1.115815864842129,0.0,0.0
main,mlp,2231-01-01,2230-10-01,0.0012150048289816,0.0027000107310702222,0.0018260985842247,0.00728441086704,0.0654512739526386,0.0014989060116931796,7.018988580601651e-05,0.005982157196817717,0.0006745077052619309,0.0602876241584545,0.6672615038912486,0.6664270223595993,0.6913115133683401,1.1039926731595158,1.1038626192531047,0.7473124672348083,0.3566802059247075,0.35655015201829643,0.00013005390641107617,0.6672615038912486,1.103992673159515,0.03604283987403417,0.0
main,mlp,2231-04-01,2231-01-01,0.0006039050181617,0.0013420111514704444,0.0015316480207816,0.0061125307763179,0.0608480795456983,0.0018835726426914335,7.037060486911689e-05,0.00751303021327876,0.0008476076892111451,0.06626832694353926,0.6913143863128307,0.688529667187393,0.6626364049778256,1.1119659346303385,1.111514918875805,1.1073212215344472,0.004644713095891317,0.004193697341357661,0.00045101575453365683,0.6913143863128305,1.111965934630338,0.0,0.0
main,mlp,2231-07-01,2231-04-01,0.0005867754272836,0.0013039453939635555,0.0020028886782717,0.0079875174575058,0.0678907637748155,0.001606885646469891,9.457076880139513e-05,0.0064120666867663045,0.000723098540911451,0.06209651275821546,0.6592933809469635,0.6552212984448089,0.6824057129256369,1.1068927164459859,1.106232500565125,0.7600780433322116,0.34681467311377423,0.3461544572329134,0.0006602158808608483,0.6592933809469635,1.1068927164459856,0.03505619274014682,0.0
main,mlp,2231-10-01,2231-07-01,0.0005899022357523,0.0013108938572273332,0.0015883559832939,0.0063383027073257,0.0617939989773451,0.0019501845119521022,9.862822122564223e-05,0.0077779483834798935,0.000877583030378446,0.06718595057772896,0.6868891333092351,0.6838805355322802,0.6584244970535723,1.1113454000414207,1.1108577034004432,1.1067312546761403,0.0046141453652803754,0.0041264487243029,0.0004876966409774752,0.686889133309235,1.1113454000414205,0.0,0.0
main,mlp,2232-01-01,2231-10-01,0.001419329962267,0.0031540665828155554,0.0019086826990486,0.0076129001789048,0.0666178461501174,0.0019776372238993643,0.00011080572856265153,0.007887113524909117,0.000889936750754714,0.06755535406220903,0.6612130733476916,0.6610265059641998,0.6567422323229434,1.101699001057962,1.1016703057443085,1.1010113557520338,0.0006876453059281307,0.0006589499922746711,2.8695313653459564e-05,0.6612130733476916,1.1016990010579617,0.0,0.0
main,mlp,2232-04-01,2232-01-01,0.0013034955496021,0.002896656776893555,0.0020067224263094,0.008002760403406,0.0679413259101759,0.0018661864101886748,4.048296273745848e-05,0.007443875715429593,0.0008397838845849037,0.0660236971256496,0.6559750361763959,0.6549925594096636,0.6637673115375832,1.1016532006745745,1.1015009511186935,0.9840718011543372,0.11758139952023727,0.11742914996435627,0.00015224955588100109,0.6559750361763959,1.1016532006745745,0.011878892981837086,0.0
main,mlp,2232-07-01,2232-04-01,0.0009136325717841,0.0020302946039646667,0.0024005991343609,0.0095678745844323,0.0726824817167869,0.0031771941110491754,0.00013441873665269533,0.012648337257318065,0.001429737349972129,0.08004105936875627,0.6377708929062156,0.6341425104398046,0.6039072593210888,1.1013186273972948,1.1007422092269796,1.0959389261414167,0.0053797012558780555,0.004803283085562882,0.0005764181703151738,0.6377708929062144,1.1013186273972944,0.0,0.0
main,mlp,2232-10-01,2232-07-01,0.0007031736543765,0.0015626081208366667,0.0013540873625119,0.0054053580623352,0.0576727612425845,0.0018346844939514995,0.0001024354079554106,0.007318566264006732,0.0008256080222781748,0.06557487126293454,0.7063347228111586,0.7045671361270385,0.6658511393721417,1.1136974737497534,1.113412948390702,1.107180901625089,0.006516572124664277,0.006232046765612953,0.00028452535905132414,0.7063347228111586,1.1136974737497534,0.0,0.0
main,mlp,2233-01-01,2232-10-01,0.0009843025700006,0.0021873390444457777,0.0012611717479411,0.0050351516880159,0.055866569057046,0.0015781427500769496,5.1174664618479116e-05,0.006297643508543449,0.0007101642375346274,0.06162589575195869,0.7140262588854277,0.7139999457897636,0.6847025797644984,1.1129282326760634,1.1129240710764683,1.1082904883109534,0.004637744365109997,0.004633582765514843,4.161599595153831e-06,0.7140262588854275,1.112928232676063,0.0,0.0
main,mlp,2233-04-01,2233-01-01,0.0004677922529059,0.001039538339790889,0.0013211974379365,0.0052743255976109,0.0570456431825945,0.0016026724129915237,9.315297904145135e-05,0.006395294758422043,0.0007212025858461857,0.062028005668513866,0.7106641855686331,0.7078159914604742,0.6827391983781866,1.1160671511712634,1.115601978192478,1.1115063842499704,0.004560766921293036,0.0040955939425075805,0.00046517297878545527,0.7106641855686331,1.116067151171263,0.0,0.0
main,mlp,2233-07-01,2233-04-01,0.0005906444750884,0.0013125432779742222,0.0017305597562345,0.006904290724528,0.0640377808608907,0.0015074881026521324,1.1448548876522857e-05,0.006016330986356011,0.0006783696461934596,0.06043556627179532,0.6764598780693956,0.6730767386172571,0.6905752053888582,1.1096497866196517,1.1091014015179506,0.903273271337843,0.20637651528180878,0.2058281301801076,0.0005483851017011876,0.6764598780693956,1.1096497866196513,0.02086645188705255,0.0
main,mlp,2233-10-01,2233-07-01,0.0006288777379277,0.0013975060842837776,0.0021538473371958,0.008587594944445,0.0698132140729234,0.0016163098625838757,5.5049104441702805e-05,0.006449581588243047,0.0007273394381627441,0.06224916363774036,0.6508632934612865,0.6466212779080279,0.6816636898129548,1.105251898944575,1.1045659174230815,0.6370091472592535,0.4682427516853215,0.467556770163828,0.0006859815214934617,0.6508632934612865,1.105251898944575,0.047322352143655266,0.0
main,mlp,2234-01-01,2233-10-01,0.0009417094408258,0.0020926876462795557,0.002815079262807,0.0112128581952031,0.0768785293539575,0.0018942205002531408,8.262099065324621e-05,0.0075553807467095835,0.0008523992251139134,0.06641708185839953,0.6210399350652529,0.6166081195908525,0.6619503871744551,1.0984863173911545,1.0977835072161777,0.4462330744427019,0.6522532429484527,0.6515504327734758,0.0007028101749768645,0.6210399350652529,1.0984863173911543,0.06587409413130019,0.0
main,mlp,2234-04-01,2234-01-01,0.000765736403136,0.0017016364514133332,0.001930719168275,0.0077005393885499,0.0669209625836122,0.0021615364588797093,9.898229966578502e-05,0.008618152771377896,0.0009726914064958692,0.06990752612315097,0.6627489338923479,0.6596359311024816,0.6462044239982412,1.106266911045705,1.1057677639726,1.1036141207184746,0.0026527903272304254,0.0021536432541253703,0.0004991470731050551,0.6627489338923479,1.1062669110457048,0.0,0.0
main,mlp,2234-07-01,2234-04-01,0.0015286238771975,0.0033969419493277775,0.0022659990243946,0.0090332341031101,0.0711565089220667,0.0019989255350083114,5.441736153901037e-05,0.007971759852754112,0.0008995164907537402,0.06783839570959846,0.6414979918983243,0.6407273481960643,0.6554583561317868,1.0979655711630183,1.0978478832646794,0.8824762218941237,0.21548934926889463,0.21537166137055574,0.00011768789833888071,0.641497991898324,1.097965571163018,0.02176212889990997,0.0
main,mlp,2234-10-01,2234-07-01,0.0015057640891772,0.003346142420393778,0.0026299121698219,0.010478222761823,0.0750897906906181,0.002051541768014431,4.220287075533669e-05,0.008180948650898134,0.0009231937956064941,0.06852552220261304,0.6257996259906787,0.6239835931258632,0.6523597915482722,1.0957112711280612,1.095433522777498,0.6753539648579673,0.42035730627009393,0.4200795579195308,0.00027774835056315617,0.6257996259906476,1.0957112711280563,0.04244194806487772,0.0
main,mlp,2235-01-01,2234-10-01,0.0007299807778878,0.0016221795064173335,0.0019415306721352,0.0077435347009469,0.0670684599948621,0.003082466032356024,0.0001083526767232831,0.012272971611498207,0.0013871097145602108,0.07925247141292154,0.6622584894254825,0.65896113653527,0.6070351515033038,1.106425066550745,1.1058951813074664,1.0975506655315588,0.008874401019186129,0.008344515775907668,0.0005298852432784606,0.6622584894254825,1.1064250665507445,0.0,0.0
main,mlp,2235-04-01,2235-01-01,0.0008673923637926,0.0019275385862057778,0.0026165480668741,0.010425185932848,0.0749556018439961,0.001972506917081773,8.107703361906971e-05,0.007866713650350854,0.0008876281126867979,0.06748670023604274,0.6288398736178125,0.624542727622745,0.6570543079802171,1.1001905897235487,1.0995059423125992,0.6560115436332182,0.44417904609033043,0.443494398679381,0.0006846474109494238,0.6288398736178125,1.1001905897235482,0.04486743412140676,0.0
main,mlp,2235-07-01,2235-04-01,0.0010858418961548,0.002412981991455111,0.0014509280502015,0.0057910932610627,0.0594465748719336,0.002251292811706662,7.875257811091439e-05,0.008974806946277947,0.001013081765267998,0.07098422743562226,0.6957372742158178,0.6955248258477416,0.6414780928308813,1.1093292552576566,1.1092958707852076,1.1008028817089757,0.00852637354868091,0.008492989076231972,3.3384472448938496e-05,0.6957372742158178,1.109329255257656,0.0,0.0
main,mlp,2235-10-01,2235-07-01,0.0010744438881725,0.0023876530848277776,0.002628319466572,0.0104719020656448,0.075073835918622,0.0016898946603760123,7.18205940417684e-05,0.006742463473195848,0.0007604525971692056,0.0634139428994892,0.6275561870091931,0.6240500300729591,0.676049476884787,1.0986867003213758,1.0981353376449992,0.3335804192438241,0.7651062810775517,0.7645549184011751,0.0005513626763766766,0.6275561870091931,1.0986867003213754,0.07727321205874094,0.0
main,mlp,2236-01-01,2235-10-01,0.0012134623949152,0.0026965830998115555,0.0018642067574298,0.0074360013310987,0.0659957049664563,0.0026645636651664974,0.00014995549902275612,0.010615730885640495,0.001199053649324924,0.07543442204599776,0.6648530878672809,0.6638969369995377,0.6225513733977597,1.1036275765590011,1.103478545744439,1.0970342039256138,0.006593372633387329,0.006444341818825139,0.00014903081456218992,0.6648530878672809,1.1036275765590011,0.0,0.0
main,mlp,2236-04-01,2236-01-01,0.0008641913381465,0.0019204251958811112,0.0016364553360637,0.0065297709503,0.062572784341259,0.002308142138645053,5.585581092541861e-05,0.009200652592099456,0.0010386639623902738,0.07164400626679993,0.6819562253874979,0.6800954238791626,0.6386111107298075,1.10867523923535,1.1083787054674046,1.1017678446992396,0.006907394536110445,0.006610860768164972,0.0002965337679454727,0.6819562253874979,1.1086752392353498,0.0,0.0
main,mlp,2236-07-01,2236-04-01,0.0009074953488733,0.0020166563308295555,0.0028004418721183,0.0111548004284722,0.0767417191956442,0.0020743408938869836,0.00011940637725853454,0.008271581918812831,0.0009334534022491426,0.06881790423283805,0.6217002618851697,0.6171671943959828,0.651049060555108,1.0988037430361675,1.0980833250746094,0.6313950002063248,0.4674087428298427,0.4666883248682846,0.0007204179615580841,0.6217002618851697,1.0988037430361672,0.047207300202351254,0.0
main,mlp,2236-10-01,2236-07-01,0.0011142885801022,0.0024761968446715553,0.002853480352608,0.0113651601795422,0.0772338931931999,0.0021893355529755353,7.297331982360104e-05,0.00872862502355276,0.000985200998838991,0.07024572405822357,0.6190103680863939,0.615159755565663,0.6447134130077938,1.097096179997279,1.0964921840293784,0.6858999218228695,0.4111962581744094,0.4105922622065089,0.0006039959679005058,0.6190103680863939,1.0970961799972787,0.041522796362690684,0.0
main,mlp,2237-01-01,2236-10-01,0.0012564053608657,0.002792011913034889,0.0025484853757955,0.0101550390021202,0.0742608732417663,0.00242671687155962,7.566152712841858e-05,0.009671590886213943,0.001092022592201829,0.07296841747601947,0.6300511117512078,0.6274508158895993,0.6329214025359886,1.0979325908299669,1.0975284113818198,1.0528224792072067,0.04511011162276013,0.04470593217461305,0.0004041794481470795,0.6300511117512078,1.0979325908299664,0.004555625798731089,0.0
main,mlp,2237-04-01,2237-01-01,0.0008684133050245,0.0019298073444988888,0.0017823466248045,0.0071103485805266,0.0648127961923984,0.0024210529401898382,0.00010757104477026843,0.009649099506348291,0.0010894738230854272,0.07290667880860673,0.671676430339089,0.669416111456852,0.6331847204921971,1.1070087128091886,1.106648608146882,1.1008763726845527,0.006132340124635816,0.0057722354623293,0.00036010466230651517,0.671676430339089,1.1070087128091886,0.0,0.0
main,mlp,2237-07-01,2237-04-01,0.0011610076123431,0.002580016916318,0.0022915769496349,0.0091348479567274,0.0714534717084537,0.002018897235393524,0.00010363071873654037,0.008051166164342982,0.0009085037559270859,0.0681012723947441,0.6417888726162625,0.6394368054931389,0.6542698921648135,1.1003693129332863,1.100001473334948,0.9078489603369573,0.19252035259632905,0.19215251299799063,0.0003678395983384153,0.6417888726162625,1.1003693129332857,0.019447225829342885,0.0
main,mlp,2237-10-01,2237-07-01,0.0012321330406135,0.0027380734235855557,0.0023710111451547,0.0094503677023082,0.0723546675707289,0.00218102284707129,0.00011366604102894328,0.008695591700987992,0.0009814602811820806,0.07014504597397192,0.6378087792649744,0.6355473679944452,0.6451566519403453,1.0992932222112584,1.0989411687132573,0.9852323941684898,0.11406082804276851,0.11370877454476747,0.0003520534980010481,0.6378087792649744,1.099293222211258,0.011520473508521534,0.0
main,mlp,2238-01-01,2237-10-01,0.0016429606763318,0.0036510237251817777,0.0027939928105073,0.0111292200501935,0.0766812015695913,0.0024009653832763435,0.00011847086343997132,0.009569329053998543,0.0010804344224743547,0.07268651346568357,0.6191024199882031,0.6174147597828538,0.6341252643228557,1.0938375972513934,1.0935817979304183,0.8534594078023492,0.2403781894490442,0.24012239012806913,0.00025579932097508085,0.6191024199882031,1.0938375972513934,0.024265520787238093,0.0
main,mlp,2238-04-01,2238-01-01,0.0007436713757023,0.0016526030571162222,0.0022078778914461,0.0088023062445088,0.0704689223877148,0.002616838552057743,0.0001877175766033144,0.010426338776101551,0.0011775773484259844,0.074958526229694,0.6476155679501912,0.643732652341062,0.624530532260432,1.1039832838121946,1.1033598301217886,1.1002766746188106,0.0037066091933839473,0.0030831555029779967,0.0006234536904059507,0.6476155679501912,1.1039832838121946,0.0,0.0
main,mlp,2238-07-01,2238-04-01,0.0011852146649948,0.002633810366655111,0.003624983766986,0.0144212823879086,0.0834559386436181,0.0023760497104376556,7.932964571770061e-05,0.00947037879354018,0.001069222369696945,0.0724107866650218,0.5958014312347106,0.5906457278624848,0.6353064892319925,1.0930331145101886,1.0922280624961058,0.43614435879858626,0.6568887557116023,0.6560837036975196,0.0008050520140827633,0.5958014312347106,1.0930331145101886,0.06630573857143474,0.0
main,mlp,2238-10-01,2238-07-01,0.000872434905561,0.00193874423458,0.0029582960991071,0.0117807787832798,0.078178554882845,0.00264133894816041,0.00012893785483737407,0.010523569426349355,0.0011886025266721846,0.07520396127210056,0.616329053009395,0.6113361028064735,0.6235085205583397,1.098166211114011,1.0973709557203075,0.982822265271772,0.11534394584223895,0.11454869044853555,0.0007952553937033979,0.6163290530093949,1.0981662111140107,0.011648746020953116,0.0
main,mlp,2239-01-01,2238-10-01,0.001904616570369,0.004232481267486666,0.0041708408505677,0.0165792778415935,0.0870564107782668,0.0027790445368736983,4.3961086780050575e-05,0.011069925407849235,0.0012505700415931644,0.07654035705705708,0.5808515461158462,0.5771304931077389,0.6179915545538401,1.0865200649508953,1.0859657998377172,0.45264611913657005,0.6338739458143252,0.6333196807011472,0.0005542651131780207,0.5808515461158462,1.0865200649508946,0.06394060924769618,0.0
main,mlp,2239-04-01,2239-01-01,0.0014356311821108,0.0031902915158017776,0.0033960149272985,0.0135150187357059,0.0817701726334606,0.0034245879855006934,0.00020682618985821104,0.013628145638810096,0.001541064593475312,0.08198708806849635,0.600940574524163,0.5971360107405386,0.5962948238544954,1.0923307262462347,1.0917461790346064,1.0916169359789873,0.0007137902672473828,0.0001292430556190105,0.0005845472116283723,0.600940574524163,1.0923307262462345,0.0,0.0
main,mlp,2239-07-01,2239-04-01,0.0018178279014416,0.004039617558759111,0.003975653530378,0.0158080302995988,0.0858292169668403,0.003370050014927983,0.00018900489864509526,0.013412209605934589,0.0015165225067175925,0.08157135164507989,0.5853188699817827,0.5816857168444202,0.5979086263265845,1.0876934804260079,1.0871491551703636,0.874487508473297,0.21320597195271085,0.21266164669706655,0.0005443252556442957,0.5853188699817827,1.0876934804260074,0.021509219091507825,0.0
main,mlp,2239-10-01,2239-07-01,0.0026576114452141,0.005905803211586888,0.0053628396650217,0.0212794144794424,0.0934876321039543,0.004213309660553932,0.00014910571130370042,0.016747025635635127,0.0018959893472492695,0.08731550226068611,0.5575837804722382,0.554068270392837,0.5761753580521981,1.0788556647528484,1.0783584876577366,0.748053966202594,0.33080169855025443,0.33030452145514255,0.0004971770951118781,0.5575837804722382,1.0788556647528482,0.033343099169007684,0.0
main,mlp,2240-01-01,2239-10-01,0.0020365047877036,0.0045255661948968885,0.0055887041517483,0.0221681121685953,0.094552158648542,0.004904226958751678,0.00026228904045847893,0.01947307041907953,0.0022069021314382554,0.09119496377074236,0.556208590893459,0.5503761594991449,0.5621386083027888,1.082115828686937,1.081254757957277,0.9763764012562934,0.10573942743064357,0.10487835670098367,0.0008610707296599074,0.556208590893459,1.082115828686937,0.01066149052669585,0.0
main,mlp,2240-04-01,2240-01-01,0.0021751429164387,0.004833650925419332,0.0047845541778557,0.0190013025465622,0.0905634382973099,0.00534836258739233,0.00022913590556805562,0.02122243159639714,0.0024067631643265486,0.09341805684638196,0.5683801658609419,0.56439050129019,0.5543107795208181,1.0831247869484715,1.082541304206885,1.0810671593036942,0.002057627644777238,0.001474144903190755,0.0005834827415864829,0.5683801658609419,1.083124786948471,0.0,0.0
main,mlp,2240-07-01,2240-04-01,0.0015261751516167,0.0033915003369259997,0.0039503629663036,0.0157080660037579,0.0856656074691852,0.004697676282376051,0.00022041345730603582,0.01865871034410982,0.002113954327069223,0.09009528603074615,0.5868827584512386,0.5822969673808869,0.5660680177689364,1.0896394445912025,1.088939018895204,1.0864602375567427,0.003179207034459841,0.0024787813384612445,0.0007004256959985966,0.5868827584512386,1.089639444591202,0.0,0.0
main,mlp,2240-10-01,2240-07-01,0.0015121859301681,0.003360413178151333,0.003071373924398,0.0122290114751342,0.079158437527312,0.003933303290978074,0.00018615966537779063,0.015640631082462164,0.0017699864809401333,0.08555462140017574,0.6102375009692046,0.6074098282272634,0.5827121460784169,1.0932919745325607,1.0928596851812689,1.0890839494547957,0.004208025077764965,0.0037757357264731617,0.00043228935129180357,0.6102375009692046,1.09329197453256,0.0,0.0
main,mlp,2241-01-01,2240-10-01,0.0010533940615445,0.002340875692321111,0.0026022571495859,0.0103684685861108,0.0748113104677424,0.003165564825758338,0.0001426849980296853,0.01260226128459696,0.001424504171591252,0.0799456157928694,0.6286749627606595,0.6251448835201081,0.6042844817692841,1.098994969019653,1.0984391013523278,1.095154296091447,0.0038406729282058905,0.0032848052608807077,0.0005558676673251828,0.6286749627606595,1.0989949690196528,0.0,0.0
main,mlp,2241-04-01,2241-01-01,0.0012910136125831,0.0028689191390735558,0.003128164700527,0.0124540686615435,0.0796360973414233,0.003257745737209916,0.00022814903710560838,0.012967443689089975,0.0014659855817444622,0.08069204008636416,0.6092838601281881,0.6055103546255668,0.6013441223040951,1.0944937509280088,1.0939085184732784,1.0932623780696737,0.001231372858335078,0.000646140403604667,0.0005852324547304111,0.6092838601281881,1.0944937509280084,0.0,0.0
main,mlp,2241-07-01,2241-04-01,0.001431720215821,0.0031816004796022222,0.0041063641906098,0.0163245600866873,0.0866577780338169,0.0030514171812683344,0.00015919079795597788,0.012149915406264533,0.0013731377315707506,0.07898833403936938,0.5838069514336193,0.5786045027270325,0.6080885425521539,1.0897210856958046,1.088921558822948,0.6775346140437486,0.412186471652056,0.41138694477919935,0.0007995268728566707,0.5838069514336193,1.0897210856958046,0.041591813451120285,0.0
main,mlp,2241-10-01,2241-07-01,0.0017914991827828,0.003981109295072889,0.0032212854226299,0.0128230152091889,0.0803995500808936,0.0028908862732350826,0.00010713254462122097,0.01151349832155868,0.0013008988229557873,0.07757519592170231,0.604627634439149,0.6024936579156889,0.6137738605502995,1.0907455434559208,1.0904252655719575,0.9408479741734149,0.14989756928250586,0.1495772913985426,0.0003202778839632714,0.604627634439149,1.0907455434559206,0.015127028070314241,0.0
main,mlp,2242-01-01,2241-10-01,0.0008560039190272,0.0019022309311715554,0.0026819017165893,0.0106845283930702,0.0756050972665555,0.00372457429766655,0.00011559831253835635,0.014815268951966387,0.0016760584339499474,0.08415393800026119,0.6263266257333147,0.6218440842408387,0.5879894238876756,1.0998614926610089,1.09914679642112,1.0937490107011856,0.006112481959823279,0.005397785719934323,0.0007146962398889567,0.6263266257333147,1.0998614926610082,0.0,0.0
main,mlp,2242-04-01,2242-01-01,0.0012255488630827,0.002723441917961556,0.0022749448857752,0.0090687743656813,0.0712607560300518,0.0029633702710270883,7.817756406767154e-05,0.011800895718908522,0.0013335166219621897,0.07822337708832662,0.6423172415011476,0.6402738014045374,0.6111556274223098,1.1000373849215912,1.0997191303422322,1.095184134563408,0.004853250358183292,0.0045349957788243245,0.0003182545793589675,0.6423172415011472,1.100037384921591,0.0,0.0
main,mlp,2242-07-01,2242-04-01,0.001335691478884,0.0029682032864088888,0.0020787764080584,0.0082892136775921,0.0688744182208966,0.0024086563847959042,0.00017260476644161623,0.009599871648534708,0.001083895373158157,0.07277103203288729,0.6518475170948731,0.6507962419286031,0.6337639251522325,1.1008037111307856,1.1006411386956676,1.098007208681076,0.002796502449709637,0.0026339300145916678,0.00016257243511796915,0.651847517094873,1.1008037111307851,0.0,0.0
main,mlp,2242-10-01,2242-07-01,0.0007119528954106,0.0015821175453568888,0.001650327388003,0.0065849860408667,0.0627935256570977,0.002443418512120843,0.00019990700539618598,0.009737910600394417,0.0010995383304543793,0.0731496099367307,0.6816377936543858,0.6790294422067952,0.6321496544434094,1.1096622093258015,1.1092425765162597,1.1017005341783548,0.007961675147446723,0.007542042337904897,0.0004196328095418256,0.6816377936543855,1.109662209325801,0.0,0.0
main,mlp,2243-01-01,2242-10-01,0.000835398660945,0.0018564414687666667,0.0016238102324705,0.0064794374912923,0.0623700770127244,0.00213455674238503,6.065376195382091e-06,0.008510927856862138,0.0009605505340732635,0.06957511671408742,0.6830345552700753,0.6810769772493516,0.647675723414293,1.1090437437568548,1.1087312242299447,1.1033988472129324,0.0056448965439224175,0.005332377017012391,0.0003125195269100267,0.6830345552700753,1.109043743756854,0.0,0.0
main,mlp,2243-04-01,2243-01-01,0.0003805871197286,0.0008457491549524445,0.0013837465575968,0.0055235082976472,0.0582272914090131,0.0016423898050561547,5.380785132201398e-05,0.006553392268337732,0.0007390754122752696,0.0626674256558912,0.7051794207140868,0.7017171887795363,0.6796380227135926,1.115786320633752,1.1152178424775452,1.1115925730406575,0.004193747593094432,0.0036252694368876792,0.0005684781562067531,0.7051794207140868,1.1157863206337515,0.0,0.0
main,mlp,2243-07-01,2243-04-01,0.0011910659376594,0.002646813194798667,0.001931958185457,0.0077054667971599,0.0669379064266894,0.0016513743670657278,2.7905713828102464e-05,0.0065891532504630534,0.0007431184651795776,0.06281011707469307,0.6608119933301365,0.6595583548265432,0.6789494431403302,1.1031457083149396,1.1029500287075331,0.8315046191190987,0.27164108919584096,0.27144540958843444,0.00019567960740651813,0.6608119933301365,1.103145708314939,0.02744721517773041,0.0
main,mlp,2243-10-01,2243-07-01,0.0008794646785425,0.0019543659523166665,0.0018785523955596,0.0074930623325057,0.0661979127140083,0.0019605949986726046,0.00012429646070553777,0.007819346529003068,0.0008822677494026721,0.06732662396487817,0.6654361402386246,0.6629615725344321,0.6577829732910397,1.1059409957484336,1.105547031323034,1.1047225706013333,0.0012184251471003549,0.000824460721700726,0.00039396442539962884,0.6654361402386246,1.1059409957484334,0.0,0.0
main,mlp,2244-01-01,2243-10-01,0.0004968343496833,0.0011040763326295557,0.0014002450807265,0.0055892271831106,0.0585313763955923,0.0025438541080802677,0.00015887011200655865,0.010136655075196344,0.0011447343486361205,0.07421289970879792,0.7030953882594567,0.7001633721534345,0.6276524593479273,1.1146268058276765,1.1141487943850172,1.1023272201557792,0.012299585671897262,0.011821574229238019,0.000478011442659243,0.7030953882594565,1.114626805827676,0.0,0.0
main,mlp,2244-04-01,2244-01-01,0.0005722490620644,0.0012716645823653333,0.0013716944642486,0.0054754989028582,0.0580031905525521,0.0015309801092371345,5.443318253214005e-05,0.00610987138474306,0.0006889410491567105,0.06083675328022969,0.7053407745669281,0.7028663673131246,0.6885856841047053,1.114460944160427,1.1140594035140892,1.1117419698107915,0.002718974349635417,0.002317433703297622,0.0004015406463377946,0.7053407745669281,1.1144609441604263,0.0,0.0
main,mlp,2244-07-01,2244-04-01,0.000754140227893,0.0016758671730955554,0.0013631334982824,0.0054413953236052,0.0578429821183336,0.0013604900101199745,7.172751681809044e-05,0.005430864511351885,0.0006122205045539886,0.05779333922844932,0.7052329167834506,0.7036900384050654,0.703945623742509,1.1131606848938125,1.1129131167927622,1.112954127657607,0.00020655723620555122,-4.1010864844759354e-05,0.0002475681010503106,0.7052329167833993,1.1131606848938038,0.0,0.0
main,mlp,2244-10-01,2244-07-01,0.0007386761312929,0.0016415025139842221,0.0014942124774022,0.0059634672233973,0.0602063984267396,0.0017625248758122325,0.00010533611595071245,0.007031482431062663,0.0007931361941155047,0.0645186707096758,0.6937455139927513,0.691716381713206,0.6708011488980699,1.1114247138270026,1.11109880831986,1.107739545039527,0.00368516878747549,0.0033592632803329803,0.0003259055071425099,0.6937455139927513,1.1114247138270024,0.0,0.0
main,mlp,2245-01-01,2244-10-01,0.0003553093192805,0.0007895762650677777,0.0011821831972141,0.0047203540529066,0.0542424001323394,0.0016392630757763981,8.446968511086139e-05,0.006540946815297488,0.0007376683840993792,0.06261760033714196,0.725701453453572,0.7226844317313817,0.6798787563003698,1.1193393592859255,1.1188432193959406,1.1118039584775186,0.007535400808406978,0.007039260918421997,0.0004961398899849812,0.725701453453572,1.1193393592859249,0.0,0.0
main,mlp,2245-04-01,2245-01-01,0.000495006305933,0.0011000140131844445,0.0011954430230324,0.0047732044195135,0.0545210980642241,0.0011540063889697195,3.993456137490391e-05,0.004608041316933598,0.0005193028750363738,0.05364172060573715,0.7235046801330108,0.7211802683366422,0.7259463459850334,1.117967392471967,1.1175883972751448,1.0846179135550151,0.03334947891695195,0.03297048372012967,0.0003789951968222738,0.7235046801330108,1.1179673924719669,0.0033747592380154456,0.0
main,mlp,2245-07-01,2245-04-01,0.0003880336982877,0.000862297107306,0.0011769813319878,0.0046996201375159,0.0541323773084889,0.0014984762063249945,8.000435486447768e-05,0.005980445693511971,0.0006743142928462475,0.06028019533245297,0.7261087666128734,0.7232798488024642,0.6913485207522118,1.1191687260902836,1.1187044450525356,1.1134638862532396,0.005704839837044062,0.00524055879929608,0.00046428103774798224,0.7261087666128734,1.1191687260902832,0.0,0.0
main,mlp,2245-10-01,2245-07-01,0.0006286553772272,0.0013970119493937777,0.0015464101565202,0.0061713071063734,0.0610972962973857,0.001228100946173072,5.094313855503826e-05,0.004903361799857953,0.0005526454257778824,0.05519696846084775,0.6900075396942571,0.687299214627459,0.7175566692378351,1.1115834971670742,1.111145524587017,0.716780244870273,0.39480325229680113,0.39436527971674395,0.00043797258005717765,0.6900075396942568,1.111583497167074,0.03992583169758673,0.0
main,mlp,2246-01-01,2245-10-01,0.000597407655076,0.0013275725668355554,0.0013521014024525,0.0053974464247822,0.0576352622334197,0.0017335559707134963,0.00011176475754938449,0.006916213414843608,0.0007801001868210733,0.06408320635936776,0.7070502129204779,0.7047606319961194,0.6728611926610002,1.114560463673422,1.1141894922098403,1.1090209560940556,0.005539507579366498,0.0051685361157847165,0.0003709714635817818,0.7070502129204779,1.1145604636734214,0.0,0.0
main,mlp,2246-04-01,2246-01-01,0.0007679218362121,0.001706492969360222,0.0015770087701404,0.0062931290222201,0.0616071708610541,0.0018209786619991064,7.847561101577083e-05,0.0072640430104697895,0.0008194403978995979,0.06537730866193708,0.6869306929501335,0.6847942545497283,0.6667720796159256,1.1101292656248152,1.1097867501505403,1.1068974209783393,0.0032318446464758566,0.0028893291722009717,0.0003425154742748848,0.6869306929501335,1.1101292656248147,0.0,0.0
main,mlp,2246-07-01,2246-04-01,0.0006923579542869,0.0015385732317486668,0.001333011023646,0.0053213920556989,0.0572723968258979,0.0017557478044182063,4.5844223355445904e-05,0.007004516955480211,0.0007900865119881929,0.06441739845317918,0.7083921194827345,0.7066380777163415,0.6712792269833308,1.1141052668863192,1.113822732117256,1.1081272550097048,0.0059780118766143975,0.00569547710755125,0.00028253476906314745,0.7083921194827345,1.114105266886319,0.0,0.0
main,mlp,2246-10-01,2246-07-01,0.0004564965371152,0.0010144367491448888,0.0013738834324601,0.0054842187652877,0.0580440176533866,0.0018019858980551362,6.74004571655325e-05,0.007188484067912726,0.0008108936541248113,0.06510120115422335,0.705713736799727,0.7026567508045457,0.6680629632119969,1.115338349011917,1.1148387303999343,1.1091848935268036,0.006153455485113479,0.005653836873130702,0.0004996186119827772,0.705713736799727,1.1153383490119169,0.0,0.0
main,mlp,2247-01-01,2246-10-01,0.0005833916223631,0.0012964258274735555,0.001272490349723,0.0050802542479559,0.0560924187888059,0.0015306265791878103,4.0191544870272655e-05,0.006108463748829229,0.0006887819606345147,0.060830756434296245,0.7149198825424431,0.7128076843720166,0.688615346322184,1.1159357575657698,1.1155932306603116,1.1116700539413766,0.004265703624393158,0.00392317671893494,0.00034252690545821807,0.7149198825424431,1.1159357575657691,0.0,0.0
main,mlp,2247-04-01,2247-01-01,0.000445550447934,0.00099011210652,0.0012470039987121,0.0049786936350531,0.0555814966657311,0.001385369710624218,2.5234278281560314e-05,0.005529973978881553,0.0006234163697808981,0.05825734524891327,0.7182512397585628,0.7155101536655026,0.7015633377253269,1.1174660366634028,1.1170177471211342,1.114736822144079,0.0027292145193238415,0.002280924977055232,0.0004482895422686095,0.7182512397585596,1.117466036663402,0.0,0.0
main,mlp,2247-07-01,2247-04-01,0.000806522981532,0.0017922732922933335,0.0013207544534586,0.0052725606724896,0.0570371072486152,0.0013880463782697916,6.424037954974024e-05,0.005540636170122459,0.0006246208702214062,0.05830683987023342,0.7090004594907598,0.7078604026801036,0.7013100979430981,1.1133938255494873,1.1132114908254769,1.1121638693427247,0.0012299562067625835,0.0010476214827521702,0.0001823347240104134,0.7090004594907598,1.1133938255494866,0.0,0.0
main,mlp,2247-10-01,2247-07-01,0.0004303066343274,0.000956236965172,0.00145096803101,0.0057912524891856,0.0594472857987046,0.0015733968932181597,0.00010878757254094815,0.00627874968030806,0.0007080286019481718,0.06154744885714199,0.6989214604047844,0.6955212445741513,0.685086804927548,1.114411299935144,1.113854695029898,1.1121466092553232,0.0022646906798209354,0.001708085774574819,0.0005566049052461164,0.6989214604047844,1.1144112999351437,0.0,0.0
main,mlp,2248-01-01,2247-10-01,0.0009802355872581,0.002178301305018,0.0018369439444265,0.0073275543820532,0.0656073057663373,0.001660245331004262,0.00010465313747113013,0.006624461134362214,0.000747110398951918,0.06295031003924231,0.6676122651049197,0.6657001645907091,0.6782741456922596,1.1056146875301682,1.105312197733485,0.947599707225659,0.15801498030450922,0.157712490507826,0.0003024897966832363,0.6676122651049197,1.1056146875301678,0.015970166469539415,0.0
main,mlp,2248-04-01,2248-01-01,0.0007448793070348,0.001655287348966222,0.0019562841390583,0.007802204202961,0.0672684607355831,0.0017295700730755926,0.00011947583549281818,0.006900352502958951,0.0007783065328840167,0.06402276025229393,0.6613173007400647,0.6580480838986336,0.6731480393860214,1.106175290797277,1.10565041408767,0.9291783922957555,0.17699689850152156,0.17647202179191446,0.0005248767096071028,0.6613173007400647,1.1061752907972764,0.017889633786999926,0.0
main,mlp,2248-07-01,2248-04-01,0.0007054985045086,0.0015677744544635554,0.0016929788758573,0.0067547378398816,0.0634617410133863,0.0019413347356021405,9.870731118281442e-05,0.007742755510729116,0.0008736006310209632,0.06706579396730065,0.6785768648386676,0.6758208770508396,0.6589733226240453,1.109213563659518,1.10877000116379,1.1060584712646164,0.0031550923949015264,0.0027115298991735592,0.00044356249572796713,0.6785768648386676,1.1092135636595175,0.0,0.0
main,mlp,2248-10-01,2248-07-01,0.0009629737653913,0.0021399417008695558,0.0017410311809548,0.0069459586867755,0.0641962202104989,0.0019324756693094968,8.098777507586378e-05,0.007707524757046613,0.0008696140511892736,0.06694498003385696,0.674039790416798,0.6723254708323378,0.6595259686741708,1.1067478570485987,1.1064763611976731,1.1044493006829856,0.002298556365613047,0.0020270605146874843,0.0002714958509255627,0.6740397904167911,1.1067478570486906,0.0,0.0
main,mlp,2249-01-01,2248-10-01,0.0007967281226317,0.0017705069391815555,0.0021805421814772,0.0086936815899255,0.07013921271553,0.0019464381271973251,7.684797068091567e-05,0.007763050263405957,0.0008758971572387964,0.0671351490399256,0.6487779472837182,0.645182347901967,0.6586564370900648,1.1038256987842225,1.1032502852395398,0.9531436183664496,0.15068208041777298,0.15010666687309027,0.0005754135446827124,0.6487779472837182,1.1038256987842223,0.01522629619988608,0.0
main,mlp,2249-04-01,2249-01-01,0.0015733948724059,0.0034964330497908886,0.0022673575385051,0.0090386312914731,0.0711723666442261,0.0023445326834917067,0.00018054252553765352,0.009345201252750956,0.001055039707571268,0.07205773229220906,0.641248584228486,0.6406583198345214,0.636824445501419,1.0976403898067593,1.097550512578281,1.0969667436724917,0.0006736461342675693,0.0005837689057892614,8.987722847830781e-05,0.641248584228486,1.0976403898067588,0.0,0.0
main,mlp,2249-07-01,2249-04-01,0.0018373504285138,0.004083000952252888,0.0035259432589583,0.0140293545680768,0.0827411748375187,0.002190032321959734,9.543891946495588e-05,0.008731393831103662,0.0009855145448818803,0.0702541454633394,0.5960238308191338,0.5933844989285652,0.6446763609801827,1.0891809571680147,1.0887860431862,0.2801757528509272,0.8090052043170874,0.8086102903352728,0.00039491398181468185,0.5960238308191338,1.0891809571680142,0.08162849119127469,0.0
main,mlp,2249-10-01,2249-07-01,0.0019773193577882,0.004394043017307111,0.0046432585551543,0.0184440750875621,0.0897976989156931,0.002749090688303113,0.00020861968932930135,0.01095110080342876,0.001237090809736401,0.07625569972686468,0.5715101482983606,0.5671379951817389,0.6191599805457623,1.0847131241200971,1.0840650538264314,0.25802321556037167,0.8266899085597255,0.8260418382660597,0.000648070293665759,0.5715101482983606,1.084713124120097,0.08337528910203074,0.0
main,mlp,2250-01-01,2249-10-01,0.0017194594993861,0.0038210211097468886,0.0032541678781852,0.0129532715905809,0.0806634938715251,0.0047686795704066755,0.00014456831387764407,0.018938709700342726,0.002145905806683004,0.09047851944979884,0.6039269008207642,0.6014561622645676,0.564694267776781,1.0910754408723777,1.090702840143746,1.0851589477567225,0.00591649311565523,0.0055438923870234635,0.00037260072863176674,0.6039269008207642,1.0910754408723775,0.0,0.0
main,mlp,2250-04-01,2250-01-01,0.0022935755697012,0.005096834599336,0.0038088779600171,0.0151486873516836,0.084729439498978,0.003506077034398913,0.00027657617886525,0.013950724924337243,0.001577734665479511,0.08259521581880301,0.5874646247751487,0.5858126433747294,0.5939461307927393,1.0852201118477454,1.0849804684142903,0.9758302294285164,0.10938988241922898,0.10915023898577392,0.00023964343345506123,0.5874646247751487,1.085220111847745,0.0110330117191616,0.0
main,mlp,2250-07-01,2250-04-01,0.0014979915043975,0.0033288700097722224,0.0036727230913738,0.0146101569780126,0.0837930476387484,0.004248784109950066,0.00015687992919961874,0.016887129914473165,0.0019119528494775297,0.08752986316992312,0.5935033717428662,0.5893605954619683,0.5753868392622449,1.0908179363657806,1.0901840083873238,1.0880457430264874,0.0027721933392932385,0.002138265360836389,0.0006339279784568497,0.5935033717428662,1.0908179363657806,0.0,0.0
main,mlp,2250-10-01,2250-07-01,0.0030587021379211,0.006797115862046888,0.0061438148202976,0.0243497067221736,0.097021839203495,0.0034850754775106905,0.00024698389483029557,0.013867596571456642,0.0015682839648798108,0.08243994858785399,0.5456116498352989,0.5419433160355689,0.5945444591917535,1.0749741219740714,1.0744700453000748,0.18485509183962145,0.8901190301344499,0.8896149534604534,0.0005040766739965452,0.5456116498352989,1.074974121974071,0.08968430332204036,0.0
main,mlp,2251-01-01,2250-10-01,0.0011947378654732,0.0026549730343848887,0.0038077251286523,0.0151441285097962,0.0847216612292057,0.005298368912190199,0.0004075979433121788,0.02102563354026754,0.0023842660104855893,0.0931764853014128,0.5913087087226753,0.5858419833134075,0.5551539746899355,1.092275274020459,1.0914221771901675,1.086633233000609,0.005642041019850108,0.004788944189558553,0.0008530968302915554,0.5913087087226753,1.0922752740204584,0.0,0.0
main,mlp,2251-04-01,2251-01-01,0.0039413795906521,0.008758621312560222,0.0072129294597725,0.0285410580736097,0.1013414335657454,0.0033836870454251764,0.00038018247313013984,0.013466206986391893,0.0015226591704413294,0.08167597860718795,0.5305523456715429,0.527638218540293,0.5975018578925898,1.068221712202795,1.0678469956567411,-0.18505260833172676,1.2532743205345218,1.252899603988468,0.00037471654605392146,0.5305523456715429,1.0682217122027946,0.12618831041769363,0.0
main,mlp,2251-07-01,2251-04-01,0.0024247475118581,0.005388327804129111,0.0068417541962603,0.0270874380301323,0.0998945824969643,0.0076355553232133385,0.00046175436005575885,0.030194188326780225,0.0034359998954460024,0.10293481318580731,0.5390273842528301,0.5323666153850423,0.5225049429206724,1.0774865474665711,1.076529045124175,1.0751114048078683,0.0023751426587028668,0.0014176403163066453,0.0009575023423962215,0.5390273842528301,1.077486547466571,0.0,0.0
main,mlp,2251-10-01,2251-07-01,0.0018182796699284,0.0040406214887297775,0.0034567299023208,0.0137553907944077,0.0822287880263717,0.007273981906473636,0.0004188937876985171,0.028779999438865445,0.0032732918579131366,0.10157493386641721,0.5979178066166314,0.5953596499091199,0.5268811129660523,1.089578373591002,1.0891951177074777,1.0789358548165426,0.01064251877445943,0.01025926289093504,0.00038325588352439155,0.5979178066166313,1.089578373591002,0.0,0.0
main,mlp,2252-01-01,2251-10-01,0.0018333188453711,0.004074041878602444,0.0045856609215203,0.0182168592417286,0.0894789381175215,0.0041483227163553234,9.336347503007019e-05,0.016490324628127828,0.0018667452223598956,0.08691792235467627,0.5730256526433374,0.5682872738252768,0.5776419629190296,1.0857629223653595,1.0850537443157615,1.0058935642578928,0.07986935810746676,0.07916018005786873,0.0007091780495980249,0.5730256526433374,1.085762922365359,0.0080560266547538,0.0
main,mlp,2252-04-01,2252-01-01,0.0019245020459002,0.004276671213111555,0.004704460061502,0.0186854645647589,0.0901321452872971,0.0038157894276082517,0.000286113931458308,0.015176018240073419,0.0017171052424237133,0.08477601957843368,0.5705917651002275,0.5659356871757585,0.585636975712566,1.0848783663437462,1.08418575156735,0.8234391245668329,0.26143924177691336,0.2607466270005172,0.0006926147763961499,0.5705917651002275,1.0848783663437458,0.026367729177374177,0.0
main,mlp,2252-07-01,2252-04-01,0.0022589148048976,0.005019810677550222,0.0059525266263774,0.0235983534639587,0.0961920762221128,0.00486886603757739,0.0002627719888249621,0.019333690131949077,0.0021909897169098257,0.09100992138923895,0.5505062110333698,0.5447559602201282,0.5627971224997714,1.0800495771506926,1.0792134282810066,0.8585713041349521,0.22147827301574052,0.22064212414605455,0.0008361488696859709,0.5505062110333698,1.0800495771506922,0.022326550492332453,0.0
main,mlp,2252-10-01,2252-07-01,0.0016541692238386,0.003675931608530222,0.0036143161005884,0.0143790734057603,0.0833799613342889,0.004815482813864946,6.511967990886425e-05,0.019123244131862838,0.0021669672662392257,0.0907281025835935,0.5944096897282486,0.5909359426865181,0.5638021227432776,1.0900282857233465,1.089502157874814,1.0853925154231026,0.00463577030024398,0.004109642451711526,0.0005261278485324539,0.5944096897282465,1.090028285723346,0.0,0.0
main,mlp,2253-01-01,2252-10-01,0.0018044799707276,0.004009955490505777,0.0041234361004416,0.0163920081996321,0.0867639565806877,0.002963860146701336,0.0002286965292009219,0.011802837851549564,0.0013337370660156012,0.07822770002108595,0.5821791358939854,0.5782113599610171,0.6111382235596072,1.0873007889292277,1.0867058002944825,0.5942176369561156,0.49308315197311203,0.49248816333836687,0.0005949886347451638,0.5821791358939854,1.0873007889292272,0.04974257177643049,0.0
main,mlp,2253-04-01,2253-01-01,0.0009844732042031,0.0021877182315624445,0.0020470225479186,0.0081629826768109,0.0684671869509709,0.004485148284584284,0.00018425431439383187,0.017820254305783934,0.0020183167280629277,0.08891298441948929,0.6550862220267742,0.6526218577687732,0.5703359092218984,1.1036053369802181,1.103215584790648,1.0902016285490412,0.013403708431176886,0.013013956241606728,0.00038975218957015834,0.6550862220267742,1.103605336980218,0.0,0.0
main,mlp,2253-07-01,2253-04-01,0.0007786687091058,0.0017303749091239998,0.0017178386521562,0.0068536690592665,0.0638440998346322,0.0027122795581817627,0.00013213291401527054,0.01080505922730779,0.0012205258011817933,0.07590135493232919,0.6764857631032152,0.6739971628771831,0.6206194921231891,1.1083820252424998,1.1079833183557806,1.0994315048889212,0.008950520353578684,0.008551813466859404,0.00039870688671928,0.6764857631032152,1.1083820252424992,0.0,0.0
main,mlp,2253-10-01,2253-07-01,0.0007147730004164,0.0015883844453697777,0.0018518574589422,0.0073868789705813,0.0658204447429607,0.0018174839904531836,5.2892503272921995e-05,0.007250140476969924,0.0008178677957039327,0.0653267096316785,0.6678455413836352,0.6647095435452608,0.6670083128087837,1.1074244713381558,1.1069200389671507,1.1072898012213854,0.00013467011677037455,-0.00036976225423468456,0.0005044323710050591,0.6678455413836352,1.1074244713381554,0.0,0.0
main,mlp,2254-01-01,2253-10-01,0.0008118242352135,0.0018040538560299998,0.0018876843578793,0.0075293842113475,0.0663258644698108,0.0023734359536319973,0.0001822949741844047,0.009459998073580111,0.0010680461791343987,0.07238169010751311,0.665169181778332,0.6623709056241746,0.6354313617099823,1.106348417915912,1.1059010246060006,1.1015938829747682,0.004754534941143751,0.0043071416312323585,0.0004473933099113925,0.665169181778332,1.1063484179159115,0.0,0.0
main,mlp,2254-04-01,2254-01-01,0.000918270246912,0.002040600548693333,0.0022339547508466,0.0089059202501937,0.070779647897281,0.002291458984836936,0.00010164030842489085,0.009134379333929243,0.0010311565431766212,0.071452109853393,0.6455864529720055,0.6423715400194216,0.6394427137300369,1.1025302957835605,1.102019711996634,1.1015545637204165,0.0009757320631440525,0.00046514827621746413,0.0005105837869265883,0.6455864529720055,1.1025302957835603,0.0,0.0
main,mlp,2254-07-01,2254-04-01,0.0006355359323129,0.0014123020718064443,0.00158769574143,0.0063356743016745,0.0617831612843894,0.002189802099019289,5.002554098814974e-05,0.008730478976132994,0.0009854109445586801,0.07025136320172957,0.6867250008696373,0.6839334780760024,0.644688601815048,1.1110054160093965,1.1105541813104778,1.1042104573888678,0.006794958620528702,0.006343723921609978,0.00045123469891872325,0.6867250008696371,1.111005416009396,0.0,0.0
main,mlp,2254-10-01,2254-07-01,0.0007361382573419,0.001635862794093111,0.0020054087496435,0.007997537257204,0.0679240108564644,0.0018652299419045447,8.879087708169096e-05,0.007440071216254118,0.0008393534738570451,0.06601017626397011,0.658500595147446,0.65507087641654,0.6638299239476881,1.1057806251790665,1.1052296799039714,1.0257055974990874,0.0800750276799791,0.07952408240488396,0.0005509452750951382,0.658500595147446,1.105780625179066,0.008093112369026156,0.0
main,mlp,2255-01-01,2254-10-01,0.0008377285298651,0.0018616189552557777,0.0018077154864665,0.0072112785527734,0.0651847832803512,0.0018905001226812602,7.699417208341551e-05,0.00754058356018783,0.0008507250552065671,0.06636519787651084,0.6701401706293779,0.6676717237216333,0.6621895192119178,1.1069695932662866,1.1065755730697755,1.1057004887033874,0.0012691045628991926,0.000875084366388057,0.0003940201965111356,0.6701401706293779,1.106969593266286,0.0,0.0
main,mlp,2255-04-01,2255-01-01,0.001182408379051,0.002627574175668889,0.0018514894990372,0.0073854152919303,0.0658152056375985,0.001707837311550975,6.673226035272919e-05,0.006813868913053356,0.0007685267901979387,0.06369089195529447,0.6657895219271377,0.6647338626923446,0.6747268410872866,1.103980288589649,1.10381542004145,0.9711399181677932,0.1328403704218558,0.13267550187365684,0.0001648685481989709,0.6657895219271377,1.1039802885896488,0.013423616443014874,0.0
main,mlp,2255-07-01,2255-04-01,0.000734285042175,0.0016317445381666667,0.0020802882716042,0.0082952234825476,0.0688936540542493,0.0022010136861354114,7.781689768409649e-05,0.008775030604495693,0.0009904561587609352,0.07038651649365853,0.654330618362049,0.6507102274060327,0.6440944545498206,1.1051228920278204,1.104541250336468,1.1034783791271319,0.0016445129006885661,0.0010628712093361248,0.0005816416913524414,0.654330618362049,1.1051228920278204,0.0,0.0
main,mlp,2255-10-01,2255-07-01,0.001111069156985,0.002469042571077778,0.0020768659215792,0.0082816192685564,0.0688500908420581,0.0018951555946841836,8.222249499038634e-05,0.007559099904143829,0.0008528200176078826,0.0664301072284499,0.6529070314490982,0.6509050525382554,0.6618903781370569,1.1024341326332312,1.1021200435464171,0.9662537129148018,0.13618041971842942,0.13586633063161535,0.0003140890868140733,0.6529070314490979,1.102434132633231,0.01375898107676915,0.0
main,mlp,2256-01-01,2255-10-01,0.0006840516028663,0.0015201146730362222,0.001698514713485,0.0067767687327608,0.0635473324805608,0.002209275308996439,7.092913956702922e-05,0.008807858960801163,0.0009941738890483975,0.07048566707627449,0.6782816246849849,0.6754118661060683,0.6436591750869566,1.1093115166214722,1.1088490278097716,1.1037317805104303,0.0055797361110419,0.005117247299341265,0.00046248881170063427,0.6782816246849849,1.109311516621472,0.0,0.0
main,mlp,2256-04-01,2256-01-01,0.0013266295929669,0.0029480657621486664,0.0027815361416347,0.0110798089291852,0.0765638888936114,0.0021374301053583623,0.00010389426277867883,0.008522347816146025,0.000961843547411263,0.06961071719613798,0.6207689995970153,0.61789512394337,0.6475178774007683,1.09605388613191,1.0956092012547538,0.6692937796401391,0.4267601064917709,0.42631542161461466,0.0004446848771562095,0.6207689995970153,1.0960538861319051,0.04308990599818402,0.0
main,mlp,2256-07-01,2256-04-01,0.0008096789715553,0.001799286603456222,0.0019727010224538,0.0078674854861809,0.0674893009119458,0.0026615619659423827,9.626208063516535e-05,0.010603819758080335,0.0011977028846740722,0.07540475489746831,0.6600704428372145,0.6570424817648581,0.6226744507951405,1.1055473828235471,1.1050632021274605,1.0995676436442479,0.0059797391792992816,0.0054955584832125925,0.000484180696086689,0.6600704428372145,1.1055473828235467,0.0,0.0
main,mlp,2256-10-01,2256-07-01,0.0008687965256959,0.001930658945990889,0.0018518656895373,0.007386911710397,0.0658205619209153,0.0024066961370408533,8.23990057884552e-05,0.009592087156967022,0.001083013261668384,0.07274951669030968,0.6671587620860799,0.6647089996403996,0.6338558760000937,1.1062864198845819,1.1058961432447232,1.1009808693394076,0.005305550545174231,0.0049152739053155425,0.00039027663985868877,0.6671587620860799,1.1062864198845817,0.0,0.0
main,mlp,2257-01-01,2256-10-01,0.0006670015152567,0.0014822255894593333,0.0022676315374397,0.0090397198486108,0.0711755638252946,0.001854880410246551,7.567850853730638e-05,0.007398903668598189,0.000834696184610948,0.0658634488340447,0.6449841593147929,0.6406444042150682,0.664509992510911,1.1040552846490899,1.1033551520246097,0.8044719936905363,0.2995832909585535,0.2988831583340733,0.0007001326244802097,0.6449841593147929,1.1040552846490896,0.030273339333221683,0.0
main,mlp,2257-04-01,2257-01-01,0.0011572189476417,0.0025715976614259996,0.0029278230595418,0.0116599596684066,0.0779076370465701,0.0018684658221900462,4.4242224577397885e-05,0.007452942381886096,0.0008408096199855208,0.06605589280982545,0.6162763849847058,0.6124287752860074,0.6636182747871112,1.0964027655805462,1.0958008924196294,0.3356159744025986,0.7607867911779476,0.7601849180170308,0.0006018731609167549,0.6162763849847058,1.0964027655805462,0.07681923793457868,0.0
main,mlp,2257-07-01,2257-04-01,0.0022231848686732,0.004940410819273777,0.0048862750097833,0.0194023120208796,0.0911011825475739,0.0026110996026545764,8.798713810747791e-05,0.010403562525574617,0.0011749948211945594,0.07490068774533555,0.5664940216864763,0.5624722137769073,0.6247717803813259,1.082576786271256,1.0819905347673406,0.06232749628528289,1.0202492899859732,1.0196630384820577,0.000586251503915447,0.5664940216864763,1.0825767862712556,0.1028744331133602,0.0
main,mlp,2257-10-01,2257-07-01,0.0010735596919855,0.002385688204412222,0.0042516545027754,0.0168984657095266,0.087547127297071,0.004504113551229238,0.00021210574797554235,0.017895097060565912,0.0020268510980531573,0.08902073880155556,0.5820020892172267,0.5753233986588941,0.569945051267276,1.0915282111521445,1.0904778908681312,1.0896320682760308,0.0018961428761137267,0.0008458225921004203,0.0010503202840133063,0.5820020892172267,1.0915282111521445,0.0,0.0
main,mlp,2258-01-01,2257-10-01,0.0009833408940032,0.0021852019866737773,0.0030401455393609,0.0121052395566142,0.0788917319595701,0.0036887898109853267,0.00028858405216571325,0.014673716813132565,0.001659955414943397,0.08390545146126363,0.6132144963671531,0.6084745201207234,0.5889330160664387,1.0969900464789477,1.0962403405943446,1.093149527513894,0.003840518965053663,0.0030908130804505607,0.0007497058846031024,0.6132144963671529,1.0969900464789475,0.0,0.0
main,mlp,2258-04-01,2258-01-01,0.0019948953216532,0.004433100714784889,0.003326139326429,0.0132383251574245,0.0812313428467779,0.002964886138215661,0.00022678478505370523,0.011806905428630499,0.0013341987621970474,0.07823675146450991,0.6008667877328076,0.5992334520964291,0.6111017897544508,1.088958956901262,1.0887171398505469,0.9201370589815232,0.1688218979197389,0.16858008086902365,0.00024181705071524284,0.6008667877328076,1.0889589569012614,0.017033720068287406,0.0
main,mlp,2258-07-01,2258-04-01,0.0006952973399884,0.001545105199974222,0.0023872498891838,0.0095148601714425,0.0725350975808305,0.003474732208997011,0.00018316161191812963,0.013826653919052245,0.001563629494048655,0.08236311043020204,0.6392619466422949,0.6347734815871973,0.5948408999167343,1.1029512357253435,1.102228381774221,1.0957973582317273,0.007153877493616179,0.006431023542493808,0.0007228539511223708,0.6392619466422946,1.1029512357253433,0.0,0.0
main,mlp,2258-10-01,2258-07-01,0.0008471478252503,0.0018825507227784443,0.0016999238291019,0.0067823765112674,0.0635690781928317,0.0025165116414427756,8.37220203773557e-05,0.010028113287187224,0.001132430238649249,0.07392780446117798,0.6774322979654208,0.6753080224682643,0.6288530108988958,1.1080697730784335,1.1077308905485872,1.1003199912251636,0.00774978185326991,0.0074108993234236475,0.00033888252984626277,0.6774322979654203,1.1080697730784328,0.0,0.0
main,mlp,2259-01-01,2258-10-01,0.0008335732340579,0.0018523849645731112,0.0016748342153277,0.0066825252276561,0.0631793815271272,0.0019441136857494712,3.28802275789855e-05,0.007753806652291195,0.0008748511585872621,0.06710358171182976,0.6792880250706687,0.6771733393338434,0.6588006386889874,1.1084580250527227,1.1081203853032229,1.105186921509836,0.003271103542886733,0.0029334637933868812,0.00033763974949985176,0.6792880250706687,1.1084580250527227,0.0,0.0
main,mlp,2259-04-01,2259-01-01,0.0008019250463121,0.0017820556584713333,0.0015446669777578,0.0061643666711829,0.0610679783227883,0.0019113765098154544,2.8149281101221165e-05,0.007623613796728268,0.0008601194294169545,0.06665508021929135,0.6893228459336606,0.6874437606942717,0.6608554082266015,1.1102783855653615,1.1099777681003202,1.1057241435435918,0.004554242021769683,0.004253624556728397,0.0003006174650412863,0.6893228459336606,1.1102783855653613,0.0,0.0
main,mlp,2259-07-01,2259-04-01,0.0006436113600684,0.0014302474668186666,0.0016302715751698,0.0065051569128106,0.0624738342412176,0.0016481633530929685,4.93470303521948e-05,0.0065763726589253,0.0007416735088918359,0.06275920182076361,0.6834454925374307,0.6805742413876938,0.6791949930596449,1.110420109916442,1.1099562194218615,1.1097333827016727,0.000686727214769256,0.00022283672018885703,0.000463890494580399,0.6834454925374307,1.1104201099164417,0.0,0.0
main,mlp,2259-10-01,2259-07-01,0.0007214728835195,0.0016032730744877776,0.0016818693206467,0.0067105241980252,0.063289191369309,0.001716823410242796,3.200157994346354e-05,0.00684962897778052,0.0007725705346092582,0.06382858533548953,0.679298606601902,0.6766467880161529,0.6740709884735916,1.109221210664361,1.108794837293971,1.1083806866660546,0.000840523998306475,0.0004141506279164986,0.00042637337038997636,0.679298606601902,1.1092212106643606,0.0,0.0
main,mlp,2260-01-01,2259-10-01,0.0006832899637423,0.0015184221416495553,0.0015761151920319,0.0062895715885229,0.0615924070894039,0.0017301851650699974,7.005757445483239e-05,0.006902800124604869,0.0007785833242814988,0.06403209655879592,0.6874000369620595,0.6848665555279808,0.673103719031361,1.1107862707463034,1.11037795688975,1.1084821746395512,0.002304096106752196,0.0018957822501988186,0.00040831385655337726,0.6874000369620595,1.110786270746303,0.0,0.0
main,mlp,2260-04-01,2260-01-01,0.001271096373382,0.0028246586075155555,0.0029818696566656,0.0118742353214392,0.0783860985477676,0.001473362371325493,8.855702130240166e-05,0.005880437494006574,0.0006630130670964718,0.05984283348235606,0.6140348846838332,0.6105011389781002,0.6935338963096875,1.0953528854763674,1.094804133511314,-0.18700028319725415,1.2823531686736216,1.281804416708568,0.0005487519650535511,0.6140348846838329,1.095352885476367,0.12946984935731143,0.0
main,mlp,2260-07-01,2260-04-01,0.0012020936716871,0.002671319270415778,0.0026352378042599,0.0104993575005106,0.0751430663231882,0.0025958522222936154,0.0001579654551091295,0.010343048119276665,0.001168133500032127,0.07474637245084229,0.6267817826181227,0.6237618351503775,0.625416190520606,1.0977648353357046,1.097293786758521,1.097551831559507,0.00021300377619759558,-0.00025804480098590155,0.00047104857718349713,0.6267817826181227,1.097764835335704,0.0,0.0
main,mlp,2260-10-01,2260-07-01,0.0011130271408553,0.002473393646345111,0.0032062752497512,0.0127635515320753,0.0802781020950222,0.0024605005979537963,0.00014945956647416576,0.009805737560112604,0.0011072252690792084,0.07333361272306849,0.6075661540885609,0.6029719698116884,0.6313675567522727,1.0953087376932218,1.0945880492526094,0.7072925443938185,0.3880161932994033,0.38729550485879094,0.0007206884406123493,0.6075661540885609,1.0953087376932211,0.03917499128753554,0.0
main,mlp,2261-01-01,2260-10-01,0.0013140718909439,0.002920159757653111,0.0030025592359673,0.011956252967433,0.078566812648305,0.0030735689681023358,6.30392162844229e-05,0.012237710967843984,0.001383106035646051,0.07917707495011894,0.6131926404955941,0.6097755919713898,0.6073355408736787,1.0949585714771706,1.0944294097992604,1.094051545240445,0.0009070262367256721,0.0003778645588154994,0.0005291616779101727,0.613192640495594,1.09495857147717,0.0,0.0
main,mlp,2261-04-01,2261-01-01,0.0011380563163586,0.0025290140363524445,0.0019461180211739,0.0077617773009552,0.0671308039701385,0.0022531941533088682,8.525889799459747e-05,0.008982361040925979,0.0010139373689889907,0.07100656535668949,0.6602016958295472,0.6586762819838389,0.6413806680665054,1.1034004177992691,1.1031615083418116,1.100452679030339,0.002947738768930064,0.002708829311472538,0.00023890945745752568,0.6602016958295447,1.1034004177992685,0.0,0.0
main,mlp,2261-07-01,2261-04-01,0.0008221275344995,0.0018269500766655553,0.0014145050113139,0.0056460264153948,0.0587917306851173,0.002537502767518163,0.00013267546003176587,0.010111442861954312,0.0011418762453831732,0.0741469605354416,0.7002121529020711,0.6988380339004958,0.6279297908105594,1.1118790047786282,1.111659449797032,1.1003298211485952,0.011549183630032989,0.011329628648436785,0.0002195549815962039,0.7002121529020711,1.111879004778628,0.0,0.0
main,mlp,2261-10-01,2261-07-01,0.0004764074639124,0.0010586832531386666,0.0014794855366122,0.0059048218305897,0.059950069816379,0.001626409194432199,8.17813123731799e-05,0.006489782738280492,0.0007318841374944896,0.06241185657378485,0.6962504457511609,0.6929968999885981,0.6808744584727598,1.1136530857951132,1.1131219902418563,1.1111431722833862,0.0025099135117270244,0.0019788179584701027,0.0005310955532569217,0.6962504457511609,1.1136530857951126,0.0,0.0
main,mlp,2262-01-01,2261-10-01,0.0004667809759243,0.0010372910576095554,0.0013952600052863,0.0055693703793537,0.0584398218160975,0.0017017826670780779,3.8132675265843784e-05,0.006789773988337133,0.0007658022001851351,0.06359773865227981,0.7036970695928645,0.7006305293778954,0.6751712031052312,1.114936383642605,1.1144355189128323,1.1102771913906644,0.004659192251940558,0.004158327522167937,0.000500864729772621,0.7036970695928645,1.114936383642605,0.0,0.0
main,mlp,2262-04-01,2262-01-01,0.0005092439196335,0.0011316531547411112,0.001429475928807,0.005705654986439,0.0590626398558207,0.001481836405582726,4.525050604686618e-05,0.005914183598209277,0.0006668263825122268,0.05999113767205391,0.7004180123045026,0.6974638505187408,0.6927914500870167,1.114103389927478,1.1136221346367396,1.11286096527931,0.001242424648167928,0.0007611693574296474,0.00048125529073828055,0.7004180123045023,1.1141033899274777,0.0,0.0
main,mlp,2262-07-01,2262-04-01,0.0005437742612475,0.0012083872472166666,0.0016712261783331,0.0066681653948152,0.0631228997651254,0.0016965226270258427,4.82713275540618e-05,0.0067688408973263225,0.0007634351821616292,0.06351656183622877,0.6808896603892793,0.6774444649183711,0.6755588544889992,1.1106869602247065,1.110126901471814,1.1098203723838622,0.0008665878408442573,0.00030652908795181233,0.000560058752892445,0.6808896603892793,1.1106869602247065,0.0,0.0
main,mlp,2262-10-01,2262-07-01,0.0008888212922224,0.0019751584271608886,0.001955177904866,0.0077978051774089,0.0672535151207576,0.0018896112451329827,6.703895580858272e-05,0.007537048172251537,0.0008503250603098423,0.06635278721215239,0.660753635051054,0.658116238411695,0.6622467460076925,1.1051336916911099,1.104714050798588,1.0827742809739747,0.02235941071713521,0.02193976982461332,0.00041964089252188863,0.660753635051054,1.1051336916911092,0.0022596982269751376,0.0
main,mlp,2263-01-01,2262-10-01,0.0009519156175234,0.002115368038940889,0.0014673087915048,0.0058563298272805,0.059736431219481,0.001855146116577089,4.751958525132812e-05,0.007399960590220411,0.0008348157524596901,0.06586722554705839,0.6949833131229501,0.6940674678770775,0.6644924692438261,1.1101415414513074,1.1099963979804774,1.105309327240964,0.004832214210343411,0.004687070739513466,0.00014514347082994483,0.6949833131228963,1.1101415414520646,0.0,0.0
main,mlp,2263-04-01,2263-01-01,0.0007392543648277,0.001642787477394889,0.0018635389858979,0.0074333451528453,0.065986256329194,0.0022501750849187375,9.101377433916561e-05,0.008970366159698706,0.001012578788213432,0.07097108691919574,0.6669978858171004,0.663940701494977,0.641535413020757,1.1071248338330615,1.1066338272354863,1.1030353708448157,0.004089462988245751,0.003598456390670579,0.0004910065975751721,0.6669978858171004,1.1071248338330608,0.0,0.0
main,mlp,2263-07-01,2263-04-01,0.0010750376191435,0.0023889724869855552,0.0020497971514067,0.0081740130280728,0.0685030172262373,0.0018479750491678716,3.996715605538569e-05,0.007371435357741429,0.0008315887721255422,0.06576511607311697,0.654544254189841,0.652460872253436,0.6649664466877684,1.1029268377374102,1.1025992267116604,0.9453376973467823,0.15758914039062788,0.15726152936487814,0.0003276110257497411,0.654544254189841,1.1029268377374095,0.01592280262401874,0.0
main,mlp,2263-10-01,2263-07-01,0.0002997973198848,0.0006662162664106666,0.001167621958201,0.0046623141521897,0.0539334319199371,0.001962889567948878,2.55216974001448e-05,0.007828470895761885,0.0008833003055769951,0.06735753236440033,0.727626050246456,0.7243588166728174,0.657642167718371,1.120059773043982,1.1195206728822988,1.1085122905834344,0.011547482460547709,0.011008382298864472,0.0005391001616832369,0.727626050246456,1.120059773043982,0.0,0.0
main,mlp,2264-01-01,2263-10-01,0.0005113469454079,0.0011363265453508888,0.0011039271632905,0.0044084021018122,0.0525446648984706,0.0012736564502120018,5.621138354172652e-05,0.005084900858203456,0.0005731454025954008,0.056115592352016595,0.7339125645299082,0.7319753890509825,0.7126855588025696,1.1195444713603362,1.1192289315675152,1.1160868780435316,0.003457593316804619,0.0031420535239836678,0.00031553979282095135,0.7339125645299082,1.119544471360336,0.0,0.0
main,mlp,2264-04-01,2264-01-01,0.000455622468259,0.001012494373908889,0.0010480716269049,0.0041857003866366,0.0512740268464468,0.0012969545554369689,0.0001037289880205402,0.005177734398588263,0.000583629549946636,0.0565749332430485,0.741126938608408,0.7390767730940427,0.7102728060077238,1.1211325848355926,1.1207974980438984,1.1160896689191928,0.005042915916399826,0.004707829124705576,0.00033508679169425015,0.741126938608408,1.1211325848355918,0.0,0.0
main,mlp,2264-07-01,2264-04-01,0.0004433212118862,0.000985158248636,0.0011193143852617,0.0044697459607171,0.0528858607146753,0.0008345353999175131,9.680329286620243e-05,0.003333965228029201,0.0003755409299628809,0.04588732205779542,0.7324441396961938,0.7300902740861798,0.7706831812403752,1.11980353523247,1.119418520995536,0.603983746498671,0.515819788733799,0.515434774496865,0.0003850142369339338,0.7324441396961938,1.1198035352324698,0.05220744259308341,0.0
main,mlp,2264-10-01,2264-07-01,0.0003907294293004,0.0008682876206675556,0.0010491713571132,0.0041900854835674,0.051299544826501,0.001510405307635665,6.05472744023133e-05,0.006027947063074968,0.0006796823884360493,0.06048568501048757,0.7413432804008683,0.7389328861538468,0.6903260939891673,1.1216490247386788,1.1212534966248642,1.1132774765828244,0.008371548155854391,0.007976020042039789,0.00039552811381460273,0.7413432804008683,1.1216490247386783,0.0,0.0
main,mlp,2265-01-01,2264-10-01,0.0003295129728173,0.0007322510507051111,0.0010496438163507,0.0041919693771311,0.0513105013798889,0.0009781045373529196,6.236786376613786e-05,0.0039066817605458715,0.00044014704180881384,0.04960681388733814,0.7416196185270992,0.7388711188370508,0.7485935240293387,1.1221483624162927,1.121695671775656,1.029260846815688,0.0928875156006046,0.09243482495996802,0.00045269064063657716,0.7416196185270992,1.1221483624162896,0.00940361524458938,0.0
main,mlp,2265-04-01,2265-01-01,0.0005727963017971,0.0012728806706602221,0.0011362954321005,0.0045374405914712,0.0532581275954124,0.0010328501928597688,5.5635308035269416e-05,0.004125004500469598,0.000464782586786896,0.050918700647227935,0.7297622697547922,0.7280438370992189,0.7410858623176294,1.118420010025739,1.1181411564583024,0.96508947240237,0.15333053762336912,0.1530516840559324,0.00027885356743673206,0.7297622697547917,1.1184200100257384,0.015516804005449525,0.0
main,mlp,2265-07-01,2265-04-01,0.0002996199025736,0.0006658220057191111,0.001151810912537,0.004599289750403,0.0535944255907697,0.0013328999280929565,4.297430005784572e-05,0.005320949448143986,0.0005998049676418304,0.05727027232621963,0.7294262744665168,0.7262043544779272,0.7066490990317934,1.120358107817472,1.1198264787729193,1.116599787295285,0.003758320522186942,0.0032266914776342137,0.0005316290445527283,0.7294262744665168,1.1203581078174716,0.0,0.0
main,mlp,2265-10-01,2265-07-01,0.0003843679742649,0.000854151053922,0.0011911987120962,0.0047562878811679,0.0544321631266724,0.0010688507230952383,6.0810558721809164e-05,0.0042685531242655506,0.0004809828253928572,0.051752730698358757,0.7245508803988727,0.7216596285699552,0.7363862395322279,1.118939606365503,1.11846498910433,0.9575350222995581,0.16140458406594493,0.16092996680477178,0.0004746172611731492,0.7245508803988727,1.1189396063655024,0.01633474330702006,0.0
main,mlp,2266-01-01,2265-10-01,0.0005791426733824,0.0012869837186275555,0.0012446279791936,0.0049692250337423,0.0555334273599171,0.001442112331278622,4.459901304506869e-05,0.005755983189508096,0.0006489505490753799,0.05928939832372936,0.7178103144588697,0.7157653917633026,0.696317435559523,1.1164349869841184,1.1161032829912303,1.1129486577624728,0.003486329221645601,0.003154625228757535,0.00033170399288806607,0.7178103144588694,1.116434986984118,0.0,0.0
main,mlp,2266-04-01,2266-01-01,0.0008839030241412,0.001964228942536,0.0012692599121861,0.0050673817010169,0.0560281292376137,0.001760312495753169,7.806748324877335e-05,0.007022679591636272,0.000792140623088926,0.06448565037443146,0.7137145753167153,0.713146693206043,0.6709569659645424,1.1135955039382472,1.113505119270804,1.1067901613691964,0.006805342569050854,0.006714957901607699,9.038466744315521e-05,0.7137145753167153,1.113595503938247,0.0,0.0
main,mlp,2266-07-01,2266-04-01,0.0005604715432944,0.0012454923184320001,0.0014017229715721,0.005595113935268,0.0585584651138215,0.001448388397693634,4.9519620532158865e-05,0.005780978766554812,0.0006517747789621353,0.0594013805234213,0.7026471668001415,0.7000252585118629,0.6957525633099281,1.1141065866027446,1.1136808010601609,1.1129869355069744,0.0011196510957702799,0.0006938655531865123,0.00042578554258376755,0.7026471668001415,1.1141065866027444,0.0,0.0
main,mlp,2266-10-01,2266-07-01,0.0005501257006054,0.0012225015569008889,0.001332314828287,0.0053186183929575,0.0572590808943075,0.0015532881021499633,1.8307743016637738e-05,0.006198691169706172,0.0006989796459674835,0.06121268724452518,0.7091735412036219,0.7067071467404615,0.6867308545261654,1.1152398090101538,1.1148390230101628,1.1115929006356602,0.0036469083744936626,0.0032461223745026135,0.000400785999991049,0.7091735412036219,1.1152398090101536,0.0,0.0
main,mlp,2267-01-01,2266-10-01,0.0004570318323892,0.0010156262941982221,0.0011345481316215,0.0045304751696108,0.053220026585281,0.0015923232538625598,4.1601468614702066e-05,0.006354096198253001,0.0007165454642381519,0.06185903529559542,0.7305826187836152,0.72825280304095,0.6835629752573223,1.1193988848259036,1.1190181237807155,1.1117144794518774,0.007684405374026149,0.007303644328838121,0.0003807610451880272,0.7305826187836152,1.1193988848259036,0.0,0.0
main,mlp,2267-04-01,2267-01-01,0.0004149101177241,0.0009220224838313333,0.0010939158455482,0.0043684887056442,0.0523206632409116,0.0013717370107769965,6.248856058464189e-05,0.005475668389590793,0.0006172816548496485,0.058003984630124975,0.7356426028722353,0.7332179747371433,0.7028622891926597,1.1205357016929296,1.1201384241936838,1.1151646178328392,0.005371083860090442,0.004973806360844657,0.00039727749924578504,0.7356426028722353,1.1205357016929296,0.0,0.0
main,mlp,2267-07-01,2267-04-01,0.0004702687885996,0.0010450417524435554,0.0010450016095023,0.004173458831319,0.0512026814303694,0.0011124983662739395,4.752254710999041e-05,0.004442573055420174,0.0005006242648232728,0.052735180933257075,0.7414385137148054,0.7394793538541932,0.7309216633489418,1.1210749163874298,1.1207549908481895,1.1193575429907792,0.0017173733966506788,0.001397447857410361,0.00031992553924031775,0.7414385137148053,1.1210749163874292,0.0,0.0
main,mlp,2267-10-01,2267-07-01,0.0005327804164685,0.0011839564810411111,0.0011135984688182,0.0044469587883371,0.0527595497268576,0.0009070486412383616,7.956613188770406e-05,0.0036232611259019443,0.00040817188855726274,0.04781957271048991,0.7326418931364306,0.7307870857242884,0.7590557601969756,1.1191804655174453,1.1188787399228604,0.7629483254727893,0.356232140044656,0.355930414450071,0.0003017255945849673,0.7326418931364306,1.119180465517445,0.03605289417998969,0.0
main,mlp,2268-01-01,2267-10-01,0.0004604920170664,0.001023315593480889,0.0012198276010002,0.0048703897858431,0.0550271450151425,0.0009359768126159906,6.0174313375754535e-05,0.003738654213993775,0.00042118956567719577,0.04855924714226006,0.7210447962754827,0.7184639643445923,0.7546924344205893,1.1178151720479599,1.1173934768085854,0.6566619889810662,0.4611531830668937,0.46073148782751916,0.0004216952393745199,0.7210447962754827,1.1178151720479592,0.04666510415876818,0.0
main,mlp,2268-04-01,2268-01-01,0.0004536721643591,0.0010081603652424445,0.0013149536133035,0.0052494489269546,0.0569251073675005,0.0011943263467401265,4.1212128828185015e-05,0.004768753706812734,0.000537446856033057,0.05449772411246929,0.7113449070742253,0.7084436129346027,0.721306205460365,1.116278770552488,1.1158045155009488,0.9778724738058862,0.13840629674660176,0.13793204169506268,0.0004742550515390853,0.7113449070742253,1.1162787705524877,0.014003460323748662,0.0
main,mlp,2268-07-01,2268-04-01,0.0005425048822331,0.0012055664049624444,0.001478514754571,0.0059009559063964,0.0599330942956903,0.001454925094731152,9.191310752823471e-05,0.005807011851438615,0.0006547162926290184,0.0595175647939184,0.6960123919645845,0.6930818584080323,0.6951673831759981,1.113154180642695,1.112677749292814,1.1130168033801457,0.0001373772625492542,-0.00033905408733181375,0.00047643134988106794,0.6960123919645845,1.1131541806426948,0.0,0.0
main,mlp,2268-10-01,2268-07-01,0.0008274515287266,0.001838781174948,0.0014735702483878,0.0058812653320714,0.0598464804808683,0.001736157201230526,4.254929102080633e-05,0.006926564277662806,0.0007812707405537367,0.06412258436728638,0.6950529286021715,0.6935156213663373,0.6726744387599237,1.111017665921987,1.1107721187785908,1.107443250784795,0.003574415137191922,0.0033288679937957255,0.00024554714339619643,0.6950529286021715,1.1110176659219868,0.0,0.0
main,mlp,2269-01-01,2268-10-01,0.0011249124242497,0.0024998053872215555,0.0024264512861614,0.009670536259454,0.0729655258276499,0.001682855118997395,0.00015060152754668038,0.0067144475232518985,0.0007572848035488278,0.06330454479267635,0.6357665438507771,0.6329337292058529,0.6765732262779678,1.0996569625259303,1.099212916349479,0.46420351865683296,0.6354534438690973,0.6350093976926461,0.00044404617645121824,0.6357665438507771,1.0996569625259296,0.06418499270763178,0.0
main,mlp,2269-04-01,2269-01-01,0.0011626585580597,0.002583685684577111,0.0016010469858813,0.0063888242444332,0.0620015327237924,0.0023686994332820176,7.578464532409895e-05,0.009441186440214522,0.001065914744976908,0.07232887903663367,0.6832272175272232,0.682868134980592,0.6356581078717684,1.106838572829,1.1067824218651248,1.0994000287312855,0.0074385440977144945,0.00738239313383926,5.615096387523444e-05,0.6832272175272232,1.1068385728289998,0.0,0.0
main,mlp,2269-07-01,2269-04-01,0.0005544846577094,0.0012321881282431112,0.0012665721661029,0.0050566715588924,0.0559745365324464,0.002065896149724722,0.00011170518770840721,0.008238012287650087,0.0009296532673761249,0.06870997738459739,0.7156709325145791,0.7134295248774095,0.6515323555056716,1.1162644311419703,1.1159003029203902,1.1058447887736613,0.010419642368308946,0.010055514146728894,0.0003641282215800512,0.7156709325145791,1.11626443114197,0.0,0.0
main,mlp,2269-10-01,2269-07-01,0.0005135461395868,0.0011412136435262224,0.0011860220010822,0.0047356547864906,0.0543233434385288,0.0013967334292829038,5.280123709698837e-05,0.005575239427040302,0.0006285300431773068,0.058466911546412065,0.7244440257539128,0.722246970638576,0.7004922407020486,1.1179862419989308,1.1176284196312831,1.1140853455777138,0.0039008964212170483,0.0035430740535693506,0.0003578223676476977,0.7244440182523928,1.1179862407771988,0.0,0.0
main,mlp,2270-01-01,2269-10-01,0.0004311925910758,0.0009582057579462222,0.0011215654970285,0.0044787201748572,0.052935466417117,0.001113266055472195,7.522047626946537e-05,0.004445633571446894,0.0005009697249624878,0.052752188310651635,0.7322431363228682,0.7298169615510015,0.7308277325934521,1.1198594687497565,1.1194623328739457,1.1196277840392297,0.00023168471052681383,-0.00016545116528399184,0.00039713587581080567,0.7322431363228635,1.1198594687497558,0.0,0.0
main,mlp,2270-04-01,2270-01-01,0.0005770143156455,0.0012822540347677779,0.0012479100793039,0.0049823044107738,0.0555998077646274,0.0013774573570117354,4.6776310197428075e-05,0.005498455546113168,0.000619855810655281,0.05811055680369221,0.7174793984114202,0.7154129768163761,0.7023153649173867,1.1163965800924776,1.1160613448129348,1.1139365211095698,0.002460058982907798,0.0021248237033650863,0.0003352352795427116,0.7174793984114199,1.116396580092477,0.0,0.0
main,mlp,2270-07-01,2270-04-01,0.000527968333833,0.001173262964073333,0.0013871718727909,0.0055371526896715,0.0582906782705515,0.001523787621408701,2.745614962126813e-05,0.006081233060457492,0.0006857044296339154,0.060714506022028804,0.7041328882608273,0.7013927694733845,0.6891908110170747,1.1145767265496982,1.1141308535529146,1.1121453470090115,0.002431379540686729,0.0019855065439031705,0.0004458729967835584,0.7041328882608273,1.114576726549698,0.0,0.0
main,mlp,2270-10-01,2270-07-01,0.0005483519610707,0.0012185599134904444,0.0012575118826468,0.0050205674654728,0.0557931820940054,0.0015483260853216053,8.268558891216929e-05,0.006178935300833577,0.0006967467383947224,0.06112948570647419,0.7166324973735035,0.7143881570537176,0.6871405834659259,1.116464591205731,1.116099848916163,1.1116716691575275,0.004792922048203474,0.004428179758635631,0.00036474228956784316,0.7166324973735035,1.1164645912057307,0.0,0.0
main,mlp,2271-01-01,2270-10-01,0.0005176436167519,0.0011503191483375555,0.0013675193203335,0.005458866852929,0.0579251643854242,0.0012427255045622588,8.834056296294548e-06,0.004961643492681356,0.0005592264770530165,0.05549488394309927,0.7060012376958004,0.7032672999334034,0.7159701680459087,1.1149536375917728,1.1145084881020024,0.9753743095777342,0.1395793280140386,0.13913417852426824,0.00044514948977036894,0.7060012376957441,1.1149536375917628,0.014120250478124097,0.0
main,mlp,2271-04-01,2271-01-01,0.0007927438555929,0.0017616530124286666,0.0015404437966103,0.0061475519999574,0.0609968274730673,0.0013332756469026207,4.29410079182181e-05,0.005322446320997876,0.0005999740411061793,0.0572774566609806,0.6897047630841542,0.6877947796580678,0.7066118324263967,1.1104028080670567,1.1100970721277272,0.8679744980369491,0.24242831003010756,0.2421225740907781,0.00030573593932947674,0.6897047630841542,1.1104028080670567,0.024513466792623284,0.0
main,mlp,2271-07-01,2271-04-01,0.0005880519059383,0.0013067820131962221,0.0013779861416324,0.0055005619544177,0.0581203891636397,0.0018686101073399186,3.5292401233174974e-05,0.007453516293299933,0.0008408745483029634,0.06605792951263083,0.7046797049534093,0.7022649449594445,0.6636088489555683,1.1142423079964339,1.113850828359616,1.107583922140277,0.0066583858561568565,0.006266906219339008,0.0003914796368178486,0.7046797049534093,1.114242307996434,0.0,0.0
main,mlp,2271-10-01,2271-07-01,0.0004972387375043,0.0011049749722317778,0.0016077058987385,0.0064153319005997,0.0621098311445269,0.0014978525694459676,9.00898950914017e-05,0.005977962340934062,0.0006740336562506854,0.060269412949225214,0.6858377920193551,0.6823409098455466,0.6914022457626193,1.1118104978808871,1.1112404095284598,1.0315841010398583,0.08022639684102884,0.0796563084886015,0.0005700883524273337,0.6858377920193546,1.1118104978808865,0.008113355645035514,0.0
main,mlp,2272-01-01,2271-10-01,0.0009652889856661,0.0021450866348135555,0.0021913349537978,0.008736570189568,0.0702698823460882,0.0016778437420725822,3.2392585386078625e-05,0.0066945028962202,0.0007550296839326621,0.0632264085392583,0.6475208885025204,0.644607136609436,0.6769477482426114,1.1025330614518214,1.1020716772598766,0.6527385714029623,0.4497944900488591,0.4493331058569143,0.000461384191944747,0.6475208885025204,1.1025330614518212,0.045445414824929586,0.0
main,mlp,2272-04-01,2272-01-01,0.0007661409522751,0.0017025354495002222,0.00179896002753,0.0071764458441518,0.0650569592220109,0.0020575703121721743,6.40616796741672e-05,0.008204914500910432,0.0009259066404774784,0.06860314380298414,0.6710368902988832,0.6682702255944473,0.6520113735237804,1.1075931091487594,1.1071495060297267,1.104542584605938,0.003050524542821398,0.0026069214237887106,0.00044360311903268723,0.6710368902988832,1.1075931091487592,0.0,0.0
main,mlp,2272-07-01,2272-04-01,0.0008229921898704,0.0018288715330453333,0.0012967777774871,0.0051770300343108,0.0565714738980637,0.0018540228717029094,4.5217923585109885e-05,0.007395492562221939,0.0008343102922663092,0.06585125638694235,0.7112655391302735,0.7102909199828019,0.664566554625829,1.113638950737604,1.1134832357602933,1.106177850336078,0.007461100401526144,0.007305385424215327,0.00015571497731081685,0.7112655391302731,1.1136389507376037,0.0,0.0
main,mlp,2272-10-01,2272-07-01,0.0007586486946994,0.0016858859882208888,0.0012333996067203,0.0049244782823861,0.0553052411446554,0.0018355450127273798,3.7003878332326505e-05,0.007321989424055708,0.0008259952557273209,0.06558722850855976,0.718061219258016,0.7169793263504524,0.665793610689878,1.1151867227683032,1.115013172526253,1.1068022920590088,0.0083844307092944,0.008210880467244275,0.00017355024205012448,0.718061219258016,1.1151867227683028,0.0,0.0
main,mlp,2273-01-01,2272-10-01,0.0006557327002514,0.0014571837783364443,0.0012460417381785,0.0049748589687412,0.0555620382323999,0.0016315332148224115,6.686821422187835e-05,0.006510178820334889,0.0007341899466700852,0.06249405020317627,0.7172686670742459,0.7156134572238758,0.6804763625888268,1.1157977708698101,1.1155305493671943,1.1098579228879466,0.005939847981863533,0.005672626479247711,0.000267221502615822,0.7172686670742459,1.11579777086981,0.0,0.0
main,mlp,2273-04-01,2273-01-01,0.0005001139640087,0.0011113643644637776,0.0011482693012635,0.0045851721250614,0.0535179803043248,0.0012097769184038043,3.798774058508423e-05,0.0048303333926449366,0.000544399613281712,0.05481957066164682,0.7287668515411816,0.7266217280088286,0.7195758518987176,1.1187881662692944,1.1184385135781896,1.1172900438020046,0.001498122467289864,0.0011484697761849905,0.0003496526911048736,0.7287668515411816,1.1187881662692942,0.0,0.0
main,mlp,2273-07-01,2273-04-01,0.0004317643871905,0.0009594764159788888,0.0012055944444106,0.0048136640368673,0.0547327774440765,0.0012393190991133451,1.70860043410077e-05,0.004948068537057204,0.0005576935946010053,0.055425750217086164,0.7227285064328266,0.7200417166903469,0.7163377511697894,1.1182979047738641,1.1178581246983936,1.1172518508949723,0.001046053878891895,0.0006062738034213755,0.00043978007547051945,0.7227285064328266,1.1182979047738637,0.0,0.0
main,mlp,2273-10-01,2273-07-01,0.0003748955532303,0.0008331012294006666,0.0012305767787029,0.0049132286512132,0.0552476070409238,0.0011341213248670101,5.1786365301526294e-05,0.004528773745705372,0.0005103545961901546,0.05321071271569645,0.7203443078120482,0.7172865442149606,0.7283038927983321,1.1183173049344892,1.1178150640699316,1.009127770349116,0.10918953458537328,0.10868729372081565,0.0005022408645576348,0.7203443078120478,1.1183173049344886,0.011049690473289964,0.0
main,mlp,2274-01-01,2273-10-01,0.0005385081778726,0.001196684839716889,0.0012889268682406,0.0051457480407164,0.0564174422447789,0.0012165755731984973,3.4386975099312024e-05,0.004857429156252313,0.0005474590079393238,0.054960134601040066,0.7134909254015092,0.711098340743285,0.7188225585859799,1.1160242684857875,1.1156351985272528,1.0421653831940563,0.07385888529173124,0.07346981533319652,0.0003890699585347157,0.7134909254015092,1.1160242684857875,0.007472588838600969,0.0
main,mlp,2274-04-01,2274-01-01,0.0006134786900347,0.001363285977854889,0.0013711858959793,0.0054734729879594,0.0579936971370359,0.001511196163482964,6.415697791494553e-05,0.006031096170207695,0.0006800382735673338,0.06049925747872368,0.7051829179378455,0.7029151257319618,0.6902586536775431,1.1141445832862444,1.1137775066175728,1.1117288640713952,0.002415719214849288,0.002048642546177648,0.0003670766686716398,0.7051829179378455,1.1141445832862438,0.0,0.0
main,mlp,2274-07-01,2274-04-01,0.000731801181701,0.0016262248482244444,0.0016876287195112,0.0067334455518428,0.0633787748771829,0.0013916678028181196,3.0424353194183548e-05,0.005555061553071727,0.0006262505112681539,0.05837367409571406,0.678837880950143,0.6762177670320071,0.7009684083073329,1.109077020364997,1.1086560152513645,0.7866269948170748,0.3224500255479221,0.3220290204342897,0.0004210051136324111,0.678837880950143,1.1090770203649964,0.032600600268321345,0.0
main,mlp,2274-10-01,2274-07-01,0.0008176467558326,0.001816992790739111,0.0014421675694137,0.0057562031874932,0.059290385770598,0.001556861074641347,3.0134376062078433e-05,0.006212916488437803,0.0007005874835886061,0.06127245077539376,0.6977975821551642,0.6963124519733751,0.6864368299315541,1.1115244745092976,1.1112871157575082,1.1097087589577257,0.0018157155515718948,0.0015783567997824655,0.00023735875178942933,0.6977975821551642,1.1115244745092976,0.0,0.0
main,mlp,2275-01-01,2274-10-01,0.0007421357520312,0.0016491905600693334,0.0012767093341745,0.0050970657377746,0.0561761781600462,0.0014246412087231875,5.303608843776774e-05,0.005686398781153845,0.0006410885439254344,0.05897542160912637,0.713682572584295,0.7123664466953583,0.6979057240752518,1.1146021786669975,1.1143908369584192,1.1120687537508076,0.002533424916189908,0.002322083207611625,0.00021134170857828316,0.713682572584295,1.114602178666997,0.0,0.0
main,mlp,2275-04-01,2275-01-01,0.0007167380572668,0.0015927512383706666,0.0011399758101888,0.0045521118957785,0.0533382286889468,0.001731383753940463,5.1987469884833776e-05,0.006907569629160171,0.0007791226892732083,0.0640502807423452,0.7285710727131608,0.727604910712864,0.673017411693383,1.1171779940634388,1.11702260369814,1.1082431532428498,0.00893484082058893,0.008779450455290272,0.00015539036529865768,0.7285710727131608,1.1171779940634388,0.0,0.0
main,mlp,2275-07-01,2275-04-01,0.0006546080133016,0.0014546844740035557,0.0012416954203567,0.0049575384917697,0.0554739945932713,0.0015253864927217363,4.503563987900004e-05,0.006087599338861049,0.0006864239217247814,0.060741725491666385,0.7177277132768479,0.7160812026576328,0.6890559939634728,1.115879952705714,1.115614117112139,1.1112507912332434,0.0046291614724705,0.004363325878895541,0.000265835593574959,0.7177277132768479,1.1158799527057135,0.0,0.0
main,mlp,2275-10-01,2275-07-01,0.0006240493742483,0.0013867763872184443,0.0013449595431946,0.0053689944041454,0.0575000221182296,0.0013068010797724129,3.911771836245581e-05,0.005216966868449524,0.0005880604858975858,0.056766999160415735,0.7075935230030885,0.7054592772267728,0.7092684383979714,1.1144599789119967,1.1141147443689874,1.091060562847989,0.02339941606400764,0.023054181520998362,0.00034523454300927625,0.7075935230030885,1.1144599789119964,0.002367034955130687,0.0
main,mlp,2276-01-01,2275-10-01,0.0006083416828838,0.0013518704064084445,0.0012819426423943,0.0051179187321062,0.0562797562042934,0.001492290780879557,7.066942556038146e-05,0.005955814820829741,0.0006715308513958007,0.060173076902097,0.7138365099422646,0.7118215196920573,0.6918826005294695,1.1155819686326787,1.1152557082962418,1.1120272666333098,0.0035547019993689144,0.0032284416629320134,0.000326260336436901,0.7138365099422646,1.1155819686326789,0.0,0.0
main,mlp,2276-04-01,2276-01-01,0.0007490246885548,0.0016644993078995555,0.001244264581474,0.0049677768628603,0.0555260688019642,0.0017262854613363742,8.218054418732785e-05,0.0068872820452478,0.0007768284576013684,0.06397285180063475,0.7169738789212363,0.7158044848739674,0.6733850457603802,1.1150813002951587,1.1148936011453376,1.1080848674459625,0.006996432849196266,0.00680873369937518,0.0001876991498210856,0.7169738789212363,1.1150813002951585,0.0,0.0
main,mlp,2276-07-01,2276-04-01,0.0005798435761253,0.0012885412802784446,0.0011123629855863,0.0044420333378798,0.0527321807527378,0.0014083172893151641,1.4487874779587823e-05,0.0056213801805895525,0.0006337427801918239,0.058679035759141164,0.7325361986690225,0.7309382308579749,0.6994111439266918,1.118818517285621,1.118559324407066,1.1134455815909208,0.00537293569470032,0.005113742816145184,0.00025919287855513673,0.7325361986690225,1.1188185172856209,0.0,0.0
main,mlp,2276-10-01,2276-07-01,0.0005215574029842,0.001159016451076,0.0011088504138482,0.004428029811984,0.0526542377819353,0.0014864526223391295,7.443654341122558e-05,0.00593256637359818,0.0006689036800526083,0.0600716131579108,0.7332679403776325,0.7313690043081055,0.6923891730507293,1.1193646007566929,1.1190554835386606,1.1127101740830154,0.006654426673677438,0.006345309455645154,0.0003091172180322843,0.7332679403776325,1.1193646007566926,0.0,0.0
main,mlp,2277-01-01,2276-10-01,0.0003315641754422,0.0007368092787604445,0.001051867855141,0.0042008375186879,0.0513620269343784,0.0011951418593525887,2.1497797509477464e-05,0.004772004079376835,0.000537813836708665,0.05451479593196532,0.7413250541893612,0.7385807831851877,0.7212142217831903,1.1220846408005434,1.1216327022913688,1.1187727012719486,0.003311939528594765,0.0028600010194201886,0.00045193850917457645,0.7413250541893612,1.122084640800543,0.0,0.0
main,mlp,2277-04-01,2277-01-01,0.0003067765342681,0.0006817256317068889,0.0010757876624319,0.0042962117139391,0.0519109382785392,0.0011078628012910485,2.2442771148336826e-05,0.004424092482724795,0.0004985382605809718,0.05263228796674944,0.7384558085116387,0.7355010788135001,0.7314904018408696,1.1217951666935018,1.1213078365215794,1.1206463466059948,0.001148820087506941,0.0006614899155845677,0.00048733017192237327,0.7384558085116387,1.1217951666935018,0.0,0.0
main,mlp,2277-07-01,2277-04-01,0.0004759674428221,0.0010577054284935555,0.0010649135600655,0.0042528548242557,0.0516625830845844,0.0010735373012721538,3.77485505024303e-05,0.004287239258668141,0.0004830917855724692,0.05185970234118312,0.7388877634449962,0.7368914980236133,0.7357875277005391,1.1206162790657648,1.1202904080484504,1.1201101955734905,0.0005060834922743229,0.00018021247495991766,0.00032587101731440526,0.7388877634449962,1.1206162790657646,0.0,0.0
main,mlp,2277-10-01,2277-07-01,0.0003620354231687,0.000804523162597111,0.0010410426548519,0.0041576725123803,0.0511104394440039,0.0012326858937740325,7.281443689567288e-05,0.004921633978047235,0.0005547086521983147,0.055290679369891745,0.7425422313961315,0.7400004594635581,0.7170569236733639,1.1220588289649087,1.1216410133950083,1.1178695631091438,0.0041892658557649565,0.0037714502858645638,0.0004178155699003927,0.7425422208087122,1.1220588272245524,0.0,0.0
main,mlp,2278-01-01,2277-10-01,0.0004749318333182,0.0010554040740404444,0.0011317304369595,0.0045192426616499,0.0531584867866231,0.0011706960387527943,8.941040558862017e-05,0.0046745673957342415,0.0005268132174387574,0.05399891621194654,0.7308156113404213,0.7285905353275907,0.7240033368140918,1.1193061467240761,1.1189429015482204,1.1181940382639513,0.0011121084601248832,0.0007488632842691523,0.0003632451758557309,0.7308156113404213,1.1193061467240757,0.0,0.0
main,mlp,2278-04-01,2278-01-01,0.0008192716221651,0.0018206036048113335,0.0012444844055739,0.0049686528808209,0.0555305203023,0.001043085684068501,5.799028201257918e-05,0.004165819108249091,0.0004693885578308255,0.051158074747671665,0.7165900955306529,0.7157808332234027,0.7397312646085392,1.1145163167492211,1.1143869907380353,0.7952800385087047,0.3192362782405165,0.3191069522293306,0.00012932601118587073,0.7165900955306529,1.1145163167492211,0.03229344056143091,0.0
main,mlp,2278-07-01,2278-04-01,0.0003872167892758,0.0008604817539462223,0.0014212029066392,0.0056727041985495,0.0589132387193022,0.0012536689406260847,4.43670936282752e-05,0.005005253526652709,0.0005641510232817381,0.05571593417070588,0.7017521380209427,0.6982210747895663,0.7147972136473275,1.1151770570899995,1.1145975113367996,0.9314252629715801,0.18375179411841935,0.1831722483652195,0.0005795457531998505,0.7017521380209427,1.115177057089999,0.01858928541006527,0.0
main,mlp,2278-10-01,2278-07-01,0.0007173421156568,0.0015940935903484446,0.0012413211984157,0.0049560471722827,0.0554664021231858,0.0014305064454674722,3.5040968121033064e-05,0.00570975939479923,0.0006437279004603625,0.05908119731477845,0.717443771864812,0.7161215654791175,0.6973698974846363,1.1153840273415454,1.1151713814120088,1.112155614800849,0.0032284125406965014,0.0030157666111598758,0.00021264592953662564,0.717443771864812,1.1153840273415447,0.0,0.0
main,mlp,2279-01-01,2278-10-01,0.0006275783095592,0.0013946184656871113,0.0013195945615198,0.0052679394556038,0.0570147457098261,0.0015687007922679185,8.233146533071308e-05,0.0062600536711368004,0.0007059153565205634,0.06146961499925467,0.7100138358117922,0.7079767717529294,0.6854684210815458,1.114826431587957,1.1144969889982528,1.110856843612114,0.003969587975843014,0.003640145386138771,0.000329442589704243,0.7100138358117922,1.1148264315879564,0.0,0.0
main,mlp,2279-04-01,2279-01-01,0.0006041569681595,0.0013425710403544443,0.0014741119668096,0.0058834226389897,0.0598559822795292,0.0015893722651526333,2.508037614618136e-05,0.006342348488725835,0.000715217519318685,0.06181067304134276,0.6960873040770365,0.6934680130677567,0.6837990919831243,1.1127372071328872,1.1123129908724765,1.1107470275907374,0.0019901795421497503,0.00156596328173908,0.0004242162604106703,0.6960873040770365,1.1127372071328865,0.0,0.0
main,mlp,2279-07-01,2279-04-01,0.0006349355558896,0.0014109679019768887,0.0011227793164098,0.0044835591253422,0.0529621816327096,0.0015501009300351142,3.986984581716311e-05,0.00618600173541739,0.0006975454185158014,0.06115927306326516,0.7310095538816711,0.7296698452059855,0.6869938446686108,1.1181681654775761,1.1179516007067876,1.1110529977177526,0.007115167759823571,0.0068986029890349965,0.00021656477078857428,0.7310095538816711,1.1181681654775757,0.0,0.0
main,mlp,2279-10-01,2279-07-01,0.0004135531102422,0.0009190069116493334,0.0010307428024635,0.0041166010047476,0.0508691904240869,0.0011986585101112722,6.265747451106306e-05,0.004786020233882415,0.0005393963295500725,0.05458830514612945,0.7435898158903752,0.7413666206421431,0.7208184268711072,1.1218479502585241,1.1214836475499166,1.1181165286908217,0.003731421567702453,0.0033671188590949086,0.00036430270860754455,0.7435898158903732,1.1218479502585237,0.0,0.0
