split,model,date,feature_date,c_q_realised,pd_q_realised,pd_q_true,pd_a_true,k_irb_true,pd_q_hat,pd_q_hat_std,pd_a_hat,c_q_hat,k_irb_hat,alpha_oracle,alpha_bayes,alpha_hat,utility_oracle,utility_bayes_realised,utility,regret,regret_vs_bayes,regret_irreducible,alpha_oracle_panel,utility_oracle_panel,shortfall_realised_at_hat,shortfall_predicted_at_hat
main,dfl_linear,2205-01-01,2204-10-01,0.0006298089727482,0.0013995754949959998,0.0010467643638545,0.0041804877482412,0.0512436664890349,0.001798193552531302,,0.007173396457191283,0.0008091870986390859,0.06504574129317464,0.7403378006769865,0.7392480392710714,0.6683227937953081,1.1197140366164233,1.1195378201153452,1.1080690724353675,0.011644964181055872,0.011468747679977742,0.00017621650107813025,0.7403378006769862,1.1197140366164229,0.0,0.0
main,dfl_linear,2205-04-01,2205-01-01,0.0007337965223609,0.0016306589385797776,0.0010567330293317,0.0042202367280587,0.0514744490604586,0.0017320993356406689,,0.006910417111267275,0.000779444701038301,0.064061131490272,0.7385074516949827,0.7379480646973474,0.6729659233507237,1.118650109886843,1.1185602376335753,1.1081200745807,0.010530035306143049,0.010440163052875207,8.987225326784198e-05,0.7385074516949827,1.1186501098868429,0.0,0.0
main,dfl_linear,2205-07-01,2205-04-01,0.0007896486485372,0.001754774774527111,0.001059125171569,0.0042297749605217,0.0515295791290717,0.0012916476698592305,,0.005156589174135862,0.0005812414514366537,0.05647091163678658,0.7379026688173538,0.7376381577889977,0.7108178663072642,1.1181408099094792,1.118098460764476,1.113804437864764,0.004336372044715153,0.0042940228997119245,4.234914500322873e-05,0.7379026688173538,1.1181408099094792,0.0,0.0
main,dfl_linear,2205-10-01,2205-07-01,0.000315736944092,0.0007016376535377778,0.001074682112202,0.0042918037624011,0.0518857776669694,0.0020680290181189775,,0.008246490967789621,0.0009306130581535399,0.0687372772002672,0.7385441649576064,0.7356417155270351,0.6514100477140863,1.121743562935671,1.1212651155364706,1.1073801458378059,0.014363417097865039,0.013884969698664706,0.0004784473992003324,0.7385441649576064,1.121743562935671,0.0,0.0
main,dfl_linear,2206-01-01,2205-10-01,0.0004777763432441,0.001061725207209111,0.0011155006403048,0.0044545420618556,0.0528016407557636,0.0017834472237154841,,0.007114727471074667,0.0008025512506719679,0.0648290374400294,0.732711213599632,0.730554750818629,0.6693397801570129,1.1195947630418623,1.119242780363672,1.1092511359408659,0.010343627100996455,0.00999164442280609,0.00035198267819036566,0.732711213599632,1.119594763041862,0.0,0.0
main,dfl_linear,2206-04-01,2206-01-01,0.0004254457182683,0.0009454349294851112,0.0011403483503461,0.004553596965143,0.053346325333964,0.002487354213371873,,0.009912356785668042,0.0011193093960173428,0.07362021828915072,0.7300774311869628,0.7275605734852846,0.6301525789648759,1.1195469252683816,1.1191348010378257,1.1031846761003359,0.01636224916804574,0.015950124937489818,0.0004121242305559214,0.7300774311869628,1.119546925268381,0.0,0.0
main,dfl_linear,2206-07-01,2206-04-01,0.0006427560316853,0.0014283467370784443,0.0010592111067915,0.0042301176103299,0.0515315578292361,0.002224368741735816,,0.008867832067738779,0.0010009659337811172,0.07066584979930246,0.7386925705729632,0.7376270421212385,0.6428694510234052,1.119352360803289,1.1191802007717913,1.103869985599617,0.015482375203671905,0.015310215172174235,0.00017216003149767012,0.7386925705729632,1.1193523608032885,0.0,0.0
main,dfl_linear,2206-10-01,2206-07-01,0.0003062962127831,0.0006806582506291111,0.0010833724733939,0.004326452802901,0.0520830166748406,0.001498355995863676,,0.005979967009932863,0.0006742601981386542,0.06027811725898927,0.7375212521330217,0.7345405895705038,0.6913588781863915,1.1216445706945937,1.1211529490406351,1.114030685474689,0.0076138852199045814,0.00712226356594603,0.0004916216539585516,0.7375212521330217,1.1216445706945934,0.0,0.0
main,dfl_linear,2207-01-01,2206-10-01,0.0007210627414224,0.0016023616476053334,0.0011090583422306,0.0044288587615839,0.0526588570579672,0.0023292468395084143,,0.009284485531860454,0.0010481610777787864,0.07188474958686003,0.7321720486583433,0.7313434643250135,0.6375704323597717,1.1177254843286173,1.117592256773526,1.1025145497983697,0.015210934530247577,0.015077706975156202,0.0001332275550913753,0.7321720486583433,1.1177254843286166,0.0,0.0
main,dfl_linear,2207-04-01,2207-01-01,0.0005209603291109,0.0011576896202464444,0.001183426173207,0.0047253083353635,0.0542686321415851,0.0019840665627270937,,0.007912678355932012,0.0008928299532271922,0.06764114755618532,0.7246923285910504,0.7225426050295684,0.6563526047843973,1.117972951663227,1.1176229973118388,1.106847900913766,0.01112505074946113,0.010775096398072836,0.000349954351388293,0.7246923285910504,1.1179729516632269,0.0,0.0
main,dfl_linear,2207-07-01,2207-04-01,0.0006244968038165,0.0013877706751477777,0.0012711486544021,0.0050749079173723,0.0560657338932238,0.002690168097615242,,0.010717328186759523,0.0012105756439268589,0.07568606311579118,0.7148461837364359,0.7129483597674138,0.6215090143722948,1.115629967298083,1.1153229847213153,1.1005322104843591,0.015097756813723828,0.014790774236956183,0.00030698257676764484,0.7148461837364359,1.1156299672980825,0.0,0.0
main,dfl_linear,2207-10-01,2207-07-01,0.0003606974425474,0.0008015498723275555,0.0011039733355314,0.0044085861797885,0.0525456942986113,0.003118023043498397,,0.012413880927800713,0.0014031103695742787,0.0795514822119659,0.7347193427796452,0.7319696877524213,0.6058461523426231,1.1207827357076732,1.120330711598461,1.099596882016289,0.02118585369138426,0.02073382958217218,0.00045202410921207914,0.7347193427796445,1.1207827357076725,0.0,0.0
main,dfl_linear,2208-01-01,2207-10-01,0.0007275334753495,0.0016167410563322222,0.0012325685377215,0.0049211662875734,0.0552882843115276,0.0028751392383128405,,0.011451053399578304,0.0012938126572407782,0.07743209101259411,0.7183091716888613,0.717069683848965,0.6143543413174801,1.1154500011631865,1.1152507848950417,1.0987418958509891,0.016708105312197352,0.016508889044052566,0.0001992162681447862,0.7183091716888613,1.1154500011631865,0.0,0.0
main,dfl_linear,2208-04-01,2208-01-01,0.0005700617261625,0.0012668038359166666,0.0011688890445606,0.0046673647550045,0.0539604402273164,0.002898738719522953,,0.011544636119269258,0.001304432423785329,0.07764624723520143,0.7260555779356871,0.724212164719027,0.613485983830923,1.117838372132716,1.1175391873055198,1.0995683964944036,0.018269975638312452,0.01797079081111619,0.0002991848271962638,0.7260555779356871,1.1178383721327154,0.0,0.0
main,dfl_linear,2208-07-01,2208-04-01,0.0006202498279801,0.0013783329510668888,0.0013073527137198,0.0052191647632077,0.0567777234504675,0.0032354819122701883,,0.012879252960807164,0.0014559668605215847,0.08051385688494604,0.7112477977586739,0.7092124323804371,0.6020440067843067,1.1150781167813468,1.1147487997480598,1.0974092162233193,0.0176689005580275,0.01733958352474052,0.0003293170332869799,0.7112477977586732,1.1150781167813462,0.0,0.0
main,dfl_linear,2208-10-01,2208-07-01,0.0005416743668131,0.0012037208151402222,0.001218807525917,0.0048663243928644,0.0550061413148339,0.0037798082921653986,,0.015033727267930841,0.0017009137314744295,0.08453253673269998,0.7207320654873711,0.7185763266108457,0.5865560659618579,1.1171789661497307,1.1168284791033831,1.0953641952252895,0.021814770924441174,0.021464283878093626,0.00035048704634754735,0.7207320654873709,1.11717896614973,0.0,0.0
main,dfl_linear,2209-01-01,2208-10-01,0.0005947311563656,0.0013216247919235556,0.0013666547776971,0.0054554228458637,0.0579089822208186,0.00349360890686512,,0.013901374221550133,0.001572124008089304,0.08250315797705006,0.7056978049759135,0.7033505001515283,0.5943007706474979,1.1143602265199735,1.1139798394626017,1.0963080376232182,0.018052188896755306,0.01767180183938355,0.00038038705737175604,0.705697804975913,1.1143602265199728,0.0,0.0
main,dfl_linear,2209-04-01,2209-01-01,0.0004400876185246,0.0009779724856102223,0.001229952711991,0.004910741586243,0.0552348507718626,0.0027513562235981226,,0.01096008838131135,0.0012381103006191552,0.07627734392205028,0.7200723176979276,0.7173545743182695,0.6190710128556471,1.1178032002586402,1.1173585798229748,1.101279475282296,0.016523724976344134,0.016079104540678735,0.00044462043566539933,0.7200723176979276,1.1178032002586402,0.0,0.0
main,dfl_linear,2209-07-01,2209-04-01,0.0004575586841481,0.0010167970758846667,0.0013526341668464,0.0053995688481238,0.0576453265054456,0.0029973227065056562,,0.011935494795979995,0.0013487952179275454,0.07852119998005527,0.707699620078769,0.7047086924736404,0.609958591932198,1.1156553951038797,1.115166604515211,1.099682124937516,0.01597327016636374,0.015484479577695165,0.0004887905886685751,0.7076996200787685,1.1156553951038788,0.0,0.0
main,dfl_linear,2209-10-01,2209-07-01,0.0006828959099576,0.0015175464665724446,0.001438732923634,0.005742523888133,0.0592289248140062,0.004431269597262144,,0.01760760915431081,0.0019940713187679648,0.08860433858819376,0.6987542910874208,0.6966228315726366,0.571457546667615,1.1126189564281974,1.1122754268795625,1.0921024076268222,0.020516548801375212,0.020173019252740287,0.00034352954863492435,0.6987542910874208,1.112618956428197,0.0,0.0
main,dfl_linear,2210-01-01,2209-10-01,0.0009114538253252,0.002025452945167111,0.0020115716692821,0.008022040695931,0.0680051461571834,0.002555936574935913,,0.01018461617622568,0.0011501714587211608,0.07433786710973402,0.6573904476827073,0.6547040388282142,0.6271274167977738,1.1044497848279684,1.1040229535166812,1.0996414291919596,0.004808355636008788,0.0043815243247216085,0.0004268313112871791,0.6573904476827073,1.104449784827968,0.0,0.0
main,dfl_linear,2210-04-01,2210-01-01,0.0007513900849633,0.0016697557443628888,0.0017977491223393,0.0071716283080666,0.0650392346659613,0.004593736957758665,,0.01824872062615268,0.0020671816309913993,0.08952387210764386,0.6711831644644098,0.6683532856279979,0.5681250685410105,1.1077155678802924,1.107261411664768,1.0911761760796816,0.016539391800610703,0.016085235585086455,0.00045415621552424845,0.6711831644644098,1.1077155678802917,0.0,0.0
main,dfl_linear,2210-07-01,2210-04-01,0.0009145923795906,0.0020324275102013333,0.0023017630183337,0.0091753121473117,0.0715707979800918,0.0021495751570910215,,0.008570616296816214,0.0009673088206909597,0.0697606677228247,0.6423210131567146,0.6389281469119399,0.6468537320234344,1.1020353111714876,1.1014963405384894,1.0321877744711752,0.06984753670031241,0.06930856606731428,0.0005389706329981259,0.6423210131567146,1.1020353111714871,0.007056757756857823,0.0
main,dfl_linear,2210-10-01,2210-07-01,0.0007613080283086,0.0016917956184635554,0.0017015913486908,0.006789012614912,0.0635947901482712,0.004121720790863037,,0.016385231469944306,0.0018547743558883667,0.08675330892739565,0.6777083370025955,0.6751852763195765,0.5782507676705251,1.1086955526383186,1.1082908867071095,1.0927438594506165,0.015951693187702176,0.01554702725649304,0.0004046659312091361,0.6777083370025955,1.108695552638318,0.0,0.0
main,dfl_linear,2211-01-01,2210-10-01,0.0006697239934736,0.0014882755410524444,0.0017651270987843,0.0070418363416211,0.0645574599794111,0.0021422358695417643,,0.008541447734359053,0.0009640061412937939,0.06967015345384149,0.6737310321732686,0.6706181972021698,0.6472544866139534,1.1086746750311673,1.1081725661587012,1.1044039351554562,0.004270739875711138,0.003768631003244982,0.000502108872466156,0.6737310321732676,1.108674675031167,0.0,0.0
main,dfl_linear,2211-04-01,2211-01-01,0.0006777540901541,0.0015061202003424446,0.0016813977121486,0.00670864726491,0.0632818433240887,0.0037591815926134586,,0.014952149983968988,0.0016916317166760565,0.08439184438556864,0.6795343350766955,0.676682001766192,0.5870881164539139,1.109556196542901,1.109096336352413,1.0946517898421824,0.014904406700718686,0.014444546510230527,0.0004598601904881594,0.6795343350766955,1.1095561965429006,0.0,0.0
main,dfl_linear,2211-07-01,2211-04-01,0.0005385350050235,0.0011967444556077777,0.0015328152922541,0.0061171784327126,0.0608678632846017,0.00306293205358088,,0.012195553749955623,0.0013783194241113962,0.07908662713396925,0.6915323251642657,0.6884318488542779,0.6076962081823962,1.1124532869855341,1.1119491041157072,1.09882030616938,0.013632980816154161,0.013128797946327264,0.0005041828698268969,0.6915323251642657,1.1124532869855337,0.0,0.0
main,dfl_linear,2211-10-01,2211-07-01,0.0007670628061368,0.0017045840136373333,0.0015025121758275,0.0059965170091249,0.0603498797680944,0.002327368361875415,,0.009277023983309207,0.0010473157628439367,0.07186341188533811,0.6929193280928919,0.6910014979829393,0.6376625542323568,1.1110953206772722,1.110787836180258,1.1022360368288577,0.008859283848414501,0.008551799351400158,0.0003074844970143431,0.6929193280928919,1.1110953206772716,0.0,0.0
main,dfl_linear,2212-01-01,2211-10-01,0.0006986765859449,0.001552614635433111,0.0016971251298661,0.006771238661398,0.0635258718759457,0.004851281177252531,,0.01926437127898606,0.002183076529763639,0.09091741885879065,0.678313082855886,0.6755143736741839,0.5631267215148079,1.1092173832304737,1.1087667540137085,1.0906708546620647,0.018546528568408993,0.018095899351643796,0.00045062921676519707,0.678313082855886,1.1092173832304733,0.0,0.0
main,dfl_linear,2212-04-01,2212-01-01,0.0008517737175483,0.0018928304834406665,0.001694648816607,0.0067613837175156,0.0634875876941103,0.0028141913935542107,,0.011209336622202914,0.0012663861270993948,0.07687025228327367,0.6777852237272634,0.675697319180511,0.6166419222735333,1.1080947211890455,1.1077617374473676,1.098343449116643,0.00975127207240245,0.009418288330724556,0.0003329837416778947,0.6777852237272634,1.1080947211890453,0.0,0.0
main,dfl_linear,2212-07-01,2212-04-01,0.0012827668613433,0.002850593025207333,0.0019018583702414,0.007585758592903,0.0665232933469551,0.00257519050501287,,0.01026104064984723,0.0011588357272557914,0.07453574107457203,0.6622250610124958,0.6614613345097395,0.6262975554051342,1.1027590066199204,1.102640497397946,1.0971840518139222,0.0055749548059982335,0.005456445584023806,0.0001185092219744277,0.6622250610124958,1.1027590066199202,0.0,0.0
main,dfl_linear,2212-10-01,2212-07-01,0.0011950744388272,0.0026557209751715554,0.0023127555116042,0.009218978471687,0.0716968223121143,0.002603533212095499,,0.010373533082320363,0.0011715899454429746,0.07482422818719778,0.640648246226969,0.6383825523428619,0.6250909334797876,1.0999726819326776,1.0996191220886185,1.097544974859161,0.002427707073516583,0.0020741472294574237,0.0003535598440591592,0.6406482462269687,1.0999726819326774,0.0,0.0
main,dfl_linear,2213-01-01,2212-10-01,0.0015383478852453,0.0034185508561006667,0.0036341811980512,0.0144576729703839,0.083521253123539,0.00475546857342124,,0.018886617063974875,0.002139960858039558,0.09040763886769553,0.5943197259761142,0.5903964037114132,0.5649479967774357,1.090703009027838,1.0901042452324583,1.0862203978974478,0.004482611130390168,0.0038838473350104596,0.0005987637953797087,0.5943197259761142,1.0907030090278378,0.0,0.0
main,dfl_linear,2213-04-01,2213-01-01,0.0019554092856784,0.004345353968174223,0.0039920717752143,0.015872921505326,0.085934845183476,0.008147967047989368,,0.03219569133581779,0.003666585171595216,0.10480326133489735,0.5844868217835676,0.5812915900125594,0.516584769828478,1.0867646764729169,1.0862903573941365,1.0766848947735579,0.01007978169935897,0.009605462620578598,0.00047431907878037194,0.5844868217835676,1.0867646764729164,0.0,0.0
main,dfl_linear,2213-07-01,2213-04-01,0.0020339069634641,0.004519793252142444,0.003738923800422,0.0148720267730548,0.0842528672784257,0.008659105747938156,,0.03418913373849897,0.0038965975865721705,0.10661082179758763,0.5900165342902198,0.5876143859233202,0.510959839484608,1.0871223903842386,1.0867676869215066,1.0754488052776316,0.011673585106606987,0.011318881643874956,0.00035470346273203113,0.5900165342902198,1.0871223903842386,0.0,0.0
main,dfl_linear,2213-10-01,2213-07-01,0.0012527347153754,0.0027838549230564443,0.0033330831518687,0.0132658239390648,0.0812854298891969,0.007857896387577057,,0.03106304331536347,0.0035360533744096755,0.10375329975398767,0.6033613318589366,0.5990224056497941,0.5198983523784672,1.093806186888953,1.0931316025207132,1.0808299760546727,0.012976210834280355,0.012301626466040494,0.0006745843682398611,0.6033613318589366,1.0938061868889526,0.0,0.0
main,dfl_linear,2214-01-01,2213-10-01,0.0014846167481007,0.0032991483291126664,0.0043945734965745,0.0174627594329024,0.0883919418301749,0.004508568439632654,,0.017912676795184823,0.0020288557978346946,0.08904598383406544,0.5777789923729747,0.5722312317568865,0.569853539339872,1.088489067030883,1.0876394062306312,1.0872752535244141,0.001213813506468986,0.00036415270621703577,0.0008496608002519501,0.5777789923729747,1.0884890670308829,0.0,0.0
main,dfl_linear,2214-04-01,2214-01-01,0.0013489991698616,0.002997775933025778,0.0035797371371504,0.0142422447669867,0.0831320248374829,0.00794440321624279,,0.03140093322459736,0.0035749814473092557,0.10406844762865959,0.596370400480932,0.5918845105850099,0.5189002103757581,1.0921451955290085,1.0914520806439505,1.0801752758127483,0.011969919716260158,0.011276804831202192,0.000693114885057966,0.596370400480932,1.0921451955290082,0.0,0.0
main,dfl_linear,2214-07-01,2214-04-01,0.0009552315184772,0.0021227367077271114,0.0025807846113703,0.0102832444625974,0.0745929427620562,0.007787876296788454,,0.03078948477580079,0.0035045443335548045,0.10349688903813373,0.6299284942386942,0.6260579965199317,0.5207127153194973,1.0998107115112639,1.099197440108643,1.0825057241962253,0.0173049873150386,0.016691715912417804,0.0006132714026207964,0.6299284942386942,1.0998107115112636,0.0,0.0
main,dfl_linear,2214-10-01,2214-07-01,0.0019426336203662,0.004316963600813778,0.0033073928444831,0.0131640828899709,0.0810847145557497,0.003905066754668951,,0.015529007709962683,0.001757280039601028,0.0853698019728589,0.6015857176547692,0.5998061785376408,0.5834044782232026,1.0893797941595185,1.0891154015130176,1.086678540804812,0.00270125335470639,0.0024368607082054794,0.00026439264650091054,0.6015857176547692,1.0893797941595182,0.0,0.0
main,dfl_linear,2215-01-01,2214-10-01,0.0020271927619021,0.004504872804226889,0.0051507227606776,0.0204442572626937,0.0924507703321667,0.00581076554954052,,0.023041255882365164,0.002614844497293234,0.09556325805610327,0.5628159864682517,0.557697870874547,0.5469013484780212,1.083143720786154,1.082387631435273,1.080792681993216,0.002351038792937965,0.0015949494420568477,0.0007560893508811173,0.5628159864682515,1.0831437207861538,0.0,0.0
main,dfl_linear,2215-04-01,2215-01-01,0.0020052820341915,0.004456182298203333,0.0062945136533722,0.024941325208116,0.0976615372641839,0.006342713255435228,,0.025130492004350358,0.002854220964945853,0.09786369732814837,0.5468460555966955,0.5397891608128816,0.5391109725756105,1.0809043316326794,1.0798602839522702,1.0797599479152888,0.0011443837173905624,0.00010033603698134108,0.0010440476804092214,0.5468460555966955,1.0809043316326794,0.0,0.0
main,dfl_linear,2215-07-01,2215-04-01,0.0018148958042012,0.004033101787113778,0.0053963990499954,0.0214114972124969,0.0936482719342758,0.006704685278236866,,0.026550227841742546,0.00301710837520659,0.09934734582162899,0.5597124537070621,0.5535088955984048,0.5341716189345812,1.083873494186926,1.082943884738436,1.0800461736817324,0.003827320505193521,0.002897711056703667,0.0009296094484898543,0.5597124537070621,1.0838734941869237,0.0,0.0
main,dfl_linear,2215-10-01,2215-07-01,0.0012205673169835,0.002712371815518889,0.0028564947280333,0.0113771147037522,0.0772615729770977,0.008151254616677761,,0.032208522714761045,0.0036680645775049926,0.1048150537781132,0.6184974987851294,0.6150471719163809,0.5165477460083088,1.09635840146937,1.095820860117509,1.0804752083650035,0.015883193104366367,0.015345651752505463,0.000537541351860904,0.6184974987851294,1.0963584014693697,0.0,0.0
main,dfl_linear,2216-01-01,2215-10-01,0.0006962687137895,0.0015472638084211112,0.0021432398897936,0.008545438054418,0.0696825541056605,0.006044668145477772,,0.023960326609603788,0.0027201006654649974,0.09659434895430254,0.651131423833555,0.6471995529201239,0.5433897763050628,1.1048564548142321,1.104223276887812,1.0875060294129077,0.017350425401324365,0.016717247474904218,0.0006331779264201476,0.651131423833555,1.1048564548142317,0.0,0.0
main,dfl_linear,2216-04-01,2216-01-01,0.0007153667080848,0.001589703795744,0.0015509882971088,0.0061895347184729,0.0611741543964515,0.004535190761089325,,0.018017728008282052,0.0020408358424901965,0.08919632769285947,0.689229633561025,0.686920557672444,0.5693089610181281,1.1108600590975017,1.1104886527083908,1.0915712586777784,0.019288800419723362,0.018917394030612433,0.0003714063891109287,0.689229633561025,1.110860059097501,0.0,0.0
main,dfl_linear,2216-07-01,2216-04-01,0.000942663751676,0.0020948083370577776,0.0019972901426236,0.0079652574172011,0.0678167564880296,0.004785705357789993,,0.019005841479559638,0.002153567411005497,0.09056958569297094,0.6580704145287295,0.6555563566691461,0.5643685197011101,1.1043524383825603,1.1039537757742883,1.0894938138486938,0.014858624533866438,0.014459961925594511,0.0003986626082719269,0.6580704145287289,1.1043524383825598,0.0,0.0
main,dfl_linear,2216-10-01,2216-07-01,0.0006092569647559,0.0013539043661242223,0.0015878245547006,0.0063361871043569,0.0617852760384086,0.004383791238069534,,0.01742019581348242,0.0019727060571312904,0.08832919179247954,0.6868389711726548,0.6839231466647702,0.5724600905918982,1.1112043328884789,1.1107322392350485,1.0926855422470598,0.018518790641419036,0.018046696987988664,0.00047209365343037213,0.6868389711726545,1.1112043328884786,0.0,0.0
main,dfl_linear,2217-01-01,2216-10-01,0.000602541698528,0.0013389815522844445,0.001557203671926,0.0062142804863174,0.0612781748032886,0.003126144176349044,,0.012446062149865877,0.0014067648793570698,0.07961926293377376,0.6892714750310763,0.686408673408152,0.6055771359876263,1.1116444597520996,1.1111807586529725,1.098088104084844,0.013556355667255549,0.01309265456812847,0.00046370109912707846,0.6892714750310763,1.1116444597520996,0.0,0.0
main,dfl_linear,2217-04-01,2217-01-01,0.0006486255425928,0.0014413900946506667,0.0012759276765435,0.0050939510637063,0.0561606772825158,0.0030741975642740726,,0.012240202236956432,0.0013833889039233328,0.07918240953651358,0.714238242893465,0.7124480679083203,0.6073142793262842,1.1153592931277292,1.115070155262435,1.098089603387292,0.01726968974043719,0.016980551875142913,0.00028913786529427554,0.714238242893465,1.1153592931277283,0.0,0.0
main,dfl_linear,2217-07-01,2217-04-01,0.0005660297426159,0.0012578438724797777,0.0012458441913712,0.0049740717314179,0.0555580419939949,0.0028517083264887333,,0.011358132560655876,0.00128326874691993,0.07721760689394726,0.7177510491836133,0.7156346741222647,0.6152260139808523,1.1165194918465302,1.1161759201485355,1.0998756081253414,0.016643883721188857,0.016300312023194152,0.00034357169799470455,0.7177510491836133,1.1165194918465295,0.0,0.0
main,dfl_linear,2217-10-01,2217-07-01,0.0003909331801335,0.0008687404002966667,0.00121193717164,0.0048389430544878,0.0548643039827705,0.0035736234858632088,,0.014218051623353878,0.001608130568638444,0.08308792263950779,0.7222550863121734,0.7193359658544932,0.5920534774708095,1.118515319722849,1.1180363192963956,1.0971504507275283,0.02136486899532075,0.020885868568867316,0.0004790004264534353,0.7222550863121734,1.1185153197228486,0.0,0.0
main,dfl_linear,2218-01-01,2217-10-01,0.0006541046760013,0.0014535659466695557,0.0013308853870124,0.0053129234387866,0.057231721967073,0.0029938193038105965,,0.011921606744623725,0.0013472186867147685,0.07849063610356251,0.7087884105512792,0.706849101625413,0.6100812646490985,1.1144402348362437,1.1141271160470645,1.098503082381571,0.015937152454672754,0.015624033665493586,0.0003131187891791676,0.7087884105512792,1.1144402348362437,0.0,0.0
main,dfl_linear,2218-04-01,2218-01-01,0.0006247353428838,0.001388300761964,0.0015047665052645,0.0060054937116238,0.0603887307992763,0.003388942452147603,,0.013487015778103073,0.0015250241034664215,0.0817161787252178,0.6934165132386844,0.6908081467181457,0.597345679534925,1.1121619561925045,1.111740046004579,1.0966222445826233,0.015539711609881213,0.015117801421955734,0.0004219101879254783,0.6934165132386844,1.1121619561925038,0.0,0.0
main,dfl_linear,2218-07-01,2218-04-01,0.0006217146583288,0.0013815881296195555,0.0015634028969375,0.0062389614953235,0.0613815556609446,0.003979197703301907,,0.015822038503014224,0.001790638966485858,0.08585205744669944,0.6886897143849843,0.6859006302014296,0.5816004632982887,1.111418187111943,1.1109669611143076,1.0940929825008787,0.01732520461106435,0.016873978613428875,0.0004512259976354738,0.6886897143849843,1.1114181871119424,0.0,0.0
main,dfl_linear,2218-10-01,2218-07-01,0.0004963259470048,0.0011029465488995556,0.0014848548137814,0.0059262035825515,0.060043783105449,0.0030459316913038492,,0.012128173516891327,0.0013706692610867322,0.07894136917477314,0.6957000419748632,0.6925282409242418,0.6082761424923782,1.1134246672301324,1.1129075471252297,1.09917135961409,0.014253307616042488,0.013736187511139697,0.0005171201049027907,0.6957000419748632,1.1134246672301324,0.0,0.0
main,dfl_linear,2219-01-01,2218-10-01,0.000598133052882,0.00132918456196,0.0013581664724706,0.0054216082106612,0.0577496370073286,0.004723811522126198,,0.018761780854783527,0.0021257151849567893,0.0902370041903002,0.70647527137212,0.7041707732892694,0.5655594643787946,1.1144621834820017,1.1140888117688192,1.0916311919254855,0.022830991556516134,0.02245761984333372,0.00037337171318241325,0.70647527137212,1.1144621834820017,0.0,0.0
main,dfl_linear,2219-04-01,2219-01-01,0.000608870284026,0.0013530450756133333,0.0015190825804566,0.006062498666996,0.0606342593283778,0.0026098471134901047,,0.0103985917016588,0.0011744312010705472,0.07488804717349697,0.692313985821967,0.6895885651115784,0.624824525498459,1.1120934554862645,1.1116521790837397,1.1011661494206746,0.010927306065589892,0.01048602966306511,0.00044127640252478173,0.6923139858219632,1.1120934554862638,0.0,0.0
main,dfl_linear,2219-07-01,2219-04-01,0.0006467524582317,0.0014372276849593333,0.0020148332521361,0.0080350083911509,0.0680479869168331,0.0036390803288668394,,0.0144770564742428,0.0016375861479900778,0.08355597169741448,0.6583506467677033,0.6545104942835975,0.5902639403700363,1.1063450096652196,1.1057247003284805,1.0953467954377676,0.010998214227452063,0.010377904890712886,0.0006203093367391777,0.6583506467677033,1.1063450096652194,0.0,0.0
main,dfl_linear,2219-10-01,2219-07-01,0.0008770953453911,0.0019491007675357776,0.0017985154109658,0.0071746769576264,0.065050452477862,0.00492502935230732,,0.019555059180509482,0.002216263208538294,0.09130322545362307,0.6705669041329402,0.6683007165878113,0.5617538295037576,1.1067737287904507,1.1064128859083449,1.0894475266654975,0.01732620212495317,0.016965359242847367,0.0003608428821058052,0.6705669041329371,1.1067737287904498,0.0,0.0
main,dfl_linear,2220-01-01,2219-10-01,0.0008771618372608,0.0019492485272462222,0.0017235151695302,0.0068762581208977,0.0639306896682555,0.003932516556233168,,0.015637521127528142,0.0017696324503049254,0.0855494908732389,0.6756398243878163,0.6735853849168901,0.5827313455394003,1.1075810358002873,1.10725391072818,1.0927873690737913,0.014793666726496069,0.014466541654388765,0.0003271250721073038,0.6756398243878161,1.1075810358002869,0.0,0.0
main,dfl_linear,2220-04-01,2220-01-01,0.0008988690613207,0.001997486802934889,0.0014513306731883,0.0057926967520828,0.0594537334139557,0.0038023621309548616,,0.015122920465701961,0.0017110629589296878,0.0846854436705175,0.6966087480631307,0.6954887708686203,0.5859786320029291,1.110768669159813,1.1105905801196303,1.0931772295474675,0.01759143961234555,0.017413350572162756,0.00017808904018279392,0.6966087480631027,1.1107686691598084,0.0,0.0
main,dfl_linear,2220-07-01,2220-04-01,0.0004190414722352,0.0009312032716337778,0.0011868486783562,0.0047389497399557,0.0543407467263384,0.0031434365082532167,,0.012514583020498682,0.0014145464287139476,0.07976296167933508,0.7248488934948812,0.7221529813745807,0.6050074256456923,1.1187371966323585,1.118295580385987,1.0991060154849184,0.019631181147440113,0.019189564901068712,0.0004416162463714013,0.7248488934948812,1.1187371966323585,0.0,0.0
main,dfl_linear,2220-10-01,2220-07-01,0.000590574761471,0.0013123883588244446,0.0012076138695021,0.0048217125327388,0.0547747143308381,0.002432179171591997,,0.009693281228418504,0.0010944806272163987,0.07302781786354963,0.7216814479302172,0.7198165545308439,0.6326682235987389,1.1169804147625821,1.1166781262612322,1.102551882712167,0.014428532050415166,0.01412624354906522,0.00030228850134994545,0.7216814479302172,1.1169804147625817,0.0,0.0
main,dfl_linear,2221-01-01,2220-10-01,0.0005869235316211,0.0013042745147135556,0.0011752114466451,0.0046925655454482,0.0540948538543001,0.002545609837397933,,0.01014362451445916,0.00114552442682907,0.07423109733373805,0.7252589910376581,0.7234831250820694,0.627575956495898,1.1175867948107288,1.1172988723053732,1.1017493697238403,0.015837425086888457,0.01554950258153287,0.0002879225053555867,0.7252589910376581,1.1175867948107283,0.0,0.0
main,dfl_linear,2221-04-01,2221-01-01,0.0009066513864808,0.0020147808588462223,0.0013188853706886,0.005265113904589,0.0570010650901793,0.0025398593861609697,,0.010120797726191566,0.0011429367237724365,0.07417144680918987,0.708678457554341,0.7080479851474533,0.6278267812837381,1.112632737808022,1.1125325346304826,1.0997826990384612,0.012850038769560923,0.012749835592021475,0.00010020317753944852,0.708678457554341,1.1126327378080214,0.0,0.0
main,dfl_linear,2221-07-01,2221-04-01,0.000557572942023,0.0012390509822733332,0.0011471327102017,0.0045806413964558,0.0534934072762975,0.0032741306349635124,,0.013032343230271692,0.0014733587857335805,0.0808223395957875,0.7285922287046076,0.7267559898796669,0.6008331170344259,1.118341061297435,1.118042811545683,1.0975898807744862,0.020751180522948776,0.02045293077119692,0.00029824975175185564,0.7285922287046076,1.1183410612974345,0.0,0.0
main,dfl_linear,2221-10-01,2221-07-01,0.0006207404565636,0.001379423236808,0.0011109975316415,0.0044365897172368,0.0527019047562678,0.002687479369342327,,0.010706659794806894,0.0012093657162040472,0.07565975687756267,0.732479210533999,0.7311055000779515,0.6216178471572231,1.1185097125740096,1.1182874563939502,1.1005731648598889,0.017936547714120676,0.017714291534061344,0.00022225618005933256,0.732479210533999,1.1185097125740096,0.0,0.0
main,dfl_linear,2222-01-01,2221-10-01,0.0005010635777687,0.0011134746172637778,0.0010661392338202,0.0042577418641145,0.0516906744735463,0.0027817832306027412,,0.011080789060169405,0.0012518024537712337,0.07656622129687887,0.7385974990312572,0.7367339823907736,0.617885569881508,1.120383536783295,1.1200798033908448,1.1007087761971286,0.019674760586166462,0.019371027193716195,0.0003037333924502672,0.7385974990312572,1.120383536783295,0.0,0.0
main,dfl_linear,2222-04-01,2222-01-01,0.000511101674125,0.0011357814980555556,0.0010780227846161,0.0043051233495928,0.0519617448688023,0.0023004035465419292,,0.009169911712923917,0.0010351815959438683,0.07155516970197161,0.7370671517170444,0.7352172525638034,0.6389958634047302,1.1200601189366122,1.1197587907444095,1.1040853864965436,0.01597473244006853,0.015673404247865896,0.0003013281922026323,0.7370671517170444,1.1200601189366122,0.0,0.0
main,dfl_linear,2222-07-01,2222-04-01,0.0004569914199121,0.0010155364886935555,0.001065858200332,0.0042566213213067,0.0516842356381367,0.0019382215104997158,,0.007730374937430784,0.0008721996797248721,0.06702339868757588,0.7388731542705237,0.736770080411751,0.6591671610320453,1.1207541029983978,1.1204103974572128,1.107727745684589,0.013026357313808745,0.012682651772623732,0.0003437055411850132,0.7388731542705237,1.1207541029983976,0.0,0.0
main,dfl_linear,2222-10-01,2222-07-01,0.0002867297372643,0.0006371771939206667,0.0010415866400699,0.0041598416628112,0.0511231300183566,0.002045002765953541,,0.008154953037551538,0.0009202512446790934,0.06844107415634507,0.7428876324213962,0.7399287275739388,0.652739225952653,1.122675041047244,1.1221864305359053,1.1077885924924507,0.014886448554793263,0.014397838043454625,0.0004886105113386385,0.7428876324213962,1.1226750410472368,0.0,0.0
main,dfl_linear,2223-01-01,2222-10-01,0.0005954936943979,0.001323319320884222,0.0010271431440087,0.0041022467713309,0.050784442162465,0.001691811135970056,,0.006750090555545096,0.0007613150111865253,0.06344365322924655,0.7430528021493581,0.7418476610577593,0.6759073689221871,1.1204080381782457,1.1202127510140658,1.109527452217025,0.010880585961220657,0.010685298797040721,0.00019528716417993586,0.7430528021493519,1.1204080381782442,0.0,0.0
main,dfl_linear,2223-04-01,2223-01-01,0.0004539737111682,0.0010088304692626665,0.0010280573681695,0.0041058924060711,0.0508059875928305,0.0016368157230317593,,0.006531205431884346,0.0007365670753642917,0.0625785406078775,0.7437158114456408,0.7417253163136885,0.6800675843070725,1.1215679820531033,1.121242615195556,1.1111640261126574,0.010403955940445853,0.010078589082898493,0.00032536685754736006,0.7437158114456408,1.1215679820531028,0.0,0.0
main,dfl_linear,2223-07-01,2223-04-01,0.0005151172781011,0.001144705062446889,0.0010241349763832,0.0040902510863994,0.0507134454856107,0.0016246314626187086,,0.0064827064315593486,0.0007310841581784189,0.062383285242711854,0.743889516138829,0.7422511088065433,0.6810129414313009,1.1211415352837095,1.1208747225711393,1.1109021588330414,0.01023937645066808,0.00997256373809785,0.0002668127125702302,0.743889516138829,1.121141535283709,0.0,0.0
main,dfl_linear,2223-10-01,2223-07-01,0.0004769407188794,0.0010598682641764444,0.0010200872959076,0.004074109959922,0.0506176635610988,0.0016903734067454934,,0.00674436876532869,0.0007606680330354721,0.06342136761501069,0.7446315367814476,0.7427960515340511,0.6760139621003066,1.121546647174755,1.121247039829726,1.1103461597822852,0.011200487392469816,0.01090088004744083,0.0002996073450289849,0.7446315367814476,1.1215466471747548,0.0,0.0
main,dfl_linear,2224-01-01,2223-10-01,0.000423053521632,0.00094011893696,0.001026614304358,0.0041001379226891,0.0507719723647763,0.0017032744362950325,,0.006795710639707742,0.0007664734963327646,0.0636207185626674,0.7440751539951405,0.7419184943734948,0.675061534150923,1.1218567897286185,1.1215035947366605,1.1105544661439466,0.01130232358467187,0.010949128592713908,0.00035319499195796134,0.7440751539951405,1.1218567897286178,0.0,0.0
main,dfl_linear,2224-04-01,2224-01-01,0.0003421337111742,0.0007602971359426666,0.0010136232581474,0.0040483326045938,0.0504641006348719,0.0018555844435468316,,0.007401704157115052,0.0008350129995960742,0.0658734547409964,0.7462339337689755,0.7436713074287534,0.6644635731844698,1.1228141830215428,1.1223924294049863,1.1093565264126541,0.013457656608888646,0.013035902992332149,0.00042175361655649724,0.7462339337689755,1.1228141830215423,0.0,0.0
main,dfl_linear,2224-07-01,2224-04-01,0.0004256040940893,0.0009457868757539999,0.0010197567762972,0.004072791922607,0.0506098295600127,0.0013767816126346588,,0.005495763720202551,0.0006195517256855964,0.05809798714075527,0.7449597836639087,0.7428406554988616,0.7023798305712172,1.1219826643169442,1.1216356698814456,1.115010454220996,0.0069722100959481725,0.0066252156604496015,0.000346994435498571,0.7449597836639087,1.1219826643169442,0.0,0.0
main,dfl_linear,2224-10-01,2224-07-01,0.0004212448241374,0.0009360996091942222,0.0010401214160271,0.0041539990486098,0.0510889363477005,0.0018409420736134052,,0.0073434588329668316,0.0008284239331260324,0.06566460645227908,0.7423343872942599,0.7401220352458511,0.6654335836769548,1.1215851318811665,1.1212227761555291,1.1089897375284172,0.012595394352749256,0.012233038627111892,0.0003623557256373644,0.7423343872942596,1.1215851318811665,0.0,0.0
main,dfl_linear,2225-01-01,2224-10-01,0.0003733564392635,0.0008296809761411112,0.0010430210434215,0.0041655613539014,0.0511565686832509,0.0019953695591539145,,0.007957621000950765,0.0008979163016192615,0.06779132160159461,0.742225603270023,0.7397397726816014,0.6556715789998415,1.1219227542656929,1.1215144157354084,1.1077048332113568,0.014217921054336058,0.013809582524051622,0.00040833853028443556,0.742225603270023,1.1219227542656922,0.0,0.0
main,dfl_linear,2225-04-01,2225-01-01,0.000435259268703,0.00096724281934,0.0010579038033582,0.0042249049852939,0.0515014431178537,0.0015088545624166727,,0.006021772132427605,0.0006789845530875028,0.06045905325831829,0.7399914112016258,0.7377962901274483,0.6904584445016926,1.121097675877012,1.120738450004484,1.1129917343000482,0.00810594157696376,0.007746715704435747,0.00035922587252801286,0.7399914112016251,1.1210976758770113,0.0,0.0
main,dfl_linear,2225-07-01,2225-04-01,0.0005095818878994,0.001132404195332,0.0010616043100006,0.0042396600021945,0.0515866127224329,0.0018562019104138017,,0.007404160298657758,0.0008352908596862108,0.06588222736931117,0.7391190765526453,0.7373178092286761,0.6644228831139859,1.1204055879167227,1.120112153938331,1.1082372656917419,0.012168322224980876,0.01187488824658911,0.0002934339783917661,0.7391190765526453,1.120405587916722,0.0,0.0
main,dfl_linear,2225-10-01,2225-07-01,0.0004505553536208,0.0010012341191573332,0.0010517276683436,0.0042002785390158,0.0513587816276361,0.0019522299990057945,,0.007786082531055061,0.0008785034995526076,0.06721364785474082,0.7406895019681047,0.7385990707286764,0.6582980976735704,1.121098620125817,1.1207568462274555,1.1076280830873078,0.013470537038509312,0.01312876314014777,0.0003417738983615415,0.7406895019681037,1.1210986201258162,0.0,0.0
main,dfl_linear,2226-01-01,2225-10-01,0.0004415355411518,0.0009811900914484446,0.001071828867022,0.0042804274893888,0.0518207491984562,0.0020626611076295376,,0.008225152090298504,0.0009281974984332919,0.06866851716236688,0.7382128388917567,0.7360054320048023,0.6517181794305797,1.1207602848807623,1.1203991870096972,1.106611086754004,0.0141491981267583,0.013788100255693214,0.00036109787106508584,0.7382128388917567,1.1207602848807618,0.0,0.0
main,dfl_linear,2226-04-01,2226-01-01,0.0006940521710279,0.0015423381578397776,0.0010699877057625,0.0042730864795998,0.0517787158290627,0.0020755878649652004,,0.0082765388184598,0.0009340145392343402,0.06883380424213201,0.7370675808354181,0.7362407175230579,0.6509779125538191,1.1187117200336192,1.1185785458599136,1.1048461629740498,0.013865557059569378,0.013732382885863759,0.00013317417370561913,0.7370675808354181,1.1187117200336192,0.0,0.0
main,dfl_linear,2226-07-01,2226-04-01,0.0003712750235841,0.0008250556079646667,0.0010748084662606,0.004292307550805,0.0518886543073696,0.0019121833611279726,,0.007626822727077598,0.0008604825125075877,0.06666622276795896,0.7382256787571152,0.7356256441448947,0.6608042270049916,1.121281066468286,1.1208539139325524,1.108561709087181,0.012719357381104857,0.012292204845371302,0.00042715253573355483,0.7382256787571152,1.1212810664682855,0.0,0.0
main,dfl_linear,2226-10-01,2226-07-01,0.0004446337334249,0.0009880749631664444,0.0010963065806425,0.0043780202629644,0.0523743010576034,0.002498326823115349,,0.009955919806608482,0.001124247070401907,0.0737364067838093,0.7351917531175164,0.7329200778507963,0.6296611487010959,1.1202433039840243,1.1198717631737645,1.1029833871083883,0.017259916875635994,0.016888376065376187,0.00037154081025980723,0.735191753117516,1.1202433039840238,0.0,0.0
main,dfl_linear,2227-01-01,2226-10-01,0.0003701943522752,0.0008226541161671111,0.0010577140996958,0.0042241485761409,0.0514970707646195,0.0026793237775564194,,0.010674299340320936,0.0012056956999003888,0.07557979367651593,0.7403718354098441,0.7378208689244432,0.6219488582498858,1.1216416536283302,1.12122253479264,1.1021849886386996,0.019456664989630612,0.019037546153940266,0.00041911883569034636,0.7403718354098441,1.12164165362833,0.0,0.0
main,dfl_linear,2227-04-01,2227-01-01,0.0004093925013116,0.0009097611140257778,0.0010267092386671,0.0041005164915403,0.0507742112335758,0.0022488441318273544,,0.008965078194474674,0.0010119798593223096,0.07095543101198162,0.7441383867130599,0.7419057757979675,0.6416037248965818,1.1219688022132097,1.121602863721144,1.1051627482447632,0.016806053968446477,0.01644011547638069,0.0003659384920657871,0.7441383867130599,1.1219688022132095,0.0,0.0
main,dfl_linear,2227-07-01,2227-04-01,0.000631604778449,0.0014035661743311112,0.0010759380559778,0.0042968113485767,0.0519143594499489,0.00189589848741889,,0.007562054609013824,0.0008531543193385005,0.06644045094047386,0.7366701478082164,0.7354819643638275,0.6618427294229623,1.1191077409768164,1.1189156307815702,1.1070093482382048,0.012098392738611574,0.011906282543365343,0.00019211019524623119,0.7366701478082164,1.119107740976816,0.0,0.0
main,dfl_linear,2227-10-01,2227-07-01,0.000554571471969,0.00123238104882,0.0010992790114847,0.0043898708719463,0.0524408620645285,0.002105685183778405,,0.008396174600570072,0.0009475583327002824,0.06921473594221358,0.7342390047157711,0.7325507129482864,0.6492774056438819,1.1192802727360267,1.119006002503595,1.1054778968825307,0.013802375853495974,0.013528105621064324,0.0002742702324316504,0.7342390047157711,1.1192802727360265,0.0,0.0
main,dfl_linear,2228-01-01,2227-10-01,0.0004756766329368,0.001057059184304,0.0011196241744391,0.0044709809604898,0.0528926919273099,0.0018427830655127764,,0.007350782185215343,0.0008292523794807494,0.06569095161458043,0.7322339738151316,0.7300526214248708,0.6653110832375009,1.119532241689079,1.1191761506711173,1.1086075326246005,0.0109247090644784,0.010568618046516765,0.000356091017961635,0.7322339738151314,1.1195322416890787,0.0,0.0
main,dfl_linear,2228-04-01,2228-01-01,0.0006386639755741,0.0014192532790535557,0.0010937447310181,0.0043678064911109,0.0523168206505498,0.0027086716145277023,,0.010790744485820403,0.001218902226537466,0.07586635213132614,0.7344544330377264,0.7332393235731839,0.6207639740134123,1.118697648869519,1.118501270945889,1.1003237517588875,0.018373897110631532,0.0181775191870015,0.00019637792363003115,0.7344544330377258,1.1186976488695184,0.0,0.0
main,dfl_linear,2228-07-01,2228-04-01,0.0003450416016306,0.0007667591147346667,0.0011231935242322,0.0044852103811006,0.0529712928016632,0.0031398003920912743,,0.012500175205125919,0.0014129101764410734,0.07973281615669313,0.7325130609943403,0.7296196846626516,0.6051268716525753,1.120534719449241,1.1200586155775532,1.0995733749877854,0.02096134446145559,0.02048524058976775,0.0004761038716878385,0.7325130609943403,1.1205347194492408,0.0,0.0
main,dfl_linear,2228-10-01,2228-07-01,0.0006349606585151,0.0014110236855891113,0.0010948495688603,0.0043722113500995,0.0523416228840518,0.0027339463122189045,,0.010891020157495546,0.001230275840498507,0.07611052953159893,0.734340640336147,0.7331015408214725,0.6197572460752445,1.1187064534108502,1.1185061524868225,1.1001840026497667,0.018522450761083498,0.018322149837055823,0.0002003009240276743,0.7343406403361468,1.1187064534108495,0.0,0.0
main,dfl_linear,2229-01-01,2228-10-01,0.0003093782909713,0.0006875073132695555,0.0011391522685313,0.0045488289780613,0.0533203226858047,0.002273945137858391,,0.00906480259845921,0.0010232753120362759,0.07124912648358749,0.7308354685355971,0.7277029888106613,0.6403243711580987,1.1205193124316128,1.1200027470500609,1.105593469758399,0.014925842673213952,0.01440927729166197,0.0005165653815519811,0.7308354685355971,1.120519312431612,0.0,0.0
main,dfl_linear,2229-04-01,2229-01-01,0.0004648471321713,0.0010329936270473334,0.0011847940531872,0.0047307604416445,0.0542974744885152,0.0026416403707116842,,0.010524765587315521,0.0011887381668202579,0.07520696591671366,0.7248355831166802,0.7223867251447507,0.6234960270573849,1.1184030005425272,1.1180029758492962,1.1018490291446623,0.016553971397864853,0.01615394670463388,0.00040002469323097145,0.7248355831166802,1.1184030005425267,0.0,0.0
main,dfl_linear,2229-07-01,2229-04-01,0.0004457345763523,0.000990521280782889,0.0012234101672322,0.0048846675965358,0.0551007979412825,0.002757514826953411,,0.010984519793205139,0.001240881672129035,0.0763360861814022,0.720738732263126,0.7180702005686428,0.6188296568087768,1.1178715252853453,1.1174351065291153,1.1012050445947554,0.016666480690589847,0.01623006193435983,0.000436418756230017,0.720738732263126,1.117871525285345,0.0,0.0
main,dfl_linear,2229-10-01,2229-07-01,0.0007454004060997,0.0016564453468882222,0.0012978869391699,0.0051814494360179,0.0565931724280439,0.0020182349253445864,,0.00804853293478447,0.0009082057164050639,0.06809259558442865,0.7115484117440248,0.7101773151207541,0.65430905995355,1.1142362484222603,1.1140161243493487,1.1050466996821555,0.009189548740104803,0.008969424667193193,0.0002201240729116094,0.7115484117440246,1.11423624842226,0.0,0.0
main,dfl_linear,2230-01-01,2229-10-01,0.0005741739919315,0.0012759422042922222,0.0012586819008782,0.0050252298966561,0.0558166622438552,0.002394324168562889,,0.009542954816655347,0.0010774458758533,0.07261330719458194,0.7163793938529311,0.7142639072412571,0.6344385205680036,1.1162384740042324,1.1158952188273976,1.102942890475528,0.013295583528704302,0.012952328351869546,0.0003432551768347558,0.7163793938529311,1.1162384740042317,0.0,0.0
main,dfl_linear,2230-04-01,2230-01-01,0.000572391411292,0.0012719809139822222,0.0012304703900188,0.00491280466551,0.0552454327716949,0.0039677368476986885,,0.0157767393841034,0.0017854815814644098,0.08577812039407198,0.7193322164668712,0.7172981384841293,0.5818765169541815,1.1167304165407217,1.1164003343272926,1.0944246436409317,0.022305772899789966,0.02197569068636085,0.00033008221342911703,0.719332216466871,1.116730416540721,0.0,0.0
main,dfl_linear,2230-07-01,2230-04-01,0.0003897155415078,0.0008660345366839999,0.0013285270874197,0.0053035278205489,0.0571865308605788,0.002518261317163706,,0.010035059267696655,0.0011332175927236676,0.07394614425817272,0.7103471065365391,0.7070836991897942,0.6287756649738643,1.1165699808253147,1.1160344463966745,1.103183875227987,0.013386105597327669,0.012850571168687486,0.0005355344286401831,0.7103471065365391,1.1165699808253144,0.0,0.0
main,dfl_linear,2230-10-01,2230-07-01,0.0002904493092359,0.0006454429094131111,0.001179429108807,0.0047093766777503,0.0541841980439203,0.0038789582904428244,,0.015425788487016479,0.001745531230699271,0.08519765245415296,0.7263501422581362,0.7229992929423661,0.5840504367006474,1.119917144928544,1.1193639347621855,1.0964241029067225,0.023493042021821564,0.022939831855463,0.0005532101663585642,0.726350142258136,1.1199171449285437,0.0,0.0
main,dfl_linear,2231-01-01,2230-10-01,0.0003089898718189,0.0006866441595975556,0.0011953445893662,0.0047728120951658,0.0545190383888715,0.002875319682061672,,0.0114517689666509,0.0012938938569277525,0.07743373555609367,0.7244905289954051,0.7211913679284242,0.6143476653336081,1.119475806514345,1.1189317415286435,1.1013121357124094,0.018163670801935705,0.01761960581623412,0.0005440649857015867,0.7244905289954051,1.1194758065143444,0.0,0.0
main,dfl_linear,2231-04-01,2231-01-01,0.0010925642270664,0.002427920504592,0.0014154136667345,0.0056496456303722,0.0588082439015696,0.0029117297381162643,,0.011596148604738343,0.001310278382152319,0.07776334513289208,0.698808065720595,0.6987541264093041,0.613012011325499,1.1097648280991421,1.109756355616464,1.0962884679593212,0.013476360139820898,0.013467887657142796,8.4724826781013e-06,0.698808065720595,1.1097648280991417,0.0,0.0
main,dfl_linear,2231-07-01,2231-04-01,0.0005128836923003,0.001139741538445111,0.0012424677250284,0.0049606162135634,0.0554896576983889,0.004053743090480566,,0.016116641551556232,0.0018241843907162547,0.0863275828708438,0.7183776823808031,0.7159979479730235,0.5798295740670991,1.117003008657919,1.116615418547109,1.0944375171147482,0.02256549154317078,0.02217790143236087,0.00038759011080991,0.7183776823808031,1.1170030086579186,0.0,0.0
main,dfl_linear,2231-10-01,2231-07-01,0.0007985788942482,0.001774619764996,0.0013855314096202,0.0055306180902771,0.0582603375701524,0.0038821434136480093,,0.015438381234266663,0.0017469645361416041,0.0852187194164657,0.7029436273312882,0.701548024302038,0.583971330621978,1.112480969945326,1.1122576536276505,1.0934437117496847,0.019037258195641282,0.018813941877965812,0.00022331631767547044,0.7029436273312882,1.1124809699453255,0.0,0.0
main,dfl_linear,2232-01-01,2231-10-01,0.0008373791458913,0.001860842546425111,0.0019543813482906,0.0077946375997163,0.0672427482880789,0.004135251976549625,,0.01643868861666542,0.0018608633894473315,0.08683717780644032,0.661025345436019,0.6581653435624325,0.5779404717768075,1.105516969641514,1.1050604383860123,1.0922544462721788,0.013262523369335089,0.012805992113833486,0.0004565312555016021,0.661025345436019,1.1055169696415137,0.0,0.0
main,dfl_linear,2232-04-01,2232-01-01,0.0009303203150928,0.002067378477984,0.0019900980882562,0.0079366609219916,0.0677213870666995,0.004471645690500736,,0.017766966324315847,0.0020122405607253314,0.08883598719696202,0.6585372098384195,0.6559885709239116,0.5706154275018254,1.1045077458072823,1.1041032849752246,1.0905548405772034,0.01395290523007886,0.013548444398021164,0.0004044608320576959,0.6585372098384195,1.1045077458072818,0.0,0.0
main,dfl_linear,2232-07-01,2232-04-01,0.0014740979907041,0.0032757733126757777,0.0023912047987652,0.0095305666903302,0.0725788503094663,0.00517286965623498,,0.020531480100631994,0.002327791345305741,0.09256083347645773,0.6359181145024952,0.6345860576720137,0.5573110157824586,1.0974601870880145,1.0972560373634666,1.0854129401658312,0.012047246922183286,0.011843097197635322,0.00020414972454796398,0.6359181145024952,1.0974601870880143,0.0,0.0
main,dfl_linear,2232-10-01,2232-07-01,0.0013562650384028,0.0030139223075617777,0.0024445734336483,0.009742496497736,0.073162092179874,0.00720165204256773,,0.028496916747503098,0.0032407434191554785,0.10129817114319614,0.634041596691539,0.6320965438963452,0.5277786775951738,1.0979197037393202,1.0976193149407671,1.0815087401516212,0.016410963587699,0.016110574789145904,0.0003003887985530973,0.634041596691539,1.09791970373932,0.0,0.0
main,dfl_linear,2233-01-01,2232-10-01,0.0009423875745022,0.002094194610004889,0.0025898141112366,0.0103190830581301,0.0746849999079991,0.005807653535157442,,0.023029023507146418,0.002613444090820849,0.0955493136633458,0.6296143264743711,0.6256727879679956,0.5469490590872708,1.0998417996677141,1.0992167657677707,1.0867330619549664,0.013108737712747676,0.012483703812804281,0.0006250338999433946,0.6296143264743711,1.0998417996677137,0.0,0.0
main,dfl_linear,2233-04-01,2233-01-01,0.0008030391447563,0.0017845314327917777,0.0018478286409482,0.0073708529654433,0.0657630274312058,0.00413445895537734,,0.01643555571783606,0.0018605065299198032,0.08683227038575764,0.6677079895802712,0.6649761491142785,0.5779586214386392,1.1068129857204907,1.106375974270518,1.0924558144310452,0.01435717128944547,0.013920159839472701,0.0004370114499727684,0.6677079895802712,1.1068129857204907,0.0,0.0
main,dfl_linear,2233-07-01,2233-04-01,0.0010633558884665,0.002363013085481111,0.0021762424354586,0.0086765947595846,0.0700869745502453,0.0027690227143466473,,0.011030170803621231,0.0012460602214559914,0.0764454804219003,0.6478768008059187,0.6454125511941222,0.6183805946909358,1.1019540664240162,1.1015662762325873,1.097312353441297,0.004641712982719204,0.004253922791290332,0.0003877901914288717,0.6478768008059187,1.1019540664240155,0.0,0.0
main,dfl_linear,2233-10-01,2233-07-01,0.0009712924165386,0.002158427592308,0.0023618722706369,0.009414071109949,0.072252567253669,0.004078775178641081,,0.01621555342070191,0.0018354488303884864,0.08648521250644287,0.639288661128233,0.6359859992850837,0.579244277737988,1.1011911327842134,1.1006683640985906,1.0916868829170792,0.009504249867134273,0.00898148118151143,0.0005227686856228431,0.6392886611282329,1.1011911327842132,0.0,0.0
main,dfl_linear,2234-01-01,2233-10-01,0.0019113700381968,0.004247488973770666,0.0035808197271759,0.0142465287817302,0.0831398259460591,0.003588335821405053,,0.014276271011879893,0.001614751119632274,0.08319391721628455,0.5943494148379015,0.5918546298085587,0.5916475052017252,1.0884904850553578,1.088119045743996,1.0880882077277252,0.00040227732763264967,3.083801627079552e-05,0.00037143931136185415,0.5943494148379015,1.0884904850553574,0.0,0.0
main,dfl_linear,2234-04-01,2234-01-01,0.0016603417855045,0.003689648412232222,0.0044178175518515,0.0175545120471183,0.0885266860741009,0.005696249660104513,,0.022591053337231215,0.002563312347047031,0.09504598977414394,0.5767444115950073,0.5717402302545186,0.5486751459387598,1.0873171326866873,1.0865595167353037,1.0830675418030127,0.004249590883674603,0.003491974932291031,0.0007576159513835723,0.5767444115950073,1.087317132686687,0.0,0.0
main,dfl_linear,2234-07-01,2234-04-01,0.0020982021495853,0.004662671443522889,0.0045634655132694,0.0181292904550907,0.0893550383779308,0.006948873400688171,,0.027507112378496013,0.0031269930303096773,0.10031718905100175,0.5725630892431495,0.5687348764153882,0.5309789202097337,1.0841770679466174,1.0836142518353962,1.07806344747755,0.006113620469067493,0.005550804357846273,0.0005628161112212204,0.5725630892431495,1.0841770679466172,0.0,0.0
main,dfl_linear,2234-10-01,2234-07-01,0.0013373918681627,0.0029719819292504442,0.0039323982556169,0.0156370534856845,0.085548719306851,0.008091475814580917,,0.031975186146394274,0.003641164116561413,0.10460026448753709,0.5879374774589966,0.582734234597973,0.5172227625692729,1.090910468199694,1.0901059111459457,1.0799761289447498,0.010934339254944136,0.01012978220119587,0.0008045570537482671,0.5879374774589966,1.0909104681996935,0.0,0.0
main,dfl_linear,2235-01-01,2234-10-01,0.0018962912397078,0.004213980532684,0.0028869802338753,0.0114980091847456,0.0775397763515031,0.008925452828407288,,0.03522666685684839,0.00401645377278328,0.10753410253510796,0.614869754498883,0.6139174548838628,0.5081255318604876,1.0916383974656372,1.091496469504489,1.0757295494051728,0.01590884806046433,0.01576692009931624,0.0001419279611480917,0.614869754498883,1.091638397465637,0.0,0.0
main,dfl_linear,2235-04-01,2235-01-01,0.001548720621023,0.0034416013800511107,0.0039044860109275,0.0155267118409714,0.0853659859944503,0.0066079264506697655,,0.0261708698765013,0.0029735669028013944,0.09895642622138634,0.5878386461710859,0.5834187860682951,0.5354665931157301,1.0896529142251483,1.0889788290127116,1.08166550609717,0.007987408127978268,0.0073133229155415425,0.0006740852124367258,0.5878386461710859,1.0896529142251483,0.0,0.0
main,dfl_linear,2235-07-01,2235-04-01,0.0031747688156329,0.007055041812517555,0.0068282288112744,0.0270344382757565,0.0998409127646751,0.0063453796319663525,,0.025140955808114596,0.0028554208343848585,0.09787484730238266,0.5370116941386089,0.5325432370546532,0.5390736032693182,1.0731690848134718,1.0725602472054083,1.0350541792244792,0.038114905588992665,0.03750606798092915,0.0006088376080635172,0.5370116941386089,1.0731690848134716,0.003839584547486341,0.0
main,dfl_linear,2235-10-01,2235-07-01,0.0025000093938592,0.005555576430798222,0.0044358884729418,0.0176258400071129,0.0886309461933236,0.013235632330179214,,0.051900681429140616,0.005956034548580647,0.12139729518659155,0.5736215819132172,0.5713607263595526,0.4686234512633178,1.0820278323283863,1.0817045301965935,1.0670131095088273,0.015014722819558957,0.014691420687766188,0.0003233021317927687,0.5736215819132172,1.0820278323283865,0.0,0.0
main,dfl_linear,2236-01-01,2235-10-01,0.0027941671640245,0.006209260364498889,0.0053937401640319,0.0214010328801119,0.0936355770672354,0.010792210698127747,,0.042475026309642616,0.0048564948141574865,0.1137425346456195,0.5567006734150126,0.5535530708779809,0.48974179247138105,1.0779705657152565,1.077529717765579,1.0685924167814518,0.00937814893380473,0.00893730098412715,0.0004408479496775808,0.5567006734150126,1.0779705657152563,0.0,0.0
main,dfl_linear,2236-04-01,2236-01-01,0.0023071283464235,0.005126951880941111,0.0054438824682086,0.0215983591930591,0.0938740527049178,0.01004813238978386,,0.039590787615396694,0.004521659575402737,0.1113149924393966,0.5574720766783554,0.552724033788261,0.4967913083038759,1.0807937125775215,1.0801055848154033,1.0719993266986043,0.008794385878917232,0.008106258116798992,0.0006881277621182402,0.5574720766783554,1.0807937125775215,0.0,0.0
main,dfl_linear,2236-07-01,2236-04-01,0.002545326382947,0.005656280850993334,0.0066165632387667,0.0262047362476008,0.0989914810625611,0.006701704114675522,,0.02653854138350109,0.003015766851603985,0.09933535982328122,0.5413106397508675,0.5353502825620841,0.5342112548533362,1.0771620649508677,1.0763124354871958,1.0761500708049063,0.0010119941459614257,0.0001623646822894731,0.0008496294636719526,0.5413106397508675,1.0771620649508673,0.0,0.0
main,dfl_linear,2236-10-01,2236-07-01,0.0039968534345395,0.008881896521198888,0.0085824584470825,0.0338904054920213,0.1063429008792932,0.0077736289240419865,,0.030733815224598726,0.003498133015818894,0.10344456698867974,0.5166897108238853,0.5117872220178347,0.5208791390580592,1.066152540965436,1.065524868138242,0.985606859552767,0.08054568141266905,0.07991800858547515,0.0006276728271938925,0.5166897108238853,1.0661525409654358,0.008108206004974527,0.0
main,dfl_linear,2237-01-01,2236-10-01,0.0040025102371846,0.008894467193743556,0.0089654769850085,0.0353825053858968,0.1076718563301825,0.0200971607118845,,0.0779975731443242,0.009043722320348025,0.140689914587468,0.5131511163784084,0.5077049040523227,0.4217643451784271,1.0656704615862997,1.0649734831214075,1.0539752488974146,0.011695212688885182,0.010998234223992931,0.0006969784648922506,0.5131511163784084,1.0656704615862995,0.0,0.0
main,dfl_linear,2237-04-01,2237-01-01,0.0036508313857841,0.008112958635075778,0.0077705679877518,0.0307218547451958,0.1034333193585175,0.025949666276574135,,0.09982779706227507,0.011677349824458361,0.1543711126876129,0.5255298396897713,0.5209149244633692,0.3926395185824949,1.0691028047388265,1.0684959817543034,1.0516288323444578,0.017473972394368653,0.016867149409845572,0.000606822984523081,0.5255298396897713,1.069102804738826,0.0,0.0
main,dfl_linear,2237-07-01,2237-04-01,0.0030563894426934,0.006791976539318666,0.0064542398014159,0.0255680896643829,0.0983271527518646,0.017538422718644142,,0.06832959764410529,0.007892290223389864,0.13388610432443998,0.5417601090533632,0.5375608775368586,0.43738192803892306,1.0744573995431337,1.0738802735171056,1.0601120688377086,0.014345330705425097,0.01376820467939699,0.0005771260260281075,0.5417601090533632,1.0744573995431337,0.0,0.0
main,dfl_linear,2237-10-01,2237-07-01,0.0011748860017421,0.0026108577816491107,0.0041251870255488,0.0163989256006394,0.0867748205635254,0.012342864647507668,,0.04846487909381536,0.00555428909137845,0.11865046788332466,0.584283790366297,0.5781711562615921,0.4760138482893351,1.0912950083180761,1.0903399022709193,1.074377706442703,0.016917301875373214,0.01596219582821634,0.0009551060471568729,0.584283790366297,1.0912950083180757,0.0,0.0
main,dfl_linear,2238-01-01,2237-10-01,0.0016523505457276,0.0036718901016168887,0.0044768665948823,0.0177875708782152,0.0888657866419535,0.007322837598621845,,0.028971174533908073,0.0032952769193798303,0.10176094025562211,0.5756451310240853,0.570507224429136,0.5262791877351236,1.0871967065481154,1.086418434467824,1.0797189265089087,0.007477780039206738,0.006699507958915385,0.0007782720802913534,0.5756451310240853,1.087196706548115,0.0,0.0
main,dfl_linear,2238-04-01,2238-01-01,0.0012329252996414,0.002739833999203111,0.0040262632576616,0.016008049068663,0.086153363374521,0.005559077486395836,,0.022051576111870475,0.0025015848688781264,0.09441468895283796,0.5862135780147337,0.5804774693824717,0.5508510026424658,1.0912563055931985,1.0903633612775203,1.085751387069027,0.005504918524171565,0.004611974208493352,0.0008929443156782124,0.5862135780147337,1.0912563055931983,0.0,0.0
main,dfl_linear,2238-07-01,2238-04-01,0.0024982467559262,0.005551659457613778,0.0053922251171943,0.0213950702123992,0.0936283409773362,0.006610233802348375,,0.02617991749630566,0.002974605211056769,0.09896579439477046,0.5576417849151017,0.5535782593590183,0.5354355049520267,1.0797525520644067,1.0791713966663654,1.0765766646993995,0.0031758873650071795,0.002594731966965913,0.0005811553980412665,0.5576417849151017,1.0797525520644065,0.0,0.0
main,dfl_linear,2238-10-01,2238-07-01,0.002457319639059,0.00546071030902,0.006169193548033,0.0244493582215417,0.0971304019706483,0.008848392404615879,,0.03492657030547297,0.003981776582077145,0.10726816901721774,0.5470826896650536,0.541576868655948,0.5089392103478778,1.0784663214886974,1.0776766391801156,1.0729955241716933,0.005470797317004061,0.004681115008422276,0.000789682308581785,0.5470826896650534,1.0784663214886971,0.0,0.0
main,dfl_linear,2239-01-01,2238-10-01,0.002390310534058,0.005311801186795556,0.0054390060590329,0.0215791702433582,0.0938509461230776,0.007493503391742706,,0.029638777973951647,0.003372076526284218,0.10240505011128245,0.5572854406262905,0.5528042889299044,0.5242030126246159,1.080303101433155,1.079657381389208,1.07553602629032,0.004767075142835031,0.004121355098888113,0.000645720043946918,0.5572854406262903,1.080303101433155,0.0,0.0
main,dfl_linear,2239-04-01,2239-01-01,0.0009715234699526,0.002158941044339111,0.0029020758228311,0.0115578687215471,0.077676380337105,0.010229620151221752,,0.04029488080331278,0.004603329068049789,0.11191212569533994,0.617864041550215,0.6133639604577633,0.49504092195131816,1.0977984648043781,1.097086170524826,1.0783574361451946,0.019441028659183512,0.018728734379631407,0.0007122942795521059,0.617864041550215,1.097798464804378,0.0,0.0
main,dfl_linear,2239-07-01,2239-04-01,0.0011926373425963,0.0026503052057695554,0.0029791493750207,0.0118634511990666,0.0783622385311931,0.005760473199188709,,0.022843557987083374,0.0025922129396349193,0.0953371446670654,0.6144209165726952,0.6105970370098539,0.5476757281517144,1.0958948995875526,1.095298093941489,1.0854777370792146,0.010417162508338018,0.009820356862274338,0.0005968056460636806,0.6144209165726949,1.0958948995875484,0.0,0.0
main,dfl_linear,2239-10-01,2239-07-01,0.0008801935159965,0.0019559855911033333,0.0029885506641364,0.0119007207345276,0.0784446001824864,0.0050153909251093864,,0.019911142822421457,0.002256925916299224,0.09176849650380639,0.6152907336162057,0.6102661111907267,0.560104389353981,1.0979530941057054,1.0971531839390172,1.0891675348935632,0.008785559212142191,0.007985649045453957,0.0007999101666882336,0.6152907336162056,1.0979530941057052,0.0,0.0
main,dfl_linear,2240-01-01,2239-10-01,0.0006871577318763,0.0015270171819473334,0.0017094519482523,0.006820294410309,0.0637156822635263,0.004943466279655695,,0.019627720599190157,0.002224559825845063,0.09139881209530959,0.677493735890918,0.6746086746605191,0.5614144094092304,1.1091634970405222,1.1086986316751288,1.0904598182586276,0.018703678781894606,0.018238813416501243,0.0004648653653933632,0.677493735890918,1.1091634970405218,0.0,0.0
main,dfl_linear,2240-04-01,2240-01-01,0.0008961161635011,0.0019913692522246667,0.0019396806203732,0.0077361774929972,0.0670432767382415,0.004002360627055168,,0.01591358536158971,0.0018010622821748258,0.08600080718969774,0.661640866682495,0.6590762677157441,0.5810456647334155,1.1052265948519886,1.104818724011444,1.0924088275562152,0.012817767295773441,0.01240989645522883,0.00040787084054461076,0.661640866682495,1.1052265948519882,0.0,0.0
main,dfl_linear,2240-07-01,2240-04-01,0.0008359684144868,0.0018577075877484444,0.0015591006908391,0.0062218331470793,0.0613098493359349,0.002943579340353608,,0.011722431350789209,0.0013246107031591237,0.07804809035604209,0.6880142893655834,0.6862529479594193,0.6118619047837799,1.1098348184671658,1.109553637368757,1.0976778277394053,0.012156990727760553,0.011875809629351641,0.00028118109840891137,0.6880142893655834,1.1098348184671658,0.0,0.0
main,dfl_linear,2240-10-01,2240-07-01,0.0009840780949108,0.0021868402109128885,0.0020218758812153,0.0080630086772447,0.0681402607259779,0.0035954827908426523,,0.01430455193961977,0.0016179672558791936,0.08324523972115767,0.6564938962919661,0.6540939482404159,0.5914510837691371,1.1038305619492146,1.1034509880396186,1.0935434415157304,0.010287120433484231,0.009907546523888255,0.00037957390959597603,0.6564938962919661,1.1038305619492146,0.0,0.0
main,dfl_linear,2241-01-01,2240-10-01,0.0007119990593426,0.0015822201318724445,0.0020248657357084,0.0080748956469934,0.0681793392761556,0.003909069113433361,,0.015544830227375184,0.0017590811010450124,0.08539608458663896,0.6574996233863296,0.6539176736793718,0.5833059494920538,1.1057785455952116,1.105202281492662,1.0938422666411922,0.011936278954019386,0.011360014851469868,0.0005762641025495174,0.6574996233863295,1.1057785455952114,0.0,0.0
main,dfl_linear,2241-04-01,2241-01-01,0.0008553355113146,0.0019007455806991109,0.0017932004941978,0.0071535316230098,0.0649725538297514,0.004366679582744837,,0.017352643677398638,0.001965005812235177,0.08822928315924007,0.6710153237012316,0.6686659525698756,0.5728247442106251,1.1069911420318277,1.1066165426873389,1.0913349835725545,0.01565615845927315,0.015281559114784349,0.00037459934448880183,0.6710153237012316,1.1069911420318277,0.0,0.0
main,dfl_linear,2241-07-01,2241-04-01,0.0008041885025242,0.001787085561164889,0.0019377055644252,0.0077283231285114,0.0670163662847204,0.0031503771897405386,,0.012542084470250514,0.0014176697353832425,0.0798204003026392,0.662161514619348,0.6591993268789307,0.6047799393301363,1.1059181076873417,1.1054442817201826,1.0967394590697972,0.009178648617544471,0.008704822650385413,0.00047382596715905834,0.662161514619348,1.105918107687341,0.0,0.0
main,dfl_linear,2241-10-01,2241-07-01,0.0007255536028277,0.001612341339617111,0.0020644027301575,0.0082320755426184,0.0686908457083915,0.004736391361802816,,0.01881138953866801,0.0021313761128112676,0.09030494436369971,0.6552375741418289,0.6516180914252564,0.5653158901433928,1.1053258126295604,1.1047440008204297,1.090871399735797,0.014454412893763369,0.013872601084632619,0.00058181180913075,0.6552375741418285,1.1053258126295598,0.0,0.0
main,dfl_linear,2242-01-01,2241-10-01,0.0006835029337373,0.0015188954083051112,0.0021764981685764,0.0086776110277417,0.0700900843728567,0.004279186017811298,,0.01700718857019823,0.0019256337080150842,0.08771211048791323,0.6494620391287739,0.6453988434189678,0.5747176589542533,1.1046705304826787,1.1040156856653107,1.092624354644656,0.01204617583802281,0.011391331020654816,0.0006548448173679944,0.6494620391287739,1.1046705304826785,0.0,0.0
main,dfl_linear,2242-04-01,2242-01-01,0.0015466249926538,0.0034369444281195554,0.0028491110642025,0.0113478320976627,0.0771937165939199,0.004219521302729845,,0.016771559237284572,0.0018987845862284303,0.08735317142246615,0.6175113512723617,0.6153232279690589,0.5760366812045219,1.0941913221225041,1.0938575594694278,1.0878650351639971,0.00632628695850701,0.005992524305430624,0.000333762653076386,0.6175113512723611,1.0941913221225037,0.0,0.0
main,dfl_linear,2242-07-01,2242-04-01,0.0008140791389948,0.0018090647533217778,0.0017938524287585,0.00715612535526,0.0649821206612276,0.0065295700915157795,,0.02586358039515768,0.0029383065411821008,0.09863691219301271,0.6711580521775113,0.6686210733348077,0.5365284675302449,1.107290795073361,1.1068852356433057,1.0857690162161489,0.02152177885721218,0.0211162194271568,0.00040555943005538,0.6711580521775113,1.1072907950733608,0.0,0.0
main,dfl_linear,2242-10-01,2242-07-01,0.0011168214395847,0.0024818254212993335,0.0019512592398698,0.0077822221862521,0.0672005066231323,0.005052895285189152,,0.020058906021359957,0.0022738028783351183,0.09195928263001214,0.6599905179604805,0.6583580617560338,0.5594299883356781,1.1035074914135519,1.1032514703920877,1.087736403991195,0.01577108742235689,0.01551506640089273,0.00025602102146415895,0.6599905179604805,1.1035074914135514,0.0,0.0
main,dfl_linear,2243-01-01,2242-10-01,0.0006991886269044,0.001553752504232,0.0017087713369291,0.0068175859000615,0.0637052351462481,0.004589567892253399,,0.01823227302577224,0.0020653055515140297,0.08950068581298201,0.6774864563965028,0.6746584671498709,0.5682087599934541,1.1090808164226704,1.1086254872084182,1.0914862206519516,0.01759459577071887,0.017139266556466692,0.0004553292142521759,0.6774864563965028,1.1090808164226698,0.0,0.0
main,dfl_linear,2243-04-01,2243-01-01,0.000717973797789,0.00159549732842,0.0016593035640938,0.0066207127930523,0.0629354593124734,0.003960014320909977,,0.01574621515643182,0.0017820064444094897,0.08572817357280386,0.6809510431447446,0.6783456277722176,0.5820631083287764,1.109510725182767,1.1090917215998806,1.0936075415948376,0.015903183587929304,0.015484180005042925,0.0004190035828863792,0.6809510431447381,1.1095107251827658,0.0,0.0
main,dfl_linear,2243-07-01,2243-04-01,0.0009898742312821,0.002199720513960222,0.0024107750026375,0.0096082850042095,0.0727942653834905,0.005380664486438036,,0.021349570919980576,0.002421299018897116,0.09357306600407629,0.6370070188452864,0.6336646554957293,0.5537706751383373,1.1007116108350004,1.1001831789857874,1.0875518402096493,0.013159770625351008,0.01263133877613809,0.0005284318492129181,0.6370070188452864,1.100711610835,0.0,0.0
main,dfl_linear,2243-10-01,2243-07-01,0.0011526275417886,0.0025613945373079996,0.0019941760823882,0.0079528756055184,0.0677755039917877,0.004426328931003809,,0.017588107902732797,0.001991848018951714,0.08857584616464931,0.6573406108328155,0.655743256482735,0.5715612474470864,1.1028565336960925,1.1026065897114574,1.0894343172148448,0.01342221648124764,0.01317227249661257,0.0002499439846350704,0.6573406108328155,1.1028565336960918,0.0,0.0
main,dfl_linear,2244-01-01,2243-10-01,0.0010851399200273,0.002411422044505111,0.0022752871770888,0.0090701342071508,0.0712647365366281,0.004882005974650383,,0.019385484867100344,0.0021969026885926726,0.09107883240011662,0.6428806098080172,0.6402564944157176,0.5625517609012778,1.1010277883126052,1.1006154122503682,1.0884042221030583,0.012623566209546855,0.01221119014730987,0.0004123760622369854,0.6428806098080172,1.1010277883126052,0.0,0.0
main,dfl_linear,2244-04-01,2244-01-01,0.0018989643080985,0.004219920684663333,0.0030412960630119,0.0121097997976872,0.0789016099151001,0.00485898507758975,,0.01929474021445321,0.0021865432849153877,0.09095798377053797,0.6097539583818389,0.608435034287646,0.5629821509375701,1.09085965497126,1.0906631216212348,1.083890171250242,0.006969483721017911,0.006772950370992792,0.00019653335002511874,0.6097539583818389,1.0908596549712597,0.0,0.0
main,dfl_linear,2244-07-01,2244-04-01,0.0013561372115648,0.0030136382479217776,0.0035743271938133,0.0142208363824716,0.0830930031042091,0.005475721322000027,,0.021723639970697817,0.002464074594900012,0.09402447276946996,0.5964838078632771,0.5920340094333216,0.5522020070367026,1.0921201408416379,1.0914329200777535,1.0852813202817337,0.006838820559904146,0.006151599796019758,0.0006872207638843886,0.5964838078632769,1.092120140841638,0.0,0.0
main,dfl_linear,2244-10-01,2244-07-01,0.0017687110246943,0.0039304689437651115,0.0036573973408774,0.0145495255462344,0.0836853378399413,0.00639948109164834,,0.025353250860928433,0.002879766491241753,0.09810033928778322,0.5929297307476626,0.5897707516869274,0.5383186760474461,1.0891249812491832,1.0886501459778946,1.0809162358047313,0.008208745444451937,0.007733910173163272,0.000474835271288665,0.5929297307476626,1.089124981249183,0.0,0.0
main,dfl_linear,2245-01-01,2244-10-01,0.0019605011778964,0.004356669284214223,0.0039311702353459,0.0156321991168215,0.0855407086122795,0.00579666206613183,,0.022985818490145138,0.0026084979297593238,0.09550001332135542,0.5858189293710077,0.5827642194034287,0.5471177894811612,1.0869325931236706,1.086479289474013,1.0811895379255763,0.005743055198094371,0.005289751548436694,0.000453303649657677,0.5858189293710077,1.0869325931236704,0.0,0.0
main,dfl_linear,2245-04-01,2245-01-01,0.0019201340731183,0.004266964606929556,0.0046622177981788,0.0185188584284528,0.0899017676877388,0.00801718421280384,,0.031685142489540574,0.0036077328957617285,0.10433223623150292,0.5713570621061194,0.5667634943323757,0.5180670840926935,1.0850171648051607,1.084333648079167,1.0770876875242983,0.007929477280862463,0.007245960554868702,0.0006835167259937602,0.5713570621061194,1.0850171648051603,0.0,0.0
main,dfl_linear,2245-07-01,2245-04-01,0.0013482015183906,0.0029960033742013332,0.0035826984408342,0.0142539631760457,0.083153357909473,0.010352736338973045,,0.04077229736020804,0.004658731352537871,0.11231528416864382,0.5962973749275725,0.591802803055929,0.4938651879753453,1.0921386687249353,1.091444176536717,1.0763110536167717,0.01582761510816355,0.015133122919945396,0.0006944921882181543,0.5962973749275725,1.0921386687249348,0.0,0.0
main,dfl_linear,2245-10-01,2245-07-01,0.0017386916827801,0.0038637592950668885,0.0035621953818006,0.0141728267567079,0.0830052665295465,0.0075388699769973755,,0.029816183188089984,0.003392491489648819,0.1025748458249815,0.5954367137802125,0.5923703490357479,0.5236578224851285,1.0896805592963599,1.0892187246480654,1.0788697191717254,0.010810840124634513,0.01034900547633999,0.0004618346482945235,0.5954367137802125,1.0896805592963597,0.0,0.0
main,dfl_linear,2246-01-01,2245-10-01,0.0029950724630389,0.006655716584530888,0.0068565336354481,0.0271453493695994,0.0999531479352275,0.007828074507415295,,0.030946540550112367,0.0035226335283368828,0.10364424059648798,0.5372063124958036,0.5321739836874485,0.520244478256209,1.0741609421640266,1.0734662328186113,1.071819373238311,0.002341568925715576,0.0016468595803003083,0.0006947093454152675,0.5372063124958036,1.0741609421640264,0.0,0.0
main,dfl_linear,2246-04-01,2246-01-01,0.0031188415077134,0.006930758906029778,0.0074534930605658,0.029482298105205,0.1022548155189186,0.014636554755270481,,0.057273342998952814,0.006586449639871717,0.1256005358235594,0.5302967599977826,0.5246861298481293,0.45769576709452087,1.0725507402147574,1.0717831410115672,1.0626180833086885,0.009932656906068926,0.009165057702878787,0.0007675992031901391,0.5302967599977826,1.0725507402147574,0.0,0.0
main,dfl_linear,2246-07-01,2246-04-01,0.003468308354665,0.007707351899255555,0.0074654543879396,0.0295290806792327,0.1022997773076974,0.01139314379543066,,0.04479965146949649,0.005126914707943797,0.1156667173609627,0.5291898867543195,0.5245414732569329,0.48427749920631763,1.0705499639203833,1.0699302517665117,1.064562382901926,0.005987581018457311,0.005367868864585734,0.0006197121538715766,0.5291898867543195,1.070549963920383,0.0,0.0
main,dfl_linear,2246-10-01,2246-07-01,0.0034359381393775,0.0076354180875055555,0.0065783222686579,0.0260547799485363,0.0988360249821964,0.013345845974981785,,0.05232419074763117,0.006005630688741804,0.12173267468073287,0.5391650434709383,0.5358663714331412,0.46773490285999136,1.0720543499403083,1.0716135133685978,1.0625083817619319,0.009545968178376496,0.009105131606665928,0.0004408365717105678,0.5391650434709383,1.072054349940308,0.0,0.0
main,dfl_linear,2247-01-01,2246-10-01,0.0025604291998684,0.005689842666374222,0.0050862167666288,0.0201901751048898,0.092127678971478,0.01555182971060276,,0.06077114932762051,0.006998323369771242,0.1282763202038001,0.5621511149363003,0.5588356756759163,0.4509656061557587,1.0800479060150836,1.0795758016942656,1.064215566772792,0.01583233924229166,0.015360234921473648,0.000472104320818012,0.5621511149363,1.0800479060150834,0.0,0.0
main,dfl_linear,2247-04-01,2247-01-01,0.0020602499637213,0.0045783332527139994,0.0054105844719173,0.0214673240516937,0.0937159065409133,0.011190660297870636,,0.044016845906149404,0.005035797134041786,0.11502170253300349,0.5587336406866542,0.5532736187873087,0.4860972137284,1.0823559420058124,1.0815511484259224,1.0716495142368816,0.010706427768930826,0.009901634189040776,0.0008047935798900507,0.5587336406866542,1.082355942005812,0.0,0.0
main,dfl_linear,2247-07-01,2247-04-01,0.0024846195296752,0.005521376732611555,0.0058532424777254,0.0232082081909317,0.0957529773629548,0.008314473554491997,,0.0328454057498907,0.0037415130995213986,0.1053976780377729,0.5511536794757588,0.54625280596262,0.5147238977587316,1.0788997461931493,1.0781981675033738,1.073684684335848,0.005215061857301251,0.004513483167525756,0.000701578689775495,0.5511536794757588,1.0788997461931489,0.0,0.0
main,dfl_linear,2247-10-01,2247-07-01,0.0030423775302916,0.0067608389562035555,0.0055609990950937,0.0220591350475817,0.0944236244978838,0.009175035171210766,,0.03619813544046546,0.0041287658270448445,0.10838915751515198,0.5535075666318006,0.5508201171676194,0.5055240437029397,1.0761494813584729,1.0757797522071264,1.0695480894262541,0.006601391932218759,0.006231662780872282,0.0003697291513464762,0.5535075666318006,1.0761494813584729,0.0,0.0
main,dfl_linear,2248-01-01,2247-10-01,0.0048524008874172,0.010783113083149333,0.0100873443817903,0.0397429458045273,0.1114443009644017,0.011204593814909458,,0.04407072859308414,0.005042067216709256,0.11506619380687959,0.5012614107061941,0.4964113543615743,0.4859713077828753,1.0598887038572533,1.0593092385684637,1.0580619036560739,0.0018268002011794238,0.0012473349123898192,0.0005794652887896046,0.5012614107061941,1.059888703857253,0.0,0.0
main,dfl_linear,2248-04-01,2248-01-01,0.0033785605506189,0.007507912334708666,0.0085570335064353,0.0337912980101579,0.1062537973303244,0.029235027730464935,,0.11191120652846964,0.013155762478709221,0.16092143095829026,0.5185851599895516,0.5120628784238294,0.3794547093165572,1.0696015932414737,1.0687262091704122,1.0509282840487468,0.018673309192726917,0.017797925121665337,0.0008753840710615801,0.5185851599895516,1.0696015932414735,0.0,0.0
main,dfl_linear,2248-07-01,2248-04-01,0.0029321546165152,0.006515899147811556,0.0066339197997795,0.0262727917167139,0.0990618310620976,0.013197020627558231,,0.05175227770128643,0.005938659282401205,0.121279608832741,0.5399743319088809,0.5351169679232302,0.4689359485834372,1.0748828054596287,1.074209193732385,1.0650313122971289,0.00985149316249978,0.009177881435256108,0.0006736117272436726,0.5399743319088809,1.0748828054596282,0.0,0.0
main,dfl_linear,2248-10-01,2248-07-01,0.003001543304989,0.006670096233308888,0.0058443411478623,0.0231732239689058,0.0957133143220801,0.009936897084116936,,0.03915905179787149,0.004471603687852621,0.11094727094050652,0.5497077094297625,0.5463882988349407,0.4978745600214694,1.0758511802348028,1.075393152801346,1.068699005560039,0.0071521746747638115,0.006694147241307125,0.00045802743345668695,0.5497077094297625,1.0758511802348023,0.0,0.0
main,dfl_linear,2249-01-01,2248-10-01,0.0031097638301757,0.006910586289279333,0.0056319115627172,0.0223380492192309,0.0947515253059807,0.009904538281261921,,0.03903343076608212,0.004457042226567865,0.11084004389422225,0.5522991613473688,0.5496885441684929,0.4981912031750661,1.0756110595524138,1.0752536598951352,1.0682035522919557,0.007407507260458024,0.0070501076031794785,0.0003573996572785454,0.5522991613473688,1.075611059552413,0.0,0.0
main,dfl_linear,2249-04-01,2249-01-01,0.0018125873458666,0.004027971879703556,0.0042499982424982,0.0168919247954913,0.0875371670985736,0.00825455691665411,,0.03261164655094506,0.0037145506124943496,0.1051844373213327,0.5795429781066195,0.5753599976656657,0.5153902129117867,1.0868584976368931,1.086231577096965,1.0772436579881062,0.009614839648786955,0.008987919108858877,0.0006269205399280775,0.5795429781066195,1.0868584976368925,0.0,0.0
main,dfl_linear,2249-07-01,2249-04-01,0.0014293031023591,0.0031762291163535553,0.0045406752808786,0.0180393687800897,0.0892271904209877,0.00990076083689928,,0.039018765438691094,0.004455342376604676,0.11082751900081166,0.575187022970754,0.5691972587146805,0.4982282120955642,1.0884102538953988,1.087489585386714,1.0765811483397445,0.011829105555654307,0.010908437046969421,0.0009206685086848854,0.575187022970754,1.0884102538953986,0.0,0.0
main,dfl_linear,2249-10-01,2249-07-01,0.0022742588834676,0.005053908629928001,0.0049648359474229,0.0197119351309811,0.0915091796278281,0.00838060025125742,,0.03310334373647361,0.003771270113065839,0.10563218925301555,0.5650246188027387,0.5610228612974772,0.5139927355122289,1.08207401337196,1.081492728436634,1.0746612541182894,0.0074127592536705755,0.0068314743183446325,0.000581284935325943,0.5650246188027387,1.0820740133719595,0.0,0.0
main,dfl_linear,2250-01-01,2249-10-01,0.003101460255085,0.006892133900188889,0.0059643886809533,0.023644958571321,0.0962441412561188,0.007576398551464081,,0.029962919616936534,0.0034093793481588365,0.10271487132184688,0.5478083147837339,0.5445788625433631,0.5232088851520325,1.0750417397265988,1.0745993519279082,1.0716719770814778,0.0033697626451210105,0.002927374846430464,0.0004423877986905467,0.5478083147837339,1.0750417397265983,0.0,0.0
main,dfl_linear,2250-04-01,2250-01-01,0.0026269492410005,0.005837664980001111,0.0049938370093038,0.0198262151202192,0.0916582416452979,0.011889489367604256,,0.04671650053408838,0.005350270215421915,0.11723437467776829,0.563427283408127,0.5604946425113839,0.4799045221058185,1.079854834867486,1.0794391901846112,1.0680171115127917,0.01183772335469424,0.011422078671819547,0.000415644682874694,0.563427283408127,1.0798548348674857,0.0,0.0
main,dfl_linear,2250-07-01,2250-04-01,0.0026488509184098,0.005886335374244,0.0071180971569735,0.0281698248371609,0.1009763347418984,0.01018871646374464,,0.040136226179711465,0.004584922408685088,0.11177784275123878,0.535259733866265,0.5288253637755203,0.49543361395732494,1.0757454029131381,1.074834865609135,1.070109549311411,0.0056358536017271366,0.0047253162977241026,0.000910537304003034,0.5352597338662648,1.0757454029131377,0.0,0.0
main,dfl_linear,2250-10-01,2250-07-01,0.0050167890103434,0.011148420022985333,0.0080369834825417,0.0317624476717298,0.104403788154662,0.011185829527676105,,0.04399816417010827,0.005033623287454248,0.11500627364889245,0.519155331101068,0.517841468022793,0.4861408883892466,1.0611731680276892,1.0610183527690604,1.057283006585896,0.003890161441793216,0.003735346183164401,0.0001548152586288154,0.519155331101068,1.0611731680276888,0.0,0.0
main,dfl_linear,2251-01-01,2250-10-01,0.0057604449999858,0.012800988888857332,0.011897014926959,0.046745541454202,0.1172580012951655,0.013692851178348064,,0.053656673838225144,0.006161783030256629,0.12278335189136531,0.48492267071553197,0.479839149824614,0.46497023536725895,1.0535333049411788,1.0529721068564886,1.051330644867064,0.0022026600741147373,0.0016414619894244975,0.0005611980846902398,0.4849226707155319,1.0535333049411788,0.0,0.0
main,dfl_linear,2251-04-01,2251-01-01,0.0048604008933559,0.010800890874124221,0.0107036108230693,0.0421319315932162,0.1134562285267506,0.038146425038576126,,0.14407471927658622,0.01716589126735926,0.17508503130479902,0.4962369608972023,0.4905641071745631,0.0,1.0592487037501201,1.0585713877577303,1.0,0.059248703750120146,0.0585713877577303,0.0006773159923898486,0.4962369608972023,1.05924870375012,0.0,0.0
main,dfl_linear,2251-07-01,2251-04-01,0.0044924097620587,0.00998313280457489,0.0090329947540415,0.0356453505816829,0.1079036788181676,0.023790402337908745,,0.09181924943051367,0.010705681052058935,0.14962986520621124,0.5112576635076218,0.5069983440970536,0.40244185946290373,1.0629234982845908,1.0623992787046126,1.0495308950086457,0.013392603275945048,0.012868383695966878,0.000524219579978169,0.5112576635076218,1.0629234982845903,0.0,0.0
main,dfl_linear,2251-10-01,2251-07-01,0.0025600175814494,0.005688927958776444,0.0082110387668294,0.0324418379668788,0.1050290987632892,0.019608542323112488,,0.07615720940446491,0.00882384404540062,0.13942857813011209,0.524138906048882,0.5158764845526257,0.42459463361627414,1.0746372880701442,1.0734607207017304,1.0604622011770668,0.014175086893077449,0.012998519524663577,0.0011765673684138722,0.524138906048882,1.0746372880701438,0.0,0.0
main,dfl_linear,2252-01-01,2251-10-01,0.0037047162562862,0.00823270279174711,0.0085705913031004,0.0338441478173972,0.106301326076049,0.00950660090893507,,0.03748757935671854,0.0042779704090207815,0.10951144818996497,0.5175821490947979,0.5119158120739489,0.5021435122746507,1.0677788510307755,1.0670368281200202,1.0657571177330158,0.002021733297759676,0.0012797103870043625,0.0007420229107553133,0.5175821490947979,1.0677788510307755,0.0,0.0
main,dfl_linear,2252-04-01,2252-01-01,0.0040068326985796,0.008904072663510221,0.0091611238031919,0.0361440064659817,0.1083417396082161,0.010367823764681816,,0.04083079070944784,0.004665520694106817,0.11236458605184504,0.511381893491635,0.5056677243602304,0.493721742323274,1.0654219411835564,1.0646909179666897,1.063162648498904,0.002259292684652303,0.0015282694677856146,0.0007310232168666886,0.511381893491635,1.0654219411835562,0.0,0.0
main,dfl_linear,2252-07-01,2252-04-01,0.0037236728110966,0.008274828469103556,0.0098696041062393,0.0388977979815734,0.110724151332986,0.019152851775288582,,0.07443838564396921,0.008618783298879861,0.13823593736708945,0.5059504211352639,0.4985338289344487,0.42729702327759017,1.0661597324812817,1.0651899146188364,1.0558747568322224,0.01028497564905928,0.009315157786613959,0.0009698178624453213,0.5059504211352638,1.0661597324812817,0.0,0.0
main,dfl_linear,2252-10-01,2252-07-01,0.0055279213740667,0.012284269720148223,0.0122325593398376,0.0480397236214735,0.1183072832424718,0.014472771435976028,,0.056646401122973145,0.006512747146189213,0.12511582244659167,0.4830096377191555,0.4769516176815685,0.45893331794333647,1.0544452261345387,1.053762361352727,1.0517313244391773,0.0027139016953614536,0.0020310369135496664,0.0006828647818117872,0.4830096377191555,1.0544452261345385,0.0,0.0
main,dfl_linear,2253-01-01,2252-10-01,0.0056279447432589,0.012506543873908666,0.0095192280378605,0.0375366600917571,0.1095539021768501,0.032014910131692886,,0.12204011847174157,0.014406709559261799,0.1658736506555006,0.5040783787790966,0.5020163897345535,0.36960601369696655,1.0563159150144854,1.0560855484590408,1.0412925880824633,0.01502332693202213,0.014792960376577513,0.0002303665554446166,0.5040783787790966,1.0563159150144852,0.0,0.0
main,dfl_linear,2253-04-01,2253-01-01,0.0026381252212303,0.005862500491622889,0.0061736903144016,0.0244670143196017,0.0971496019268692,0.02089683711528778,,0.08100359170466442,0.009403576701879501,0.14271486718993795,0.5464847280618224,0.5415120902995243,0.41727800206807436,1.0773924828732153,1.0766882641401163,1.0590943881322328,0.01829809474098254,0.017593876007883535,0.0007042187330990046,0.5464847280618224,1.077392482873215,0.0,0.0
main,dfl_linear,2253-07-01,2253-04-01,0.0028520804506016,0.006337956556892445,0.0058260282885706,0.0231012473707886,0.0956315586298936,0.012494157999753952,,0.04904778527719311,0.005622371099889278,0.11911979207814065,0.5504072915683382,0.546667742505034,0.47473664662209336,1.0767703662219745,1.0762487769271143,1.0662158855423614,0.010554480679613176,0.01003289138475294,0.0005215892948602363,0.5504072915683382,1.0767703662219743,0.0,0.0
main,dfl_linear,2253-10-01,2253-07-01,0.0045555877103066,0.010123528245125777,0.0092384557694553,0.0364448753775814,0.1086049833118786,0.00860907044261694,,0.03399413199664958,0.003874081699177623,0.10643604069396635,0.5092672025967938,0.5048709448633959,0.5114993416746614,1.0623567759421395,1.0618184800199444,1.018799807382882,0.043556968559257614,0.043018672637062494,0.00053829592219512,0.5092672025967938,1.0623567759421393,0.0043830280870831295,0.0
main,dfl_linear,2254-01-01,2253-10-01,0.003685812740311,0.00819069497846889,0.0101140336516465,0.0398465004891043,0.1115322202742092,0.019642438739538193,,0.07628496790620076,0.008839097432792186,0.13951666511187963,0.5039864466905629,0.4961533043143034,0.42439606011244463,1.066093726382453,1.0650664734229125,1.0556560940458883,0.010437632336564695,0.009410379377024158,0.0010272529595405366,0.5039864466905629,1.066093726382453,0.0,0.0
main,dfl_linear,2254-04-01,2254-01-01,0.0042180252854501,0.009373389523222444,0.008120772800605,0.0320895473089656,0.104705627152536,0.022220423445105553,,0.08596285177467033,0.009999190550297498,0.14595824674642163,0.520498118782372,0.5168914621308222,0.4102310173172038,1.0654889416949058,1.065035153066967,1.0516151628700914,0.013873778824814442,0.013419990196875675,0.00045378862793876706,0.520498118782372,1.0654889416949056,0.0,0.0
main,dfl_linear,2254-07-01,2254-04-01,0.003628074593769,0.008062387986153333,0.0081496394002068,0.0322022185416287,0.1048092603176101,0.014623322524130344,,0.05722270329493939,0.0065804951358586555,0.12556144134531397,0.5218189854984673,0.5165659348929998,0.45779536860198716,1.0687336075254095,1.0680416796181056,1.060300464465434,0.008433143059975556,0.007741215152671677,0.0006919279073038798,0.5218189854984673,1.0687336075254092,0.0,0.0
main,dfl_linear,2254-10-01,2254-07-01,0.0033952911745026,0.007545091498894666,0.0075938240131717,0.0300310473752202,0.102779756925776,0.01740693859755993,,0.06783075082709988,0.007833122368901968,0.13352343724053814,0.5280526688528928,0.5230010583890589,0.43823973562712776,1.0707839227049982,1.0701067690313226,1.0587447605184461,0.0120391621865521,0.011362008512876498,0.0006771536736756012,0.5280526688528926,1.070783922704998,0.0,0.0
main,dfl_linear,2255-01-01,2254-10-01,0.0029565250753248,0.006570055722944,0.0069825214646592,0.0276389115937631,0.1004490607281852,0.015727348625659943,,0.06144079695905691,0.0070773068815469745,0.12878299095217105,0.5358896345744323,0.5305470142382037,0.44971011889665385,1.074185747186245,1.0734461428796784,1.0622555075431852,0.011930239643059837,0.011190635336493227,0.0007396043065666102,0.5358896345744323,1.0741857471862448,0.0,0.0
main,dfl_linear,2255-04-01,2255-01-01,0.0017627742416353,0.003917276092522889,0.0058732249009927,0.0232867401718417,0.0958418366436417,0.010236840695142746,,0.040322885347708004,0.0046065783128142355,0.11193581231588329,0.553083229126287,0.5459494174884403,0.49497171018547376,1.0831683737953732,1.0820956464342135,1.0744300135006284,0.00873836029474484,0.007665632933585131,0.0010727273611597088,0.553083229126287,1.083168373795373,0.0,0.0
main,dfl_linear,2255-07-01,2255-04-01,0.0031154003431677,0.006923111873706,0.0059242578319151,0.0234872808014195,0.0960676613121919,0.008939268998801708,,0.0352804637950187,0.004022671049460769,0.10758168271466786,0.548296527594528,0.5451794870164363,0.5079801790505183,1.0750321847336242,1.0746056302093707,1.0695150538391234,0.005517130894500788,0.005090576370247346,0.00042655452425344187,0.548296527594528,1.0750321847336235,0.0,0.0
main,dfl_linear,2255-10-01,2255-07-01,0.003468396043101,0.007707546762446667,0.0076889503676071,0.0304028965104098,0.1031325295753376,0.009596559219062328,,0.037837199842019276,0.004318451648578048,0.10981346220536276,0.526867816415364,0.521873399814694,0.5012403659185859,1.070239930660858,1.0695740948196988,1.0668233804563771,0.0034165502044809504,0.002750714363321638,0.0006658358411593124,0.5268678164153637,1.0702399306608577,0.0,0.0
main,dfl_linear,2256-01-01,2255-10-01,0.0024326808982585,0.005405957551685556,0.0066685266361125,0.0264084752594029,0.099201719317833,0.012635349296033382,,0.04959152842212222,0.005685907183215023,0.1195563506819224,0.5410248216446004,0.5346534844012065,0.4735540206170175,1.0777307625453076,1.076815372192501,1.0680370172611737,0.009693745284133914,0.00877835493132717,0.0009153903528067442,0.5410248216446004,1.0777307625453072,0.0,0.0
main,dfl_linear,2256-04-01,2256-01-01,0.0033550291057913,0.007455620235091777,0.0075775059869298,0.029967249427982,0.1027189974505211,0.012124327011406422,,0.04762241967455305,0.00545594715513289,0.11796971218785135,0.5283345053878149,0.5231956628269306,0.4778772328161168,1.0710344204734532,1.0703435045868426,1.064250454862177,0.006783965611276255,0.006093049724665622,0.0006909158866106324,0.5283345053878149,1.0710344204734528,0.0,0.0
main,dfl_linear,2256-07-01,2256-04-01,0.004431705198978,0.009848233775506667,0.008786783645811,0.0346865968459483,0.1070548714940392,0.01253652386367321,,0.04921096535306613,0.0056414357386529446,0.1192509299693039,0.5136460954521188,0.5095934105895172,0.4743808508578222,1.0635292633194569,1.0630280153082938,1.0586728221136918,0.004856441205765005,0.004355193194601981,0.0005012480111630246,0.5136460954521188,1.0635292633194569,0.0,0.0
main,dfl_linear,2256-10-01,2256-07-01,0.005122825984506,0.011384057743346667,0.010615766884434,0.0417916731528588,0.113171665435502,0.01840364933013916,,0.07160724959986875,0.008281642198562622,0.13624125965269374,0.4962914783239787,0.4913838124689704,0.4318759026576299,1.0579528195479586,1.05737974286597,1.0504309006843169,0.00752191886364173,0.006948842181653037,0.0005730766819886934,0.4962914783239787,1.0579528195479582,0.0,0.0
main,dfl_linear,2257-01-01,2256-10-01,0.0032738789618325,0.007275286581849999,0.0089114958564833,0.0351723193859904,0.107486007122732,0.0254838690161705,,0.09810468853784049,0.011467741057276727,0.15337820865176585,0.5155705131345494,0.5082725273016486,0.39467101051066994,1.0697366916436803,1.068749557246574,1.053383678584232,0.01635301305944825,0.015365878662341848,0.000987134397106404,0.5155705131345494,1.0697366916436803,0.0,0.0
main,dfl_linear,2257-04-01,2257-01-01,0.0047785434121774,0.010618985360394222,0.008647299745081,0.0341431250663961,0.1065696210758998,0.0182703398168087,,0.0711028108854137,0.008221652917563915,0.1358819662344877,0.5140115257469001,0.511086930685993,0.43270877657751544,1.0617916724240681,1.0614400934984516,1.0520178977279644,0.009773774696103743,0.009422195770487196,0.0003515789256165469,0.5140115257469001,1.061791672424068,0.0,0.0
main,dfl_linear,2257-07-01,2257-04-01,0.0023510478093255,0.00522455068739,0.007185722602499,0.0284345642158599,0.1012369920955752,0.020410556346178055,,0.07917651837547857,0.009184750355780124,0.14148934091859358,0.535366182831093,0.5279774027241012,0.419984894223744,1.0773548038023038,1.0762872024971704,1.0606834165744436,0.0166713872278601,0.01560378592272671,0.0010676013051333921,0.535366182831093,1.0773548038023035,0.0,0.0
main,dfl_linear,2257-10-01,2257-07-01,0.0022895896513546,0.005087977003010222,0.0071405755432718,0.0282578289882906,0.1010631452323845,0.010657190345227718,,0.04195213583681545,0.004795735655352473,0.11330594099254694,0.536041452293915,0.5285427283908675,0.4909967209928204,1.0777818143666853,1.0766937187574408,1.0712456390144518,0.0065361753522334975,0.005448079742988998,0.0010880956092444993,0.5360414522939146,1.0777818143666849,0.0,0.0
main,dfl_linear,2258-01-01,2257-10-01,0.0030993282313395,0.006887396069643332,0.007087916861061,0.0280516578748547,0.100859510848759,0.010982751846313477,,0.04321256680209129,0.0049422383308410645,0.11435592262763006,0.5343055117162039,0.5292060887871198,0.48798816916528154,1.073203444402099,1.072504789204489,1.066857657327231,0.006345787074867992,0.00564713187725796,0.0006986551976100319,0.5343055117162039,1.0732034444020986,0.0,0.0
main,dfl_linear,2258-04-01,2258-01-01,0.0020884711111043,0.004641046913565111,0.0050721554880556,0.02013478268312,0.0920567439267147,0.008855638094246387,,0.03495479018953895,0.003985037142410874,0.10729321404165765,0.5638719927170164,0.5590859177568127,0.508862486354122,1.0829541911049556,1.082250086304541,1.0748614516847397,0.008092739420215933,0.007388634619801326,0.0007041048004146067,0.5638719927170164,1.0829541911049556,0.0,0.0
main,dfl_linear,2258-07-01,2258-04-01,0.0021268933622347,0.004726429693854889,0.0052474318639826,0.0208250914142262,0.0929282278156624,0.008220218122005463,,0.03247765783206302,0.003699098154902458,0.10506189717188898,0.5609936964738179,0.5560223800921006,0.5157737500011454,1.0823152033147447,1.0815857567607543,1.075680032347269,0.006635170967475679,0.005905724413485247,0.0007294465539904316,0.5609936964738179,1.0823152033147447,0.0,0.0
main,dfl_linear,2258-10-01,2258-07-01,0.0042053984209843,0.009345329824409556,0.0089479663947401,0.0353143282679532,0.1076116195837001,0.006026640068739653,,0.023889512172362237,0.0027119880309328438,0.09651602708920885,0.5127757491539918,0.507888760651663,0.5436553862227592,1.0645820625997582,1.0639665658686774,0.4662660055228669,0.5983160570768913,0.5977005603458105,0.0006154967310807447,0.5127757491539915,1.064582062599758,0.060220522433474866,0.0
main,dfl_linear,2259-01-01,2258-10-01,0.0039760568064783,0.008835681792174,0.0094708346361639,0.037348548257705,0.1093910872207573,0.01401070598512888,,0.054875987313399155,0.006304817693307996,0.123738789195776,0.508732016317289,0.5025042160413843,0.4624808057734277,1.0652395047797867,1.0644408552101985,1.0593082758133259,0.005931228966460811,0.005132579396872616,0.0007986495695881946,0.508732016317289,1.0652395047797865,0.0,0.0
main,dfl_linear,2259-04-01,2259-01-01,0.0044512880328421,0.009891751184093555,0.0069483317012314,0.0275049904361877,0.1003150626810614,0.017174214124679565,,0.06694731010352073,0.007728396356105805,0.1328784767785288,0.5320101097235399,0.5309858887835125,0.43977196844560096,1.0656963960859207,1.065569917992129,1.0543061736956478,0.011390222390272875,0.011263744296481137,0.00012647809379173758,0.5320101097235399,1.0656963960859205,0.0,0.0
main,dfl_linear,2259-07-01,2259-04-01,0.0031603227359781,0.007022939413284667,0.005194827579222,0.0206179529424862,0.0926695296625162,0.012339871376752853,,0.04845334385513522,0.005552942119538784,0.11864116642155467,0.5585660620102734,0.556929328263976,0.47603922242918045,1.0761866081645577,1.0759633629638912,1.0649302135894996,0.011256394575058115,0.011033149374391593,0.00022324520066652198,0.5585660620102734,1.0761866081645577,0.0,0.0
main,dfl_linear,2259-10-01,2259-07-01,0.002678443655533,0.005952097012295555,0.0050555609889878,0.0200694079754283,0.0919727924718967,0.007691070903092623,,0.030411184470015562,0.00346098190639168,0.10314036622437571,0.5622676660909699,0.5593822765076322,0.5218483924610076,1.0794009452737559,1.078993483357987,1.0736931147740765,0.005707830499679378,0.005300368583910586,0.000407461915768792,0.5622676660909696,1.0794009452737554,0.0,0.0
main,dfl_linear,2260-01-01,2259-10-01,0.0019319746651469,0.004293277033659778,0.0037635526225951,0.0149694375524742,0.0844217270658914,0.009664793498814106,,0.038102326955056665,0.004349157074466348,0.11004187548299837,0.5897836365208603,0.5869750513250471,0.5005591613379772,1.0876891804987394,1.0872715993402746,1.0744232629236588,0.013265917575080666,0.012848336416615869,0.00041758115846479704,0.5897836365208601,1.087689180498739,0.0,0.0
main,dfl_linear,2260-04-01,2260-01-01,0.0022148741872329,0.004921942638295334,0.0054778211531795,0.0217319020463101,0.0940343662107194,0.008329502306878567,,0.03290403238552386,0.003748276038095355,0.10545105165018202,0.5572606443421959,0.5521676986355617,0.5145573399231305,1.081277166082346,1.0805343535434568,1.0750488354066163,0.0062283306757295875,0.005485518136840506,0.0007428125388890816,0.5572606443421936,1.081277166082345,0.0,0.0
main,dfl_linear,2260-07-01,2260-04-01,0.0014948247361995,0.00332183274711,0.0035156059455991,0.0139884405229695,0.0826653358958014,0.00736302649602294,,0.02912841481099193,0.0033133619232103228,0.10191339860410233,0.5975137623438616,0.5936762179763255,0.525786617646506,1.0914505285520564,1.090863185660779,1.0804725633444063,0.010977965207650042,0.010390622316372555,0.000587342891277487,0.5975137623438616,1.0914505285520562,0.0,0.0
main,dfl_linear,2260-10-01,2260-07-01,0.0015496480094051,0.003443662243122444,0.0041076111147667,0.0163294865821318,0.0866655488086812,0.007208515424281359,,0.028523781124813907,0.0032438319409266113,0.10132450535837852,0.5833788435294934,0.5785757148908779,0.5276931721077766,1.0889673270769096,1.0882348330529594,1.0804750661767717,0.008492260900137882,0.007759766876187735,0.0007324940239501476,0.5833788435294931,1.0889673270769091,0.0,0.0
main,dfl_linear,2261-01-01,2260-10-01,0.0011119500497789,0.0024710001106197778,0.0025154261583346,0.0100238040448704,0.0739164199571888,0.00810307264328003,,0.03202045572841028,0.0036463826894760133,0.10464199327734619,0.6319979095632192,0.6289010299643628,0.5170915104355198,1.099148147736631,1.0986623077182638,1.0811215744454772,0.018026573291153758,0.0175407332727866,0.0004858400183671563,0.6319979095632192,1.0991481477366307,0.0,0.0
main,dfl_linear,2261-04-01,2261-01-01,0.0011188119066507,0.002486248681446,0.0025372130495385,0.0101102927890898,0.0741439486085833,0.004306303337216377,,0.01711426694301932,0.0019378365017473699,0.0878735492174154,0.631063088713675,0.6279424636229632,0.5741258160821625,1.0989581899288912,1.098468838838728,1.0900297491123205,0.008928440816570626,0.0084390897264075,0.0004893510901631259,0.6310630887136748,1.098958189928891,0.0,0.0
main,dfl_linear,2261-07-01,2261-04-01,0.0007747455475996,0.0017216567724435555,0.0019581490153433,0.0078096199941688,0.0672936373518447,0.004535259213298559,,0.018017998108634692,0.0020408666459843516,0.08919671312040761,0.6610766749441345,0.6579333029368029,0.5693075660364236,1.1059392192852655,1.1054354859227045,1.0912329860741043,0.014706233211161157,0.014202499848600114,0.000503733362561043,0.6610766749441345,1.1059392192852648,0.0,0.0
main,dfl_linear,2261-10-01,2261-07-01,0.0012689967248989,0.0028199927219975554,0.0023880705795561,0.0095181194746742,0.0725441829005136,0.005465331021696329,,0.02168275712983958,0.002459398959763348,0.09397546938202832,0.6368892087939527,0.634734554114358,0.5523719955215695,1.0989152838765543,1.098580644387699,1.0857889127151963,0.013126371161358064,0.012791731672502804,0.0003346394888552595,0.6368892087939527,1.098915283876554,0.0,0.0
main,dfl_linear,2262-01-01,2261-10-01,0.0017733523038792,0.003940782897509333,0.0033138723575367,0.0131897443780065,0.081135495685659,0.0052104308269917965,,0.020679396857892662,0.0023446938721463084,0.0927465126936419,0.6020148900962886,0.5996077331095767,0.5566592250150164,1.090462656612958,1.090100941613072,1.0836472206109629,0.00681543600199519,0.0064537210021091695,0.0003617149998860203,0.6020148900962886,1.0904626566129578,0.0,0.0
main,dfl_linear,2262-04-01,2262-01-01,0.001870979487051,0.004157732193446667,0.003712763921012,0.0147685525145323,0.0840722092523341,0.006073508411645889,,0.024073603405611266,0.00273307878524065,0.0967192616067166,0.5912150540576766,0.5882995288128521,0.5429665502168703,1.088262616695913,1.087827357334053,1.0810595876603282,0.007203029035584896,0.006767769673724722,0.0004352593618601741,0.5912150540576766,1.088262616695913,0.0,0.0
main,dfl_linear,2262-07-01,2262-04-01,0.0030269067542999,0.006726459453999778,0.00521567506747,0.0207000474649992,0.0927723391950685,0.006170673295855522,,0.024455168328068266,0.002776802983134985,0.09713672127460782,0.5586615600825839,0.556568650954641,0.5415555467096624,1.076944977598057,1.076656719272317,1.0745889504255828,0.0023560271724742954,0.002067768846734319,0.00028825832573997623,0.5586615600825823,1.0769449775980566,0.0,0.0
main,dfl_linear,2262-10-01,2262-07-01,0.0012332364042832,0.0027405253428515555,0.0024750603977438,0.0098635466577411,0.073489407201614,0.01338619738817215,,0.05247921046630144,0.006023788824677467,0.12185526203400365,0.6332214016059851,0.6307066272676649,0.4674108573635573,1.0985720786254882,1.0981806096492757,1.072760743186498,0.02581133543899017,0.025419866462777607,0.00039146897621256116,0.6332214016059851,1.0985720786254878,0.0,0.0
main,dfl_linear,2263-01-01,2262-10-01,0.0012299519256706,0.0027332265014902222,0.0026289673537808,0.0104744732313805,0.0750803272970779,0.0050499881617724895,,0.02004745286099141,0.0022724946727976205,0.09194454164516269,0.6269188339553252,0.6240229982404437,0.5594820552362593,1.0976115638338695,1.0971606808209085,1.0871116249675317,0.010499938866337821,0.010049055853376787,0.00045088301296103417,0.6269188339553252,1.097611563833869,0.0,0.0
main,dfl_linear,2263-04-01,2263-01-01,0.0017224244422643,0.0038276098716984444,0.0031011539737076,0.012347032163655,0.079410082584337,0.0057184514589607716,,0.02267834863314433,0.0025733031565323473,0.09514695088711872,0.6085223255444999,0.6064079627775454,0.5483282955645118,1.0917504134196623,1.09143161877591,1.0826746130681837,0.009075800351478591,0.008757005707726417,0.0003187946437521738,0.6085223255444999,1.091750413419662,0.0,0.0
main,dfl_linear,2263-07-01,2263-04-01,0.0020109767296279,0.004468837176950889,0.0037832169666228,0.0150472078705992,0.0845557083606151,0.005855817813426256,,0.02321832966235371,0.0026351180160418155,0.09576444346757026,0.5890437181403924,0.5864685079051176,0.5462136439159047,1.0871138125484476,1.0867329641074917,1.0807796629046704,0.006334149643777209,0.005953301202821226,0.00038084844095598314,0.5890437181403924,1.0871138125484474,0.0,0.0
main,dfl_linear,2263-10-01,2263-07-01,0.0011131261004984,0.0024736135566631114,0.0021850947734881,0.0087117729682966,0.0701944104427447,0.00724883284419775,,0.028681578726569512,0.0032619747798889875,0.1014788930670189,0.6472176120946268,0.64493925913471,0.5271923131458927,1.1015282106646496,1.1011708083088418,1.0826999933710617,0.018828217293587857,0.018470814937780133,0.0003574023558077233,0.6472176120946256,1.1015282106646491,0.0,0.0
main,dfl_linear,2264-01-01,2263-10-01,0.0008641176525339,0.0019202614500753333,0.0025058403759811,0.009985748987609,0.0738156626637942,0.0038081230595707893,,0.015145702119134685,0.0017136553768068552,0.08472434639159915,0.6333933184778905,0.6293262974183632,0.5858318553431424,1.1009368140293478,1.1002886983382545,1.093357475221461,0.0075793388078868595,0.006931223116793506,0.0006481156910933539,0.6333933184778905,1.1009368140293476,0.0,0.0
main,dfl_linear,2264-04-01,2264-01-01,0.0010304339487716,0.0022898532194924443,0.0030996072878327,0.0123409027857112,0.0793970767502289,0.00400988943874836,,0.015943340120056937,0.0018044502474367618,0.08604896190783115,0.6111441677619149,0.6064596784067607,0.580866225200938,1.0963747832034452,1.095636059560421,1.091600083052339,0.004774700151106259,0.004035976508082184,0.0007387236430240751,0.6111441677619149,1.096374783203445,0.0,0.0
main,dfl_linear,2264-07-01,2264-04-01,0.0017008283162235,0.0037796184804966665,0.0032176615037296,0.0128086590886568,0.0803702844931157,0.004805625416338444,,0.019084380843304882,0.0021625314373523,0.09067573345461903,0.605066412840371,0.6026088659485292,0.5639891554508822,1.0913600164756354,1.0909889472512269,1.0851576908594098,0.006202325616225579,0.00583125639181703,0.00037106922440854895,0.605066412840371,1.0913600164756352,0.0,0.0
main,dfl_linear,2264-10-01,2264-07-01,0.0007793854727997,0.0017319677173326664,0.002251701210087,0.0089764295305311,0.0709890271130408,0.004578947089612484,,0.01819037140282198,0.0020605261903256177,0.08944152320578479,0.6452927768243341,0.6414571571321506,0.5684223868212194,1.1033798683468934,1.1027653785012794,1.0910647594789389,0.012315108867954505,0.011700619022340542,0.0006144898456139636,0.6452927768243341,1.1033798683468934,0.0,0.0
main,dfl_linear,2265-01-01,2264-10-01,0.0008951116719793,0.0019891370488428887,0.0019877737236042,0.0079274188292661,0.0676904932958233,0.004011508543044329,,0.01594973892447671,0.001805178844369948,0.0860593054045588,0.6588239884695496,0.656128688924202,0.5808276927890721,1.1047852196442938,1.1043565352615006,1.092379995916321,0.012405223727972814,0.011976539345179615,0.00042868438279319854,0.6588239884695496,1.1047852196442938,0.0,0.0
main,dfl_linear,2265-04-01,2265-01-01,0.0016049067381192,0.0035664594180426666,0.0028903338585591,0.0115113077693038,0.077570189774452,0.003591900458559394,,0.014290376541548522,0.0016163552063517272,0.0832195285847396,0.6158579767098172,0.6137941545728797,0.5915494728158694,1.0935801939217888,1.0932665942233215,1.0898864940845356,0.003693699837253206,0.0033801001387858687,0.00031359969846733726,0.6158579767098172,1.0935801939217888,0.0,0.0
main,dfl_linear,2265-07-01,2265-04-01,0.0019431451575044,0.004318100350009777,0.0041398279053532,0.0164567660735622,0.0868654757505173,0.0063821375370025635,,0.02528519823241704,0.0028719618916511537,0.09802820569746412,0.5813662032383938,0.5778358300281781,0.5385600050886625,1.086372732918456,1.0858482304952155,1.0800130781957595,0.006359654722696506,0.00583515229945597,0.000524502423240536,0.5813662032383938,1.0863727329184558,0.0,0.0
main,dfl_linear,2265-10-01,2265-07-01,0.0024454817670031,0.005434403926673556,0.0047618336583995,0.0189117156601499,0.0904418132235595,0.0057756854221224785,,0.022903359996906847,0.0025990584399551153,0.09540571084542131,0.5679001404023102,0.5648256462502866,0.5474407426454593,1.0815193291992646,1.0810780003756395,1.0785824812178961,0.0029368479813685067,0.0024955191577433755,0.00044132882362513115,0.5679001404023102,1.0815193291992642,0.0,0.0
main,dfl_linear,2266-01-01,2265-10-01,0.0030103954430613,0.006689767651247333,0.0058432090587949,0.0231687745377003,0.0957082663460048,0.008087503723800182,,0.031959680258738965,0.0036393766757100822,0.10458596497291989,0.549696209755144,0.546405547291749,0.5172677511948627,1.0758009335897147,1.0753471642487085,1.071329177390341,0.004471756199373678,0.004017986858367406,0.00045376934100627153,0.549696209755144,1.0758009335897143,0.0,0.0
main,dfl_linear,2266-04-01,2266-01-01,0.0042073232422893,0.009349607205087334,0.0073689366655656,0.02915153691738,0.1019357777232551,0.013522138819098473,,0.05300132241049926,0.006084962468594313,0.1222674571501084,0.5281417671625912,0.5257143746081213,0.4663241424036678,1.0665071855612462,1.0662015118632209,1.0587226918960604,0.007784493665185854,0.007478819967160488,0.00030567369802536604,0.528141767162591,1.0665071855612458,0.0,0.0
main,dfl_linear,2266-07-01,2266-04-01,0.0035118674676791,0.007804149928175777,0.0079879166401745,0.0315708603498757,0.1042263045100054,0.010420653969049454,,0.0410355902260201,0.0046892942860722545,0.11253704636144861,0.5237297344509912,0.5184013919883799,0.4932205332191196,1.06959390122502,1.0688858640168122,1.0655397981307764,0.0040541030942435885,0.0033460658860358095,0.000708037208207779,0.5237297344509912,1.06959390122502,0.0,0.0
main,dfl_linear,2266-10-01,2266-07-01,0.0056694018965958,0.012598670881324001,0.0097983893533996,0.0386212605045211,0.1104874705956456,0.014585339464247227,,0.05707733091947276,0.006563402758911252,0.12544915629434547,0.5016130045734242,0.4992348123184937,0.45808164622592745,1.0558325275734783,1.0555678205514558,1.0509872270268659,0.004845300546612474,0.004580593524589949,0.0002647070220225256,0.5016130045734242,1.0558325275734783,0.0,0.0
main,dfl_linear,2267-01-01,2266-10-01,0.0056030381596763,0.012451195910391778,0.0111962818906637,0.0440385855963567,0.1150396548098075,0.02394244819879532,,0.09238491839072904,0.010774101689457893,0.14997535633425232,0.49057436264382936,0.486046403582373,0.4017183752031531,1.0549294241836407,1.0544224303353835,1.0449802531770653,0.00994917100657533,0.009442177158318188,0.0005069938482571423,0.4905743626438293,1.0549294241836402,0.0,0.0
main,dfl_linear,2267-04-01,2267-01-01,0.0054636392652746,0.012141420589499111,0.0131025367545657,0.0513890563180253,0.1209912077895858,0.024875296279788017,,0.09584968941961525,0.011193883325904609,0.1520563123639156,0.47697441628968096,0.469703296549848,0.39739239166523327,1.054071540442949,1.0532472600797875,1.0450498350515236,0.009021705391425439,0.008197425028263927,0.0008242803631615114,0.4769744162896809,1.0540715404429488,0.0,0.0
main,dfl_linear,2267-07-01,2267-04-01,0.0043399159239816,0.009644257608848,0.0125982640617537,0.0494487317092312,0.1194418171140939,0.031554095447063446,,0.12036709353192243,0.014199342951178551,0.16508839530481118,0.48313441405913976,0.4738637877312133,0.37117096805558536,1.0601989541919477,1.0590438263571142,1.0462482146854972,0.013950739506450427,0.012795611671617024,0.0011551278348334026,0.4831344140591376,1.060198954191947,0.0,0.0
main,dfl_linear,2267-10-01,2267-07-01,0.0055047217154291,0.012232714923175778,0.0119190312636555,0.0468304980630104,0.1173270981318875,0.02382183074951172,,0.09193619685724752,0.010719823837280274,0.14970142501555544,0.485361919474717,0.4796480534837614,0.40229188030506485,1.054822979492004,1.054177582427518,1.04543998739669,0.009382992095314124,0.008737595030827938,0.0006453970644861862,0.485361919474717,1.054822979492004,0.0,0.0
main,dfl_linear,2268-01-01,2267-10-01,0.0032964625222268,0.007325472271615111,0.0074015719331539,0.0292792070580876,0.1020591638780056,0.0289639700204134,,0.11091889979000713,0.01303378650918603,0.1604103101237226,0.5303474665263238,0.5253163362963039,0.3804731679520104,1.0716156689048029,1.0709362883486362,1.0513773368272707,0.020238332077532117,0.019558951521365442,0.0006793805561666755,0.5303474665263238,1.0716156689048024,0.0,0.0
main,dfl_linear,2268-04-01,2268-01-01,0.003132219232052,0.006960487182337777,0.0078496965726666,0.0310310107983567,0.1037233344789917,0.01133272610604763,,0.044566125722707794,0.005099726747721434,0.11547459880482101,0.5261619447229359,0.5199934180490954,0.48481824738136486,1.0719146610891026,1.0710715603867091,1.0662638951750927,0.005650765914009925,0.004807665211616463,0.0008431007023934622,0.5261619447229359,1.0719146610891022,0.0,0.0
main,dfl_linear,2268-07-01,2268-04-01,0.0050286778035863,0.011174839563525113,0.010784571995455,0.0424454497803162,0.1137178781171738,0.013384755700826645,,0.05247367220311305,0.0060231400653719906,0.12185088405707317,0.49518050722440216,0.4898125177069415,0.4674224232332314,1.05828929295922,1.0576574096176496,1.055021799457068,0.0032674935021519413,0.0026356101605815585,0.0006318833415703828,0.4951805072244021,1.0582892929592196,0.0,0.0
main,dfl_linear,2268-10-01,2268-07-01,0.004448643535215,0.0098858745227,0.0120199406570276,0.047219814428292,0.1176433438225664,0.01905946619808674,,0.07408584773629223,0.008576759789139033,0.13798959573967098,0.4871110614151955,0.4787751448749593,0.4278584568522405,1.0601648235747885,1.059135224808297,1.0528463231705485,0.00731850040423998,0.006288901637748534,0.0010295987664914463,0.487111061415196,1.0601648235747885,0.0,0.0
main,dfl_linear,2269-01-01,2268-10-01,0.0079724891055828,0.017716642456850666,0.0124919121059906,0.0490391342096514,0.1191128367526787,0.021686429157853127,,0.08396448480593421,0.009758893121033908,0.1446660088907084,0.4755443471064213,0.4747555297089408,0.41301899627656674,1.0419787290486044,1.0419090961069049,1.0364592968923265,0.005519432156277926,0.0054497992145783325,6.963294169959333e-05,0.4755443471064213,1.0419787290486044,0.0,0.0
main,dfl_linear,2269-04-01,2269-01-01,0.0056812747251706,0.012625054944823555,0.0131306310046118,0.0514970690592165,0.1210770244970793,0.039345983415842056,,0.14833654564083654,0.017705692537128927,0.1766389182751543,0.47628504646037767,0.4694747384031154,0.0,1.052956825841023,1.0521996063977663,1.0,0.0529568258410229,0.05219960639776633,0.0007572194432565738,0.4762850464603776,1.052956825841023,0.0,0.0
main,dfl_linear,2269-07-01,2269-04-01,0.0068323915154761,0.015183092256613556,0.0131956271454863,0.051746921539916,0.1212753597185279,0.039155445992946625,,0.14766066424442692,0.01761995069682598,0.17639712085311707,0.47324340630012524,0.4689472388664022,0.0,1.0471710499188212,1.046742824769188,1.0,0.04717104991882115,0.046742824769187896,0.00042822514963325453,0.4732434063001252,1.047171049918821,0.0,0.0
main,dfl_linear,2269-10-01,2269-07-01,0.0057349082613732,0.012744240580829333,0.0128705914233268,0.0504969536743682,0.1202806853023111,0.05009966716170311,,0.1858355047446869,0.0225448502227664,0.18757501056192255,0.4779758409502747,0.4716032225526002,0.0,1.0528884652896209,1.0521833292177651,1.0,0.05288846528962088,0.05218332921776514,0.0007051360718557387,0.4779758409502747,1.0528884652896204,0.0,0.0
main,dfl_linear,2270-01-01,2269-10-01,0.0050922933251654,0.011316207389256445,0.0135939141666836,0.0532769038259143,0.1224845976689502,0.04405854642391205,,0.16492558249413458,0.019826345890760422,0.18205289230918137,0.4744353062166754,0.4657534411960839,0.0,1.0555454940137017,1.0545290467231854,1.0,0.05554549401370168,0.05452904672318537,0.0010164472905163091,0.4744353062166754,1.0555454940137012,0.0,0.0
main,dfl_linear,2270-04-01,2270-01-01,0.0061714139558328,0.013714253235184,0.013596030236265,0.0532850275612729,0.1224909942044904,0.045966241508722305,,0.17157161699077894,0.020684808678925037,0.1839568109020399,0.4720044454566685,0.4657366544977445,0.0,1.0501673986176563,1.0495012210625183,1.0,0.05016739861765629,0.04950122106251831,0.0006661775551379812,0.4720044454566632,1.0501673986176554,0.0,0.0
main,dfl_linear,2270-07-01,2270-04-01,0.0066851802534444,0.014855956118765333,0.0137287541410218,0.053794459208681,0.1228916061426409,0.05662832409143448,,0.2079887858582432,0.025482745841145515,0.19204713380440622,0.4699760773624449,0.4646870040820595,0.0,1.047537233077144,1.0470022528485694,1.0,0.04753723307714397,0.047002252848569404,0.0005349802285745664,0.4699760773624449,1.0475372330771435,0.0,0.0
main,dfl_linear,2270-10-01,2270-07-01,0.0057393464174513,0.012754103149891779,0.0127365054360978,0.0499809483960156,0.11986828196886,0.07404156774282455,,0.26486692347278484,0.03331870548427105,0.19826479986513076,0.4789097030146291,0.4727121811086398,0.0,1.052970543223661,1.0522850567949364,1.0,0.052970543223660904,0.052285056794936446,0.0006854864287244578,0.4789097030146291,1.0529705432236605,0.0,0.0
main,dfl_linear,2271-01-01,2270-10-01,0.0049158410845023,0.010924091298894,0.0100075149843173,0.0394331567949671,0.1111808755146251,0.037748973816633224,,0.1426591214284323,0.016987038217484953,0.17455334731067068,0.5017644113165086,0.4971859235785403,0.0,1.0596304800222653,1.0590863652635585,1.0,0.05963048002226534,0.05908636526355848,0.0005441147587068595,0.5017644113165086,1.059630480022265,0.0,0.0
main,dfl_linear,2271-04-01,2271-01-01,0.0045000472993754,0.010000105109723111,0.0099818141176994,0.0393334050814657,0.1110959200533057,0.0211009681224823,,0.0817697500038197,0.009495435655117035,0.14322389958568696,0.5030283081310389,0.4974361694559259,0.4161609783835242,1.0618722439708699,1.0611844135588773,1.0511876034996301,0.010684640471239737,0.00999681005924713,0.0006878304119926071,0.5030283081310389,1.0618722439708694,0.0,0.0
main,dfl_linear,2271-07-01,2271-04-01,0.0039578159648738,0.008795146588608443,0.0080954743619625,0.0319907951247844,0.1046146557543862,0.015840543434023857,,0.061872472891204344,0.0071282445453107355,0.12910863618479915,0.5214512705842317,0.5171774911242089,0.44890629840414026,1.066965731821931,1.0664168851984193,1.0576493729863325,0.009316358835598448,0.008767512212086714,0.000548846623511734,0.5214512705842317,1.0669657318219308,0.0,0.0
main,dfl_linear,2271-10-01,2271-07-01,0.0043210894069678,0.009602420904372888,0.0083144948011972,0.0328454886344238,0.1053977535257741,0.015618271194398403,,0.061024681989198304,0.007028222037479282,0.12846836352139207,0.5183526749699263,0.5147236625551964,0.4504890448324847,1.064684766866088,1.064231905651443,1.0562161251360505,0.008468641730037474,0.008015780515392645,0.00045286121464482854,0.5183526749699263,1.0646847668660877,0.0,0.0
main,dfl_linear,2272-01-01,2271-10-01,0.0041777535279686,0.00928389672881911,0.0071835962882591,0.0284262409670719,0.1012288194375353,0.018532995134592056,,0.07209649336631152,0.008339847810566426,0.13658861426364816,0.5302042111720564,0.5280039582915895,0.4310730850992259,1.0669236823392267,1.066645960997646,1.054411107275814,0.012512575063412745,0.012234853721831973,0.0002777213415807722,0.5302042111720564,1.0669236823392263,0.0,0.0
main,dfl_linear,2272-04-01,2272-01-01,0.0047698711152493,0.010599713589442889,0.0113940912030828,0.0448033130375427,0.1156697276684229,0.012251859530806541,,0.048114123630578653,0.0055133367888629435,0.11836739230783584,0.4910636235188614,0.4842690335915939,0.47678713190597477,1.059075586815446,1.0582581888900051,1.057358106474195,0.0017174803412509654,0.0009000824158100773,0.0008173979254408881,0.4910636235188614,1.059075586815446,0.0,0.0
main,dfl_linear,2272-07-01,2272-04-01,0.0058903835897659,0.013089741310590888,0.0122187123158712,0.0479863422549446,0.1182641414578099,0.022117165848612785,,0.08557668608689684,0.009952724631875754,0.145710088853328,0.48226581745095837,0.4770697355473735,0.410764449753752,1.0526133507615794,1.0520464781575365,1.0448128258177432,0.007800524943836207,0.0072336523397933394,0.0005668726040428673,0.4822658174509583,1.0526133507615791,0.0,0.0
main,dfl_linear,2272-10-01,2272-07-01,0.0072521234864917,0.016115829969981555,0.0130247577903127,0.0510899747935587,0.1207533486246003,0.03117172047495842,,0.11897703607134402,0.014027274213731289,0.1644262381119555,0.47347257651679436,0.4703378313136683,0.37248810642869207,1.0452065769311496,1.0449072753301416,1.0355647044293168,0.009641872501832793,0.009342570900824798,0.0002993016010079952,0.4734725765167943,1.0452065769311494,0.0,0.0
main,dfl_linear,2273-01-01,2272-10-01,0.006055499593866,0.013456665764146667,0.0108961032888412,0.0428772232208038,0.1140773744625616,0.03839915990829468,,0.1449739701574143,0.017279621958732606,0.1754187209875909,0.49180438960462447,0.4887831466735834,0.0,1.052841923450918,1.0525173071794576,1.0,0.052841923450918094,0.05251730717945757,0.0003246162714605205,0.4918043896046243,1.052841923450918,0.0,0.0
main,dfl_linear,2273-04-01,2273-01-01,0.0052761578893632,0.011724795309696001,0.0115921587667218,0.0455685790713247,0.1162975349706017,0.02298879437148571,,0.08883258709129405,0.01034495746716857,0.14777896727153259,0.48834397388064094,0.4825094165198385,0.40634485158245065,1.0562759885068145,1.0556036233287007,1.0468265391210632,0.009449449385751318,0.008777084207637564,0.0006723651781137541,0.4883439738806409,1.0562759885068145,0.0,0.0
main,dfl_linear,2273-07-01,2273-04-01,0.0058436447917378,0.012985877314972888,0.0110766201029931,0.0435757523104423,0.1146569603136863,0.02082050032913685,,0.080716956180511,0.009369225148111582,0.14252368534554638,0.4909165580942445,0.4871315599746992,0.41769863002612256,1.0537865618809803,1.0533718640423766,1.045764545605707,0.008022016275273325,0.007607318436669619,0.0004146978386037059,0.4909165580942445,1.05378656188098,0.0,0.0
main,dfl_linear,2273-10-01,2273-07-01,0.0055498645211437,0.012333032269208222,0.0123920829612,0.0486545378397187,0.1188033218986121,0.021113188937306404,,0.0818156027888326,0.009500935021787883,0.14325427223079765,0.4818042107887772,0.4755972135636815,0.4160944615956861,1.0542036264565717,1.0535053308595792,1.0468111906495323,0.00739243580703941,0.006694140210046884,0.0006982955969925264,0.4818042107887772,1.0542036264565713,0.0,0.0
main,dfl_linear,2274-01-01,2273-10-01,0.0049305519600543,0.010956782133454,0.0126603089862845,0.0496876266632667,0.1196333828466874,0.027440832927823067,,0.10532742054592903,0.01234837481752038,0.15744123575362262,0.481315479985893,0.4733458787960488,0.3864187848477157,1.0571294908051407,1.056183543132921,1.045865776884089,0.011263713921051632,0.01031776624883185,0.0009459476722197824,0.481315479985893,1.0571294908051403,0.0,0.0
main,dfl_linear,2274-04-01,2274-01-01,0.0034676825581417,0.0077059612403148885,0.0124045062382798,0.0487024054400753,0.118841877323282,0.03214002028107643,,0.12249392876152576,0.014463009126484395,0.16608446508787603,0.4865953588069293,0.475492224202464,0.3691851100950036,1.0648744378934891,1.0633941327420249,1.04922093082594,0.0156535070675492,0.014173201916084954,0.0014803051514642451,0.4865953588069293,1.0648744378934891,0.0,0.0
main,dfl_linear,2274-07-01,2274-04-01,0.004705325651128,0.010456279224728889,0.0108030784697234,0.0425171043900486,0.1137776052028124,0.0220650527626276,,0.08538174563572243,0.00992927374318242,0.1455845328597495,0.4958277703732893,0.4896412308277422,0.4110346934691537,1.0599687541579221,1.059220512346424,1.0497133076359784,0.010255446521943767,0.009507204710445638,0.0007482418114981293,0.4958277703732893,1.059968754157922,0.0,0.0
main,dfl_linear,2274-10-01,2274-07-01,0.0038317780320819,0.008515062293515334,0.0107193465383823,0.0421928734091607,0.1135071290646957,0.020125040784478188,,0.07810249945549819,0.009056268353015184,0.14076133679063532,0.49865634653489105,0.490417735070059,0.4216049177666659,1.0646668618757555,1.0635984604539217,1.0546746615636398,0.009992200312115784,0.008923798890281942,0.0010684014218338422,0.498656346534891,1.064666861875755,0.0,0.0
main,dfl_linear,2275-01-01,2274-10-01,0.0069239243633685,0.015386498585263333,0.0119122534867533,0.0468043445921451,0.1173058302994233,0.017999032512307167,,0.07007555830613188,0.008099564630538226,0.13514670358345568,0.48209091089247513,0.4797068576452507,0.4344210756458808,1.0476116629970667,1.0473762120951526,1.0429037540122554,0.0047079089848112154,0.004472458082897202,0.00023545090191401385,0.4820909108924751,1.0476116629970662,0.0,0.0
main,dfl_linear,2275-04-01,2275-01-01,0.0065251641184077,0.014500364707572667,0.0128993025258622,0.0506074157465024,0.1203688328354103,0.04186444729566574,,0.15723241765084828,0.018839001283049585,0.17966373691554205,0.47597741841524704,0.4713667842710589,0.0,1.0489058985756066,1.0484321634841902,1.0,0.048905898575606566,0.048432163484190216,0.0004737350914163496,0.475977418415247,1.0489058985756063,0.0,0.0
main,dfl_linear,2275-07-01,2275-04-01,0.0055587039915405,0.012352675536756666,0.0124471893432343,0.0488668521313468,0.1189742617805943,0.04555339366197586,,0.1701367120306413,0.020499027147889138,0.1835579201525198,0.4813872371594168,0.4751320404311388,0.0,1.054114164276035,1.0534109990958975,1.0,0.05411416427603499,0.05341099909589753,0.0007031651801374661,0.4813872371594138,1.0541141642760343,0.0,0.0
main,dfl_linear,2275-10-01,2275-07-01,0.005812401888807,0.012916448641793334,0.013526695831473,0.0530188208459307,0.12228125351461,0.02550739049911499,,0.09819176004533947,0.011478325724601746,0.15342873854062378,0.4732749684730219,0.4662878464080936,0.39456737212357107,1.052001551496691,1.051233834604658,1.0433534771268334,0.008648074369857595,0.007880357477824562,0.0007677168920330324,0.4732749684730219,1.052001551496691,0.0,0.0
main,dfl_linear,2276-01-01,2275-10-01,0.0078790134278015,0.017508918728447776,0.0136792955180219,0.0536046471519553,0.122742456877561,0.04835056886076927,,0.17982227667418604,0.021757755987346174,0.1861248413350088,0.4676798770396712,0.4650773117006722,0.0,1.0417216590315834,1.0414894845271587,1.0,0.041721659031583425,0.041489484527158726,0.00023217450442469811,0.4676798770396712,1.0417216590315834,0.0,0.0
main,dfl_linear,2276-04-01,2276-01-01,0.0052351761927359,0.011633724872746444,0.0133356785718903,0.0522851272080813,0.1217017691268516,0.0700262263417244,,0.2520323677968904,0.03151180185377598,0.1974413577615461,0.47588014137503387,0.4678166578378481,0.0,1.055034699883782,1.0541021722199784,1.0,0.05503469988378207,0.05410217221997837,0.000932527663803695,0.4758801413750338,1.0550346998837818,0.0,0.0
main,dfl_linear,2276-07-01,2276-04-01,0.0052935023976103,0.011763338661356221,0.0125546542734096,0.0492807916117109,0.1193070124159356,0.033546239137649536,,0.1275825942382941,0.015095807611942291,0.16838539578450745,0.4812307590891291,0.4742288321515065,0.36455305006396965,1.0553728057565523,1.0545671292013536,1.041947287965049,0.01342551779150325,0.012619841236304552,0.0008056765551986977,0.4812307590891291,1.055372805756552,0.0,0.0
main,dfl_linear,2276-10-01,2276-07-01,0.0053140012887113,0.011808891752691777,0.012236264302801,0.0480540061644195,0.11831882412532,0.03685254603624344,,0.13945987805288063,0.016583645716309547,0.17332256937805685,0.4834822438319334,0.476920029338847,0.35331310138241373,1.0555327642958456,1.0547790284237375,1.0405815382715982,0.014951226024247477,0.014197490152139336,0.0007537358721081411,0.4834822438319334,1.0555327642958454,0.0,0.0
main,dfl_linear,2277-01-01,2276-10-01,0.004934844297727,0.010966320661615556,0.0115752709082943,0.0455033480395917,0.1162441242248314,0.02787015214562416,,0.10690612501313412,0.012541568465530872,0.15829495222218434,0.48928713010725555,0.4826586794805068,0.384703190158354,1.058054679818409,1.0572682038308967,1.0456456325039,0.01240904731450887,0.011622571326996622,0.0007864759875122473,0.4892871301072555,1.0580546798184087,0.0,0.0
main,dfl_linear,2277-04-01,2277-01-01,0.0058647053323925,0.013032678516427778,0.011836418838836,0.0465116840290479,0.1170676407342286,0.021884772926568985,,0.08470712886355913,0.009848147816956044,0.14514856459963513,0.48512521310778367,0.4803663109109814,0.41197491300054817,1.053049871560195,1.0525294715820313,1.0450506706932297,0.007999200866965372,0.0074788008888015955,0.0005203999781637769,0.4851252131077836,1.0530498715601948,0.0,0.0
main,dfl_linear,2277-07-01,2277-04-01,0.0045614466556105,0.010136548123578889,0.0116056560586571,0.0456207112989889,0.1163402068134179,0.025546642020344734,,0.0983370467569562,0.01149598890915513,0.1535129676026672,0.48995193220095457,0.4823902212999638,0.39439467655471533,1.059963028584281,1.0590375845619149,1.0482682028775812,0.011694825706699774,0.010769381684333723,0.0009254440223660509,0.4899519322009545,1.059963028584281,0.0,0.0
main,dfl_linear,2277-10-01,2277-07-01,0.004886920786409,0.010859823969797778,0.01099165438987,0.0432470160568689,0.1143845052047711,0.01919919066131115,,0.07461328121230648,0.008639635797590018,0.13835793137005375,0.4938968428194783,0.4879067196211164,0.4270194042250049,1.0588383221185096,1.0581247139968966,1.0508711598827292,0.007967162235780423,0.007253554114167393,0.0007136081216130297,0.493896842819463,1.0588383221185074,0.0,0.0
main,dfl_linear,2278-01-01,2277-10-01,0.0039896018723245,0.008865781938498888,0.0082079877565484,0.0324299320327049,0.105018193430026,0.023956889286637306,,0.0924386310359171,0.010780600178986788,0.15000807826466322,0.5202702551121621,0.5159106513668027,0.40164993263282817,1.066648691019741,1.0660902084231711,1.0514529554498058,0.015195735569935254,0.014637252973365378,0.0005584825965698759,0.5202702551121621,1.0666486910197408,0.0,0.0
main,dfl_linear,2278-04-01,2278-01-01,0.0038376087653876,0.00852801947863911,0.0091444139703649,0.0360789856827445,0.1082847462207566,0.014129911549389362,,0.0553329643293885,0.006358460197225213,0.12409539069805438,0.5119741600010994,0.5058405113853729,0.46155759328533896,1.066364093639463,1.065569026108936,1.0598289010147068,0.006535192624756103,0.005740125094229054,0.0007950675305270494,0.5119741600010994,1.066364093639463,0.0,0.0
main,dfl_linear,2278-07-01,2278-04-01,0.0033492980378083,0.007442884528462888,0.0060445938290999,0.023960034702155,0.0965940264703706,0.01390304509550333,,0.054463124579282596,0.006256370292976499,0.1234159182240399,0.5460204449487017,0.543390873356117,0.4633194607656914,1.073443582702683,1.0730898868648815,1.0623197198004268,0.011123862902256088,0.010770167064454661,0.00035369583780142655,0.5460204449487015,1.0734435827026827,0.0,0.0
main,dfl_linear,2278-10-01,2278-07-01,0.0038797493887566,0.008621665308347999,0.0078883137839553,0.0311818617145833,0.1038643147707393,0.008904180489480495,,0.0351438329422713,0.004006881220266223,0.10746078629784465,0.5237135756210648,0.5195463963342751,0.5083496406068561,1.0676651064553453,1.0671266964480717,1.065680047547761,0.0019850589075842695,0.0014466489003106542,0.0005384100072736153,0.5237135756210648,1.0676651064553448,0.0,0.0
main,dfl_linear,2279-01-01,2278-10-01,0.0022129005860143,0.004917556857809555,0.0044405700568572,0.017644318112432,0.0886578864381978,0.013649758882820606,,0.05349127798170927,0.006142391497269273,0.12265330809728461,0.574478930833635,0.5712627291516928,0.4653108735098969,1.0837998127531046,1.083330662216405,1.067875359702974,0.01592445305013057,0.015455302513430969,0.00046915053669960294,0.574478930833635,1.083799812753104,0.0,0.0
main,dfl_linear,2279-04-01,2279-01-01,0.0011523582325834,0.002560796072407556,0.0026423214823117,0.0105274684969094,0.0752137540587169,0.008397561497986317,,0.03316949553620652,0.0037789026740938426,0.10569220275321416,0.6266994725229681,0.6234677995033517,0.5138058973618318,1.0980636884186834,1.0975580078014795,1.0803985061990398,0.017665182219643638,0.01715950160243973,0.0005056806172039074,0.6266994725229681,1.0980636884186834,0.0,0.0
main,dfl_linear,2279-07-01,2279-04-01,0.0010386228315738,0.0023080507368306667,0.0020930876820189,0.0083461012920174,0.0690559530483652,0.0047721052542328835,,0.018952217267371063,0.002147447364404798,0.090496867907913,0.6523388022112535,0.6499852828063429,0.564628614878049,1.1028175775323572,1.1024466319623691,1.08899324559179,0.013824331940567314,0.013453386370579246,0.00037094556998806816,0.6523388022112535,1.1028175775323548,0.0,0.0
main,dfl_linear,2279-10-01,2279-07-01,0.0008395071334829,0.0018655714077397778,0.0019232309256536,0.0076707592404913,0.0668183354903802,0.0030711537692695856,,0.012228138943579991,0.0013820191961713135,0.07915656747270738,0.6628757130034152,0.6601061631254911,0.6074172863398213,1.1057982308877845,1.1053561970770835,1.0969467926562588,0.008851438231525677,0.008409404420824718,0.00044203381070095915,0.6628757130034152,1.1057982308877845,0.0,0.0
