split,model,date,feature_date,c_q_realised,pd_q_realised,pd_q_true,pd_a_true,k_irb_true,pd_q_hat,pd_q_hat_std,pd_a_hat,c_q_hat,k_irb_hat,alpha_oracle,alpha_bayes,alpha_hat,utility_oracle,utility_bayes_realised,utility,regret,regret_vs_bayes,regret_irreducible,alpha_oracle_panel,utility_oracle_panel,shortfall_realised_at_hat,shortfall_predicted_at_hat
main,mlp,2205-01-01,2204-10-01,0.0042187598531352,0.009375021895856001,0.0089043353319676,0.0351444359140151,0.1074613202279435,0.008815163187682629,0.0003788679975258626,0.034797144103324684,0.003966823434457183,0.10715320209404637,0.513136078085339,0.508348007351777,0.5092916484713238,1.06455888226412,1.063956483586729,1.0640752053421036,0.0004836769220164516,-0.00011872175537464003,0.0006023986773910917,0.513136078085339,1.06455888226412,0.0,0.0
main,mlp,2205-04-01,2205-01-01,0.0034232461935151,0.007607213763366889,0.0079183989742881,0.0312993716793125,0.1039738997079362,0.00863550677895546,0.0003024339683763764,0.034097165558128584,0.0038859780505299574,0.10652844158934775,0.5246668171795944,0.519199343694833,0.511214008526016,1.0701833884384346,1.069452017970943,1.068383839344788,0.0017995490936466574,0.0010681786261550474,0.0007313704674916099,0.5246668171795944,1.0701833884384344,0.0,0.0
main,mlp,2205-07-01,2205-04-01,0.0041245385538991,0.009165641230886888,0.0084685995265581,0.0334465192714684,0.1059429563684654,0.0076601458713412285,0.000157625348701605,0.030290310956750277,0.003447065642103553,0.103025963020225,0.5174175811008095,0.5130264318981055,0.5222136453523557,1.065585066007781,1.065028467583551,0.9735006841303284,0.0920843818774526,0.09152778345322266,0.0005565984242299482,0.5174175811008095,1.0655850660077806,0.009269230515258742,0.0
main,mlp,2205-10-01,2205-07-01,0.0023262392138682,0.005169420475262666,0.0062246534527993,0.0246670991757008,0.0973664553077119,0.0072668900713324545,0.00018439791076273199,0.02875224633957507,0.0032701005320996046,0.10154787137223457,0.5467686912881656,0.5407812984138218,0.5269687745102264,1.0791379924305124,1.0782713915085538,1.0762721998402205,0.00286579259029196,0.001999191668333289,0.0008666009219586712,0.5467686912881656,1.0791379924305122,0.0,0.0
main,mlp,2206-01-01,2205-10-01,0.0017595730731917,0.0039101623848704446,0.0033671361566896,0.0134006715638823,0.0815489368124702,0.0061998189426958564,0.00029825232180266735,0.024569600992273344,0.0027899185242131353,0.09726095214784689,0.6005698960095712,0.5979958293189734,0.5411366702343057,1.090328276353728,1.089941125734081,1.0813892654607544,0.008939010892973664,0.00855186027332655,0.00038715061964711417,0.6005698960095709,1.0903282763537274,0.0,0.0
main,mlp,2206-04-01,2206-01-01,0.0024978021465479,0.005550671436773111,0.0047879071505227,0.0190145227802714,0.0905813394423869,0.0034265952184796334,0.0002676512650388194,0.013636092341528738,0.001541967848315835,0.08200225312087894,0.5672820871553147,0.5643264955366244,0.5962360816868763,1.0811338064921456,1.0807110919311005,0.5748763976652713,0.5062574088268743,0.5058346942658292,0.0004227145610451455,0.5672820871553147,1.0811338064921456,0.0510398466411256,0.0
main,mlp,2206-07-01,2206-04-01,0.0017939302876212,0.0039865117502693335,0.0043616280148319,0.0173327008027219,0.0881997126701148,0.004362750519067049,0.00013766057973078102,0.01733713231669609,0.0019632377335801724,0.0882062865166391,0.577388389884657,0.5729327373447376,0.572908727637926,1.0866433042972732,1.0859746859709911,1.0859710830576494,0.0006722212396237381,3.6029133416715098e-06,0.0006686183262820666,0.577388389884657,1.086643304297273,0.0,0.0
main,mlp,2206-10-01,2206-07-01,0.0018884110772265,0.004196469060503333,0.0047033264127217,0.018680993659858,0.0901259893114755,0.004268639720976353,0.00024015860970749684,0.01696554196189004,0.0019208878744393588,0.08764904090413245,0.57072934248678,0.5659577850706677,0.5749491125507074,1.0851048134132768,1.0843932983861715,1.011797647219843,0.07330716619343369,0.07259565116632838,0.0007115150271053139,0.57072934248678,1.0851048134132766,0.007393640095885279,0.0
main,mlp,2207-01-01,2206-10-01,0.001869051208312,0.004153447129582222,0.0028808944492213,0.0114738760515802,0.0774844893273908,0.0034335638862103223,0.00016602687409510757,0.013663681158184171,0.0015451037487946451,0.08205482893059592,0.6151819132021142,0.6141416967397252,0.5960324977862332,1.0918524964359342,1.091697182248612,1.0889933070262814,0.002859189409652796,0.0027038752223305096,0.0001553141873222863,0.6151819132021138,1.091852496435934,0.0,0.0
main,mlp,2207-04-01,2207-01-01,0.002011181421516,0.004469292047813333,0.0036319006627046,0.0144486498915651,0.0835050746448462,0.002969374321401119,0.00020933982808401356,0.011824698830775415,0.0013362184446305036,0.07827630759145064,0.5927111032810054,0.5904581483812867,0.6109426093748517,1.0876549697587587,1.087321784345984,0.7827562216052071,0.30489874815355167,0.30456556274077684,0.00033318541277482794,0.5927111032810054,1.0876549697587583,0.0307594972513896,0.0
main,mlp,2207-07-01,2207-04-01,0.0016647198335558,0.0036993774079017777,0.0042005788270487,0.0166967422965031,0.0872381192516666,0.003573482437059283,0.00011881227636443634,0.014217493455093377,0.0016080670966766774,0.08308690419984459,0.5810479309926717,0.5764603884463314,0.5920573804741842,1.0879432322570681,1.0872488948399244,0.9001339351841975,0.18780929707287064,0.1871149596557269,0.0006943374171437533,0.5810479309926717,1.0879432322570677,0.018947560809668085,0.0
main,mlp,2207-10-01,2207-07-01,0.0017223991728705,0.0038275537174899997,0.0030273122180746,0.0120543720493695,0.0787812781066042,0.004327136371284723,0.00013942518439546256,0.0171965245665876,0.0019472113670781254,0.08799686933422188,0.6108598251577774,0.6089163137683289,0.5736743026295229,1.092103006050591,1.0918099711612597,1.0864963213982983,0.005606684652292637,0.005313649762961337,0.0002930348893313006,0.6108598251577774,1.0921030060505903,0.0,0.0
main,mlp,2208-01-01,2207-10-01,0.0014125085115902,0.0031389078035337775,0.0027493242916379,0.0109520275312476,0.0762579323692651,0.0027818543836474418,0.00018877072943103507,0.011081071303730816,0.0012518344726413489,0.07656689290737811,0.6216182376943268,0.6191508022523361,0.6178828152648409,1.0956514534156174,1.0952717769969986,1.0950766656072242,0.0005747878083932623,0.00019511138977446052,0.00037967641861880175,0.6216182376943268,1.095651453415617,0.0,0.0
main,mlp,2208-04-01,2208-01-01,0.0019532420796421,0.0043405379547602225,0.0026284253964816,0.0104723224529781,0.0750748973771967,0.003153867879882455,0.00010813452346630025,0.012555915609581136,0.0014192405459471048,0.07984923675022099,0.6241100921485541,0.6240456097406609,0.604665785409171,1.0926601145378185,1.0926505409908172,1.0897732653869303,0.0028868491508882155,0.002877275603886842,9.573547001373583e-06,0.6241100921485541,1.0926601145378183,0.0,0.0
main,mlp,2208-07-01,2208-04-01,0.0006507436365878,0.0014460969701951111,0.0019101026200834,0.0076185473908837,0.0666374787022394,0.0036185676697641613,0.00018224057623723413,0.014395895842282291,0.0016283554513938725,0.08341027056499667,0.664503818194659,0.6609362847398546,0.5908201429595414,1.107312425144918,1.1067362950214503,1.0954130595332148,0.011899365611703239,0.01132323548823555,0.0005761301234676885,0.6645038181946539,1.1073124251449165,0.0,0.0
main,mlp,2208-10-01,2208-07-01,0.0022159331046589,0.004924295788130888,0.0036434769332056,0.014494451479142,0.0835870865576416,0.002318416628986597,0.0001540313793286728,0.009241465999535459,0.0010432874830439687,0.07176148710649932,0.5917054033310968,0.5901452632209975,0.638102907973475,1.086294711845155,1.086067179967837,0.30892952467873447,0.7773651871664204,0.7771376552891025,0.00022753187731794355,0.5917054033310966,1.086294711845155,0.07841318302812339,0.0
main,mlp,2209-01-01,2208-10-01,0.0009640220418716,0.002142271204159111,0.002378741525678,0.00948106944281,0.0724407179123238,0.0025596673134714366,0.00014795257477681118,0.010199424913128419,0.0011518502910621464,0.0743763293177036,0.6385502588604764,0.6351780846977138,0.6269659659372274,1.101120678244717,1.1005866614875917,1.0992861921707862,0.0018344860739307745,0.001300469316805497,0.0005340167571252774,0.6385502588604764,1.1011206782447165,0.0,0.0
main,mlp,2209-04-01,2209-01-01,0.0004523640493925,0.0010052534430944444,0.0015609190171255,0.006229072466016,0.0613401775825524,0.0034589153248816727,0.0001698668060717938,0.013764042116207964,0.0015565118961967527,0.08224513429474875,0.6896906429346935,0.6861038928273769,0.59529648376953,1.112748115492368,1.1121617666423655,1.09731690199341,0.01543121349895804,0.014844864648955625,0.0005863488500024161,0.6896906429346935,1.1127481154923675,0.0,0.0
main,mlp,2209-07-01,2209-04-01,0.0007892416844833,0.0017538704099628888,0.0017976936226507,0.0071714075044362,0.0650384220230146,0.001510358601808548,3.442256022462972e-05,0.006027761085012351,0.0006796613708138466,0.06048488326032739,0.6710163387755935,0.6683570968490159,0.6903300776572627,1.107434804258989,1.1070090394610996,0.8226992142852776,0.2847355899737114,0.28430982517582204,0.00042576479788936084,0.6710163387755935,1.107434804258989,0.028782786602774557,0.0
main,mlp,2209-10-01,2209-07-01,0.0005684202618224,0.001263156137383111,0.0018252499303912,0.0072810348101683,0.0654390273980146,0.0017431600484997035,7.260064917744558e-05,0.006954429730150591,0.0007844220218248666,0.06422832283639257,0.6702078301555914,0.6664841379845333,0.672173432044294,1.1087853183632146,1.1081809042992647,1.0797761485929147,0.02900916977029988,0.028404755706350038,0.000604414063949843,0.6702078301555914,1.1087853183632144,0.0029328218008199958,0.0
main,mlp,2210-01-01,2209-10-01,0.001004263789206,0.0022316973093466667,0.0021974380992677,0.0087608224119316,0.0703434887184261,0.002003335254266858,3.943827980829713e-05,0.007989293048473955,0.0009015008644200862,0.06789665838834183,0.6470491892254928,0.6442835090685975,0.655194623329503,1.10220618308414,1.1017693235421224,0.9776071653025082,0.12459901778163185,0.12416215823961418,0.00043685954201766464,0.6470491892254928,1.10220618308414,0.012588564906592548,0.0
main,mlp,2210-04-01,2210-01-01,0.0010796263166881,0.002399169592640222,0.0018742869089291,0.007476096251989,0.0661379433281445,0.002028835564851761,4.613003142608999e-05,0.008090678604127821,0.0009129760041832924,0.06823113924211618,0.6648159454862833,0.6632387351156016,0.6536841554641157,1.104511550936687,1.1042636075726435,1.1027615919475604,0.0017499589891265543,0.0015020156250831196,0.00024794336404343476,0.6648159454862833,1.1045115509366867,0.0,0.0
main,mlp,2210-07-01,2210-04-01,0.0010599612192242,0.0023554693760537778,0.0018471050815835,0.0073679747393912,0.0657527029111844,0.001963245146907866,7.94641761396094e-05,0.007829884851724755,0.0008834603161085396,0.06736231896349586,0.6666103813874866,0.6650241040553422,0.6576203674350265,1.104924732547068,1.104675051879817,1.1035097008645536,0.0014150316825143339,0.0011653510152633828,0.00024968066725095106,0.6666103813874866,1.1049247325470672,0.0,0.0
main,mlp,2210-10-01,2210-07-01,0.0010244724129566,0.0022766053621257774,0.0021740898053596,0.0086680403049964,0.0700607831571682,0.0021789717953652143,7.504074041670364e-05,0.00868744103272645,0.0009805373079143464,0.07012014585569745,0.6481500637557452,0.6455280261345964,0.6452663528485653,1.1022490921132269,1.1018354518449591,1.1017941715035342,0.000454920609692655,4.1280341424920763e-05,0.00041364026826773426,0.6481500637557452,1.1022490921132264,0.0,0.0
main,mlp,2211-01-01,2210-10-01,0.0012962457668476,0.0028805461485502224,0.0041741443841042,0.0165923272573103,0.0870766625481495,0.00229303315281868,6.355508193149112e-05,0.009140632804471527,0.001031864918768406,0.07147027711546033,0.5828425879729018,0.5770557533694151,0.6393639035089544,1.0903624824054639,1.0894653057906598,0.12937296858946956,0.9609895138159943,0.9600923372011902,0.0008971766148040405,0.5828425879729018,1.0903624824054634,0.09697524396660484,0.0
main,mlp,2211-04-01,2211-01-01,0.0017057792717437,0.0037906206038748886,0.0055187512297212,0.0218929366303951,0.0942265502237582,0.003251923667266965,0.00022507179417682535,0.012944382068480031,0.0014633656502701343,0.08064557106556883,0.5582465224638946,0.5515017949005695,0.6015265235779486,1.0842629621364672,1.0832448982425873,0.31551099902297364,0.7687519631134936,0.7677338992196137,0.001018063893879928,0.5582465224638946,1.0842629621364672,0.07752847421848885,0.0
main,mlp,2211-07-01,2211-04-01,0.0012498242964491,0.0027773873254424443,0.003017958837989,0.0120172967669007,0.0787004594305984,0.004049400752410293,0.00010235876926681804,0.016099482464604353,0.0018222303385846319,0.0863001352163429,0.6129318117945841,0.6092398965240611,0.5799315764705711,1.0953119736770158,1.0947378743656226,1.0901803791015465,0.0051315945754693,0.004557495264076117,0.0005740993113931836,0.6129318117945839,1.0953119736770154,0.0,0.0
main,mlp,2211-10-01,2211-07-01,0.0009620163511792,0.0021378141137315555,0.0027569360876457,0.0109822239318029,0.076330571930882,0.002379822079092264,0.00010142725640615,0.009485360878519589,0.001070919935591519,0.07245272320472036,0.6230817260001638,0.6188523060620438,0.6351265931731305,1.0986835818826963,1.0980137270444563,0.9072801634637311,0.19140341841896524,0.19073356358072524,0.0006698548382400027,0.6230817260001638,1.098683581882696,0.019331108251234186,0.0
main,mlp,2212-01-01,2211-10-01,0.0009462097696511,0.002102688377002444,0.0025812420162749,0.0102850599519314,0.0745976141597989,0.002426942763850093,0.0001067549444864149,0.009672487892902204,0.0010921242437325418,0.0729708766960979,0.629945760912347,0.6260384401597838,0.6329109139861341,1.0998702795000188,1.0992508210642804,1.0532704993641322,0.046599780135886615,0.04598032170014821,0.000619458435738407,0.629945760912347,1.0998702795000186,0.004706986928421364,0.0
main,mlp,2212-04-01,2212-01-01,0.0022590792474754,0.00502017610550089,0.0035682819932567,0.0141969137271551,0.0830493244567832,0.002208479167893529,8.513859527462934e-05,0.00880469545274587,0.000993815625552088,0.07047612854490357,0.5934422105681392,0.5922014142610648,0.6437010278677082,1.0862919615507434,1.0861115383430309,0.24669678946763107,0.8395951720831123,0.8394147488753998,0.00018042320771249898,0.5934422105681392,1.086291961550743,0.08469032668777987,0.0
main,mlp,2212-07-01,2212-04-01,0.0020887600050431,0.004641688900095777,0.0056417599920617,0.0223767805168858,0.0947967845697029,0.0033174519892781975,0.00011016403567857236,0.013203920950493497,0.001492853395175189,0.08116350421668228,0.5552916518880614,0.5495326129834653,0.599498324378657,1.0816902875812133,1.0808430615465552,0.2920954155272706,0.7895948720539427,0.7887476460192846,0.0008472260346581439,0.5552916518880614,1.081690287581213,0.07960982217378187,0.0
main,mlp,2212-10-01,2212-07-01,0.0023155849106671,0.005145744245926889,0.0043464392216226,0.0172727357697729,0.088110590819454,0.0054309720173478125,0.0002174940074255673,0.02154755521309737,0.0024439374078065157,0.09381283736002377,0.5759500231244659,0.5732583872360477,0.5529366740768095,1.0834229920564564,1.083033124341684,1.0800896430544369,0.0033333490020195367,0.002943481287247085,0.00038986771477245163,0.5759500231244659,1.083422992056456,0.0,0.0
main,mlp,2213-01-01,2212-10-01,0.0013055307916976,0.0029011795371057776,0.0024999654808678,0.0099624254173888,0.0737537130455118,0.004323946870863437,0.0002476571667631222,0.01718393140561858,0.0019457760918885469,0.0879780286892896,0.6318746162347609,0.6295880058597858,0.5737432536635086,1.097905617847574,1.0975513197071092,1.0888984717736048,0.00900714607396913,0.008652847933504404,0.0003542981404647261,0.6318746162347609,1.0979056178475737,0.0,0.0
main,mlp,2213-04-01,2213-01-01,0.0007273110672795,0.0016162468161766666,0.001753727579901,0.0069964785223785,0.0643871388435592,0.0025072249583899973,0.00016321305198707317,0.009991245775531343,0.0011282512312754988,0.07383024087087628,0.6742431206693636,0.6714221915758899,0.6292647339392033,1.1083689994354542,1.1079156002772472,1.1011397632493594,0.007229236186094834,0.0067758370278878655,0.0004533991582069685,0.6742431206693636,1.1083689994354538,0.0,0.0
main,mlp,2213-07-01,2213-04-01,0.0004067198156924,0.0009038218126497777,0.0021654386192681,0.0086336603246459,0.06995526057252,0.002030889526940882,6.543683786376582e-05,0.008098844522843152,0.0009139002871233969,0.06825790121861562,0.6512028457932676,0.6459936185134503,0.6535635630871156,1.1067535070790748,1.1058995438556571,1.0708890003560283,0.03586450672304653,0.03501054349962884,0.0008539632234176864,0.6512028457932676,1.1067535070790748,0.0036251505723386424,0.0
main,mlp,2213-10-01,2213-07-01,0.0016370923362174,0.003637982969372,0.0035693990710726,0.0142013343688778,0.0830574016880372,0.0020344337448477746,0.0001445782260857936,0.008112935119726883,0.0009154951851814986,0.0683040180692414,0.5956121393170265,0.592170451764878,0.6533558571704575,1.0903121187189209,1.0897902588133124,0.12958263959696104,0.9607294791219598,0.9602076192163513,0.0005218599056084905,0.5956121393170265,1.0903121187189206,0.09694851057417109,0.0
main,mlp,2214-01-01,2213-10-01,0.001173864956063,0.002608588791251111,0.0032349993397289,0.0128773413449552,0.0805099801704844,0.003163264086470008,0.00025633837679384433,0.01259314541718537,0.0014234688389115036,0.07992668865788156,0.6064875499512477,0.6020592480128264,0.6043593316254353,1.0947705635800469,1.0940785911389952,1.0944380053104257,0.00033255826962119706,-0.00035941417143048326,0.0006919724410516803,0.6064875499512477,1.0947705635800462,0.0,0.0
main,mlp,2214-04-01,2214-01-01,0.0026860006788261,0.005968890397391333,0.0046749452903408,0.0185690586887504,0.0899713956675443,0.0030837571248412132,0.0001907007247777236,0.01227808836157207,0.001387690706178546,0.07926339316023218,0.5686425521164761,0.5665131264385326,0.6069916571813557,1.0802582059456254,1.0799576588198951,0.4112735547859725,0.6689846511596529,0.6686841040339226,0.0003005471257302439,0.5686425521164761,1.0802582059456252,0.06743972435881862,0.0
main,mlp,2214-07-01,2214-04-01,0.0009183739454507,0.0020408309898904443,0.0025115300082885,0.0100083366642157,0.0738755152268986,0.0041880100965499874,0.00013248405017365537,0.01664709732837144,0.0018846045434474945,0.08716148331129785,0.6329358646901855,0.6290736161464444,0.5767428717019567,1.1005205071952233,1.099907119324209,1.0915961461799737,0.008924361015249627,0.008310973144235234,0.0006133878710143925,0.632935865946822,1.1005205073947977,0.0,0.0
main,mlp,2214-10-01,2214-07-01,0.0008697510334771,0.0019327800743935554,0.0020341406589018,0.0081117699160502,0.0683002074661042,0.003640461293980479,0.00022450331862593255,0.01448252023721186,0.0016382075822912157,0.08356574913824404,0.6562973414823992,0.6533730160271708,0.590226639242416,1.1045498004588172,1.1040839481332074,1.0940245730980578,0.010525227360759448,0.010059375035149642,0.0004658523256098057,0.6562973414823989,1.1045498004588166,0.0,0.0
main,mlp,2215-01-01,2214-10-01,0.0007360961045155,0.0016357691211455554,0.0017268158948143,0.0068893928082797,0.06398091750669,0.0022989675402641297,1.527424517155608e-05,0.00916420722510447,0.0010345353931188585,0.07153865139881568,0.6760547448254124,0.6733467368079009,0.6390674443790951,1.1086007844896173,1.1081657726842018,1.1026591800923866,0.005941604397230682,0.005506592591815185,0.0004350118054154972,0.6760547448254124,1.1086007844896169,0.0,0.0
main,mlp,2215-04-01,2215-01-01,0.0010802483265514,0.002400551836780889,0.0018803013992498,0.0075000189758606,0.0662224647236623,0.001935874205082655,5.9065847234784714e-05,0.00772104017225661,0.0008711433922871948,0.06699139004638693,0.6644398410088967,0.6628481582406894,0.6593135791065978,1.1044482930260553,1.1041980844474637,1.1036424573848833,0.0008058356411719814,0.0005556270625803883,0.00025020857859159307,0.6644398410088965,1.1044482930260549,0.0,0.0
main,mlp,2215-07-01,2215-04-01,0.0025201033724948,0.005600229716655111,0.0052892965015441,0.0209899171859416,0.0931324268843816,0.0017428271239623427,4.07159767454683e-05,0.006953104983294933,0.0007842722057830543,0.06422330485282524,0.5591198463199968,0.555307958257094,0.6721971983102065,1.0798417360783614,1.0792974024034223,-0.9264279098846913,2.0062696459630525,2.0057253122881136,0.0005443336749391126,0.5591198463199968,1.0798417360783612,0.20224169749363752,0.0
main,mlp,2215-10-01,2215-07-01,0.0043773970160798,0.009727548924621778,0.0077614904742756,0.0306863840934071,0.1033999495030584,0.003887937031686306,0.00010680151139295273,0.015461286653146167,0.0017495716642588377,0.08525699263941744,0.5236223120673448,0.5210211189750996,0.5838276560482685,1.0650475209633499,1.0647243850726549,-0.07725906583743725,1.1423065868007871,1.1419834509100921,0.00032313589069499216,0.5236223120673448,1.0650475209633496,0.11497856576586407,0.0
main,mlp,2216-01-01,2215-10-01,0.0030182901872812,0.0067073115272915556,0.0059593919475101,0.0236253269902495,0.0962222196888371,0.007537024933844805,0.0003287407548690151,0.029808968654661983,0.0033916612202301625,0.10256795157440696,0.5481238782753046,0.5446534179423519,0.5236799376953515,1.0755408423181225,1.075062553545869,1.0721720493606,0.0033687929575225706,0.0028905041852691493,0.00047828877225342126,0.5481238782753046,1.0755408423181223,0.0,0.0
main,mlp,2216-04-01,2216-01-01,0.0038255507944006,0.00850122398755689,0.0077427304202276,0.0306130755436249,0.1033309195657699,0.00694472724571824,0.0002726403343772489,0.027490870993280847,0.003125127260573208,0.10030091112926834,0.5253301786149756,0.5212409168484453,0.531032270480613,1.0681586971860846,1.067628137995302,0.9603556465951648,0.10780305059091977,0.10727249140013728,0.0005305591907824869,0.5253301786149756,1.0681586971860844,0.010854286560368354,0.0
main,mlp,2216-07-01,2216-04-01,0.0041157617642862,0.009146137253969334,0.007146307828952,0.0282802702538085,0.1010852559313895,0.0077901361510157585,0.0001539723633536487,0.0307983146094416,0.0035055612679570913,0.10350518345870957,0.5307826878036044,0.5284707753485143,0.5206863384977705,1.0673257406349341,1.0670324921513294,1.0660450956358725,0.0012806449990616642,0.0009873965154569841,0.00029324848360468003,0.5307826878036044,1.067325740634934,0.0,0.0
main,mlp,2216-10-01,2216-07-01,0.0021816529708948,0.004848117713099555,0.0051773763943779,0.0205492286240015,0.0925831773290575,0.006611286569386721,0.00019380193574918008,0.026184045600255446,0.0029750789562240244,0.0989700680173429,0.5619087736619353,0.5572325261883782,0.5354213256793316,1.082141774520891,1.0814581844372664,1.0782697474556402,0.003872027065250805,0.003188436981626186,0.0006835900836246189,0.5619087736619353,1.0821417745208908,0.0,0.0
main,mlp,2217-01-01,2216-10-01,0.0022675893209691,0.005039087379931333,0.0062525518242834,0.0247766171020256,0.0974845935281928,0.005958371143788099,0.00019936101078519452,0.023621316335442955,0.002681267014704645,0.09621773942573554,0.546590900114667,0.5403837736167896,0.5446686571405724,1.079432834338875,1.0785307892248364,1.0791534860956307,0.0002793482432443817,-0.0006226968707943037,0.0009020451140386854,0.546590900114667,1.0794328343388748,0.0,0.0
main,mlp,2217-04-01,2217-01-01,0.0026564349674715,0.005903188816603334,0.008119675077593,0.0320852625157682,0.1047016827031845,0.005634106043726206,0.0001917847748434542,0.022346679638918898,0.0025353477196767924,0.09476161606486015,0.5247742844905341,0.5169038591024051,0.5496537732198189,1.0742217922009047,1.0731086334677975,0.6036417993348591,0.4705799928660457,0.46946683413293844,0.0011131587331072446,0.5247742844905341,1.0742217922009043,0.04740988395342327,0.0
main,mlp,2217-07-01,2217-04-01,0.0023634005346973,0.005252001188216222,0.0083933052281202,0.0331528956656254,0.1056771481419684,0.005985304433852434,0.0002714681455856203,0.023727130904116822,0.0026933869952335955,0.09633574310412449,0.522901655997372,0.5138527549882955,0.5442674817003996,1.0754892176737756,1.0741828640790831,0.6699725336278228,0.40551668404595276,0.4042103304512603,0.0013063535946924443,0.522901655997372,1.0754892176737751,0.040860118272515344,0.0
main,mlp,2217-10-01,2217-07-01,0.0034607567945776,0.007690570654616889,0.0080245420270723,0.0317138712194878,0.1043588367036107,0.006526647321879864,0.00014650574877682622,0.025852116787073443,0.002936991294845939,0.09862494158228277,0.5235065058526583,0.5179831907919952,0.5365683111189613,1.069831806011895,1.069095037582951,0.8220680845880437,0.24776372142385128,0.2470269529949074,0.0007367684289438792,0.5235065058526583,1.0698318060118948,0.024950606739534198,0.0
main,mlp,2218-01-01,2217-10-01,0.0051609801835403,0.011468844852311777,0.0100487149893435,0.039593048466691,0.1113169148666515,0.006243745423853397,0.00015254698347276532,0.024742047667726697,0.002809685440734029,0.09744734524354406,0.5008065564459403,0.4967856537066957,0.5405090667721169,1.0582889743468724,1.057820980680251,0.2701386865313815,0.7881502878154909,0.7876822941488695,0.0004679936666214246,0.5008065564459403,1.0582889743468722,0.07927712708599866,0.0
main,mlp,2218-04-01,2218-01-01,0.0048440573944939,0.010764571987764222,0.0108993555008204,0.0428898113859833,0.114087840971212,0.008196470700204373,0.0002994456091729672,0.032384988121246794,0.003688411815091968,0.10497701009238197,0.49472646640803497,0.4887532342731344,0.5160397054246241,1.059149212377993,1.0584350561722502,0.6308888820462992,0.42826033033169386,0.427546174125951,0.0007141562057428885,0.4947264664080349,1.0591492123779926,0.04308085289558916,0.0
main,mlp,2218-07-01,2218-04-01,0.0037072592019142,0.008238353782031554,0.0076098504054138,0.030093702069317,0.102839359954071,0.009738686122000217,0.0004181573354424646,0.03838937799486186,0.004382408754900098,0.11028859690727656,0.5270186080421826,0.5228102675767383,0.49982513876869106,1.0690011803086428,1.068450193199601,1.0654408098626573,0.00356037044598545,0.003009383336943783,0.0005509871090416674,0.5270186080421826,1.0690011803086426,0.0,0.0
main,mlp,2218-10-01,2218-07-01,0.0038010187594274,0.00844670835428311,0.010026497672446,0.0395068285314544,0.1112435776775513,0.006928770616650581,0.00017010979377647545,0.02742836353015987,0.0031179467774927615,0.10023820604712647,0.5044273636126345,0.4970013641497854,0.5312378603367856,1.0655704183683212,1.0646051140912205,0.537551986356988,0.5280184320113332,0.5270531277342325,0.0009653042771007314,0.5044273636126345,1.065570418368321,0.053150352345101015,0.0
main,mlp,2219-01-01,2218-10-01,0.0031531479457376,0.007006995434972445,0.0078722998144556,0.0311193082743771,0.1038058960074525,0.00943445898592472,0.00020817772338574135,0.03720713293060829,0.004245506543666124,0.10926850675036726,0.5258755881391602,0.5197315533910891,0.5028720266443494,1.0717654635028335,1.0709269961706014,1.0686262014984254,0.003139262004408172,0.002300794672176032,0.0008384673322321401,0.5258755881391602,1.071765463502833,0.0,0.0
main,mlp,2219-04-01,2219-01-01,0.0024593091391531,0.005465131420340222,0.00488247285474,0.0193873251677414,0.0910812776225396,0.007824081182479858,0.00022739049469738722,0.030930939347915132,0.0035208365321159362,0.10362962042415402,0.5658009813889012,0.5625430573842758,0.520290908762992,1.0811397696286202,1.0806725608186354,1.0746133108027918,0.006526458825828474,0.00605925001584362,0.0004672088099848537,0.5658009813889002,1.0811397696286198,0.0,0.0
main,mlp,2219-07-01,2219-04-01,0.0026276826742203,0.005839294831600666,0.0059905859709823,0.0237478798139066,0.0963588334644938,0.004944899585098028,0.00021765659764135236,0.01963336920241976,0.0022252048132941128,0.09140622885318157,0.5488880333225394,0.5441890308219512,0.5613880836361187,1.0777901538457018,1.0771241963001716,0.8518277846966713,0.22596236914903045,0.22529641160350034,0.0006659575455301159,0.5488880333225394,1.077790153845701,0.022773391594535286,0.0
main,mlp,2219-10-01,2219-07-01,0.0020066845050979,0.0044592989002175554,0.004183636075456,0.0166298200321679,0.0871347575379218,0.005616340972483158,0.00029968837029632376,0.022276811810835184,0.0025273534376174214,0.09467983131516232,0.5802434870283152,0.5768414280962691,0.5499356818026775,1.08583724967472,1.08533397236358,1.081353720428111,0.004483529246608997,0.003980251935469026,0.0005032773111399713,0.5802434870283152,1.08583724967472,0.0,0.0
main,mlp,2220-01-01,2219-10-01,0.002357718068952,0.00523937348656,0.0031064845226184,0.0123681564341716,0.0794548531201855,0.004524531029164791,9.281916687920579e-05,0.01797566590497346,0.002036038963124156,0.08913623567288878,0.6060144340156336,0.6062299913371121,0.5695265404048403,1.0875223131033827,1.0839964842489236,1.082252628637411,0.005269684465971647,0.0017438556115125792,0.0035258288544590677,0.6060144340156336,1.0875223131033824,0.0,0.0
main,mlp,2220-04-01,2220-01-01,0.0014568965802962,0.0032375479562137778,0.0033055452543752,0.0131567655954094,0.0810702150798438,0.004184618964791298,0.0002885578130767197,0.01663370244529716,0.0018830785341560842,0.08714076562412541,0.6034015702564812,0.5998628557290144,0.5768192713551739,1.0925805269605686,1.092037578330891,1.0885019773488063,0.00407854961176235,0.00353560098208483,0.0005429486296775199,0.6034015702564812,1.0925805269605684,0.0,0.0
main,mlp,2220-07-01,2220-04-01,0.0010612677488832,0.002358372775296,0.0023500252155841,0.009367017033925,0.0721196076494626,0.003557510580867529,0.0004565582261177149,0.01415428696783061,0.001600879761390388,0.0829713006997927,0.6394643720879296,0.6365579700702393,0.5925006419058625,1.1006435853642045,1.100186154532499,1.093252089615712,0.007391495748492405,0.006934064916786831,0.0004574308317055742,0.6394643720879296,1.100643585364204,0.0,0.0
main,mlp,2220-10-01,2220-07-01,0.0007958182831825,0.0017684850737388889,0.0021932494651889,0.0087441779794478,0.0702929942298721,0.0022964564617723227,5.399107278672163e-05,0.00915423198899501,0.0010334054077975453,0.07150974138868331,0.6481351223938753,0.6445054899646727,0.6391927656317233,1.1037287227584334,1.103147829788811,1.1022975717324524,0.0014311510259810145,0.0008502580563587436,0.0005808929696222709,0.6481351223938753,1.1037287227584334,0.0,0.0
main,mlp,2221-01-01,2220-10-01,0.0008894137659766,0.0019764750355035555,0.0019684218833172,0.0078504699180481,0.067431910138876,0.002147704968228936,7.795891977683814e-05,0.008563183658186313,0.0009664672357030213,0.06973763225898096,0.6599731058903634,0.6573035493342206,0.646955681680796,1.1050055901340488,1.1045808480361172,1.1029344416297369,0.0020711485043118927,0.001646406406380363,0.00042474209793152973,0.6599731058903634,1.1050055901340483,0.0,0.0
main,mlp,2221-04-01,2221-01-01,0.001163024584398,0.00258449907644,0.0022580082370254,0.0090014873656494,0.0710630385702882,0.0022856634110212325,9.030352063978478e-05,0.009111355836995516,0.0010285485349595547,0.07138511456594497,0.6433927255151394,0.6411344719811974,0.6397334763937007,1.100607162314574,1.100254039764649,1.100034966429059,0.0005721958855149367,0.0002190733355900143,0.0003531225499249224,0.6433927255151394,1.1006071623145737,0.0,0.0
main,mlp,2221-07-01,2221-04-01,0.0007993322033933,0.0017762937853184444,0.0023252684414251,0.0092686827862457,0.0718395380149797,0.002707302616909146,0.0001739791491735652,0.010785312861720242,0.0012182861776091158,0.07585305781158856,0.6416884222743734,0.6377656559209542,0.6208188628590635,1.1026744327374094,1.1020467639247615,1.0993351638647502,0.003339268872659229,0.0027116000600113654,0.0006276688126478636,0.6416884222743728,1.102674432737409,0.0,0.0
main,mlp,2221-10-01,2221-07-01,0.0004894543672361,0.0010876763716357778,0.001635604309198,0.0065263835231821,0.0625591867646234,0.0024524303153157234,4.270849227446748e-05,0.0097736937381101,0.0011035936418920757,0.07324684714489532,0.6837670327025457,0.6801611827947861,0.6317361471048675,1.1115261338907443,1.1109380000960898,1.103039612552204,0.008486521338540332,0.007898387543885832,0.0005881337946544996,0.6837670327025452,1.1115261338907438,0.0,0.0
main,mlp,2222-01-01,2221-10-01,0.0010433028323506,0.002318450738556889,0.0016194874876904,0.006462230495523,0.0623004521266238,0.001819061697460711,2.693093358587814e-05,0.0072564169431332814,0.00081857776385732,0.06534956448599255,0.6823900394899258,0.6814147093349963,0.6669015927457462,1.1075221320246307,1.1073684522057337,1.1050816643751777,0.0024404676494529376,0.002286787830555914,0.00015367981889702342,0.6823900394899258,1.107522132024631,0.0,0.0
main,mlp,2222-04-01,2222-01-01,0.0006765103548304,0.0015033563440675557,0.0017514651892414,0.0069874764570913,0.0643532133397385,0.002095014927908778,7.243828945150552e-05,0.00835376194789772,0.0009427567175589502,0.06908030586030108,0.6746285236024662,0.6715825428805152,0.6498766261113289,1.1087736601464042,1.108282541760106,1.1047827905174377,0.0039908696289665535,0.0034997512426684363,0.0004911183862981172,0.6746285236024662,1.1087736601464036,0.0,0.0
main,mlp,2222-07-01,2222-04-01,0.0013653159633089,0.003034035474019778,0.0035150406355875,0.013986203046161,0.0826611816532512,0.0018869244027882814,5.684268747971685e-05,0.007526361569719309,0.0008491159812547267,0.06631523903465741,0.5979913555042184,0.59369220250075,0.6624199215217262,1.0922980762888024,1.0916345156064626,0.024826079131487377,1.067471997157315,1.0668084364749753,0.0006635606823397477,0.5979913555042184,1.092298076288802,0.10774163427514882,0.0
main,mlp,2222-10-01,2222-07-01,0.0013253528247037,0.0029452284993415553,0.0026349042701956,0.0104980338831183,0.0751397330894353,0.002327062515541911,7.156026858671661e-05,0.009275809119357104,0.00104717813199386,0.07185993610292574,0.6263109957631143,0.6237757058065527,0.6376775648191828,1.096919416814427,1.0965270896387778,0.9171940360344129,0.1797253807800141,0.1793330536043649,0.0003923271756491875,0.6263109957631139,1.0969194168144265,0.0181484317237377,0.0
main,mlp,2223-01-01,2222-10-01,0.0008400808033419,0.0018668462296486667,0.0013579689645217,0.0054208213932469,0.0577459192523794,0.002489373739808798,0.00017197251825844397,0.009920374737547255,0.0011202181829139592,0.07364164280528898,0.7052882502645372,0.7041899333499568,0.6300619139355641,1.1125634348457438,1.112388144353653,1.1005573723530335,0.012006062492710301,0.011830772000619438,0.00017529049209086267,0.7052882502645372,1.1125634348457432,0.0,0.0
main,mlp,2223-04-01,2223-01-01,0.0007264666113906,0.0016143702475346665,0.0013400640764908,0.0053494912981609,0.0574069685486768,0.0018117764499038457,9.56339201575166e-05,0.007227434374284192,0.0008152994024567306,0.06524387264801834,0.7075466546007271,0.7059407312686115,0.6673953780757708,1.1137277477672367,1.113469619144253,1.1072740189290449,0.006453728838191841,0.006195600215208152,0.00025812862298368877,0.7075466546007265,1.113727747767236,0.0,0.0
main,mlp,2223-07-01,2223-04-01,0.0007153205657489,0.0015896012572197775,0.0011474336044446,0.0045818408356478,0.053499914478379,0.0019096158910542726,7.128211286272502e-05,0.007616611608483259,0.0008593271509744226,0.06663075051863845,0.7277213456034337,0.7267204299505076,0.6609672016663394,1.1170516456149309,1.1168906515407504,1.1063144555535707,0.010737190061360202,0.010576195987179737,0.00016099407418046496,0.7277213456034337,1.1170516456149309,0.0,0.0
main,mlp,2223-10-01,2223-07-01,0.0003803866460212,0.0008453036578248889,0.0011398549969398,0.0045516302935018,0.053335602528553,0.001423470047302544,4.88862863153232e-05,0.005681734120572601,0.0006405615212861449,0.05895425533882477,0.7303748697681332,0.7276193005560447,0.6980130317063254,1.1199247296505537,1.1194722758402271,1.1146110409665642,0.005313688683989515,0.004861234873662967,0.0004524538103265474,0.7303748697681332,1.1199247296505537,0.0,0.0
main,mlp,2224-01-01,2223-10-01,0.0005358301882207,0.0011907337516015555,0.0012247484013501,0.0048900008998035,0.0551282651376735,0.001418908452615142,2.7996726692097265e-05,0.005663565425986228,0.0006385088036768139,0.058871670319255796,0.7201285445271798,0.717923465230955,0.698432024228579,1.1171229293449951,1.116764291503772,1.1135941704403836,0.003528758904611573,0.0031701210633885424,0.00035863784122303066,0.7201285445271798,1.1171229293449945,0.0,0.0
main,mlp,2224-04-01,2224-01-01,0.0007168938695722,0.001593097487938222,0.0013900154045852,0.0055484795004911,0.058343197222563,0.0013896610820665956,5.590265590011825e-05,0.005547068111619091,0.0006253474869299681,0.05833665804504539,0.7029378233079159,0.7011241780748647,0.7011576155674084,1.1130542361535312,1.11276254566587,1.1127679234532832,0.000286312700247926,-5.377787413163304e-06,0.0002916904876610893,0.7029378233079159,1.113054236153531,0.0,0.0
main,mlp,2224-07-01,2224-04-01,0.000781848626242,0.0017374413916488888,0.0014594476911472,0.0058250232690947,0.0595976840001556,0.0014315874082967638,4.3222318208140746e-05,0.005714064709765543,0.0006442143337335438,0.05910065075783339,0.6964780933562874,0.6947643717933536,0.697271442546256,1.1115629152788737,1.1112884087647976,1.1002992117004968,0.011263703578376916,0.010989197064300793,0.0002745065140761227,0.6964780933562874,1.111562915278873,0.0011390783452548403,0.0
main,mlp,2224-10-01,2224-07-01,0.0010066363598876,0.002236969688639111,0.0016244000058747,0.0064817851093189,0.0623795632291212,0.001624068059027195,5.0079368550998645e-05,0.006480463781338153,0.0007308306265622378,0.0623742244115778,0.6821924499583225,0.6810309847851491,0.6810568681123207,1.1077411343473096,1.1075576999289567,1.1075617877769395,0.00017934657037010915,-4.0878479827810565e-06,0.0001834344183528902,0.6821924499583225,1.1077411343473094,0.0,0.0
main,mlp,2225-01-01,2224-10-01,0.0010760025231802,0.002391116718178222,0.0020448682758403,0.0081544183706379,0.0684393344984852,0.0017186922952532769,5.009345820881834e-05,0.006857066060455552,0.0007734115328639746,0.06385713827413131,0.6548130674490739,0.652747046276949,0.6739351277718778,1.1029627902035788,1.102637929086603,0.8139465256441067,0.28901626455947205,0.28869140344249633,0.0003248611169757165,0.6548130674490739,1.1029627902035786,0.02920230168421456,0.0
main,mlp,2225-04-01,2225-01-01,0.0017128098020261,0.0038062440045024447,0.0040048760960594,0.0159235268690708,0.0860169068375091,0.0022457239218056204,0.00016449241727667886,0.008952681309411847,0.0010105757648125292,0.07091869148718465,0.5850357682943254,0.5809856653096664,0.6417640711549834,1.0882654590887428,1.0876544123482337,0.12716908284183326,0.9610963762469096,0.9604853295064004,0.000611046740509158,0.5850357682943254,1.0882654590887426,0.09696550831955797,0.0
main,mlp,2225-07-01,2225-04-01,0.0020091216107234,0.004464714690496444,0.004347553936242,0.0172771367327253,0.088117142322916,0.002913302928209305,0.00013667678298716771,0.011602386541792908,0.0013109863176941872,0.07777748770332407,0.5769466032846882,0.573234439175067,0.6129548081928118,1.0853354704629004,1.0847864087838357,0.466544713838962,0.6187907566239383,0.6182416949448737,0.0005490616790646552,0.5769466032846882,1.0853354704629,0.06241166864220604,0.0
main,mlp,2225-10-01,2225-07-01,0.0023590540352989,0.0052423423006642215,0.0049725905102644,0.019742493313501,0.0915491178618924,0.004472419992089272,0.0002455028389359437,0.0177700221637912,0.0020125889964401726,0.08884040890610236,0.5646266782383562,0.5608812697227441,0.5705993706311718,1.0815374335066879,1.0809965610867904,0.9766188049702973,0.10491862853639056,0.10437775611649314,0.0005408724198974202,0.5646266782383562,1.0815374335066872,0.010578114181747478,0.0
main,mlp,2226-01-01,2225-10-01,0.0036301336715281,0.008066963714506888,0.0072761890841334,0.0287886368590588,0.1015833532409856,0.003513828199356794,0.0003335246449144384,0.013981404254078345,0.0015812226897105575,0.08265226951835089,0.5307475605941983,0.5268538368059072,0.5937264969806247,1.0698987442718813,1.0693859460537631,-0.10841497083808616,1.1783137151099674,1.1778009168918493,0.0005127982181181157,0.5307475605941983,1.069898744271881,0.11866079568471533,0.0
main,mlp,2226-04-01,2226-01-01,0.0030935606422777,0.006874579205061556,0.0071992972010059,0.028487699391402,0.1012891322872245,0.007190675567835569,0.00018443477472904294,0.028453951906085906,0.003235804005526006,0.10125602346983902,0.5330982113660909,0.5278080319243085,0.5279155688937417,1.0730687830579955,1.0723436878208927,1.0723584273103954,0.0007103557476000333,-1.4739489502701986e-05,0.0007250952371027353,0.5330982113660909,1.0730687830579952,0.0,0.0
main,mlp,2226-07-01,2226-04-01,0.0019975691441399,0.004439042542533111,0.0045642316572521,0.0181323132634421,0.089359325175054,0.006315247062593699,0.00023990628489746151,0.02502270005446372,0.0028418611781671644,0.09774863887068895,0.5728791067868391,0.5687193796392501,0.5394968097170681,1.0848000336697907,1.0841842929349763,1.0798586422279401,0.004941391441850573,0.004325650707036166,0.0006157407348144073,0.5728791067868382,1.0848000336697905,0.0,0.0
main,mlp,2226-10-01,2226-07-01,0.0014600448491233,0.003244544109162889,0.0039519764323727,0.0157144436689659,0.0856760781532973,0.005431222543120384,0.00040148322412642825,0.021548541077145544,0.0024440501444041728,0.09381402645894525,0.5870745298182256,0.5822578194155705,0.5529325424246037,1.090056969576336,1.0893180883608211,1.0848196040225364,0.005237365553799611,0.004498484338284703,0.0007388812155149083,0.5870745298182256,1.090056969576336,0.0,0.0
main,mlp,2227-01-01,2226-10-01,0.0011846296064936,0.002632510236652444,0.0033733407894369,0.013425240006522,0.0815966409006478,0.0029007554054260253,9.985863022749095e-05,0.011552632891624892,0.0013053399324417115,0.07766446175333996,0.6024776088792962,0.5978102683158136,0.613412218851492,1.094079110164443,1.0933502876479282,0.9142926470551553,0.1797864631092876,0.17905764059277285,0.0007288225165147377,0.6024776088792962,1.0940791101644425,0.01814939429575313,0.0
main,mlp,2227-04-01,2227-01-01,0.0021582611471309,0.004796135882513111,0.0040167466594623,0.0159704400840161,0.0860927386619806,0.003089139750227332,0.0002236476659599858,0.012299420119444293,0.0013901128876022994,0.07930887372451455,0.5832570156802553,0.5807031690092614,0.6068105894530386,1.0853989690769408,1.0850250415166711,0.6850193961912943,0.4003795728856465,0.40000564532537686,0.0003739275602696601,0.5832570156802552,1.0853989690769406,0.04038282256479753,0.0
main,mlp,2227-07-01,2227-04-01,0.0020273567420297,0.004505237204510445,0.0045977083391549,0.0182643881403254,0.0895459395116632,0.003167596785351634,0.0001149074577856338,0.012610312154840209,0.0014254185534082354,0.07996231953246728,0.5721697807901633,0.5680454314366781,0.6042184391082132,1.0845246005460416,1.083915325129338,0.5291342084879678,0.5553903920580738,0.5547811166413703,0.0006092754167035253,0.5721697807901633,1.084524600546041,0.056012482602036506,0.0
main,mlp,2227-10-01,2227-07-01,0.0016211055152414,0.0036024567005364444,0.0036998572300404,0.014717497660185,0.0839825766706093,0.0034804434515535833,0.0003293414166664247,0.013849261380981859,0.0015661995531991125,0.08240556842556912,0.5924041273243262,0.5886399043562763,0.5946770732479952,1.0899203974099145,1.089349029977423,1.0518974378967196,0.0380229595131949,0.037451592080703255,0.0005713674324916429,0.5924041273243262,1.089920397409914,0.003836796757664407,0.0
main,mlp,2228-01-01,2227-10-01,0.0014306651815313,0.0031792559589584445,0.0026156771719497,0.0104217296219975,0.0749468322929104,0.0037935976404696705,0.00012814523279602324,0.01508826043688749,0.0017071189382113518,0.08462613822380807,0.6266547568094842,0.6245792972781984,0.5862024893744993,1.0963126677299104,1.095993683405525,1.0900954233061653,0.006217244423745161,0.005898260099359787,0.00031898432438537405,0.6266547568094842,1.0963126677299102,0.0,0.0
main,mlp,2228-04-01,2228-01-01,0.0008556149753082,0.001901366611796,0.0021795132658271,0.0086895927854645,0.0701267216786819,0.0026774239260703324,8.020965969744292e-05,0.010666760833125566,0.0012048407667316495,0.07556112941331933,0.6485827244583663,0.6452373779659243,0.6220261608103222,1.1034125267912778,1.1028791318661124,1.0991782460339063,0.0042342807573714225,0.003700885832206069,0.0005333949251653536,0.6485827244583663,1.103412526791277,0.0,0.0
main,mlp,2228-07-01,2228-04-01,0.0006520523375903,0.001449005194645111,0.0016690980234554,0.0066596953564713,0.0630895322167119,0.002275857189670205,6.106972617418168e-05,0.009072398727612008,0.0010241357353515924,0.07127136386808623,0.6805425417958315,0.67760472608542,0.6402276810960782,1.1098936534696235,1.109419256526288,1.103383630863654,0.0065100226059695565,0.006035625662633937,0.0004743969433356199,0.6805425417958315,1.1098936534696235,0.0,0.0
main,mlp,2228-10-01,2228-07-01,0.0003528094397464,0.0007840209772142222,0.0011655346236485,0.0046539940003749,0.0538888884900245,0.001916750380769372,0.00018651437614914377,0.007644986085488914,0.0008625376713462175,0.06672920783531794,0.7275812261608462,0.7246008106513113,0.660515018187264,1.119666670747304,1.119176476128963,1.108636163720353,0.011030507026950964,0.010540312408610086,0.0004901946183408779,0.7275812261608462,1.1196666707473035,0.0,0.0
main,mlp,2229-01-01,2228-10-01,0.0007705850578187,0.001712411239597111,0.0010299369850878,0.0041133876881727,0.0508502384001274,0.0014554480090737342,3.584337096400089e-05,0.005809094390835212,0.0006549516040831804,0.05952683948595845,0.7417251746690623,0.7414741402451059,0.6951207077512579,1.118894205978323,1.118853966628859,1.1114237825944766,0.007470423383846292,0.007430184034382448,4.023934946384422e-05,0.7417251746690623,1.118894205978323,0.0,0.0
main,mlp,2229-04-01,2229-01-01,0.0004671834679395,0.00103818548431,0.00101913090179,0.0040702960733018,0.0505949897362648,0.0009840346756391227,6.263050522308276e-05,0.0039303325676202094,0.00044281560403760525,0.04975155816988195,0.744811408001871,0.7429251666529254,0.7477581474644737,1.1216486807788022,1.1213406044399268,1.082566575355896,0.039082105422906244,0.038774029084030825,0.0003080763388754182,0.744811408001871,1.1216486807788018,0.003956339097301087,0.0
main,mlp,2229-07-01,2229-04-01,0.0002802582730683,0.000622796162374,0.0010155708858712,0.0040560994268513,0.050510447658084,0.0010110325645655393,0.00015367870794448857,0.00403800126999454,0.0004549646540544927,0.05040234584053206,0.7463204054626841,0.7434069420126315,0.744023837740029,1.123290203437825,1.122808906800567,1.122910816381458,0.00037938705636686443,-0.00010190958089095759,0.000481296637257822,0.7463204054626841,1.1232902034378247,0.0,0.0
main,mlp,2229-10-01,2229-07-01,0.0004655768937164,0.0010346153193697776,0.001049663377489,0.0041920473755537,0.0513109549300867,0.0009005568688735365,6.729230780162348e-05,0.003597364380208301,0.00040525059099309144,0.04765122070381309,0.7408695280928175,0.7388685648756989,0.760055550050163,1.1210167633842074,1.120689917586122,0.8651844754675839,0.2558322879166235,0.2555054421185381,0.0003268457980853956,0.7408695280928175,1.1210167633842072,0.025896621392040076,0.0
main,mlp,2230-01-01,2229-10-01,0.0006121159050349,0.0013602575667442222,0.0011257803322921,0.0044955227465949,0.0530281338129241,0.0011157832574099301,7.878029350057397e-05,0.00445566875090142,0.0005021024658344686,0.05280788964762021,0.7307791333342187,0.7293068971188466,0.7305202680472417,1.1182976790943338,1.118059355202185,1.1182557742817159,4.190481261789891e-05,-0.00019641907953094062,0.00023832389214883953,0.7307791333342187,1.1182976790943335,0.0,0.0
main,mlp,2230-04-01,2230-01-01,0.0003777020014572,0.000839337781016,0.0011667098205113,0.0046586783619176,0.0539139748885554,0.0011939423624426127,0.00010747504892242789,0.004767223265401022,0.0005372740630991758,0.05448968257632976,0.7273167498499505,0.7244645046394468,0.7213495305605337,1.119442124053675,1.1189737198455565,1.1184621695197403,0.0009799545339346238,0.0005115503258161791,0.00046840420811844474,0.7273167498499505,1.1194421240536745,0.0,0.0
main,mlp,2230-07-01,2230-04-01,0.0004561422991589,0.0010136495536864445,0.0011592601693904,0.0046289836025593,0.0537546066159874,0.0012333281571045517,6.657276834637715e-05,0.004924193540099431,0.0005549976706970482,0.055303783680115154,0.7277450921164036,0.7253312411993935,0.7169870928104054,1.11894162228036,1.1185471059213734,1.11718335018233,0.0017582720980300337,0.0013637557390433486,0.00039451635898668513,0.7277450921164036,1.11894162228036,0.0,0.0
main,mlp,2230-10-01,2230-07-01,0.0004163278022905,0.0009251728939788889,0.0013693991297613,0.0054663552635537,0.0579603198472537,0.0012719708727672696,0.00011252260449005597,0.00507818426078166,0.0005723868927452713,0.05608208971138786,0.7063311656807619,0.703086603193944,0.7128621295394103,1.1157229828153965,1.1151914043333058,1.024329940874866,0.09139304194053044,0.0908614634584397,0.0005315784820907332,0.7063311656807619,1.1157229828153958,0.009246305365048224,0.0
main,mlp,2231-01-01,2230-10-01,0.000601327004371,0.0013362822319355554,0.0014499357195538,0.005787141185129,0.0594289240743612,0.0012686599045991897,0.00019187869902374463,0.005064990795707325,0.0005708969570696353,0.05601617345031442,0.698176528131249,0.6956137504127843,0.713209773128455,1.1130953327242168,1.1126801967419973,0.9002090312225229,0.21288630150169385,0.21247116551947431,0.00041513598221953885,0.698176528131249,1.113095332724216,0.021532148769942305,0.0
main,mlp,2231-04-01,2231-01-01,0.0006439579310632,0.0014310176245848887,0.0017838506665009,0.0071163326224057,0.0648349885817828,0.0013481426751241088,7.715528872633115e-05,0.005381675566094257,0.000606664203805849,0.05756037373038803,0.6725901802023417,0.6693118134323842,0.7051473463265745,1.1086639524650281,1.1081342981504994,0.629867443104107,0.4787965093609211,0.4782668550463923,0.0005296543145287824,0.6725901802023414,1.1086639524650277,0.04840564588164059,0.0
main,mlp,2231-07-01,2231-04-01,0.0007547878102549,0.001677306245010889,0.0019990460336494,0.0079722389625916,0.0678399894432616,0.0023044390138238667,0.00020308454315274177,0.009185942342416764,0.00103699755622074,0.07160153342051634,0.6587841791719727,0.6554511398358102,0.6387950128767208,1.1057033194206136,1.1051685261867583,1.1024960152735794,0.0032073041470341845,0.0026725109131788827,0.0005347932338553019,0.6587841791719707,1.105703319420613,0.0,0.0
main,mlp,2231-10-01,2231-07-01,0.0011156954779385,0.0024793232843077777,0.0017508284882715,0.0069849430092788,0.0643436583660008,0.002196367038413882,0.00018076828149568035,0.00875656634272548,0.000988365167286247,0.07033058614575108,0.6726788227026353,0.6716277193199077,0.6443402162606605,1.1055049950080995,1.1053401367527105,1.1010602816764317,0.004444713331667849,0.004279855076278816,0.0001648582553890332,0.672678822702635,1.105504995008099,0.0,0.0
main,mlp,2232-01-01,2231-10-01,0.0006342018741522,0.001409337498116,0.0019483478896715,0.0077706447714591,0.0671610575108814,0.002218463737517595,0.00017157410477298355,0.008844369111119188,0.0009983086818829178,0.0705955038107217,0.6622724456663097,0.6585381282000218,0.6431775729650318,1.1070616266095308,1.106457944386552,1.1039747880362545,0.003086838573276296,0.0024831563502976106,0.0006036822229786853,0.6622724456663097,1.1070616266095303,0.0,0.0
main,mlp,2232-04-01,2232-01-01,0.0009043650386021,0.002009700085782444,0.0016896147363024,0.0067413494433515,0.0634096007537889,0.0018921389477327467,0.0001235080247569893,0.007547101736194328,0.000851462526479736,0.0663880647959084,0.6779019103321092,0.6760702514211121,0.662084109053787,1.1077568130627349,1.1074656592485044,1.1052424731126136,0.0025143399501212915,0.0022231861358907867,0.0002911538142305048,0.6779019103321092,1.1077568130627344,0.0,0.0
main,mlp,2232-07-01,2232-04-01,0.0007377539018068,0.001639453115126222,0.0015305694832392,0.0061082364121221,0.0608297878138672,0.002008443931117654,7.167463228578126e-05,0.008009605033074352,0.0009037997690029443,0.06796399963748279,0.6907625713967607,0.6886201376269663,0.6548900305557759,1.1109519841719553,1.1106078611873595,1.1051900483804014,0.005761935791553929,0.005417812806958189,0.00034412298459574053,0.6907625713967607,1.1109519841719548,0.0,0.0
main,mlp,2232-10-01,2232-07-01,0.0006202764818734,0.001378392181940889,0.0013754125530981,0.0054903100584665,0.0580725048154892,0.0017398457741364837,8.083471265088488e-05,0.0069412417739692645,0.0007829305983614176,0.06417832881696862,0.7047574869391631,0.7025105598048405,0.6724102350732084,1.1140278128600538,1.1136642662620662,1.1087941169424302,0.005233695917623571,0.004870149319635919,0.00036354659798765177,0.7047574869391631,1.1140278128600534,0.0,0.0
main,mlp,2233-01-01,2232-10-01,0.0006006754551011,0.001334834344669111,0.0016097879697074,0.0064236200547994,0.0621436100070538,0.0017911936389282345,6.193322811860666e-05,0.007145547284787446,0.0008060371375177056,0.06494308362725762,0.6851929658321747,0.6821766233103695,0.668804221053513,1.1109966322939722,1.110508005179479,1.1083417663384416,0.00265486595553055,0.0021662388410372824,0.0004886271144932675,0.6851929658321747,1.1109966322939715,0.0,0.0
main,mlp,2233-04-01,2233-01-01,0.0006597919649381,0.001466204366529111,0.0017322995046331,0.0069112136336485,0.064064166014011,0.001532642636448145,0.00012197106319845653,0.006116490980238476,0.0006896891864016652,0.06086493783679511,0.6760230143737518,0.6729515253631312,0.6884463122506475,1.10911152088482,1.1086157761687312,0.9273463305942411,0.1817651902905788,0.1812694455744901,0.0004957447160887085,0.6760230143737518,1.1091115208848197,0.018377033641272522,0.0
main,mlp,2233-07-01,2233-04-01,0.0012837962999473,0.002852880666549556,0.0021352848226311,0.0085138215649165,0.0695841420148415,0.0016553402179852127,2.3477722792303842e-05,0.00660493810053886,0.0007449030980933457,0.0628728766299051,0.6490643038674937,0.6476357073354657,0.6786469824800315,1.1007101395324093,1.1004884755844473,0.6495261047807577,0.4511840347516516,0.4509623708036896,0.00022166394796196975,0.6490643038674937,1.1007101395324088,0.0455774143425105,0.0
main,mlp,2233-10-01,2233-07-01,0.0010456731735449,0.002323718163433111,0.0022885039725956,0.0091226403022318,0.0714179722138078,0.002308399649336934,0.00012259025797317053,0.009201675518465624,0.0010387798422016204,0.07164695719811491,0.6424107467908753,0.639590845510297,0.6385983367561648,1.1012074886177055,1.1007632321537792,1.1006068690808726,0.0006006195368328804,0.0001563630729066734,0.000444256463926207,0.6424107467908751,1.101207488617705,0.0,0.0
main,mlp,2234-01-01,2233-10-01,0.0007747734461632,0.0017217187692515556,0.0015697627957011,0.0062642817178805,0.0614872350745938,0.002658241894096136,0.00012210229914770708,0.010590645161854262,0.0011962088523432613,0.075371900159831,0.687464718242845,0.6853819931517641,0.6228108005531393,1.1101677785761117,1.1098340171617724,1.0998068417904052,0.010360936785706487,0.010027175371367214,0.0003337614143392731,0.687464718242845,1.1101677785761117,0.0,0.0
main,mlp,2234-04-01,2234-01-01,0.0007920934429288,0.0017602076509528888,0.0014929333928931,0.0059583737760101,0.0601842237660047,0.0018508677370846272,9.115146446840156e-05,0.007382942030476736,0.0008328904816880823,0.06580635058436837,0.6935951751596472,0.6918269858309138,0.6647749690488748,1.1110300675239106,1.1107470174284142,1.1064165558601429,0.0046135116637677775,0.0043304615682713266,0.000283050095496451,0.6935951751596472,1.11103006752391,0.0,0.0
main,mlp,2234-07-01,2234-04-01,0.0008333413783023,0.0018518697295606666,0.0014159187795054,0.0056516575127445,0.0588174194823601,0.0016024993266910315,5.133371797885815e-05,0.006394605736516401,0.0007211246970109642,0.06202518780784229,0.7000312617744788,0.6987075137497055,0.6827529215321652,1.111771601812694,1.1115602434845664,1.1090128282107083,0.00275877360198562,0.0025474152738580447,0.0002113583281275755,0.7000312617744838,1.1117716018126944,0.0,0.0
main,mlp,2234-10-01,2234-07-01,0.0006921068158031,0.001538015146229111,0.0013671232686695,0.0054572891357507,0.0579177523302931,0.0017815668368712067,4.082855605465873e-05,0.007107246073678297,0.000801705076592043,0.06480128336832484,0.7051695695868444,0.7033054061789911,0.6694702290344808,1.1135879610365098,1.1132876835859933,1.1078375493928725,0.005750411643637321,0.0054501341931207925,0.00030027745051652843,0.7051695695868444,1.1135879610365091,0.0,0.0
main,mlp,2235-01-01,2234-10-01,0.0006769875506005,0.0015044167791122222,0.0014659517802041,0.0058509256298742,0.0597125266600422,0.0015962672419846057,5.03702439604363e-05,0.006369796816395712,0.0007183202588930726,0.06192354525780336,0.6964296821869619,0.6941874459354525,0.6832482609931024,1.1122854443603172,1.1119239283303417,1.1101602021802235,0.0021252421800936894,0.0017637261501182167,0.0003615160299754727,0.6964296821869619,1.1122854443603172,0.0,0.0
main,mlp,2235-04-01,2235-01-01,0.0003559951962491,0.000791100436109111,0.0011571175515106,0.0046204428752381,0.0537086184594295,0.0018798813689500093,0.0001352907686822097,0.007498348313200065,0.0008459466160275043,0.06621657045173844,0.7285198771603597,0.7255817057029861,0.6628753828499832,1.1197978435965297,1.1193146905409366,1.1090032597987334,0.010794583797796298,0.010311430742203198,0.0004831530555930996,0.7285198771603597,1.1197978435965297,0.0,0.0
main,mlp,2235-07-01,2235-04-01,0.0006143347268912,0.0013651882819804445,0.0012590244298059,0.0050265948445546,0.0558235327707303,0.001403739466331899,9.260207606753863e-05,0.005603146018696048,0.0006316827598493546,0.05859538647309923,0.7161381078019439,0.714227561758687,0.6998370986122108,1.1159117170219977,1.115602482434547,1.1132732902384088,0.002638426783588832,0.002329192196138141,0.00030923458745069077,0.7161381078019436,1.1159117170219972,0.0,0.0
main,mlp,2235-10-01,2235-07-01,0.0007849391031465,0.0017443091181033334,0.0015657819822722,0.0062484332389254,0.0614211328283659,0.0013895612210035324,3.046731778114864e-05,0.005546670330270342,0.0006253025494515896,0.05833481480714124,0.6877291760415716,0.6857063139541484,0.7011670394584525,1.1101402463484864,1.109816283753326,0.9168978308078028,0.19324241554068355,0.19291845294552323,0.0003239625951603209,0.6877291760415716,1.110140246348486,0.019539449755013316,0.0
main,mlp,2236-01-01,2235-10-01,0.000983787110514,0.00218619357892,0.0015597314471861,0.0062243443875248,0.06132037343825,0.0019619837636128067,8.315433017145404e-05,0.007824868967587828,0.0008828926936257631,0.06734533514870052,0.6872655575081722,0.6862012211734948,0.6576977274913516,1.1086993836916053,1.108531045991052,1.1040228727493437,0.004676510942261514,0.004508173241708269,0.00016833770055324493,0.6872655575081704,1.1086993836916044,0.0,0.0
main,mlp,2236-04-01,2236-01-01,0.0005952441640774,0.0013227648090608887,0.0013304302200429,0.0053111100292996,0.0572230050536199,0.0020033655688166617,7.38775343173736e-05,0.007989413579364002,0.0009015145059674978,0.06789705848104795,0.7091280712553863,0.7068943435113636,0.6551928132857231,1.1149124725109225,1.114550502383964,1.1061723956474636,0.008740076863458901,0.008378106736500301,0.00036197012695859954,0.7091280712553863,1.1149124725109223,0.0,0.0
main,mlp,2236-07-01,2236-04-01,0.0006663965057405,0.0014808811238677779,0.0023301825979047,0.0092882024657439,0.0718953723577258,0.0016345123993232846,4.313389774904252e-05,0.006522037272709058,0.0007355305796954781,0.06254173095705769,0.6420060541333013,0.6375245784195525,0.6802456261686125,1.1035787111830078,1.10285568766066,0.5141219327471538,0.589456778435854,0.5887337549135061,0.0007230235223478765,0.6420060541333013,1.1035787111830078,0.059562619936593286,0.0
main,mlp,2236-10-01,2236-07-01,0.0010729866084472,0.002384414685438222,0.0018961385671088,0.0075630094757775,0.0664437928739191,0.0019104868173599244,0.00011331129627113588,0.007620075389642711,0.000859719067811966,0.0666427883989849,0.6634961176389185,0.6618273323095697,0.6609118878399873,1.1043481232735055,1.104085673181282,1.1039417011069592,0.00040642216654629415,0.0001439720743228179,0.00026245009222347626,0.6634961176389137,1.1043481232735042,0.0,0.0
main,mlp,2237-01-01,2236-10-01,0.0010105041003232,0.002245564667384889,0.0020590539440034,0.0082108124582825,0.0686222122600957,0.002111763134598732,6.41350954016148e-05,0.008420332927285945,0.0009502934105694294,0.06929100808510666,0.6543101566987161,0.6519258288833766,0.6489378498914142,1.1033122753631126,1.1029358020204747,1.1024640152000555,0.0008482601630570574,0.0004717868204191511,0.00037647334263790633,0.6543101566987161,1.1033122753631126,0.0,0.0
main,mlp,2237-04-01,2237-01-01,0.0013020179696073,0.002893373265794,0.00186634909363,0.0074445228126599,0.066025996199665,0.0020468578673899173,6.819890505561094e-05,0.008162327991515839,0.0009210860403254628,0.06846505882319522,0.6643281514475788,0.6637566671528059,0.6526314214137818,1.1029574575341858,1.102868889000875,1.1011447004154045,0.0018127571187813718,0.0017241885854706318,8.856853331074e-05,0.6643281514475788,1.1029574575341856,0.0,0.0
main,mlp,2237-07-01,2237-04-01,0.0018384527828885,0.004085450628641111,0.0034436548663211,0.0137036301215147,0.0821307587782852,0.0025473636109381915,9.657639064209669e-05,0.01015058615344211,0.0011463136249221862,0.07424926164491362,0.598196271670737,0.5957386716693451,0.6274996106517122,1.0894994176370179,1.0891317226524015,0.6040221337758276,0.48547728386119027,0.48510958887657396,0.0003676949846163069,0.598196271670737,1.0894994176370174,0.04898615167590192,0.0
main,mlp,2237-10-01,2237-07-01,0.0013501284907465,0.003000285534992222,0.0023995223182401,0.0095635982586641,0.0726706242260604,0.0037063817493617536,0.00032006727798747993,0.014743306876905726,0.0016678717872127891,0.08402792879955213,0.6360483467419634,0.6341932315569552,0.5884676459150112,1.0982686523083645,1.0979820393959314,1.090917495167398,0.007351157140966347,0.007064544228533309,0.00028661291243303744,0.6360483467419634,1.0982686523083638,0.0,0.0
main,mlp,2238-01-01,2237-10-01,0.001722326217383,0.003827391594184444,0.0040988878679919,0.0162950213588934,0.0866111343139273,0.0028264504391700028,0.0001008317721238019,0.011257959080386848,0.0012719026976265014,0.07698429183717198,0.5829766322669546,0.578777330972868,0.6161764858178158,1.0878993148420981,1.087266157891826,0.5234165894216241,0.5644827254204741,0.5638495684702018,0.0006331569502722179,0.5829766322669546,1.0878993148420977,0.05694884910351794,0.0
main,mlp,2238-04-01,2238-01-01,0.001642751955639,0.00365055990142,0.0040494936187546,0.0160998494355428,0.0863007225408747,0.0035963194910436868,0.00021664566907802677,0.014307862765801205,0.0016183437709696592,0.08325124094469066,0.5843050645423767,0.5799293935231542,0.59142812110386,1.0885645679684517,1.087901336658463,0.9677378712538687,0.12082669671458302,0.12016346540459422,0.0006632313099887988,0.5843050645423767,1.0885645679684517,0.012190635606594724,0.0
main,mlp,2238-07-01,2238-04-01,0.0013305322090325,0.0029567382422944445,0.0027376871161146,0.0109058608989115,0.0761464667701808,0.003890247782692313,0.00026518042659512756,0.015470422235338566,0.001750611502211541,0.08527224088850525,0.6223666091495663,0.6196093042329761,0.5837704297388805,1.0962768021441287,1.0958502617481578,1.0903061786016486,0.005970623542480125,0.005544083146509227,0.000426540395970898,0.6223666091495663,1.0962768021441285,0.0,0.0
main,mlp,2238-10-01,2238-07-01,0.0009739024272647,0.002164227616143778,0.0018630072157093,0.0074312299399472,0.0659787297353043,0.002828673413023353,0.0001008602475478164,0.01126677576171975,0.0012729030358605087,0.07700491480077971,0.6659889847698502,0.663975571088102,0.6160923715378814,1.1054000665533457,1.105081421739529,1.097503379857764,0.007896686695581634,0.00757804188176503,0.00031864481381660426,0.6659889847698502,1.1054000665533454,0.0,0.0
main,mlp,2239-01-01,2238-10-01,0.0014118009195724,0.0031373353768275555,0.0029814714945184,0.0118726568766756,0.0783826076578096,0.0021127171581611036,0.0001508307887630741,0.008424124891054263,0.0009507227211724967,0.06930296034676219,0.6135179766418837,0.6105151680381732,0.6488846688076411,1.0944093676398643,1.0939472894739206,0.5233943819153068,0.5710149857245574,0.5705529075586138,0.0004620781659436801,0.6135179766418835,1.0944093676398636,0.05764572827231862,0.0
main,mlp,2239-04-01,2239-01-01,0.0015397212966968,0.003421602881548444,0.0036614249575335,0.0145654597948255,0.083713690625008,0.00297485264018178,0.00011645793692172006,0.011846417299812062,0.001338683688081801,0.07832450375786557,0.593635931139027,0.5896627471129686,0.6107487494601577,1.0905904975747647,1.0899841786189923,0.8049308939967585,0.2856596035780061,0.2850532846222338,0.0006063189557723447,0.5936359311390266,1.0905904975747642,0.02882710673478006,0.0
main,mlp,2239-07-01,2239-04-01,0.0018172259700807,0.004038279933512667,0.0041396784823637,0.0164561757738092,0.0868645522191153,0.0030252696946263314,0.00018590697837495563,0.012046275906569925,0.0013613713625818492,0.07876365232048937,0.5817952352217681,0.5778392446882594,0.6089868610655649,1.087169065410115,1.086576348287834,0.6238686678847385,0.46330039752537644,0.4627076804030954,0.000592717122281039,0.5817952352217679,1.0871690654101147,0.04673744573806138,0.0
main,mlp,2239-10-01,2239-07-01,0.0010453097993167,0.002322910665148222,0.0017796812816401,0.007099744070636,0.0647734253900832,0.0034196711145341395,0.00020532914990487502,0.013608679378788957,0.0015388520015403627,0.0819498997793354,0.6710565607031259,0.6696012143173141,0.5964389114218352,1.1057228822101377,1.105493596895706,1.093967102730838,0.011755779479299733,0.011526494164868062,0.00022928531443167088,0.6710565607031259,1.1057228822101377,0.0,0.0
main,mlp,2240-01-01,2239-10-01,0.0009292146008026,0.0020649213351168886,0.0021631346440913,0.0086245041320788,0.0699270868454669,0.0022666531149297953,0.00031744576384288057,0.009035832716945524,0.001019993901718408,0.07116414521917416,0.6491133195049762,0.6461180248387313,0.6406941059707664,1.1030193819362413,1.1025440051476876,1.1016831866239267,0.0013361953123145476,0.0008608185237608534,0.00047537678855369414,0.6491133195049762,1.1030193819362408,0.0,0.0
main,mlp,2240-04-01,2240-01-01,0.0010108555463121,0.002246345658471333,0.001790301245125,0.0071419968518777,0.0649299690569396,0.001953565911389887,8.693507781787376e-05,0.0077913949348836775,0.0008791046601254492,0.06723172185335802,0.6705072167261573,0.6688657704453054,0.658215642351431,1.1058673530212952,1.1056081826968818,1.103926618587637,0.0019407344336581644,0.0016815641092446931,0.0002591703244134713,0.6705072167261572,1.105867353021295,0.0,0.0
main,mlp,2240-07-01,2240-04-01,0.0007028408093351,0.0015618684651891109,0.0020852296490228,0.0083148657488878,0.0689564283210583,0.002273730328306556,6.14383578007077e-05,0.009063949208239164,0.00102317864773795,0.07124662703996626,0.6541965023771688,0.6504296652364123,0.6403352401345845,1.1053070524074147,1.1047006986364138,1.1030757829583904,0.002231269449024298,0.0016249156780234753,0.0006063537710008227,0.6541965023771684,1.1053070524074144,0.0,0.0
main,mlp,2240-10-01,2240-07-01,0.0012921964213892,0.002871547603087111,0.0028499140164575,0.0113510165285751,0.0772011048292623,0.0022167656105011703,0.00015815186147739076,0.008837621692411757,0.0009975445247255266,0.07057523922826953,0.61845480614935,0.6152931656624023,0.6432663799058509,1.0959087565601193,1.0954184555635416,0.6985700316297601,0.39733872493035927,0.3968484239337815,0.0004903009965777638,0.61845480614935,1.095908756560119,0.040118645505327954,0.0
main,mlp,2241-01-01,2240-10-01,0.0009010701128371,0.0020023780285268887,0.0021682261850644,0.0086447382625204,0.0699893077778408,0.0025552332401275633,0.00013080160659094557,0.010181824351099045,0.0011498549580574034,0.07433060949439678,0.6489697883284565,0.6458433257588724,0.6271578842625151,1.1031792516352108,1.1026821775433242,1.0997113923007116,0.0034678593344992237,0.002970785242612628,0.0004970740918865957,0.6489697883284565,1.1031792516352108,0.0,0.0
main,mlp,2241-04-01,2241-01-01,0.0004760712939207,0.0010579362087126667,0.001272762866752,0.0050813401596172,0.0560978360135186,0.0019608835456892846,0.00010173470055176147,0.007820493941187001,0.0008823975955601781,0.06733051268943244,0.7154411049941342,0.7127791284740373,0.6577652551958741,1.1167880959132284,1.116353556763915,1.1073731313115351,0.009414964601693221,0.008980425452379759,0.00043453914931346205,0.7154411049941342,1.1167880959132277,0.0,0.0
main,mlp,2241-07-01,2241-04-01,0.0009831465673264,0.002184770149614222,0.0013427656402586,0.0053602541245264,0.0574583556669292,0.0015435237903147936,2.6850860708043204e-05,0.006159815071005159,0.0006945857056416571,0.06104873538808492,0.7060077451347958,0.7056747802649229,0.6875386630881856,1.1116682102712945,1.111615545705844,1.1087469826336218,0.002921227637672663,0.0028685630722222744,5.266456545038878e-05,0.7060077451347958,1.111668210271294,0.0,0.0
main,mlp,2241-10-01,2241-07-01,0.0002242201679126,0.0004982670398057778,0.0010633361077266,0.0042465651367474,0.0516263923725613,0.0016221110476180912,5.581979353174935e-05,0.0064726737907256915,0.0007299499714281411,0.06234272895186798,0.7404631330769015,0.7370945260607332,0.6812095973077947,1.1227375386766034,1.1221791657941949,1.1129158030447892,0.00982173563181421,0.009263362749405646,0.0005583728824085643,0.7404631330769015,1.1227375386766032,0.0,0.0
main,mlp,2242-01-01,2241-10-01,0.0004584607009767,0.001018801557726,0.001031915808996,0.004121278528772,0.0508967581342189,0.0010900718625634909,8.754022040188464e-05,0.0043531630899893425,0.0004905323381535709,0.05223422826464209,0.7431892995787777,0.7412102677104494,0.733698504864694,1.1214485714568019,1.1211251671862987,1.1198976295088103,0.0015509419479915465,0.0012275376774883995,0.000323404270503147,0.7431892995787777,1.121448571456802,0.0,0.0
main,mlp,2242-04-01,2242-01-01,0.0005664476005776,0.0012587724457279999,0.0010254581931651,0.0040955276978609,0.0507446947040501,0.0009816354722715914,3.0701988468440423e-05,0.003920764022603218,0.00044173596252221613,0.04969307686678697,0.7434328252013287,0.7420734786632203,0.7480954561967724,1.1206855572335641,1.12046488700101,1.0587250312864571,0.06196052594710699,0.06173985571455298,0.00022067023255400997,0.7434328252013287,1.1206855572335634,0.006271743659294393,0.0
main,mlp,2242-07-01,2242-04-01,0.0006019001341152,0.0013375558535893334,0.0010697495895898,0.0042721370686756,0.0517732755845232,0.0011208922835066915,9.527783219754954e-05,0.004476036368534775,0.0005044015275780111,0.05292063966793828,0.7375981530984119,0.7362711795304588,0.729898631715257,1.1194768854478025,1.119261940944071,1.118229709284964,0.001247176162838537,0.0010322316591069303,0.00021494450373160667,0.7375981482087643,1.119476884655772,0.0,0.0
main,mlp,2242-10-01,2242-07-01,0.0003303643926192,0.0007341430947093333,0.0010859884398405,0.004336882655755,0.0521421481072744,0.0012119918363168835,7.74683794138079e-05,0.00483916091913883,0.0005453963263425976,0.054865435106796576,0.7370689694916462,0.7342110819503769,0.719329902169273,1.121392573450351,1.120921889786235,1.118471013702208,0.002921559748142899,0.002450876084026943,0.0004706836641159562,0.7370689694916462,1.121392573450351,0.0,0.0
main,mlp,2243-01-01,2242-10-01,0.0003198499740423,0.000710777720094,0.0011008508465749,0.0043961374856766,0.0524760028437482,0.0012516981922090053,3.672530559142966e-05,0.004997400120579587,0.0005632641864940524,0.05567624392178916,0.7353165318981083,0.7323558548421398,0.715007562071768,1.1211812676224773,1.1206933436018691,1.11783431892637,0.003346948696107299,0.0028590246754991444,0.00048792402060815476,0.7353165318981083,1.121181267622477,0.0,0.0
main,mlp,2243-04-01,2243-01-01,0.0003273738790102,0.0007274975089115556,0.0011765325360907,0.0046978312839568,0.0541228666548112,0.0010957409394904971,5.5620831237520127e-05,0.004375765129679188,0.0004930834227707238,0.05236161877514375,0.7264789259500274,0.7233313587502471,0.7329904927219287,1.1196701573195305,1.119151670342803,1.0311110201507085,0.08855913716882191,0.0880406501920945,0.0005184869767274058,0.7264789259500274,1.1196701573195298,0.008963176321777566,0.0
main,mlp,2243-07-01,2243-04-01,0.0004668991789315,0.0010375537309588888,0.0011030472095983,0.0044048939264014,0.0525250400589492,0.0013507883762940765,4.957168213172014e-05,0.005392215585173776,0.0006078547693323345,0.05761044393068307,0.7342578353954351,0.7320840924486546,0.7048887421212211,1.1199270725417316,1.1195720329146426,1.1151301889270206,0.004796883614710978,0.0044418439876219296,0.0003550396270890488,0.7342578353954351,1.1199270725417312,0.0,0.0
main,mlp,2243-10-01,2243-07-01,0.0005384597788527,0.0011965772863393334,0.0010791371805933,0.004309566525471,0.0519870456173622,0.0011199569795280694,0.00010137642607797383,0.004472307713787371,0.0005039806407876313,0.052900029005752434,0.7367811942983234,0.7350759797074908,0.7300121970255887,1.1198119702526712,1.119534676096126,1.1187112270385973,0.0011007432140739404,0.0008234490575287357,0.00027729415654520473,0.7367811942983234,1.1198119702526712,0.0,0.0
main,mlp,2244-01-01,2243-10-01,0.0003243298449356,0.0007207329887457777,0.0011335427431335,0.0045264672820229,0.0531980823400095,0.001389205432496965,3.623895498580886e-05,0.005545253099925707,0.0006251424446236343,0.05832824673125464,0.7314089781838675,0.7283731964740314,0.7012006184903923,1.120504530730101,1.1200043653489606,1.1155275010277486,0.004977029702352365,0.004476864321212082,0.0005001653811402829,0.7314089781838672,1.120504530730101,0.0,0.0
main,mlp,2244-04-01,2244-01-01,0.0004442880346703,0.0009873067437117778,0.0011558288787395,0.0046153060472658,0.0536809261935358,0.001195483305491507,8.897946510016237e-05,0.004773364972165961,0.0005379674874711782,0.05452194091500325,0.7281983898321409,0.7257326107594069,0.7211757283034912,1.1191020311771136,1.1186987354542757,1.1179534248851877,0.0011486062919259243,0.000745310569087998,0.00040329572283792636,0.7281983898321409,1.1191020311771134,0.0,0.0
main,mlp,2244-07-01,2244-04-01,0.0006895419744025,0.0015323154986722222,0.0013097951307845,0.005228896128633,0.0568251608678927,0.001248955843038857,6.943713817638004e-05,0.004986471818473448,0.0005620301293674856,0.055620928144123026,0.7106577786577398,0.7089648140363104,0.7153009093953373,1.1144902231362988,1.114217478781575,1.0499027619260115,0.06458746121028724,0.06431471685556356,0.0002727443547236863,0.7106577786577398,1.1144902231362988,0.006533549083884149,0.0
main,mlp,2244-10-01,2244-07-01,0.0006745388773952,0.0014989752831004444,0.0011951658605897,0.0047720997405148,0.0545152982274762,0.001279106573201716,4.43523549123722e-05,0.005106617979431238,0.0005755979579407722,0.05622366818999867,0.7225964008822489,0.7212115158750307,0.7121165047841485,1.1165220016976085,1.1162986826041768,1.11483207012662,0.0016899315709886231,0.0014666124775568612,0.00022331909343176193,0.7225964008822489,1.1165220016976083,0.0,0.0
main,mlp,2245-01-01,2244-10-01,0.0005462865373311,0.0012139700829579998,0.0015023606183164,0.0059959135074439,0.0603472659856445,0.0014084556140005588,5.5820581208840066e-05,0.005621931144847103,0.0006338050263002515,0.05868155968082465,0.6939935715681657,0.6910144993255407,0.6993982984008976,1.1127997265720317,1.1123155167058691,1.0357996508739147,0.07700007569811707,0.07651586583195447,0.0004842098661625993,0.6939935715681653,1.112799726572031,0.007787854451094922,0.0
main,mlp,2245-04-01,2245-01-01,0.0005998759822652,0.001333057738367111,0.0017474786848841,0.0069716139846618,0.0642933344083614,0.001669441070407629,6.212018367128607e-05,0.006661060684090447,0.0007512484816834331,0.06309491352130198,0.6752503907329449,0.6718657295222809,0.6775788828788601,1.1093914007289758,1.1088430814152677,1.0752854135018808,0.034105987227095014,0.03355766791338688,0.0005483193137081344,0.6752503907329449,1.1093914007289756,0.003448320584247655,0.0
main,mlp,2245-07-01,2245-04-01,0.0011488241512487,0.0025529425583304447,0.0017541316888806,0.0069980864678613,0.0643931943281865,0.0017816649517044425,9.927234691508839e-05,0.0071076364391104985,0.0008017492282669992,0.06480273220023092,0.6723049739447953,0.6713935773751296,0.6694634180530801,1.1052236337120016,1.1050809894322031,1.1047788968025487,0.000444736909452903,0.00030209262965441575,0.00014264427979848726,0.6723049739447947,1.105223633712001,0.0,0.0
main,mlp,2245-10-01,2245-07-01,0.000911343231811,0.002025207181802222,0.0020708207219271,0.0082575885997344,0.0687729679265252,0.002011599764227867,0.00013333048006640132,0.00802215239889248,0.0009052198939025402,0.06800551547295944,0.6540893510736233,0.6512502107809686,0.6547023700829252,1.1039260119493628,1.103474910693095,1.094651326049863,0.009274685899499868,0.008823584643232074,0.00045110125626779407,0.6540893510736233,1.1039260119493624,0.0009372086385811551,0.0
main,mlp,2246-01-01,2245-10-01,0.0007040497840919,0.0015645550757597778,0.0020560858101632,0.0081990130579482,0.0685840506143103,0.002178520709276199,7.188545936049098e-05,0.00868564845631914,0.0009803343191742897,0.07011466644571411,0.6557888722707347,0.6520970457493734,0.6452905024641286,1.1055554504021625,1.1049612158432265,1.1038656380246095,0.0016898123775530571,0.0010955778186170217,0.0005942345589360354,0.6557888722707347,1.1055554504021623,0.0,0.0
main,mlp,2246-04-01,2246-01-01,0.0010715098731991,0.002381133051553556,0.0017613463350845,0.0070267931424284,0.0645010855156832,0.002071621222421527,5.744403468118259e-05,0.008260770746731705,0.0009322295500896871,0.06878319322790713,0.672166796486073,0.670884120316693,0.6512044226459779,1.105721688220946,1.1055199426262858,1.1024246233211634,0.0032970648997825425,0.0030953193051224126,0.00020174559466012987,0.6721667964860728,1.1057216882209455,0.0,0.0
main,mlp,2246-07-01,2246-04-01,0.0004465723621236,0.0009923830269413334,0.0012950186939515,0.0051700210198536,0.0565370291508676,0.0020361762726679444,8.423220262591296e-05,0.008119862758661944,0.000916279322700575,0.0683266627094762,0.7133501900496148,0.7104713285794017,0.6532539029292119,1.1166572071344176,1.1161864146070914,1.106829404307132,0.00982780282728557,0.00935701029995939,0.0004707925273261804,0.7133501900496148,1.1166572071344174,0.0,0.0
main,mlp,2246-10-01,2246-07-01,0.0008897914313242,0.0019773142918315554,0.0021620879178844,0.0086203443324912,0.0699142772458553,0.0014638622291386128,0.00010866860373945163,0.005842604103805438,0.0006587380031123758,0.059675680107159894,0.6493334855811432,0.6461746015720543,0.6943724510766606,1.1033103118622123,1.1028077268279235,0.41685784089457234,0.68645247096764,0.6859498859333512,0.0005025850342887939,0.6493334855811432,1.1033103118622123,0.06936182643151506,0.0
main,mlp,2247-01-01,2246-10-01,0.0011329744335415,0.0025177209634255552,0.0022848149263788,0.0091079851131776,0.0713752918474896,0.0021749958861619232,3.81501809254472e-05,0.008671641035843947,0.0009787481487728655,0.07007181074741262,0.6422266544552917,0.6397761226740656,0.6454793994103422,1.1006178141481215,1.1002338887074423,1.0504796023012823,0.0501382118468392,0.049754286406159975,0.0003839254406792225,0.6422266544552917,1.100617814148121,0.00506478202305588,0.0
main,mlp,2247-04-01,2247-01-01,0.0011625885695381,0.002583530154529111,0.0033454285428096,0.0133147124598718,0.0813812928697043,0.002627481846138835,0.0001620073834042441,0.010468577928758216,0.0011823668307624758,0.07506544105930285,0.6033405175844282,0.5986486297447937,0.6240849926966259,1.0943468390613553,1.0936131492560153,0.753763834231737,0.34058300482961834,0.3398493150242783,0.0007336898053400542,0.6033405175844282,1.0943468390613549,0.03438269037520025,0.0
main,mlp,2247-07-01,2247-04-01,0.0010650959459908,0.0023668798799795555,0.0026972567304066,0.0107454541977424,0.0757552850995121,0.00280368197709322,0.00017138735537165756,0.011167652205667511,0.001261656889691949,0.0767720684478971,0.6249203885898392,0.6212227838140875,0.6170431012217813,1.0983306235585526,1.0977488089947915,1.09709113994913,0.0012394836094224981,0.0006576690456614465,0.0005818145637610517,0.6249203885898392,1.0983306235585524,0.0,0.0
main,mlp,2247-10-01,2247-07-01,0.0011546293031075,0.0025658428957944443,0.0017022122436378,0.0067914835358419,0.0636043579575793,0.0023752551060169935,0.00015503490167032276,0.009467222974532508,0.0010688647977076472,0.07240194453365671,0.6758629564226205,0.6751396046153676,0.635344439070793,1.105741264935296,1.1056280938636085,1.0994019926947178,0.006339272240578175,0.006226101168890663,0.00011317107168751228,0.675862956422619,1.1057412649352951,0.0,0.0
main,mlp,2248-01-01,2247-10-01,0.0008522569677941,0.0018939043728757776,0.001872657722508,0.0074696160645565,0.0661150038412946,0.002332671033218503,6.356122799755905e-05,0.009298086749927381,0.0010497019649483264,0.07192360003473357,0.6659241096271122,0.6633448067167673,0.6374027619640953,1.106199865792837,1.1057885251926725,1.101651354558217,0.004548511234619967,0.0041371706344555115,0.00041134060016445595,0.6659241096271122,1.1061998657928365,0.0,0.0
main,mlp,2248-04-01,2248-01-01,0.0007320239483839,0.0016267198852975555,0.0021088370300906,0.0084087024524942,0.069254315636554,0.002161737298592925,5.235064374199178e-05,0.008618950931773783,0.0009727817843668163,0.06990998506091324,0.6527997221161866,0.6491011655743758,0.6461935627971832,1.1048917030146452,1.104297419835251,1.1038302269173363,0.0010614760973088888,0.00046719291791474937,0.0005942831793941394,0.6527997221161866,1.104891703014645,0.0,0.0
main,mlp,2248-07-01,2248-04-01,0.0010949815755961,0.0024332923902135556,0.0021100240690097,0.0084134206237963,0.0692692068215037,0.0018362876959145068,9.172902460969884e-05,0.007324943824774444,0.0008263294631615281,0.06559788919252806,0.6511934846394986,0.6490348743260199,0.6657439877748548,1.102270056741151,1.1019310465937076,0.881111699649971,0.22115835709117992,0.2208193469437365,0.0003390101474434193,0.6511934846394986,1.1022700567411503,0.022344351628943104,0.0
main,mlp,2248-10-01,2248-07-01,0.0007406957980679,0.0016459906623731112,0.0019289462630379,0.007693488745346,0.0668966994534766,0.002105080708861351,0.00011143349949982894,0.00839377194058577,0.000947286318987608,0.06920713846440739,0.6629655672049362,0.659747048885006,0.6493112438487156,1.1064676571915053,1.1059507855437127,1.1042748678670145,0.0021927893244908514,0.0016759176766982797,0.0005168716477925717,0.6629655672049358,1.1064676571915053,0.0,0.0
main,mlp,2249-01-01,2248-10-01,0.0017056882109611,0.003790418246580222,0.0041331383225196,0.0164303384267336,0.0868240957953933,0.002156916121020913,0.00010148167775198053,0.008599790877893643,0.0009706122544594108,0.0698508949286721,0.582310169236268,0.577988857488792,0.6464546761686664,1.0878957125238025,1.0872434402552615,-0.00397430643856489,1.0918700189623674,1.0912177466938264,0.000652272268540921,0.582310169236268,1.0878957125238018,0.11015521908342851,0.0
main,mlp,2249-04-01,2249-01-01,0.0025624580497085,0.005694351221574444,0.0053951603926459,0.02140662235339,0.093642358649544,0.003654086636379361,0.00032676926508019106,0.014536427434917454,0.0016443389863707125,0.08366200686137963,0.5573986316409386,0.5535294763614557,0.5898596536834431,1.0793598640102293,1.0788089914041907,0.5016152109047585,0.5777446531054709,0.5771937804994323,0.0005508726060385882,0.5573986316409386,1.079359864010229,0.058236630473626594,0.0
main,mlp,2249-07-01,2249-04-01,0.0015310044780417,0.003402232173426,0.0039850145550616,0.015845029055597,0.085889497956162,0.004936794377863407,0.00036144898127376786,0.019601426562086854,0.002221557470038533,0.09136426079540633,0.5860960304585326,0.5814607455080651,0.5615370665099565,1.0894909766450886,1.0887832151935717,1.0857410695395413,0.0037499071055473454,0.0030421456540303815,0.0007077614515169639,0.5860960304585326,1.0894909766450886,0.0,0.0
main,mlp,2249-10-01,2249-07-01,0.0012441394306062,0.002764754290236,0.002774973323209,0.0110537758463442,0.0765018585911343,0.003485654154792428,0.00021288585023827977,0.013869887162024086,0.0015685443696565925,0.08244424024624823,0.6213264092702478,0.6181493693654777,0.5945279088404708,1.0966526699069008,1.0961584540090803,1.0924839325453564,0.004168737361544439,0.0036745214637239343,0.0004942158978205047,0.6213264092702478,1.0966526699069006,0.0,0.0
main,mlp,2250-01-01,2249-10-01,0.0032496682150861,0.007221484922413555,0.0047243632410286,0.0187639566014935,0.0902399875832324,0.0026825116481631996,0.0001149324008327363,0.01068694854042418,0.0012071302416734398,0.07561108026641003,0.5659640809304295,0.5655487661753972,0.6218193128914349,1.0766900107495119,1.0766337342222527,0.09735454364600704,0.9793354671035048,0.9792791905762457,5.6276527259147e-05,0.5659640809304295,1.0766900107495114,0.09869040363534543,0.0
main,mlp,2250-04-01,2250-01-01,0.0030702645276497,0.0068228100614437775,0.0056018212980278,0.0222197049458654,0.0946128227658315,0.0059304672293365,0.0002770828471520836,0.023511679339641267,0.002668710253201425,0.09609503068992703,0.5528432803086066,0.5501668015274749,0.5450862741516901,1.0759039199630358,1.0755364465064126,1.0748389035371173,0.0010650164259184969,0.0006975429692952506,0.00036747345662324626,0.5528432803086066,1.0759039199630356,0.0,0.0
main,mlp,2250-07-01,2250-04-01,0.0023307695058095,0.005179487790687778,0.0045910985942537,0.0182383119030381,0.0895092012606714,0.006732959486544132,0.00016522073323298463,0.026661060324534636,0.00302983176894486,0.09946084371427578,0.5712980764765802,0.5681780254475043,0.533796508082409,1.082662435494273,1.0822109881193394,1.077236247124384,0.005426188369889173,0.004974740994955429,0.00045144737493374443,0.5712980764765802,1.0826624354942729,0.0,0.0
main,mlp,2250-10-01,2250-07-01,0.0011723498705267,0.0026052219345037778,0.0040117589228306,0.0159507284387263,0.0860609045416541,0.0049059344455599785,0.00014648549985304393,0.019479800354161303,0.0022076705005019902,0.0912038665624544,0.5867399515561519,0.5808217369449433,0.5621069534530949,1.0916936667990365,1.090768788925685,1.087844108039091,0.003849558759945415,0.0029246808865939222,0.0009248778733514929,0.5867399515561519,1.091693666799036,0.0,0.0
main,mlp,2251-01-01,2250-10-01,0.0022141419080647,0.004920315351254889,0.0043846042799391,0.0174234053937821,0.0883339289604101,0.003552313009276986,0.00012423359748041108,0.014133717617099473,0.0015985408541746436,0.0829335611024908,0.5755459549193729,0.5724428115347376,0.5926454543542357,1.0839483162384136,1.0834956961479414,0.7893419846584968,0.2946063315799168,0.2941537114894446,0.0004526200904722,0.5755459549193729,1.0839483162384136,0.02971004403019173,0.0
main,mlp,2251-04-01,2251-01-01,0.0017066001217313,0.0037924447149584443,0.0045233542064788,0.017971022212186,0.0891295928824782,0.0038079693447798492,0.0001498063109496371,0.015145094257492775,0.0017135862051509323,0.08472330918861179,0.5745931152937014,0.5695506014475494,0.5858357667080759,1.08672563656428,1.0859645497855626,0.8927598785415953,0.19396575802268456,0.19320467124396723,0.0007610867787173348,0.5745931152937014,1.0867256365642797,0.019566265635757585,0.0
main,mlp,2251-07-01,2251-04-01,0.0013321065846795,0.002960236854843333,0.0042116423603445,0.0167404403618078,0.0873053815146243,0.004447675310075283,0.00027683090624285283,0.017672361887370203,0.0020014538895338774,0.08869871888253017,0.5819451865720296,0.5762126261399997,0.5711142303399482,1.0900146611945496,1.089127954856954,1.0883393404287112,0.0016753207658384284,0.0007886144282427399,0.0008867063375956885,0.5819451865720296,1.0900146611945494,0.0,0.0
main,mlp,2251-10-01,2251-07-01,0.0021937091547064,0.004874909232680889,0.0046014775490479,0.018279257893364,0.0895668659962527,0.0038030071649700404,0.00039757023178328666,0.015125471279218927,0.0017113532242365181,0.08468980259977271,0.5715573276490722,0.5679699254734998,0.5859621830878505,1.083483325624011,1.0829593392284564,0.8335592837290497,0.2499240418949613,0.2494000554994067,0.0005239863955546209,0.5715573276490722,1.0834833256240108,0.025202805697619346,0.0
main,mlp,2252-01-01,2251-10-01,0.0023317775792889,0.005181727953975333,0.0053309691349846,0.0211539663489697,0.093334242222637,0.003174749156460166,0.0002307278135253919,0.012638650324611311,0.001428637120407075,0.08002102434771265,0.5590776700265124,0.5546031309072822,0.6039864145822001,1.080888600803965,1.0802412145318927,0.28412149877722825,0.7967671020267368,0.7961197157546644,0.0006473862720723922,0.5590776700265115,1.0808886008039646,0.08032645990754028,0.0
main,mlp,2252-04-01,2252-01-01,0.0030666169604913,0.006814704356647334,0.0059540529804004,0.0236043504859869,0.0961987803754801,0.0057175783440470695,9.636750071609956e-05,0.02267491574138636,0.0025729102548211814,0.0951429866939064,0.5480491126505129,0.5447331512990836,0.5483419049147893,1.0752656838849235,1.0748102902110892,1.0699635385440394,0.005302145340884135,0.004846751667049842,0.0004553936738342923,0.5480491126505129,1.075265683884923,0.0005342355624047279,0.0
main,mlp,2252-07-01,2252-04-01,0.0040141223398619,0.008920271866359778,0.0090193181431179,0.0355921121739264,0.1078567760463629,0.0048121558502316475,0.00025357966274278766,0.019110127538493615,0.0021654701326042415,0.09071043914313949,0.5126341262994837,0.5071411668517514,0.5638651964653582,1.0655447722327698,1.0648424491578612,0.07272606986590224,0.9928187023668675,0.992116379291959,0.000702323074908584,0.5126341262994837,1.065544772232769,0.09993690443222558,0.0
main,mlp,2252-10-01,2252-07-01,0.0033313503998567,0.0074030008885704445,0.0071280306038919,0.0282087155795951,0.1010147182159835,0.006081455759704113,0.00027893303558645526,0.02410481671482201,0.002736655091866851,0.09675360117570934,0.5332023198161704,0.5287003644260584,0.5428502840334474,1.0718151521158754,1.071208799519226,0.8921709408633212,0.17964421125255425,0.17903785865590494,0.0006063525966493177,0.5332023198161704,1.071815152115875,0.018094366174652654,0.0
main,mlp,2253-01-01,2252-10-01,0.0040740401848253,0.009053422632945111,0.0077848633640219,0.0307777123761285,0.1034858285829612,0.007207714021205902,0.00023764170135193922,0.028520644333315026,0.003243471309542656,0.10132143123110579,0.5242192678527514,0.520747887652131,0.5277031508993727,1.066711933370344,1.066270166920981,1.0006969095356881,0.06601502383465596,0.06557325738529296,0.00044176644936300136,0.5242192678527514,1.066711933370344,0.006645838139117677,0.0
main,mlp,2253-04-01,2253-01-01,0.0028175165293389,0.006261147842975333,0.007465248681697,0.0295282761450659,0.1022990044217179,0.0075642685405910015,0.0001850376967835102,0.029915493191188136,0.003403920843265951,0.10266965476461996,0.5310208499658393,0.5245439594569478,0.5233537884799545,1.0742499025722376,1.0733442724274185,1.0731778569672883,0.0010720456049493343,0.00016641546013018704,0.0009056301448191473,0.5310208499658393,1.0742499025722372,0.0,0.0
main,mlp,2253-07-01,2253-04-01,0.0041823358440354,0.009294079653412,0.0092884841549554,0.0366394790396314,0.1087748377040279,0.007035108655691147,0.00033680207757566776,0.027844868398050115,0.0031657988950610162,0.10065434337292407,0.5097952670363511,0.5043579610399404,0.52987572008481,1.0643242546776497,1.06363819366789,0.6729655804461927,0.391358674231457,0.39067261322169733,0.0006860610097596531,0.5097952670363511,1.0643242546776492,0.039389235835810776,0.0
main,mlp,2253-10-01,2253-07-01,0.0031111605861006,0.006913690191334666,0.0083188176723598,0.032862352275115,0.1054131105008721,0.008363314904272556,0.0003826478662366047,0.03303592439710845,0.0037634917069226505,0.10557097152977374,0.521582368131467,0.5146757305543823,0.5141834365279744,1.0713985727847302,1.0704531342579024,1.0703857449191838,0.0010128278655463507,6.73893387186375e-05,0.0009454385268277132,0.521582368131467,1.0713985727847295,0.0,0.0
main,mlp,2254-01-01,2253-10-01,0.0029913820103731,0.006647515578606889,0.0059005416967663,0.0233940889632908,0.0959629128365383,0.007778471522033215,0.00028532536183713676,0.030752737245839823,0.003500312184914947,0.10346235665325816,0.5489851246768984,0.5455364269143226,0.520822546872691,1.07580725868651,1.0753310411868586,1.0719183959014953,0.0038888627850146573,0.003412645285363336,0.0004762174996513213,0.5489851246768984,1.0758072586865095,0.0,0.0
main,mlp,2254-04-01,2254-01-01,0.0028045333126908,0.006232296250424,0.0058878149648965,0.023344076904036,0.0959065610437956,0.00566802378743887,0.0004114815843101604,0.02248006353063514,0.0025506107043474914,0.09491715402148336,0.5497190751490667,0.5457285890517403,0.549118211259932,1.076935750036272,1.0763772628838586,1.076851656330832,8.409370544004702e-05,-0.0004743934469733091,0.0005584871524133561,0.5497190751490667,1.0769357500362715,0.0,0.0
main,mlp,2254-07-01,2254-04-01,0.0037041574788168,0.008231461064037333,0.007639724283674,0.0302104849872557,0.1029502776063258,0.006028778199106455,0.00014267335128178535,0.023897910967844327,0.0027129501895979046,0.09652532573982281,0.5267193244345819,0.5224555032874435,0.54362384161337,1.068978333256593,1.0684199499537783,0.7502523873731548,0.31872594588343817,0.3181675625806235,0.0005583833028146579,0.5267193244345819,1.0689783332565927,0.032093973483213856,0.0
main,mlp,2254-10-01,2254-07-01,0.0043010527140136,0.009557894920030221,0.0092948994505248,0.0366644315403488,0.1087965937204966,0.006895721424371004,0.00022656523152244574,0.027298889185693342,0.0031030746409669518,0.10010803207500614,0.5094304526454656,0.504292320932402,0.531665039403799,1.0636734437349187,1.063031231360618,0.6299929403654141,0.4336805033695046,0.43303829099520397,0.0006422123743006214,0.5094304526454656,1.0636734437349185,0.04364595926476855,0.0
main,mlp,2255-01-01,2254-10-01,0.0029104066250776,0.006467570277950222,0.0058906704493872,0.0233552982284188,0.0959192132505167,0.008099912479519845,0.00017966449995242758,0.03200811981563201,0.0036449606157839304,0.10463062499404766,0.5493611397679643,0.545685436184633,0.5171272656315665,1.0763040284736094,1.075793488192217,1.0718268744270794,0.004477154046530041,0.003966613765137739,0.0005105402813923021,0.5493611397679643,1.0763040284736092,0.0,0.0
main,mlp,2255-04-01,2255-01-01,0.0032878794786562,0.007306398841458221,0.0078441667608083,0.0310094081803462,0.1037031171945944,0.006756703089922667,0.0003126135708900755,0.02675412591167392,0.0030405163904652,0.09955590450699649,0.5257872395252108,0.5200575739412572,0.5334826383997278,1.071045005490493,1.0702708061713189,0.9257253465490585,0.1453196589414345,0.1445454596222604,0.000774199319174107,0.5257872395252108,1.0710450054904928,0.014635947051195752,0.0
main,mlp,2255-07-01,2255-04-01,0.0029925381615081,0.006650084803351334,0.0091525897163376,0.036110799302908,0.1083126368248627,0.005602877400815487,0.00015263797273087876,0.022223858754157888,0.002521294830366969,0.09461770171709849,0.5141251328052113,0.5057559421459217,0.5501499683831941,1.0709876315141753,1.069832058707703,0.3752601600270322,0.6957274714871431,0.6945718986806708,0.0011555728064722715,0.5141251328052113,1.0709876315141749,0.07007015869119526,0.0
main,mlp,2255-10-01,2255-07-01,0.0051139293126483,0.011364287361440666,0.0096587611106585,0.0380788900698121,0.1100217049642323,0.007306882552802563,0.0002086555633541398,0.028908744638224237,0.0032880971487611534,0.10170027678498358,0.5041958271304603,0.500619253358353,0.5264753801436791,1.058920680761143,1.0585027198219492,0.6196414398792505,0.43927924088189263,0.43886127994269875,0.00041796093919388433,0.5041958271304603,1.058920680761143,0.04418828451958434,0.0
main,mlp,2256-01-01,2255-10-01,0.0038016290098158,0.008448064466257333,0.0118148556448171,0.0464284551914885,0.1169998354019247,0.007654658611863851,7.79239285158424e-05,0.03026886228553327,0.003444596375338733,0.10300563729919021,0.4901925538597987,0.4805543305715474,0.5222785820617858,1.0637170467169552,1.0624642346970858,0.41332815054949656,0.6503888961674587,0.6491360841475893,0.001252812019869376,0.4901925538597987,1.063717046716955,0.0654559557149168,0.0
main,mlp,2256-04-01,2256-01-01,0.0042876264967312,0.009528058881624888,0.0111045024954923,0.0436836121063151,0.1147462376435699,0.010956907831132411,0.0006460685090424636,0.04311255561125449,0.004930608524009585,0.11427290943400828,0.4944770213189659,0.4868780255890959,0.4882248502627858,1.061870811795267,1.060919997067048,1.0610885168006545,0.0007822949946125757,-0.0001685197336065425,0.0009508147282191182,0.4944770213189659,1.0618708117952669,0.0,0.0
main,mlp,2256-07-01,2256-04-01,0.006737548163392,0.014972329251982221,0.012211264327293,0.0479576287446416,0.1182409308949433,0.010586697049438954,0.0005788381871037791,0.041679052859610155,0.0047640136722475294,0.11307734022558932,0.4803570431389914,0.4771333053393076,0.491656051667236,1.0483356961096153,1.0480113090461831,0.8142517478096316,0.2340839482999837,0.2337595612365515,0.0003243870634321855,0.4803570431389914,1.048335696109615,0.02352209055911525,0.0
main,mlp,2256-10-01,2256-07-01,0.0050220018684706,0.011160004152156889,0.0111603644869076,0.0438996802814583,0.1149249099063405,0.013070964626967907,0.000468805659101192,0.05126766132373828,0.005881934082135558,0.12089470456633412,0.4922545826733557,0.4863713273036265,0.46996055626577476,1.0579777355496356,1.0572848058421156,1.0553519455359082,0.002625790013727425,0.001932860306207429,0.0006929297075199958,0.4922545826733557,1.0579777355496354,0.0,0.0
main,mlp,2257-01-01,2256-10-01,0.0039100042289678,0.008688898286595111,0.0114136338788077,0.044878839778516,0.1157318071143272,0.011383137665688992,0.00047608330437596137,0.04476097885189656,0.005122411949560046,0.11563491941452973,0.4929950023851412,0.4840945321471542,0.48436692581072094,1.0635470349588447,1.0623997647215662,1.0624348762532807,0.0011121587055640259,-3.511153171453785e-05,0.0011472702372785637,0.4929950023851412,1.0635470349588447,0.0,0.0
main,mlp,2257-04-01,2257-01-01,0.0048699968412132,0.010822215202696,0.0104437606031616,0.0411251541957869,0.1126123911622568,0.009094629250466824,0.0003947834308816797,0.03588524542345295,0.0040925831627100714,0.10811470218226635,0.498299829404753,0.4930018439192589,0.5063566208120255,1.0594471853882164,1.0588151355524442,0.8987227762651171,0.16072440912309927,0.16009235928732712,0.0006320498357721416,0.498299829404753,1.059447185388216,0.01616855845924836,0.0
main,mlp,2257-07-01,2257-04-01,0.0045283006753376,0.01006289038963911,0.0108230988603599,0.042594616154349,0.1138421842018777,0.009093824587762356,0.00020945734389495038,0.035882113789883485,0.00409222106449306,0.10811195081338389,0.496104373713363,0.4894561508956321,0.5063649785254258,1.0608804370786034,1.0600645871639776,0.8553161630289516,0.20556427404965172,0.20474842413502592,0.0008158499146257991,0.496104373713363,1.0608804370786031,0.020682342462107983,0.0
main,mlp,2257-10-01,2257-07-01,0.0041670113496961,0.009260025221546888,0.0103374276250881,0.0407129433510672,0.1122652362577399,0.009178657457232476,0.00020705368169454663,0.03621222933999768,0.004130395855754614,0.10840149980193682,0.5009210745783161,0.494010882491427,0.5054866555821526,1.063281302498459,1.062408338716408,0.9727143528853932,0.09056694961306588,0.08969398583101484,0.0008729637820510394,0.5009210745783161,1.063281302498459,0.00911437189431008,0.0
main,mlp,2258-01-01,2257-10-01,0.005520719754669,0.012268266121486668,0.0113920157235742,0.0447952916515651,0.1156631329161261,0.009040317125618457,0.0003682955888788935,0.03567385318478544,0.004068142706528306,0.10792877869939949,0.48927543220055403,0.4842875774693511,0.5069219467780528,1.055186747169455,1.0546241530560925,0.6965110984143676,0.3586756487550873,0.3581130546417248,0.0005625941133624579,0.489275432200554,1.055186747169455,0.03606660485878166,0.0
main,mlp,2258-04-01,2258-01-01,0.0048000263843955,0.010666725298656666,0.0112929119532907,0.044412213120928,0.1153478376269817,0.00935167595744133,0.0002816430488313838,0.036885244482324664,0.004208254180848598,0.10898889448654328,0.49176812881817594,0.4851756196581931,0.5037127421584012,1.0590120457081331,1.0582209463483283,0.8175543768349984,0.2414576688731347,0.24066656951332988,0.0007910993598048144,0.4917681288181759,1.059012045708133,0.02428910193224476,0.0
main,mlp,2258-07-01,2258-04-01,0.0041915786200965,0.009314619155769999,0.0091984136813134,0.0362890958218341,0.1084687827225871,0.011371152475476265,0.0003615016452010331,0.04471465583234269,0.00511701861396432,0.11559682192056857,0.5105678237109597,0.5052829285068973,0.48447410815099623,1.0643745426436806,1.0637082007868657,1.061084537032207,0.0032900056114735232,0.0026236637546586117,0.0006663418568149115,0.5105678237109597,1.06437454264368,0.0,0.0
main,mlp,2258-10-01,2258-07-01,0.0059940200107637,0.013320044468363778,0.0120909608037459,0.0474937442188477,0.117865476372151,0.0072505676187574865,0.00017333405042473717,0.02868836799713692,0.003262755428440869,0.10148552436951333,0.48295297033037976,0.4781636880368287,0.5271708195234399,1.052187801331323,1.0516702724450535,0.1413935334376073,0.9107942678937158,0.9102767390074462,0.0005175288862695471,0.4829529703303797,1.0521878013313228,0.09155724398291887,0.0
main,mlp,2259-01-01,2258-10-01,0.0057762513973264,0.012836114216280888,0.0127223291865304,0.0499263814143612,0.1198246092590346,0.01072798129171133,0.0003316535563716613,0.042226313141217386,0.004827591581270099,0.11353505055112495,0.47892522319577496,0.4728298854672685,0.49033747503825215,1.0527955125998956,1.052123577892221,0.815764890547517,0.23703062205237857,0.2363586873447041,0.0006719347076744597,0.4789252231957749,1.0527955125998956,0.023828868000539738,0.0
main,mlp,2259-04-01,2259-01-01,0.0036542756421962,0.008120612538213778,0.0095330633723735,0.0375904348792772,0.1096003951363455,0.012866084650158881,0.0004647779247115609,0.05047961360073605,0.0057897380925714965,0.12026684375645229,0.50902326636442,0.5018772366830111,0.4716403676042411,1.066914795513356,1.0659753981489113,1.062000542685386,0.004914252827969978,0.003974855463525273,0.0009393973644447051,0.50902326636442,1.066914795513356,0.0,0.0
main,mlp,2259-07-01,2259-04-01,0.0037329924040499,0.008295538675666445,0.0084536526343816,0.0333882365087513,0.1058902755119053,0.008186620194464922,0.0004679988817210272,0.03234654647853663,0.003683979087509215,0.10494176404798308,0.5186096079016549,0.5131900305333649,0.5161502021300705,1.0677667568578362,1.0670585802714534,1.0674453861188482,0.0003213707389879694,-0.00038680584739481105,0.0007081765863827805,0.5186096079016549,1.0677667568578362,0.0,0.0
main,mlp,2259-10-01,2259-07-01,0.0043397685530037,0.009643930117786,0.0090587558590051,0.0357456238400741,0.1079919480717713,0.006349667813628912,0.000639633562636484,0.02515778397166457,0.0028573505161330107,0.09789277189014213,0.5114259747836424,0.5067297557537438,0.5390135378648502,1.0637248601380989,1.0631397003777152,0.5277381000778723,0.5359867600602266,0.535401600299843,0.0005851597603836467,0.5114259747836424,1.0637248601380984,0.053942423427073116,0.0
main,mlp,2260-01-01,2259-10-01,0.0037789729623964,0.008397717694214222,0.0081786894341868,0.0323155958187608,0.1049133721997217,0.00835790615528822,0.00026263751921147923,0.03301482752229279,0.003761057769879699,0.10555180394243915,0.5211255210482068,0.5162392369262753,0.5142431692515916,1.0678558949955397,1.067219650618889,1.0669597421072794,0.0008961528882602821,0.0002599085116095079,0.0006362443766507742,0.5211255210482068,1.0678558949955397,0.0,0.0
main,mlp,2260-04-01,2260-01-01,0.0061418635093822,0.013648585576404887,0.0097239484347256,0.0383321315577664,0.110239440810874,0.007724274136126042,0.0002707162759014344,0.03054094997614698,0.0034759233612567187,0.10326291987457435,0.5010489326483395,0.4999712365299293,0.5214575659003666,1.0534024791264436,1.0532876168031893,0.6482595441082009,0.4051429350182427,0.4050280726949884,0.00011486232325430557,0.5010489326483395,1.0534024791264434,0.04073181150061134,0.0
main,mlp,2260-07-01,2260-04-01,0.0032748688847551,0.007277486410566889,0.0090926652934287,0.0358776019666993,0.1081079866915132,0.008569492399692536,0.0003764204350308718,0.033839864249794904,0.003856271579861641,0.1062974749499226,0.5139198844512954,0.5063770206218184,0.5119277260456262,1.0695083381993529,1.068488155976571,1.0692388961629626,0.0002694420363902328,-0.0007507401863915408,0.0010201822227817736,0.5139198844512954,1.0695083381993524,0.0,0.0
main,mlp,2260-10-01,2260-07-01,0.0055205794278808,0.012267954284179554,0.0097927779484476,0.0385994680484451,0.1104687964609186,0.008861767873167992,0.0006217787295690518,0.034978663438021695,0.0039877955429255965,0.10731439528375901,0.5020348075026155,0.4992901936477609,0.5087976141863128,1.056626617356649,1.056317040816879,0.9226815004168043,0.13394511693984468,0.13363554040007464,0.00030957653977004007,0.5020348075026155,1.0566266173566483,0.013470792234817841,0.0
main,mlp,2261-01-01,2260-10-01,0.0047597720057685,0.01057727112393,0.0101610260574749,0.0400288112263231,0.1116868400901298,0.008090628311038017,0.00018956869960803962,0.03197187775457866,0.003640782739967108,0.10459721376768163,0.5008850256899527,0.4957000460971554,0.5172323604242764,1.0603076990820353,1.059683415717608,0.7359071129478894,0.3244005861341459,0.3237763027697187,0.0006242833644272139,0.5008850256899527,1.0603076990820353,0.03263688425071387,0.0
main,mlp,2261-04-01,2261-01-01,0.0037902092965887,0.008422687325752666,0.0086082643846961,0.0339909903192029,0.106433221404717,0.010680770128965377,0.0005650526693961918,0.042043468198507794,0.00480634655803442,0.11338230561548387,0.5170004369055661,0.5115080524260934,0.4907768189191184,1.067260674777136,1.0665461270517298,1.063849036962237,0.003411637814898949,0.002697090089492704,0.0007145477254062449,0.5170004369055661,1.0672606747771358,0.0,0.0
main,mlp,2261-07-01,2261-04-01,0.0043607077541671,0.00969046167592689,0.0105602791770262,0.0415766980017849,0.1129915520321789,0.007942586205899715,0.00041012456248037206,0.03139383701199183,0.003574163792654872,0.10406184637227073,0.4986231419366832,0.4919038804041022,0.5189210868598259,1.0620251898308581,1.0611893612520586,0.6574704484672653,0.4045547413635928,0.4037189127847933,0.0008358285787994912,0.4986231419366832,1.062025189830858,0.04070796620524808,0.0
main,mlp,2261-10-01,2261-07-01,0.003759327209894,0.00835406046643111,0.010198616470922,0.0401746275026382,0.1118103592684698,0.008737879805266857,0.0002478979706823511,0.03449607869820259,0.003932045912370086,0.10688511467360223,0.503094820611482,0.4953384748356924,0.510115069275942,1.065606949379914,1.0645954697068238,0.9269811982505158,0.13862575112939823,0.137614271456308,0.001011479673090232,0.5030948160687402,1.0656069487875095,0.013954123878678226,0.0
main,mlp,2262-01-01,2261-10-01,0.0038952992505666,0.008656220556814666,0.0092736498815798,0.0365817787946155,0.1087245090168194,0.008877158164978027,0.0003185912039607937,0.03503860104738954,0.0039947211742401125,0.10736754938490357,0.5106735666454243,0.5045098708447019,0.5086348811103967,1.0659008955820504,1.0651054890838616,1.0656378093145331,0.00026308626751725406,-0.0005323202306715125,0.0007954064981887665,0.5106735666454243,1.06590089558205,0.0,0.0
main,mlp,2262-04-01,2262-01-01,0.002928044222849,0.006506764939664444,0.0084879737815702,0.0335220618302125,0.1060111793891044,0.007558204885572195,0.00024956512497320484,0.029891784606291938,0.0034011921985074877,0.10264703631771141,0.5204559299955657,0.512814701363229,0.5234262964233327,1.0721974164485448,1.0711374285918356,1.0155372430798908,0.05666017336865403,0.05560018551194479,0.0010599878567092436,0.5204559299955657,1.0721974164485444,0.0057072221285933145,0.0
main,mlp,2262-07-01,2262-04-01,0.0037471286850838,0.008326952633519557,0.008876743986227,0.0350369880616299,0.1073661194137289,0.00744823319837451,0.0002700821207758489,0.029461725447263665,0.0033517049392685293,0.10223503094803424,0.5146329461875203,0.5086392581884361,0.5247498023291387,1.067174376210019,1.0663920278284806,0.8719110634448137,0.19526331276520525,0.1944809643836669,0.0007823483815383447,0.5146329461875199,1.0671743762100183,0.01965838529784858,0.0
main,mlp,2262-10-01,2262-07-01,0.0042661791460632,0.009480398102362666,0.0094808480909026,0.0373874742011632,0.1094248010872921,0.007139280252158642,0.00022159447399450432,0.028252758012760282,0.0032126761134713888,0.10105814748507218,0.5078952749650033,0.5024031352652027,0.5285589941903912,1.0636586838897233,1.062970308938702,0.6593987897089453,0.404259894180778,0.40357151922975665,0.0006883749510213644,0.5078952749650033,1.0636586838897228,0.040684984773024846,0.0
main,mlp,2263-01-01,2262-10-01,0.005394745874702,0.011988324166004444,0.0110101513254521,0.0433185887667632,0.1144438701359582,0.00897966232150793,0.00020978322242724693,0.03543773304809972,0.004040848044678569,0.10772061946543715,0.4925171442825677,0.4877376407093489,0.5075561406588847,1.0561728319160875,1.055627717387634,0.7525384329615086,0.3036343989545789,0.3030892844261255,0.0005451145284534054,0.4925171442825677,1.0561728319160872,0.03053496347091922,0.0
main,mlp,2263-04-01,2263-01-01,0.0070995068517732,0.015776681892829332,0.0127092776016482,0.0498761413948277,0.1197843891997069,0.00867072567343712,0.00018479428437293758,0.034234415651352434,0.0039018265530467037,0.10665134952500108,0.4760003066914693,0.4729383326319628,0.5108348762638214,1.0461743771361445,1.0458773505523014,0.3177353977227906,0.7284389794133539,0.7281419528295108,0.00029702658384311853,0.4760003066914693,1.0461743771361445,0.07318181044479344,0.0
main,mlp,2263-07-01,2263-04-01,0.0046031477735152,0.010229217274478222,0.0119373206956136,0.0469010689788806,0.1173844713812965,0.012593797966837883,0.0004517736696107867,0.04943153392302335,0.005667209085077047,0.1194280177196491,0.48735883804954344,0.4794894781141355,0.47390113359205827,1.0594424372896163,1.058482623087124,1.0578010209638598,0.0016414163257565395,0.000681602123264291,0.0009598142024922485,0.4873588380495434,1.059442437289616,0.0,0.0
main,mlp,2263-10-01,2263-07-01,0.005509447570565,0.012243216823477778,0.0124923453778089,0.0490408031550599,0.1191141785826183,0.01084946859627962,0.00043581048776590115,0.04269670312215523,0.004882260868325829,0.11392719030505391,0.4811772453948905,0.4747518888593504,0.48921271786651555,1.0543275691698213,1.0536021109213975,0.8882387196748363,0.16608884949498504,0.1653633912465613,0.0007254582484237382,0.4811772453948905,1.0543275691698208,0.016699609872734666,0.0
main,mlp,2264-01-01,2263-10-01,0.0065689820476718,0.014597737883715111,0.0112155086550269,0.0441129360804417,0.1151010350698763,0.011257738247513771,0.00025484402775518704,0.044276223978223284,0.005065982211381197,0.11523574518618886,0.48811436330666796,0.4858727524522844,0.4854920265614144,1.0499390681377976,1.049709728528864,1.0496707763946203,0.00026829174317732907,3.8952134243652736e-05,0.00022933960893367633,0.4881143633066679,1.0499390681377976,0.0,0.0
main,mlp,2264-04-01,2264-01-01,0.005600398997494,0.012445331105542221,0.0126443195500534,0.0496260659730741,0.119584040149928,0.0116892758756876,0.0005237763164389692,0.04594363866133733,0.00526017414405942,0.11660426352875854,0.4798822714665666,0.4734791839141653,0.4816538154266618,1.0537448996860181,1.0530277794283078,1.0170272864510475,0.03671761323497069,0.03600049297726038,0.0007171202577103131,0.4798822714665666,1.053744899686018,0.003691601909008524,0.0
main,mlp,2264-07-01,2264-04-01,0.0050791548422835,0.011287010760629998,0.0116135588317858,0.045651234146827,0.1163651850773193,0.012252574414014816,0.0010139779768038716,0.04811687933909414,0.005513658486306667,0.11836961825544635,0.48865265129681995,0.4823204813847966,0.4767810430575638,1.0572742206175767,1.0565320367870643,1.0558827677981226,0.0013914528194540754,0.0006492689889416869,0.0007421838305123885,0.4886526512968199,1.0572742206175765,0.0,0.0
main,mlp,2264-10-01,2264-07-01,0.0043798868216019,0.009733081825782,0.007797802730651,0.03082826946498,0.1035333128804337,0.01098784413188696,0.0003460272891140769,0.04323227200833579,0.004944529859349132,0.1143722727836847,0.5232500918992604,0.5205969087587774,0.4879415769434536,1.0649882536199602,1.064658725271082,1.0606028961008374,0.0043853575191228344,0.004055829170244607,0.00032952834887822746,0.5232500918992604,1.0649882536199602,0.0,0.0
main,mlp,2265-01-01,2264-10-01,0.0044643797570272,0.009920843904504888,0.0091531117736082,0.0361128307154636,0.1083144174353909,0.007225683331489563,0.00035401930277622587,0.028590976628527054,0.0032515574991703036,0.10139031038407155,0.5102592770139477,0.5057505439106804,0.5274796001560366,1.0629436466669793,1.0623874664735908,0.7275861221226316,0.33535752454434764,0.3348013443509592,0.0005561801933884336,0.5102592770139477,1.062943646666979,0.03374817582117684,0.0
main,mlp,2265-04-01,2265-01-01,0.0047160665955166,0.01048014799003689,0.0095049488997625,0.0374811579779303,0.1095058924311921,0.008420354686677456,0.00022278067968702265,0.03325838757378341,0.003789159609004855,0.10577276396452358,0.5065292602386966,0.5021601559913438,0.513555262552249,1.0612086584814666,1.0606806988338435,0.9233490757679599,0.13785958271350673,0.13733162306588365,0.0005279596476230886,0.5065292622062167,1.06120865871922,0.013870860015407382,0.0
main,mlp,2265-07-01,2265-04-01,0.0035261221581921,0.007835827018204667,0.0091285041370927,0.0360170747758125,0.1082304440030887,0.00930069163441658,0.00026546660285567305,0.036686960011536596,0.004185311235487461,0.10881623176084684,0.5129347560705696,0.5060052268417452,0.5042330803913434,1.0680863329289827,1.067166515684136,1.066931283129132,0.0011550497998507048,0.00023523255500390583,0.0009198172448467989,0.5129347560705696,1.0680863329289825,0.0,0.0
main,mlp,2265-10-01,2265-07-01,0.005474359947676,0.012165244328168888,0.0113096772343072,0.0444770262106376,0.1154012307256501,0.008122158981859685,0.00038721654710570467,0.032094958034288745,0.0036549715418368583,0.10471060774670114,0.4900145007744824,0.4850250344582452,0.5168758091872382,1.0554972785619103,1.054932189566401,0.5103658872021817,0.5451313913597287,0.5445663023642193,0.000565088995509333,0.4900145007744824,1.05549727856191,0.0548173606463902,0.0
main,mlp,2266-01-01,2265-10-01,0.0054175083062143,0.012038907347142889,0.0122792625157071,0.0482197514835059,0.118452691809255,0.010118488967418671,0.00042616241001019285,0.03986378635149679,0.004553320035338402,0.11154688958303427,0.48292801063625895,0.4765538838213884,0.49611027175478967,1.0549692406976368,1.0542437062423826,0.783504385314092,0.2714648553835448,0.27073932092829067,0.0007255344552541398,0.4829280106362589,1.0549692406976368,0.027296532516041472,0.0
main,mlp,2266-04-01,2266-01-01,0.0045533013567609,0.010118447459468667,0.0088450971559172,0.0349137360516678,0.1072567760561687,0.01190172005444765,0.0009308705725043847,0.04676369807062064,0.005355774024501443,0.117272771011774,0.5127939986990236,0.5089741207432377,0.47979828993753143,1.0628003356812847,1.0623325267394998,1.058759450664064,0.004040885017220663,0.003573076075435777,0.0004678089417848863,0.5127939986990213,1.0628003356812843,0.0,0.0
main,mlp,2266-07-01,2266-04-01,0.0022323952733535,0.00496087838523,0.0052801447717217,0.020953887576976,0.0930879139385863,0.00912830252200365,0.00015785833972501538,0.036016290199554324,0.004107736134901643,0.1082297556306911,0.5601603478353163,0.5554635839716854,0.5060073153754885,1.081601945308057,1.0809177393134592,1.0737131455918167,0.007888799716240236,0.007204593721642505,0.0006842059945977308,0.5601603478353163,1.081601945308057,0.0,0.0
main,mlp,2266-10-01,2266-07-01,0.0012605729280325,0.0028012731734055555,0.003687801654586,0.0146698077617812,0.0838985533330635,0.004431518912315369,0.0003442942670659364,0.01760859321542796,0.001994183510541916,0.08860577551516297,0.593968387649763,0.5889592429112487,0.5714523155659199,1.0922992844293762,1.0915208920358048,1.0888004158284357,0.003498868600940508,0.002720476207369149,0.0007783923935713588,0.593968387649763,1.0922992844293755,0.0,0.0
main,mlp,2267-01-01,2266-10-01,0.000657277167169,0.0014606159270422222,0.0023138652570517,0.0092233867184581,0.0717095112003645,0.003934327233582735,0.0002165589023136997,0.015644678706764004,0.001770447255112231,0.08556129720970415,0.6428107219009972,0.6383276656280592,0.5826871588731746,1.1037671531761981,1.1030434658276174,1.094061573039394,0.009705580136804004,0.008981892788223256,0.0007236873485807482,0.6428107219009972,1.1037671531761974,0.0,0.0
main,mlp,2267-04-01,2267-01-01,0.0029716527041858,0.006603672675968444,0.0052773546350079,0.0209429028399902,0.093074329137992,0.0024223004467785357,0.0001368918164779386,0.009654053367732951,0.0010900352010503411,0.0729202897922185,0.5578925535821958,0.5555110900551329,0.6331266562372401,1.0771473198468324,1.076818002799587,-0.26098995992304763,1.33813727976988,1.3378079627226347,0.0003293170472453699,0.5578925535821958,1.0771473198468324,0.13485409127699088,0.0
main,mlp,2267-07-01,2267-04-01,0.0028357863221429,0.0063017473825397775,0.0079446792606011,0.0314020112940005,0.1040694504391676,0.004212043341249227,0.00028967922107499185,0.01674202410424319,0.0018954195035621522,0.08730781590289129,0.5260244343140407,0.5188970393209779,0.576203661725375,1.0734551760053517,1.0724598913388554,0.12652895703932066,0.946926218966031,0.9459309342995348,0.0009952846664962323,0.5260244343140407,1.0734551760053517,0.09539333535036476,0.0
main,mlp,2267-10-01,2267-07-01,0.0029784075819353,0.006618683515411778,0.0067288124513748,0.0266448048929969,0.0994442171257137,0.006244451832026243,0.00021713932390262944,0.02474482069964634,0.002810003324411809,0.09745033459276836,0.5387274264934755,0.5338514340068597,0.5404990099724081,1.0744607091342573,1.0737867693264214,1.041821081885647,0.03263962724861025,0.031965687440774326,0.0006739398078359216,0.5387274264934755,1.0744607091342568,0.0032884488296414105,0.0
main,mlp,2268-01-01,2267-10-01,0.0021500100253032,0.004777800056229333,0.006024434363336,0.023880847878405,0.0965064318195228,0.006749665178358555,0.00023416850621062237,0.026726540762230133,0.0030373493302613495,0.09952775092504955,0.5498842801769481,0.5436879392011125,0.5335755655897448,1.0805579919183566,1.079650228586598,1.0781687668663293,0.0023892250520272107,0.0014814617202687508,0.0009077633317584599,0.5498842772639196,1.0805579914915977,0.0,0.0
main,mlp,2268-04-01,2268-01-01,0.0039760360812972,0.008835635736216001,0.0072286925655267,0.0286027544666809,0.1014018350671184,0.0055662059225142,0.00012775366192929513,0.022079616663104873,0.00250479266513139,0.09444782301618149,0.5302849087957113,0.5274422094600897,0.5507364999475574,1.068003545370288,1.0676389986331702,0.6849545776564143,0.38304896771387376,0.3826844209767559,0.00036454673711783236,0.5302849087957113,1.0680035453702876,0.0385671672383987,0.0
main,mlp,2268-07-01,2268-04-01,0.0035605904458803,0.007912423213067333,0.0081942071488039,0.0323761547031409,0.1049689126933847,0.0074233516119420525,0.00023901540391409998,0.02936440280543806,0.003340508225373924,0.10214133144851859,0.5215681325388609,0.5160650923936305,0.5250515239041732,1.0690525411705936,1.0683239711478387,1.0027269415537166,0.066325599616877,0.06559702959412217,0.0007285700227548375,0.5215681325388609,1.0690525411705931,0.006678678006610372,0.0
main,mlp,2268-10-01,2268-07-01,0.0041297686285816,0.009177263619070222,0.0088929634556913,0.0351001519671249,0.1074220974811464,0.007747841347008943,0.0003587999315021384,0.03063304789340293,0.0034865286061540246,0.1033497347096351,0.513473894858304,0.5084679692575849,0.521180994582414,1.0650583305103807,1.0644240681544883,0.9159377102925352,0.14912062021784545,0.14848635786195308,0.0006342623558923677,0.513473894858304,1.065058330510381,0.015009712758491611,0.0
main,mlp,2269-01-01,2268-10-01,0.0040420764084243,0.008982392018720666,0.0088427396587373,0.0349045540509272,0.1072486241928156,0.008548974059522152,0.00046751683693619837,0.03375988035747757,0.0038470383267849685,0.10622552808362337,0.5141633986326968,0.5089990996605989,0.5121503871081109,1.0655965735334083,1.064937716216507,1.065339755061212,0.00025681847219627407,-0.0004020388447050216,0.0006588573169012957,0.5141633986326968,1.065596573533408,0.0,0.0
main,mlp,2269-04-01,2269-01-01,0.0022732346188854,0.0050516324864119996,0.0045814128857607,0.0182000996817163,0.0894552709683975,0.008625361323356628,0.0002835629680302301,0.03405762540990831,0.0038814125955104824,0.1064929955034992,0.5716621110441141,0.5683727337343943,0.51132343536718,1.0830440136441053,1.0825661735198224,1.0742787557944453,0.00876525784965998,0.00828741772537711,0.00047784012428286893,0.5716621110441141,1.083044013644105,0.0,0.0
main,mlp,2269-07-01,2269-04-01,0.0010765236589134,0.002392274797585333,0.0019377414379752,0.0077284657901701,0.0670168553037097,0.004968363884836435,0.00019433952889209076,0.01972583766095093,0.002235763748176396,0.09152735685930796,0.6609674462286294,0.6591970917881451,0.5609584081322259,1.1039270600300428,1.1036486987684395,1.0882021625860065,0.015724897444036268,0.015446536182432968,0.0002783612616032993,0.6609674462286294,1.1039270600300424,0.0,0.0
main,mlp,2269-10-01,2269-07-01,0.0009500502640473,0.002111222808994,0.0020788809625328,0.0082896292926979,0.0688757489391745,0.0025978647638112305,0.00016093929403300674,0.010351035732642622,0.0011690391437150537,0.07476679516132177,0.6534845681959943,0.6507902918806838,0.6253308447973775,1.1035769755912725,1.103149934149548,1.0991146245837928,0.004462351007479715,0.004035309565755263,0.0004270414417244517,0.6534845681959943,1.1035769755912723,0.0,0.0
main,mlp,2270-01-01,2269-10-01,0.0007741566222515,0.0017203480494477777,0.001503627459841,0.0060009580592028,0.060369106960166,0.00296642598696053,0.00035403859434356995,0.011813010186025874,0.0013348916941322386,0.0782503299571246,0.6927929781001982,0.6909058008815694,0.61104714019813,1.1110259176023773,1.1107234815370588,1.0979254576523636,0.013100459950013743,0.012798023884695198,0.0003024360653185454,0.6927929781001982,1.111025917602377,0.0,0.0
main,mlp,2270-04-01,2270-01-01,0.0010413080941225,0.002314017986938889,0.0019769189321607,0.0078842573674282,0.0675457522985536,0.001503068278543651,6.437362633344479e-05,0.0059987314065838016,0.0006763807253446429,0.0603594684015687,0.6588176839800157,0.6567858585545535,0.6909537700306191,1.1038210490398483,1.103500859930984,0.6211011138126904,0.48271993522715795,0.4823997461182935,0.00032018910886444374,0.6588176839800157,1.1038210490398477,0.04877841620184803,0.0
main,mlp,2270-07-01,2270-04-01,0.0012813657024817,0.002847479338848222,0.0025072178018454,0.0099912173641305,0.073830165541418,0.0020237810909748077,6.173253492400456e-05,0.008070583362818518,0.0009107014909386635,0.06816516908498255,0.6316659191225745,0.6292650520209663,0.653981585031744,1.09802592397069,1.097653342185222,0.7482063973853905,0.34981952658529947,0.3494469447998314,0.0003725817854680624,0.6316659191225745,1.09802592397069,0.03532826131687994,0.0
main,mlp,2270-10-01,2270-07-01,0.000744192666911,0.0016537614820244444,0.0020558258071055,0.008197979447196,0.0685807051425651,0.0022803038358688355,0.00010014904443864475,0.009090064031298417,0.001026136726140976,0.07132300575131786,0.6556306535009354,0.6521120591359769,0.6400032334401798,1.1052667945427825,1.1047018558107118,1.102757686086695,0.0025091084560875387,0.0019441697240167866,0.0005649387320707522,0.6556306535009354,1.1052667945427823,0.0,0.0
main,mlp,2271-01-01,2270-10-01,0.0015211065817015,0.0033802368482255558,0.0038478908571331,0.0153029535165691,0.0849912025332881,0.0023128770757466556,4.4115945701043145e-05,0.009219461362187431,0.001040794684085995,0.07169821258513324,0.5892324513873205,0.5848264841077772,0.6383765379189517,1.0900281982334963,1.0893550151888092,0.26350123733025965,0.8265269609032366,0.8258537778585495,0.000673183044687109,0.5892324513873205,1.0900281982334956,0.08340356335058008,0.0
main,mlp,2271-04-01,2271-01-01,0.001709626626394,0.003799170280875555,0.00477194406615,0.0189515817013843,0.0904960048490326,0.0035460404586046936,0.00024649453123204494,0.014108893616065155,0.0015957182063721122,0.08288793728292206,0.5701071175857151,0.5646317022623792,0.5928205877879634,1.0860312926731874,1.0852050320571405,0.691051884874679,0.3949794077985085,0.3941531471824615,0.0008262606160469588,0.5701071175857151,1.0860312926731872,0.03984069552581304,0.0
main,mlp,2271-07-01,2271-04-01,0.0037254679135074,0.008278817585572,0.0092449715963681,0.0364702227339239,0.108627125233186,0.0036708587780594827,0.00014230326668892917,0.014602781567932155,0.0016518864501267672,0.08377997083634343,0.5113713789380591,0.5048040237473387,0.5894103678830241,1.0668594150203963,1.0660007640587514,-0.44900993903721,1.5158693540576063,1.5150107030959614,0.0008586509616448357,0.5113713789380591,1.066859415020396,0.152607258670719,0.0
main,mlp,2271-10-01,2271-07-01,0.0038999391135361,0.008666531363413556,0.0101950719805689,0.0401608788451619,0.1117987185681281,0.008822946809232235,0.0003332162143162076,0.034827462102452134,0.003970326064154506,0.10718014806432753,0.5027685943429585,0.4953725299247676,0.5092090085897278,1.0648574547882603,1.0639033579751114,0.9375894433566461,0.12726801143161426,0.1263139146184653,0.0009540968131489524,0.5027685943429585,1.06485745478826,0.012809882879078804,0.0
main,mlp,2272-01-01,2271-10-01,0.0041178759705027,0.009150835490005999,0.0091107639237057,0.0359480376821663,0.1081698511377306,0.00900234691798687,0.0001852332648801134,0.03552604588570962,0.004051056113094091,0.10779853535947814,0.5115410603581386,0.5061891389719315,0.5073186011285616,1.0648742717364248,1.0641955344282643,1.064338774219835,0.0005354975165898779,-0.00014323979157060407,0.0006787373081604819,0.5115410603581386,1.0648742717364246,0.0,0.0
main,mlp,2272-04-01,2272-01-01,0.0029698834094031,0.006599740909784667,0.0063281313811305,0.0250732660865704,0.0978026587485103,0.007524022925645113,0.00011180145585835376,0.029758126739339752,0.003385810316540301,0.1025193408337455,0.543559370954603,0.5393156084806651,0.5238359429739458,1.0751748947421367,1.074587977444163,1.0724471216567495,0.002727773085387186,0.0021408557874134093,0.0005869172979737769,0.543559370954603,1.0751748947421365,0.0,0.0
main,mlp,2272-07-01,2272-04-01,0.0015337793601701,0.0034083985781557776,0.0045888182145383,0.0182293154107263,0.0894965142495114,0.007050642184913159,0.00019917747581885806,0.02790569893064898,0.0031727889832109217,0.10071479402827035,0.5739529978439396,0.5682238200078272,0.5296782846310504,1.087620931019774,1.0867463020904644,1.0808618556130423,0.006759075406731707,0.005884446477422145,0.0008746289293095622,0.5739529978439396,1.0876209310197735,0.0,0.0
main,mlp,2272-10-01,2272-07-01,0.00214945907906,0.004776575731244444,0.0040589905896657,0.016137377153631,0.0863607110043361,0.0042191853281110525,0.0002472377841131165,0.016770232278281783,0.0018986333976499738,0.08735113544220448,0.5823766868038246,0.5797064981257862,0.5760441766018931,1.0853213348142088,1.0849301377292664,1.0843935878157522,0.0009277469984565467,0.0005365499135141505,0.00039119708494239624,0.5823766868038246,1.0853213348142086,0.0,0.0
main,mlp,2273-01-01,2272-10-01,0.0008125081159571,0.0018055735910157778,0.0035660189121729,0.0141879579306789,0.0830329525467814,0.003961614239960909,0.00015198091879145673,0.015752539089646467,0.0017827264079824092,0.08573852974320714,0.5986394284147647,0.5922641846339965,0.5820244131581433,1.0957074300324914,1.094688188450453,1.0930511058168064,0.0026563242156849576,0.0016370826336464805,0.001019241582038477,0.5986394284147647,1.095707430032491,0.0,0.0
main,mlp,2273-04-01,2273-01-01,0.0019195736848942,0.004265719299764889,0.0063656745532535,0.0252205974905724,0.0979596009977018,0.003812260739505291,0.00039817873607854806,0.015162064374530604,0.001715517332777381,0.08475224904958811,0.5462117594798523,0.538789676330725,0.5857266140182312,1.0812786383938424,1.0801742007797903,0.3637241087980225,0.7175545295958199,0.7164500919817678,0.0011044376140521006,0.5462117594798482,1.0812786383938413,0.07234345084089244,0.0
main,mlp,2273-07-01,2273-04-01,0.0024536345114838,0.005452521136630666,0.0066399282247541,0.0262963500560302,0.0990861546690865,0.0036384711042046548,0.00024463345087557994,0.01447464608089577,0.0016373119968920947,0.08355165703552014,0.5413019059475551,0.5350363360345126,0.5902804030437517,1.0776571498235405,1.0767582682638766,0.17985606245526786,0.8978010873682727,0.8969022058086087,0.0008988815596639999,0.5413019059475551,1.07765714982354,0.09048277215724754,0.0
main,mlp,2273-10-01,2273-07-01,0.0027563700229258,0.006125266717612888,0.0066000729799921,0.026140074264512,0.0989245228439331,0.0063103044405579565,0.00030337886021606785,0.025003301627639307,0.0028396369982510803,0.09772789420808285,0.5408887721422506,0.5355724795980343,0.5395664185784136,1.0759604177471978,1.0752138172937888,1.0757747113057037,0.00018570644149407123,-0.0005608940119148365,0.0007466004534089077,0.5408887721422504,1.0759604177471973,0.0,0.0
main,mlp,2274-01-01,2273-10-01,0.0024246061246365,0.005388013610303334,0.0048803809166621,0.0193790793579474,0.0910703196228041,0.005674645025283098,0.00010118526851875622,0.02250610041772183,0.0025535902613773942,0.09494742502834141,0.5659472049938945,0.5625820633163217,0.5490140621416604,1.0813571398444832,1.080873387473868,1.0789229338639965,0.0024342059804867144,0.0019504536098715608,0.00048375237061515364,0.5659472049938945,1.0813571398444828,0.0,0.0
main,mlp,2274-04-01,2274-01-01,0.0025109629023784,0.005579917560840889,0.0039329203382588,0.01563911727494,0.085552124188774,0.00474092923104763,0.00023816478287064938,0.018829284195434948,0.002133418153971434,0.09032940876949991,0.5838969710421896,0.582721493658157,0.5652282158974241,1.0834332548041072,1.0832652904046285,1.0807656694558077,0.0026675853482995837,0.0024996209488208354,0.0001679643994787483,0.5838969710421887,1.0834332548041066,0.0,0.0
main,mlp,2274-07-01,2274-04-01,0.0013104191395848,0.002912042532410667,0.0032936944886804,0.0131098302222941,0.0809770054989754,0.0036681970581412316,9.802311917725402e-05,0.014592251465757267,0.0016506886761635542,0.0837612885233666,0.604275514522569,0.6002274251286305,0.5894814918506494,1.0935997444416632,1.092972712361687,1.091308212337388,0.002291532104275129,0.001664500024298965,0.0006270320799761642,0.604275514522569,1.093599744441663,0.0,0.0
main,mlp,2274-10-01,2274-07-01,0.0012299810562972,0.002733291236216,0.0024616638424967,0.0098103562686781,0.0733460947988693,0.0033147230744361876,0.0001713406674012468,0.013193113523268796,0.0014916253834962845,0.0811421549911016,0.6338096420913943,0.6313145637846028,0.5995817170025454,1.098684281340645,1.098295797175617,1.0933549869202748,0.005329294420370223,0.0049408102553423205,0.0003884841650279025,0.6338096420913943,1.098684281340645,0.0,0.0
main,mlp,2275-01-01,2274-10-01,0.0010544463579858,0.0023432141288573334,0.0023624916195837,0.0094165309909957,0.0722594994382136,0.0024123253766447305,0.00011362695161719437,0.009614441742690216,0.0010855464194901288,0.07281125391358101,0.6389206932872696,0.6359561951876107,0.6335920856487334,1.100601600491476,1.1001348238529771,1.099762581717378,0.0008390187740980881,0.00037224213559916564,0.0004667766384989225,0.6389206932872693,1.1006016004914754,0.0,0.0
main,mlp,2275-04-01,2275-01-01,0.0009797066286431,0.002177125841429111,0.0021270706435608,0.0084811744717617,0.0694821408256272,0.002774001331999898,6.166984345351059e-05,0.011049920153131998,0.001248300599399954,0.07649265834848853,0.6507796246632226,0.6480882904788068,0.6181870925731856,1.1029552458227372,1.1025294688591585,1.0977990116289396,0.005156234193797626,0.004730457230218921,0.00042577696357870565,0.6507796246632226,1.1029552458227363,0.0,0.0
main,mlp,2275-07-01,2275-04-01,0.0009064382909229,0.002014307313162,0.0018455641949813,0.0073618452698951,0.0657307030778995,0.002136501204222441,4.4066262553158056e-05,0.00851865598109336,0.0009614255419000984,0.0695992134809228,0.6673912541767245,0.6651263238829337,0.6475688785821792,1.1060722408235613,1.1057122627296496,1.1029217593262373,0.003150481497323998,0.002790503403412359,0.00035997809391163926,0.6673912541767245,1.1060722408235608,0.0,0.0
main,mlp,2275-10-01,2275-07-01,0.0006108529946883,0.0013574510993073334,0.0019013875598687,0.0075838860746405,0.0665167581455465,0.0020595522597432136,4.6456172021039717e-05,0.008212793432385235,0.0009267985168844461,0.06862861385589067,0.6652137891196895,0.6614914072645118,0.6518971139512912,1.1076924382201907,1.1070898163495566,1.1055365821009588,0.002155856119231858,0.001553234248597768,0.0006026218706340902,0.6652137891196895,1.1076924382201905,0.0,0.0
main,mlp,2276-01-01,2275-10-01,0.0010103378949006,0.0022451953220013333,0.0026310278639435,0.0104826504132676,0.0751009610322675,0.0017940304009243847,7.200695645720712e-05,0.007156833419532882,0.0008073136804159732,0.06498473175025651,0.6277018567065626,0.6239370861767133,0.6686088290345585,1.0991120022014014,1.0985175576557054,0.4538769721425797,0.6452350300588217,0.6446405855131256,0.0005944445456960157,0.6277018567065626,1.099112002201401,0.06516941027668388,0.0
main,mlp,2276-04-01,2276-01-01,0.0007167776313719,0.0015928391808264445,0.00202516640345,0.0080760910264611,0.0681832659926163,0.002700611762702465,7.78752403888554e-05,0.010758765959789418,0.0012152752932161092,0.07578798092912159,0.6574619957032167,0.6538999751262835,0.6210876603205794,1.1057410747581684,1.1051681870679635,1.0998909095134684,0.005850165244700056,0.005277277554495141,0.0005728876902049151,0.6574619957032166,1.1057410747581682,0.0,0.0
main,mlp,2276-07-01,2276-04-01,0.0006132302783235,0.0013627339518299999,0.0017982132846276,0.0071734749605537,0.0650460301434684,0.001736469566822052,5.7650424852498924e-05,0.00692780724294817,0.0007814113050699234,0.06412730933648364,0.6717754646772999,0.6683214422408256,0.6726520392078977,1.108738747514037,1.1081796528561094,1.0958321288449606,0.012906618669076275,0.012347524011148803,0.0005590946579274725,0.6717754646772996,1.1087387475140364,0.0013048507769782836,0.0
main,mlp,2276-10-01,2276-07-01,0.0007378601407068,0.0016396892015706666,0.0014319352412078,0.0057154500737979,0.0591069077914067,0.0018474385142326355,5.356814222499189e-05,0.007369301092343905,0.000831347331404686,0.06575746116276807,0.6990818362076023,0.6972397772470222,0.6650020050045952,1.11228750226258,1.1119916281760405,1.1068135521109421,0.005473950151637874,0.005178076065098347,0.00029587408653952707,0.6990818362076023,1.112287502262579,0.0,0.0
main,mlp,2277-01-01,2276-10-01,0.0003871386641079,0.0008603081424619999,0.0011738479844511,0.0046871308912322,0.0540659160055007,0.0016815811628475784,3.4115451877698645e-05,0.006709377372281278,0.0007567115232814104,0.06328470186091335,0.7264640815191338,0.7236399632767089,0.6766683038676327,1.1192335423547977,1.1187700237437066,1.1110606304177275,0.008172911937070149,0.007709393325979086,0.00046351861109106274,0.7264640815191338,1.1192335423547974,0.0,0.0
main,mlp,2277-04-01,2277-01-01,0.0005643640329615,0.00125414229547,0.0013256421514281,0.0052920339582901,0.0571311560230134,0.001145032956264913,4.9314532283005056e-05,0.004572271225527946,0.0005152648303192108,0.05344795967360284,0.7097457653461616,0.7073713497826997,0.7270044181460943,1.1152317387530741,1.1148462372858454,0.8748672330259463,0.24036450572712786,0.23997900425989915,0.0003855014672287105,0.7097457653461616,1.115231738753074,0.02431665577685399,0.0
main,mlp,2277-07-01,2277-04-01,0.0005440499420967,0.001208999871326,0.0012381394448811,0.0049433674336827,0.0554017725222847,0.001551619009114802,5.54789330239209e-05,0.006192045843591232,0.0006982285541016609,0.06118472694745469,0.7186705073627463,0.71646531979461,0.6868684997327017,1.1168267187577683,1.1164682445680087,1.1116570002800177,0.005169718477750607,0.004811244287991068,0.00035847418975953893,0.7186705073627463,1.116826718757768,0.0,0.0
main,mlp,2277-10-01,2277-07-01,0.0009578129298767,0.002128473177503778,0.0016831734121013,0.006715714278179,0.0633095003161825,0.0015173484804108738,6.230021015539581e-05,0.006055593811723936,0.0006828068161848932,0.060604627854546254,0.6781163744433298,0.6765494857894092,0.6897355400952978,1.1074284645924501,1.1071802351607152,0.9379244997337122,0.16950396485873798,0.169255735427003,0.0002482294317349698,0.6781163744433298,1.1074284645924497,0.01713446948173103,0.0
main,mlp,2278-01-01,2277-10-01,0.0005131370996389,0.0011403046658642222,0.0012560436447923,0.0050147166292219,0.0557636916970538,0.0020174291683360936,7.579790381604836e-05,0.008045329377995847,0.0009078431257512422,0.06808203574379378,0.7169649653980104,0.7145442703040663,0.6543567319496087,1.1167711009579953,1.1163768456668086,1.106574183811916,0.010196917146079176,0.009802661854892536,0.0003942552911866404,0.7169649653980104,1.116771100957995,0.0,0.0
main,mlp,2278-04-01,2278-01-01,0.0006096686923908,0.001354819316424,0.0013337135373671,0.0053241908851006,0.0572858276600308,0.001560297468677163,5.3199886088933025e-05,0.006226597893989716,0.0007021338609047233,0.0613298142041636,0.7087398425443396,0.7065684267432,0.6861548183006746,1.1147473286169562,1.114395769204686,1.1110907383660031,0.0036565902509531067,0.003305030838682832,0.00035155941227027476,0.7087398425443396,1.1147473286169562,0.0,0.0
main,mlp,2278-07-01,2278-04-01,0.0006405398400984,0.0014234218668853333,0.0016645105833094,0.0066414371994117,0.0630174723834338,0.001658535678870976,3.354965534439418e-05,0.006617656513134507,0.0007463410554919393,0.06292334481555144,0.6809298176047017,0.6779510641911495,0.6784039445414055,1.1100345825927225,1.109553232121597,1.1096264151413693,0.0004081674513531919,-7.318301977221608e-05,0.00048135047112540796,0.6809298176047015,1.1100345825927218,0.0,0.0
main,mlp,2278-10-01,2278-07-01,0.0006957923823664,0.0015462052941475556,0.0013573100354063,0.0054181963972755,0.0577335126956668,0.0018958219094201922,3.698340101276732e-05,0.007561750035892212,0.0008531198592390865,0.0664393848816869,0.7060685556099563,0.7042538690617328,0.6618476412973364,1.1137067461182542,1.1134145052289188,1.1065853182669338,0.0071214278513203055,0.006829186961984979,0.00029224088933532677,0.7060685556099563,1.113706746118254,0.0,0.0
main,mlp,2279-01-01,2278-10-01,0.0003595997335844,0.0007991105190764444,0.0011809482885954,0.0047154319072599,0.054216316358375,0.0017390774097293614,3.3663408028838215e-05,0.006938184326943153,0.0007825848343782127,0.06416672579899001,0.7258162438650089,0.7228255036957951,0.6724652115182502,1.1193270956900707,1.1188354060353227,1.1105559724259986,0.008771123264072145,0.00827943360932415,0.0004916896547479954,0.7258162438650089,1.11932709569007,0.0,0.0
main,mlp,2279-04-01,2279-01-01,0.0005217276890008,0.0011593948644462223,0.0011444241827533,0.0045698444844775,0.0534347708192646,0.0013991817133501172,2.9383226207172605e-05,0.00558499154953096,0.0006296317710075528,0.058511870396506425,0.72909414228039,0.7270765525236141,0.7002628537686556,1.1186839298839457,1.1183555011292188,1.113990694229236,0.004693235654709804,0.004364806899982865,0.00032842875472693933,0.7290941422803894,1.1186839298839453,0.0,0.0
main,mlp,2279-07-01,2279-04-01,0.0003952191772706,0.000878264838379111,0.0010981005035564,0.0043851723609434,0.0524144888759031,0.0013056253315880894,0.00010280828984507396,0.005212282280983582,0.0005875313992146403,0.056744128838116144,0.7352416332289582,0.7326970252032573,0.7093878970422756,1.1206147784486666,1.1201973410792525,1.1163735296927546,0.00424124875591203,0.0038238113864978995,0.0004174373694141309,0.7352416332289579,1.1206147784486662,0.0,0.0
main,mlp,2279-10-01,2279-07-01,0.0005925575159083,0.001316794479796222,0.001129240316915,0.004509315923829,0.0531040002196695,0.0013020481914281846,0.00011689322388078528,0.005198029615484656,0.0005859216861426831,0.05667444115814219,0.7304785482288565,0.7288898079233592,0.7097521219900865,1.11839189056282,1.1181343963915844,1.1150326669511637,0.0033592236116564145,0.003101729440420753,0.00025749417123566154,0.7304785482288565,1.1183918905628194,0.0,0.0
