split,model,date,feature_date,c_q_realised,pd_q_realised,pd_q_true,pd_a_true,k_irb_true,pd_q_hat,pd_q_hat_std,pd_a_hat,c_q_hat,k_irb_hat,alpha_oracle,alpha_bayes,alpha_hat,utility_oracle,utility_bayes_realised,utility,regret,regret_vs_bayes,regret_irreducible,alpha_oracle_panel,utility_oracle_panel,shortfall_realised_at_hat,shortfall_predicted_at_hat
main,mlp,2205-01-01,2204-10-01,0.0022988657694169,0.005108590598704222,0.0054998868566241,0.0218187194378253,0.0941381292973028,0.004443791788071394,0.0003538161109934438,0.017657034060895804,0.001999706304632127,0.08867640925306801,0.5566781969641806,0.5518080221855334,0.5711953585644155,1.0807246525741656,1.08001842199225,0.822048024807376,0.25867662776678957,0.2579703971848739,0.0007062305819156567,0.5566781969641806,1.0807246525741656,0.026078178085691017,0.0
main,mlp,2205-04-01,2205-01-01,0.0027625547170926,0.006139010482428,0.0053076528880667,0.0210621817749326,0.0932215006385863,0.005010748934000731,0.00010849985140864968,0.01989285270795127,0.0022548370203003287,0.09174478915666945,0.5580853624730058,0.5549967168173963,0.560188272049138,1.0783409273890636,1.077907360445174,1.040955487324676,0.0373854400643876,0.03695187312049808,0.00043356694388951844,0.5580853624730058,1.0783409273890632,0.0037680634845486116,0.0
main,mlp,2205-07-01,2205-04-01,0.0007823303516259,0.001738511892502,0.0025493564515603,0.0101584967293957,0.0742698862379735,0.005928764771670103,0.00026175853965258814,0.023504989931130038,0.0026679441472515467,0.09608752901098383,0.6319026811838989,0.6274129432203659,0.5451118198931363,1.1012160839712555,1.1004969325761786,1.0873142105247227,0.01390187344653282,0.013182722051455986,0.0007191513950768336,0.6319026811838989,1.101216083971255,0.0,0.0
main,mlp,2205-10-01,2205-07-01,0.001312171880236,0.0029159375116355555,0.0028665119553532,0.0114168406244173,0.0773533346150797,0.0025677184574306013,0.00016530654166088104,0.01023138243549293,0.0011554733058437706,0.07445913413867274,0.617796848544439,0.6146741820313054,0.6266186164238892,1.0956833140318814,1.0951996808095736,0.9542556415934969,0.1414276724383845,0.1409440392160768,0.0004836332223077111,0.6177968485444387,1.0956833140318811,0.01427939726846783,0.0
main,mlp,2206-01-01,2205-10-01,0.0017652311443262,0.003922735876280444,0.004022020452792,0.0159912819095927,0.0861263535000501,0.002240779995918274,0.00011393076903976323,0.008933038393198034,0.0010083509981632234,0.07086037261402668,0.5844822779004737,0.5805780047341031,0.6420187424348711,1.0878755594847132,1.0872885610386551,0.11212563247800822,0.9757499270067049,0.9751629285606469,0.0005869984460580291,0.5844822779004737,1.087875559484713,0.09844004014571783,0.0
main,mlp,2206-04-01,2206-01-01,0.0013420153435404,0.0029822563189786664,0.003305688688627,0.0131573336615394,0.0810713410314441,0.0028514189179986715,5.5059408183046895e-05,0.011356984801683456,0.0012831385130994022,0.07721494598330077,0.6038160277604432,0.5998584559650374,0.6152368398951745,1.093337788924453,1.0927260280835505,0.9059594142540007,0.18737837467045237,0.18676661382954973,0.000611760840902642,0.6038160277604432,1.0933377889244529,0.018914380205788228,0.0
main,mlp,2206-07-01,2206-04-01,0.0018437511893173,0.004097224865149555,0.0023739841110224,0.0094621751261754,0.0723877949607078,0.003915254585444927,0.00024939597514762006,0.015569282867153422,0.0017618645634502172,0.08543664743514892,0.6351967049266584,0.6354051591041514,0.5831539361316391,1.0950015996260891,1.0917511136045972,1.0872179536371376,0.0077836459889515375,0.004533159967459621,0.0032504860214919162,0.6351967049266584,1.0950015996260885,0.0,0.0
main,mlp,2206-10-01,2206-07-01,0.0012370302491872,0.002748956109304889,0.0023770017574447,0.0094741598952711,0.0724213767831976,0.003285975009202957,0.00010281241977952069,0.013079256052648702,0.0014786887541413307,0.08091609575159465,0.6375176298124254,0.6352610547839064,0.6004658399451515,1.0992166758838064,1.098865485794713,1.093450317034628,0.005766358849178532,0.005415168760085187,0.00035119008909334504,0.6375176298124254,1.099216675883806,0.0,0.0
main,mlp,2207-01-01,2206-10-01,0.0005564739642237,0.001236608809386,0.0015594678296733,0.0062232948434364,0.0613159754715528,0.0028399582020938396,0.00021189647339099575,0.011311532188957862,0.0012779811909422278,0.07710934138870564,0.6893107488619042,0.6862228329949326,0.6156667684590527,1.111968370958788,1.111466784540973,1.1000059918282687,0.01196237913051923,0.011460792712704171,0.0005015864178150586,0.6893107488619042,1.111968370958787,0.0,0.0
main,mlp,2207-04-01,2207-01-01,0.0008997958996382,0.0019995464436404443,0.0014619055087695,0.0058348115215604,0.0596411341423456,0.0018718885956332087,8.79595317928502e-05,0.007466556804911262,0.0008423498680349439,0.06610416765741588,0.6956960671672425,0.6945459920078748,0.6633949292360709,1.1106170945977816,1.1104342303001342,1.105481147739986,0.005135946857795615,0.004953082560148259,0.000182864297647356,0.6956960671672425,1.1106170945977811,0.0,0.0
main,mlp,2207-07-01,2207-04-01,0.0007242357811311,0.0016094128469579998,0.0016602560801762,0.0066245039172496,0.0629504794984663,0.0018272493034601212,7.184458638850351e-05,0.007288988566163002,0.0008222621865570546,0.06546787087928047,0.680852379682837,0.6782733301915442,0.6663496436357056,1.1094522232363708,1.1090376213210624,1.107120797584149,0.0023314256522217747,0.0019168237369133756,0.00041460191530839907,0.680852379682837,1.1094522232363706,0.0,0.0
main,mlp,2207-10-01,2207-07-01,0.0007730477800139,0.0017178839555864443,0.0018823275489894,0.0075080779189218,0.0662508799480654,0.0017533677630126477,3.632492030386331e-05,0.006995046813028538,0.0007890154933556915,0.06438174596990273,0.6656729137410989,0.6627169477551692,0.6714476765608438,1.1066870798266752,1.1062133285704707,1.0208618746183165,0.08582520520835879,0.08535145395215427,0.0004737512562045243,0.6656729137410989,1.1066870798266746,0.008675072368629688,0.0
main,mlp,2208-01-01,2207-10-01,0.0005938073357647,0.0013195718572548889,0.0015180813570924,0.0060585119911237,0.0606171545607385,0.0017678288742899895,0.00011303179367777844,0.007052586273229244,0.0007955229934304953,0.06459767662928123,0.6924681988513232,0.6896733935158037,0.6704286103256687,1.1122227304444054,1.111769798907141,1.1086509522655332,0.0035717781788722203,0.0031188466416076643,0.00045293153726455593,0.6924681988513232,1.1122227304444052,0.0,0.0
main,mlp,2208-04-01,2208-01-01,0.0009019021073775,0.002004226905283333,0.001323198817957,0.0052822994050093,0.0570841780941205,0.0015107470331713556,9.732748122695851e-05,0.006029307780140658,0.00067983616492711,0.06049155038885918,0.7082851191480358,0.7076155569552576,0.6902969526002284,1.1126038616010328,1.1124974139481727,1.1097440852741742,0.002859776326858521,0.0027533286739984675,0.00010644765286005331,0.7082851191480358,1.1126038616010323,0.0,0.0
main,mlp,2208-07-01,2208-04-01,0.0007447863935197,0.0016550808744882222,0.0013988335921039,0.0055836049006653,0.0585054818268063,0.0015395217575132846,0.00010097375603201816,0.006143880856434247,0.0006927847908809781,0.06098127012767314,0.7019993776115048,0.7002954414367978,0.6878715740675939,1.1127074995916892,1.112433928999122,1.1104392505548106,0.0022682490368786112,0.0019946784443114485,0.00027357059256716276,0.7019993776115048,1.1127074995916892,0.0,0.0
main,mlp,2208-10-01,2208-07-01,0.0009930258548254,0.002206724121834222,0.0021033754728754,0.0083869939645662,0.0691856941687878,0.0015786136267706753,7.684598433912287e-05,0.00629951811073004,0.0007103761320468039,0.061633667569693684,0.6519809156868609,0.6494067777270782,0.6846645368746683,1.1030584547740947,1.1026515614523305,0.6069277151853023,0.4961307395887924,0.49572384626702815,0.00040689332176424564,0.6519809156868609,1.1030584547740945,0.050129703113965585,0.0
main,mlp,2209-01-01,2208-10-01,0.0014812840859671,0.0032917424132602223,0.0029877994341098,0.0118977426716886,0.078438029079621,0.002047483762726188,6.772106645962434e-05,0.008164816228540595,0.0009213676932267845,0.06847314622638542,0.6130481861372046,0.610292503116518,0.6525950789507037,1.09391111005049,1.0934889747970595,0.4548830808452635,0.6390280292052264,0.638605893951796,0.00042213525343037794,0.6130481861372045,1.0939111100504897,0.06450861053681534,0.0
main,mlp,2209-04-01,2209-01-01,0.0008538508065666,0.0018974462368146667,0.0027579721919871,0.0109863341594962,0.0763404431077866,0.003038397477939725,0.00015100718852209763,0.012098310871359375,0.0013672788650728764,0.07887671611601721,0.6234635647318503,0.6188117598834456,0.6085345448892985,1.099418430198839,1.0986766464575248,1.0970378264216285,0.0023806037772104993,0.0016388200358963267,0.0007417837413141726,0.6234635647318503,1.0994184301988388,0.0,0.0
main,mlp,2209-07-01,2209-04-01,0.0010796708961992,0.0023992686582204443,0.0027137670350708,0.0108109608394147,0.0759157715413142,0.0026380383409559728,5.35490397332716e-05,0.010510471272696886,0.0011871172534301878,0.07517103655882088,0.6242374717942246,0.6205600051529307,0.6236454622504376,1.0981321849552979,1.0975540750966035,1.0980391191066885,9.306584860935274e-05,-0.00048504401008497844,0.0005781098586943312,0.6242374768976681,1.098132185757576,0.0,0.0
main,mlp,2209-10-01,2209-07-01,0.0015640509439358,0.0034756687643017776,0.0034178599022721,0.0136015085813179,0.0819361863842978,0.0020033917389810085,0.00010648461894068194,0.007989517632136067,0.0009015262825414538,0.06789740387122893,0.5998791695466508,0.5964920519791713,0.6551912507149437,1.0913972846700688,1.090881225163018,0.17777090622238645,0.9136263784476824,0.9131103189406315,0.0005160595070508034,0.5998791695466508,1.091397284670068,0.09220536989563322,0.0
main,mlp,2210-01-01,2209-10-01,0.0012942517940065,0.002876115097792222,0.0033091843493397,0.0131711780226476,0.0810987655844262,0.0029568975325673817,4.3179834712774975e-05,0.011775234007211255,0.0013306038896553217,0.07816618635646772,0.6038901970792929,0.5997512593564862,0.6113859199831728,1.093637693399793,1.0929959201380914,0.9706760340492272,0.12296165935056591,0.12231988608886424,0.0006417732617016725,0.6038901970792929,1.0936376933997929,0.012412392727026045,0.0
main,mlp,2210-04-01,2210-01-01,0.0014701808728417,0.0032670686063148886,0.0031050263716764,0.0123623780057218,0.0794426144983024,0.002882939064875245,0.00013697143020471704,0.011481984008831936,0.0012973225791938602,0.07750307772759234,0.6093370097815821,0.6062786344096368,0.6140662853202405,1.0934102614743515,1.0929414180616024,1.016521788152531,0.07688847332182047,0.07641962990907136,0.00046884341274910923,0.6093370097815821,1.093410261474351,0.007761346270792169,0.0
main,mlp,2210-07-01,2210-04-01,0.0023622223791649,0.005249383064810889,0.0042917421640195,0.0170567702112698,0.0877869916345573,0.0031821975018829106,0.00044795575091335595,0.012668160515918458,0.0014319888758473097,0.080082007817807,0.5768702240972011,0.5744430285293515,0.6037455266338909,1.083287240115967,1.082936807017458,0.621286185902564,0.462001054213403,0.4616506211148941,0.0003504330985089066,0.5768702240972011,1.083287240115967,0.0465881250628577,0.0
main,mlp,2210-10-01,2210-07-01,0.0016740772991967,0.0037201717759926664,0.0056972626351369,0.0225950363830406,0.0950506034178732,0.004090728284791112,0.0002000533113489725,0.016262782329671488,0.0018408277281560003,0.08656012652879949,0.5557881139584048,0.5486592884042784,0.5789664132932976,1.0840680804976008,1.0829897798548085,0.6705393063679859,0.413528774129615,0.4124504734868226,0.0010783006427923514,0.5557881139584048,1.0840680804976008,0.04170347057703716,0.0
main,mlp,2211-01-01,2210-10-01,0.0024404731958263,0.005423273768502888,0.0063083870768613,0.0249957764265924,0.097719843581084,0.005449908692389727,0.0004237590232176379,0.021622072340802934,0.002452458911575377,0.0939025824120487,0.5453742685460586,0.5395934346249394,0.5526249691104302,1.0783131642749375,1.077483063878529,0.9464053910740917,0.1319077732008458,0.13107767280443738,0.0008301003964084064,0.5453742685460586,1.078313164274937,0.013294893949187703,0.0
main,mlp,2211-04-01,2211-01-01,0.003225183799456,0.007167075109902222,0.0075822408822911,0.0299857615867795,0.1027366351278734,0.005983835551887751,0.00041649378656355353,0.02372136023374294,0.0026927259983494877,0.09632931840649535,0.5286479074762364,0.5231391617306257,0.5442893128219412,1.071762981787921,1.071015179677999,0.7780106302043244,0.2937523515835967,0.2930045494736746,0.0007478021099220911,0.5286479074762364,1.0717629817879208,0.029587564361045815,0.0
main,mlp,2211-07-01,2211-04-01,0.0026264088440535,0.005836464097896667,0.0058855969277106,0.0233353605179467,0.0958967298208951,0.006157137826085091,0.0001693832724112275,0.024402021466796042,0.002770712021738291,0.09707887415259042,0.5502876523012528,0.5457621230952319,0.541750753690611,1.077995522018836,1.077354092011531,1.076785536912366,0.0012099851064699685,0.0005685550991649801,0.0006414300073049883,0.5502876523012528,1.0779955220188355,0.0,0.0
main,mlp,2211-10-01,2211-07-01,0.0019822041148714,0.004404898033047556,0.0054009448493614,0.0214293875016295,0.0936699630059208,0.005698878597468138,0.00026225463096835375,0.022601390366364216,0.002564495368860662,0.09505796196435493,0.5591209812076343,0.5534334259626301,0.5486339971757631,1.0828494057462754,1.0820066354192164,1.0812954658579268,0.001553939888348621,0.0007111695612895819,0.0008427703270590392,0.5591209812076343,1.082849405746275,0.0,0.0
main,mlp,2212-01-01,2211-10-01,0.0038902392616581,0.008644976137018,0.0072232831793481,0.0285815825986308,0.1013811162582092,0.005130739044398069,0.00023481734260268663,0.02036554884197761,0.002308832569979131,0.09235108139144745,0.5305846021730319,0.5275094309402749,0.5580485943063637,1.0684972026550217,1.0681002054065782,0.5544252368409457,0.514071965814076,0.5136749685656326,0.00039699724844344253,0.5305846021730319,1.0684972026550217,0.051761750148768604,0.0
main,mlp,2212-04-01,2212-01-01,0.0036956899143841,0.008212644254186888,0.0073288109399594,0.0289945466209833,0.101783631611058,0.007062749844044447,0.0004175603627349671,0.027953111504413264,0.003178237429820001,0.10076185407627061,0.5299997840305495,0.5262058341916174,0.5295246605419344,1.0694528151524578,1.068955644201071,1.0693905534972201,6.226165523770533e-05,-0.0004349092961490886,0.0004971709513867939,0.5299997840305495,1.0694528151524574,0.0,0.0
main,mlp,2212-07-01,2212-04-01,0.0034799774753281,0.007733283278506889,0.0072029122742694,0.0285018495383573,0.1013030076926659,0.007796153239905834,0.00013732556229329406,0.03082182463431571,0.0035082689579576253,0.10352726197547478,0.5319630273038046,0.5277629721444788,0.520616143830723,1.0708575950597934,1.070298146766522,1.0693461876253305,0.0015114074344628747,0.0009519591411915052,0.0005594482932713696,0.5319630273038046,1.070857595059793,0.0,0.0
main,mlp,2212-10-01,2212-07-01,0.0025677439443705,0.005706097654156667,0.0061713136721794,0.0244576827042996,0.0971394556581066,0.006980438623577357,0.000104619452620735,0.02763075350979316,0.0031411973806098107,0.10044090967519279,0.5467253342775911,0.5415463249275807,0.5305736951182056,1.0778113494953832,1.0770742596235443,1.075512606853038,0.0022987426423450863,0.0015616527705062389,0.0007370898718388474,0.5467253342775911,1.0778113494953827,0.0,0.0
main,mlp,2213-01-01,2212-10-01,0.0019157401923129,0.004257200427362,0.0035668349700704,0.0141911873617475,0.0830388574728307,0.005385538842529058,0.00017565196947992898,0.021368755166427,0.002423492479138076,0.09359638470168744,0.5946908448511224,0.5922415448581908,0.5536894886550499,1.0885153304001705,1.0881507702257525,1.0824125820192718,0.006102748380898637,0.005738188206480643,0.0003645601744179938,0.5946908448511224,1.08851533040017,0.0,0.0
main,mlp,2213-04-01,2213-01-01,0.0013249037585384,0.0029442305745297774,0.0026313532117681,0.010483941558946,0.0751042174831137,0.004386062454432249,0.00027474790528241136,0.01742916169279629,0.001973728104494512,0.08834242273941223,0.6264521060481109,0.6239235292500204,0.5724118239330573,1.0969440663176082,1.096552766624564,1.0885812806511463,0.00836278566646187,0.00797148597341768,0.0003912996930441892,0.6264521060481109,1.0969440663176078,0.0,0.0
main,mlp,2213-07-01,2213-04-01,0.0009360200331196,0.0020800445180435556,0.0025885276312612,0.0103139770058237,0.074671904548362,0.002703775139525533,0.00026322458396270225,0.01077131716734081,0.0012166988127864898,0.07581876985059913,0.6296914854797987,0.6257275604620568,0.6209604629392212,1.0998941311096668,1.0992652948389494,1.0985090434429259,0.0013850876667409473,0.0007562513960235329,0.0006288362707174144,0.6296914854797987,1.0998941311096662,0.0,0.0
main,mlp,2213-10-01,2213-07-01,0.0006297819821637,0.0013995155159193333,0.0019622838995107,0.0078260624581549,0.0673493772688992,0.001965781603939831,0.0001043721506403983,0.007839971002398305,0.000884601721772924,0.06739643891867633,0.6614668298019092,0.6576793137727698,0.657465001327012,1.106960628494639,1.1063481788952665,1.1063135241055482,0.0006471043890907691,3.4654789718313594e-05,0.0006124495993724555,0.6614668298019092,1.1069606284946385,0.0,0.0
main,mlp,2214-01-01,2213-10-01,0.0011226446145642,0.0024947658101426664,0.002522863641456,0.0100533297100959,0.0739943218837975,0.0018681852146983148,4.27753649721077e-05,0.00745182623136631,0.0008406833466142417,0.06605193137608806,0.6316442256406277,0.6285725584154488,0.6636366141598925,1.0990251100252653,1.0985435538381156,0.59754710936593,0.5014780006593352,0.5009964444721856,0.00048155618714962323,0.6316442256406277,1.099025110025265,0.05064935611037896,0.0
main,mlp,2214-04-01,2214-01-01,0.0012766809464952,0.0028370687699893335,0.0030792329026975,0.0122601582544193,0.0792250998661942,0.0023753166198730467,9.052411861027925e-05,0.009467467280762087,0.0010688924789428711,0.07240262915053372,0.6108668965196976,0.6071441747693039,0.6353415007369827,1.0948268173389957,1.094248927364207,0.6979725787536579,0.39685423858533775,0.39627634861054917,0.0005778899747885813,0.610866896519697,1.0948268173389952,0.04006535094850694,0.0
main,mlp,2214-07-01,2214-04-01,0.0014914396949192,0.003314310433153778,0.0031165430826889,0.0124080162736459,0.0795391097574149,0.0028740626759827135,0.0001349375583674169,0.011446784179853342,0.0012933282041922211,0.07742227706610694,0.6089001090616001,0.6058952795820395,0.6143941825951331,1.0932138403933978,1.092753844260454,1.003825485161844,0.08938835523155375,0.08892835909861008,0.00045999613294367414,0.6089001090616001,1.0932138403933975,0.009022941879164026,0.0
main,mlp,2214-10-01,2214-07-01,0.003406433591203,0.0075698524248955555,0.0047141878095398,0.0187238284083199,0.0901849094046014,0.0026841802522540093,0.00010144271783853085,0.010693569371528322,0.0012078811135143041,0.07562744078825466,0.565638550460015,0.5657463313765272,0.6217515875426769,1.075759174889619,1.0738682386976808,0.09124489463094942,0.9845142802586695,0.9826233440667314,0.0018909361919381418,0.565638550460015,1.0757591748896185,0.09920298171443287,0.0
main,mlp,2215-01-01,2214-10-01,0.0025079365029399,0.005573192228755333,0.0048495738259343,0.0192576407690789,0.090908420386992,0.0048399224877357485,0.0005041936460336511,0.019219593801922952,0.002177965119481087,0.09085749614656098,0.5661989683237268,0.5631587967236034,0.5633403778745668,1.0809215160725263,1.0804870128170163,1.0805129645104115,0.0004085515621148339,-2.595169339514314e-05,0.00043450325550997704,0.5661989683237268,1.0809215160725256,0.0,0.0
main,mlp,2215-04-01,2215-01-01,0.0016398591353162,0.003644131411813778,0.0046918734961188,0.0186358245800004,0.0900637153853293,0.006131791975349188,0.00015168134959659283,0.024302495444614602,0.002759306388907135,0.09697028801795267,0.5717435969993709,0.5661813981670355,0.5421174559905874,1.0866771346899147,1.0858338975117587,1.0821857699802133,0.004491364709701351,0.00364812753154542,0.0008432371781559311,0.5717435969993709,1.086677134689915,0.0,0.0
main,mlp,2215-07-01,2215-04-01,0.001060021079667,0.0023556023992599997,0.0033012979941949,0.0131399443650108,0.0810368505060599,0.0036800962407141924,0.0002682920222444493,0.014639325489163801,0.0016560433083213867,0.0838446956416898,0.6049721230521058,0.5999933183611648,0.5891640716153542,1.0952224846422924,1.0944388218334538,1.0927343006784325,0.002488183963859969,0.001704521155021288,0.000783662808838681,0.6049721230521058,1.0952224846422924,0.0,0.0
main,mlp,2215-10-01,2215-07-01,0.0014748436129196,0.0032774302509324445,0.0027535545915442,0.0109688094418539,0.0762983284259098,0.003281359886750579,0.00026195357396366565,0.013060976820672199,0.0014766119490377606,0.08087960717981078,0.6212215267661558,0.6189847758036356,0.6006087417237951,1.095203170487122,1.094860384904126,1.0920442289436474,0.003158941543474514,0.0028161559604786834,0.0003427855829958304,0.6212215267661558,1.095203170487122,0.0,0.0
main,mlp,2216-01-01,2215-10-01,0.0016142984787676,0.0035873299528168885,0.0039100812163286,0.0155488313416434,0.0854027263469514,0.002569661848247051,0.0002165243601027438,0.010239096248874424,0.001156347831711173,0.07447908105293834,0.5874852917418903,0.5832810552447328,0.6265349948888185,1.0892137628850649,1.0885753200793595,0.43045145633271087,0.658762306552354,0.6581238637466487,0.0006384428057053526,0.5874852917418903,1.0892137628850649,0.06646922779171738,0.0
main,mlp,2216-04-01,2216-01-01,0.0007359526310381,0.0016354502911957779,0.0019630196290292,0.0078289880824451,0.0673592832692465,0.00376605037599802,0.0003875654502296398,0.014979316147833432,0.001694722669199109,0.08443878647611618,0.6609593354056433,0.6576341930277829,0.5869105190893904,1.1061768207291383,1.1056426682824734,1.0942815837999398,0.011895236929198472,0.01136108448253359,0.0005341524466648817,0.6609593354056433,1.1061768207291385,0.0,0.0
main,mlp,2216-07-01,2216-04-01,0.0007963858397358,0.001769746310524,0.0019483098135348,0.0077704933553971,0.0671605411973913,0.0022937233559787275,0.00017278166642886673,0.009143374665877668,0.0010321755101904274,0.07147823866491004,0.6615641182832721,0.6585404855508761,0.6393293739162805,1.1058741689128087,1.1053902783966925,1.1023158062147944,0.003558362698014239,0.003074472181898047,0.00048389051611619216,0.6615641182832721,1.1058741689128084,0.0,0.0
main,mlp,2216-10-01,2216-07-01,0.0012605057175055,0.002801123816678889,0.002297683799952,0.0091591075879846,0.071523875725427,0.0021172665758058427,0.00014119188549416094,0.008442207341890162,0.0009527699591126293,0.06935988310759282,0.6410898208971675,0.6391314889513234,0.6486314848274035,1.0996221160639696,1.0993178011832123,0.9831559579778734,0.11646615808609628,0.11616184320533895,0.00030431488075732815,0.6410898208971675,1.0996221160639692,0.01176380945213401,0.0
main,mlp,2217-01-01,2216-10-01,0.0013885055286124,0.0030855678413608885,0.0024492361516461,0.0097610107937374,0.0732124244297813,0.002655008155852556,0.0003969656940258789,0.010577813025210214,0.0011947536701336502,0.07533985830096916,0.6337098103665767,0.6318824801270589,0.6229438207758367,1.0976641523892858,1.0973825334904486,1.0960049524987188,0.0016591998905670646,0.0013775809917297988,0.0002816188988372659,0.6337098103665765,1.0976641523892856,0.0,0.0
main,mlp,2217-04-01,2217-01-01,0.0010922604486049,0.002427245441344222,0.0025637091935794,0.0102154685031327,0.0744179333522983,0.002505965018644929,0.00018731570486962398,0.009986243819539942,0.0011276842583902182,0.07381697536324493,0.6300792436780029,0.6267914044589609,0.6293207518548154,1.0989712065643407,1.0984547613429445,1.098852064644236,0.00011914192010475944,-0.00039730330129139624,0.0005164452213961557,0.6300792436780029,1.0989712065643402,0.0,0.0
main,mlp,2217-07-01,2217-04-01,0.0014200591837085,0.003155687074907778,0.0033268972083222,0.0132413265322285,0.0812372520532442,0.0028690037317574022,0.0001950268970233344,0.011426722225972297,0.0012910516792908311,0.07737610730190908,0.6029278894267663,0.5992103884287063,0.6145816726590069,1.0927299525587522,1.0921582031054051,0.9012359212495406,0.1914940313092116,0.19092228185586457,0.0005717494533470369,0.6029278894267663,1.092729952558752,0.0193286376273189,0.0
main,mlp,2217-10-01,2217-07-01,0.0013445942497337,0.0029879872216304446,0.0047624974584588,0.0189143331072364,0.0904453746213189,0.004080426692962646,0.00031010785066867916,0.01622207895714367,0.0018361920118331908,0.08649557671375209,0.5714613265228305,0.5648128980566406,0.5792058242226364,1.0883216667199576,1.0872941251244912,0.9539976951976323,0.13432397152232523,0.13329642992685886,0.0010275415954663636,0.5714613265228305,1.0883216667199571,0.01355209150651504,0.0
main,mlp,2218-01-01,2217-10-01,0.0023561924043919,0.005235983120870889,0.0048261541464726,0.019165315098882,0.0907846789197576,0.004028246412053705,0.0005213810124072202,0.01601588623166783,0.001812710885424167,0.08616597799561736,0.5670835010615187,0.563600167789945,0.5804305222753045,1.081908449799764,1.0814053238441037,0.8484738637477929,0.2334345860519711,0.23293146009631083,0.0005031259556602663,0.5670835010615187,1.0819084497997635,0.02353624041158353,0.0
main,mlp,2218-04-01,2218-01-01,0.0017734972849568,0.003941105077681778,0.0050374685162382,0.0199981282116934,0.0918809678213076,0.004642658773809672,0.0002543597652126379,0.018441709224389147,0.0020891964482143525,0.08979439981568915,0.5654366544010326,0.5597066818734511,0.5671498812777817,1.0849653542254205,1.084104339747992,1.0549239034622284,0.03004145076319209,0.0291804362857635,0.0008610144774285899,0.5654366544010321,1.08496535422542,0.00302988888463418,0.0
main,mlp,2218-07-01,2218-04-01,0.0017283064347522,0.0038406809661159997,0.0034251565432156,0.0136303965827563,0.0819913846052996,0.003907526889815926,0.00037183912727625,0.015538733380221492,0.001758387100417167,0.0853859605059259,0.5990904906786761,0.5962781798364869,0.583343899308734,1.0902930829336295,1.0898692200613924,1.08791980493538,0.00237327799824949,0.0019494151260124326,0.00042386287223705743,0.5990904906786761,1.0902930829336293,0.0,0.0
main,mlp,2218-10-01,2218-07-01,0.0020624239832335,0.004583164407185556,0.0036050644388124,0.0143424660614233,0.0833138748018125,0.00448798481374979,0.0002198052116666329,0.01783144839126649,0.0020195931661874055,0.08892912976732398,0.5932031972437086,0.5911885568734095,0.5702773204213593,1.087423772127681,1.087126862971643,1.084045053603477,0.0033787185242040163,0.003081809368166155,0.00029690915603786117,0.5932031972437086,1.0874237721276805,0.0,0.0
main,mlp,2219-01-01,2218-10-01,0.0020407936884396,0.004535097085421333,0.0049410055083377,0.0196180227343819,0.091386073850885,0.0034768855199217795,0.00023277655406432477,0.013835177660599496,0.001564598483964801,0.08237912715764407,0.5661652747009999,0.5614596297021993,0.5947790910013339,1.0835615009575332,1.0828669851038704,0.5823879009936614,0.5011735999638718,0.5004790841102089,0.0006945158536628693,0.5661652747009999,1.083561500957533,0.0505396772145249,0.0
main,mlp,2219-04-01,2219-01-01,0.0022496124892156,0.004999138864923556,0.0048303202146792,0.0191817391580739,0.0908067333577355,0.005063944403082133,0.00032145136570633343,0.020102435186932555,0.00227877498138696,0.09201523630769642,0.5673554537739245,0.5635214629650326,0.5592324186389565,1.0825524170876752,1.0819945565678537,1.0813704839979001,0.0011819330897751001,0.0006240725699535599,0.0005578605198215403,0.5673554537739245,1.082552417087675,0.0,0.0
main,mlp,2219-07-01,2219-04-01,0.0011682301961171,0.002596067102482444,0.003006532552048,0.0119720034056183,0.0786013654342841,0.00509620551019907,0.00016829285416406015,0.020229522923219,0.0022932924795895817,0.0921779581214427,0.6136113843579799,0.6096370221496251,0.5586583973764052,1.0959183190932584,1.0952970559416757,1.087328194667941,0.00859012442531748,0.00796886127373475,0.0006212631515827294,0.6136113843579797,1.0959183190932582,0.0,0.0
main,mlp,2219-10-01,2219-07-01,0.0013899933244701,0.003088874054378,0.0038895920207119,0.0154678296788385,0.0852679146002345,0.002822553738951683,0.00018024809971958305,0.011242503981674035,0.0012701491825282574,0.07694809982777318,0.5887273704607506,0.5837866653703393,0.6163241360892929,1.0907229270886734,1.0899615641044225,0.6262227545514385,0.46450017253723486,0.46373880955298397,0.0007613629842508907,0.5887273704607506,1.0907229270886731,0.04687528359628235,0.0
main,mlp,2220-01-01,2219-10-01,0.0023498129191829,0.005221806487073111,0.0063765707719141,0.0252633546076848,0.0980050224248455,0.002579938154667616,0.00010553528727834467,0.010279884778183757,0.0011609721696004272,0.07458429576425755,0.5447963138771329,0.5386376024979725,0.6260941995234856,1.0787240865646412,1.0778341412485848,-0.40178998720517756,1.4805140737698188,1.4796241284537623,0.0008899453160564619,0.5447963138771318,1.0787240865646408,0.14922617703384655,0.0
main,mlp,2220-04-01,2220-01-01,0.0026894186851146,0.005976485966921333,0.0079338626693454,0.0313597672793151,0.1040301427386127,0.005499439034610987,0.00017417864413990785,0.02181695754197277,0.0024747475655749443,0.09413602705555019,0.5265387001146975,0.5190213698060661,0.5518153058049793,1.0742976714340249,1.0732369324281166,0.5978122608954333,0.4764854105385916,0.4754246715326833,0.0010607390059083066,0.5265387001146975,1.0742976714340249,0.04800520865381619,0.0
main,mlp,2220-07-01,2220-04-01,0.0034227390116486,0.007606086692552445,0.007781134596944,0.0307631428562886,0.1034721371605789,0.0059112031944096085,0.0001742322874784159,0.02343598382212919,0.002660041437484324,0.09601004422218772,0.526053104496278,0.5207914379016392,0.545375778356354,1.070371496725792,1.06966762985309,0.7056422358396526,0.36472926088613944,0.3640253940134375,0.0007038668727019637,0.526053104496278,1.0703714967257918,0.036731410539832976,0.0
main,mlp,2220-10-01,2220-07-01,0.0017986448520301,0.003996988560066889,0.0040169236360649,0.0159711394940167,0.0860938674499437,0.00742711890488863,0.0002559797989958086,0.02937913878709497,0.0033422035071998834,0.10215553002381209,0.5844791128641125,0.5806989660018055,0.5250057891495167,1.0876797874864494,1.0871127142305193,1.078757982977721,0.008921804508728481,0.008354731252798286,0.000567073255930195,0.5844791128641125,1.0876797874864488,0.0,0.0
main,mlp,2221-01-01,2220-10-01,0.0025703697834983,0.0057119328522184445,0.0060439638402872,0.02395756016521,0.0965912926098891,0.004813010711222887,0.0003088730780720567,0.019113497850593464,0.0021658548200502994,0.09071497888153132,0.548360868522031,0.5434001411053695,0.5638489847356637,1.0780297238426821,1.077323830675242,0.7977898059854494,0.2802399178572328,0.2795340246897926,0.0007058931674401858,0.548360868522031,1.0780297238426817,0.028244381952193476,0.0
main,mlp,2221-04-01,2221-01-01,0.0025531085209791,0.005673574491064666,0.0086078337128668,0.0339893117369691,0.1064317150285177,0.005568808875977993,0.0004227767865638907,0.022089855539820347,0.002505963994190097,0.09445991280709261,0.5203324428033231,0.5115127063845751,0.5506947292676347,1.074131198456328,1.0728746601800132,0.49493994306561917,0.5791912553907088,0.577934717114394,0.001256538276314778,0.5203324428033231,1.0741311984563278,0.05835169373938287,0.0
main,mlp,2221-07-01,2221-04-01,0.0030920165907241,0.006871147979386889,0.0075690572326151,0.0299342164280513,0.1026875102172694,0.006162890791893005,0.00019593992551536146,0.024424610684037784,0.0027733008563518525,0.09710347280552813,0.5291578469975609,0.5232965603757084,0.541667732739316,1.0725368698753073,1.071733405677613,0.8378405409138425,0.23469632896146475,0.23389286476377058,0.0008034641976941703,0.5291578469975609,1.072536869875307,0.02364111820234638,0.0
main,mlp,2221-10-01,2221-07-01,0.0029636606816684,0.006585912625929778,0.0077669870576095,0.0307078622712601,0.1034201579799018,0.00627645431086421,0.0002631983406569648,0.02487044143480055,0.002824404439888895,0.09758549415775256,0.5274711703454005,0.5209568042937084,0.5400445847465348,1.0729827009353645,1.072081351144014,0.8363509388408021,0.23663176209456238,0.2357304123032118,0.0009013497913505919,0.5274711703453998,1.072982700935364,0.02383714623750033,0.0
main,mlp,2222-01-01,2221-10-01,0.0039036859692705,0.008674857709489999,0.0071999854142475,0.0284903932127603,0.101291774120981,0.007302561309188604,0.00030698786747044215,0.0288918356893767,0.003286152589134872,0.10168383321636869,0.5307983455407945,0.5277994523474066,0.5265285790577158,1.0684534215108576,1.0680666748271916,1.067902779016821,0.0005506424940366905,0.00016389581037068446,0.00038674668366600606,0.5307983455407945,1.068453421510857,0.0,0.0
main,mlp,2222-04-01,2222-01-01,0.002622336461358,0.005827414358573333,0.0070099127810529,0.0277461932833682,0.1005561099217841,0.007234551478177309,0.0004386549765344809,0.028625685351916896,0.003255548165179789,0.10142426503000843,0.5365427202589474,0.5301967896881631,0.5273694521218791,1.0760692216193908,1.075169516934669,1.0747686665274196,0.001300555091971134,0.0004008504072492425,0.0008997046847218915,0.5365427202589474,1.0760692216193906,0.0,0.0
main,mlp,2222-07-01,2222-04-01,0.0024590996070171,0.0054646657933713335,0.0054127799512054,0.0214759641641896,0.0937263602881001,0.0056327031925320625,0.000260892644915968,0.022341162534848524,0.0025347164366394284,0.09475516579976508,0.557458777741304,0.5532372661430203,0.5496759993366336,1.0799446080478203,1.079339205274432,1.078828487549,0.0011161204988203721,0.0005107177254319861,0.000605402773388386,0.557458777741304,1.07994460804782,0.0,0.0
main,mlp,2222-10-01,2222-07-01,0.0017399275601137,0.0038665056891415556,0.0046064011514791,0.0182986815379067,0.0895941759571318,0.005775115452706814,0.0002349634505892758,0.02290111939316497,0.0025988019537180663,0.09540314452880855,0.5729539269878885,0.5678714119761732,0.5474495348487822,1.0862872760999038,1.0855218460090164,1.0824462965200472,0.0038409795798566293,0.0030755494889691537,0.0007654300908874756,0.5729539269878885,1.0862872760998945,0.0,0.0
main,mlp,2223-01-01,2222-10-01,0.0019648400117489,0.0043663111372197775,0.0053489957480965,0.0212249238173091,0.093421103272171,0.004840248264372349,0.00018835658169293127,0.019220878078461956,0.002178111718967557,0.09085921666997256,0.5599544835690401,0.5543001652571454,0.5633342413146687,1.0830701434988523,1.0822313163310378,1.0232138490364844,0.059856294462367954,0.05901746729455337,0.000838827167814582,0.5599544835690401,1.0830701434988523,0.006035768693114729,0.0
main,mlp,2223-04-01,2223-01-01,0.0030540300724393,0.006786733494309555,0.0082027540530607,0.0324095083355548,0.1049994818964219,0.0045515201054513454,0.0002847272833714048,0.018082159144282794,0.0020481840474531054,0.08928810720998084,0.5228662115777005,0.5159692815643947,0.568976877265403,1.0718730322048466,1.0709249822792926,0.1963287898352739,0.8755442423695727,0.8745961924440186,0.0009480499255540842,0.5228662115777005,1.0718730322048464,0.08818826006084024,0.0
main,mlp,2223-07-01,2223-04-01,0.0033692757634324,0.007487279474294221,0.0075143608273319,0.0297203436212328,0.1024831863100407,0.005706744082272053,0.0003900682070124885,0.022632317104855026,0.002568034837022424,0.09509375363059237,0.5289537000157983,0.5239520180785733,0.5485110178895297,1.071042312788243,1.0703705506800636,0.7039331615756874,0.3671091512125555,0.3664373891043762,0.000671762108179319,0.5289537000157983,1.0710423127882425,0.036973584064424525,0.0
main,mlp,2223-10-01,2223-07-01,0.0018487178356823,0.0041082618570717775,0.0048525344866857,0.0192693118988938,0.0909240223917495,0.006307673174887896,0.0003946830788261612,0.024992974518312283,0.002838452928699553,0.09771684558232653,0.5682698322111179,0.5631031851063071,0.5396034959553667,1.0849636260685789,1.0841911460815037,1.0806776412488095,0.004285984819769384,0.003513504832694192,0.0007724799870751919,0.5682698322111179,1.0849636260685784,0.0,0.0
main,mlp,2224-01-01,2223-10-01,0.0027158614228351,0.0060352476063002215,0.0049315203468576,0.0195806411745722,0.0913369170280692,0.0049612527713179585,0.0001767682659597925,0.019697814770735622,0.0022325637470930813,0.0914907052239691,0.5641660495175733,0.5616341613353719,0.5610883714605669,1.0794579282193717,1.0791013335791713,1.079024463776864,0.00043346444250769167,7.68698023072556e-05,0.0003565946402004361,0.5641660495175733,1.0794579282193713,0.0,0.0
main,mlp,2224-04-01,2224-01-01,0.0033703425534298,0.007489650118732889,0.0081500640943247,0.0322038761213501,0.1048107836650402,0.004504258371889591,0.00027856811888706624,0.01789566855082103,0.002026916267350316,0.08902155986807041,0.5225175596440618,0.5165611523143698,0.5699420812550382,1.0701723183583756,1.0693723932578751,0.16892553016760936,0.9012467881907662,0.9004468630902658,0.0007999251005004204,0.5225175596440618,1.0701723183583751,0.09076157389887951,0.0
main,mlp,2224-07-01,2224-04-01,0.0024272296743343,0.005393843720742889,0.0068307973385161,0.0270445033175885,0.0998511103074347,0.007093357853591442,0.000305316844336761,0.028072962158649406,0.003192011034116149,0.10088059515302186,0.5391465045433516,0.5325096712692349,0.5291373426714605,1.0774902888168707,1.0765363920134845,1.0760516949694998,0.0014385938473708837,0.00048469704398468316,0.0009538968033862005,0.5391465045433516,1.0774902888168705,0.0,0.0
main,mlp,2224-10-01,2224-07-01,0.0033101594917801,0.0073559099817335554,0.007127957012553,0.0282084274641811,0.1010144339766307,0.005998342670500279,0.00018479006021340764,0.023778351982907342,0.0026992542017251256,0.09639271558261825,0.5332633875590693,0.5287012899158701,0.5440739398577447,1.071936380470449,1.0713209607745522,0.870670267875584,0.20126611259486493,0.2006506928989682,0.0006154196958967351,0.5332633875590693,1.071936380470449,0.020272443885801406,0.0
main,mlp,2225-01-01,2224-10-01,0.0036664656519659,0.00814770144881311,0.007946198124193,0.0314079430795003,0.1040749678299165,0.005720577668398619,0.00029540004918190396,0.02268670837332676,0.0025742599507793786,0.09515660236395476,0.5237207946140955,0.5188795920154698,0.5482951528797716,1.0687830504484392,1.068147229442291,0.6027842860289272,0.46599876441951205,0.4653629434133637,0.0006358210061483405,0.5237207946140955,1.068783050448439,0.04692262462031438,0.0
main,mlp,2225-04-01,2225-01-01,0.0032794769401013,0.007287726533558444,0.007644572112068,0.0302294351158004,0.1029682544036295,0.007204431854188442,0.00023370061371110346,0.028507797443360516,0.003241994334384799,0.10130883888877122,0.5278500664367518,0.5223980409014807,0.5277440371637374,1.0713680899542717,1.0706309475845432,1.0713537542419636,1.4335712308133353e-05,-0.0007228066574203051,0.0007371423697284385,0.5278500780285357,1.0713680915215409,0.0,0.0
main,mlp,2225-07-01,2225-04-01,0.0047683569774102,0.010596348838689333,0.0088706568069713,0.0350132817994393,0.1073450999898978,0.006337390001863241,0.00028313906375999404,0.025109601424220362,0.0028518255008384585,0.0978414266986477,0.5119974860858989,0.5087036001512101,0.5391856236072199,1.0616017098104893,1.061205401213256,0.533852080081558,0.5277496297289312,0.5273533211316979,0.00039630859723338574,0.5119974860858989,1.061601709810489,0.05310208093799873,0.0
main,mlp,2225-10-01,2225-07-01,0.004168473027292,0.009263273393982223,0.0099010595581169,0.0390199251824552,0.110828509530593,0.008871390670537948,0.00044726444743070745,0.03501613982322027,0.003992125801742076,0.10734763438196866,0.5045485440034316,0.4982252845066648,0.508695841372301,1.063732185426199,1.0629334611973105,0.9820579724385294,0.08167421298766953,0.08087548875878103,0.0007987242288884921,0.5045485440034316,1.063732185426199,0.008219807997345674,0.0
main,mlp,2226-01-01,2225-10-01,0.0068103071658352,0.015134015924078223,0.0120556080958762,0.0473573936778567,0.1177549476616414,0.00877672154456377,0.00019725756379001153,0.03464739951104945,0.003949524695053697,0.10701997606197264,0.48131243049400807,0.4784677636748081,0.5097005714254496,1.0480816333790044,1.0477974599016109,0.46111061066748826,0.5869710227115161,0.5866868492341226,0.0002841734773935123,0.481312430494008,1.0480816333790042,0.058980691079189684,0.0
main,mlp,2226-04-01,2226-01-01,0.0045461071838418,0.010102460408537333,0.0095219727437784,0.0375473283163975,0.1095631275485423,0.009964335896074771,0.0006091402437168958,0.03926556314262075,0.004483951153233647,0.1110381037335782,0.5068186469182641,0.5019887730703068,0.49760660027186326,1.0621050137656673,1.061513166201183,1.060976179443443,0.0011288343222244368,0.0005369867577400544,0.0005918475644843824,0.5068186469182641,1.0621050137656671,0.0,0.0
main,mlp,2226-07-01,2226-04-01,0.0040511307315753,0.009002512736834,0.0098182867173384,0.0386985309346771,0.1105536575287162,0.008835440129041671,0.0004807526957205725,0.03487612336299395,0.003975948058068752,0.1072233778419634,0.5055489338206912,0.4990386155701731,0.5090764733641788,1.0644517726607148,1.0636217806979975,0.9951250918557735,0.06932668080494131,0.06849668884222404,0.0008299919627172692,0.5055489338206911,1.0644517726607146,0.006977640220973247,0.0
main,mlp,2226-10-01,2226-07-01,0.0052190129581624,0.011597806573694223,0.0093840358687843,0.0370110803830747,0.109098302916141,0.008314046636223793,0.0001784322420607487,0.03284374031777515,0.0037413209863007067,0.10539616120907523,0.5062847190282589,0.5033834959651379,0.5147286330425829,1.0586327677054665,1.0582967774384713,0.8928288560712636,0.16580391163420294,0.16546792136720767,0.00033599026699526746,0.5062847190282589,1.058632767705466,0.01667818002220256,0.0
main,mlp,2227-01-01,2226-10-01,0.0037557556437601,0.008346123652800222,0.0098720001202534,0.0389071010228528,0.1107321043930237,0.009572194330394268,0.00020227365359841903,0.03774251578242982,0.004307487448677421,0.10973176260436741,0.505847956161992,0.4985103031325634,0.5014844075293515,1.0659840434728156,1.0650269020816436,1.0654148515265704,0.0005691919462451622,-0.00038794944492681616,0.0009571413911719784,0.505847956161992,1.0659840434728154,0.0,0.0
main,mlp,2227-04-01,2227-01-01,0.0043016983403425,0.009559329645205556,0.0099931440144844,0.0393773803000249,0.1111333804423099,0.008595233224332333,0.00018620450426043772,0.03394019923001701,0.00386785495094955,0.1063876272875368,0.5034357481806792,0.4973257974376335,0.5116489476494551,1.062920918470175,1.0621572783950524,0.9008045263746218,0.16211639209555306,0.16135275202043053,0.0007636400751225292,0.5034357481806792,1.062920918470175,0.016314290254107022,0.0
main,mlp,2227-07-01,2227-04-01,0.0055558701653646,0.012346378145254666,0.0093273805349622,0.0367907603344379,0.1089066598218358,0.008766967244446278,0.00019162530415390647,0.03460940008878166,0.003945135260000825,0.10698613207007529,0.5059127713980921,0.5039604525377458,0.5098045382678226,1.0568854888660038,1.05666596759856,0.9803976008882644,0.07648788797773931,0.07626836671029547,0.00021952126744384515,0.5059127713980921,1.0568854888660033,0.0076925483297433095,0.0
main,mlp,2227-10-01,2227-07-01,0.0031068656530822,0.006904145895738223,0.0069821461258168,0.0276374414682112,0.100447591981313,0.009239984862506389,0.000389769054114404,0.03645082377977005,0.004157993188127875,0.10861017996929961,0.53546244570145,0.5305518217441461,0.5048552380378392,1.0733215920671912,1.0726491737314456,1.069130506001973,0.004191086065218341,0.0035186677294727353,0.0006724183357456059,0.53546244570145,1.0733215920671912,0.0,0.0
main,mlp,2228-01-01,2227-10-01,0.0035162956532459,0.007813990340546445,0.0071343054503192,0.0282332818215711,0.1010389475002575,0.007493208814412356,0.00017010261830820956,0.029637625955112656,0.00337194396648556,0.10240394568022645,0.5326082872788276,0.5286214822488349,0.5242065642724051,1.0707501102084303,1.0702205148153645,1.0696340501642239,0.0011160600442063906,0.0005864646511406502,0.0005295953930657404,0.5326082864661451,1.0707501101004755,0.0,0.0
main,mlp,2228-04-01,2228-01-01,0.0026103459522897,0.005800768782866,0.0064615818732738,0.0255968926449395,0.098357457573383,0.007364849187433719,0.0001448410587349849,0.029135545693570464,0.0033141821343451736,0.10192030143000298,0.5429830605347814,0.537459745090278,0.5257643331963975,1.0770474178275549,1.0762636784740158,1.0746041399868196,0.0024432778407352806,0.0016595384871962438,0.0007837393535390369,0.5429830605347814,1.0770474178275546,0.0,0.0
main,mlp,2228-07-01,2228-04-01,0.0023198359881775,0.0051551910848388885,0.0060570688058284,0.0240090342711478,0.0966481159002301,0.006129429861903191,0.00016477530183767221,0.024293219702046454,0.002758243437856436,0.09696015061917652,0.5489439764298821,0.543207547690248,0.5421517112802692,1.0794879881200672,1.0786573438301463,1.0785044569862854,0.000983531133781801,0.0001528868438609443,0.0008306442899208566,0.5489439764298821,1.0794879881200667,0.0,0.0
main,mlp,2228-10-01,2228-07-01,0.0023530706639981,0.005229045919995778,0.0057824911748807,0.0229301137577033,0.0954363378499732,0.005192906595766544,0.0001739241860921467,0.02061038811588234,0.002336807968094945,0.0926600372823086,0.5525185113385763,0.5473358248643501,0.5569626501614287,1.0798219589014137,1.0790732198487754,1.0000299387876546,0.07979202011375919,0.0790432810611208,0.0007487390526383919,0.5525185113385763,1.0798219589014133,0.00804340617090904,0.0
main,mlp,2229-01-01,2228-10-01,0.0020965997434199,0.004659110540933111,0.0040944064932909,0.0162773152621492,0.0865831331331032,0.006482268963009119,0.0003566658040029137,0.02567804475578339,0.0029170210333541034,0.09844271117389514,0.5818021558616713,0.5788811184815049,0.5371753882684386,1.0855446996777536,1.0851152078601034,1.0789830474169468,0.0065616522608067385,0.006132160443156565,0.00042949181765017386,0.5818021558616713,1.0855446996777536,0.0,0.0
main,mlp,2229-04-01,2229-01-01,0.0014819269313066,0.003293170958459111,0.0029568927259206,0.0117752149506734,0.0781661438370814,0.005250091943889856,0.0001545948277409318,0.02083556506620976,0.0023625413747504352,0.09294124659426191,0.6140692822508484,0.6113860912310063,0.5559767920359799,1.094063581347586,1.0936525681865938,1.085164931249049,0.008898650098537075,0.00848763693754484,0.00041101316099223517,0.6140692822508483,1.094063581347586,0.0,0.0
main,mlp,2229-07-01,2229-04-01,0.0012094261188359,0.0026876135974131113,0.0024175911550842,0.0096353526250515,0.0728688709802373,0.0032234519720077516,0.00020306953447542987,0.012831597899320424,0.0014505533874034882,0.08041702955321899,0.6358156193948977,0.6333460707322072,0.6024248647257988,1.0991273038897427,1.098742287080954,1.0939214936135786,0.005205810276164069,0.004820793467375406,0.00038501680878866296,0.6358156193948977,1.099127303889742,0.0,0.0
main,mlp,2229-10-01,2229-07-01,0.0008695645608406,0.0019323656907568887,0.0018974202844617,0.0075681072268688,0.0664616276472486,0.0026314361486583946,8.631740554641175e-05,0.010484270694515962,0.0011841462668962777,0.07510504754227101,0.6643141396702443,0.6617451947359259,0.6239200737094006,1.1058281351333754,1.1054188910191465,1.0993931845342317,0.006434950599143674,0.006025706484914739,0.0004092441142289349,0.6643141396702443,1.1058281351333754,0.0,0.0
main,mlp,2230-01-01,2229-10-01,0.0004809258462376,0.0010687241027502222,0.0014010733631789,0.0055925264107132,0.0585465612671566,0.0016109363408759237,9.767533685289943e-05,0.006428191383669013,0.0007249213533941657,0.0621622238982175,0.7030989620038383,0.7000859432133993,0.6820861164560766,1.11473924098374,1.1142475442130615,1.1113101391369853,0.003429101846754712,0.002937405076076205,0.0004916967706785069,0.703098962003838,1.11473924098374,0.0,0.0
main,mlp,2230-04-01,2230-01-01,0.0005122382749056,0.001138307277568,0.0016158528628442,0.0064477624375547,0.0622417799088564,0.0013423473807051777,7.803792623020484e-05,0.005358587815714966,0.00060405632131733,0.057450405572719125,0.6851472708232274,0.6816995514067736,0.7057159179526338,1.1115951549376746,1.1110335986141724,0.8147379350292877,0.29685721990838687,0.2962956635848847,0.0005615563235021881,0.6851472708232274,1.1115951549376744,0.030020739214289993,0.0
main,mlp,2230-07-01,2230-04-01,0.0008105319221649,0.0018011820492553332,0.0015845981260686,0.006323342706037,0.061732260499752,0.0016555228969082237,5.8022940872563875e-05,0.006605665193285537,0.0007449853036087007,0.06287576420887316,0.6861402722161936,0.6841822290648688,0.6786330735260128,1.1097101797951792,1.1093970991105475,1.108509818657073,0.0012003611381061763,0.000887280453474526,0.0003130806846316503,0.6861402722161936,1.109710179795179,0.0,0.0
main,mlp,2230-10-01,2230-07-01,0.0008354505520072,0.0018565567822382222,0.00185689049849,0.0074068993386793,0.0658920071730015,0.001985363056883216,7.354260955302891e-05,0.007917833515746375,0.0008934133755974473,0.0676584152876676,0.6669892257559797,0.6643775294192183,0.6562742357694008,1.1064818247585977,1.1060648792054837,1.1047712248838428,0.001710599874754859,0.001293654321640858,0.00041694555311400094,0.6669892257559795,1.1064818247585977,0.0,0.0
main,mlp,2231-01-01,2230-10-01,0.002877997824854,0.0063955507218977775,0.0038617726854659,0.0153578411567295,0.0850836674179573,0.002322307671420276,0.0002570416361992849,0.009256922076941065,0.0010450384521391244,0.07180583984301458,0.5842429639700019,0.5844787256492489,0.6379112238520147,1.081338318152041,1.077335942785982,0.17021527930111846,0.9111230388509226,0.9071206634848636,0.004002375366058963,0.5842429639700019,1.0813383181520408,0.09185947351590595,0.0
main,mlp,2231-04-01,2231-01-01,0.0014795831794207,0.0032879626209348888,0.0036074899562822,0.0143520635443202,0.0833312182922948,0.004060880932956934,0.00044764043319590863,0.0161448468041262,0.0018273964198306204,0.08637263401698143,0.5951998248345928,0.5911222463582655,0.5796622072880677,1.0911870940800175,1.0905623920612575,1.0888066663079023,0.0023804277721151124,0.0017557257533551418,0.0006247020187599706,0.5951998248345928,1.091187094080017,0.0,0.0
main,mlp,2231-07-01,2231-04-01,0.0030963669863942,0.0068808155253204445,0.0052031066051605,0.0206505552182973,0.0927104029457013,0.003258912870660424,0.0005299708748624739,0.01297206673656226,0.0014665107917971908,0.08070134486722084,0.5586380813681919,0.5567858971611316,0.6013076091483287,1.0765537125449456,1.076299896018474,0.31858770311724594,0.7579660094276996,0.757712192901228,0.00025381652647160635,0.5586380813681919,1.0765537125449454,0.07638132849233281,0.0
main,mlp,2231-10-01,2231-07-01,0.0024664667387425,0.005481037197205555,0.0049899492108941,0.0198108956556433,0.0916383064994869,0.005486569739878178,0.0003043242557158605,0.021766324005002446,0.0024689563829451804,0.09407554979043531,0.5640006010438354,0.5605652440451588,0.5520249005998626,1.0808412137443104,1.080348805706262,1.079124672737905,0.0017165410064055031,0.0012241329683571056,0.0004924080380483975,0.5640006010438354,1.0808412137443102,0.0,0.0
main,mlp,2232-01-01,2231-10-01,0.0016855830539545,0.0037457401198988886,0.0031362384258085,0.012486061049764,0.0797032490612089,0.005236686673015356,0.0002250535659751218,0.020782783036452757,0.00235650900285691,0.09287557816457133,0.607574636519437,0.6052440614942955,0.5562067937964358,1.091831363821968,1.0914791109954274,1.0840674138966249,0.007763949925343239,0.007411697098802517,0.0003522528265407221,0.607574636519437,1.0918313638219677,0.0,0.0
main,mlp,2232-04-01,2232-01-01,0.0008041355540316,0.001786967897848,0.0015918324836554,0.0063521424786374,0.0618509979169079,0.004504776559770107,0.0002855322630153846,0.017897713418089878,0.002027149451896548,0.08902449753765841,0.6856117786660948,0.683602214037905,0.5699314265052691,1.1096695307410214,1.109348083507142,1.091165458418757,0.018504072322264475,0.018182625088385196,0.00032144723387927954,0.6856117786660948,1.1096695307410214,0.0,0.0
main,mlp,2232-07-01,2232-04-01,0.0006918375918767,0.0015374168708371112,0.0014243715839275,0.0056853248843955,0.0589705500444876,0.0024897166993469,0.00010185816132911547,0.00992173635542648,0.0011203725147061051,0.07364527936548033,0.6999742929714129,0.6979304198035513,0.630046522854661,1.112752995926948,1.1124237655176523,1.1014889171481625,0.011264078778785436,0.010934848369489769,0.0003292304092956666,0.6999742929714127,1.1127529959269478,0.0,0.0
main,mlp,2232-10-01,2232-07-01,0.0007308141575263,0.0016240314611695556,0.0014069809214301,0.0056160572509338,0.058654640908533,0.0014736092183738948,3.775926895636418e-05,0.005881420523921155,0.0006631241482682527,0.059847164120743444,0.7013338027708846,0.6995353129780943,0.6935121957872972,1.1126986321433414,1.11240962947618,1.1114417635812808,0.0012568685620606423,0.000967865894899278,0.00028900266716136436,0.7013338027708846,1.1126986321433414,0.0,0.0
main,mlp,2233-01-01,2232-10-01,0.0006236186832691,0.0013858192961535554,0.0015152228386993,0.0060471298632229,0.0605682649496595,0.0014374696416780352,3.193910742176072e-05,0.005737492529701016,0.0006468613387551158,0.05920628706588018,0.6925596947504634,0.6899159851876507,0.6967372158133847,1.1120310970688225,1.1116034405290345,1.052386969959858,0.059644127108964495,0.05921647056917645,0.0004276565397880461,0.6925596947504634,1.112031097068822,0.0060319898845689335,0.0
main,mlp,2233-04-01,2233-01-01,0.0005540556524775,0.0012312347832833333,0.0014924124565763,0.0059562993478718,0.0601751878350208,0.0017508791061118245,8.70383345446931e-05,0.0069851444190075496,0.0007878955977503211,0.06434441810672129,0.6947858318164336,0.6918720678144389,0.6716241277967216,1.1128745195713692,1.1124011510931864,1.1091116820263889,0.003762837544980302,0.0032894690667975013,0.0004733684781828007,0.6947858318164336,1.1128745195713687,0.0,0.0
main,mlp,2233-07-01,2233-04-01,0.0006928524564597,0.001539672125466,0.0014436632565558,0.0057621600756113,0.059317110452482,0.0016760126920416952,9.807014458625065e-05,0.006687215480815634,0.0007542057114187629,0.06319780570257855,0.6982754405252615,0.6961775671021292,0.6770849425758715,1.1124722554657098,1.112134347898169,1.1090590706957908,0.003413184769919031,0.0030752772023781016,0.0003379075675409293,0.6982754405252615,1.1124722554657094,0.0,0.0
main,mlp,2233-10-01,2233-07-01,0.0007360448905195,0.0016356553122655554,0.0018071084941009,0.0072088637245537,0.0651759404327035,0.0016575295478105545,5.573128768650545e-05,0.0066136519740972455,0.0007458882965147496,0.06290746387530438,0.6706368955048899,0.6677130922105076,0.6784804051455368,1.107730809841519,1.1072611313928198,0.9920347662936336,0.11569604354788543,0.11522636509918616,0.00046967844869927333,0.6706368955048894,1.1077308098415186,0.011695602141556682,0.0
main,mlp,2234-01-01,2233-10-01,0.0013207292571471,0.002934953904771333,0.0019485059713369,0.0077712734091909,0.067163200998366,0.0020234837662428617,0.0002118179083346973,0.008069401269401366,0.0009105676948092877,0.06816128342861291,0.6592656084200815,0.6585283417619029,0.6539991110677199,1.102049508441861,1.1019353849397446,1.1012342930580237,0.00081521538383722,0.000701091881720961,0.00011412350211625899,0.6592656084200815,1.102049508441861,0.0,0.0
main,mlp,2234-04-01,2234-01-01,0.0013664629255555,0.0030365842790122223,0.0023683800254748,0.0094399178658611,0.0723253138243916,0.0026506002992391585,0.00013809344255374492,0.01056032154501707,0.0011927701346576213,0.07529611649491225,0.6373820270251578,0.635673420160225,0.6231254925018084,1.0983705914467736,1.0981068929728173,1.0961703039055815,0.0022002875411921696,0.0019365890672358166,0.00026369847395635304,0.6373820270251583,1.0983705914467734,0.0,0.0
main,mlp,2234-07-01,2234-04-01,0.0006589119356479,0.001464248745884222,0.0019049201477777,0.0075979359030198,0.0665657552736059,0.0025890530087053776,0.00010645002177160561,0.01031606223671111,0.00116507385391742,0.07467725330109914,0.664784577175339,0.6612660021781068,0.6257051907210935,1.1073034640401023,1.106735527751188,1.100995625857514,0.006307838182588288,0.005739901893674126,0.0005679362889141615,0.664784577175339,1.1073034640401016,0.0,0.0
main,mlp,2234-10-01,2234-07-01,0.0010892094170594,0.0024204653712431115,0.0024449330632792,0.0097439244915632,0.0731659777682744,0.0022272196132689715,0.00015544323732402635,0.00887915957779073,0.0010022488259710373,0.07069974480278715,0.6351013311508736,0.6320800137645558,0.6427210823005504,1.099779440126582,1.099304767279171,0.9809997311132995,0.11877970901328239,0.1183050361658714,0.00047467284741098403,0.6351013311508736,1.0997794401265812,0.011997683215934918,0.0
main,mlp,2235-01-01,2234-10-01,0.0009386822977671,0.0020859606617046667,0.0019733893967582,0.007870222717211,0.0674985219327159,0.002348591294139624,0.00015393379899768193,0.009361321677933243,0.0010568660823628308,0.07210346826871826,0.6594687580182896,0.6570005515477974,0.6366274580143487,1.1046004348562504,1.104208944786418,1.1009775036953053,0.003622931160945031,0.00323144109111273,0.00039149006983230095,0.6594687580182896,1.10460043485625,0.0,0.0
main,mlp,2235-04-01,2235-01-01,0.0007101528710379,0.0015781174911953333,0.0016086390736834,0.0064190466208492,0.0621249755740218,0.002029553265310824,7.438826602231744e-05,0.008093531965157608,0.0009132989693898708,0.0682404934939807,0.684766743574402,0.6822672460621185,0.6536419995536443,1.1101779222310932,1.1097757569023745,1.1051699984988725,0.005007923732220698,0.004605758403501969,0.0004021653287187288,0.684766743574402,1.110177922231093,0.0,0.0
main,mlp,2235-07-01,2235-04-01,0.0006556551921339,0.0014570115380753334,0.0019208959542442,0.0076614731069646,0.0667862557331673,0.0016920637339353562,6.08390902658851e-05,0.006751095827519316,0.0007614286802709103,0.06344756683739519,0.6638258751186972,0.6602532703342703,0.6758886533793496,1.1071703382029972,1.1065935645679768,0.9274019629394302,0.17976837526356693,0.17919160162854653,0.0005767736350204,0.6638258751186972,1.107170338202997,0.01817158317793749,0.0
main,mlp,2235-10-01,2235-07-01,0.000840112970973,0.0018669177132733332,0.001709933088777,0.0068222091180469,0.0637230652607931,0.0020092304330319166,9.231408048185195e-05,0.008012732119340837,0.0009041536948643625,0.06797435224104063,0.676758585493518,0.6745734904402354,0.654843224235657,1.1080099057040065,1.107661167002025,1.1045122388052488,0.0034976668987576343,0.0031489281967762572,0.000348738701981377,0.676758585493518,1.108009905704006,0.0,0.0
main,mlp,2236-01-01,2235-10-01,0.001388336986192,0.003085193302648889,0.001896891762103,0.0075660051468936,0.0664542747919856,0.002009908715263009,0.00013791329011131912,0.008015428924448842,0.000904458921868354,0.06798327718709035,0.6620648149464221,0.6617790627802886,0.6548028808725659,1.102035198212534,1.1019911590516345,1.1009160134047864,0.0011191848077476418,0.0010751456468480747,4.4039160899567165e-05,0.6620648149464214,1.1020351982125334,0.0,0.0
main,mlp,2236-04-01,2236-01-01,0.0011550070566043,0.0025666823480095555,0.0028601624314304,0.0113916600745639,0.0772952101763516,0.002605596603825688,0.00023322020250157206,0.010381722326213483,0.0011725184717215598,0.07484510211798093,0.6186196387137809,0.6149103995213467,0.6250037717850715,1.096782998823231,1.0962026886133205,0.9945822479443706,0.10220075087886038,0.10162044066894993,0.0005803102099104507,0.6186196387137809,1.0967829988232305,0.010319954804736076,0.0
main,mlp,2236-07-01,2236-04-01,0.0010085921240774,0.002241315831283111,0.0028741329176363,0.0114470627308471,0.0774229175085135,0.0028593505267053843,5.803690261492589e-05,0.011388440238258357,0.001286707737017423,0.07728776799726597,0.6186912435923282,0.6143915825488799,0.6149406546795834,1.0977000577682823,1.097021080755629,1.0971077869753216,0.0005922707929606474,-8.670621969253389e-05,0.0006789770126531813,0.618691243592328,1.0977000577682825,0.0,0.0
main,mlp,2236-10-01,2236-07-01,0.0009440147374218,0.002097810527604,0.0015915176915541,0.0063508893132283,0.0618458413678716,0.0025275166612118483,0.00022716140559655393,0.010071801147748305,0.0011373824975453317,0.07404293743044292,0.6849790882763486,0.6836273779085834,0.628367718504563,1.1086101832888404,1.1083958562921343,1.0996338928408824,0.008976290447958002,0.008761963451251908,0.00021432699670609345,0.6849790882763481,1.1086101832888398,0.0,0.0
main,mlp,2237-01-01,2236-10-01,0.0005557486081435,0.0012349969069855554,0.0012971464563644,0.0051784990193083,0.0565786880819821,0.0020253865513950586,0.00010560197551836328,0.008076966278744213,0.0009114239481277764,0.06818614075965722,0.7125834673631565,0.7102531401614496,0.653887011290868,1.1157538498152788,1.1153753056063809,1.1062190499327857,0.009534799882493061,0.009156255673595126,0.00037854420889793516,0.7125834673631565,1.1157538498152786,0.0,0.0
main,mlp,2237-04-01,2237-01-01,0.0010294069669369,0.0022875710376375554,0.0015079618440848,0.0060182173937421,0.0604437111656821,0.0013032698072493077,5.706534467521689e-05,0.005202897007447804,0.0005864714132621884,0.05669825792914508,0.691213398404251,0.6905347129423502,0.7096276000164966,1.1090084520523396,1.1089014193301678,0.8455087201135425,0.26349973193879705,0.26339269921662534,0.00010703272217171822,0.691213398404251,1.1090084520523389,0.0266403760735352,0.0
main,mlp,2237-07-01,2237-04-01,0.0006389702907731,0.0014199339794957778,0.0016810612889619,0.0067073083480134,0.0632766004178418,0.0017544751521199943,7.457182819056668e-05,0.0069994531030311835,0.0007895138184539974,0.0643983400259169,0.6797376986783521,0.6767071247311028,0.671369263881482,1.1098526114282237,1.1093628394722483,1.1085001861945043,0.0013524252337193676,0.000862653277744041,0.0004897719559753266,0.6797376986783521,1.1098526114282232,0.0,0.0
main,mlp,2237-10-01,2237-07-01,0.0009612627243679,0.0021361393874842222,0.001918995982877,0.0076539169116138,0.0667601246478986,0.0019246813608333468,9.833461190118045e-05,0.007676527558712176,0.0008661066123750061,0.06683824387937015,0.662596609005878,0.660373147877141,0.6600148968989478,1.1049469360976882,1.1045947679310817,1.1045380254998585,0.00040891059782977024,5.674243122322231e-05,0.00035216816660654793,0.662596609005878,1.104946936097688,0.0,0.0
main,mlp,2238-01-01,2237-10-01,0.0007889940398077,0.0017533200884615554,0.001757256484946,0.0070105199334086,0.0644399747836173,0.002203323505818844,5.997064834554421e-05,0.008784208978201202,0.0009914955776184797,0.07041427503159005,0.6737229307844455,0.6711726002517614,0.6439725409735548,1.1078698186030798,1.1074614850294868,1.1031064819172776,0.0047633366858022,0.004355003112209266,0.0004083335735929339,0.6737229307844449,1.1078698186030795,0.0,0.0
main,mlp,2238-04-01,2238-01-01,0.0011116861444857,0.0024704136544126667,0.0022940789587576,0.0091447873108185,0.0714823396223295,0.0018961199559271336,0.00012212670281684976,0.0075629354537183335,0.0008532539801672101,0.0664435338188996,0.6418731363286329,0.6393115857233074,0.6618285251642948,1.1006990721814691,1.1002972080829374,0.7929367059471508,0.3077623662343183,0.3073605021357866,0.00040186409853171234,0.6418731340993988,1.100699071831739,0.031089303026594517,0.0
main,mlp,2238-07-01,2238-04-01,0.0006882824925345,0.0015295166500766666,0.0017244425703891,0.0068799485715568,0.0639448111358654,0.002401951886713505,4.7541956793891055e-05,0.009573246707396121,0.0010808783490210772,0.07269736997092228,0.6764385167748463,0.6735182729531224,0.6340788334335489,1.108985862934453,1.1085153614993672,1.102160990417446,0.006824872517006808,0.006354371081921162,0.00047050143508564624,0.6764385167748463,1.108985862934453,0.0,0.0
main,mlp,2238-10-01,2238-07-01,0.0009087421067577,0.002019426903906,0.0013340667099343,0.0053255979297859,0.0572925774469999,0.002032028092071414,0.00014106700644808828,0.0081033710843329,0.0009144126414321362,0.06827272465958066,0.7072069763318907,0.7065334217354838,0.653496784170999,1.1123840844479018,1.1122770481499344,1.1038488592966584,0.008535225151243386,0.008428188853276009,0.00010703629796737779,0.7072069763318906,1.1123840844479014,0.0,0.0
main,mlp,2239-01-01,2238-10-01,0.0006882710701879,0.0015294912670842224,0.0015836620945548,0.0063196163453581,0.0617168617713581,0.0016061421716585754,5.307772668032878e-05,0.006409107097338662,0.000722763977246359,0.062084435687114005,0.6867889743532501,0.6842575178493391,0.6824644774989279,1.1106535778676323,1.1102457164577462,1.1099568266568858,0.0006967512107465268,0.0002888898008603924,0.0004078614098861344,0.68678897435325,1.1106535778676323,0.0,0.0
main,mlp,2239-04-01,2239-01-01,0.0004985398145291,0.001107866254509111,0.0013029969622479,0.0052018098885263,0.0566929401297887,0.001686774124391377,0.00014667106500521672,0.00673004444467562,0.0007590483559761197,0.06336550003216498,0.7122939272308504,0.709655397071606,0.6762813104935802,1.116114310951064,1.1156841920076723,1.1102437285718918,0.005870582379172262,0.005440463435780529,0.00043011894339173296,0.7122939272308504,1.1161143109510636,0.0,0.0
main,mlp,2239-07-01,2239-04-01,0.000728137583169,0.0016180835181533332,0.0012684006893663,0.0050639578756407,0.056011006863637,0.0015529084019362926,7.176680417557169e-05,0.006197179434407785,0.0006988087808713317,0.061206328945714865,0.7145963351121818,0.713237029868553,0.6867621509173581,1.1148489398149464,1.114630474146365,1.1103754680263072,0.004473471788639216,0.004255006120057914,0.00021846566858130245,0.7145963351121818,1.114848939814946,0.0,0.0
main,mlp,2239-10-01,2239-07-01,0.0004493831513566,0.0009986292252368888,0.0014962938669485,0.0059717554909451,0.0602424464105178,0.0015732206171378492,7.114247181105865e-05,0.006278047898793937,0.0007079492777120322,0.061544531000587446,0.6949664895528967,0.6915366504211067,0.6851011048333375,1.1136313079332616,1.1130705080782974,1.1120182566771217,0.0016130512561398636,0.0010522514011757078,0.0005607998549641557,0.694966489552896,1.1136313079332611,0.0,0.0
main,mlp,2240-01-01,2239-10-01,0.0007199441545286,0.0015998758989524443,0.0017163407221627,0.0068477081512866,0.0638212061178108,0.0012985131703317165,8.898490809663763e-05,0.005183944617644154,0.0005843309266492724,0.05660541654856854,0.6768594796739826,0.6741061070748967,0.7101132222303665,1.1088393823269436,1.1083966384753765,0.6228921751095482,0.48594720721739537,0.4855044633658283,0.0004427438515670623,0.6768594847006395,1.1088393831352326,0.049129442759117126,0.0
main,mlp,2240-04-01,2240-01-01,0.0008602229732535,0.00191160660723,0.0019115001805913,0.0076241056485819,0.0666567883956537,0.001862593786790967,5.9117428618773886e-05,0.00742958544869643,0.0008381672040559352,0.06597287671081115,0.6634951050555165,0.6608475604739465,0.6640026785987673,1.1057596403292267,1.1053376276262408,1.0981906204847425,0.007569019844484215,0.007147007141498296,0.00042201270298591886,0.6634951050555165,1.1057596403292267,0.0007649925935525048,0.0
main,mlp,2240-07-01,2240-04-01,0.0008009176308985,0.001779816957552222,0.0019282343715419,0.0076906576229724,0.0668869507975503,0.001519561605527997,0.00010566169428812828,0.006064406047023407,0.0006838027224875987,0.060642439395874354,0.6627437942437705,0.6597917040035037,0.6895479991289001,1.1060329255371695,1.1055606181880182,0.7058785755889639,0.40015434994820553,0.39968204259905427,0.0004723073491512686,0.6627437942437705,1.1060329255371688,0.040444277676616014,0.0
main,mlp,2240-10-01,2240-07-01,0.0009026662669225,0.002005925037605556,0.0017695600612128,0.0070594743425814,0.0646234155774948,0.0020874743815511463,0.00016966796838859655,0.008323788596544479,0.0009393634716980159,0.06898489642055673,0.6723770163885205,0.6703073180825394,0.6503024958304954,1.1068900182397923,1.1065609913928225,1.1033807580367063,0.003509260203085951,0.003180233356116169,0.00032902684696978213,0.6723770163885203,1.1068900182397925,0.0,0.0
main,mlp,2241-01-01,2240-10-01,0.0007104792963999,0.0015788428808886667,0.001417747594439,0.005658941723004,0.0588506170333107,0.0020473224110901357,7.336513186089797e-05,0.008164174778107602,0.0009212950849905611,0.06847106158028995,0.7004709335617204,0.6985389133760656,0.652604446310269,1.1127024158781138,1.112391563090345,1.1050009275017054,0.007701488376408383,0.007390635588639505,0.00031085278776887826,0.7004709335617204,1.1127024158781136,0.0,0.0
main,mlp,2241-04-01,2241-01-01,0.0007339028268956,0.001630895170879111,0.0014324630510838,0.0057175522551412,0.0591163998455388,0.0016030618688091635,6.494656095230983e-05,0.006396845102742299,0.0007213778409641236,0.06203434503881543,0.6990547792618068,0.6971917467149981,0.6827083272002106,1.1123108201294323,1.1120115035100948,1.1096845832568614,0.0026262368725709084,0.0023269202532334443,0.0002993166193374641,0.6990547792618068,1.1123108201294318,0.0,0.0
main,mlp,2241-07-01,2241-04-01,0.000621664453328,0.001381476562951111,0.002041929461544,0.0081427350283389,0.0684012922376333,0.0017587926471605898,7.965009916440992e-05,0.00701663223187543,0.0007914566912222655,0.06446294376163934,0.6569311291993456,0.6529181011540038,0.6710641451038808,1.1062805223924115,1.1056312812496536,0.8934301794278099,0.2128503429646016,0.2122011018218437,0.0006492411427578837,0.6569311291993456,1.106280522392411,0.021513682970050185,0.0
main,mlp,2241-10-01,2241-07-01,0.0013011813934837,0.0028915142077415557,0.0034814435534526,0.0138532201582489,0.082412995605586,0.0017723449505865573,7.988097804253776e-05,0.007070554821942521,0.0007975552277639509,0.06466477133053858,0.599110282588241,0.5946484202473348,0.6701125210786064,1.0928550159513386,1.0921634800006486,-0.08126847115920754,1.1741234871105461,1.173431951159856,0.0006915359506900476,0.5991102825882405,1.092855015951338,0.11851279952607341,0.0
main,mlp,2242-01-01,2241-10-01,0.0021996256424476,0.004888056983216889,0.0051043502936999,0.0202616061074157,0.0922188876024621,0.0031315413769334556,0.0003176429288368316,0.012467448941678727,0.0014091936196200551,0.07966420480443963,0.5630043645121606,0.5585141467466181,0.6053988681649747,1.0822007448681343,1.0815451562648957,0.3353858127470819,0.7468149321210524,0.7461593435178138,0.000655588603238666,0.5630043645121606,1.082200744868134,0.07530046883613895,0.0
main,mlp,2242-04-01,2242-01-01,0.0024415432612415,0.005425651691647777,0.0055890094479256,0.0221693129924444,0.0945535719712028,0.004415074363350868,0.00031290309174227275,0.017543684033715423,0.0019867834635078907,0.08851082148337266,0.5549539925729705,0.5503712796484029,0.571798012107521,1.0796828289436031,1.079024822090867,0.7785805020618055,0.3011023268817976,0.3004443200290614,0.0006580068527362037,0.5549539925729705,1.0796828289436025,0.03035208681397339,0.0
main,mlp,2242-07-01,2242-04-01,0.0020649043895827,0.004588676421294889,0.0054734547350989,0.0217147217129493,0.09401378991569,0.005305530782788992,0.0002041426836578225,0.02105382777174858,0.002387488852255046,0.09321121742863023,0.5577907579764869,0.5522390602039391,0.5550326334188072,1.0821910014939067,1.08137295351912,1.0817845892032782,0.00040641229062843287,-0.00041163568415814034,0.0008180479747865732,0.5577907579764869,1.0821910014939062,0.0,0.0
main,mlp,2242-10-01,2242-07-01,0.0020984151466374,0.004663144770305333,0.0044862784358197,0.01782471434879,0.0889194184018861,0.004976307041943073,0.00024316541236151564,0.01975713868962148,0.0022393381688743832,0.0915682381243426,0.5739940396843245,0.570312558235365,0.5608134949168885,1.0843862207974349,1.0838449846783549,1.0824484718243148,0.001937748973120046,0.0013965128540400773,0.0005412361190799686,0.5739940396843204,1.0843862207974335,0.0,0.0
main,mlp,2243-01-01,2242-10-01,0.0014296796537938,0.0031770658973195556,0.0035903457557484,0.0142842244875465,0.0832083616285523,0.004747513961046934,0.00014520876337926315,0.018855250018081193,0.0021363812824711204,0.09036486744363233,0.5958124737241951,0.5915922176674882,0.5651011819080191,1.0915782858740644,1.090929618998718,1.08685786193946,0.0047204239346043675,0.004071757059258108,0.0006486668753462599,0.5958124737241884,1.0915782858740628,0.0,0.0
main,mlp,2243-04-01,2243-01-01,0.0015209595286719,0.003379910063715333,0.0032165649575661,0.0128043151005186,0.0803614221712561,0.0038339859340339897,0.00022889629222768327,0.015247972261117404,0.0017252936703152954,0.08489822913655645,0.6057581564367203,0.6026437593470295,0.5851764704455075,1.0925540338803374,1.0920781838885651,1.0894093497480584,0.0031446841322790853,0.0026688341405067817,0.0004758499917723036,0.6057581564367203,1.092554033880337,0.0,0.0
main,mlp,2243-07-01,2243-04-01,0.0018523254541478,0.004116278786995111,0.0045490459180298,0.0180723968798263,0.0892742221721736,0.0028004700783640147,0.00019862257568492288,0.011154912308222742,0.0012602115352638066,0.0767419835570103,0.5736360941569286,0.5690270997732756,0.6171661133019181,1.085745256432116,1.0850563189518103,0.3334081976358081,0.7523370587963079,0.7516481213160022,0.0006889374803056292,0.5736360941569286,1.0857452564321155,0.07588437843878482,0.0
main,mlp,2243-10-01,2243-07-01,0.0023019390579818,0.005115420128848445,0.004575676414725,0.0181774675329922,0.0894232765426189,0.003655017027631402,0.00019264124071273982,0.014540108346900227,0.001644757662434131,0.08366856573180219,0.5716728693667233,0.5684882991422059,0.5898346588126822,1.0828814809897715,1.0824197800578796,0.7678191021402898,0.31506237884948174,0.31460067791758983,0.0004617009318919063,0.5716728693667233,1.0828814809897715,0.0317695486151518,0.0
main,mlp,2244-01-01,2243-10-01,0.0015670848277039,0.003482410728230889,0.0043318701050769,0.017215214628414,0.0880248057293405,0.0048035006038844585,0.0001646292288063333,0.019076003511389827,0.0021615752717480063,0.09066443137235573,0.5787308539958623,0.5735720931009362,0.5640295321628415,1.0881575800650944,1.0873717503940286,1.0859181401810643,0.002239439884030192,0.001453610212964307,0.0007858296710658852,0.5787308539958623,1.0881575800650942,0.0,0.0
main,mlp,2244-04-01,2244-01-01,0.003121871378555,0.006937491952344444,0.0067361585391722,0.0266735997417226,0.0994736648217948,0.0037837186362594368,0.0001316526224066232,0.015049191858600541,0.0017026733863167466,0.0845591167594829,0.5382260602840271,0.5337541600105178,0.5864556301544839,1.0736192527997854,1.073007580528552,0.18413232917359923,0.8894869236261862,0.8888752513549527,0.0006116722712334877,0.5382260602840271,1.0736192527997852,0.08960838262266368,0.0
main,mlp,2244-07-01,2244-04-01,0.003794064557312,0.008431254571804445,0.0079503733495755,0.0314242489072829,0.1040901318918407,0.006218903698027134,0.00036646341837529755,0.024644526775650877,0.00279850666411221,0.09734205749695363,0.5233295092388134,0.5188316445995452,0.5408634514388728,1.068063898124136,1.0674789087528531,0.7352985506360001,0.3327653474881358,0.332180358116853,0.000584989371282818,0.5233295092388134,1.0680638981241355,0.03350458006912338,0.0
main,mlp,2244-10-01,2244-07-01,0.002192479092363,0.004872175760806666,0.0083143747471656,0.0328450202971586,0.1053973269813332,0.0072188769467175,0.0002103646748100237,0.028564336730744877,0.0032484946260228752,0.10136423272349945,0.5241370176630146,0.514724994033997,0.5275642169538312,1.07656342443979,1.075188561120349,1.0116765888884582,0.06488683555133168,0.06351197223189087,0.001374863319440811,0.5241370176630146,1.07656342443979,0.0065387464404284,0.0
main,mlp,2245-01-01,2244-10-01,0.0036698013224805,0.008155114049956667,0.0091100266054631,0.0359451682841904,0.1081673317856428,0.007193772960454226,0.00016996436632534814,0.028466076068909274,0.0032371978322044016,0.10126792087674086,0.5127228748942659,0.5061967880530424,0.5278769246824507,1.0673215321387068,1.0664646439705865,0.7737510865837942,0.29357044555491263,0.2927135573867923,0.0008568881681203511,0.5127228748942657,1.0673215321387066,0.029556020239979164,0.0
main,mlp,2245-04-01,2245-01-01,0.0042618007826811,0.009470668405958,0.0104501859938358,0.04115005863371,0.1126333335728846,0.007660197000950575,0.00036694417126907576,0.030290510811159077,0.003447088650427759,0.10302615237534257,0.4997622748653115,0.4929410841466485,0.5222130404858667,1.0626611896356177,1.0618059351543183,0.6162472615301398,0.446413928105478,0.44555867362417856,0.0008552544812994167,0.4997622748653115,1.0626611896356175,0.04492288498247965,0.0
main,mlp,2245-07-01,2245-04-01,0.0039055803577643,0.008679067461698444,0.0084271114204916,0.0332847372432569,0.1057966261397051,0.008948067389428615,0.00040460306910764605,0.0353147214990277,0.004026630325242877,0.10761196714340215,0.5183973798936498,0.513481062349892,0.5078876994852166,1.066844333577842,1.066210402962805,1.0654891712829209,0.0013551622949210529,0.0007212316798841378,0.0006339306150369151,0.5183973798936498,1.066844333577842,0.0,0.0
main,mlp,2245-10-01,2245-07-01,0.0032246576369929,0.007165905859984222,0.0086097664001272,0.033996844542471,0.1064384748006216,0.007227610051631928,0.00022072793736941114,0.02859851762894139,0.0032524245232343676,0.10139768961994129,0.5185024093348733,0.5114918225566689,0.5274556565871786,1.0703884772276495,1.0694367660708524,0.8989288960605628,0.1714595811670867,0.17050787001028955,0.0009517111567971526,0.5185024093348733,1.0703884772276493,0.01726750151341938,0.0
main,mlp,2246-01-01,2245-10-01,0.0046226106432769,0.010272468096170889,0.0090692526229858,0.0357864795006608,0.1080278863633088,0.007448972947895527,0.00023278745592954459,0.029464618815428723,0.003352037826552987,0.10223781394496712,0.5105935443008872,0.5066204651887413,0.5247408517490536,1.0621769639198115,1.0616931466068746,0.786824075160143,0.27535288875966857,0.27486907144673167,0.0004838173129368961,0.5105935443008872,1.062176963919811,0.02770756614711245,0.0
main,mlp,2246-04-01,2246-01-01,0.0030291491571452,0.006731442571433778,0.0062737987774074,0.0248600180144897,0.097574298550001,0.007808507047593593,0.00028835149045722795,0.03087009220442194,0.003513828171417117,0.10357256360862059,0.5440594293192257,0.5400822051278477,0.5204721620405326,1.0749216125080376,1.0743739148969569,1.0716734451131833,0.00324816739485434,0.0027004697837735847,0.0005476976110807552,0.5440594293192257,1.0749216125080374,0.0,0.0
main,mlp,2246-07-01,2246-04-01,0.002676303920275,0.005947342045055555,0.004534763387052,0.0180160416643972,0.0891939211854657,0.006991245131939649,7.205627725527129e-05,0.02767307994635171,0.0031460603093728425,0.10048318323183794,0.5711993508735012,0.5693176721500239,0.5304353392617049,1.0806744603267353,1.080408697742634,1.0749170752167814,0.005757385109953939,0.0054916225258525575,0.0002657625841013811,0.5711993508735012,1.0806744603267349,0.0,0.0
main,mlp,2246-10-01,2246-07-01,0.0020755388965913,0.0046123086590917775,0.0043247261867218,0.0171870084033891,0.0879826334851184,0.005190551560372114,0.00023357117913293244,0.020601113934358595,0.0023357482021674515,0.09264839566819238,0.577173348411646,0.5737264011504563,0.5570035121658189,1.0849856651861143,1.084478120777385,1.0820157654934763,0.002969899692637945,0.0024623552839087015,0.0005075444087292436,0.577173348411646,1.0849856651861138,0.0,0.0
main,mlp,2247-01-01,2246-10-01,0.001711846181487,0.0038041026255266667,0.0045620593025706,0.0181237422559857,0.0893471683519361,0.004765625111758709,0.00013567122690979927,0.018926665766932582,0.002144531300291419,0.09046214848901124,0.5738583953396634,0.5687633227388842,0.5647528610386112,1.086584637389299,1.085815884998128,1.0852107803679587,0.0013738570213401857,0.0006051046301693841,0.0007687523911708016,0.5738583953396634,1.0865846373892984,0.0,0.0
main,mlp,2247-04-01,2247-01-01,0.0011640022597947,0.002586671688432667,0.0032395342986536,0.0128953055798848,0.0805463869908268,0.003224127180874348,0.00016348945371991746,0.012834272698128535,0.0014508572313934565,0.08042247448370336,0.6063899292824873,0.6019161331241518,0.6024034378534358,1.0948151156394421,1.0941155929732231,1.0941917879296823,0.0006233277097598133,-7.619495645916352e-05,0.0006995226662189769,0.6063899292824873,1.094815115639442,0.0,0.0
main,mlp,2247-07-01,2247-04-01,0.001373859626271,0.003053021391713333,0.0027016985016452,0.0107630777852186,0.0757985623640113,0.002578633138909936,0.00012215249697730628,0.010274705003160745,0.0011603849125094712,0.07457095853988832,0.6235485993038424,0.6210439410932925,0.6261500487372543,1.0961894822270317,1.0958031101355896,1.0548708009357042,0.04131868129132754,0.04093230919988544,0.00038637209144209983,0.6235485993038424,1.0961894822270313,0.004171998453267711,0.0
main,mlp,2247-10-01,2247-07-01,0.001725966072153,0.0038354801603399996,0.0024698215324422,0.0098427462459732,0.0734334591044205,0.0024312233552336695,0.00011031067014811916,0.009689485786335661,0.0010940505098551512,0.07301743366081886,0.6314748693369262,0.630943842494065,0.6327124711606312,1.0951887360496757,1.0951086888832169,1.0757769690637828,0.019411766985892864,0.019331719819434046,8.004716645881871e-05,0.6314748693369262,1.0951887360496757,0.001959832350468982,0.0
main,mlp,2248-01-01,2247-10-01,0.0020326733852786,0.004517051967285778,0.0036737050890999,0.0146140418426631,0.0837999327921175,0.003299288544803858,0.00041215156810651873,0.013131985886361441,0.001484679845161736,0.08102104910656255,0.5916018271348381,0.5893343905789041,0.6000551153635515,1.087363774071661,1.0870289343096642,0.9457240987561619,0.14163967531549915,0.14130483555350226,0.0003348397619968857,0.5916018271348381,1.0873637740716604,0.014288799999791713,0.0
main,mlp,2248-04-01,2248-01-01,0.0013133085707291,0.0029184634905091112,0.0027826396177565,0.0110841860964575,0.0765743034905998,0.0035059967078268526,0.0003549342693995958,0.01395040698574912,0.0015776985185220838,0.0825946238547715,0.6207801992378797,0.6178524548008024,0.5939484103056528,1.0961383139099836,1.0956849031631757,1.0919829575530964,0.004155356356887241,0.0037019456100793047,0.00045341074680793625,0.6207801992378797,1.0961383139099834,0.0,0.0
main,mlp,2248-07-01,2248-04-01,0.0009308325157908,0.002068516701757333,0.0021279217922057,0.0084845573827523,0.0694927283071572,0.0031499717384576797,0.0001415012737627164,0.012540477943794648,0.0014174872823059558,0.07981704866520527,0.6509418182406426,0.6480412896031137,0.604793209049557,1.1032990466921917,1.102838757613947,1.0959756472771978,0.007323399414993936,0.006863110336749134,0.00046028907824480214,0.6509418182406426,1.1032990466921837,0.0,0.0
main,mlp,2248-10-01,2248-07-01,0.0009433804493479,0.0020964009985508887,0.0021563133048571,0.0085973951801249,0.0698434973188814,0.002612312091514468,0.0001051791630775465,0.010408374580201496,0.0011755404411815107,0.07491291857513817,0.6494059777546939,0.6464873773895919,0.6247207538940193,1.1029738352317542,1.1025110438756558,1.0990595931989402,0.003914242032813986,0.003451450676715595,0.00046279135609839095,0.6494059777546883,1.102973835231753,0.0,0.0
main,mlp,2249-01-01,2248-10-01,0.0009844130024974,0.0021875844499942222,0.0019574906423432,0.0078070019396142,0.0672847516922262,0.0023116042837500574,0.00011086550007526976,0.009214405428622174,0.0010402219276875258,0.07168365256229609,0.6602003696116788,0.657973809018513,0.6384395348811805,1.1044145638137688,1.1040624201861045,1.100972960065584,0.003441603748184807,0.003089460120520471,0.0003521436276643364,0.6602003696116788,1.1044145638137688,0.0,0.0
main,mlp,2249-04-01,2249-01-01,0.0005640716288801,0.0012534925086224444,0.0014015912843811,0.0055945893983646,0.0585560523755349,0.0022201527375727893,0.00011717640761552237,0.00885108023015213,0.0009990687319077552,0.07061564400047214,0.702641314311281,0.70003755674764,0.6430893293346109,1.114080340497475,1.1136575962844844,1.1044115228730829,0.0096688176243922,0.00924607341140149,0.0004227442129907111,0.702641314311281,1.1140803404974746,0.0,0.0
main,mlp,2249-07-01,2249-04-01,0.0003106784542402,0.0006903965649782221,0.001331609412977,0.0053158079917436,0.0572455826267786,0.0018374178092926742,7.594451567374904e-05,0.007329439413793271,0.0008268380141817034,0.06561410331579452,0.7104479635894485,0.7067771763797924,0.665668526344475,1.1171480491315666,1.1165427612253054,1.1097642237378613,0.007383825393705301,0.0067785374874440585,0.0006052879062612426,0.7104479635894485,1.1171480491315662,0.0,0.0
main,mlp,2249-10-01,2249-07-01,0.0007166606778752,0.001592579284167111,0.0012836662863733,0.0051247868088661,0.0563137937772189,0.0012706615030765533,5.3191906436282905e-05,0.005072966732108775,0.000571797676384449,0.05605603919447646,0.7131118454701096,0.7116426173011535,0.7129994796442236,1.114692197853224,1.114455896901394,1.1146741256761645,1.8072177059513805e-05,-0.0002182287747705125,0.0002363009518300263,0.7131118454701096,1.1146921978532236,0.0,0.0
main,mlp,2250-01-01,2249-10-01,0.0004812667111184,0.0010694815802631112,0.0012608180315119,0.0050337421679681,0.0558594840813368,0.0015222899382933974,5.6078493727777474e-05,0.00607526965868177,0.0006850304722320289,0.06068898620044195,0.7166365320877622,0.7140374099429656,0.6893172610220833,1.1169460043220922,1.1165218605114304,1.1124878453404177,0.004458158981674565,0.004034015171012761,0.0004241438106618034,0.7166365320877622,1.116946004322092,0.0,0.0
main,mlp,2250-04-01,2250-01-01,0.0005045513338565,0.0011212251863477777,0.0012151773319406,0.004851856567489,0.0549312779325793,0.001360382465645671,6.517299788672486e-05,0.005430436086755863,0.0006121721095405519,0.05779131788095652,0.7213142460859147,0.7189770859432012,0.703956033894173,1.1175413926925102,1.1171605419612085,1.1147127941354447,0.0028285985570655203,0.0024477478257638463,0.000380850731301674,0.7213142460859081,1.1175413926925089,0.0,0.0
main,mlp,2250-07-01,2250-04-01,0.0004650817710561,0.0010335150467913332,0.0011921336056004,0.0047600141021382,0.0544517747873036,0.001232529734261334,9.426192272829207e-05,0.004921011646952023,0.0005546383804176003,0.05528749235090252,0.7240245852762616,0.7215538717540994,0.7170739067100744,1.1182688239623275,1.1178652349288103,1.117133436302184,0.0011353876601434276,0.0007317986266262011,0.0004035890335172265,0.7240245852762616,1.1182688239623269,0.0,0.0
main,mlp,2250-10-01,2250-07-01,0.0006240968253318,0.0013868818340706664,0.0013318599116019,0.0053168059883998,0.057250376660169,0.0012753060087561606,8.983770215259789e-05,0.005091473896541965,0.0005738877039402723,0.05614834350094879,0.7088454541753942,0.706752312631352,0.7125130236111843,1.114662154325449,1.1143235697759752,1.0635154510552423,0.05114670327020665,0.050808118720732987,0.0003385845494736639,0.7088454541753939,1.1146621543254482,0.00517399657510037,0.0
main,mlp,2251-01-01,2250-10-01,0.0005149246522762,0.0011442770050582223,0.001463684806831,0.0058418975264883,0.0596725493746752,0.0016784263541921973,0.00010600749235475537,0.006696821631954508,0.0007552918593864888,0.0632355035092433,0.6974109793798735,0.6943881750036826,0.6769041360982448,1.113573903475311,1.1130816375050334,1.110234348595458,0.003339554879852935,0.0028472889095754184,0.0004922659702775167,0.697410979379873,1.1135739034753105,0.0,0.0
main,mlp,2251-04-01,2251-01-01,0.0008109131013344,0.0018020291140764444,0.0013893054272495,0.0055456514142319,0.0583300928418934,0.0017882048850879073,0.00014045166881096184,0.007133656342264594,0.0008046921982895584,0.06489913687290558,0.7025382288775651,0.7011911823592805,0.6690105059473664,1.1123294479115802,1.1121140674732055,1.1069686711571267,0.005360776754453456,0.0051453963160787985,0.00021538043837465715,0.7025382288775651,1.1123294479115795,0.0,0.0
main,mlp,2251-07-01,2251-04-01,0.0009930653521241,0.002206811893609111,0.0018484225869373,0.0073732156014875,0.0657714996176496,0.0018215727293863892,0.00011664261424977287,0.007266406320125207,0.0008197077282238751,0.06538590097767448,0.6668241829787783,0.6649367932537966,0.6667319743387252,1.105404462819688,1.105106124359309,1.105389887460215,1.4575359472912552e-05,-0.0002837631009060537,0.0002983384603789663,0.6668241829787772,1.1054044628196873,0.0,0.0
main,mlp,2251-10-01,2251-07-01,0.0009652957380915,0.0021451016402033334,0.0019058844567667,0.0076017711322023,0.0665791151206218,0.0017745706718415022,3.598359432427968e-05,0.007079410424242649,0.000798556802328676,0.06469777965879214,0.6633745106207073,0.6612045608485103,0.6699571133628267,1.1050433919056717,1.1046997867766122,1.006856692134273,0.09818669977139871,0.0978430946423392,0.0003436051290595099,0.6633745106207073,1.1050433919056717,0.009922903544834993,0.0
main,mlp,2252-01-01,2251-10-01,0.0007972780347695,0.0017717289661544444,0.002555232567126,0.0101818216796767,0.0743306025487903,0.0020778398029506207,5.995148692434154e-05,0.008285490567295994,0.0009350279113277794,0.06886249462084258,0.6316006818391201,0.6271579134326201,0.6508495670787161,1.1010733010452145,1.1003623371695628,0.7993903932014585,0.30168290784375595,0.3009719439681042,0.0007109638756517267,0.6316006818391201,1.101073301045214,0.030476325343005484,0.0
main,mlp,2252-04-01,2252-01-01,0.001547614126881,0.00343914250418,0.0026227062879542,0.0104496257369316,0.0750175254806269,0.002183821378275752,0.0001022561615528033,0.008706712694724561,0.0009827196202240884,0.07017898282361773,0.6259187565713441,0.6242846021400843,0.6450071862954313,1.0954675440044899,1.0952182964648711,0.793412668329583,0.30205487567490685,0.3018056281352881,0.00024924753961874657,0.6259187565713441,1.0954675440044894,0.030496631663354368,0.0
main,mlp,2252-07-01,2252-04-01,0.0021554809844053,0.004789957743122889,0.0050116526539489,0.0198964135149557,0.0917494062143218,0.0026955956127494574,9.760994519576803e-05,0.010738863331287152,0.0012130180257372558,0.07573908113639372,0.5646371541608507,0.5601719330702988,0.6212897687288418,1.0826883954101985,1.082034485258504,0.08763945747896207,0.9950489379312364,0.9943950277795419,0.0006539101516944701,0.5646371541608505,1.0826883954101982,0.10033454408444775,0.0
main,mlp,2252-10-01,2252-07-01,0.0015720451348302,0.003493433632956,0.0040361610502448,0.0160471633653314,0.0862162574278717,0.0051693269982933995,0.00018801102525643816,0.02051752816723673,0.00232619714923203,0.09254325682006327,0.5848353274015892,0.5802434525009786,0.5573727706756503,1.089058459692282,1.0883592110549518,1.0848764739492345,0.004181985743047623,0.0034827371057173373,0.0006992486373302853,0.5848353274015892,1.089058459692282,0.0,0.0
main,mlp,2253-01-01,2252-10-01,0.0029470799399132,0.006549066533140444,0.0048500498456541,0.0192595172788235,0.0909109295217373,0.004357087332755328,0.00024053487005679168,0.017314774573913505,0.0019606892997398977,0.08817310295506771,0.5647866434349695,0.563149852274944,0.5730299359739652,1.0782394422250938,1.0780126988541443,0.9334273964021089,0.1448120458229849,0.14458530245203538,0.00022674337094952257,0.5647866434349695,1.0782394422250934,0.014595398254873104,0.0
main,mlp,2253-04-01,2253-01-01,0.0023892334990816,0.005309407775736889,0.0041023898020024,0.016308857478601,0.0866329934114025,0.004684145376086235,0.000253030277863448,0.0186053448189194,0.0021078654192388056,0.09002161005332308,0.5806451415666664,0.5786963278004454,0.5663326537853036,1.0836754155500994,1.0833945765487114,1.0816128763554547,0.002062539194644719,0.0017817001932567411,0.000280839001387978,0.5806451415666664,1.0836754155500992,0.0,0.0
main,mlp,2253-07-01,2253-04-01,0.0019265850622191,0.004281300138264667,0.0036814261252931,0.0146445865035711,0.0838539995713299,0.005265371222048998,0.00012693663140037268,0.020895723226363794,0.002369417049922049,0.09301590934182735,0.5917839563262408,0.5891286794533274,0.555715454066736,1.0880184833596178,1.0876235530125624,1.0826538653567188,0.005364618002899002,0.004969687655843602,0.0003949303470554,0.5917839563262408,1.0880184833596178,0.0,0.0
main,mlp,2253-10-01,2253-07-01,0.0021801589894617,0.0048447977543593325,0.0035277591126649,0.0140365414026769,0.0827544721190324,0.0037542317528277635,0.0003719006992353789,0.014932572928753718,0.0016894042887724936,0.08435796002464874,0.5947614542041864,0.5933333773713532,0.587216359505265,1.0869531789966176,1.0867443964341486,1.0858500981475407,0.001103080849076843,0.0008942982866078086,0.00020878256246903426,0.594761454204186,1.086953178996617,0.0,0.0
main,mlp,2254-01-01,2253-10-01,0.0008259067347621,0.0018353482994713332,0.0019976410645247,0.0079666527101427,0.0678214012798047,0.004091474786400795,0.0002237222767200338,0.016265731837670883,0.0018411636538803577,0.08656479752073787,0.6585562757745049,0.6555353198740543,0.5789490947266127,1.1051983936962968,1.1047158233832568,1.0924818683498796,0.012716525346417207,0.012233955033377208,0.0004825703130399983,0.6585562757745049,1.1051983936962966,0.0,0.0
main,mlp,2254-04-01,2254-01-01,0.0007578318504955,0.0016840707788788889,0.0023426195092232,0.0093376022337156,0.0720361449194991,0.0022780769504606724,9.977523773643061e-05,0.009081217256904806,0.0010251346277073026,0.071297156209367,0.6410503902287255,0.6369174612029042,0.6401155650407666,1.102838381523547,1.1021753700997243,1.1026884152949905,0.00014996622855645292,-0.0005130451952661819,0.0006630114238226348,0.6410503902287255,1.1028383815235463,0.0,0.0
main,mlp,2254-07-01,2254-04-01,0.0008554893172493,0.001901087371665111,0.001835994471563,0.0073237773763281,0.0655936806560543,0.0021970230154693127,0.00015148689171029007,0.008759172997125808,0.0009886603569611908,0.070338489145744,0.6682295556605096,0.6657635767192293,0.6443054800216058,1.1065459328875875,1.1061527446118606,1.102731356091593,0.0038145767959945065,0.003421388520267632,0.00039318827572687454,0.6682295556605096,1.1065459328875875,0.0,0.0
main,mlp,2254-10-01,2254-07-01,0.0010005394078501,0.0022234209063335553,0.0021366776309392,0.0085193571742008,0.0696013987709836,0.001629662699997425,5.7227438354407175e-05,0.0065027333020779565,0.0007333482149988413,0.06246407280019886,0.6501868604385431,0.6475591896434343,0.6806215091737182,1.1027260167903243,1.1023108589785593,0.6394437994115258,0.4632822173787985,0.46286705956703345,0.0004151578117650434,0.6501868604385431,1.102726016790324,0.04680907277120716,0.0
main,mlp,2255-01-01,2254-10-01,0.0009638540621598,0.0021418979159106666,0.0019128998057981,0.0076296720944228,0.0666761130206256,0.0017022852785885333,4.2118348366397435e-05,0.006791774186298838,0.00076602837536484,0.06360548319287393,0.662954260665071,0.6607588038248702,0.6751342395732497,1.1049864042200501,1.1046387284708337,0.923192596086114,0.18179380813393609,0.18144613238471963,0.0003476757492164584,0.662954260665071,1.10498640422005,0.018372264736903343,0.0
main,mlp,2255-04-01,2255-01-01,0.001634621893781,0.0036324930972911106,0.0024374233094853,0.0097141049315512,0.0730847166057958,0.002524844789877534,9.747470660004724e-05,0.010061194453532374,0.0011361801554448903,0.07401503264563469,0.6332346520775484,0.6324258695981879,0.6284852794723285,1.0960324292871606,1.0959097743661086,1.0953121689739058,0.0007202603132547836,0.0005976053922027713,0.00012265492105201226,0.6332346520775484,1.0960324292871604,0.0,0.0
main,mlp,2255-07-01,2255-04-01,0.0008732545440245,0.0019405656533877777,0.0019176592075235,0.0076486005236828,0.0667417245005816,0.003016230883076787,0.00019055673850136242,0.012010447319536155,0.0013573038973845543,0.07868549958032989,0.6630641052898831,0.6604575772018058,0.6092998226892461,1.105604532259461,1.105189397165634,1.0970416318234262,0.008562900436034804,0.008147765342207736,0.00041513509382706815,0.6630641052898831,1.1056045322594603,0.0,0.0
main,mlp,2255-10-01,2255-07-01,0.0008321922087813,0.001849316019514,0.001634631250792,0.0065225103511374,0.0625436314898652,0.0023989900946617126,0.00011766744216027104,0.009561484650904006,0.0010795455425977706,0.07266476156317853,0.6822407342433526,0.6802364321674149,0.6342183130950569,1.1089388891173777,1.1086188460143362,1.1012707612117283,0.007668127905649413,0.007348084802607957,0.00032004310304145633,0.6822407342433526,1.1089388891173773,0.0,0.0
main,mlp,2256-01-01,2255-10-01,0.0009342458078791,0.0020761017952868888,0.0018629854315805,0.0074311432895302,0.0659784213624227,0.002127024484798312,7.834136465629191e-05,0.00848099101238975,0.0009571610181592405,0.06948156653403467,0.6661662879879042,0.6639769996940947,0.6480908402422316,1.105692305762937,1.1053449586636843,1.1028244996544834,0.0028678061084537187,0.0025204590092009482,0.0003473470992527705,0.6661662879879042,1.105692305762937,0.0,0.0
main,mlp,2256-04-01,2256-01-01,0.0007634537277998,0.001696563839555111,0.0014866238176543,0.005933248105536,0.0600745934161131,0.0025352241937071085,0.00020397662803069315,0.010102397742454916,0.0011408508871681988,0.0741232626694695,0.6942610037688578,0.6923742835381151,0.62802951235857,1.1113354871192345,1.1110329223564044,1.1007142433524553,0.010621243766779198,0.010318679003949116,0.00030256476283008205,0.6942610037688578,1.1113354871192345,0.0,0.0
main,mlp,2256-07-01,2256-04-01,0.001359849792827,0.0030218884285044445,0.0022407607177314,0.0089329617976655,0.0708601449531962,0.0018072368344292044,5.3413456066480464e-05,0.007209374307695859,0.000813256575493142,0.0651778103668126,0.6434178415315587,0.6420197368360472,0.6677043517855005,1.099344681192223,1.0991288117271825,0.72563387021558,0.37371081097664294,0.37349494151160245,0.00021586946504048576,0.6434178415315587,1.099344681192223,0.0377460684639932,0.0
main,mlp,2256-10-01,2256-07-01,0.0018578728098272,0.0041286062440604445,0.0031967646687621,0.0127258734193737,0.0802008353344218,0.002464846009388566,0.00010438289764228954,0.009822991105894019,0.0011091807042248548,0.07338020958774831,0.6051118318905608,0.6032765911910306,0.6311697557165085,1.0904165795638723,1.0901423555643024,0.6636803427419224,0.42673623682194983,0.42646201282237994,0.0002742239995698892,0.6051118318905608,1.090416579563872,0.043062984494314116,0.0
main,mlp,2257-01-01,2256-10-01,0.0012811172973918,0.002846927327537333,0.0031358312704393,0.0124844477025274,0.0796998670615073,0.003458285564556718,0.00018977847271968925,0.013761549121687033,0.001556228504050523,0.08224042502333417,0.6090839267696674,0.6052574682958238,0.5953146800450551,1.0945230201558247,1.0939291965536044,1.0923861869075995,0.002136833248225223,0.0015430096460049558,0.000593823602220267,0.6090839267696674,1.0945230201558245,0.0,0.0
main,mlp,2257-04-01,2257-01-01,0.001590575129739,0.00353461139942,0.0031422028944165,0.0125096949433982,0.0797527384943521,0.0034190761856734754,0.0002682478885601126,0.013606323991378733,0.001538584283553064,0.08194539620043842,0.6077427125390363,0.6050479306169917,0.5964563583287291,1.092434171268111,1.0920243104362597,1.0907175817039028,0.0017165895642081708,0.001306728732356932,0.00040986083185123867,0.6077427125390363,1.0924341712681105,0.0,0.0
main,mlp,2257-07-01,2257-04-01,0.0013487355424229,0.002997190094273111,0.0035503532708044,0.0141259618831769,0.0829193160824189,0.002883177949115634,8.023796763194169e-05,0.011482931304991006,0.0012974300771020353,0.0775052486024903,0.5971288184824518,0.5927001284612295,0.6140574810130878,1.092263952896129,1.0915796642889437,0.8113786522208577,0.2808853006752714,0.280201012068086,0.0006842886071853904,0.5971288184824518,1.092263952896129,0.02835009930920107,0.0
main,mlp,2257-10-01,2257-07-01,0.0022839231829657,0.005075384851034889,0.0038894790119794,0.0154673828980371,0.0852671689647747,0.0036180283408612014,0.00017844602124829115,0.01439376185947372,0.0016281127533875406,0.08340642782348018,0.5856477825247671,0.5837894636452895,0.5908348239435178,1.085013081988553,1.0847433269925024,0.997196890178073,0.08781619181048006,0.08754643681442942,0.0002697549960506418,0.5856477825247671,1.0850130819885528,0.00885691467273575,0.0
main,mlp,2258-01-01,2257-10-01,0.0014552006613404,0.003233779247423111,0.0027923788285488,0.0111228180692131,0.0766660329032049,0.003676833352074027,0.0003636034767626933,0.014626417434498995,0.0016545750084333121,0.08382185313407206,0.6198811912809299,0.6174768395950312,0.5892509762839612,1.0951195249401513,1.094750581998554,1.0904193799118664,0.004700145028284863,0.004331202086687469,0.0003689429415973944,0.6198811912809299,1.095119524940151,0.0,0.0
main,mlp,2258-04-01,2258-01-01,0.0018268183775006,0.004059596394445778,0.0037502263682753,0.0149167310641219,0.0843305061876434,0.0026503476314246655,6.190807923142389e-05,0.010559318888751723,0.0011926564341410994,0.07529360680672618,0.5904675127504492,0.587320296349705,0.6231359186461598,1.0884117731059795,1.0879405346782427,0.5400400706182342,0.5483717024877452,0.5479004640600085,0.0004712384277367754,0.5904675127504492,1.088411773105979,0.05532632022356854,0.0
main,mlp,2258-07-01,2258-04-01,0.001256997021669,0.00279332671482,0.0030027006014604,0.0119568133510653,0.0785680428303698,0.004050809191539884,0.00012606559958029995,0.016105048046069825,0.0018228641361929478,0.08630904124539224,0.6134026992082645,0.6097706581722192,0.579898477804503,1.0953411998071032,1.094776671560696,1.09013363767645,0.005207562130653098,0.004643033884245806,0.000564528246407292,0.6134026992082641,1.0953411998071028,0.0,0.0
main,mlp,2258-10-01,2258-07-01,0.0013466241753375,0.0029924981674166666,0.0025700301599447,0.0102405581667764,0.0744828596208054,0.0031026891898363828,0.0002615287859092255,0.012353116059806601,0.0013962101354263723,0.07942298509975476,0.628814203256988,0.6265191559253415,0.6063566649816424,1.0971730220681595,1.0968183597786456,1.0937025742775028,0.003470447790656639,0.003115785501142776,0.0003546622895138629,0.6288142032569877,1.0971730220681588,0.0,0.0
main,mlp,2259-01-01,2258-10-01,0.0027627309126229,0.006139402028050889,0.0046738298924942,0.0185646593709858,0.0899653011685273,0.002841141726821661,0.00013949978383513066,0.011316226060021917,0.0012785137770697475,0.07712026789635294,0.5684142401365545,0.5665350337690677,0.6156222659389322,1.079789836418938,1.0795260471644264,0.25589517883417123,0.8238946575847668,0.8236308683302551,0.00026378925451164825,0.5684142401365545,1.0797898364189376,0.08305213751974849,0.0
main,mlp,2259-04-01,2259-01-01,0.0029945817279853,0.006654626062189556,0.0066002969712667,0.0261409526058381,0.0989254331385382,0.004485952388495207,0.00021983367968894085,0.017823427633099298,0.0020186785748228433,0.08891756237292538,0.5401900957910003,0.5355694598692675,0.5703192915894328,1.0745755021879444,1.073937604072122,0.5209833899198169,0.5535921122681275,0.5529542141523052,0.0006378981158223773,0.5401900957910003,1.0745755021879442,0.055775157377009554,0.0
main,mlp,2259-07-01,2259-04-01,0.004351163963429,0.009669253252064443,0.0090296413614356,0.0356322971655806,0.1078921812518446,0.006211950071156025,0.0001382597155013023,0.024617227688406573,0.0027953775320202112,0.09731252836541589,0.511657216543504,0.507033354477995,0.5409628986232116,1.0636953679567838,1.0631197509496912,0.49458372984114596,0.5691116381156378,0.5685360211085453,0.0005756170070925215,0.511657216543504,1.0636953679567838,0.05727598544271395,0.0
main,mlp,2259-10-01,2259-07-01,0.0045811629549922,0.010180362122204889,0.0111653620065436,0.0439190083655191,0.1149408817467752,0.007752176281064749,0.00015120426276086807,0.03064998759664006,0.003488479326479137,0.10336568794155412,0.49328626230458195,0.4863260704789511,0.5211301959371185,1.0602738445564066,1.0594233900592125,0.4992181618133522,0.5610556827430544,0.5602052282458603,0.0008504544971941197,0.4932862623045818,1.0602738445564062,0.05644578876205342,0.0
main,mlp,2260-01-01,2259-10-01,0.0028768729024802,0.006393050894400444,0.0089953987287077,0.0354989967073581,0.1077746784183463,0.008023929689079523,0.00032206246194639744,0.031711480358186384,0.0036107683600857857,0.10435662340366453,0.5158586498591283,0.5073913101422525,0.5179901703323948,1.0718236554634362,1.0706447369928764,1.0308006209806508,0.041023034482785325,0.039844116012225594,0.001178918470559731,0.5158586498591283,1.0718236554634355,0.0041319808787387835,0.0
main,mlp,2260-04-01,2260-01-01,0.0042781984674133,0.009507107705362889,0.0119474950271719,0.0469403255764846,0.1174163773084377,0.008457352593541145,0.0002577459245609032,0.03340266409063697,0.0038058086670935153,0.1059033200613095,0.48805585942890134,0.4794013395151539,0.5131495128362299,1.0611133860858473,1.0600296842786496,0.5501003893463952,0.5110129967394521,0.5099292949322545,0.0010837018071976345,0.4880558594289013,1.0611133860858473,0.0514155174216393,0.0
main,mlp,2260-07-01,2260-04-01,0.0039357872117499,0.008746193803888667,0.0122533462681922,0.0481198546507287,0.1183720215543404,0.009094517864286899,0.00037389572193900533,0.035884811924631776,0.0040925330389291045,0.10811432132715668,0.48659951315477434,0.4767744686870968,0.506357777703803,1.0625971967988193,1.0613332821719563,0.6590912072361108,0.40350598956270844,0.4022420749358455,0.0012639146268629275,0.4865995131547743,1.0625971967988188,0.040604773475756084,0.0
main,mlp,2260-10-01,2260-07-01,0.0070738392568249,0.015719642792944223,0.0122399340041788,0.048068152616375,0.1183302542129789,0.011166311055421829,0.00040158145412139145,0.04392267881253409,0.005024839974939823,0.11494391463147963,0.47937696834665067,0.4768887487086859,0.4863174789406513,1.046624974507155,1.046382966265523,0.9025183364304277,0.1441066380767273,0.1438646298350954,0.00024200824163189694,0.4793769683466506,1.046624974507155,0.014478168329349672,0.0
main,mlp,2261-01-01,2260-10-01,0.004604390684175,0.010231979298166667,0.0122613330465379,0.0481506413448502,0.1183968872764967,0.013774694874882698,0.0005666634146029198,0.0539707447487251,0.006198612693697214,0.12303000214144123,0.4849630422547797,0.4767064590108568,0.4643253458826544,1.0591441979595322,1.058137257324267,1.0566273051382016,0.0025168928213306074,0.001509952186065533,0.0010069406352650745,0.4849630422547797,1.059144197959532,0.0,0.0
main,mlp,2261-04-01,2261-01-01,0.0048503074718097,0.010778461048466,0.010859848352002,0.0427368847432683,0.1139606340446039,0.011501622013747692,0.0004139058325761971,0.045218832775874906,0.005175729906186461,0.11601094111401672,0.4950226846117411,0.4891169966082176,0.48331128126626216,1.0591536887558963,1.0584479771978008,1.0577542120653753,0.0013994766905209843,0.0006937651324254723,0.000705711558095512,0.4950226846117411,1.059153688755896,0.0,0.0
main,mlp,2261-07-01,2261-04-01,0.003322202383921,0.007382671964268888,0.0092493666643318,0.0364873197985103,0.1086420571060914,0.009985582530498504,0.00018379495116179124,0.03934803175266721,0.004493512138724327,0.11110838122827492,0.5123888983454762,0.504758902289668,0.4973994496103668,1.06905873872626,1.068030383299743,1.0670384911619761,0.0020202475642838724,0.0009918921377669587,0.0010283554265169137,0.5123888983454762,1.06905873872626,0.0,0.0
main,mlp,2261-10-01,2261-07-01,0.004732175805377,0.010515946234171111,0.0093271189091747,0.0367897428419956,0.1089057738430114,0.008301329053938388,0.0001925208576245763,0.0327941273293888,0.0037355980742722747,0.10535095928616693,0.5080321134324659,0.5039631223492972,0.5148697603843705,1.0613084223012577,1.0608173836108454,0.92754278051281,0.13376564178844763,0.1332746030980354,0.0004910386904122266,0.5080321134324659,1.0613084223012572,0.013459079700165244,0.0
main,mlp,2262-01-01,2261-10-01,0.0049194018324544,0.01093200407212089,0.010187096176266,0.0401299411065924,0.111772519965951,0.009301220625638961,0.0003890894459179981,0.036689017482376185,0.004185549281537533,0.10881802504450042,0.5002703327177876,0.4954491920437198,0.5042276712021398,1.0594351079816438,1.0588623276310656,0.9808014414120776,0.07863366656956616,0.07806088621898799,0.0005727803505781726,0.5002703327177876,1.0594351079816438,0.007910382205302158,0.0
main,mlp,2262-04-01,2262-01-01,0.0040003426768316,0.00888965039295911,0.0078319531994517,0.0309616937218519,0.1036584373329365,0.009932698123157025,0.00013694799386273845,0.039142751587168845,0.004469714155420661,0.1109333634584705,0.5239475910534938,0.5201994048252121,0.49791561038636806,1.067063496207843,1.0665837412147885,1.0637314918880174,0.003332004319825499,0.0028522493267710836,0.0004797549930544154,0.5239475910534938,1.067063496207843,0.0,0.0
main,mlp,2262-07-01,2262-04-01,0.0034176883289162,0.0075948629531471116,0.0080048456297934,0.031636964815598,0.1042876014433532,0.008809207193553447,0.00023727065393976904,0.03477394441686532,0.003964143237099051,0.10713257647294624,0.5238199500673678,0.5182079040600815,0.5093549171591688,1.0700992183133307,1.0693481968255107,1.0681634625262306,0.0019357557871000353,0.0011847342992801213,0.000751021487819914,0.5238199500673678,1.0700992183133304,0.0,0.0
main,mlp,2262-10-01,2262-07-01,0.0027453656808072,0.006100812624016,0.0076181959178131,0.0301263273948906,0.1028703698513535,0.007596732210367918,0.00016437898969970169,0.03004241710933553,0.003418529494665563,0.10279057784821963,0.5296168703178633,0.5227110475851559,0.5229664118810572,1.0744357144159293,1.073465126284115,1.0735010168020862,0.0009346976138431273,-3.589051797114884e-05,0.0009705881318142762,0.5296168703178633,1.0744357144159289,0.0,0.0
main,mlp,2263-01-01,2262-10-01,0.0046897379987943,0.010421639997320667,0.0079232239346176,0.0313182165323999,0.1039914546183925,0.006210723984986543,0.0003381561232790289,0.024612414164877694,0.0027948257932439444,0.09730731908035459,0.5211558143786006,0.5191437794404447,0.5409804464934632,1.0631133345557657,1.0628696718531991,0.6851168238712577,0.377996510684508,0.3777528479819414,0.00024366270256659384,0.5211558143786006,1.0631133345557655,0.03803973255743931,0.0
main,mlp,2263-04-01,2263-01-01,0.0024473537517558,0.005438563892790667,0.0055206643539181,0.0219004631067074,0.0942355026829537,0.007756191492080689,0.00020920152946925707,0.03066567771409001,0.00349028617143631,0.10338046028864348,0.5559173369885467,0.5514708028133454,0.5210831646665571,1.0797888488106258,1.0791506534901514,1.0747892232837468,0.004999625526878937,0.00436143020640456,0.0006381953204743773,0.5559173369885467,1.079788848810625,0.0,0.0
main,mlp,2263-07-01,2263-04-01,0.0031999594699685,0.007111021044374444,0.006261556982794,0.0248119658087464,0.0975226415056869,0.005533789470791817,9.436239361914763e-05,0.021952097831054007,0.0024902052618563176,0.09429684895978739,0.5437069657740982,0.5402558364840382,0.5512584977264304,1.0739443677098819,1.0734750127276895,0.9360817079382875,0.1378626597715944,0.13739330478940204,0.0004693549821923604,0.5437069657740982,1.0739443677098814,0.013888967117774986,0.0
main,mlp,2263-10-01,2263-07-01,0.0023893203291191,0.005309600731375778,0.0073525655928455,0.0290874880493693,0.1018737620443998,0.006516815815120936,0.00018519377997261135,0.02581355517436168,0.0029325671168044212,0.09858464719790687,0.53343836109521,0.5259146054996594,0.5367024628417405,1.0768720934590277,1.0757878691409324,1.0161526725286858,0.06071942093034188,0.05963519661224659,0.0010842243180952948,0.53343836109521,1.0768720934590272,0.006118980017716602,0.0
main,mlp,2264-01-01,2263-10-01,0.0037867223206633,0.008414938490362888,0.0097224675861674,0.0383263792721549,0.1102345001679332,0.005628886725753545,0.0001921084784446092,0.02232615309531072,0.0025329990265890957,0.09473761086512156,0.5070448164902096,0.4999859231717825,0.5497364959639991,1.0659831499285541,1.0650645565399386,0.22956835866272263,0.8364147912658315,0.835496197877216,0.0009185933886155517,0.5070448164902096,1.0659831499285537,0.08419703780617283,0.0
main,mlp,2264-04-01,2264-01-01,0.0030549231077403,0.006788718017200666,0.0126219235474437,0.0495398344286364,0.1195148976556788,0.0063040141016244885,0.0002300899474073212,0.02497861336547713,0.00283680634573102,0.09770147548879138,0.4859799045289817,0.4736660923421026,0.5396550872653575,1.0667983115584387,1.0651057686049834,-0.030297051368376682,1.0970953629268154,1.09540281997336,0.0016925429534553338,0.4859799045289817,1.0667983115584383,0.11044730580659912,0.0
main,mlp,2264-07-01,2264-04-01,0.0074311326377831,0.016513628083962444,0.0126902712104427,0.0498029757231042,0.1197257979104527,0.009588904306292534,0.00045120286782040727,0.037807452943359965,0.00431500693783164,0.10978780190233518,0.4753824742886245,0.4730963906614551,0.5013169906304802,1.044537953479326,1.0443237733365072,0.5014173858457776,0.5431205676335484,0.5429063874907296,0.00021418014281882058,0.4753824742886245,1.044537953479326,0.054555033807064945,0.0
main,mlp,2264-10-01,2264-07-01,0.0056047504461922,0.012455000991538222,0.0124533669880434,0.0488906511932573,0.1189934116697617,0.010994121618568897,0.000594352997216492,0.04325656307271453,0.004947354728356003,0.1143924253187893,0.481236200971785,0.4750799779576927,0.4878841587973265,1.0538755936420554,1.0531863891125384,0.9164766967535927,0.13739889688846274,0.1367096923589457,0.0006892045295170401,0.481236200971785,1.053875593642055,0.013814315235726404,0.0
main,mlp,2265-01-01,2264-10-01,0.005466889398214,0.012148643107142221,0.0127617239637911,0.0500780133191551,0.1199459387864054,0.011946021392941476,0.0008239543751211555,0.04693463978754153,0.005375709626823664,0.11741175657111315,0.4793569058483727,0.472503012159099,0.4794141031663909,1.0543260483170953,1.0535492889647609,1.0531393372390385,0.0011867110780567902,0.00040995172572233507,0.0007767593523344551,0.4793569058483727,1.054326048317095,0.00011931933133690897,0.0
main,mlp,2265-04-01,2265-01-01,0.0056624783475693,0.012583285216820667,0.0119675385594596,0.0470176579085035,0.1174792102474241,0.011643905006349087,0.0002186390839919057,0.04576843324749569,0.00523975725285709,0.11646105599794843,0.4846330334973703,0.4792278416987609,0.482052947500778,1.0539761090406012,1.053374104633675,1.0536887514040796,0.0002873576365216568,-0.00031464677040449196,0.0006020044069261488,0.4846330334973703,1.053976109040601,0.0,0.0
main,mlp,2265-07-01,2265-04-01,0.0045436116756115,0.010096914834692222,0.0131487365441907,0.051566673751804,0.1211323017421145,0.010644128359854222,0.0006117884534954258,0.04190153960304599,0.0047898577619344,0.1132636171016409,0.478753138108476,0.4693276161606523,0.4911186763922637,1.0586778437217708,1.057522615150245,0.801907199318366,0.2567706444034048,0.2556154158318791,0.0011552285715257238,0.478753138108476,1.0586778437217708,0.025828621279386677,0.0
main,mlp,2265-10-01,2265-07-01,0.007751057833473,0.017224572963273333,0.0126453608652396,0.0496300752162034,0.1195872541351205,0.01193587388843298,0.0005459053177106938,0.04689548652572306,0.005371143249794841,0.11737993369159662,0.47497292566412186,0.47347049893376,0.4795020231258338,1.0429800253500077,1.0428440716240823,0.9480352073161304,0.09494481803387722,0.09480886430795188,0.00013595372592534183,0.4749729256641218,1.0429800253500074,0.009535465344385319,0.0
main,mlp,2266-01-01,2265-10-01,0.0053877495039765,0.011972776675503333,0.0116141333547611,0.045653453095981,0.1163670007844536,0.01236799843609333,0.0007968808452497483,0.04856173363499072,0.005565599296241999,0.1187285453422684,0.4879125749499526,0.482315412074104,0.4758009483000771,1.055681805254887,1.0550430430068245,1.0542995960824602,0.0013822091724269292,0.0007434469243643438,0.0006387622480625854,0.4879125749499526,1.0556818052548866,0.0,0.0
main,mlp,2266-04-01,2266-01-01,0.0038262114979229,0.008502692217606444,0.0108414136256181,0.042665520227675,0.1139012305733881,0.010976690240204335,0.0012316038236018562,0.043189110297647715,0.00493951060809195,0.11433645733416287,0.49769209420916505,0.4892870348351131,0.48804364883673484,1.0645695196942553,1.0634790650675916,1.063317750797898,0.0012517688963573637,0.0001613142696936798,0.0010904546266636839,0.497692094209165,1.064569519694255,0.0,0.0
main,mlp,2266-07-01,2266-04-01,0.0041540195334287,0.009231154518730444,0.0108199183742578,0.042582302768544,0.1138319273886477,0.009258533269166947,0.0002674835852578501,0.036522977681015756,0.004166339971125126,0.10867319124065772,0.49705260969598175,0.4894855391311641,0.5046648426494136,1.0628571759307368,1.061900245665218,0.9106723927528031,0.1521847831779337,0.15122785291241492,0.0009569302655187961,0.4970526096959817,1.0628571759307366,0.015314742467029463,0.0
main,mlp,2266-10-01,2266-07-01,0.0054206522435504,0.012045893874556445,0.0117761194950394,0.0462789291139201,0.1168779432964925,0.009244793280959129,0.00022619861385887036,0.03646952907202872,0.004160156976431608,0.10862651936489337,0.486621322259941,0.4808926506414122,0.50480585430916,1.055374332516992,1.0547224470516945,0.6837542055643653,0.3716201269526267,0.3709682414873292,0.0006518854652974859,0.486621322259941,1.0553743325169918,0.037368940809239026,0.0
main,mlp,2267-01-01,2266-10-01,0.0038003570090654,0.00844523779792311,0.0102176178057314,0.040248328907373,0.1118727408724851,0.009983352199196816,0.000141344259352953,0.039339374992291454,0.004492508489638568,0.11110100628185199,0.5028332142264422,0.4951560397206208,0.4974211810997327,1.0653665226892788,1.0643685174117306,1.0646629777042556,0.00070354498502323,-0.0002944602925250006,0.0009980052775482307,0.5028332142264414,1.0653665226892783,0.0,0.0
main,mlp,2267-04-01,2267-01-01,0.005253741316515,0.011674980703366667,0.0093373090827558,0.0368293729902005,0.1089402753766641,0.007927441410720349,0.0004949980173644019,0.03133468850844068,0.003567348634824157,0.10400679479557673,0.5066009578640446,0.503859166200968,0.5190952361510978,1.0584934570879954,1.0581768827300142,0.813306707763698,0.2451867493242974,0.24487017496631625,0.00031657435798115863,0.5066009578640446,1.0584934570879951,0.024662937101595506,0.0
main,mlp,2267-07-01,2267-04-01,0.003182033233457,0.007071184963237778,0.0093209052543004,0.0367655769945897,0.1088847289805932,0.00950742345303297,0.0003993523301454969,0.03749077658317279,0.004278340553864836,0.10951421430225307,0.5121199168074793,0.50402654542087,0.5021352311958821,1.06974032007569,1.0686381674499683,1.068380608907359,0.0013597111683310015,0.0002575585426092264,0.001102152625721775,0.5121199168074793,1.0697403200756896,0.0,0.0
main,mlp,2267-10-01,2267-07-01,0.0026234451351457,0.005829878078101556,0.0073628396159442,0.0291276836812264,0.1019126908024374,0.007641759235411882,0.00038782789647616217,0.030218439633716287,0.0034387916559353473,0.10295782441053344,0.532662501070254,0.5257889035088379,0.5224313788961654,1.0755131917087297,1.074538752379246,1.0740627710604298,0.0014504206482999216,0.00047598131881620986,0.0009744393294837117,0.532662501070254,1.0755131917087293,0.0,0.0
main,mlp,2268-01-01,2267-10-01,0.001787050013138,0.003971222251417777,0.0050538823406197,0.0200627946893485,0.091964285826443,0.00659658694639802,0.00015717834124665296,0.02612640433684299,0.002968464125879109,0.09891035290208262,0.5651271266959896,0.5594123159546933,0.5356195209748171,1.0848422528930592,1.0839842912146245,1.0804122908038192,0.004429962089240069,0.0035720004108052983,0.000857961678434771,0.5651271266959896,1.0848422528930588,0.0,0.0
main,mlp,2268-04-01,2268-01-01,0.002784944334021,0.006188765186713333,0.0070031061120166,0.0277195348987098,0.1005295335255537,0.005492041818797588,0.0002887381970744511,0.021787853840734228,0.0024714188184589148,0.09410128012858696,0.5361514049245424,0.5302837006533957,0.5519357216321017,1.075141917854103,1.0743195558341867,0.7829538054012593,0.2921881124528438,0.29136575043292745,0.0008223620199163673,0.5361514049245424,1.0751419178541028,0.029440029322590267,0.0
main,mlp,2268-07-01,2268-04-01,0.0027150895326451,0.006033532294766888,0.0055457974462573,0.0219993358865026,0.0943528631592615,0.005597814917564392,0.00026065869825666715,0.022203947139264768,0.0025190167129039765,0.09459430703102077,0.5547297669493144,0.5510647451301194,0.5502306926543004,1.0781331910105774,1.0776169759687346,1.077499500424265,0.0006336905863124631,0.00011747554446972508,0.000516215041842738,0.5547297669493144,1.0781331910105774,0.0,0.0
main,mlp,2268-10-01,2268-07-01,0.0022958489641629,0.005101886587028667,0.0063017690441886,0.0249698018719676,0.0976920417266298,0.005833567399531603,0.00012029927445423997,0.023130879465483756,0.002625105329789221,0.0956652416866224,0.5458876073086442,0.5396867519234365,0.546552587054364,1.0791763630499631,1.0782769816193785,1.0670912553081595,0.012085107741803602,0.011185726311218946,0.0008993814305846559,0.5458876073086442,1.079176363049963,0.0012181557408480481,0.0
main,mlp,2269-01-01,2268-10-01,0.0041282384970612,0.009173863326802666,0.0083461616750971,0.032969016881417,0.1055101639603255,0.006627427227795124,0.0001975730639362382,0.026247334612431894,0.0029823422525078057,0.0990355302649611,0.5185689083902606,0.5143729742462457,0.5352041759881736,1.065711815299607,1.065180116532057,0.7470279681268468,0.3186838471727602,0.3181521484052101,0.0005316987675501039,0.5185689083902606,1.0657118152996068,0.03207918286081435,0.0
main,mlp,2269-04-01,2269-01-01,0.0045396252243703,0.010088056054156223,0.0101809806344511,0.0401062187248686,0.1117524274414012,0.006682905927300453,0.00016687916625786721,0.026464848192015777,0.003007307667285204,0.09925969585391697,0.5012730975691413,0.4955080010446747,0.5344615703496642,1.0614579604113847,1.0607511379713082,0.4034434175539692,0.6580145428574156,0.657307720417339,0.0007068224400765821,0.5012730975691413,1.0614579604113847,0.06620835740026154,0.0
main,mlp,2269-07-01,2269-04-01,0.0036929723680992,0.008206605262442667,0.0080581494019007,0.0318450837446452,0.1044801817651858,0.009147625416517258,0.00016209966716586736,0.03609148221776626,0.0041164314374327665,0.10829570284364241,0.5225393237612945,0.5176007659181305,0.5058072855065953,1.0684893735529404,1.0678420754118192,1.0662963006755168,0.002193072877423541,0.0015457747363023522,0.0006472981411211887,0.5225393237612945,1.06848937355294,0.0,0.0
main,mlp,2269-10-01,2269-07-01,0.0027095779163914,0.006021284258647556,0.0074325882737076,0.029400532237172,0.1021761361541991,0.00752636855468154,0.0003085112681876877,0.029767299029631045,0.003386865849606693,0.10252811396326618,0.5316724788613109,0.5249394188629932,0.5238077847959804,1.0749148963739434,1.0739661798010374,1.0738067277845538,0.0011081685893896687,0.00015945201648359664,0.000948716572906072,0.5316724788612789,1.0749148963739386,0.0,0.0
main,mlp,2270-01-01,2269-10-01,0.0021002597908377,0.004667243979639334,0.0045638117771075,0.0181306566341741,0.0893569759132283,0.006262795813381672,7.780044943152611e-05,0.02481682861953849,0.0028182581160217522,0.09752787249451325,0.5725499956092004,0.5687278702488868,0.540238250823439,1.0841633619221227,1.0836015194236874,1.0794136193815682,0.004749742540554491,0.004187900042119219,0.0005618424984352721,0.5725499956092004,1.084163361922122,0.0,0.0
main,mlp,2270-04-01,2270-01-01,0.0025040623840513,0.005564583075669555,0.0049995479335859,0.0198487180967211,0.0916874984802928,0.0045342457480728625,0.00024101570199806278,0.018013999147786564,0.0020404105866327882,0.08919100609949082,0.5637246735238092,0.5603910505237059,0.5693282215558546,1.0805897276526741,1.0801131549882284,0.9819886207921988,0.0986011068604753,0.09812453419602951,0.0004765726644457846,0.5637246735238092,1.080589727652674,0.00994021865914163,0.0
main,mlp,2270-07-01,2270-04-01,0.0011150629582811,0.0024779176850691113,0.003436870491792,0.0136767717413189,0.0820797359125765,0.005502934101969004,0.0001309103341791777,0.02183070835412293,0.0024763203458860517,0.09415243022219874,0.6009803188678334,0.5959360910153777,0.5517584802386738,1.0942633846475411,1.0934722006846422,1.086542970247781,0.007720414399760234,0.006929230436861333,0.0007911839628989004,0.6009803188678334,1.094263384647541,0.0,0.0
main,mlp,2270-10-01,2270-07-01,0.0008485761671697,0.0018857248159326668,0.0024141323355494,0.0096216173772207,0.0728310398570747,0.004021246638149023,0.00031027976096264067,0.01598822384502574,0.0018095609871670605,0.08612142414490978,0.6374314418406263,0.6335075850601064,0.5805963634163788,1.1016793909317195,1.1010534799060654,1.0926133866865462,0.009066004245173342,0.008440093219519218,0.0006259110256541245,0.6374314418406263,1.1016793909317195,0.0,0.0
main,mlp,2271-01-01,2270-10-01,0.0012131028701462,0.0026957841558804445,0.0037816154100491,0.0150408740627379,0.0845448239957888,0.002000176813453436,5.8391893642291775e-05,0.007976735002585444,0.0009000795660540462,0.0678549407483532,0.591863322571241,0.5865096344548083,0.6553834413740398,1.092253127238514,1.091418653379152,0.028931187131085556,1.0633219401074285,1.0624874662480663,0.0008344738593621948,0.591863322571241,1.0922531272385134,0.10732227556819818,0.0
main,mlp,2271-04-01,2271-01-01,0.0018046114475323,0.004010247661182889,0.003448423733597,0.0137225090649633,0.0821665592363915,0.002715258253738284,9.841579290649135e-05,0.010816877270640068,0.001221866214182228,0.07593021605569929,0.5981892657820697,0.5956002109310661,0.6205004084973486,1.089700804683175,1.0893125658484304,0.7200684773883548,0.3696323272948203,0.3692440884600756,0.000388238834744703,0.5981892657820697,1.0897008046831749,0.03729779698354718,0.0
main,mlp,2271-07-01,2271-04-01,0.0017672539892845,0.003927231087298888,0.0032653253961252,0.0129974666353279,0.0807524039331577,0.0030403662938624622,0.00034770930992478324,0.0121061145452791,0.0013681648322381081,0.078893627583252,0.6034287101217625,0.6011073050612888,0.6084669360790184,1.0907119053483412,1.0903629344217205,1.007976038646797,0.08273586670154409,0.08238689577492342,0.0003489709266206731,0.6034287101217625,1.0907119053483412,0.008349325041314415,0.0
main,mlp,2271-10-01,2271-07-01,0.0017686111825862,0.003930247072413778,0.0044948557548162,0.0178585634929115,0.0889681962016715,0.0031613629776984452,0.0001374064629183293,0.012585612897024978,0.0014226133399643003,0.07991103795585293,0.5749214331608041,0.5701355925390366,0.6044212398080931,1.0864186760130483,1.0856992977010085,0.5777428299051355,0.5086758461079128,0.507956467795873,0.0007193783120398312,0.5749214331608041,1.0864186760130476,0.05131100767454522,0.0
main,mlp,2272-01-01,2271-10-01,0.001347736379707,0.0029949697326822223,0.0033838572749582,0.0134668810156719,0.0816772817918392,0.003666539816185832,0.0001890073577499172,0.014585695163393808,0.0016499429172836244,0.0837496492215473,0.6015941492240028,0.5974967940438942,0.5895258045627209,1.0929599138623518,1.092326779738461,1.091095081430685,0.0018648324316667964,0.0012316983077760302,0.0006331341238907662,0.6015941492240028,1.0929599138623511,0.0,0.0
main,mlp,2272-04-01,2272-01-01,0.0009300421917264,0.0020667604260586666,0.0020996968531927,0.0083723720600421,0.0691393747600866,0.003034558519721031,9.688132594344416e-05,0.01208309449710876,0.001365551333874464,0.07884370701168766,0.6524458793000357,0.6496132103783839,0.6086665459030258,1.1035428857667353,1.103093342404021,1.0965951240278864,0.006947761738848923,0.0064982183761346235,0.00044954336271429973,0.6524458757162612,1.1035428851979918,0.0,0.0
main,mlp,2272-07-01,2272-04-01,0.0008500595815078,0.0018890212922395555,0.0014897531577513,0.0059457096644746,0.0601290175015738,0.0021955255419015885,7.897909495574481e-05,0.008753222482591694,0.000987986493855715,0.0703204445988463,0.6935819085860622,0.6921024912643583,0.6443847961486049,1.110625901172918,1.110389934991565,1.1027789910515249,0.007846910121393158,0.007610943940040027,0.00023596618135313108,0.6935819085860618,1.1106259011729176,0.0,0.0
main,mlp,2272-10-01,2272-07-01,0.0005108763192833,0.0011352807095184444,0.0015861227662379,0.0063294123074232,0.0617573249525366,0.0018628281075507402,6.512128259490652e-05,0.00743051750382373,0.0008382726483978331,0.06597619420487146,0.6874354514284121,0.6840597181510227,0.6639873180660131,1.1119772109082673,1.111427333539582,1.1081577154640467,0.0038194954442205553,0.0032696180755351634,0.0005498773686853919,0.6874354514284121,1.111977210908267,0.0,0.0
main,mlp,2273-01-01,2272-10-01,0.0005891240394213,0.0013091645320473333,0.0016609200843231,0.0066271467241488,0.0629609454857664,0.001697072316892445,4.9665469119491144e-05,0.006771028483225083,0.0007636825426016003,0.06352505591729896,0.681430673058489,0.6782229692390794,0.6755182718525305,1.1104658811668482,1.109945884279501,1.1095074291410585,0.0009584520257897022,0.00043845513844242845,0.0005199968873472738,0.681430673058489,1.1104658811668482,0.0,0.0
main,mlp,2273-04-01,2273-01-01,0.0009062507565596,0.0020138905701324442,0.0025163770192416,0.010027578853393,0.0739263928259324,0.001753128576092422,2.5873478713636146e-05,0.0069940950887785736,0.0007889078592415899,0.06437816050585335,0.6327806485925472,0.6288589645236685,0.6714646212736904,1.1005725695483153,1.0999492669162871,0.49538798596384714,0.6051845835844681,0.60456128095244,0.0006233026320281443,0.6327806485925472,1.1005725695483146,0.061133291719981,0.0
main,mlp,2273-07-01,2273-04-01,0.0010924540411846,0.002427675647076889,0.0019010647232912,0.0075826020797608,0.066512276034034,0.0022598904091864825,0.0001385857660139595,0.009008965148681658,0.0010169506841339172,0.07108508492529539,0.663109164631914,0.6615120338656937,0.6410384054214007,1.1041581767916748,1.1039073067425482,1.1006914021452239,0.003466774646450954,0.0032159045973243483,0.0002508700491266058,0.663109164631914,1.1041581767916746,0.0,0.0
main,mlp,2273-10-01,2273-07-01,0.000578268066394,0.0012850401475422222,0.0017933218585055,0.0071540144732663,0.0649743350414338,0.002059695776551962,4.743724027657956e-05,0.008213363959832964,0.0009268630994483829,0.06863045725678711,0.6722571357717008,0.6686575972426982,0.6518888457903785,1.109051750469423,1.108467842978401,1.1057476610691934,0.0033040894002296373,0.0027201819092075308,0.0005839074910221065,0.6722571357717002,1.1090517504694224,0.0,0.0
main,mlp,2274-01-01,2273-10-01,0.0013478790344266,0.002995286743170222,0.0023091182144806,0.0092045299170434,0.0716551897901635,0.0016997372498735786,8.862134369902014e-05,0.006781633993725,0.0007648817624431104,0.06356619982644304,0.640192280015253,0.6385627024469145,0.6753217658415014,1.0989232855202193,1.0986714812231315,0.5556183093162994,0.5433049762039199,0.5430531719068321,0.00025180429708782093,0.640192280015253,1.0989232855202191,0.05487332268483758,0.0
main,mlp,2274-04-01,2274-01-01,0.0014443039055899,0.0032095642346442223,0.0036795989214184,0.0146373580919784,0.0838412154534329,0.002252419013530016,8.042051351236107e-05,0.008979281389518867,0.0010135885560885072,0.07099746092371786,0.5935228068906875,0.5891773106970895,0.6414203724919767,1.0911395584771464,1.090472277287863,0.2914901044106446,0.7996494540665018,0.7989821728772184,0.0006672811892833863,0.5935228068906875,1.0911395584771462,0.08070044586768566,0.0
main,mlp,2274-07-01,2274-04-01,0.0017182068304419,0.003818237400982,0.0047866824275243,0.0190096939093146,0.090574802197452,0.0042251388542354105,0.00017207873771076464,0.016793746013536448,0.0019013124844059347,0.08738718858296456,0.5698232616635055,0.5643498682537703,0.5759114890518781,1.0859395657561197,1.085114079882707,0.980013764873622,0.1059258008824977,0.10510031500908501,0.0008254858734126902,0.5698232616635055,1.0859395657561195,0.010684401474490457,0.0
main,mlp,2274-10-01,2274-07-01,0.0025578902397332,0.005684200532740444,0.0056677397919339,0.0224789467551775,0.0949158549791976,0.003802329953759909,0.00012265194168526374,0.015122793219532804,0.001711048479191959,0.08468522620699771,0.5534838386309997,0.5491226810414953,0.5859794523943016,1.078827775803165,1.0782066549524494,0.49634560824094276,0.5824821675622223,0.5818610467115066,0.0006211208507156396,0.5534838386309997,1.0788277758031648,0.058711022854166406,0.0
main,mlp,2275-01-01,2274-10-01,0.0026256686642777,0.005834819253950445,0.0061354107181942,0.0243167056952343,0.0969858125797699,0.005426948983222246,0.00024281615532914294,0.0215317237470104,0.0024421270424500106,0.09379373573075364,0.5470115906360669,0.5420650050755508,0.5530030567841377,1.077535235301561,1.0768340898744082,0.9688536912458172,0.10868154405574382,0.10798039862859099,0.0007011454271528272,0.5470115906360669,1.0775352353015608,0.010953079431943902,0.0
main,mlp,2275-04-01,2275-01-01,0.0034621534527469,0.007693674339437555,0.0060431824858636,0.0239544910718119,0.096587901580164,0.00534945847466588,0.00019394193458669665,0.02122674517943557,0.0024072563135996462,0.09342332945700482,0.5457024181392645,0.5434116370002655,0.55429240301297,1.0727849511360645,1.072479410263011,0.9165193344918325,0.156265616644232,0.15596007577117854,0.0003055408730534559,0.5457024181392645,1.072784951136064,0.0157411335645119,0.0
main,mlp,2275-07-01,2275-04-01,0.0032286722541777,0.007174827231505999,0.0095142296918224,0.0375172321073953,0.1095370995300755,0.007029949966818094,0.00021249631952177325,0.027824665931736603,0.0031634774850681424,0.10063424897037057,0.5102931949831312,0.5020666986177728,0.5299413684186202,1.0692535619557888,1.0681371171720475,0.6868831537129692,0.38237040824281965,0.38125396345907836,0.0011164447837412883,0.5102931949831312,1.0692535619557884,0.03850369262558173,0.0
main,mlp,2275-10-01,2275-07-01,0.0031824367978024,0.007072081772894222,0.0065119780630236,0.025794579888154,0.0985648037584248,0.008449738472700119,0.00027652127171564717,0.03337297349199497,0.0038023823127150535,0.10587647296352697,0.5406947378515056,0.5367685453930072,0.5132329082193158,1.0736294476578854,1.0730947959184092,1.0698898156512422,0.0037396320066431787,0.003204980267166979,0.0005346517394761996,0.5406947378515056,1.0736294476578851,0.0,0.0
main,mlp,2276-01-01,2275-10-01,0.0058811025434502,0.013069116763222666,0.008959682814031,0.0353599463021175,0.1076519295266024,0.005909883510321378,0.00015485000248359208,0.023430798134235986,0.00265944757964462,0.09600421402088608,0.5083030472020456,0.5077657124301296,0.5453956512935038,1.0555010884925093,1.0554424174597652,0.32981717621800977,0.7256839122744996,0.7256252412417554,5.8671032744150864e-05,0.5083030472020456,1.0555010884925091,0.07297340156792098,0.0
main,mlp,2276-04-01,2276-01-01,0.0026340727701143,0.005853495044698444,0.0065094185332613,0.0257845404418861,0.0985543008435394,0.008654877729713916,0.0005581092303327551,0.03417265709725037,0.0038946949783712622,0.10659606959788896,0.542333534063283,0.5368035189387944,0.5110053376752927,1.076826573778672,1.076043195860335,1.0723886442759136,0.004437929502758342,0.003654551584421295,0.0007833779183370471,0.542333534063283,1.0768265737786715,0.0,0.0
main,mlp,2276-07-01,2276-04-01,0.002555019134829,0.00567782029962,0.0065674546933059,0.026012161201677,0.0987917305065386,0.005698295123875141,0.0003866207791308301,0.02259909614475164,0.0025642328057438133,0.09505530522574748,0.5418681173930064,0.5360135592771067,0.5486431281793844,1.0771890096370962,1.0763550289537456,0.9531235067694659,0.1240655028676303,0.12323152218427968,0.0008339806833506103,0.5418681173930064,1.077189009637096,0.012503060185776294,0.0
main,mlp,2276-10-01,2276-07-01,0.0019153442202513,0.004256320489447333,0.0047551514599089,0.0188853666196882,0.090405935107117,0.005069123022258282,0.00032038295183231687,0.02012283640436674,0.002281105360016227,0.09204142192518523,0.5697314834552533,0.5649540978973681,0.5591399871700933,1.0848025701811703,1.0840914727856077,1.0832260624171994,0.0015765077639708913,0.0008654103684082592,0.0007110973955626321,0.5697314834552533,1.0848025701811703,0.0,0.0
main,mlp,2277-01-01,2276-10-01,0.0019559843753001,0.004346631945111333,0.004489268003318,0.0178365123422132,0.0889364302279652,0.005215768050402403,0.00019534343023979906,0.02070041360735264,0.002347095622681081,0.09277279689693174,0.574407557338352,0.5702508279857782,0.5565670460160956,1.085265147560762,1.0846481220061892,1.08261689927256,0.002648248288201982,0.002031222733629212,0.0006170255545727699,0.574407557338352,1.0852651475607618,0.0,0.0
main,mlp,2277-04-01,2277-01-01,0.0015711596043514,0.0034914657874475555,0.0028927306706156,0.0115208120922615,0.077591903031624,0.004542773589491844,9.269739039356015e-05,0.0180476481738705,0.00204424811527133,0.08923898824416467,0.615903629456433,0.6137061548454192,0.5691545658843948,1.093794980720927,1.0934603308196809,1.086675640443081,0.007119340277845998,0.006784690376599789,0.00033464990124620897,0.6159036294564326,1.093794980720927,0.0,0.0
main,mlp,2277-07-01,2277-04-01,0.0019649719978934,0.004366604439763111,0.0030195965477088,0.0120237884581148,0.0787146295277713,0.0036605607718229296,7.393502709713866e-05,0.014562040878494886,0.0016472523473203184,0.08370760991409702,0.6102040705426192,0.6091831425608537,0.5896859046402242,1.090523944734992,1.0903724897830154,1.087480069077853,0.003043875657138928,0.0028924207051623796,0.00015145495197654846,0.6102040705426192,1.0905239447349917,0.0,0.0
main,mlp,2277-10-01,2277-07-01,0.0011849208070386,0.0026331573489746666,0.0023899085614672,0.0095254188370614,0.0725645183650754,0.00379625977948308,0.00022677126992276387,0.015098788220890724,0.001708316900767386,0.08464416710786549,0.6371478625693069,0.6346474395860199,0.5861344252745503,1.099491143316458,1.0991007002874582,1.0915253546838302,0.007965788632627868,0.0075753456036280475,0.00039044302899982064,0.6371478625693069,1.0994911433164576,0.0,0.0
main,mlp,2278-01-01,2277-10-01,0.000666210549106,0.0014804678869022223,0.0016164659109157,0.0064502027596449,0.0622516844716734,0.0028390892315655948,0.00015078994398266097,0.01130808583239673,0.0012775901542045178,0.07710131582194504,0.6843788655629218,0.6816514485628543,0.6156994574815352,1.1104162452163386,1.1099762095001,1.0993356541203676,0.011080591095971037,0.010640555379732408,0.00044003571623862925,0.6843788655629218,1.1104162452163386,0.0,0.0
main,mlp,2278-04-01,2278-01-01,0.0006280879177241,0.0013957509282757777,0.0018330255456928,0.0073119669113111,0.0655510328724497,0.0019764423603191974,5.077746484296444e-05,0.007882362362095718,0.0008893990621436388,0.06753937985411,0.6694375988042247,0.6659621373551363,0.6568148205377714,1.108260859924318,1.1076988113543178,1.1062195153207266,0.0020413446035913996,0.0014792960335912042,0.0005620485700001954,0.6694375988042247,1.1082608599243178,0.0,0.0
main,mlp,2278-07-01,2278-04-01,0.0008938523999194,0.0019863386664875555,0.0018787450625341,0.007493828665116,0.0662006183880483,0.001980462344363332,8.916170557378304e-05,0.007898347046808807,0.0008912080549634994,0.06759308599844746,0.6653604668204013,0.6629490724256838,0.6565708219569237,1.1058332179250383,1.105449657973394,1.1044351240395307,0.0013980938855076008,0.0010145339338631931,0.0003835599516444077,0.6653604668204013,1.105833217925038,0.0,0.0
main,mlp,2278-10-01,2278-07-01,0.0009384823989838,0.002085516442186222,0.0027264342512771,0.0108612173546757,0.0760382054714944,0.0017198496963828803,4.4336367637532623e-05,0.006861671827369964,0.0007739323633722961,0.06387480669307702,0.6243105744357591,0.620055152497629,0.6738510846962035,1.0990251300855807,1.0983501571494192,0.31335952194703154,0.7856656081385491,0.7849906352023877,0.0006749729361614776,0.6243105744357591,1.0990251300855731,0.07935234864566953,0.0
main,mlp,2279-01-01,2278-10-01,0.0015754071351555,0.00350090474479,0.0036739911750687,0.0146151736203813,0.0838019382786039,0.0022273150738328696,3.079305450961317e-05,0.00887953887433035,0.0010022917832247914,0.07070087901039573,0.5931995132290167,0.5893267576345561,0.642716118539932,1.0903122107653571,1.0897225994934496,0.2631132005147505,0.8271990102506066,0.8266093989786991,0.0005896112719074864,0.5931995132290167,1.090312210765357,0.08347377118096855,0.0
main,mlp,2279-04-01,2279-01-01,0.0016993933210565,0.0037764296023477775,0.0051158401739345,0.0203068646500695,0.0922765237439125,0.00270527102984488,0.0002816703709835779,0.010777252311760077,0.001217371963430196,0.07583331603076444,0.5644107884465692,0.5583111007168954,0.6209003856596107,1.0852294532168403,1.0843083633641382,0.09290020158305712,0.9923292516337832,0.991408161781081,0.0009210898527021172,0.5644107884465692,1.08522945321684,0.10008595235234441,0.0
main,mlp,2279-07-01,2279-04-01,0.0018164199548992,0.004036488788664889,0.0040609334245867,0.0161450542230554,0.086372965016066,0.004371131118386984,0.00029230922837656634,0.017370217458043014,0.0019670090032741427,0.08825531234574142,0.5834666924256129,0.5796609779633688,0.5727297084031068,1.0874241988960938,1.0868539666233552,1.085815414300652,0.0016087845954417812,0.0010385523227032234,0.0005702322727385578,0.583466703597494,1.0874242005700414,0.0,0.0
main,mlp,2279-10-01,2279-07-01,0.0018092583453308,0.004020574100735111,0.0039706234745618,0.0157881489460538,0.0857967639276147,0.004413022194057703,0.00014504034833021738,0.0175355835779315,0.0019858599873259666,0.08849894670300715,0.5854594484960631,0.5818068917956053,0.5718412650631693,1.087764713416896,1.0872171680781395,1.0857232467204119,0.0020414666964840844,0.0014939213577276345,0.00054754533875645,0.5854594484960631,1.0877647134168955,0.0,0.0
